,date,supplier_name,account_type,supplier_terminal_name,product_name,base_gallons_Daily,base_gallons_Monthly,base_gallons_Weekly,lifted_gallons_daily_flag,lifted_gallons_daily_modified,Modified_WeeksByLiftedGallons,lifted_gallons_modified_WeeksByLiftedGallons,lifted_gallons_Daily,Lifted_actual_monthly,lifted_gallons_monthly_flag,lifted_gallons_Monthly,Lifted_actual_weekly,lifted_gallons_weekly_flag,WeeksByLiftedGallons,lifted_gallonsWeekly_modified_aposteriori,Modified_LiftedGallonsaposteriori,lifted_gallons_Weekly,beginning_gallons_Daily,beginning_gallons_Monthly,beginning_gallons_Weekly,en_allocation_status_Daily,en_allocation_status_Monthly,en_allocation_status_Weekly,percentage_allocation_Daily,percentage_allocation_Monthly,percentage_allocation_Weekly,alerts_ratability_Daily,alerts_ratability_Monthly,alerts_ratability_Weekly,next_refresh_date_Daily,next_refresh_date_Monthly,Week_switch,Modified_NRD,next_refresh_date_Weekly,en_account_type_Daily,en_account_type_Monthly,en_account_type_Weekly,staging_id_Daily,staging_id_Monthly,staging_id_Weekly,base_gallons_Daily_Reconciled,base_gallons_Monthly_Reconciled,base_gallons_Weekly_Reconciled,beginning_gallons_Daily_Reconciled,beginning_gallons_Monthly_Reconciled,beginning_gallons_Weekly_Reconciled,sanityWeekly_CumulativeDaily_WeeksByLiftedGallons,sanityWeekly_CumulativeDaily_NextRefreshDate,computedWeekly,sanityComputedWeekly,computedMonthly,sanityComputedMonthly,sanityMonthly_CumulativeDaily_WeeksByLiftedGallons,sanityMonthly_CumulativeDaily_WeeksByNextRefreshDate
2015-07-01,2015-07-01 00:00:00,Exxon,PILOT TRAVEL CENTERS LLC 103637 IW,HAMMOND IN (MOC) - 00DH,Prem RFG,5181,-1,36265,0,18800,0,18800,18800,-1,0,-1,41906,0,w1,18800,0,41906,7772,-1,50771,Available,-1,Available,150,100,140,Above Trend,-1,On Track,07/02 00:00:00 EDT,-1,w1,0,2015-07-02 00:00:00,Contract,-1,Contract,507939,-1,507940,5181,-1,36265,7772,-1,50771,True,True,18800,False,18800,False,0,0
2015-07-02,2015-07-02 00:00:00,Exxon,PILOT TRAVEL CENTERS LLC 103637 IW,HAMMOND IN (MOC) - 00DH,Prem RFG,5181,-1,36265,3,6500,0,6500,6500,-1,0,-1,6500,0,w2,6500,0,6500,7772,-1,50771,Available,-1,Available,150,100,140,Above Trend,-1,Above Trend,07/03 00:00:00 EDT,-1,w2,0,2015-07-09 00:00:00,Contract,-1,Contract,527014,-1,527015,5181,-1,36265,7772,-1,50771,True,True,6500,True,25300,False,0,0
2015-07-03,2015-07-03 00:00:00,Exxon,PILOT TRAVEL CENTERS LLC 103637 IW,HAMMOND IN (MOC) - 00DH,Prem RFG,5181,-1,36265,3,6407,0,2400,2400,-1,0,-1,8900,0,w2,2400,0,8900,7772,-1,50771,Available,-1,Available,150,100,140,Below Trend,-1,On Track,07/04 00:00:00 EDT,-1,w2,0,2015-07-09 00:00:00,Contract,-1,Contract,534855,-1,534856,5181,-1,36265,7772,-1,50771,True,False,12907,True,31707,False,0,0
2015-07-04,2015-07-04 00:00:00,Exxon,PILOT TRAVEL CENTERS LLC 103637 IW,HAMMOND IN (MOC) - 00DH,Prem RFG,5181,-1,36265,3,10603,1,9210,5203,-1,0,-1,18110,0,w2,5203,0,18110,7772,-1,50771,Available,-1,Available,150,100,140,Above Trend,-1,On Track,07/05 00:00:00 EDT,-1,w2,0,2015-07-09 00:00:00,Contract,-1,Contract,540917,-1,540918,5181,-1,36265,7772,-1,50771,True,False,23510,True,42310,False,0,0
2015-07-05,2015-07-05 00:00:00,Exxon,PILOT TRAVEL CENTERS LLC 103637 IW,HAMMOND IN (MOC) - 00DH,Prem RFG,5181,-1,36265,3,10202,1,10302,4902,-1,0,-1,28412,0,w2,4902,0,28412,7772,-1,50771,Available,-1,Available,150,100,140,Above Trend,-1,On Track,07/06 00:00:00 EDT,-1,w2,0,2015-07-09 00:00:00,Contract,-1,Contract,547360,-1,547361,5181,-1,36265,7772,-1,50771,True,False,33712,True,52512,False,0,0
2015-07-06,2015-07-06 00:00:00,Exxon,PILOT TRAVEL CENTERS LLC 103637 IW,HAMMOND IN (MOC) - 00DH,Prem RFG,5181,-1,36265,3,9800,1,15100,9800,-1,0,-1,43512,0,w2,9800,0,43512,7772,-1,50771,Available,-1,Available,150,100,140,Above Trend,-1,Above Trend,07/07 00:00:00 EDT,-1,w2,0,2015-07-09 00:00:00,Contract,-1,Contract,553676,-1,553677,5181,-1,36265,7772,-1,50771,True,True,43512,True,62312,False,0,0
2015-07-07,2015-07-07 00:00:00,Exxon,PILOT TRAVEL CENTERS LLC 103637 IW,HAMMOND IN (MOC) - 00DH,Prem RFG,5181,-1,36265,3,1250,0,1250,1250,-1,0,-1,44762,0,w2,1250,0,44762,7772,-1,50771,Available,-1,Available,150,100,140,Below Trend,-1,On Track,07/08 00:00:00 EDT,-1,w2,0,2015-07-09 00:00:00,Contract,-1,Contract,566689,-1,566690,5181,-1,36265,7772,-1,50771,True,True,44762,True,63562,False,0,0
2015-07-08,2015-07-08 00:00:00,Exxon,PILOT TRAVEL CENTERS LLC 103637 IW,HAMMOND IN (MOC) - 00DH,Prem RFG,5181,-1,36265,0,7900,0,7900,7900,-1,0,-1,52662,0,w2,7900,0,52662,7772,-1,50771,Available,-1,Available,150,100,140,Above Trend,-1,On Track,07/09 00:00:00 EDT,-1,w2,0,2015-07-09 00:00:00,Contract,-1,Contract,576290,-1,576291,5181,-1,36265,7772,-1,50771,True,True,52662,True,71462,False,0,0
2015-07-09,2015-07-09 00:00:00,Exxon,PILOT TRAVEL CENTERS LLC 103637 IW,HAMMOND IN (MOC) - 00DH,Prem RFG,5181,-1,36265,6,8855,0,-1,-1,-1,0,-1,-1,6,w3,-1,0,8855,5252,-1,50771,-1,-1,-1,100,100,100,-1,-1,-1,-1,-1,w3,1,2015-07-16 00:00:00,-1,-1,-1,-1,-1,-1,5252,-1,50771,5181,-1,36265,True,True,8855,True,80317,False,0,0
2015-07-10,2015-07-10 00:00:00,Exxon,PILOT TRAVEL CENTERS LLC 103637 IW,HAMMOND IN (MOC) - 00DH,Prem RFG,5181,-1,36265,3,9700,0,9700,9700,-1,0,-1,18555,0,w3,9700,0,18555,7772,-1,50771,Out,-1,Out,150,100,140,Above Trend,-1,Above Trend,07/11 00:00:00 EDT,-1,w3,0,2015-07-16 00:00:00,Contract,-1,Contract,609297,-1,609298,5181,-1,36265,7772,-1,50771,False,True,18555,True,90017,False,0,0
2015-07-11,2015-07-11 00:00:00,Exxon,PILOT TRAVEL CENTERS LLC 103637 IW,HAMMOND IN (MOC) - 00DH,Prem RFG,5181,-1,36265,3,4000,0,4000,4000,-1,0,-1,22555,0,w3,4000,0,22555,7772,-1,50771,Available,-1,Available,150,100,140,Below Trend,-1,On Track,07/12 00:00:00 EDT,-1,w3,0,2015-07-16 00:00:00,Contract,-1,Contract,637911,-1,637912,5181,-1,36265,7772,-1,50771,False,True,22555,True,94017,False,0,0
2015-07-12,2015-07-12 00:00:00,Exxon,PILOT TRAVEL CENTERS LLC 103637 IW,HAMMOND IN (MOC) - 00DH,Prem RFG,5181,-1,36265,3,1200,0,1200,1200,-1,0,-1,23755,0,w3,1200,0,23755,7772,-1,50771,Available,-1,Available,150,100,140,Below Trend,-1,On Track,07/13 00:00:00 EDT,-1,w3,0,2015-07-16 00:00:00,Contract,-1,Contract,667325,-1,667326,5181,-1,36265,7772,-1,50771,False,True,23755,True,95217,False,0,0
2015-07-13,2015-07-13 00:00:00,Exxon,PILOT TRAVEL CENTERS LLC 103637 IW,HAMMOND IN (MOC) - 00DH,Prem RFG,5181,-1,36265,3,4803,0,4803,4803,-1,0,-1,28558,0,w3,4803,0,28558,7772,-1,50771,Available,-1,Available,150,100,140,Below Trend,-1,Below Trend,07/14 00:00:00 EDT,-1,w3,0,2015-07-16 00:00:00,Contract,-1,Contract,697921,-1,697922,5181,-1,36265,7772,-1,50771,False,True,28558,True,100020,False,0,0
2015-07-14,2015-07-14 00:00:00,Exxon,PILOT TRAVEL CENTERS LLC 103637 IW,HAMMOND IN (MOC) - 00DH,Prem RFG,5181,-1,36265,3,3200,0,3200,3200,-1,0,-1,31758,0,w3,3200,0,31758,7772,-1,50771,Available,-1,Available,150,100,140,Below Trend,-1,Below Trend,07/15 00:00:00 EDT,-1,w3,0,2015-07-16 00:00:00,Contract,-1,Contract,730811,-1,730812,5181,-1,36265,7772,-1,50771,False,True,31758,True,103220,False,0,0
2015-07-15,2015-07-15 00:00:00,Exxon,PILOT TRAVEL CENTERS LLC 103637 IW,HAMMOND IN (MOC) - 00DH,Prem RFG,5181,-1,36265,0,9500,0,9500,9500,-1,0,-1,41258,0,w3,9500,0,41258,7772,-1,50771,Out,-1,Out,150,100,140,Above Trend,-1,On Track,07/16 00:00:00 EDT,-1,w3,0,2015-07-16 00:00:00,Contract,-1,Contract,756285,-1,756286,5181,-1,36265,7772,-1,50771,False,True,41258,True,112720,False,0,0
2015-07-16,2015-07-16 00:00:00,Exxon,PILOT TRAVEL CENTERS LLC 103637 IW,HAMMOND IN (MOC) - 00DH,Prem RFG,5181,-1,36265,3,4700,0,4700,4700,-1,0,-1,4700,0,w4,4700,0,4700,7772,-1,50771,Available,-1,Available,150,100,140,Below Trend,-1,Below Trend,07/17 00:00:00 EDT,-1,w4,0,2015-07-23 00:00:00,Contract,-1,Contract,788564,-1,788565,5181,-1,36265,7772,-1,50771,True,True,4700,True,117420,False,0,0
2015-07-17,2015-07-17 00:00:00,Exxon,PILOT TRAVEL CENTERS LLC 103637 IW,HAMMOND IN (MOC) - 00DH,Prem RFG,5181,-1,36265,3,3700,0,0,0,-1,0,-1,4700,0,w4,0,0,4700,7772,-1,50771,Available,-1,Available,150,100,140,Below Trend,-1,Below Trend,07/18 00:00:00 EDT,-1,w4,0,2015-07-23 00:00:00,Contract,-1,Contract,821611,-1,821612,5181,-1,36265,7772,-1,50771,True,False,8400,True,121120,False,0,0
2015-07-18,2015-07-18 00:00:00,Exxon,PILOT TRAVEL CENTERS LLC 103637 IW,HAMMOND IN (MOC) - 00DH,Prem RFG,5181,-1,36265,3,1001,1,4701,1001,-1,0,-1,9401,0,w4,1001,0,9401,7772,-1,50771,Available,-1,Available,150,100,140,Below Trend,-1,Below Trend,07/19 00:00:00 EDT,-1,w4,0,2015-07-23 00:00:00,Contract,-1,Contract,852073,-1,852074,5181,-1,36265,7772,-1,50771,True,True,9401,True,122121,False,0,0
2015-07-19,2015-07-19 00:00:00,Exxon,PILOT TRAVEL CENTERS LLC 103637 IW,HAMMOND IN (MOC) - 00DH,Prem RFG,5181,-1,36265,3,4703,0,4703,4703,-1,0,-1,14104,0,w4,4703,0,14104,7772,-1,50771,Available,-1,Available,150,100,140,Below Trend,-1,Below Trend,07/20 00:00:00 EDT,-1,w4,0,2015-07-23 00:00:00,Contract,-1,Contract,883334,-1,883335,5181,-1,36265,7772,-1,50771,True,True,14104,True,126824,False,0,0
2015-07-20,2015-07-20 00:00:00,Exxon,PILOT TRAVEL CENTERS LLC 103637 IW,HAMMOND IN (MOC) - 00DH,Prem RFG,5181,-1,36265,3,5803,0,5803,5803,-1,0,-1,19907,0,w4,5803,0,19907,7772,-1,50771,Available,-1,Available,150,100,140,Below Trend,-1,Below Trend,07/21 00:00:00 EDT,-1,w4,0,2015-07-23 00:00:00,Contract,-1,Contract,913700,-1,913701,5181,-1,36265,7772,-1,50771,True,True,19907,True,132627,False,0,0
2015-07-21,2015-07-21 00:00:00,Exxon,PILOT TRAVEL CENTERS LLC 103637 IW,HAMMOND IN (MOC) - 00DH,Prem RFG,5181,-1,36265,3,5403,0,5403,5403,-1,0,-1,25310,0,w4,5403,0,25310,7772,-1,50771,Available,-1,Available,150,100,140,Below Trend,-1,Below Trend,07/22 00:00:00 EDT,-1,w4,0,2015-07-23 00:00:00,Contract,-1,Contract,942887,-1,942888,5181,-1,36265,7772,-1,50771,True,True,25310,True,138030,False,0,0
2015-07-22,2015-07-22 00:00:00,Exxon,PILOT TRAVEL CENTERS LLC 103637 IW,HAMMOND IN (MOC) - 00DH,Prem RFG,5181,-1,36265,0,1200,0,1200,1200,-1,0,-1,26510,0,w4,1200,0,26510,7772,-1,50771,Available,-1,Available,150,100,140,Below Trend,-1,Below Trend,07/23 00:00:00 EDT,-1,w4,0,2015-07-23 00:00:00,Contract,-1,Contract,976316,-1,976317,5181,-1,36265,7772,-1,50771,True,True,26510,True,139230,False,0,0
2015-07-23,2015-07-23 00:00:00,Exxon,PILOT TRAVEL CENTERS LLC 103637 IW,HAMMOND IN (MOC) - 00DH,Prem RFG,5181,-1,36265,3,12300,0,12300,12300,-1,0,-1,12300,0,w5,12300,0,12300,7772,-1,50771,Out,-1,Out,150,100,140,Above Trend,-1,Above Trend,07/24 00:00:00 EDT,-1,w5,0,2015-07-30 00:00:00,Contract,-1,Contract,1002980,-1,1002981,5181,-1,36265,7772,-1,50771,True,True,12300,True,151530,False,0,0
2015-07-24,2015-07-24 00:00:00,Exxon,PILOT TRAVEL CENTERS LLC 103637 IW,HAMMOND IN (MOC) - 00DH,Prem RFG,5181,-1,36265,3,9200,0,9200,9200,-1,0,-1,21500,0,w5,9200,0,21500,7772,-1,50771,Out,-1,Out,150,100,140,On Track,-1,Above Trend,07/25 00:00:00 EDT,-1,w5,0,2015-07-30 00:00:00,Contract,-1,Contract,1033225,-1,1033226,5181,-1,36265,7772,-1,50771,True,True,21500,True,160730,False,0,0
2015-07-25,2015-07-25 00:00:00,Exxon,PILOT TRAVEL CENTERS LLC 103637 IW,HAMMOND IN (MOC) - 00DH,Prem RFG,5181,-1,36265,3,4200,0,4200,4200,-1,0,-1,25700,0,w5,4200,0,25700,7772,-1,50771,Available,-1,Available,150,100,140,Below Trend,-1,On Track,07/26 00:00:00 EDT,-1,w5,0,2015-07-30 00:00:00,Contract,-1,Contract,1063535,-1,1063536,5181,-1,36265,7772,-1,50771,True,True,25700,True,164930,False,0,0
2015-07-26,2015-07-26 00:00:00,Exxon,PILOT TRAVEL CENTERS LLC 103637 IW,HAMMOND IN (MOC) - 00DH,Prem RFG,5181,-1,36265,3,4003,0,4003,4003,-1,0,-1,29703,0,w5,4003,0,29703,7772,-1,50771,Available,-1,Available,150,100,140,Below Trend,-1,On Track,07/27 00:00:00 EDT,-1,w5,0,2015-07-30 00:00:00,Contract,-1,Contract,1093590,-1,1093591,5181,-1,36265,7772,-1,50771,True,True,29703,True,168933,False,0,0
2015-07-27,2015-07-27 00:00:00,Exxon,PILOT TRAVEL CENTERS LLC 103637 IW,HAMMOND IN (MOC) - 00DH,Prem RFG,5181,-1,36265,3,3301,0,3301,3301,-1,0,-1,33004,0,w5,3301,0,33004,7772,-1,50771,Available,-1,Available,150,100,140,Below Trend,-1,On Track,07/28 00:00:00 EDT,-1,w5,0,2015-07-30 00:00:00,Contract,-1,Contract,1123901,-1,1123902,5181,-1,36265,7772,-1,50771,True,True,33004,True,172234,False,0,0
2015-07-28,2015-07-28 00:00:00,Exxon,PILOT TRAVEL CENTERS LLC 103637 IW,HAMMOND IN (MOC) - 00DH,Prem RFG,5181,-1,36265,3,2803,0,2803,2803,-1,0,-1,35807,0,w5,2803,0,35807,7772,-1,50771,Available,-1,Available,150,100,140,Below Trend,-1,On Track,07/29 00:00:00 EDT,-1,w5,0,2015-07-30 00:00:00,Contract,-1,Contract,1154211,-1,1154212,5181,-1,36265,7772,-1,50771,True,True,35807,True,175037,False,0,0
2015-07-29,2015-07-29 00:00:00,Exxon,PILOT TRAVEL CENTERS LLC 103637 IW,HAMMOND IN (MOC) - 00DH,Prem RFG,5181,-1,36265,0,5100,0,5100,5100,-1,0,-1,40907,0,w5,5100,0,40907,7772,-1,50771,Available,-1,Available,150,100,140,Below Trend,-1,On Track,07/30 00:00:00 EDT,-1,w5,0,2015-07-30 00:00:00,Contract,-1,Contract,1183500,-1,1183501,5181,-1,36265,7772,-1,50771,True,True,40907,True,180137,False,0,0
2015-07-30,2015-07-30 00:00:00,Exxon,PILOT TRAVEL CENTERS LLC 103637 IW,HAMMOND IN (MOC) - 00DH,Prem RFG,5181,-1,36265,0,9700,0,9700,9700,-1,0,-1,9700,0,w6,9700,0,9700,7772,-1,50771,Out,-1,Out,150,100,140,Above Trend,-1,Above Trend,07/31 00:00:00 EDT,-1,w6,0,2015-08-06 00:00:00,Contract,-1,Contract,1214832,-1,1214833,5181,-1,36265,7772,-1,50771,True,True,9700,False,189837,False,0,0
2015-07-31,2015-07-31 00:00:00,Exxon,PILOT TRAVEL CENTERS LLC 103637 IW,HAMMOND IN (MOC) - 00DH,Prem RFG,5181,-1,36265,0,3401,1,-1,3401,-1,0,-1,-1,0,w7,3401,0,-1,5252,-1,50771,Available,-1,-1,100,100,100,Below Trend,-1,-1,08/01 00:00:00 EDT,-1,w6,1,2015-08-06 00:00:00,Contract,-1,-1,1245015,-1,-1,5252,-1,50771,5181,-1,36265,True,False,13101,False,193238,False,0,0
