,date,supplier_name,account_type,supplier_terminal_name,product_name,base_gallons_Daily,base_gallons_Monthly,base_gallons_Weekly,lifted_gallons_daily_flag,lifted_gallons_daily_modified,Modified_WeeksByLiftedGallons,lifted_gallons_modified_WeeksByLiftedGallons,lifted_gallons_Daily,Lifted_actual_monthly,lifted_gallons_monthly_flag,lifted_gallons_Monthly,Lifted_actual_weekly,lifted_gallons_weekly_flag,WeeksByLiftedGallons,lifted_gallonsWeekly_modified_aposteriori,Modified_LiftedGallonsaposteriori,lifted_gallons_Weekly,beginning_gallons_Daily,beginning_gallons_Monthly,beginning_gallons_Weekly,en_allocation_status_Daily,en_allocation_status_Monthly,en_allocation_status_Weekly,percentage_allocation_Daily,percentage_allocation_Monthly,percentage_allocation_Weekly,alerts_ratability_Daily,alerts_ratability_Monthly,alerts_ratability_Weekly,next_refresh_date_Daily,next_refresh_date_Monthly,Week_switch,Modified_NRD,next_refresh_date_Weekly,en_account_type_Daily,en_account_type_Monthly,en_account_type_Weekly,staging_id_Daily,staging_id_Monthly,staging_id_Weekly,base_gallons_Daily_Reconciled,base_gallons_Monthly_Reconciled,base_gallons_Weekly_Reconciled,beginning_gallons_Daily_Reconciled,beginning_gallons_Monthly_Reconciled,beginning_gallons_Weekly_Reconciled,sanityWeekly_CumulativeDaily_WeeksByLiftedGallons,sanityWeekly_CumulativeDaily_NextRefreshDate,computedWeekly,sanityComputedWeekly,computedMonthly,sanityComputedMonthly,sanityMonthly_CumulativeDaily_WeeksByLiftedGallons,sanityMonthly_CumulativeDaily_WeeksByNextRefreshDate
2015-07-01,2015-07-01 00:00:00,Exxon,PILOT TRAVEL CENTERS LLC 103637 IW,VERNON CA (MOC) - 00N6,Prem RFG,182,-1,1272,0,900,0,900,900,-1,0,-1,1800,0,w1,900,0,1800,182,-1,1272,Out,-1,Out,100,100,100,Above Trend,-1,Above Trend,07/02 00:00:00 PDT,-1,w1,0,2015-07-02 00:00:00,Contract,-1,Contract,507955,-1,507956,182,-1,1272,182,-1,1272,True,True,900,False,0,0,0,0
2015-07-02,2015-07-02 00:00:00,Exxon,PILOT TRAVEL CENTERS LLC 103637 IW,VERNON CA (MOC) - 00N6,Prem RFG,182,-1,1272,3,0,0,0,0,-1,0,-1,0,0,w2,0,0,0,182,-1,1272,Available,-1,Available,100,100,100,Below Trend,-1,Below Trend,07/03 00:00:00 PDT,-1,w2,0,2015-07-09 00:00:00,Contract,-1,Contract,527030,-1,527031,182,-1,1272,182,-1,1272,True,True,0,True,0,0,0,0
2015-07-03,2015-07-03 00:00:00,Exxon,PILOT TRAVEL CENTERS LLC 103637 IW,VERNON CA (MOC) - 00N6,Prem RFG,182,-1,1272,3,0,0,0,0,-1,0,-1,0,0,w2,0,0,0,182,-1,1272,Available,-1,Available,100,100,100,Below Trend,-1,Below Trend,07/04 00:00:00 PDT,-1,w2,0,2015-07-09 00:00:00,Contract,-1,Contract,534871,-1,534872,182,-1,1272,182,-1,1272,True,True,0,True,0,0,0,0
2015-07-04,2015-07-04 00:00:00,Exxon,PILOT TRAVEL CENTERS LLC 103637 IW,VERNON CA (MOC) - 00N6,Prem RFG,182,-1,1272,3,900,0,900,900,-1,0,-1,900,0,w2,900,0,900,182,-1,1272,Out,-1,Out,100,100,100,Above Trend,-1,Above Trend,07/05 00:00:00 PDT,-1,w2,0,2015-07-09 00:00:00,Contract,-1,Contract,540933,-1,540934,182,-1,1272,182,-1,1272,True,True,900,True,0,0,0,0
2015-07-05,2015-07-05 00:00:00,Exxon,PILOT TRAVEL CENTERS LLC 103637 IW,VERNON CA (MOC) - 00N6,Prem RFG,182,-1,1272,3,0,0,0,0,-1,0,-1,900,0,w2,0,0,900,182,-1,1272,Available,-1,Available,100,100,100,Below Trend,-1,Above Trend,07/06 00:00:00 PDT,-1,w2,0,2015-07-09 00:00:00,Contract,-1,Contract,547376,-1,547377,182,-1,1272,182,-1,1272,True,True,900,True,0,0,0,0
2015-07-06,2015-07-06 00:00:00,Exxon,PILOT TRAVEL CENTERS LLC 103637 IW,VERNON CA (MOC) - 00N6,Prem RFG,182,-1,1272,3,1100,0,0,0,-1,0,-1,900,0,w2,0,0,900,182,-1,1272,Available,-1,Available,100,100,100,Below Trend,-1,On Track,07/07 00:00:00 PDT,-1,w2,0,2015-07-09 00:00:00,Contract,-1,Contract,553692,-1,553693,182,-1,1272,182,-1,1272,True,False,2000,True,0,0,0,0
2015-07-07,2015-07-07 00:00:00,Exxon,PILOT TRAVEL CENTERS LLC 103637 IW,VERNON CA (MOC) - 00N6,Prem RFG,182,-1,1272,3,0,1,1100,0,-1,0,-1,2000,0,w2,0,0,2000,182,-1,1272,Out,-1,Out,100,100,100,Below Trend,-1,Above Trend,07/08 00:00:00 PDT,-1,w2,0,2015-07-09 00:00:00,Contract,-1,Contract,566706,-1,566707,182,-1,1272,182,-1,1272,True,True,2000,True,0,0,0,0
2015-07-08,2015-07-08 00:00:00,Exxon,PILOT TRAVEL CENTERS LLC 103637 IW,VERNON CA (MOC) - 00N6,Prem RFG,182,-1,1272,0,0,0,0,0,-1,0,-1,2000,0,w2,0,0,2000,182,-1,1272,Out,-1,Out,100,100,100,Below Trend,-1,Above Trend,07/09 00:00:00 PDT,-1,w2,0,2015-07-09 00:00:00,Contract,-1,Contract,576307,-1,576308,182,-1,1272,182,-1,1272,True,True,2000,True,0,0,0,0
2015-07-09,2015-07-09 00:00:00,Exxon,PILOT TRAVEL CENTERS LLC 103637 IW,VERNON CA (MOC) - 00N6,Prem RFG,182,-1,1272,6,2700,0,-1,-1,-1,0,-1,-1,6,w3,-1,0,2700,182,-1,1272,-1,-1,-1,100,100,100,-1,-1,-1,-1,-1,w3,1,2015-07-16 00:00:00,-1,-1,-1,-1,-1,-1,182,-1,1272,182,-1,1272,True,True,2700,True,0,0,0,0
2015-07-10,2015-07-10 00:00:00,Exxon,PILOT TRAVEL CENTERS LLC 103637 IW,VERNON CA (MOC) - 00N6,Prem RFG,182,-1,1272,3,0,0,0,0,-1,0,-1,2700,0,w3,0,0,2700,182,-1,1272,Out,-1,Out,100,100,100,Below Trend,-1,Above Trend,07/11 00:00:00 PDT,-1,w3,0,2015-07-16 00:00:00,Contract,-1,Contract,609313,-1,609314,182,-1,1272,182,-1,1272,False,True,2700,True,0,0,0,0
2015-07-11,2015-07-11 00:00:00,Exxon,PILOT TRAVEL CENTERS LLC 103637 IW,VERNON CA (MOC) - 00N6,Prem RFG,182,-1,1272,3,0,0,0,0,-1,0,-1,2700,0,w3,0,0,2700,182,-1,1272,Out,-1,Out,100,100,100,Below Trend,-1,Above Trend,07/12 00:00:00 PDT,-1,w3,0,2015-07-16 00:00:00,Contract,-1,Contract,637927,-1,637928,182,-1,1272,182,-1,1272,False,True,2700,True,0,0,0,0
2015-07-12,2015-07-12 00:00:00,Exxon,PILOT TRAVEL CENTERS LLC 103637 IW,VERNON CA (MOC) - 00N6,Prem RFG,182,-1,1272,3,0,0,0,0,-1,0,-1,2700,0,w3,0,0,2700,182,-1,1272,Out,-1,Out,100,100,100,Below Trend,-1,Above Trend,07/13 00:00:00 PDT,-1,w3,0,2015-07-16 00:00:00,Contract,-1,Contract,667341,-1,667342,182,-1,1272,182,-1,1272,False,True,2700,True,0,0,0,0
2015-07-13,2015-07-13 00:00:00,Exxon,PILOT TRAVEL CENTERS LLC 103637 IW,VERNON CA (MOC) - 00N6,Prem RFG,182,-1,1272,3,0,0,0,0,-1,0,-1,2700,0,w3,0,0,2700,182,-1,1272,Out,-1,Out,100,100,100,Below Trend,-1,Above Trend,07/14 00:00:00 PDT,-1,w3,0,2015-07-16 00:00:00,Contract,-1,Contract,697936,-1,697937,182,-1,1272,182,-1,1272,False,True,2700,True,0,0,0,0
2015-07-14,2015-07-14 00:00:00,Exxon,PILOT TRAVEL CENTERS LLC 103637 IW,VERNON CA (MOC) - 00N6,Prem RFG,182,-1,1272,3,0,0,0,0,-1,0,-1,2700,0,w3,0,0,2700,182,-1,1272,Out,-1,Out,100,100,100,Below Trend,-1,Above Trend,07/15 00:00:00 PDT,-1,w3,0,2015-07-16 00:00:00,Contract,-1,Contract,730827,-1,730828,182,-1,1272,182,-1,1272,False,True,2700,True,0,0,0,0
2015-07-15,2015-07-15 00:00:00,Exxon,PILOT TRAVEL CENTERS LLC 103637 IW,VERNON CA (MOC) - 00N6,Prem RFG,182,-1,1272,0,0,0,0,0,-1,0,-1,2700,0,w3,0,0,2700,182,-1,1272,Out,-1,Out,100,100,100,Below Trend,-1,Above Trend,07/16 00:00:00 PDT,-1,w3,0,2015-07-16 00:00:00,Contract,-1,Contract,756301,-1,756302,182,-1,1272,182,-1,1272,False,True,2700,True,0,0,0,0
2015-07-16,2015-07-16 00:00:00,Exxon,PILOT TRAVEL CENTERS LLC 103637 IW,VERNON CA (MOC) - 00N6,Prem RFG,182,-1,1272,3,0,0,0,0,-1,0,-1,0,0,w4,0,0,0,182,-1,1272,Available,-1,Available,100,100,100,Below Trend,-1,Below Trend,07/17 00:00:00 PDT,-1,w4,0,2015-07-23 00:00:00,Contract,-1,Contract,788580,-1,788581,182,-1,1272,182,-1,1272,True,True,0,True,0,0,0,0
2015-07-17,2015-07-17 00:00:00,Exxon,PILOT TRAVEL CENTERS LLC 103637 IW,VERNON CA (MOC) - 00N6,Prem RFG,182,-1,1272,3,0,0,0,0,-1,0,-1,0,0,w4,0,0,0,182,-1,1272,Available,-1,Available,100,100,100,Below Trend,-1,Below Trend,07/18 00:00:00 PDT,-1,w4,0,2015-07-23 00:00:00,Contract,-1,Contract,821627,-1,821628,182,-1,1272,182,-1,1272,True,True,0,True,0,0,0,0
2015-07-18,2015-07-18 00:00:00,Exxon,PILOT TRAVEL CENTERS LLC 103637 IW,VERNON CA (MOC) - 00N6,Prem RFG,182,-1,1272,3,0,0,0,0,-1,0,-1,0,0,w4,0,0,0,182,-1,1272,Available,-1,Available,100,100,100,Below Trend,-1,Below Trend,07/19 00:00:00 PDT,-1,w4,0,2015-07-23 00:00:00,Contract,-1,Contract,852089,-1,852090,182,-1,1272,182,-1,1272,True,True,0,True,0,0,0,0
2015-07-19,2015-07-19 00:00:00,Exxon,PILOT TRAVEL CENTERS LLC 103637 IW,VERNON CA (MOC) - 00N6,Prem RFG,182,-1,1272,3,0,0,0,0,-1,0,-1,0,0,w4,0,0,0,182,-1,1272,Available,-1,Available,100,100,100,Below Trend,-1,Below Trend,07/20 00:00:00 PDT,-1,w4,0,2015-07-23 00:00:00,Contract,-1,Contract,883350,-1,883351,182,-1,1272,182,-1,1272,True,True,0,True,0,0,0,0
2015-07-20,2015-07-20 00:00:00,Exxon,PILOT TRAVEL CENTERS LLC 103637 IW,VERNON CA (MOC) - 00N6,Prem RFG,182,-1,1272,3,0,0,0,0,-1,0,-1,0,0,w4,0,0,0,182,-1,1272,Available,-1,Available,100,100,100,Below Trend,-1,Below Trend,07/21 00:00:00 PDT,-1,w4,0,2015-07-23 00:00:00,Contract,-1,Contract,913716,-1,913717,182,-1,1272,182,-1,1272,True,True,0,True,0,0,0,0
2015-07-21,2015-07-21 00:00:00,Exxon,PILOT TRAVEL CENTERS LLC 103637 IW,VERNON CA (MOC) - 00N6,Prem RFG,182,-1,1272,3,0,0,0,0,-1,0,-1,0,0,w4,0,0,0,182,-1,1272,Available,-1,Available,100,100,100,Below Trend,-1,Below Trend,07/22 00:00:00 PDT,-1,w4,0,2015-07-23 00:00:00,Contract,-1,Contract,942903,-1,942904,182,-1,1272,182,-1,1272,True,True,0,True,0,0,0,0
2015-07-22,2015-07-22 00:00:00,Exxon,PILOT TRAVEL CENTERS LLC 103637 IW,VERNON CA (MOC) - 00N6,Prem RFG,182,-1,1272,0,900,0,900,900,-1,0,-1,900,0,w4,900,0,900,182,-1,1272,Out,-1,Out,100,100,100,Above Trend,-1,Below Trend,07/23 00:00:00 PDT,-1,w4,0,2015-07-23 00:00:00,Contract,-1,Contract,976332,-1,976333,182,-1,1272,182,-1,1272,True,True,900,True,0,0,0,0
2015-07-23,2015-07-23 00:00:00,Exxon,PILOT TRAVEL CENTERS LLC 103637 IW,VERNON CA (MOC) - 00N6,Prem RFG,182,-1,1272,3,1100,1,200,1100,-1,0,-1,1100,0,w4,1100,0,1100,182,-1,1272,Out,-1,Out,100,100,100,Above Trend,-1,Above Trend,07/24 00:00:00 PDT,-1,w5,0,2015-07-30 00:00:00,Contract,-1,Contract,1002996,-1,1002997,182,-1,1272,182,-1,1272,True,True,0,0,0,0,0,0
2015-07-24,2015-07-24 00:00:00,Exxon,PILOT TRAVEL CENTERS LLC 103637 IW,VERNON CA (MOC) - 00N6,Prem RFG,182,-1,1272,3,0,0,0,0,-1,0,-1,1100,0,w4,0,0,1100,182,-1,1272,Available,-1,Available,100,100,100,Below Trend,-1,Above Trend,07/25 00:00:00 PDT,-1,w5,0,2015-07-30 00:00:00,Contract,-1,Contract,1033242,-1,1033243,182,-1,1272,182,-1,1272,True,True,0,0,0,0,0,0
2015-07-25,2015-07-25 00:00:00,Exxon,PILOT TRAVEL CENTERS LLC 103637 IW,VERNON CA (MOC) - 00N6,Prem RFG,182,-1,1272,3,0,0,0,0,-1,0,-1,1100,0,w4,0,0,1100,182,-1,1272,Available,-1,Available,100,100,100,Below Trend,-1,Above Trend,07/26 00:00:00 PDT,-1,w5,0,2015-07-30 00:00:00,Contract,-1,Contract,1063552,-1,1063553,182,-1,1272,182,-1,1272,True,True,0,0,0,0,0,0
2015-07-26,2015-07-26 00:00:00,Exxon,PILOT TRAVEL CENTERS LLC 103637 IW,VERNON CA (MOC) - 00N6,Prem RFG,182,-1,1272,0,0,0,0,0,-1,0,-1,1100,0,w4,0,0,1100,182,-1,1272,Available,-1,Available,100,100,100,Below Trend,-1,Above Trend,07/27 00:00:00 PDT,-1,w5,0,2015-07-30 00:00:00,Contract,-1,Contract,1093607,-1,1093608,182,-1,1272,182,-1,1272,True,True,0,0,0,0,0,0
2015-07-27,2015-07-27 00:00:00,Exxon,PILOT TRAVEL CENTERS LLC 103637 IW,VERNON CA (MOC) - 00N6,Prem RFG,182,-1,1272,0,-1,0,-1,-1,-1,0,-1,-1,0,w5,-1,0,-1,182,-1,1272,-1,-1,-1,100,100,100,-1,-1,-1,-1,-1,w5,1,2015-07-30 00:00:00,-1,-1,-1,-1,-1,-1,182,-1,1272,182,-1,1272,True,False,0,0,0,0,0,0
2015-07-28,2015-07-28 00:00:00,Exxon,PILOT TRAVEL CENTERS LLC 103637 IW,VERNON CA (MOC) - 00N6,Prem RFG,182,-1,1272,0,-1,0,-1,-1,-1,0,-1,-1,0,w5,-1,0,-1,182,-1,1272,-1,-1,-1,100,100,100,-1,-1,-1,-1,-1,w5,1,2015-07-30 00:00:00,-1,-1,-1,-1,-1,-1,182,-1,1272,182,-1,1272,False,False,0,0,0,0,0,0
2015-07-29,2015-07-29 00:00:00,Exxon,PILOT TRAVEL CENTERS LLC 103637 IW,VERNON CA (MOC) - 00N6,Prem RFG,182,-1,1272,0,-1,0,-1,-1,-1,0,-1,-1,0,w5,-1,0,-1,182,-1,1272,-1,-1,-1,100,100,100,-1,-1,-1,-1,-1,w5,1,2015-07-30 00:00:00,-1,-1,-1,-1,-1,-1,182,-1,1272,182,-1,1272,False,False,0,0,0,0,0,0
2015-07-30,2015-07-30 00:00:00,Exxon,PILOT TRAVEL CENTERS LLC 103637 IW,VERNON CA (MOC) - 00N6,Prem RFG,182,-1,1272,0,-1,0,-1,-1,-1,0,-1,-1,0,w5,-1,0,-1,182,-1,1272,-1,-1,-1,100,100,100,-1,-1,-1,-1,-1,w6,1,2015-08-06 00:00:00,-1,-1,-1,-1,-1,-1,182,-1,1272,182,-1,1272,False,True,0,0,0,0,0,0
2015-07-31,2015-07-31 00:00:00,Exxon,PILOT TRAVEL CENTERS LLC 103637 IW,VERNON CA (MOC) - 00N6,Prem RFG,182,-1,1272,0,-1,0,-1,-1,-1,0,-1,-1,0,w5,-1,0,-1,182,-1,1272,-1,-1,-1,100,100,100,-1,-1,-1,-1,-1,w6,1,2015-08-06 00:00:00,-1,-1,-1,-1,-1,-1,182,-1,1272,182,-1,1272,False,False,0,0,0,0,0,0
