,date,supplier_name,account_type,supplier_terminal_name,product_name,base_gallons_Daily,base_gallons_Monthly,base_gallons_Weekly,lifted_gallons_daily_flag,lifted_gallons_daily_modified,Modified_WeeksByLiftedGallons,lifted_gallons_modified_WeeksByLiftedGallons,lifted_gallons_Daily,Lifted_actual_monthly,lifted_gallons_monthly_flag,lifted_gallons_Monthly,Lifted_actual_weekly,lifted_gallons_weekly_flag,WeeksByLiftedGallons,lifted_gallonsWeekly_modified_aposteriori,Modified_LiftedGallonsaposteriori,lifted_gallons_Weekly,beginning_gallons_Daily,beginning_gallons_Monthly,beginning_gallons_Weekly,en_allocation_status_Daily,en_allocation_status_Monthly,en_allocation_status_Weekly,percentage_allocation_Daily,percentage_allocation_Monthly,percentage_allocation_Weekly,alerts_ratability_Daily,alerts_ratability_Monthly,alerts_ratability_Weekly,next_refresh_date_Daily,next_refresh_date_Monthly,Week_switch,Modified_NRD,next_refresh_date_Weekly,en_account_type_Daily,en_account_type_Monthly,en_account_type_Weekly,staging_id_Daily,staging_id_Monthly,staging_id_Weekly,base_gallons_Daily_Reconciled,base_gallons_Monthly_Reconciled,base_gallons_Weekly_Reconciled,beginning_gallons_Daily_Reconciled,beginning_gallons_Monthly_Reconciled,beginning_gallons_Weekly_Reconciled,sanityWeekly_CumulativeDaily_WeeksByLiftedGallons,sanityWeekly_CumulativeDaily_NextRefreshDate,computedWeekly,sanityComputedWeekly,computedMonthly,sanityComputedMonthly,sanityMonthly_CumulativeDaily_WeeksByLiftedGallons,sanityMonthly_CumulativeDaily_WeeksByNextRefreshDate
2015-07-01,2015-07-01 00:00:00,Exxon,PILOT TRAVEL CENTERS LLC 103637 IW,COLTON CA KM TP - 00WM,Regular RFG,6895,-1,48264,0,0,0,0,0,-1,0,-1,96018,0,w1,0,0,96018,8619,-1,53090,Out,-1,Out,125,100,110,Below Trend,-1,Above Trend,07/02 00:00:00 PDT,-1,w1,0,2015-07-02 00:00:00,Contract,-1,Contract,507934,-1,507935,6895,-1,48264,8619,-1,53090,True,True,0,False,0,True,0,0
2015-07-02,2015-07-02 00:00:00,Exxon,PILOT TRAVEL CENTERS LLC 103637 IW,COLTON CA KM TP - 00WM,Regular RFG,6895,-1,48264,3,11899,0,11899,11899,-1,0,-1,11899,0,w2,11899,0,11899,8619,-1,53090,Out,-1,Out,125,100,110,Above Trend,-1,Above Trend,07/03 00:00:00 PDT,-1,w2,0,2015-07-09 00:00:00,Contract,-1,Contract,527009,-1,527010,6895,-1,48264,8619,-1,53090,True,True,11899,True,11899,True,0,0
2015-07-03,2015-07-03 00:00:00,Exxon,PILOT TRAVEL CENTERS LLC 103637 IW,COLTON CA KM TP - 00WM,Regular RFG,6895,-1,48264,3,16206,0,16206,16206,-1,0,-1,28105,0,w2,16206,0,28105,8619,-1,53090,Out,-1,Out,125,100,110,Above Trend,-1,Above Trend,07/04 00:00:00 PDT,-1,w2,0,2015-07-09 00:00:00,Contract,-1,Contract,534850,-1,534851,6895,-1,48264,8619,-1,53090,True,True,28105,True,28105,True,0,0
2015-07-04,2015-07-04 00:00:00,Exxon,PILOT TRAVEL CENTERS LLC 103637 IW,COLTON CA KM TP - 00WM,Regular RFG,6895,-1,48264,3,13900,0,5400,5400,-1,0,-1,33505,0,w2,5400,0,33505,8619,-1,53090,Available,-1,Available,125,100,110,Above Trend,-1,Above Trend,07/05 00:00:00 PDT,-1,w2,0,2015-07-09 00:00:00,Contract,-1,Contract,540912,-1,540913,6895,-1,48264,8619,-1,53090,True,False,42005,True,42005,True,0,0
2015-07-05,2015-07-05 00:00:00,Exxon,PILOT TRAVEL CENTERS LLC 103637 IW,COLTON CA KM TP - 00WM,Regular RFG,6895,-1,48264,3,7300,1,15800,7300,-1,0,-1,49305,0,w2,7300,0,49305,6895,-1,48264,Out,-1,Out,100,100,100,Above Trend,-1,Above Trend,07/06 00:00:00 PDT,-1,w2,0,2015-07-09 00:00:00,Contract,-1,Contract,547355,-1,547356,6895,-1,48264,6895,-1,48264,True,True,49305,True,49305,True,0,0
2015-07-06,2015-07-06 00:00:00,Exxon,PILOT TRAVEL CENTERS LLC 103637 IW,COLTON CA KM TP - 00WM,Regular RFG,6895,-1,48264,3,8502,0,0,0,-1,0,-1,49305,0,w2,0,0,49305,6895,-1,48264,Out,-1,Out,100,100,100,Below Trend,-1,Above Trend,07/07 00:00:00 PDT,-1,w2,0,2015-07-09 00:00:00,Contract,-1,Contract,553671,-1,553672,6895,-1,48264,6895,-1,48264,True,False,57807,True,57807,True,0,0
2015-07-07,2015-07-07 00:00:00,Exxon,PILOT TRAVEL CENTERS LLC 103637 IW,COLTON CA KM TP - 00WM,Regular RFG,6895,-1,48264,3,0,1,8502,0,-1,0,-1,57807,0,w2,0,0,57807,8619,-1,53090,Out,-1,Out,125,100,110,Below Trend,-1,Above Trend,07/08 00:00:00 PDT,-1,w2,0,2015-07-09 00:00:00,Contract,-1,Contract,566684,-1,566685,6895,-1,48264,8619,-1,53090,True,True,57807,True,57807,True,0,0
2015-07-08,2015-07-08 00:00:00,Exxon,PILOT TRAVEL CENTERS LLC 103637 IW,COLTON CA KM TP - 00WM,Regular RFG,6895,-1,48264,0,0,0,0,0,-1,0,-1,57807,0,w2,0,0,57807,8619,-1,53090,Out,-1,Out,125,100,110,Below Trend,-1,On Track,07/09 00:00:00 PDT,-1,w2,0,2015-07-09 00:00:00,Contract,-1,Contract,576285,-1,576286,6895,-1,48264,8619,-1,53090,True,True,57807,True,57807,True,0,0
2015-07-09,2015-07-09 00:00:00,Exxon,PILOT TRAVEL CENTERS LLC 103637 IW,COLTON CA KM TP - 00WM,Regular RFG,6895,213740,48264,6,15810,0,-1,-1,-1,0,-1,-1,6,w3,-1,0,15810,6895,213740,48264,-1,-1,-1,100,100,100,-1,-1,-1,-1,-1,w3,1,2015-07-16 00:00:00,-1,-1,-1,-1,-1,-1,6895,213740,48264,6895,213740,48264,True,True,15810,True,73617,True,0,0
2015-07-10,2015-07-10 00:00:00,Exxon,PILOT TRAVEL CENTERS LLC 103637 IW,COLTON CA KM TP - 00WM,Regular RFG,6895,-1,48264,3,0,0,0,0,-1,0,-1,15810,0,w3,0,0,15810,6895,-1,48264,Available,-1,Available,100,100,100,Below Trend,-1,Above Trend,07/11 00:00:00 PDT,-1,w3,0,2015-07-16 00:00:00,Contract,-1,Contract,609292,-1,609293,6895,-1,48264,6895,-1,48264,False,True,15810,True,73617,True,0,0
2015-07-11,2015-07-11 00:00:00,Exxon,PILOT TRAVEL CENTERS LLC 103637 IW,COLTON CA KM TP - 00WM,Regular RFG,6895,-1,48264,3,9400,0,9400,9400,-1,0,-1,25210,0,w3,9400,0,25210,6895,-1,48264,Out,-1,Out,100,100,100,Above Trend,-1,Above Trend,07/12 00:00:00 PDT,-1,w3,0,2015-07-16 00:00:00,Contract,-1,Contract,637906,-1,637907,6895,-1,48264,6895,-1,48264,False,True,25210,True,83017,True,0,0
2015-07-12,2015-07-12 00:00:00,Exxon,PILOT TRAVEL CENTERS LLC 103637 IW,COLTON CA KM TP - 00WM,Regular RFG,6895,-1,48264,3,10412,0,10412,10412,-1,0,-1,35622,0,w3,10412,0,35622,6895,-1,48264,Out,-1,Out,100,100,100,Above Trend,-1,Above Trend,07/13 00:00:00 PDT,-1,w3,0,2015-07-16 00:00:00,Contract,-1,Contract,667320,-1,667321,6895,-1,48264,6895,-1,48264,False,True,35622,True,93429,True,0,0
2015-07-13,2015-07-13 00:00:00,Exxon,PILOT TRAVEL CENTERS LLC 103637 IW,COLTON CA KM TP - 00WM,Regular RFG,6895,-1,48264,3,13507,0,13507,13507,-1,0,-1,49129,0,w3,13507,0,49129,6895,-1,48264,Out,-1,Out,100,100,100,Above Trend,-1,Above Trend,07/14 00:00:00 PDT,-1,w3,0,2015-07-16 00:00:00,Contract,-1,Contract,697916,-1,697917,6895,-1,48264,6895,-1,48264,False,True,49129,True,106936,True,0,0
2015-07-14,2015-07-14 00:00:00,Exxon,PILOT TRAVEL CENTERS LLC 103637 IW,COLTON CA KM TP - 00WM,Regular RFG,6895,-1,48264,3,0,0,0,0,-1,0,-1,49129,0,w3,0,0,49129,6895,-1,48264,Out,-1,Out,100,100,100,Below Trend,-1,Above Trend,07/15 00:00:00 PDT,-1,w3,0,2015-07-16 00:00:00,Contract,-1,Contract,730805,-1,730806,6895,-1,48264,6895,-1,48264,False,True,49129,True,106936,True,0,0
2015-07-15,2015-07-15 00:00:00,Exxon,PILOT TRAVEL CENTERS LLC 103637 IW,COLTON CA KM TP - 00WM,Regular RFG,6895,-1,48264,0,0,0,0,0,-1,0,-1,49129,0,w3,0,0,49129,6895,-1,48264,Out,-1,Out,100,100,100,Below Trend,-1,On Track,07/16 00:00:00 PDT,-1,w3,0,2015-07-16 00:00:00,Contract,-1,Contract,756279,-1,756280,6895,-1,48264,6895,-1,48264,False,True,49129,True,106936,True,0,0
2015-07-16,2015-07-16 00:00:00,Exxon,PILOT TRAVEL CENTERS LLC 103637 IW,COLTON CA KM TP - 00WM,Regular RFG,6895,-1,48264,3,8401,0,8401,8401,-1,0,-1,8401,0,w4,8401,0,8401,6895,-1,48264,Out,-1,Out,100,100,100,Above Trend,-1,Above Trend,07/17 00:00:00 PDT,-1,w4,0,2015-07-23 00:00:00,Contract,-1,Contract,788558,-1,788559,6895,-1,48264,6895,-1,48264,True,True,8401,True,115337,True,0,0
2015-07-17,2015-07-17 00:00:00,Exxon,PILOT TRAVEL CENTERS LLC 103637 IW,COLTON CA KM TP - 00WM,Regular RFG,6895,-1,48264,3,7707,0,7707,7707,-1,0,-1,16108,0,w4,7707,0,16108,6895,-1,48264,Out,-1,Out,100,100,100,Above Trend,-1,Above Trend,07/18 00:00:00 PDT,-1,w4,0,2015-07-23 00:00:00,Contract,-1,Contract,821605,-1,821606,6895,-1,48264,6895,-1,48264,True,True,16108,True,123044,True,0,0
2015-07-18,2015-07-18 00:00:00,Exxon,PILOT TRAVEL CENTERS LLC 103637 IW,COLTON CA KM TP - 00WM,Regular RFG,6895,-1,48264,3,12307,0,12307,12307,-1,0,-1,28415,0,w4,12307,0,28415,6895,-1,48264,Out,-1,Out,100,100,100,Above Trend,-1,Above Trend,07/19 00:00:00 PDT,-1,w4,0,2015-07-23 00:00:00,Contract,-1,Contract,852067,-1,852068,6895,-1,48264,6895,-1,48264,True,True,28415,True,135351,True,0,0
2015-07-19,2015-07-19 00:00:00,Exxon,PILOT TRAVEL CENTERS LLC 103637 IW,COLTON CA KM TP - 00WM,Regular RFG,6895,-1,48264,3,8502,0,8502,8502,-1,0,-1,36917,0,w4,8502,0,36917,6895,-1,48264,Out,-1,Out,100,100,100,Above Trend,-1,Above Trend,07/20 00:00:00 PDT,-1,w4,0,2015-07-23 00:00:00,Contract,-1,Contract,883328,-1,883329,6895,-1,48264,6895,-1,48264,True,True,36917,True,143853,True,0,0
2015-07-20,2015-07-20 00:00:00,Exxon,PILOT TRAVEL CENTERS LLC 103637 IW,COLTON CA KM TP - 00WM,Regular RFG,6895,-1,48264,3,7300,0,7300,7300,-1,0,-1,44217,0,w4,7300,0,44217,6895,-1,48264,Out,-1,Out,100,100,100,Above Trend,-1,Above Trend,07/21 00:00:00 PDT,-1,w4,0,2015-07-23 00:00:00,Contract,-1,Contract,913694,-1,913695,6895,-1,48264,6895,-1,48264,True,True,44217,True,151153,True,0,0
2015-07-21,2015-07-21 00:00:00,Exxon,PILOT TRAVEL CENTERS LLC 103637 IW,COLTON CA KM TP - 00WM,Regular RFG,6895,-1,48264,3,12100,0,12100,12100,-1,0,-1,56317,0,w4,12100,0,56317,6895,-1,48264,Out,-1,Out,100,100,100,Above Trend,-1,Above Trend,07/22 00:00:00 PDT,-1,w4,0,2015-07-23 00:00:00,Contract,-1,Contract,942881,-1,942882,6895,-1,48264,6895,-1,48264,True,True,56317,True,163253,True,0,0
2015-07-22,2015-07-22 00:00:00,Exxon,PILOT TRAVEL CENTERS LLC 103637 IW,COLTON CA KM TP - 00WM,Regular RFG,6895,-1,48264,0,0,0,0,0,-1,0,-1,56317,0,w4,0,0,56317,6895,-1,48264,Out,-1,Out,100,100,100,Below Trend,-1,On Track,07/23 00:00:00 PDT,-1,w4,0,2015-07-23 00:00:00,Contract,-1,Contract,976310,-1,976311,6895,-1,48264,6895,-1,48264,True,True,56317,True,163253,True,0,0
2015-07-23,2015-07-23 00:00:00,Exxon,PILOT TRAVEL CENTERS LLC 103637 IW,COLTON CA KM TP - 00WM,Regular RFG,6895,-1,48264,3,19010,0,19010,19010,-1,0,-1,19010,0,w5,19010,0,19010,6895,-1,48264,Out,-1,Out,100,100,100,Above Trend,-1,Above Trend,07/24 00:00:00 PDT,-1,w5,0,2015-07-30 00:00:00,Contract,-1,Contract,1002974,-1,1002975,6895,-1,48264,6895,-1,48264,True,True,19010,True,182263,True,0,0
2015-07-24,2015-07-24 00:00:00,Exxon,PILOT TRAVEL CENTERS LLC 103637 IW,COLTON CA KM TP - 00WM,Regular RFG,6895,-1,48264,3,11211,0,11211,11211,-1,0,-1,30221,0,w5,11211,0,30221,6895,-1,48264,Out,-1,Out,100,100,100,Above Trend,-1,Above Trend,07/25 00:00:00 PDT,-1,w5,0,2015-07-30 00:00:00,Contract,-1,Contract,1033219,-1,1033220,6895,-1,48264,6895,-1,48264,True,True,30221,True,193474,True,0,0
2015-07-25,2015-07-25 00:00:00,Exxon,PILOT TRAVEL CENTERS LLC 103637 IW,COLTON CA KM TP - 00WM,Regular RFG,6895,-1,48264,3,8400,0,8400,8400,-1,0,-1,38621,0,w5,8400,0,38621,6895,-1,48264,Out,-1,Out,100,100,100,Above Trend,-1,Above Trend,07/26 00:00:00 PDT,-1,w5,0,2015-07-30 00:00:00,Contract,-1,Contract,1063529,-1,1063530,6895,-1,48264,6895,-1,48264,True,True,38621,True,201874,True,0,0
2015-07-26,2015-07-26 00:00:00,Exxon,PILOT TRAVEL CENTERS LLC 103637 IW,COLTON CA KM TP - 00WM,Regular RFG,6895,-1,48264,3,7300,0,7300,7300,-1,0,-1,45921,0,w5,7300,0,45921,6895,-1,48264,Out,-1,Out,100,100,100,Above Trend,-1,Above Trend,07/27 00:00:00 PDT,-1,w5,0,2015-07-30 00:00:00,Contract,-1,Contract,1093584,-1,1093585,6895,-1,48264,6895,-1,48264,True,True,45921,True,209174,True,0,0
2015-07-27,2015-07-27 00:00:00,Exxon,PILOT TRAVEL CENTERS LLC 103637 IW,COLTON CA KM TP - 00WM,Regular RFG,6895,-1,48264,3,7300,0,7300,7300,-1,0,-1,53221,0,w5,7300,0,53221,6895,-1,48264,Out,-1,Out,100,100,100,Above Trend,-1,Above Trend,07/28 00:00:00 PDT,-1,w5,0,2015-07-30 00:00:00,Contract,-1,Contract,1123894,-1,1123895,6895,-1,48264,6895,-1,48264,True,True,53221,True,216474,True,0,0
2015-07-28,2015-07-28 00:00:00,Exxon,PILOT TRAVEL CENTERS LLC 103637 IW,COLTON CA KM TP - 00WM,Regular RFG,6895,-1,48264,0,0,0,0,0,-1,0,-1,53221,0,w5,0,0,53221,6895,-1,48264,Out,-1,Out,100,100,100,Below Trend,-1,Above Trend,07/29 00:00:00 PDT,-1,w5,0,2015-07-30 00:00:00,Contract,-1,Contract,1154204,-1,1154205,6895,-1,48264,6895,-1,48264,True,True,53221,True,216474,True,0,0
2015-07-29,2015-07-29 00:00:00,Exxon,PILOT TRAVEL CENTERS LLC 103637 IW,COLTON CA KM TP - 00WM,Regular RFG,6895,213740,48264,1,0,0,0,0,216474,0,216474,53221,1,w5,0,0,53221,6895,213740,48264,Out,Out,Out,100,100,100,Below Trend,On Track,On Track,07/30 00:00:00 PDT,08/01 00:00:00 PDT,w5,0,2015-07-30 00:00:00,Contract,Contract,Contract,1183492,1183494,1183493,6895,213740,48264,6895,213740,48264,True,True,53221,True,216474,True,0,1
2015-07-30,2015-07-30 00:00:00,Exxon,PILOT TRAVEL CENTERS LLC 103637 IW,COLTON CA KM TP - 00WM,Regular RFG,6895,213740,48264,1,0,0,0,0,216474,0,216474,0,1,w6,0,0,0,6895,213740,48264,Out,Out,Out,100,100,100,Below Trend,On Track,Below Trend,07/31 00:00:00 PDT,08/01 00:00:00 PDT,w6,0,2015-08-06 00:00:00,Contract,Contract,Contract,1214825,1214827,1214826,6895,213740,48264,6895,213740,48264,True,True,0,True,216474,True,0,1
2015-07-31,2015-07-31 00:00:00,Exxon,PILOT TRAVEL CENTERS LLC 103637 IW,COLTON CA KM TP - 00WM,Regular RFG,12018,213740,48264,1,0,0,0,0,216474,0,216474,0,1,w6,0,0,0,12018,213740,48264,Out,Out,Out,100,100,100,Below Trend,On Track,Below Trend,08/01 00:00:00 PDT,08/01 00:00:00 PDT,w6,0,2015-08-06 00:00:00,Contract,Contract,Contract,1245008,1245010,1245009,12018,213740,48264,12018,213740,48264,True,True,0,True,216474,True,0,1
