,date,supplier_name,account_type,supplier_terminal_name,product_name,base_gallons_Daily,base_gallons_Monthly,base_gallons_Weekly,lifted_gallons_daily_flag,lifted_gallons_daily_modified,Modified_WeeksByLiftedGallons,lifted_gallons_modified_WeeksByLiftedGallons,lifted_gallons_Daily,Lifted_actual_monthly,lifted_gallons_monthly_flag,lifted_gallons_Monthly,Lifted_actual_weekly,lifted_gallons_weekly_flag,WeeksByLiftedGallons,lifted_gallonsWeekly_modified_aposteriori,Modified_LiftedGallonsaposteriori,lifted_gallons_Weekly,beginning_gallons_Daily,beginning_gallons_Monthly,beginning_gallons_Weekly,en_allocation_status_Daily,en_allocation_status_Monthly,en_allocation_status_Weekly,percentage_allocation_Daily_actual,percentage_allocation_Daily,percentage_allocation_Monthly_actual,percentage_allocation_Monthly,percentage_allocation_Weekly_actual,percentage_allocation_Weekly,alerts_ratability_Daily,alerts_ratability_Monthly,alerts_ratability_Weekly,next_refresh_date_Daily,next_refresh_date_Monthly,Week_switch,Modified_NRD,next_refresh_date_Weekly,en_account_type_Daily,en_account_type_Monthly,en_account_type_Weekly,NRB_Daily,next_refresh_base_gallons_Daily,NRB_Monthly,next_refresh_base_gallons_Monthly,next_refresh_base_gallons_Weekly,remaining_gallons_Daily,remaining_gallons_Monthly,remaining_gallons_Weekly,additional_gallons_allowed_Daily,additional_gallons_allowed_Monthly,additional_gallons_allowed_Weekly,additional_gallons_remaining_Daily,additional_gallons_remaining_Monthly,additional_gallons_remaining_Weekly,staging_id_Daily,staging_id_Monthly,staging_id_Weekly,base_gallons_Daily_Reconciled,base_gallons_Monthly_Reconciled,base_gallons_Weekly_Reconciled,beginning_gallons_Daily_Reconciled,beginning_gallons_Monthly_Reconciled,beginning_gallons_Weekly_Reconciled,sanityWeekly_CumulativeDaily_WeeksByLiftedGallons,sanityWeekly_CumulativeDaily_NextRefreshDate,computedWeekly,sanityComputedWeekly,computedMonthly,sanityComputedMonthly,remaining_gallons_Daily_Reconciled,remaining_gallons_Monthly_Reconciled,remaining_gallons_Weekly_Reconciled,additional_gallons_remaining_Daily_Reconciled,additional_gallons_remaining_Monthly_Reconciled,additional_gallons_remaining_Weekly_Reconciled,sanityMonthly_CumulativeDaily_WeeksByLiftedGallons,sanityMonthly_CumulativeDaily_WeeksByNextRefreshDate
2015-07-01,2015-07-01 00:00:00,Exxon,PILOT TRAVEL CENTERS LLC 103637 IW,LOCKPORT IL (MOC) - 00MD,ULSD,52671,-1,368697,0,81309,0,81309,81309,-1,0,-1,401917,0,w1,81309,0,401917,79007,-1,516176,Out,-1,Out,150%,150,-1,100,140%,140,On Track,-1,Below Trend,07/02 00:00:00 CDT,-1,w1,0,2015-07-02 00:00:00,Contract,-1,Contract,52671,52671,-1,-1,368697,-2303,-1,114259,0,-1,0,0,-1,0,507945,-1,507946,52600,-1,368600,79006,-1,516175,True,True,81309,False,81309,False,-2302,-1,114259,-1,-1,-1,0,0
2015-07-02,2015-07-02 00:00:00,Exxon,PILOT TRAVEL CENTERS LLC 103637 IW,LOCKPORT IL (MOC) - 00MD,ULSD,52671,-1,368697,3,81713,0,59308,59308,-1,0,-1,59308,0,w2,59308,0,59308,79007,-1,516176,Available,-1,Available,150%,150,-1,100,140%,140,Above Trend,-1,Above Trend,07/03 00:00:00 CDT,-1,w2,0,2015-07-09 00:00:00,Contract,-1,Contract,52671,52671,-1,-1,368697,19699,-1,456868,0,-1,0,0,-1,0,527020,-1,527021,52600,-1,368600,79006,-1,516175,True,False,81713,True,163022,False,-2706,-1,456868,-1,-1,-1,0,0
2015-07-03,2015-07-03 00:00:00,Exxon,PILOT TRAVEL CENTERS LLC 103637 IW,LOCKPORT IL (MOC) - 00MD,ULSD,52671,-1,368697,3,52155,1,44858,22453,-1,0,-1,104166,0,w2,22453,0,104166,79007,-1,516176,Available,-1,Available,150%,150,-1,100,140%,140,On Track,-1,On Track,07/04 00:00:00 CDT,-1,w2,0,2015-07-09 00:00:00,Contract,-1,Contract,52671,52671,-1,-1,368697,56554,-1,412010,0,-1,0,0,-1,0,534861,-1,534862,52600,-1,368600,79006,-1,516175,True,False,133868,True,215177,False,26852,-1,412010,-1,-1,-1,0,0
2015-07-04,2015-07-04 00:00:00,Exxon,PILOT TRAVEL CENTERS LLC 103637 IW,LOCKPORT IL (MOC) - 00MD,ULSD,52671,-1,368697,3,22502,1,37204,7502,-1,0,-1,141370,0,w2,7502,0,141370,79007,-1,516176,Available,-1,Available,150%,150,-1,100,140%,140,Below Trend,-1,On Track,07/05 00:00:00 CDT,-1,w2,0,2015-07-09 00:00:00,Contract,-1,Contract,52671,52671,-1,-1,368697,71505,-1,374806,0,-1,0,0,-1,0,540923,-1,540924,52600,-1,368600,79006,-1,516175,True,False,156370,True,237679,False,56505,-1,374806,-1,-1,-1,0,0
2015-07-05,2015-07-05 00:00:00,Exxon,PILOT TRAVEL CENTERS LLC 103637 IW,LOCKPORT IL (MOC) - 00MD,ULSD,52671,-1,368697,3,7401,1,22401,7401,-1,0,-1,163771,0,w2,7401,0,163771,79007,-1,516176,Available,-1,Available,150%,150,-1,100,140%,140,Below Trend,-1,Below Trend,07/06 00:00:00 CDT,-1,w2,0,2015-07-09 00:00:00,Contract,-1,Contract,52671,52671,-1,-1,368697,71606,-1,352405,0,-1,0,0,-1,0,547366,-1,547367,52600,-1,368600,79006,-1,516175,True,True,163771,True,245080,False,71606,-1,352405,-1,-1,-1,0,0
2015-07-06,2015-07-06 00:00:00,Exxon,PILOT TRAVEL CENTERS LLC 103637 IW,LOCKPORT IL (MOC) - 00MD,ULSD,52671,-1,368697,3,51705,0,7402,7402,-1,0,-1,171173,0,w2,7402,0,171173,79007,-1,516176,Available,-1,Available,150%,150,-1,100,140%,140,Below Trend,-1,Below Trend,07/07 00:00:00 CDT,-1,w2,0,2015-07-09 00:00:00,Contract,-1,Contract,52671,52671,-1,-1,368697,71605,-1,345003,0,-1,0,0,-1,0,553682,-1,553683,52600,-1,368600,79006,-1,516175,True,False,215476,True,296785,False,27302,-1,345003,-1,-1,-1,0,0
2015-07-07,2015-07-07 00:00:00,Exxon,PILOT TRAVEL CENTERS LLC 103637 IW,LOCKPORT IL (MOC) - 00MD,ULSD,52671,-1,368697,3,81559,1,111212,66909,-1,0,-1,282385,0,w2,66909,0,282385,79007,-1,516176,Available,-1,Available,150%,150,-1,100,140%,140,On Track,-1,Below Trend,07/08 00:00:00 CDT,-1,w2,0,2015-07-09 00:00:00,Contract,-1,Contract,52671,52671,-1,-1,368697,12098,-1,233791,0,-1,0,0,-1,0,566695,-1,566696,52600,-1,368600,79006,-1,516175,True,False,297035,True,378344,False,-2552,-1,233791,-1,-1,-1,0,0
2015-07-08,2015-07-08 00:00:00,Exxon,PILOT TRAVEL CENTERS LLC 103637 IW,LOCKPORT IL (MOC) - 00MD,ULSD,52671,-1,368697,0,29905,1,44555,29905,-1,0,-1,326940,0,w2,29905,0,326940,79007,-1,516176,Available,-1,Available,150%,150,-1,100,140%,140,Below Trend,-1,Below Trend,07/09 00:00:00 CDT,-1,w2,0,2015-07-09 00:00:00,Contract,-1,Contract,52671,52671,-1,-1,368697,49102,-1,189236,0,-1,0,0,-1,0,576296,-1,576297,52600,-1,368600,79006,-1,516175,True,True,326940,True,408249,False,49102,-1,189236,-1,-1,-1,0,0
2015-07-09,2015-07-09 00:00:00,Exxon,PILOT TRAVEL CENTERS LLC 103637 IW,LOCKPORT IL (MOC) - 00MD,ULSD,-1,-1,-1,6,74470,0,-1,-1,-1,0,-1,-1,6,w3,-1,0,74470,-1,-1,-1,-1,-1,-1,-1,150,-1,100,-1,140,-1,-1,-1,-1,-1,w3,1,2015-07-16 00:00:00,-1,-1,-1,52671,-1,-1,-1,-1,-1,-1,-1,-1,-1,-1,-1,-1,-1,-1,-1,-1,52600,-1,368600,79006,-1,516175,True,True,74470,True,482719,False,-1,-1,-1,-1,-1,-1,0,0
2015-07-10,2015-07-10 00:00:00,Exxon,PILOT TRAVEL CENTERS LLC 103637 IW,LOCKPORT IL (MOC) - 00MD,ULSD,52671,-1,368697,3,74269,0,66863,66863,-1,0,-1,141333,0,w3,66863,0,141333,79007,-1,516176,Available,-1,Available,150%,150,-1,100,140%,140,On Track,-1,On Track,07/11 00:00:00 CDT,-1,w3,0,2015-07-16 00:00:00,Contract,-1,Contract,52671,52671,-1,-1,368697,12144,-1,374843,0,-1,0,0,-1,0,609303,-1,609304,52600,-1,368600,79006,-1,516175,False,False,148739,True,556988,False,4738,-1,374843,-1,-1,-1,0,0
2015-07-11,2015-07-11 00:00:00,Exxon,PILOT TRAVEL CENTERS LLC 103637 IW,LOCKPORT IL (MOC) - 00MD,ULSD,52671,-1,368697,3,51363,1,51363,43957,-1,0,-1,192696,0,w3,43957,0,192696,79007,-1,516176,Available,-1,Available,150%,150,-1,100,140%,140,Below Trend,-1,On Track,07/12 00:00:00 CDT,-1,w3,0,2015-07-16 00:00:00,Contract,-1,Contract,52671,52671,-1,-1,368697,35050,-1,323480,0,-1,0,0,-1,0,637917,-1,637918,52600,-1,368600,79006,-1,516175,False,False,200102,True,608351,False,27644,-1,323480,-1,-1,-1,0,0
2015-07-12,2015-07-12 00:00:00,Exxon,PILOT TRAVEL CENTERS LLC 103637 IW,LOCKPORT IL (MOC) - 00MD,ULSD,52671,-1,368697,3,29450,1,36856,29450,-1,0,-1,229552,0,w3,29450,0,229552,79007,-1,516176,Available,-1,Available,150%,150,-1,100,140%,140,Below Trend,-1,Below Trend,07/13 00:00:00 CDT,-1,w3,0,2015-07-16 00:00:00,Contract,-1,Contract,52671,52671,-1,-1,368697,49557,-1,286624,0,-1,0,0,-1,0,667331,-1,667332,52600,-1,368600,79006,-1,516175,False,True,229552,True,637801,False,49557,-1,286624,-1,-1,-1,0,0
2015-07-13,2015-07-13 00:00:00,Exxon,PILOT TRAVEL CENTERS LLC 103637 IW,LOCKPORT IL (MOC) - 00MD,ULSD,52671,-1,368697,3,59458,0,59458,59458,-1,0,-1,289010,0,w3,59458,0,289010,79007,-1,516176,Available,-1,Available,150%,150,-1,100,140%,140,Below Trend,-1,Below Trend,07/14 00:00:00 CDT,-1,w3,0,2015-07-16 00:00:00,Contract,-1,Contract,52671,52671,-1,-1,368697,19549,-1,227166,0,-1,0,0,-1,0,697926,-1,697927,52600,-1,368600,79006,-1,516175,False,True,289010,True,697259,False,19549,-1,227166,-1,-1,-1,0,0
2015-07-14,2015-07-14 00:00:00,Exxon,PILOT TRAVEL CENTERS LLC 103637 IW,LOCKPORT IL (MOC) - 00MD,ULSD,52671,-1,368697,3,80820,0,80820,80820,-1,0,-1,369830,0,w3,80820,0,369830,79007,-1,516176,Out,-1,Out,150%,150,-1,100,140%,140,On Track,-1,On Track,07/15 00:00:00 CDT,-1,w3,0,2015-07-16 00:00:00,Contract,-1,Contract,52671,52671,-1,-1,368697,-1814,-1,146346,0,-1,0,0,-1,0,730816,-1,730817,52600,-1,368600,79006,-1,516175,False,True,369830,True,778079,False,-1813,-1,146346,-1,-1,-1,0,0
2015-07-15,2015-07-15 00:00:00,Exxon,PILOT TRAVEL CENTERS LLC 103637 IW,LOCKPORT IL (MOC) - 00MD,ULSD,52671,-1,368697,0,67169,0,67169,67169,-1,0,-1,436999,0,w3,67169,0,436999,79007,-1,516176,Available,-1,Available,150%,150,-1,100,140%,140,On Track,-1,On Track,07/16 00:00:00 CDT,-1,w3,0,2015-07-16 00:00:00,Contract,-1,Contract,52671,52671,-1,-1,368697,11838,-1,79177,0,-1,0,0,-1,0,756290,-1,756291,52600,-1,368600,79006,-1,516175,False,True,436999,True,845248,False,11838,-1,79177,-1,-1,-1,0,0
2015-07-16,2015-07-16 00:00:00,Exxon,PILOT TRAVEL CENTERS LLC 103637 IW,LOCKPORT IL (MOC) - 00MD,ULSD,52671,-1,368697,3,74362,0,66958,66958,-1,0,-1,66958,0,w4,66958,0,66958,79007,-1,516176,Available,-1,Available,150%,150,-1,100,140%,140,On Track,-1,On Track,07/17 00:00:00 CDT,-1,w4,0,2015-07-23 00:00:00,Contract,-1,Contract,52671,52671,-1,-1,368697,12049,-1,449218,0,-1,0,0,-1,0,788569,-1,788570,52600,-1,368600,79006,-1,516175,True,False,74362,True,919610,False,4645,-1,449218,-1,-1,-1,0,0
2015-07-17,2015-07-17 00:00:00,Exxon,PILOT TRAVEL CENTERS LLC 103637 IW,LOCKPORT IL (MOC) - 00MD,ULSD,52671,-1,368697,3,52160,1,59564,52160,-1,0,-1,126522,0,w4,52160,0,126522,79007,-1,516176,Available,-1,Available,150%,150,-1,100,140%,140,Below Trend,-1,On Track,07/18 00:00:00 CDT,-1,w4,0,2015-07-23 00:00:00,Contract,-1,Contract,52671,52671,-1,-1,368697,26847,-1,389654,0,-1,0,0,-1,0,821616,-1,821617,52600,-1,368600,79006,-1,516175,True,True,126522,True,971770,False,26847,-1,389654,-1,-1,-1,0,0
2015-07-18,2015-07-18 00:00:00,Exxon,PILOT TRAVEL CENTERS LLC 103637 IW,LOCKPORT IL (MOC) - 00MD,ULSD,52671,-1,368697,3,44557,0,44557,44557,-1,0,-1,171079,0,w4,44557,0,171079,79007,-1,516176,Available,-1,Available,150%,150,-1,100,140%,140,Below Trend,-1,Below Trend,07/19 00:00:00 CDT,-1,w4,0,2015-07-23 00:00:00,Contract,-1,Contract,52671,52671,-1,-1,368697,34450,-1,345097,0,-1,0,0,-1,0,852078,-1,852079,52600,-1,368600,79006,-1,516175,True,True,171079,True,1016327,False,34450,-1,345097,-1,-1,-1,0,0
2015-07-19,2015-07-19 00:00:00,Exxon,PILOT TRAVEL CENTERS LLC 103637 IW,LOCKPORT IL (MOC) - 00MD,ULSD,52671,-1,368697,3,29656,0,29656,29656,-1,0,-1,200735,0,w4,29656,0,200735,79007,-1,516176,Available,-1,Available,150%,150,-1,100,140%,140,Below Trend,-1,Below Trend,07/20 00:00:00 CDT,-1,w4,0,2015-07-23 00:00:00,Contract,-1,Contract,52671,52671,-1,-1,368697,49351,-1,315441,0,-1,0,0,-1,0,883339,-1,883340,52600,-1,368600,79006,-1,516175,True,True,200735,True,1045983,False,49351,-1,315441,-1,-1,-1,0,0
2015-07-20,2015-07-20 00:00:00,Exxon,PILOT TRAVEL CENTERS LLC 103637 IW,LOCKPORT IL (MOC) - 00MD,ULSD,52671,-1,368697,3,74160,0,74160,74160,-1,0,-1,274895,0,w4,74160,0,274895,79007,-1,516176,Available,-1,Available,150%,150,-1,100,140%,140,On Track,-1,Below Trend,07/21 00:00:00 CDT,-1,w4,0,2015-07-23 00:00:00,Contract,-1,Contract,52671,52671,-1,-1,368697,4847,-1,241281,0,-1,0,0,-1,0,913705,-1,913706,52600,-1,368600,79006,-1,516175,True,True,274895,True,1120143,False,4847,-1,241281,-1,-1,-1,0,0
2015-07-21,2015-07-21 00:00:00,Exxon,PILOT TRAVEL CENTERS LLC 103637 IW,LOCKPORT IL (MOC) - 00MD,ULSD,52671,-1,368697,3,66674,0,66674,66674,-1,0,-1,341569,0,w4,66674,0,341569,79007,-1,516176,Available,-1,Available,150%,150,-1,100,140%,140,On Track,-1,Below Trend,07/22 00:00:00 CDT,-1,w4,0,2015-07-23 00:00:00,Contract,-1,Contract,52671,52671,-1,-1,368697,12333,-1,174607,0,-1,0,0,-1,0,942892,-1,942893,52600,-1,368600,79006,-1,516175,True,True,341569,True,1186817,False,12333,-1,174607,-1,-1,-1,0,0
2015-07-22,2015-07-22 00:00:00,Exxon,PILOT TRAVEL CENTERS LLC 103637 IW,LOCKPORT IL (MOC) - 00MD,ULSD,52671,-1,368697,0,67075,0,67075,67075,-1,0,-1,408644,0,w4,67075,0,408644,79007,-1,516176,Available,-1,Available,150%,150,-1,100,140%,140,On Track,-1,Below Trend,07/23 00:00:00 CDT,-1,w4,0,2015-07-23 00:00:00,Contract,-1,Contract,52671,52671,-1,-1,368697,11932,-1,107532,0,-1,0,0,-1,0,976321,-1,976322,52600,-1,368600,79006,-1,516175,True,True,408644,True,1253892,False,11932,-1,107532,-1,-1,-1,0,0
2015-07-23,2015-07-23 00:00:00,Exxon,PILOT TRAVEL CENTERS LLC 103637 IW,LOCKPORT IL (MOC) - 00MD,ULSD,52671,-1,368697,3,81824,0,81824,81824,-1,0,-1,81824,0,w5,81824,0,81824,79007,-1,516176,Out,-1,Out,150%,150,-1,100,140%,140,On Track,-1,On Track,07/24 00:00:00 CDT,-1,w5,0,2015-07-30 00:00:00,Contract,-1,Contract,52671,52671,-1,-1,368697,-2818,-1,434352,0,-1,0,0,-1,0,1002985,-1,1002986,52600,-1,368600,79006,-1,516175,True,True,81824,True,1335716,False,-2817,-1,434352,-1,-1,-1,0,0
2015-07-24,2015-07-24 00:00:00,Exxon,PILOT TRAVEL CENTERS LLC 103637 IW,LOCKPORT IL (MOC) - 00MD,ULSD,52671,-1,368697,3,44717,0,44717,44717,-1,0,-1,126541,0,w5,44717,0,126541,79007,-1,516176,Available,-1,Available,150%,150,-1,100,140%,140,Below Trend,-1,On Track,07/25 00:00:00 CDT,-1,w5,0,2015-07-30 00:00:00,Contract,-1,Contract,52671,52671,-1,-1,368697,34290,-1,389635,0,-1,0,0,-1,0,1033231,-1,1033232,52600,-1,368600,79006,-1,516175,True,True,126541,True,1380433,False,34290,-1,389635,-1,-1,-1,0,0
2015-07-25,2015-07-25 00:00:00,Exxon,PILOT TRAVEL CENTERS LLC 103637 IW,LOCKPORT IL (MOC) - 00MD,ULSD,52671,-1,368697,3,14800,0,14800,14800,-1,0,-1,141341,0,w5,14800,0,141341,79007,-1,516176,Available,-1,Available,150%,150,-1,100,140%,140,Below Trend,-1,Below Trend,07/26 00:00:00 CDT,-1,w5,0,2015-07-30 00:00:00,Contract,-1,Contract,52671,52671,-1,-1,368697,64207,-1,374835,0,-1,0,0,-1,0,1063541,-1,1063542,52600,-1,368600,79006,-1,516175,True,True,141341,True,1395233,False,64207,-1,374835,-1,-1,-1,0,0
2015-07-26,2015-07-26 00:00:00,Exxon,PILOT TRAVEL CENTERS LLC 103637 IW,LOCKPORT IL (MOC) - 00MD,ULSD,52671,-1,368697,3,29755,0,29755,29755,-1,0,-1,171096,0,w5,29755,0,171096,79007,-1,516176,Available,-1,Available,150%,150,-1,100,140%,140,Below Trend,-1,Below Trend,07/27 00:00:00 CDT,-1,w5,0,2015-07-30 00:00:00,Contract,-1,Contract,52671,52671,-1,-1,368697,49252,-1,345080,0,-1,0,0,-1,0,1093596,-1,1093597,52600,-1,368600,79006,-1,516175,True,True,171096,True,1424988,False,49252,-1,345080,-1,-1,-1,0,0
2015-07-27,2015-07-27 00:00:00,Exxon,PILOT TRAVEL CENTERS LLC 103637 IW,LOCKPORT IL (MOC) - 00MD,ULSD,52671,-1,368697,3,44818,0,44818,44818,-1,0,-1,215914,0,w5,44818,0,215914,79007,-1,516176,Available,-1,Available,150%,150,-1,100,140%,140,Below Trend,-1,Below Trend,07/28 00:00:00 CDT,-1,w5,0,2015-07-30 00:00:00,Contract,-1,Contract,52671,52671,-1,-1,368697,34189,-1,300262,0,-1,0,0,-1,0,1123907,-1,1123908,52600,-1,368600,79006,-1,516175,True,True,215914,True,1469806,False,34189,-1,300262,-1,-1,-1,0,0
2015-07-28,2015-07-28 00:00:00,Exxon,PILOT TRAVEL CENTERS LLC 103637 IW,LOCKPORT IL (MOC) - 00MD,ULSD,52671,-1,368697,3,67209,0,67209,67209,-1,0,-1,283123,0,w5,67209,0,283123,79007,-1,516176,Available,-1,Available,150%,150,-1,100,140%,140,On Track,-1,Below Trend,07/29 00:00:00 CDT,-1,w5,0,2015-07-30 00:00:00,Contract,-1,Contract,52671,52671,-1,-1,368697,11798,-1,233053,0,-1,0,0,-1,0,1154217,-1,1154218,52600,-1,368600,79006,-1,516175,True,True,283123,True,1537015,False,11798,-1,233053,-1,-1,-1,0,0
2015-07-29,2015-07-29 00:00:00,Exxon,PILOT TRAVEL CENTERS LLC 103637 IW,LOCKPORT IL (MOC) - 00MD,ULSD,52671,-1,368697,0,81620,0,81620,81620,-1,0,-1,364743,0,w5,81620,0,364743,79007,-1,516176,Out,-1,Out,150%,150,-1,100,140%,140,On Track,-1,Below Trend,07/30 00:00:00 CDT,-1,w5,0,2015-07-30 00:00:00,Contract,-1,Contract,52671,52671,-1,-1,368697,-2614,-1,151433,0,-1,0,0,-1,0,1183506,-1,1183507,52600,-1,368600,79006,-1,516175,True,True,364743,True,1618635,False,-2613,-1,151433,-1,-1,-1,0,0
2015-07-30,2015-07-30 00:00:00,Exxon,PILOT TRAVEL CENTERS LLC 103637 IW,LOCKPORT IL (MOC) - 00MD,ULSD,52671,-1,368697,3,74167,0,74167,74167,-1,0,-1,74167,0,w6,74167,0,74167,79007,-1,516176,Available,-1,Available,150%,150,-1,100,140%,140,On Track,-1,On Track,07/31 00:00:00 CDT,-1,w6,0,2015-08-06 00:00:00,Contract,-1,Contract,42646,45391,-1,-1,317736,4840,-1,442009,0,-1,0,0,-1,0,1214838,-1,1214839,52600,-1,368600,79006,-1,516175,True,True,74167,True,1692802,False,4840,-1,442009,-1,-1,-1,0,0
2015-07-31,2015-07-31 00:00:00,Exxon,PILOT TRAVEL CENTERS LLC 103637 IW,LOCKPORT IL (MOC) - 00MD,ULSD,42646,-1,389226,0,59456,0,59456,59456,-1,0,-1,133623,0,w6,59456,0,133623,63969,-1,544916,Available,-1,Available,150%,150,-1,100,140%,140,On Track,-1,On Track,08/01 00:00:00 CDT,-1,w6,0,2015-08-06 00:00:00,Contract,-1,Contract,65006,65006,-1,-1,337350,4513,-1,411293,0,-1,0,0,-1,0,1245020,-1,1245021,42600,-1,389200,63969,-1,544916,True,True,133623,True,1752258,False,4513,-1,411293,-1,-1,-1,0,0
