,date,supplier_name,account_type,supplier_terminal_name,product_name,base_gallons_Daily,base_gallons_Monthly,base_gallons_Weekly,lifted_gallons_daily_flag,lifted_gallons_daily_modified,Modified_WeeksByLiftedGallons,lifted_gallons_modified_WeeksByLiftedGallons,lifted_gallons_Daily,Lifted_actual_monthly,lifted_gallons_monthly_flag,lifted_gallons_Monthly,Lifted_actual_weekly,lifted_gallons_weekly_flag,WeeksByLiftedGallons,lifted_gallonsWeekly_modified_aposteriori,Modified_LiftedGallonsaposteriori,lifted_gallons_Weekly,beginning_gallons_Daily,beginning_gallons_Monthly,beginning_gallons_Weekly,en_allocation_status_Daily,en_allocation_status_Monthly,en_allocation_status_Weekly,percentage_allocation_Daily_actual,percentage_allocation_Daily,percentage_allocation_Monthly_actual,percentage_allocation_Monthly,percentage_allocation_Weekly_actual,percentage_allocation_Weekly,alerts_ratability_Daily,alerts_ratability_Monthly,alerts_ratability_Weekly,next_refresh_date_Daily,next_refresh_date_Monthly,Week_switch,Modified_NRD,next_refresh_date_Weekly,en_account_type_Daily,en_account_type_Monthly,en_account_type_Weekly,NRB_Daily,next_refresh_base_gallons_Daily,NRB_Monthly,next_refresh_base_gallons_Monthly,next_refresh_base_gallons_Weekly,remaining_gallons_Daily,remaining_gallons_Monthly,remaining_gallons_Weekly,additional_gallons_allowed_Daily,additional_gallons_allowed_Monthly,additional_gallons_allowed_Weekly,additional_gallons_remaining_Daily,additional_gallons_remaining_Monthly,additional_gallons_remaining_Weekly,staging_id_Daily,staging_id_Monthly,staging_id_Weekly,execution_date_Daily,execution_date_Monthly,execution_date_Weekly,base_gallons_Daily_Reconciled,base_gallons_Monthly_Reconciled,base_gallons_Weekly_Reconciled,beginning_gallons_Daily_Reconciled,beginning_gallons_Monthly_Reconciled,beginning_gallons_Weekly_Reconciled,sanityWeekly_CumulativeDaily_WeeksByLiftedGallons,sanityWeekly_CumulativeDaily_NextRefreshDate,computedWeekly,sanityComputedWeekly,computedMonthly,sanityComputedMonthly,remaining_gallons_Daily_Reconciled,remaining_gallons_Monthly_Reconciled,remaining_gallons_Weekly_Reconciled,additional_gallons_remaining_Daily_Reconciled,additional_gallons_remaining_Monthly_Reconciled,additional_gallons_remaining_Weekly_Reconciled,Ratability_Monthly,Ratability_Daily,Ratability_Weekly,sanityMonthly_CumulativeDaily_WeeksByLiftedGallons,sanityMonthly_CumulativeDaily_WeeksByNextRefreshDate
2015-06-01,2015-06-01 00:00:00,Exxon,PILOT TRAVEL CENTERS LLC 103637 IW,VERNON CA (MOC) - 00N6,Prem RFG,-1,-1,-1,0,-1,0,-1,-1,-1,0,-1,-1,0,w1,-1,0,-1,-1,-1,-1,-1,-1,-1,-1,-1,-1,100,-1,-1,-1,-1,-1,-1,-1,w1,1,2015-06-04 00:00:00,-1,-1,-1,368,-1,-1,-1,-1,-1,-1,-1,-1,-1,-1,-1,-1,-1,-1,-1,-1,2015-06-01 00:00:00,2015-06-01 00:00:00,2015-06-01 00:00:00,-1,-1,-1,-1,-1,-1,True,True,0,0,0,0,-1,-1,-1,-1,-1,-1,-1,-1.0,-1,1,1
2015-06-02,2015-06-02 00:00:00,Exxon,PILOT TRAVEL CENTERS LLC 103637 IW,VERNON CA (MOC) - 00N6,Prem RFG,368,-1,2576,3,0,0,0,0,-1,0,-1,8300,0,w1,0,0,8300,368,-1,2576,Out,-1,Out,100%,100,-1,100,100%,100,Below Trend,-1,Above Trend,06/03 00:00:00 PDT,-1,w1,0,2015-06-04 00:00:00,Contract,-1,Contract,368,368,-1,-1,2576,368,-1,-5724,0,-1,0,0,-1,0,282,-1,283,2015-06-02 08:05:05,-1,2015-06-02 08:05:05,300,-1,2500,368,-1,2576,False,False,0,0,0,0,368,-1,-5724,-1,-1,-1,-1,0.0,0,1,1
2015-06-03,2015-06-03 00:00:00,Exxon,PILOT TRAVEL CENTERS LLC 103637 IW,VERNON CA (MOC) - 00N6,Prem RFG,368,-1,2576,0,0,0,0,0,-1,0,-1,8300,0,w1,0,0,8300,368,-1,2576,Out,-1,Out,100%,100,-1,100,100%,100,Below Trend,-1,Above Trend,06/04 00:00:00 PDT,-1,w1,0,2015-06-04 00:00:00,Contract,-1,Contract,368,368,-1,-1,2576,368,-1,-5724,0,-1,0,0,-1,0,5995,-1,5996,2015-06-03 07:40:41,-1,2015-06-03 07:40:41,300,-1,2500,368,-1,2576,False,False,0,0,0,0,368,-1,-5724,-1,-1,-1,-1,0.0,300,1,1
2015-06-04,2015-06-04 00:00:00,Exxon,PILOT TRAVEL CENTERS LLC 103637 IW,VERNON CA (MOC) - 00N6,Prem RFG,368,-1,2576,3,0,0,0,0,-1,0,-1,0,0,w2,0,0,0,368,-1,2576,Available,-1,Available,100%,100,-1,100,100%,100,Below Trend,-1,Below Trend,06/05 00:00:00 PDT,-1,w2,0,2015-06-11 00:00:00,Contract,-1,Contract,368,368,-1,-1,2576,368,-1,2576,0,-1,0,0,-1,0,8710,-1,8711,2015-06-04 05:31:09,-1,2015-06-04 05:31:09,300,-1,2500,368,-1,2576,True,True,0,0,0,0,368,-1,2576,-1,-1,-1,-1,0.0,0,1,1
2015-06-05,2015-06-05 00:00:00,Exxon,PILOT TRAVEL CENTERS LLC 103637 IW,VERNON CA (MOC) - 00N6,Prem RFG,368,-1,2576,0,0,0,0,0,-1,0,-1,0,0,w2,0,0,0,368,-1,2576,Available,-1,Available,100%,100,-1,100,100%,100,Below Trend,-1,Below Trend,06/06 00:00:00 PDT,-1,w2,0,2015-06-11 00:00:00,Contract,-1,Contract,368,368,-1,-1,2576,368,-1,2576,0,-1,0,0,-1,0,12605,-1,12606,2015-06-05 03:39:57,-1,2015-06-05 03:39:57,300,-1,2500,368,-1,2576,True,True,0,0,0,0,368,-1,2576,-1,-1,-1,-1,0.0,0,1,1
2015-06-06,2015-06-06 00:00:00,Exxon,PILOT TRAVEL CENTERS LLC 103637 IW,VERNON CA (MOC) - 00N6,Prem RFG,-1,-1,-1,0,-1,0,-1,-1,-1,0,-1,-1,0,w3,-1,0,-1,-1,-1,-1,-1,-1,-1,-1,100,-1,100,-1,100,-1,-1,-1,-1,-1,w2,1,2015-06-11 00:00:00,-1,-1,-1,368,-1,-1,-1,-1,-1,-1,-1,-1,-1,-1,-1,-1,-1,-1,-1,-1,2015-06-06 00:00:00,2015-06-06 00:00:00,2015-06-06 00:00:00,300,-1,2500,368,-1,2576,True,True,0,0,0,0,-1,-1,-1,-1,-1,-1,-1,-1.0,-1,0,0
2015-06-07,2015-06-07 00:00:00,Exxon,PILOT TRAVEL CENTERS LLC 103637 IW,VERNON CA (MOC) - 00N6,Prem RFG,-1,-1,-1,0,-1,0,-1,-1,-1,0,-1,-1,0,w3,-1,0,-1,-1,-1,-1,-1,-1,-1,-1,100,-1,100,-1,100,-1,-1,-1,-1,-1,w2,1,2015-06-11 00:00:00,-1,-1,-1,368,-1,-1,-1,-1,-1,-1,-1,-1,-1,-1,-1,-1,-1,-1,-1,-1,2015-06-07 00:00:00,2015-06-07 00:00:00,2015-06-07 00:00:00,-1,-1,-1,-1,-1,-1,False,False,0,0,0,0,-1,-1,-1,-1,-1,-1,-1,-1.0,-1,0,0
2015-06-08,2015-06-08 00:00:00,Exxon,PILOT TRAVEL CENTERS LLC 103637 IW,VERNON CA (MOC) - 00N6,Prem RFG,368,-1,2576,3,900,0,900,900,-1,0,-1,2700,0,w3,900,0,2700,368,-1,2576,Out,-1,Out,100%,100,-1,100,100%,100,Above Trend,-1,Above Trend,06/08 00:00:00 PDT,-1,w2,0,2015-06-11 00:00:00,Contract,-1,Contract,368,368,-1,-1,2576,-532,-1,-124,0,-1,0,0,-1,0,15222,-1,15223,2015-06-08 00:45:17,-1,2015-06-08 00:45:17,300,-1,2500,368,-1,2576,False,False,0,0,0,0,-532,-1,-124,-1,-1,-1,-1,0.0,0,0,0
2015-06-09,2015-06-09 00:00:00,Exxon,PILOT TRAVEL CENTERS LLC 103637 IW,VERNON CA (MOC) - 00N6,Prem RFG,368,-1,2576,3,0,0,0,0,-1,0,-1,2700,0,w3,0,0,2700,368,-1,2576,Out,-1,Out,100%,100,-1,100,100%,100,Below Trend,-1,Above Trend,06/10 00:00:00 PDT,-1,w2,0,2015-06-11 00:00:00,Contract,-1,Contract,368,368,-1,-1,2576,368,-1,-124,0,-1,0,0,-1,0,17961,-1,17962,2015-06-09 07:40:00,-1,2015-06-09 07:40:00,300,-1,2500,368,-1,2576,False,False,0,0,0,0,368,-1,-124,-1,-1,-1,-1,0.0,0,0,0
2015-06-10,2015-06-10 00:00:00,Exxon,PILOT TRAVEL CENTERS LLC 103637 IW,VERNON CA (MOC) - 00N6,Prem RFG,368,-1,2576,0,0,0,0,0,-1,0,-1,2700,0,w3,0,0,2700,368,-1,2576,Out,-1,Out,100%,100,-1,100,100%,100,Below Trend,-1,Above Trend,06/10 00:00:00 PDT,-1,w2,0,2015-06-11 00:00:00,Contract,-1,Contract,368,368,-1,-1,2576,368,-1,-124,0,-1,0,0,-1,0,20832,-1,20833,2015-06-10 01:02:46,-1,2015-06-10 01:02:46,300,-1,2500,368,-1,2576,False,False,0,0,0,0,368,-1,-124,-1,-1,-1,-1,0.0,100,0,0
2015-06-11,2015-06-11 00:00:00,Exxon,PILOT TRAVEL CENTERS LLC 103637 IW,VERNON CA (MOC) - 00N6,Prem RFG,368,-1,2576,0,0,0,0,0,-1,0,-1,0,0,w4,0,0,0,368,-1,2576,Available,-1,Available,100%,100,-1,100,100%,100,Below Trend,-1,Below Trend,06/12 00:00:00 PDT,-1,w3,0,2015-06-18 00:00:00,Contract,-1,Contract,368,368,-1,-1,2576,368,-1,2576,0,-1,0,0,-1,0,22299,-1,22300,2015-06-11 06:21:08,-1,2015-06-11 06:21:08,300,-1,2500,368,-1,2576,True,True,0,True,0,0,368,-1,2576,-1,-1,-1,-1,0.0,0,0,0
2015-06-12,2015-06-12 00:00:00,Exxon,PILOT TRAVEL CENTERS LLC 103637 IW,VERNON CA (MOC) - 00N6,Prem RFG,-1,-1,-1,4,1100,0,-1,-1,-1,0,-1,-1,4,w5,-1,0,1100,-1,-1,-1,-1,-1,-1,-1,100,-1,100,-1,100,-1,-1,-1,-1,-1,w3,1,2015-06-18 00:00:00,-1,-1,-1,368,-1,-1,-1,-1,-1,-1,-1,-1,-1,-1,-1,-1,-1,-1,-1,-1,2015-06-12 00:00:00,2015-06-12 00:00:00,2015-06-12 00:00:00,300,-1,2500,368,-1,2576,True,True,1100,True,0,0,-1,-1,-1,-1,-1,-1,-1,0.0,0,0,0
2015-06-13,2015-06-13 00:00:00,Exxon,PILOT TRAVEL CENTERS LLC 103637 IW,VERNON CA (MOC) - 00N6,Prem RFG,368,-1,2576,3,900,0,900,900,-1,0,-1,2000,0,w5,900,0,2000,368,-1,2576,Out,-1,Out,100%,100,-1,100,100%,100,Above Trend,-1,Above Trend,06/14 00:00:00 PDT,-1,w3,0,2015-06-18 00:00:00,Contract,-1,Contract,368,368,-1,-1,2576,-532,-1,576,0,-1,0,0,-1,0,51164,-1,51165,2015-06-13 23:51:33,-1,2015-06-13 23:51:33,300,-1,2500,368,-1,2576,False,True,2000,True,0,0,-532,-1,576,-1,-1,-1,-1,400.0,0,0,0
2015-06-14,2015-06-14 00:00:00,Exxon,PILOT TRAVEL CENTERS LLC 103637 IW,VERNON CA (MOC) - 00N6,Prem RFG,368,-1,2576,3,1100,0,1100,1100,-1,0,-1,3100,0,w5,1100,0,3100,368,-1,2576,Out,-1,Out,100%,100,-1,100,100%,100,Above Trend,-1,Above Trend,06/15 00:00:00 PDT,-1,w3,0,2015-06-18 00:00:00,Contract,-1,Contract,368,368,-1,-1,2576,-732,-1,-524,0,-1,0,0,-1,0,70948,-1,70949,2015-06-14 23:51:41,-1,2015-06-14 23:51:41,300,-1,2500,368,-1,2576,False,True,3100,True,0,0,-732,-1,-524,-1,-1,-1,-1,400.0,0,0,0
2015-06-15,2015-06-15 00:00:00,Exxon,PILOT TRAVEL CENTERS LLC 103637 IW,VERNON CA (MOC) - 00N6,Prem RFG,368,-1,2576,3,0,0,0,0,-1,0,-1,3100,0,w5,0,0,3100,368,-1,2576,Out,-1,Out,100%,100,-1,100,100%,100,Below Trend,-1,Above Trend,06/16 00:00:00 PDT,-1,w3,0,2015-06-18 00:00:00,Contract,-1,Contract,368,368,-1,-1,2576,368,-1,-524,0,-1,0,0,-1,0,100231,-1,100232,2015-06-15 23:48:49,-1,2015-06-15 23:48:49,300,-1,2500,368,-1,2576,False,True,3100,True,0,0,368,-1,-524,-1,-1,-1,-1,0.0,0,0,0
2015-06-16,2015-06-16 00:00:00,Exxon,PILOT TRAVEL CENTERS LLC 103637 IW,VERNON CA (MOC) - 00N6,Prem RFG,368,-1,2576,3,0,0,0,0,-1,0,-1,3100,0,w5,0,0,3100,368,-1,2576,Out,-1,Out,100%,100,-1,100,100%,100,Below Trend,-1,Above Trend,06/17 00:00:00 PDT,-1,w3,0,2015-06-18 00:00:00,Contract,-1,Contract,368,368,-1,-1,2576,368,-1,-524,0,-1,0,0,-1,0,122095,-1,122096,2015-06-16 23:46:47,-1,2015-06-16 23:46:47,300,-1,2500,368,-1,2576,False,True,3100,True,0,0,368,-1,-524,-1,-1,-1,-1,0.0,0,0,0
2015-06-17,2015-06-17 00:00:00,Exxon,PILOT TRAVEL CENTERS LLC 103637 IW,VERNON CA (MOC) - 00N6,Prem RFG,368,-1,2576,0,0,0,0,0,-1,0,-1,3100,0,w5,0,0,3100,368,-1,2576,Out,-1,Out,100%,100,-1,100,100%,100,Below Trend,-1,Above Trend,06/18 00:00:00 PDT,-1,w3,0,2015-06-18 00:00:00,Contract,-1,Contract,368,368,-1,-1,2576,368,-1,-524,0,-1,0,0,-1,0,140703,-1,140704,2015-06-17 23:46:45,-1,2015-06-17 23:46:45,300,-1,2500,368,-1,2576,False,True,3100,True,0,0,368,-1,-524,-1,-1,-1,-1,0.0,100,0,0
2015-06-18,2015-06-18 00:00:00,Exxon,PILOT TRAVEL CENTERS LLC 103637 IW,VERNON CA (MOC) - 00N6,Prem RFG,368,-1,2576,3,0,0,0,0,-1,0,-1,0,0,w6,0,0,0,368,-1,2576,Available,-1,Available,100%,100,-1,100,100%,100,Below Trend,-1,Below Trend,06/19 00:00:00 PDT,-1,w4,0,2015-06-25 00:00:00,Contract,-1,Contract,368,368,-1,-1,2576,368,-1,2576,0,-1,0,0,-1,0,159442,-1,159443,2015-06-18 23:46:53,-1,2015-06-18 23:46:53,300,-1,2500,368,-1,2576,True,True,0,True,0,0,368,-1,2576,-1,-1,-1,-1,0.0,0,0,0
2015-06-19,2015-06-19 00:00:00,Exxon,PILOT TRAVEL CENTERS LLC 103637 IW,VERNON CA (MOC) - 00N6,Prem RFG,368,-1,2576,3,0,0,0,0,-1,0,-1,0,0,w6,0,0,0,368,-1,2576,Available,-1,Available,100%,100,-1,100,100%,100,Below Trend,-1,Below Trend,06/20 00:00:00 PDT,-1,w4,0,2015-06-25 00:00:00,Contract,-1,Contract,368,368,-1,-1,2576,368,-1,2576,0,-1,0,0,-1,0,176132,-1,176133,2015-06-19 23:46:46,-1,2015-06-19 23:46:46,300,-1,2500,368,-1,2576,True,True,0,True,0,0,368,-1,2576,-1,-1,-1,-1,0.0,0,0,0
2015-06-20,2015-06-20 00:00:00,Exxon,PILOT TRAVEL CENTERS LLC 103637 IW,VERNON CA (MOC) - 00N6,Prem RFG,368,-1,2576,3,0,0,0,0,-1,0,-1,0,0,w6,0,0,0,368,-1,2576,Available,-1,Available,100%,100,-1,100,100%,100,Below Trend,-1,Below Trend,06/21 00:00:00 PDT,-1,w4,0,2015-06-25 00:00:00,Contract,-1,Contract,368,368,-1,-1,2576,368,-1,2576,0,-1,0,0,-1,0,190633,-1,190634,2015-06-20 23:46:30,-1,2015-06-20 23:46:30,300,-1,2500,368,-1,2576,True,True,0,True,0,0,368,-1,2576,-1,-1,-1,-1,0.0,0,0,0
2015-06-21,2015-06-21 00:00:00,Exxon,PILOT TRAVEL CENTERS LLC 103637 IW,VERNON CA (MOC) - 00N6,Prem RFG,368,-1,2576,3,0,0,0,0,-1,0,-1,0,0,w6,0,0,0,368,-1,2576,Available,-1,Available,100%,100,-1,100,100%,100,Below Trend,-1,Below Trend,06/22 00:00:00 PDT,-1,w4,0,2015-06-25 00:00:00,Contract,-1,Contract,368,368,-1,-1,2576,368,-1,2576,0,-1,0,0,-1,0,216048,-1,216049,2015-06-21 23:48:38,-1,2015-06-21 23:48:38,300,-1,2500,368,-1,2576,True,True,0,True,0,0,368,-1,2576,-1,-1,-1,-1,0.0,0,0,0
2015-06-22,2015-06-22 00:00:00,Exxon,PILOT TRAVEL CENTERS LLC 103637 IW,VERNON CA (MOC) - 00N6,Prem RFG,368,-1,2576,3,0,0,0,0,-1,0,-1,0,0,w6,0,0,0,368,-1,2576,Available,-1,Available,100%,100,-1,100,100%,100,Below Trend,-1,Below Trend,06/23 00:00:00 PDT,-1,w4,0,2015-06-25 00:00:00,Contract,-1,Contract,368,368,-1,-1,2576,368,-1,2576,0,-1,0,0,-1,0,238709,-1,238710,2015-06-22 23:46:50,-1,2015-06-22 23:46:50,300,-1,2500,368,-1,2576,True,True,0,True,0,0,368,-1,2576,-1,-1,-1,-1,0.0,0,0,0
2015-06-23,2015-06-23 00:00:00,Exxon,PILOT TRAVEL CENTERS LLC 103637 IW,VERNON CA (MOC) - 00N6,Prem RFG,368,-1,2576,3,1100,0,1100,1100,-1,0,-1,1100,0,w6,1100,0,1100,368,-1,2576,Out,-1,Out,100%,100,-1,100,100%,100,Above Trend,-1,Below Trend,06/24 00:00:00 PDT,-1,w4,0,2015-06-25 00:00:00,Contract,-1,Contract,368,368,-1,-1,2576,-732,-1,1476,0,-1,0,0,-1,0,276450,-1,276451,2015-06-23 23:46:36,-1,2015-06-23 23:46:36,300,-1,2500,368,-1,2576,True,True,1100,True,0,0,-732,-1,1476,-1,-1,-1,-1,400.0,0,0,0
2015-06-24,2015-06-24 00:00:00,Exxon,PILOT TRAVEL CENTERS LLC 103637 IW,VERNON CA (MOC) - 00N6,Prem RFG,368,-1,2576,0,0,0,0,0,-1,0,-1,1100,0,w6,0,0,1100,368,-1,2576,Available,-1,Available,100%,100,-1,100,100%,100,Below Trend,-1,Below Trend,06/25 00:00:00 PDT,-1,w4,0,2015-06-25 00:00:00,Contract,-1,Contract,368,368,-1,-1,2576,368,-1,1476,0,-1,0,0,-1,0,307036,-1,307037,2015-06-24 23:47:34,-1,2015-06-24 23:47:34,300,-1,2500,368,-1,2576,True,True,1100,True,0,0,368,-1,1476,-1,-1,-1,-1,0.0,0,0,0
2015-06-25,2015-06-25 00:00:00,Exxon,PILOT TRAVEL CENTERS LLC 103637 IW,VERNON CA (MOC) - 00N6,Prem RFG,368,-1,2576,3,0,0,0,0,-1,0,-1,0,0,w7,0,0,0,368,-1,2576,Available,-1,Available,100%,100,-1,100,100%,100,Below Trend,-1,Below Trend,06/26 00:00:00 PDT,-1,w5,0,2015-07-02 00:00:00,Contract,-1,Contract,368,368,-1,-1,2576,368,-1,2576,0,-1,0,0,-1,0,338462,-1,338463,2015-06-25 23:47:28,-1,2015-06-25 23:47:28,300,-1,2500,368,-1,2576,True,True,0,True,0,0,368,-1,2576,-1,-1,-1,-1,0.0,0,0,0
2015-06-26,2015-06-26 00:00:00,Exxon,PILOT TRAVEL CENTERS LLC 103637 IW,VERNON CA (MOC) - 00N6,Prem RFG,368,-1,2576,3,0,0,0,0,-1,0,-1,0,0,w7,0,0,0,368,-1,2576,Available,-1,Available,100%,100,-1,100,100%,100,Below Trend,-1,Below Trend,06/27 00:00:00 PDT,-1,w5,0,2015-07-02 00:00:00,Contract,-1,Contract,368,368,-1,-1,2576,368,-1,2576,0,-1,0,0,-1,0,367773,-1,367774,2015-06-26 23:47:35,-1,2015-06-26 23:47:35,300,-1,2500,368,-1,2576,True,True,0,True,0,0,368,-1,2576,-1,-1,-1,-1,0.0,0,0,0
2015-06-27,2015-06-27 00:00:00,Exxon,PILOT TRAVEL CENTERS LLC 103637 IW,VERNON CA (MOC) - 00N6,Prem RFG,368,-1,2576,3,0,0,0,0,-1,0,-1,0,0,w7,0,0,0,368,-1,2576,Available,-1,Available,100%,100,-1,100,100%,100,Below Trend,-1,Below Trend,06/28 00:00:00 PDT,-1,w5,0,2015-07-02 00:00:00,Contract,-1,Contract,368,368,-1,-1,2576,368,-1,2576,0,-1,0,0,-1,0,393038,-1,393039,2015-06-27 20:47:34,-1,2015-06-27 20:47:34,300,-1,2500,368,-1,2576,True,True,0,True,0,0,368,-1,2576,-1,-1,-1,-1,0.0,0,0,0
2015-06-28,2015-06-28 00:00:00,Exxon,PILOT TRAVEL CENTERS LLC 103637 IW,VERNON CA (MOC) - 00N6,Prem RFG,368,-1,2576,3,0,0,0,0,-1,0,-1,0,0,w7,0,0,0,368,-1,2576,Available,-1,Available,100%,100,-1,100,100%,100,Below Trend,-1,Below Trend,06/29 00:00:00 PDT,-1,w5,0,2015-07-02 00:00:00,Contract,-1,Contract,368,368,-1,-1,2576,368,-1,2576,0,-1,0,0,-1,0,419089,-1,419090,2015-06-28 23:47:50,-1,2015-06-28 23:47:50,300,-1,2500,368,-1,2576,True,True,0,True,0,0,368,-1,2576,-1,-1,-1,-1,0.0,0,0,0
2015-06-29,2015-06-29 00:00:00,Exxon,PILOT TRAVEL CENTERS LLC 103637 IW,VERNON CA (MOC) - 00N6,Prem RFG,368,-1,2576,3,0,0,0,0,-1,0,-1,0,0,w7,0,0,0,368,-1,2576,Available,-1,Available,100%,100,-1,100,100%,100,Below Trend,-1,Below Trend,06/30 00:00:00 PDT,-1,w5,0,2015-07-02 00:00:00,Contract,-1,Contract,182,182,-1,-1,1273,368,-1,2576,0,-1,0,0,-1,0,449904,-1,449905,2015-06-29 23:47:42,-1,2015-06-29 23:47:42,300,-1,2500,368,-1,2576,True,True,0,True,0,0,368,-1,2576,-1,-1,-1,-1,0.0,0,0,0
2015-06-30,2015-06-30 00:00:00,Exxon,PILOT TRAVEL CENTERS LLC 103637 IW,VERNON CA (MOC) - 00N6,Prem RFG,182,-1,2576,0,900,0,900,900,-1,0,-1,900,0,w7,900,0,900,182,-1,2576,Out,-1,Out,100%,100,-1,100,100%,100,Above Trend,-1,Below Trend,07/01 00:00:00 PDT,-1,w5,0,2015-07-02 00:00:00,Contract,-1,Contract,182,182,-1,-1,1273,-718,-1,1676,0,-1,0,0,-1,0,476572,-1,476573,2015-06-30 23:47:31,-1,2015-06-30 23:47:31,100,-1,2500,182,-1,2576,True,True,900,True,0,0,-718,-1,1676,-1,-1,-1,-1,1200.0,0,0,0
