,date,supplier_name,account_type,supplier_terminal_name,product_name,base_gallons_Daily,base_gallons_Monthly,base_gallons_Weekly,lifted_gallons_daily_flag,lifted_gallons_daily_modified,Modified_WeeksByLiftedGallons,lifted_gallons_modified_WeeksByLiftedGallons,lifted_gallons_Daily,Lifted_actual_monthly,lifted_gallons_monthly_flag,lifted_gallons_Monthly,Lifted_actual_weekly,lifted_gallons_weekly_flag,WeeksByLiftedGallons,lifted_gallonsWeekly_modified_aposteriori,Modified_LiftedGallonsaposteriori,lifted_gallons_Weekly,beginning_gallons_Daily,beginning_gallons_Monthly,beginning_gallons_Weekly,en_allocation_status_Daily,en_allocation_status_Monthly,en_allocation_status_Weekly,percentage_allocation_Daily_actual,percentage_allocation_Daily,percentage_allocation_Monthly_actual,percentage_allocation_Monthly,percentage_allocation_Weekly_actual,percentage_allocation_Weekly,alerts_ratability_Daily,alerts_ratability_Monthly,alerts_ratability_Weekly,next_refresh_date_Daily,next_refresh_date_Monthly,Week_switch,Modified_NRD,next_refresh_date_Weekly,en_account_type_Daily,en_account_type_Monthly,en_account_type_Weekly,NRB_Daily,next_refresh_base_gallons_Daily,NRB_Monthly,next_refresh_base_gallons_Monthly,next_refresh_base_gallons_Weekly,remaining_gallons_Daily,remaining_gallons_Monthly,remaining_gallons_Weekly,additional_gallons_allowed_Daily,additional_gallons_allowed_Monthly,additional_gallons_allowed_Weekly,additional_gallons_remaining_Daily,additional_gallons_remaining_Monthly,additional_gallons_remaining_Weekly,staging_id_Daily,staging_id_Monthly,staging_id_Weekly,execution_date_Daily,execution_date_Monthly,execution_date_Weekly,base_gallons_Daily_Reconciled,base_gallons_Monthly_Reconciled,base_gallons_Weekly_Reconciled,beginning_gallons_Daily_Reconciled,beginning_gallons_Monthly_Reconciled,beginning_gallons_Weekly_Reconciled,sanityWeekly_CumulativeDaily_WeeksByLiftedGallons,sanityWeekly_CumulativeDaily_NextRefreshDate,computedWeekly,sanityComputedWeekly,computedMonthly,sanityComputedMonthly,remaining_gallons_Daily_Reconciled,remaining_gallons_Monthly_Reconciled,remaining_gallons_Weekly_Reconciled,additional_gallons_remaining_Daily_Reconciled,additional_gallons_remaining_Monthly_Reconciled,additional_gallons_remaining_Weekly_Reconciled,Ratability_Monthly,Ratability_Daily,Ratability_Weekly,sanityMonthly_CumulativeDaily_WeeksByLiftedGallons,sanityMonthly_CumulativeDaily_WeeksByNextRefreshDate
2015-06-01,2015-06-01 00:00:00,Exxon,PILOT TRAVEL CENTERS LLC 103637 IW,MEMPHIS TN (MOC) - 00QE,Reg CBOB,-1,-1,-1,0,-1,0,-1,-1,-1,0,-1,-1,0,w1,-1,0,-1,-1,-1,-1,-1,-1,-1,-1,-1,-1,100,-1,-1,-1,-1,-1,-1,-1,w1,1,2015-06-04 00:00:00,-1,-1,-1,32995,-1,-1,-1,-1,-1,-1,-1,-1,-1,-1,-1,-1,-1,-1,-1,-1,2015-06-01 00:00:00,2015-06-01 00:00:00,2015-06-01 00:00:00,-1,-1,-1,-1,-1,-1,True,True,0,0,0,0,-1,-1,-1,-1,-1,-1,-1,-1.0,-1,1,1
2015-06-02,2015-06-02 00:00:00,Exxon,PILOT TRAVEL CENTERS LLC 103637 IW,MEMPHIS TN (MOC) - 00QE,Reg CBOB,32995,-1,-1,0,14750,0,14750,14750,-1,0,-1,-1,0,w1,14750,0,-1,41244,-1,-1,Available,-1,-1,125%,125,-1,100,-1,-1,On Track,-1,-1,06/03 00:00:00 CDT,-1,w1,1,2015-06-04 00:00:00,Contract,-1,-1,32995,32995,-1,-1,-1,26494,-1,-1,0,-1,-1,0,-1,-1,278,-1,-1,2015-06-02 00:00:00,2015-06-02 00:00:00,2015-06-02 00:00:00,32900,-1,-1,41243,-1,-1,False,False,0,0,0,0,26494,-1,-1,-1,-1,-1,-1,0.0,-1,0,0
2015-06-03,2015-06-03 00:00:00,Exxon,PILOT TRAVEL CENTERS LLC 103637 IW,MEMPHIS TN (MOC) - 00QE,Reg CBOB,32995,-1,-1,0,6400,0,6400,6400,-1,0,-1,-1,0,w1,6400,0,-1,41244,-1,-1,Available,-1,-1,125%,125,-1,100,-1,-1,Below Trend,-1,-1,06/04 00:00:00 CDT,-1,w1,1,2015-06-04 00:00:00,Contract,-1,-1,32995,32995,-1,-1,-1,34844,-1,-1,0,-1,-1,0,-1,-1,5991,-1,-1,2015-06-03 00:00:00,2015-06-03 00:00:00,2015-06-03 00:00:00,32900,-1,-1,41243,-1,-1,False,False,0,0,0,0,34844,-1,-1,-1,-1,-1,-1,0.0,-1,0,0
2015-06-04,2015-06-04 00:00:00,Exxon,PILOT TRAVEL CENTERS LLC 103637 IW,MEMPHIS TN (MOC) - 00QE,Reg CBOB,32995,-1,-1,0,5000,0,5000,5000,-1,0,-1,-1,0,w1,5000,0,-1,41244,-1,-1,Available,-1,-1,125%,125,-1,100,-1,-1,Below Trend,-1,-1,06/05 00:00:00 CDT,-1,w2,1,2015-06-11 00:00:00,Contract,-1,-1,32995,32995,-1,-1,-1,36244,-1,-1,0,-1,-1,0,-1,-1,8706,-1,-1,2015-06-04 00:00:00,2015-06-04 00:00:00,2015-06-04 00:00:00,32900,-1,-1,41243,-1,-1,False,False,0,0,0,0,36244,-1,-1,-1,-1,-1,-1,0.0,-1,0,0
2015-06-05,2015-06-05 00:00:00,Exxon,PILOT TRAVEL CENTERS LLC 103637 IW,MEMPHIS TN (MOC) - 00QE,Reg CBOB,32995,-1,-1,0,7400,0,7400,7400,-1,0,-1,-1,0,w1,7400,0,-1,41244,-1,-1,Available,-1,-1,125%,125,-1,100,-1,-1,Above Trend,-1,-1,06/06 00:00:00 CDT,-1,w2,1,2015-06-11 00:00:00,Contract,-1,-1,32995,32995,-1,-1,-1,33844,-1,-1,0,-1,-1,0,-1,-1,12601,-1,-1,2015-06-05 00:00:00,2015-06-05 00:00:00,2015-06-05 00:00:00,32900,-1,-1,41243,-1,-1,False,False,0,0,0,0,33844,-1,-1,-1,-1,-1,-1,0.0,-1,0,0
2015-06-06,2015-06-06 00:00:00,Exxon,PILOT TRAVEL CENTERS LLC 103637 IW,MEMPHIS TN (MOC) - 00QE,Reg CBOB,-1,-1,-1,0,-1,0,-1,-1,-1,0,-1,-1,0,w1,-1,0,-1,-1,-1,-1,-1,-1,-1,-1,125,-1,100,-1,-1,-1,-1,-1,-1,-1,w2,1,2015-06-11 00:00:00,-1,-1,-1,45884,-1,-1,-1,-1,-1,-1,-1,-1,-1,-1,-1,-1,-1,-1,-1,-1,2015-06-06 00:00:00,2015-06-06 00:00:00,2015-06-06 00:00:00,32900,-1,-1,41243,-1,-1,False,False,0,0,0,0,-1,-1,-1,-1,-1,-1,-1,-1.0,-1,0,0
2015-06-07,2015-06-07 00:00:00,Exxon,PILOT TRAVEL CENTERS LLC 103637 IW,MEMPHIS TN (MOC) - 00QE,Reg CBOB,-1,-1,-1,0,-1,0,-1,-1,-1,0,-1,-1,0,w1,-1,0,-1,-1,-1,-1,-1,-1,-1,-1,125,-1,100,-1,-1,-1,-1,-1,-1,-1,w2,1,2015-06-11 00:00:00,-1,-1,-1,32995,-1,-1,-1,-1,-1,-1,-1,-1,-1,-1,-1,-1,-1,-1,-1,-1,2015-06-07 00:00:00,2015-06-07 00:00:00,2015-06-07 00:00:00,-1,-1,-1,-1,-1,-1,False,False,0,0,0,0,-1,-1,-1,-1,-1,-1,-1,-1.0,-1,0,0
2015-06-08,2015-06-08 00:00:00,Exxon,PILOT TRAVEL CENTERS LLC 103637 IW,MEMPHIS TN (MOC) - 00QE,Reg CBOB,32995,-1,-1,0,47403,0,47403,47403,-1,0,-1,-1,0,w1,47403,0,-1,41244,-1,-1,Out,-1,-1,125%,125,-1,100,-1,-1,On Track,-1,-1,06/08 00:00:00 CDT,-1,w2,1,2015-06-11 00:00:00,Contract,-1,-1,32995,32995,-1,-1,-1,-6159,-1,-1,0,-1,-1,0,-1,-1,15218,-1,-1,2015-06-08 00:00:00,2015-06-08 00:00:00,2015-06-08 00:00:00,32900,-1,-1,41243,-1,-1,False,False,0,0,0,0,-6159,-1,-1,-1,-1,-1,-1,0.0,-1,0,0
2015-06-09,2015-06-09 00:00:00,Exxon,PILOT TRAVEL CENTERS LLC 103637 IW,MEMPHIS TN (MOC) - 00QE,Reg CBOB,32995,-1,-1,0,23550,0,23550,23550,-1,0,-1,-1,0,w1,23550,0,-1,19797,-1,-1,Out,-1,-1,60%,60,-1,100,-1,-1,Above Trend,-1,-1,06/10 00:00:00 CDT,-1,w2,1,2015-06-11 00:00:00,Contract,-1,-1,32995,32995,-1,-1,-1,-3753,-1,-1,0,-1,-1,0,-1,-1,17958,-1,-1,2015-06-09 00:00:00,2015-06-09 00:00:00,2015-06-09 00:00:00,32900,-1,-1,19797,-1,-1,False,False,0,0,0,0,-3753,-1,-1,-1,-1,-1,-1,0.0,-1,0,0
2015-06-10,2015-06-10 00:00:00,Exxon,PILOT TRAVEL CENTERS LLC 103637 IW,MEMPHIS TN (MOC) - 00QE,Reg CBOB,32995,-1,-1,0,0,0,0,0,-1,0,-1,-1,0,w1,0,0,-1,32995,-1,-1,Available,-1,-1,100%,100,-1,100,-1,-1,Below Trend,-1,-1,06/11 00:00:00 CDT,-1,w2,1,2015-06-11 00:00:00,Contract,-1,-1,32995,32995,-1,-1,-1,32995,-1,-1,0,-1,-1,0,-1,-1,20828,-1,-1,2015-06-10 00:00:00,2015-06-10 00:00:00,2015-06-10 00:00:00,32900,-1,-1,32995,-1,-1,False,False,0,0,0,0,32995,-1,-1,-1,-1,-1,-1,0.0,-1,0,0
2015-06-11,2015-06-11 00:00:00,Exxon,PILOT TRAVEL CENTERS LLC 103637 IW,MEMPHIS TN (MOC) - 00QE,Reg CBOB,32995,-1,-1,0,8501,0,8501,8501,-1,0,-1,-1,0,w1,8501,0,-1,32995,-1,-1,Available,-1,-1,100%,100,-1,100,-1,-1,On Track,-1,-1,06/12 00:00:00 CDT,-1,w3,1,2015-06-18 00:00:00,Contract,-1,-1,32995,32995,-1,-1,-1,24494,-1,-1,0,-1,-1,0,-1,-1,22294,-1,-1,2015-06-11 00:00:00,2015-06-11 00:00:00,2015-06-11 00:00:00,32900,-1,-1,32995,-1,-1,False,False,0,0,0,0,24494,-1,-1,-1,-1,-1,-1,0.0,-1,0,0
2015-06-12,2015-06-12 00:00:00,Exxon,PILOT TRAVEL CENTERS LLC 103637 IW,MEMPHIS TN (MOC) - 00QE,Reg CBOB,-1,-1,-1,0,-1,0,-1,-1,-1,0,-1,-1,0,w1,-1,0,-1,-1,-1,-1,-1,-1,-1,-1,100,-1,100,-1,-1,-1,-1,-1,-1,-1,w3,1,2015-06-18 00:00:00,-1,-1,-1,32995,-1,-1,-1,-1,-1,-1,-1,-1,-1,-1,-1,-1,-1,-1,-1,-1,2015-06-12 00:00:00,2015-06-12 00:00:00,2015-06-12 00:00:00,32900,-1,-1,32995,-1,-1,False,False,0,0,0,0,-1,-1,-1,-1,-1,-1,-1,-1.0,-1,0,0
2015-06-13,2015-06-13 00:00:00,Exxon,PILOT TRAVEL CENTERS LLC 103637 IW,MEMPHIS TN (MOC) - 00QE,Reg CBOB,32995,-1,-1,0,45100,0,45100,45100,-1,0,-1,-1,0,w1,45100,0,-1,32995,-1,-1,Out,-1,-1,100%,100,-1,100,-1,-1,Above Trend,-1,-1,06/14 00:00:00 CDT,-1,w3,1,2015-06-18 00:00:00,Contract,-1,-1,32995,32995,-1,-1,-1,-12105,-1,-1,0,-1,-1,0,-1,-1,51160,-1,-1,2015-06-13 00:00:00,2015-06-13 00:00:00,2015-06-13 00:00:00,32900,-1,-1,32995,-1,-1,False,False,0,0,0,0,-12105,-1,-1,-1,-1,-1,-1,0.0,-1,0,0
2015-06-14,2015-06-14 00:00:00,Exxon,PILOT TRAVEL CENTERS LLC 103637 IW,MEMPHIS TN (MOC) - 00QE,Reg CBOB,32995,-1,-1,0,39626,0,39626,39626,-1,0,-1,-1,0,w1,39626,0,-1,32995,-1,-1,Out,-1,-1,100%,100,-1,100,-1,-1,Above Trend,-1,-1,06/15 00:00:00 CDT,-1,w3,1,2015-06-18 00:00:00,Contract,-1,-1,32995,32995,-1,-1,-1,-6631,-1,-1,0,-1,-1,0,-1,-1,70944,-1,-1,2015-06-14 00:00:00,2015-06-14 00:00:00,2015-06-14 00:00:00,32900,-1,-1,32995,-1,-1,False,False,0,0,0,0,-6631,-1,-1,-1,-1,-1,-1,0.0,-1,0,0
2015-06-15,2015-06-15 00:00:00,Exxon,PILOT TRAVEL CENTERS LLC 103637 IW,MEMPHIS TN (MOC) - 00QE,Reg CBOB,32995,-1,-1,0,17300,0,17300,17300,-1,0,-1,-1,0,w1,17300,0,-1,32995,-1,-1,Available,-1,-1,100%,100,-1,100,-1,-1,Below Trend,-1,-1,06/16 00:00:00 CDT,-1,w3,1,2015-06-18 00:00:00,Contract,-1,-1,32995,32995,-1,-1,-1,15695,-1,-1,0,-1,-1,0,-1,-1,100227,-1,-1,2015-06-15 00:00:00,2015-06-15 00:00:00,2015-06-15 00:00:00,32900,-1,-1,32995,-1,-1,False,False,0,0,0,0,15695,-1,-1,-1,-1,-1,-1,0.0,-1,0,0
2015-06-16,2015-06-16 00:00:00,Exxon,PILOT TRAVEL CENTERS LLC 103637 IW,MEMPHIS TN (MOC) - 00QE,Reg CBOB,32995,-1,-1,0,15502,0,15502,15502,-1,0,-1,-1,0,w1,15502,0,-1,32995,-1,-1,Available,-1,-1,100%,100,-1,100,-1,-1,Below Trend,-1,-1,06/17 00:00:00 CDT,-1,w3,1,2015-06-18 00:00:00,Contract,-1,-1,32995,32995,-1,-1,-1,17493,-1,-1,0,-1,-1,0,-1,-1,122091,-1,-1,2015-06-16 00:00:00,2015-06-16 00:00:00,2015-06-16 00:00:00,32900,-1,-1,32995,-1,-1,False,False,0,0,0,0,17493,-1,-1,-1,-1,-1,-1,0.0,-1,0,0
2015-06-17,2015-06-17 00:00:00,Exxon,PILOT TRAVEL CENTERS LLC 103637 IW,MEMPHIS TN (MOC) - 00QE,Reg CBOB,32995,-1,-1,0,25010,0,25010,25010,-1,0,-1,-1,0,w1,25010,0,-1,32995,-1,-1,Available,-1,-1,100%,100,-1,100,-1,-1,Below Trend,-1,-1,06/18 00:00:00 CDT,-1,w3,1,2015-06-18 00:00:00,Contract,-1,-1,32995,32995,-1,-1,-1,7985,-1,-1,0,-1,-1,0,-1,-1,140698,-1,-1,2015-06-17 00:00:00,2015-06-17 00:00:00,2015-06-17 00:00:00,32900,-1,-1,32995,-1,-1,False,False,0,0,0,0,7985,-1,-1,-1,-1,-1,-1,0.0,-1,0,0
2015-06-18,2015-06-18 00:00:00,Exxon,PILOT TRAVEL CENTERS LLC 103637 IW,MEMPHIS TN (MOC) - 00QE,Reg CBOB,32995,-1,230962,3,14350,0,14350,14350,-1,0,-1,14350,0,w1,14350,0,14350,32995,-1,230962,Available,-1,Available,100%,100,-1,100,100%,100,Below Trend,-1,Below Trend,06/19 00:00:00 CDT,-1,w4,0,2015-06-25 00:00:00,Contract,-1,Contract,32995,32995,-1,-1,230962,18645,-1,216612,0,-1,0,0,-1,0,159436,-1,159437,2015-06-18 23:46:53,-1,2015-06-18 23:46:53,32900,-1,230900,32995,-1,230962,False,True,14350,True,0,0,18645,-1,216612,-1,-1,-1,-1,0.0,0,0,0
2015-06-19,2015-06-19 00:00:00,Exxon,PILOT TRAVEL CENTERS LLC 103637 IW,MEMPHIS TN (MOC) - 00QE,Reg CBOB,32995,-1,230962,3,40428,0,40428,40428,-1,0,-1,54778,0,w1,40428,0,54778,32995,-1,230962,Out,-1,Out,100%,100,-1,100,100%,100,Above Trend,-1,On Track,06/20 00:00:00 CDT,-1,w4,0,2015-06-25 00:00:00,Contract,-1,Contract,32995,32995,-1,-1,230962,-7433,-1,176184,0,-1,0,0,-1,0,176126,-1,176127,2015-06-19 23:46:46,-1,2015-06-19 23:46:46,32900,-1,230900,32995,-1,230962,False,True,54778,True,0,0,-7433,-1,176184,-1,-1,-1,-1,133.0,0,0,0
2015-06-20,2015-06-20 00:00:00,Exxon,PILOT TRAVEL CENTERS LLC 103637 IW,MEMPHIS TN (MOC) - 00QE,Reg CBOB,32995,-1,230962,3,16100,0,16100,16100,-1,0,-1,70878,0,w1,16100,0,70878,13198,-1,92385,Out,-1,Out,40%,40,-1,100,40%,40,Above Trend,-1,Above Trend,06/21 00:00:00 CDT,-1,w4,0,2015-06-25 00:00:00,Contract,-1,Contract,32995,32995,-1,-1,230962,-2902,-1,21507,0,-1,0,0,-1,0,190622,-1,190623,2015-06-20 23:46:30,-1,2015-06-20 23:46:30,32900,-1,230900,13198,-1,92384,False,True,70878,True,0,0,-2902,-1,21507,-1,-1,-1,-1,0.0,0,0,0
2015-06-21,2015-06-21 00:00:00,Exxon,PILOT TRAVEL CENTERS LLC 103637 IW,MEMPHIS TN (MOC) - 00QE,Reg CBOB,32995,-1,230962,3,7500,0,7500,7500,-1,0,-1,78378,0,w1,7500,0,78378,13198,-1,92385,Available,-1,Available,40%,40,-1,100,40%,40,Below Trend,-1,Above Trend,06/22 00:00:00 CDT,-1,w4,0,2015-06-25 00:00:00,Contract,-1,Contract,32995,32995,-1,-1,230962,5698,-1,14007,0,-1,0,0,-1,0,216037,-1,216038,2015-06-21 23:48:38,-1,2015-06-21 23:48:38,32900,-1,230900,13198,-1,92384,False,True,78378,True,0,0,5698,-1,14007,-1,-1,-1,-1,0.0,0,0,0
2015-06-22,2015-06-22 00:00:00,Exxon,PILOT TRAVEL CENTERS LLC 103637 IW,MEMPHIS TN (MOC) - 00QE,Reg CBOB,32995,-1,230962,3,0,0,0,0,-1,0,-1,78378,0,w1,0,0,78378,13198,-1,92385,Available,-1,Available,40%,40,-1,100,40%,40,Below Trend,-1,On Track,06/23 00:00:00 CDT,-1,w4,0,2015-06-25 00:00:00,Contract,-1,Contract,32995,32995,-1,-1,230962,13198,-1,14007,0,-1,0,0,-1,0,238698,-1,238699,2015-06-22 23:46:50,-1,2015-06-22 23:46:50,32900,-1,230900,13198,-1,92384,False,True,78378,True,0,0,13198,-1,14007,-1,-1,-1,-1,0.0,0,0,0
2015-06-23,2015-06-23 00:00:00,Exxon,PILOT TRAVEL CENTERS LLC 103637 IW,MEMPHIS TN (MOC) - 00QE,Reg CBOB,32995,-1,230962,3,0,0,0,0,-1,0,-1,78378,0,w1,0,0,78378,13198,-1,92385,Available,-1,Available,40%,40,-1,100,40%,40,Below Trend,-1,On Track,06/24 00:00:00 CDT,-1,w4,0,2015-06-25 00:00:00,Contract,-1,Contract,32995,32995,-1,-1,230962,13198,-1,14007,0,-1,0,0,-1,0,276439,-1,276440,2015-06-23 23:46:36,-1,2015-06-23 23:46:36,32900,-1,230900,13198,-1,92384,False,True,78378,True,0,0,13198,-1,14007,-1,-1,-1,-1,0.0,0,0,0
2015-06-24,2015-06-24 00:00:00,Exxon,PILOT TRAVEL CENTERS LLC 103637 IW,MEMPHIS TN (MOC) - 00QE,Reg CBOB,32995,-1,230962,0,0,0,0,0,-1,0,-1,78378,0,w1,0,0,78378,13198,-1,92385,Available,-1,Available,40%,40,-1,100,40%,40,Below Trend,-1,On Track,06/25 00:00:00 CDT,-1,w4,0,2015-06-25 00:00:00,Contract,-1,Contract,32995,32995,-1,-1,230962,13198,-1,14007,0,-1,0,0,-1,0,307025,-1,307026,2015-06-24 23:47:34,-1,2015-06-24 23:47:34,32900,-1,230900,13198,-1,92384,False,True,78378,True,0,0,13198,-1,14007,-1,-1,-1,-1,0.0,0,0,0
2015-06-25,2015-06-25 00:00:00,Exxon,PILOT TRAVEL CENTERS LLC 103637 IW,MEMPHIS TN (MOC) - 00QE,Reg CBOB,32995,-1,230962,0,16200,0,16200,16200,-1,0,-1,16200,0,w2,16200,0,16200,13198,-1,92385,Out,-1,Out,40%,40,-1,100,40%,40,Above Trend,-1,Above Trend,06/26 00:00:00 CDT,-1,w5,0,2015-07-02 00:00:00,Contract,-1,Contract,32995,32995,-1,-1,230962,-3002,-1,76185,0,-1,0,0,-1,0,338451,-1,338452,2015-06-25 23:47:28,-1,2015-06-25 23:47:28,32900,-1,230900,13198,-1,92384,True,True,16200,False,0,0,-3002,-1,76185,-1,-1,-1,-1,0.0,0,0,0
2015-06-26,2015-06-26 00:00:00,Exxon,PILOT TRAVEL CENTERS LLC 103637 IW,MEMPHIS TN (MOC) - 00QE,Reg CBOB,32995,-1,-1,0,41075,1,-1,41075,-1,0,-1,-1,0,w3,41075,0,-1,32995,-1,-1,Out,-1,-1,100%,100,-1,100,-1,40,Above Trend,-1,-1,06/27 00:00:00 CDT,-1,w5,1,2015-07-02 00:00:00,Contract,-1,-1,32995,32995,-1,-1,-1,-8080,-1,-1,0,-1,-1,0,-1,-1,367765,-1,-1,2015-06-26 00:00:00,2015-06-26 00:00:00,2015-06-26 00:00:00,32900,-1,230900,32995,-1,92384,True,False,57275,False,0,0,-8080,-1,-1,-1,-1,-1,-1,0.0,-1,0,0
2015-06-27,2015-06-27 00:00:00,Exxon,PILOT TRAVEL CENTERS LLC 103637 IW,MEMPHIS TN (MOC) - 00QE,Reg CBOB,32995,-1,-1,0,31000,0,31000,31000,-1,0,-1,-1,0,w3,31000,0,-1,32995,-1,-1,Available,-1,-1,100%,100,-1,100,-1,40,On Track,-1,-1,06/28 00:00:00 CDT,-1,w5,1,2015-07-02 00:00:00,Contract,-1,-1,32995,32995,-1,-1,-1,1995,-1,-1,0,-1,-1,0,-1,-1,393030,-1,-1,2015-06-27 00:00:00,2015-06-27 00:00:00,2015-06-27 00:00:00,32900,-1,-1,32995,-1,-1,False,False,88275,False,0,0,1995,-1,-1,-1,-1,-1,-1,0.0,-1,0,0
2015-06-28,2015-06-28 00:00:00,Exxon,PILOT TRAVEL CENTERS LLC 103637 IW,MEMPHIS TN (MOC) - 00QE,Reg CBOB,32995,-1,-1,0,38300,0,38300,38300,-1,0,-1,-1,0,w3,38300,0,-1,32995,-1,-1,Out,-1,-1,100%,100,-1,100,-1,40,Above Trend,-1,-1,06/29 00:00:00 CDT,-1,w5,1,2015-07-02 00:00:00,Contract,-1,-1,32995,32995,-1,-1,-1,-5305,-1,-1,0,-1,-1,0,-1,-1,419081,-1,-1,2015-06-28 00:00:00,2015-06-28 00:00:00,2015-06-28 00:00:00,32900,-1,-1,32995,-1,-1,False,False,126575,False,0,0,-5305,-1,-1,-1,-1,-1,-1,0.0,-1,0,0
2015-06-29,2015-06-29 00:00:00,Exxon,PILOT TRAVEL CENTERS LLC 103637 IW,MEMPHIS TN (MOC) - 00QE,Reg CBOB,32995,-1,-1,0,39630,0,39630,39630,-1,0,-1,-1,0,w3,39630,0,-1,32995,-1,-1,Out,-1,-1,100%,100,-1,100,-1,40,Above Trend,-1,-1,06/30 00:00:00 CDT,-1,w5,1,2015-07-02 00:00:00,Contract,-1,-1,45884,45884,-1,-1,-1,-6635,-1,-1,0,-1,-1,0,-1,-1,449896,-1,-1,2015-06-29 00:00:00,2015-06-29 00:00:00,2015-06-29 00:00:00,32900,-1,-1,32995,-1,-1,False,False,166205,False,0,0,-6635,-1,-1,-1,-1,-1,-1,0.0,-1,0,0
2015-06-30,2015-06-30 00:00:00,Exxon,PILOT TRAVEL CENTERS LLC 103637 IW,MEMPHIS TN (MOC) - 00QE,Reg CBOB,45884,-1,230962,0,54350,0,54350,54350,-1,0,-1,228055,0,w3,54350,0,228055,68826,-1,323347,Available,-1,Available,150%,150,-1,100,140%,140,On Track,-1,On Track,07/01 00:00:00 CDT,-1,w5,0,2015-07-02 00:00:00,Contract,-1,Contract,45884,45884,-1,-1,321188,14476,-1,95292,0,-1,0,0,-1,0,476562,-1,476563,2015-06-30 23:47:31,-1,2015-06-30 23:47:31,45800,-1,230900,68826,-1,323346,False,False,220555,False,0,0,14476,-1,95292,-1,-1,-1,-1,133.0,0,0,0
