,date,supplier_name,account_type,supplier_terminal_name,product_name,base_gallons_Daily,base_gallons_Monthly,base_gallons_Weekly,lifted_gallons_daily_flag,lifted_gallons_daily_modified,Modified_WeeksByLiftedGallons,lifted_gallons_modified_WeeksByLiftedGallons,lifted_gallons_Daily,Lifted_actual_monthly,lifted_gallons_monthly_flag,lifted_gallons_Monthly,Lifted_actual_weekly,lifted_gallons_weekly_flag,WeeksByLiftedGallons,lifted_gallonsWeekly_modified_aposteriori,Modified_LiftedGallonsaposteriori,lifted_gallons_Weekly,beginning_gallons_Daily,beginning_gallons_Monthly,beginning_gallons_Weekly,en_allocation_status_Daily,en_allocation_status_Monthly,en_allocation_status_Weekly,percentage_allocation_Daily_actual,percentage_allocation_Daily,percentage_allocation_Monthly_actual,percentage_allocation_Monthly,percentage_allocation_Weekly_actual,percentage_allocation_Weekly,alerts_ratability_Daily,alerts_ratability_Monthly,alerts_ratability_Weekly,next_refresh_date_Daily,next_refresh_date_Monthly,Week_switch,Modified_NRD,next_refresh_date_Weekly,en_account_type_Daily,en_account_type_Monthly,en_account_type_Weekly,NRB_Daily,next_refresh_base_gallons_Daily,NRB_Monthly,next_refresh_base_gallons_Monthly,next_refresh_base_gallons_Weekly,remaining_gallons_Daily,remaining_gallons_Monthly,remaining_gallons_Weekly,additional_gallons_allowed_Daily,additional_gallons_allowed_Monthly,additional_gallons_allowed_Weekly,additional_gallons_remaining_Daily,additional_gallons_remaining_Monthly,additional_gallons_remaining_Weekly,staging_id_Daily,staging_id_Monthly,staging_id_Weekly,execution_date_Daily,execution_date_Monthly,execution_date_Weekly,base_gallons_Daily_Reconciled,base_gallons_Monthly_Reconciled,base_gallons_Weekly_Reconciled,beginning_gallons_Daily_Reconciled,beginning_gallons_Monthly_Reconciled,beginning_gallons_Weekly_Reconciled,sanityWeekly_CumulativeDaily_WeeksByLiftedGallons,sanityWeekly_CumulativeDaily_NextRefreshDate,computedWeekly,sanityComputedWeekly,computedMonthly,sanityComputedMonthly,remaining_gallons_Daily_Reconciled,remaining_gallons_Monthly_Reconciled,remaining_gallons_Weekly_Reconciled,additional_gallons_remaining_Daily_Reconciled,additional_gallons_remaining_Monthly_Reconciled,additional_gallons_remaining_Weekly_Reconciled,Ratability_Monthly,Ratability_Daily,Ratability_Weekly,sanityMonthly_CumulativeDaily_WeeksByLiftedGallons,sanityMonthly_CumulativeDaily_WeeksByNextRefreshDate
2015-06-01,2015-06-01 00:00:00,Exxon,PILOT TRAVEL CENTERS LLC 103637 IW,GLENDIVE MT CENEX EX - 02PT,ULSD,-1,-1,-1,0,-1,0,-1,-1,-1,0,-1,-1,0,w1,-1,0,-1,-1,-1,-1,-1,-1,-1,-1,-1,-1,-1,-1,-1,-1,-1,-1,-1,-1,w1,1,2015-06-04 00:00:00,-1,-1,-1,25346,-1,760375,-1,-1,-1,-1,-1,-1,-1,-1,-1,-1,-1,-1,-1,-1,2015-06-01 00:00:00,2015-06-01 00:00:00,2015-06-01 00:00:00,-1,-1,-1,-1,-1,-1,True,True,0,0,0,0,-1,-1,-1,-1,-1,-1,-1.0,-1.0,-1,1,1
2015-06-02,2015-06-02 00:00:00,Exxon,PILOT TRAVEL CENTERS LLC 103637 IW,GLENDIVE MT CENEX EX - 02PT,ULSD,-1,760375,-1,0,-1,0,-1,-1,27496,0,27496,-1,0,w1,-1,0,-1,-1,7596146,-1,-1,Available,-1,-1,-1,999%,999,-1,-1,-1,Below Trend,-1,-1,07/01 00:00:00 MDT,w1,1,2015-06-04 00:00:00,-1,Contract,-1,25346,-1,760375,760375,-1,-1,7568650,-1,-1,0,-1,-1,0,-1,-1,267,-1,2015-06-02 00:00:00,2015-06-02 00:00:00,2015-06-02 00:00:00,-1,760300,-1,-1,7596146,-1,False,False,0,0,0,0,-1,7568650,-1,-1,-1,-1,54.0,-1.0,-1,0,0
2015-06-03,2015-06-03 00:00:00,Exxon,PILOT TRAVEL CENTERS LLC 103637 IW,GLENDIVE MT CENEX EX - 02PT,ULSD,-1,760375,-1,0,-1,0,-1,-1,45796,0,45796,-1,0,w1,-1,0,-1,-1,7596146,-1,-1,Available,-1,-1,-1,999%,999,-1,-1,-1,Below Trend,-1,-1,07/01 00:00:00 MDT,w1,1,2015-06-04 00:00:00,-1,Contract,-1,25346,-1,760375,760375,-1,-1,7550350,-1,-1,0,-1,-1,0,-1,-1,5980,-1,2015-06-03 00:00:00,2015-06-03 00:00:00,2015-06-03 00:00:00,-1,760300,-1,-1,7596146,-1,False,False,0,0,0,0,-1,7550350,-1,-1,-1,-1,60.0,-1.0,-1,0,0
2015-06-04,2015-06-04 00:00:00,Exxon,PILOT TRAVEL CENTERS LLC 103637 IW,GLENDIVE MT CENEX EX - 02PT,ULSD,-1,760375,-1,0,-1,0,-1,-1,54996,0,54996,-1,0,w1,-1,0,-1,-1,7596146,-1,-1,Available,-1,-1,-1,999%,999,-1,-1,-1,Below Trend,-1,-1,07/01 00:00:00 MDT,w2,1,2015-06-11 00:00:00,-1,Contract,-1,25346,-1,760375,760375,-1,-1,7541150,-1,-1,0,-1,-1,0,-1,-1,8693,-1,2015-06-04 00:00:00,2015-06-04 00:00:00,2015-06-04 00:00:00,-1,760300,-1,-1,7596146,-1,False,True,0,0,0,0,-1,7541150,-1,-1,-1,-1,54.0,-1.0,-1,0,0
2015-06-05,2015-06-05 00:00:00,Exxon,PILOT TRAVEL CENTERS LLC 103637 IW,GLENDIVE MT CENEX EX - 02PT,ULSD,-1,760375,-1,0,-1,0,-1,-1,91596,0,91596,-1,0,w1,-1,0,-1,-1,7596146,-1,-1,Available,-1,-1,-1,999%,999,-1,-1,-1,Below Trend,-1,-1,07/01 00:00:00 MDT,w2,1,2015-06-11 00:00:00,-1,Contract,-1,25346,-1,760375,760375,-1,-1,7504550,-1,-1,0,-1,-1,0,-1,-1,12588,-1,2015-06-05 00:00:00,2015-06-05 00:00:00,2015-06-05 00:00:00,-1,760300,-1,-1,7596146,-1,False,False,0,0,0,0,-1,7504550,-1,-1,-1,-1,72.0,-1.0,-1,0,0
2015-06-06,2015-06-06 00:00:00,Exxon,PILOT TRAVEL CENTERS LLC 103637 IW,GLENDIVE MT CENEX EX - 02PT,ULSD,-1,-1,-1,0,-1,0,-1,-1,-1,0,-1,-1,0,w1,-1,0,-1,-1,-1,-1,-1,-1,-1,-1,-1,-1,999,-1,-1,-1,-1,-1,-1,-1,w2,1,2015-06-11 00:00:00,-1,-1,-1,25346,-1,760375,-1,-1,-1,-1,-1,-1,-1,-1,-1,-1,-1,-1,-1,-1,2015-06-06 00:00:00,2015-06-06 00:00:00,2015-06-06 00:00:00,-1,760300,-1,-1,7596146,-1,False,False,0,0,0,0,-1,-1,-1,-1,-1,-1,-1.0,-1.0,-1,0,0
2015-06-07,2015-06-07 00:00:00,Exxon,PILOT TRAVEL CENTERS LLC 103637 IW,GLENDIVE MT CENEX EX - 02PT,ULSD,-1,-1,-1,0,-1,0,-1,-1,-1,0,-1,-1,0,w1,-1,0,-1,-1,-1,-1,-1,-1,-1,-1,-1,-1,999,-1,-1,-1,-1,-1,-1,-1,w2,1,2015-06-11 00:00:00,-1,-1,-1,25346,-1,760375,-1,-1,-1,-1,-1,-1,-1,-1,-1,-1,-1,-1,-1,-1,2015-06-07 00:00:00,2015-06-07 00:00:00,2015-06-07 00:00:00,-1,-1,-1,-1,-1,-1,False,False,0,0,0,0,-1,-1,-1,-1,-1,-1,-1.0,-1.0,-1,0,0
2015-06-08,2015-06-08 00:00:00,Exxon,PILOT TRAVEL CENTERS LLC 103637 IW,GLENDIVE MT CENEX EX - 02PT,ULSD,-1,760375,-1,0,-1,0,-1,-1,157096,0,157096,-1,0,w1,-1,0,-1,-1,7596146,-1,-1,Available,-1,-1,-1,999%,999,-1,-1,-1,Below Trend,-1,-1,07/01 00:00:00 MDT,w2,1,2015-06-11 00:00:00,-1,Contract,-1,25346,-1,760375,760375,-1,-1,7439050,-1,-1,0,-1,-1,0,-1,-1,15205,-1,2015-06-08 00:00:00,2015-06-08 00:00:00,2015-06-08 00:00:00,-1,760300,-1,-1,7596146,-1,False,False,0,0,0,0,-1,7439050,-1,-1,-1,-1,77.0,-1.0,-1,0,0
2015-06-09,2015-06-09 00:00:00,Exxon,PILOT TRAVEL CENTERS LLC 103637 IW,GLENDIVE MT CENEX EX - 02PT,ULSD,-1,760375,-1,0,-1,0,-1,-1,184146,0,184146,-1,0,w1,-1,0,-1,-1,7596146,-1,-1,Available,-1,-1,-1,999%,999,-1,-1,-1,Below Trend,-1,-1,07/01 00:00:00 MDT,w2,1,2015-06-11 00:00:00,-1,Contract,-1,25346,-1,760375,760375,-1,-1,7412000,-1,-1,0,-1,-1,0,-1,-1,17947,-1,2015-06-09 00:00:00,2015-06-09 00:00:00,2015-06-09 00:00:00,-1,760300,-1,-1,7596146,-1,False,False,0,0,0,0,-1,7412000,-1,-1,-1,-1,81.0,-1.0,-1,0,0
2015-06-10,2015-06-10 00:00:00,Exxon,PILOT TRAVEL CENTERS LLC 103637 IW,GLENDIVE MT CENEX EX - 02PT,ULSD,-1,760375,-1,0,-1,0,-1,-1,211446,0,211446,-1,0,w1,-1,0,-1,-1,7596146,-1,-1,Available,-1,-1,-1,999%,999,-1,-1,-1,Below Trend,-1,-1,07/01 00:00:00 MDT,w2,1,2015-06-11 00:00:00,-1,Contract,-1,25346,-1,760375,760375,-1,-1,7384700,-1,-1,0,-1,-1,0,-1,-1,20818,-1,2015-06-10 00:00:00,2015-06-10 00:00:00,2015-06-10 00:00:00,-1,760300,-1,-1,7596146,-1,False,False,0,0,0,0,-1,7384700,-1,-1,-1,-1,83.0,-1.0,-1,0,0
2015-06-11,2015-06-11 00:00:00,Exxon,PILOT TRAVEL CENTERS LLC 103637 IW,GLENDIVE MT CENEX EX - 02PT,ULSD,-1,760375,-1,0,-1,0,-1,-1,247846,0,247846,-1,0,w1,-1,0,-1,-1,7596146,-1,-1,Available,-1,-1,-1,999%,999,-1,-1,-1,Below Trend,-1,-1,07/01 00:00:00 MDT,w3,1,2015-06-18 00:00:00,-1,Contract,-1,25346,-1,760375,760375,-1,-1,7348300,-1,-1,0,-1,-1,0,-1,-1,22284,-1,2015-06-11 00:00:00,2015-06-11 00:00:00,2015-06-11 00:00:00,-1,760300,-1,-1,7596146,-1,False,True,0,0,0,0,-1,7348300,-1,-1,-1,-1,89.0,-1.0,-1,0,0
2015-06-12,2015-06-12 00:00:00,Exxon,PILOT TRAVEL CENTERS LLC 103637 IW,GLENDIVE MT CENEX EX - 02PT,ULSD,-1,-1,-1,0,-1,0,-1,-1,-1,0,-1,-1,0,w1,-1,0,-1,-1,-1,-1,-1,-1,-1,-1,-1,-1,999,-1,-1,-1,-1,-1,-1,-1,w3,1,2015-06-18 00:00:00,-1,-1,-1,25346,-1,760375,-1,-1,-1,-1,-1,-1,-1,-1,-1,-1,-1,-1,-1,-1,2015-06-12 00:00:00,2015-06-12 00:00:00,2015-06-12 00:00:00,-1,760300,-1,-1,7596146,-1,False,False,0,0,0,0,-1,-1,-1,-1,-1,-1,-1.0,-1.0,-1,0,0
2015-06-13,2015-06-13 00:00:00,Exxon,PILOT TRAVEL CENTERS LLC 103637 IW,GLENDIVE MT CENEX EX - 02PT,ULSD,25346,-1,177421,3,18200,0,18200,18200,-1,0,-1,54800,0,w1,18200,0,54800,25346,-1,177421,Available,-1,Available,100%,100,-1,999,100%,100,Below Trend,-1,Below Trend,06/14 00:00:00 MDT,-1,w3,0,2015-06-18 00:00:00,Contract,-1,Contract,25346,25346,760375,-1,177421,7146,-1,122621,0,-1,0,0,-1,0,51149,-1,51150,2015-06-13 23:51:33,-1,2015-06-13 23:51:33,25300,-1,177400,25346,-1,177421,False,False,0,0,0,0,7146,-1,122621,-1,-1,-1,-1.0,0.0,0,0,0
2015-06-14,2015-06-14 00:00:00,Exxon,PILOT TRAVEL CENTERS LLC 103637 IW,GLENDIVE MT CENEX EX - 02PT,ULSD,25346,-1,177421,3,28200,0,28200,28200,-1,0,-1,83000,0,w1,28200,0,83000,25346,-1,177421,Out,-1,Out,100%,100,-1,999,100%,100,Above Trend,-1,On Track,06/15 00:00:00 MDT,-1,w3,0,2015-06-18 00:00:00,Contract,-1,Contract,25346,25346,760375,-1,177421,-2854,-1,94421,0,-1,0,0,-1,0,70933,-1,70934,2015-06-14 23:51:41,-1,2015-06-14 23:51:41,25300,-1,177400,25346,-1,177421,False,False,0,0,0,0,-2854,-1,94421,-1,-1,-1,-1.0,133.0,0,0,0
2015-06-15,2015-06-15 00:00:00,Exxon,PILOT TRAVEL CENTERS LLC 103637 IW,GLENDIVE MT CENEX EX - 02PT,ULSD,25346,-1,177421,0,19116,0,19116,19116,-1,0,-1,102116,0,w1,19116,0,102116,25346,-1,177421,Available,-1,Available,100%,100,-1,999,100%,100,On Track,-1,On Track,06/16 00:00:00 MDT,-1,w3,0,2015-06-18 00:00:00,Contract,-1,Contract,25346,25346,760375,-1,177421,6230,-1,75305,0,-1,0,0,-1,0,100216,-1,100217,2015-06-15 23:48:49,-1,2015-06-15 23:48:49,25300,-1,177400,25346,-1,177421,False,False,0,0,0,0,6230,-1,75305,-1,-1,-1,-1.0,0.0,0,0,0
2015-06-16,2015-06-16 00:00:00,Exxon,PILOT TRAVEL CENTERS LLC 103637 IW,GLENDIVE MT CENEX EX - 02PT,ULSD,-1,760375,-1,0,-1,0,-1,-1,354462,0,354462,-1,0,w2,-1,0,-1,-1,7596146,-1,-1,Available,-1,-1,100,999%,999,-1,100,-1,Below Trend,-1,-1,07/01 00:00:00 MDT,w3,1,2015-06-18 00:00:00,-1,Contract,-1,25346,-1,760375,760375,-1,-1,7241684,-1,-1,0,-1,-1,0,-1,-1,122081,-1,2015-06-16 00:00:00,2015-06-16 00:00:00,2015-06-16 00:00:00,25300,760300,177400,25346,7596146,177421,True,False,0,0,0,0,-1,7241684,-1,-1,-1,-1,87.0,-1.0,-1,0,0
2015-06-17,2015-06-17 00:00:00,Exxon,PILOT TRAVEL CENTERS LLC 103637 IW,GLENDIVE MT CENEX EX - 02PT,ULSD,-1,760375,-1,0,-1,0,-1,-1,363462,0,363462,-1,0,w2,-1,0,-1,-1,7596146,-1,-1,Available,-1,-1,100,999%,999,-1,100,-1,Below Trend,-1,-1,07/01 00:00:00 MDT,w3,1,2015-06-18 00:00:00,-1,Contract,-1,25346,-1,760375,760375,-1,-1,7232684,-1,-1,0,-1,-1,0,-1,-1,140688,-1,2015-06-17 00:00:00,2015-06-17 00:00:00,2015-06-17 00:00:00,-1,760300,-1,-1,7596146,-1,False,False,0,0,0,0,-1,7232684,-1,-1,-1,-1,84.0,-1.0,-1,0,0
2015-06-18,2015-06-18 00:00:00,Exxon,PILOT TRAVEL CENTERS LLC 103637 IW,GLENDIVE MT CENEX EX - 02PT,ULSD,-1,760375,-1,0,-1,0,-1,-1,399962,0,399962,-1,0,w2,-1,0,-1,-1,7596146,-1,-1,Available,-1,-1,100,999%,999,-1,100,-1,Below Trend,-1,-1,07/01 00:00:00 MDT,w4,1,2015-06-25 00:00:00,-1,Contract,-1,25346,-1,760375,760375,-1,-1,7196184,-1,-1,0,-1,-1,0,-1,-1,159423,-1,2015-06-18 00:00:00,2015-06-18 00:00:00,2015-06-18 00:00:00,-1,760300,-1,-1,7596146,-1,False,True,0,0,0,0,-1,7196184,-1,-1,-1,-1,88.0,-1.0,-1,0,0
2015-06-19,2015-06-19 00:00:00,Exxon,PILOT TRAVEL CENTERS LLC 103637 IW,GLENDIVE MT CENEX EX - 02PT,ULSD,-1,760375,-1,0,-1,0,-1,-1,418062,0,418062,-1,0,w2,-1,0,-1,-1,7596146,-1,-1,Available,-1,-1,100,999%,999,-1,100,-1,Below Trend,-1,-1,07/01 00:00:00 MDT,w4,1,2015-06-25 00:00:00,-1,Contract,-1,25346,-1,760375,760375,-1,-1,7178084,-1,-1,0,-1,-1,0,-1,-1,176113,-1,2015-06-19 00:00:00,2015-06-19 00:00:00,2015-06-19 00:00:00,-1,760300,-1,-1,7596146,-1,False,False,0,0,0,0,-1,7178084,-1,-1,-1,-1,87.0,-1.0,-1,0,0
2015-06-20,2015-06-20 00:00:00,Exxon,PILOT TRAVEL CENTERS LLC 103637 IW,GLENDIVE MT CENEX EX - 02PT,ULSD,-1,760375,-1,0,-1,0,-1,-1,454862,0,454862,-1,0,w2,-1,0,-1,-1,7596146,-1,-1,Available,-1,-1,100,999%,999,-1,100,-1,Below Trend,-1,-1,07/01 00:00:00 MDT,w4,1,2015-06-25 00:00:00,-1,Contract,-1,25346,-1,760375,760375,-1,-1,7141284,-1,-1,0,-1,-1,0,-1,-1,190609,-1,2015-06-20 00:00:00,2015-06-20 00:00:00,2015-06-20 00:00:00,-1,760300,-1,-1,7596146,-1,False,False,0,0,0,0,-1,7141284,-1,-1,-1,-1,90.0,-1.0,-1,0,0
2015-06-21,2015-06-21 00:00:00,Exxon,PILOT TRAVEL CENTERS LLC 103637 IW,GLENDIVE MT CENEX EX - 02PT,ULSD,-1,760375,-1,0,-1,0,-1,-1,464062,0,464062,-1,0,w2,-1,0,-1,-1,7596146,-1,-1,Available,-1,-1,100,999%,999,-1,100,-1,Below Trend,-1,-1,07/01 00:00:00 MDT,w4,1,2015-06-25 00:00:00,-1,Contract,-1,25346,-1,760375,760375,-1,-1,7132084,-1,-1,0,-1,-1,0,-1,-1,216024,-1,2015-06-21 00:00:00,2015-06-21 00:00:00,2015-06-21 00:00:00,-1,760300,-1,-1,7596146,-1,False,False,0,0,0,0,-1,7132084,-1,-1,-1,-1,87.0,-1.0,-1,0,0
2015-06-22,2015-06-22 00:00:00,Exxon,PILOT TRAVEL CENTERS LLC 103637 IW,GLENDIVE MT CENEX EX - 02PT,ULSD,-1,760375,-1,0,-1,0,-1,-1,483288,0,483288,-1,0,w2,-1,0,-1,-1,7596146,-1,-1,Available,-1,-1,100,999%,999,-1,100,-1,Below Trend,-1,-1,07/01 00:00:00 MDT,w4,1,2015-06-25 00:00:00,-1,Contract,-1,25346,-1,760375,760375,-1,-1,7112858,-1,-1,0,-1,-1,0,-1,-1,238685,-1,2015-06-22 00:00:00,2015-06-22 00:00:00,2015-06-22 00:00:00,-1,760300,-1,-1,7596146,-1,False,False,0,0,0,0,-1,7112858,-1,-1,-1,-1,87.0,-1.0,-1,0,0
2015-06-23,2015-06-23 00:00:00,Exxon,PILOT TRAVEL CENTERS LLC 103637 IW,GLENDIVE MT CENEX EX - 02PT,ULSD,-1,760375,-1,0,-1,0,-1,-1,492488,0,492488,-1,0,w2,-1,0,-1,-1,7596146,-1,-1,Available,-1,-1,100,999%,999,-1,100,-1,Below Trend,-1,-1,07/01 00:00:00 MDT,w4,1,2015-06-25 00:00:00,-1,Contract,-1,25346,-1,760375,760375,-1,-1,7103658,-1,-1,0,-1,-1,0,-1,-1,276426,-1,2015-06-23 00:00:00,2015-06-23 00:00:00,2015-06-23 00:00:00,-1,760300,-1,-1,7596146,-1,False,False,0,0,0,0,-1,7103658,-1,-1,-1,-1,84.0,-1.0,-1,0,0
2015-06-24,2015-06-24 00:00:00,Exxon,PILOT TRAVEL CENTERS LLC 103637 IW,GLENDIVE MT CENEX EX - 02PT,ULSD,-1,760375,-1,0,-1,0,-1,-1,510888,0,510888,-1,0,w2,-1,0,-1,-1,7596146,-1,-1,Available,-1,-1,100,999%,999,-1,100,-1,Below Trend,-1,-1,07/01 00:00:00 MDT,w4,1,2015-06-25 00:00:00,-1,Contract,-1,25346,-1,760375,760375,-1,-1,7085258,-1,-1,0,-1,-1,0,-1,-1,307012,-1,2015-06-24 00:00:00,2015-06-24 00:00:00,2015-06-24 00:00:00,-1,760300,-1,-1,7596146,-1,False,False,0,0,0,0,-1,7085258,-1,-1,-1,-1,84.0,-1.0,-1,0,0
2015-06-25,2015-06-25 00:00:00,Exxon,PILOT TRAVEL CENTERS LLC 103637 IW,GLENDIVE MT CENEX EX - 02PT,ULSD,-1,760375,-1,0,-1,0,-1,-1,529088,0,529088,-1,0,w2,-1,0,-1,-1,7596146,-1,-1,Available,-1,-1,100,999%,999,-1,100,-1,Below Trend,-1,-1,07/01 00:00:00 MDT,w5,1,2015-07-02 00:00:00,-1,Contract,-1,25346,-1,760375,760375,-1,-1,7067058,-1,-1,0,-1,-1,0,-1,-1,338438,-1,2015-06-25 00:00:00,2015-06-25 00:00:00,2015-06-25 00:00:00,-1,760300,-1,-1,7596146,-1,False,True,0,0,0,0,-1,7067058,-1,-1,-1,-1,84.0,-1.0,-1,0,0
2015-06-26,2015-06-26 00:00:00,Exxon,PILOT TRAVEL CENTERS LLC 103637 IW,GLENDIVE MT CENEX EX - 02PT,ULSD,-1,760375,-1,0,-1,0,-1,-1,556395,0,556395,-1,0,w2,-1,0,-1,-1,7596146,-1,-1,Available,-1,-1,100,999%,999,-1,100,-1,Below Trend,-1,-1,07/01 00:00:00 MDT,w5,1,2015-07-02 00:00:00,-1,Contract,-1,25346,-1,760375,760375,-1,-1,7039751,-1,-1,0,-1,-1,0,-1,-1,367754,-1,2015-06-26 00:00:00,2015-06-26 00:00:00,2015-06-26 00:00:00,-1,760300,-1,-1,7596146,-1,False,False,0,0,0,0,-1,7039751,-1,-1,-1,-1,84.0,-1.0,-1,0,0
2015-06-27,2015-06-27 00:00:00,Exxon,PILOT TRAVEL CENTERS LLC 103637 IW,GLENDIVE MT CENEX EX - 02PT,ULSD,-1,760375,-1,0,-1,0,-1,-1,574596,0,574596,-1,0,w2,-1,0,-1,-1,7596146,-1,-1,Available,-1,-1,100,999%,999,-1,100,-1,Below Trend,-1,-1,07/01 00:00:00 MDT,w5,1,2015-07-02 00:00:00,-1,Contract,-1,25346,-1,760375,760375,-1,-1,7021550,-1,-1,0,-1,-1,0,-1,-1,393019,-1,2015-06-27 00:00:00,2015-06-27 00:00:00,2015-06-27 00:00:00,-1,760300,-1,-1,7596146,-1,False,False,0,0,0,0,-1,7021550,-1,-1,-1,-1,84.0,-1.0,-1,0,0
2015-06-28,2015-06-28 00:00:00,Exxon,PILOT TRAVEL CENTERS LLC 103637 IW,GLENDIVE MT CENEX EX - 02PT,ULSD,-1,760375,-1,0,-1,0,-1,-1,603596,0,603596,-1,0,w2,-1,0,-1,-1,7596146,-1,-1,Available,-1,-1,100,999%,999,-1,100,-1,Below Trend,-1,-1,07/01 00:00:00 MDT,w5,1,2015-07-02 00:00:00,-1,Contract,-1,25346,-1,760375,760375,-1,-1,6992550,-1,-1,0,-1,-1,0,-1,-1,419070,-1,2015-06-28 00:00:00,2015-06-28 00:00:00,2015-06-28 00:00:00,-1,760300,-1,-1,7596146,-1,False,False,0,0,0,0,-1,6992550,-1,-1,-1,-1,85.0,-1.0,-1,0,0
2015-06-29,2015-06-29 00:00:00,Exxon,PILOT TRAVEL CENTERS LLC 103637 IW,GLENDIVE MT CENEX EX - 02PT,ULSD,-1,760375,-1,0,-1,0,-1,-1,623196,0,623196,-1,0,w2,-1,0,-1,-1,7596146,-1,-1,Available,-1,-1,100,999%,999,-1,100,-1,Below Trend,-1,-1,07/01 00:00:00 MDT,w5,1,2015-07-02 00:00:00,-1,Contract,-1,25346,-1,760375,535421,-1,-1,6972950,-1,-1,0,-1,-1,0,-1,-1,449885,-1,2015-06-29 00:00:00,2015-06-29 00:00:00,2015-06-29 00:00:00,-1,760300,-1,-1,7596146,-1,False,False,0,0,0,0,-1,6972950,-1,-1,-1,-1,85.0,-1.0,-1,0,0
2015-06-30,2015-06-30 00:00:00,Exxon,PILOT TRAVEL CENTERS LLC 103637 IW,GLENDIVE MT CENEX EX - 02PT,ULSD,-1,760375,-1,0,-1,0,-1,-1,623196,0,623196,-1,0,w2,-1,0,-1,-1,7596146,-1,-1,Available,-1,-1,100,999%,999,-1,100,-1,Below Trend,-1,-1,07/01 00:00:00 MDT,w5,1,2015-07-02 00:00:00,-1,Contract,-1,25346,-1,535421,535421,-1,-1,6972950,-1,-1,0,-1,-1,0,-1,-1,476550,-1,2015-06-30 00:00:00,2015-06-30 00:00:00,2015-06-30 00:00:00,-1,760300,-1,-1,7596146,-1,False,False,0,0,0,0,-1,6972950,-1,-1,-1,-1,82.0,-1.0,-1,0,0
