,date,supplier_name,account_type,supplier_terminal_name,product_name,base_gallons_Daily,base_gallons_Monthly,base_gallons_Weekly,lifted_gallons_daily_flag,lifted_gallons_daily_modified,Modified_WeeksByLiftedGallons,lifted_gallons_modified_WeeksByLiftedGallons,lifted_gallons_Daily,Lifted_actual_monthly,lifted_gallons_monthly_flag,lifted_gallons_Monthly,Lifted_actual_weekly,lifted_gallons_weekly_flag,WeeksByLiftedGallons,lifted_gallonsWeekly_modified_aposteriori,Modified_LiftedGallonsaposteriori,lifted_gallons_Weekly,beginning_gallons_Daily,beginning_gallons_Monthly,beginning_gallons_Weekly,en_allocation_status_Daily,en_allocation_status_Monthly,en_allocation_status_Weekly,percentage_allocation_Daily_actual,percentage_allocation_Daily,percentage_allocation_Monthly_actual,percentage_allocation_Monthly,percentage_allocation_Weekly_actual,percentage_allocation_Weekly,alerts_ratability_Daily,alerts_ratability_Monthly,alerts_ratability_Weekly,next_refresh_date_Daily,next_refresh_date_Monthly,Week_switch,Modified_NRD,next_refresh_date_Weekly,en_account_type_Daily,en_account_type_Monthly,en_account_type_Weekly,NRB_Daily,next_refresh_base_gallons_Daily,NRB_Monthly,next_refresh_base_gallons_Monthly,next_refresh_base_gallons_Weekly,remaining_gallons_Daily,remaining_gallons_Monthly,remaining_gallons_Weekly,additional_gallons_allowed_Daily,additional_gallons_allowed_Monthly,additional_gallons_allowed_Weekly,additional_gallons_remaining_Daily,additional_gallons_remaining_Monthly,additional_gallons_remaining_Weekly,staging_id_Daily,staging_id_Monthly,staging_id_Weekly,execution_date_Daily,execution_date_Monthly,execution_date_Weekly,base_gallons_Daily_Reconciled,base_gallons_Monthly_Reconciled,base_gallons_Weekly_Reconciled,beginning_gallons_Daily_Reconciled,beginning_gallons_Monthly_Reconciled,beginning_gallons_Weekly_Reconciled,sanityWeekly_CumulativeDaily_WeeksByLiftedGallons,sanityWeekly_CumulativeDaily_NextRefreshDate,computedWeekly,sanityComputedWeekly,computedMonthly,sanityComputedMonthly,remaining_gallons_Daily_Reconciled,remaining_gallons_Monthly_Reconciled,remaining_gallons_Weekly_Reconciled,additional_gallons_remaining_Daily_Reconciled,additional_gallons_remaining_Monthly_Reconciled,additional_gallons_remaining_Weekly_Reconciled,Ratability_Monthly,Ratability_Daily,Ratability_Weekly,sanityMonthly_CumulativeDaily_WeeksByLiftedGallons,sanityMonthly_CumulativeDaily_WeeksByNextRefreshDate
2015-06-01,2015-06-01 00:00:00,Exxon,PILOT TRAVEL CENTERS LLC 103637 IW,MEMPHIS TN (MOC) - 00QE,Prem CBOB,-1,-1,-1,0,-1,0,-1,-1,-1,0,-1,-1,0,w1,-1,0,-1,-1,-1,-1,-1,-1,-1,-1,-1,-1,100,-1,-1,-1,-1,-1,-1,-1,w1,1,2015-06-04 00:00:00,-1,-1,-1,2954,-1,-1,-1,-1,-1,-1,-1,-1,-1,-1,-1,-1,-1,-1,-1,-1,2015-06-01 00:00:00,2015-06-01 00:00:00,2015-06-01 00:00:00,-1,-1,-1,-1,-1,-1,True,True,0,0,0,0,-1,-1,-1,-1,-1,-1,-1,-1.0,-1,1,1
2015-06-02,2015-06-02 00:00:00,Exxon,PILOT TRAVEL CENTERS LLC 103637 IW,MEMPHIS TN (MOC) - 00QE,Prem CBOB,2954,-1,20678,3,4855,0,2450,2450,-1,0,-1,22125,0,w1,2450,0,22125,4431,-1,28949,Available,-1,Available,150%,150,-1,100,140%,140,Above Trend,-1,On Track,06/03 00:00:00 CDT,-1,w1,0,2015-06-04 00:00:00,Contract,-1,Contract,2954,2954,-1,-1,20678,1981,-1,6824,0,-1,0,0,-1,0,274,-1,275,2015-06-02 08:05:05,-1,2015-06-02 08:05:05,2900,-1,20600,4431,-1,28949,False,False,0,0,0,0,-424,-1,6824,-1,-1,-1,-1,400.0,0,0,0
2015-06-03,2015-06-03 00:00:00,Exxon,PILOT TRAVEL CENTERS LLC 103637 IW,MEMPHIS TN (MOC) - 00QE,Prem CBOB,2954,-1,20678,0,1600,1,4005,1600,-1,0,-1,26130,0,w1,1600,0,26130,4431,-1,28949,Available,-1,Available,150%,150,-1,100,140%,140,Above Trend,-1,On Track,06/04 00:00:00 CDT,-1,w1,0,2015-06-04 00:00:00,Contract,-1,Contract,2954,2954,-1,-1,20678,2831,-1,2819,0,-1,0,0,-1,0,5987,-1,5988,2015-06-03 07:40:41,-1,2015-06-03 07:40:41,2900,-1,20600,4431,-1,28949,False,False,0,0,0,0,2831,-1,2819,-1,-1,-1,-1,0.0,100,0,0
2015-06-04,2015-06-04 00:00:00,Exxon,PILOT TRAVEL CENTERS LLC 103637 IW,MEMPHIS TN (MOC) - 00QE,Prem CBOB,2954,-1,20678,3,2975,0,0,0,-1,0,-1,0,0,w2,0,0,0,4431,-1,28949,Available,-1,Available,150%,150,-1,100,140%,140,Below Trend,-1,Below Trend,06/05 00:00:00 CDT,-1,w2,0,2015-06-11 00:00:00,Contract,-1,Contract,2954,2954,-1,-1,20678,4431,-1,28949,0,-1,0,0,-1,0,8702,-1,8703,2015-06-04 05:31:09,-1,2015-06-04 05:31:09,2900,-1,20600,4431,-1,28949,True,False,0,0,0,0,1456,-1,28949,-1,-1,-1,-1,0.0,0,0,0
2015-06-05,2015-06-05 00:00:00,Exxon,PILOT TRAVEL CENTERS LLC 103637 IW,MEMPHIS TN (MOC) - 00QE,Prem CBOB,2954,-1,20678,0,1100,1,4075,1100,-1,0,-1,4075,0,w2,1100,0,4075,4431,-1,28949,Available,-1,Available,150%,150,-1,100,140%,140,Above Trend,-1,On Track,06/06 00:00:00 CDT,-1,w2,0,2015-06-11 00:00:00,Contract,-1,Contract,2954,2954,-1,-1,20678,3331,-1,24874,0,-1,0,0,-1,0,12597,-1,12598,2015-06-05 03:39:57,-1,2015-06-05 03:39:57,2900,-1,20600,4431,-1,28949,True,True,0,0,0,0,3331,-1,24874,-1,-1,-1,-1,0.0,0,0,0
2015-06-06,2015-06-06 00:00:00,Exxon,PILOT TRAVEL CENTERS LLC 103637 IW,MEMPHIS TN (MOC) - 00QE,Prem CBOB,-1,-1,-1,0,-1,0,-1,-1,-1,0,-1,-1,0,w3,-1,0,-1,-1,-1,-1,-1,-1,-1,-1,150,-1,100,-1,140,-1,-1,-1,-1,-1,w2,1,2015-06-11 00:00:00,-1,-1,-1,3949,-1,-1,-1,-1,-1,-1,-1,-1,-1,-1,-1,-1,-1,-1,-1,-1,2015-06-06 00:00:00,2015-06-06 00:00:00,2015-06-06 00:00:00,2900,-1,20600,4431,-1,28949,True,False,0,0,0,0,-1,-1,-1,-1,-1,-1,-1,-1.0,-1,0,0
2015-06-07,2015-06-07 00:00:00,Exxon,PILOT TRAVEL CENTERS LLC 103637 IW,MEMPHIS TN (MOC) - 00QE,Prem CBOB,-1,-1,-1,0,-1,0,-1,-1,-1,0,-1,-1,0,w3,-1,0,-1,-1,-1,-1,-1,-1,-1,-1,150,-1,100,-1,140,-1,-1,-1,-1,-1,w2,1,2015-06-11 00:00:00,-1,-1,-1,2954,-1,-1,-1,-1,-1,-1,-1,-1,-1,-1,-1,-1,-1,-1,-1,-1,2015-06-07 00:00:00,2015-06-07 00:00:00,2015-06-07 00:00:00,-1,-1,-1,-1,-1,-1,False,False,0,0,0,0,-1,-1,-1,-1,-1,-1,-1,-1.0,-1,0,0
2015-06-08,2015-06-08 00:00:00,Exxon,PILOT TRAVEL CENTERS LLC 103637 IW,MEMPHIS TN (MOC) - 00QE,Prem CBOB,2954,-1,20678,0,3200,0,3200,3200,-1,0,-1,14950,0,w3,3200,0,14950,4431,-1,28949,Available,-1,Available,150%,150,-1,100,140%,140,Below Trend,-1,On Track,06/08 00:00:00 CDT,-1,w2,0,2015-06-11 00:00:00,Contract,-1,Contract,2954,2954,-1,-1,20678,1231,-1,13999,0,-1,0,0,-1,0,15214,-1,15215,2015-06-08 00:45:17,-1,2015-06-08 00:45:17,2900,-1,20600,4431,-1,28949,False,False,0,0,0,0,1231,-1,13999,-1,-1,-1,-1,0.0,0,0,0
2015-06-09,2015-06-09 00:00:00,Exxon,PILOT TRAVEL CENTERS LLC 103637 IW,MEMPHIS TN (MOC) - 00QE,Prem CBOB,2954,-1,-1,0,2350,1,-1,2350,-1,0,-1,-1,0,w4,2350,0,-1,2954,-1,-1,Available,-1,-1,100%,100,-1,100,-1,140,Above Trend,-1,-1,06/10 00:00:00 CDT,-1,w2,1,2015-06-11 00:00:00,Contract,-1,-1,2954,2954,-1,-1,-1,604,-1,-1,0,-1,-1,0,-1,-1,17956,-1,-1,2015-06-09 00:00:00,2015-06-09 00:00:00,2015-06-09 00:00:00,2900,-1,20600,2954,-1,28949,True,False,0,0,0,0,604,-1,-1,-1,-1,-1,-1,0.0,-1,0,0
2015-06-10,2015-06-10 00:00:00,Exxon,PILOT TRAVEL CENTERS LLC 103637 IW,MEMPHIS TN (MOC) - 00QE,Prem CBOB,2954,-1,-1,0,0,0,0,0,-1,0,-1,-1,0,w4,0,0,-1,2954,-1,-1,Available,-1,-1,100%,100,-1,100,-1,140,Below Trend,-1,-1,06/11 00:00:00 CDT,-1,w2,1,2015-06-11 00:00:00,Contract,-1,-1,2954,2954,-1,-1,-1,2954,-1,-1,0,-1,-1,0,-1,-1,20826,-1,-1,2015-06-10 00:00:00,2015-06-10 00:00:00,2015-06-10 00:00:00,2900,-1,-1,2954,-1,-1,True,False,0,0,0,0,2954,-1,-1,-1,-1,-1,-1,0.0,-1,0,0
2015-06-11,2015-06-11 00:00:00,Exxon,PILOT TRAVEL CENTERS LLC 103637 IW,MEMPHIS TN (MOC) - 00QE,Prem CBOB,2954,-1,-1,0,0,0,0,0,-1,0,-1,-1,0,w4,0,0,-1,2954,-1,-1,Available,-1,-1,100%,100,-1,100,-1,140,Below Trend,-1,-1,06/12 00:00:00 CDT,-1,w3,1,2015-06-18 00:00:00,Contract,-1,-1,2954,2954,-1,-1,-1,2954,-1,-1,0,-1,-1,0,-1,-1,22292,-1,-1,2015-06-11 00:00:00,2015-06-11 00:00:00,2015-06-11 00:00:00,2900,-1,-1,2954,-1,-1,True,False,0,0,0,0,2954,-1,-1,-1,-1,-1,-1,0.0,-1,0,0
2015-06-12,2015-06-12 00:00:00,Exxon,PILOT TRAVEL CENTERS LLC 103637 IW,MEMPHIS TN (MOC) - 00QE,Prem CBOB,-1,-1,-1,0,-1,0,-1,-1,-1,0,-1,-1,0,w4,-1,0,-1,-1,-1,-1,-1,-1,-1,-1,100,-1,100,-1,140,-1,-1,-1,-1,-1,w3,1,2015-06-18 00:00:00,-1,-1,-1,2954,-1,-1,-1,-1,-1,-1,-1,-1,-1,-1,-1,-1,-1,-1,-1,-1,2015-06-12 00:00:00,2015-06-12 00:00:00,2015-06-12 00:00:00,2900,-1,-1,2954,-1,-1,False,True,0,0,0,0,-1,-1,-1,-1,-1,-1,-1,-1.0,-1,0,0
2015-06-13,2015-06-13 00:00:00,Exxon,PILOT TRAVEL CENTERS LLC 103637 IW,MEMPHIS TN (MOC) - 00QE,Prem CBOB,2954,-1,-1,0,2200,0,2200,2200,-1,0,-1,-1,0,w4,2200,0,-1,2954,-1,-1,Available,-1,-1,100%,100,-1,100,-1,140,Below Trend,-1,-1,06/14 00:00:00 CDT,-1,w3,1,2015-06-18 00:00:00,Contract,-1,-1,2954,2954,-1,-1,-1,754,-1,-1,0,-1,-1,0,-1,-1,51158,-1,-1,2015-06-13 00:00:00,2015-06-13 00:00:00,2015-06-13 00:00:00,2900,-1,-1,2954,-1,-1,False,False,0,0,0,0,754,-1,-1,-1,-1,-1,-1,0.0,-1,0,0
2015-06-14,2015-06-14 00:00:00,Exxon,PILOT TRAVEL CENTERS LLC 103637 IW,MEMPHIS TN (MOC) - 00QE,Prem CBOB,2954,-1,-1,0,3375,0,3375,3375,-1,0,-1,-1,0,w4,3375,0,-1,2954,-1,-1,Out,-1,-1,100%,100,-1,100,-1,140,On Track,-1,-1,06/15 00:00:00 CDT,-1,w3,1,2015-06-18 00:00:00,Contract,-1,-1,2954,2954,-1,-1,-1,-421,-1,-1,0,-1,-1,0,-1,-1,70942,-1,-1,2015-06-14 00:00:00,2015-06-14 00:00:00,2015-06-14 00:00:00,2900,-1,-1,2954,-1,-1,False,False,0,0,0,0,-421,-1,-1,-1,-1,-1,-1,0.0,-1,0,0
2015-06-15,2015-06-15 00:00:00,Exxon,PILOT TRAVEL CENTERS LLC 103637 IW,MEMPHIS TN (MOC) - 00QE,Prem CBOB,2954,-1,-1,0,0,0,0,0,-1,0,-1,-1,0,w4,0,0,-1,2954,-1,-1,Available,-1,-1,100%,100,-1,100,-1,140,Below Trend,-1,-1,06/16 00:00:00 CDT,-1,w3,1,2015-06-18 00:00:00,Contract,-1,-1,2954,2954,-1,-1,-1,2954,-1,-1,0,-1,-1,0,-1,-1,100225,-1,-1,2015-06-15 00:00:00,2015-06-15 00:00:00,2015-06-15 00:00:00,2900,-1,-1,2954,-1,-1,False,False,0,0,0,0,2954,-1,-1,-1,-1,-1,-1,0.0,-1,0,0
2015-06-16,2015-06-16 00:00:00,Exxon,PILOT TRAVEL CENTERS LLC 103637 IW,MEMPHIS TN (MOC) - 00QE,Prem CBOB,2954,-1,-1,0,1100,0,1100,1100,-1,0,-1,-1,0,w4,1100,0,-1,2954,-1,-1,Available,-1,-1,100%,100,-1,100,-1,140,Below Trend,-1,-1,06/17 00:00:00 CDT,-1,w3,1,2015-06-18 00:00:00,Contract,-1,-1,2954,2954,-1,-1,-1,1854,-1,-1,0,-1,-1,0,-1,-1,122089,-1,-1,2015-06-16 00:00:00,2015-06-16 00:00:00,2015-06-16 00:00:00,2900,-1,-1,2954,-1,-1,False,False,0,0,0,0,1854,-1,-1,-1,-1,-1,-1,0.0,-1,0,0
2015-06-17,2015-06-17 00:00:00,Exxon,PILOT TRAVEL CENTERS LLC 103637 IW,MEMPHIS TN (MOC) - 00QE,Prem CBOB,2954,-1,-1,0,1200,0,1200,1200,-1,0,-1,-1,0,w4,1200,0,-1,2954,-1,-1,Available,-1,-1,100%,100,-1,100,-1,140,Below Trend,-1,-1,06/18 00:00:00 CDT,-1,w3,1,2015-06-18 00:00:00,Contract,-1,-1,2954,2954,-1,-1,-1,1754,-1,-1,0,-1,-1,0,-1,-1,140696,-1,-1,2015-06-17 00:00:00,2015-06-17 00:00:00,2015-06-17 00:00:00,2900,-1,-1,2954,-1,-1,False,False,0,0,0,0,1754,-1,-1,-1,-1,-1,-1,0.0,-1,0,0
2015-06-18,2015-06-18 00:00:00,Exxon,PILOT TRAVEL CENTERS LLC 103637 IW,MEMPHIS TN (MOC) - 00QE,Prem CBOB,2954,-1,20678,3,2850,0,2850,2850,-1,0,-1,2850,0,w4,2850,0,2850,2954,-1,20678,Available,-1,Available,100%,100,-1,100,100%,100,On Track,-1,On Track,06/19 00:00:00 CDT,-1,w4,0,2015-06-25 00:00:00,Contract,-1,Contract,2954,2954,-1,-1,20678,104,-1,17828,0,-1,0,0,-1,0,159432,-1,159433,2015-06-18 23:46:53,-1,2015-06-18 23:46:53,2900,-1,20600,2954,-1,20678,False,True,2850,True,0,0,104,-1,17828,-1,-1,-1,-1,0.0,0,0,0
2015-06-19,2015-06-19 00:00:00,Exxon,PILOT TRAVEL CENTERS LLC 103637 IW,MEMPHIS TN (MOC) - 00QE,Prem CBOB,2954,-1,20678,3,2550,0,2550,2550,-1,0,-1,5400,0,w4,2550,0,5400,2954,-1,20678,Available,-1,Available,100%,100,-1,100,100%,100,On Track,-1,On Track,06/20 00:00:00 CDT,-1,w4,0,2015-06-25 00:00:00,Contract,-1,Contract,2954,2954,-1,-1,20678,404,-1,15278,0,-1,0,0,-1,0,176122,-1,176123,2015-06-19 23:46:46,-1,2015-06-19 23:46:46,2900,-1,20600,2954,-1,20678,False,True,5400,True,0,0,404,-1,15278,-1,-1,-1,-1,0.0,0,0,0
2015-06-20,2015-06-20 00:00:00,Exxon,PILOT TRAVEL CENTERS LLC 103637 IW,MEMPHIS TN (MOC) - 00QE,Prem CBOB,2954,-1,20678,3,1200,0,1200,1200,-1,0,-1,6600,0,w4,1200,0,6600,1182,-1,8271,Out,-1,Out,40%,40,-1,100,40%,40,On Track,-1,Above Trend,06/21 00:00:00 CDT,-1,w4,0,2015-06-25 00:00:00,Contract,-1,Contract,2954,2954,-1,-1,20678,-18,-1,1671,0,-1,0,0,-1,0,190618,-1,190619,2015-06-20 23:46:30,-1,2015-06-20 23:46:30,2900,-1,20600,1181,-1,8271,False,True,6600,True,0,0,-18,-1,1671,-1,-1,-1,-1,0.0,0,0,0
2015-06-21,2015-06-21 00:00:00,Exxon,PILOT TRAVEL CENTERS LLC 103637 IW,MEMPHIS TN (MOC) - 00QE,Prem CBOB,2954,-1,20678,3,0,0,0,0,-1,0,-1,6600,0,w4,0,0,6600,1182,-1,8271,Available,-1,Available,40%,40,-1,100,40%,40,Below Trend,-1,Above Trend,06/22 00:00:00 CDT,-1,w4,0,2015-06-25 00:00:00,Contract,-1,Contract,2954,2954,-1,-1,20678,1182,-1,1671,0,-1,0,0,-1,0,216033,-1,216034,2015-06-21 23:48:38,-1,2015-06-21 23:48:38,2900,-1,20600,1181,-1,8271,False,True,6600,True,0,0,1182,-1,1671,-1,-1,-1,-1,0.0,0,0,0
2015-06-22,2015-06-22 00:00:00,Exxon,PILOT TRAVEL CENTERS LLC 103637 IW,MEMPHIS TN (MOC) - 00QE,Prem CBOB,2954,-1,20678,3,0,0,0,0,-1,0,-1,6600,0,w4,0,0,6600,1182,-1,8271,Available,-1,Available,40%,40,-1,100,40%,40,Below Trend,-1,On Track,06/23 00:00:00 CDT,-1,w4,0,2015-06-25 00:00:00,Contract,-1,Contract,2954,2954,-1,-1,20678,1182,-1,1671,0,-1,0,0,-1,0,238694,-1,238695,2015-06-22 23:46:50,-1,2015-06-22 23:46:50,2900,-1,20600,1181,-1,8271,False,True,6600,True,0,0,1182,-1,1671,-1,-1,-1,-1,0.0,0,0,0
2015-06-23,2015-06-23 00:00:00,Exxon,PILOT TRAVEL CENTERS LLC 103637 IW,MEMPHIS TN (MOC) - 00QE,Prem CBOB,2954,-1,20678,3,0,0,0,0,-1,0,-1,6600,0,w4,0,0,6600,1182,-1,8271,Available,-1,Available,40%,40,-1,100,40%,40,Below Trend,-1,On Track,06/24 00:00:00 CDT,-1,w4,0,2015-06-25 00:00:00,Contract,-1,Contract,2954,2954,-1,-1,20678,1182,-1,1671,0,-1,0,0,-1,0,276435,-1,276436,2015-06-23 23:46:36,-1,2015-06-23 23:46:36,2900,-1,20600,1181,-1,8271,False,True,6600,True,0,0,1182,-1,1671,-1,-1,-1,-1,0.0,0,0,0
2015-06-24,2015-06-24 00:00:00,Exxon,PILOT TRAVEL CENTERS LLC 103637 IW,MEMPHIS TN (MOC) - 00QE,Prem CBOB,2954,-1,20678,0,0,0,0,0,-1,0,-1,6600,0,w4,0,0,6600,1182,-1,8271,Available,-1,Available,40%,40,-1,100,40%,40,Below Trend,-1,On Track,06/25 00:00:00 CDT,-1,w4,0,2015-06-25 00:00:00,Contract,-1,Contract,2954,2954,-1,-1,20678,1182,-1,1671,0,-1,0,0,-1,0,307021,-1,307022,2015-06-24 23:47:34,-1,2015-06-24 23:47:34,2900,-1,20600,1181,-1,8271,False,True,6600,True,0,0,1182,-1,1671,-1,-1,-1,-1,0.0,0,0,0
2015-06-25,2015-06-25 00:00:00,Exxon,PILOT TRAVEL CENTERS LLC 103637 IW,MEMPHIS TN (MOC) - 00QE,Prem CBOB,2954,-1,20678,0,1200,0,1200,1200,-1,0,-1,1200,0,w5,1200,0,1200,1182,-1,8271,Out,-1,Out,40%,40,-1,100,40%,40,On Track,-1,On Track,06/26 00:00:00 CDT,-1,w5,0,2015-07-02 00:00:00,Contract,-1,Contract,2954,2954,-1,-1,20678,-18,-1,7071,0,-1,0,0,-1,0,338447,-1,338448,2015-06-25 23:47:28,-1,2015-06-25 23:47:28,2900,-1,20600,1181,-1,8271,True,True,1200,False,0,0,-18,-1,7071,-1,-1,-1,-1,0.0,0,0,0
2015-06-26,2015-06-26 00:00:00,Exxon,PILOT TRAVEL CENTERS LLC 103637 IW,MEMPHIS TN (MOC) - 00QE,Prem CBOB,2954,-1,-1,0,2275,1,-1,2275,-1,0,-1,-1,0,w6,2275,0,-1,2954,-1,-1,Available,-1,-1,100%,100,-1,100,-1,40,On Track,-1,-1,06/27 00:00:00 CDT,-1,w5,1,2015-07-02 00:00:00,Contract,-1,-1,2954,2954,-1,-1,-1,679,-1,-1,0,-1,-1,0,-1,-1,367763,-1,-1,2015-06-26 00:00:00,2015-06-26 00:00:00,2015-06-26 00:00:00,2900,-1,20600,2954,-1,8271,True,False,3475,False,0,0,679,-1,-1,-1,-1,-1,-1,0.0,-1,0,0
2015-06-27,2015-06-27 00:00:00,Exxon,PILOT TRAVEL CENTERS LLC 103637 IW,MEMPHIS TN (MOC) - 00QE,Prem CBOB,2954,-1,-1,0,3200,0,3200,3200,-1,0,-1,-1,0,w6,3200,0,-1,2954,-1,-1,Out,-1,-1,100%,100,-1,100,-1,40,Above Trend,-1,-1,06/28 00:00:00 CDT,-1,w5,1,2015-07-02 00:00:00,Contract,-1,-1,2954,2954,-1,-1,-1,-246,-1,-1,0,-1,-1,0,-1,-1,393028,-1,-1,2015-06-27 00:00:00,2015-06-27 00:00:00,2015-06-27 00:00:00,2900,-1,-1,2954,-1,-1,False,False,6675,False,0,0,-246,-1,-1,-1,-1,-1,-1,0.0,-1,0,0
2015-06-28,2015-06-28 00:00:00,Exxon,PILOT TRAVEL CENTERS LLC 103637 IW,MEMPHIS TN (MOC) - 00QE,Prem CBOB,2954,-1,-1,0,5600,0,5600,5600,-1,0,-1,-1,0,w6,5600,0,-1,2954,-1,-1,Out,-1,-1,100%,100,-1,100,-1,40,Above Trend,-1,-1,06/29 00:00:00 CDT,-1,w5,1,2015-07-02 00:00:00,Contract,-1,-1,2954,2954,-1,-1,-1,-2646,-1,-1,0,-1,-1,0,-1,-1,419079,-1,-1,2015-06-28 00:00:00,2015-06-28 00:00:00,2015-06-28 00:00:00,2900,-1,-1,2954,-1,-1,False,False,12275,False,0,0,-2646,-1,-1,-1,-1,-1,-1,0.0,-1,0,0
2015-06-29,2015-06-29 00:00:00,Exxon,PILOT TRAVEL CENTERS LLC 103637 IW,MEMPHIS TN (MOC) - 00QE,Prem CBOB,2954,-1,-1,0,2405,0,2405,2405,-1,0,-1,-1,0,w6,2405,0,-1,2954,-1,-1,Available,-1,-1,100%,100,-1,100,-1,40,On Track,-1,-1,06/30 00:00:00 CDT,-1,w5,1,2015-07-02 00:00:00,Contract,-1,-1,3949,3949,-1,-1,-1,549,-1,-1,0,-1,-1,0,-1,-1,449894,-1,-1,2015-06-29 00:00:00,2015-06-29 00:00:00,2015-06-29 00:00:00,2900,-1,-1,2954,-1,-1,False,False,14680,False,0,0,549,-1,-1,-1,-1,-1,-1,0.0,-1,0,0
2015-06-30,2015-06-30 00:00:00,Exxon,PILOT TRAVEL CENTERS LLC 103637 IW,MEMPHIS TN (MOC) - 00QE,Prem CBOB,3949,-1,-1,0,4650,0,4650,4650,-1,0,-1,-1,0,w6,4650,0,-1,3949,-1,-1,Out,-1,-1,100%,100,-1,100,-1,40,Above Trend,-1,-1,07/01 00:00:00 CDT,-1,w5,1,2015-07-02 00:00:00,Contract,-1,-1,3949,3949,-1,-1,-1,-701,-1,-1,0,-1,-1,0,-1,-1,476559,-1,-1,2015-06-30 00:00:00,2015-06-30 00:00:00,2015-06-30 00:00:00,3900,-1,-1,3949,-1,-1,False,False,19330,False,0,0,-701,-1,-1,-1,-1,-1,-1,0.0,-1,0,0
