,date,supplier_name,account_type,supplier_terminal_name,product_name,base_gallons_Daily,base_gallons_Monthly,base_gallons_Weekly,lifted_gallons_daily_flag,lifted_gallons_daily_modified,Modified_WeeksByLiftedGallons,lifted_gallons_modified_WeeksByLiftedGallons,lifted_gallons_Daily,Lifted_actual_monthly,lifted_gallons_monthly_flag,lifted_gallons_Monthly,Lifted_actual_weekly,lifted_gallons_weekly_flag,WeeksByLiftedGallons,lifted_gallonsWeekly_modified_aposteriori,Modified_LiftedGallonsaposteriori,lifted_gallons_Weekly,beginning_gallons_Daily,beginning_gallons_Monthly,beginning_gallons_Weekly,en_allocation_status_Daily,en_allocation_status_Monthly,en_allocation_status_Weekly,percentage_allocation_Daily_actual,percentage_allocation_Daily,percentage_allocation_Monthly_actual,percentage_allocation_Monthly,percentage_allocation_Weekly_actual,percentage_allocation_Weekly,alerts_ratability_Daily,alerts_ratability_Monthly,alerts_ratability_Weekly,next_refresh_date_Daily,next_refresh_date_Monthly,Week_switch,Modified_NRD,next_refresh_date_Weekly,en_account_type_Daily,en_account_type_Monthly,en_account_type_Weekly,NRB_Daily,next_refresh_base_gallons_Daily,NRB_Monthly,next_refresh_base_gallons_Monthly,next_refresh_base_gallons_Weekly,remaining_gallons_Daily,remaining_gallons_Monthly,remaining_gallons_Weekly,additional_gallons_allowed_Daily,additional_gallons_allowed_Monthly,additional_gallons_allowed_Weekly,additional_gallons_remaining_Daily,additional_gallons_remaining_Monthly,additional_gallons_remaining_Weekly,staging_id_Daily,staging_id_Monthly,staging_id_Weekly,execution_date_Daily,execution_date_Monthly,execution_date_Weekly,base_gallons_Daily_Reconciled,base_gallons_Monthly_Reconciled,base_gallons_Weekly_Reconciled,beginning_gallons_Daily_Reconciled,beginning_gallons_Monthly_Reconciled,beginning_gallons_Weekly_Reconciled,sanityWeekly_CumulativeDaily_WeeksByLiftedGallons,sanityWeekly_CumulativeDaily_NextRefreshDate,computedWeekly,sanityComputedWeekly,computedMonthly,sanityComputedMonthly,remaining_gallons_Daily_Reconciled,remaining_gallons_Monthly_Reconciled,remaining_gallons_Weekly_Reconciled,additional_gallons_remaining_Daily_Reconciled,additional_gallons_remaining_Monthly_Reconciled,additional_gallons_remaining_Weekly_Reconciled,Ratability_Monthly,Ratability_Daily,Ratability_Weekly,sanityMonthly_CumulativeDaily_WeeksByLiftedGallons,sanityMonthly_CumulativeDaily_WeeksByNextRefreshDate
2015-06-01,2015-06-01 00:00:00,Exxon,PILOT TRAVEL CENTERS LLC 103637 IW,HAMMOND IN (MOC) - 00DH,ULSD,-1,-1,-1,0,-1,0,-1,-1,-1,0,-1,-1,0,w1,-1,0,-1,-1,-1,-1,-1,-1,-1,-1,-1,-1,-1,-1,-1,-1,-1,-1,-1,-1,w1,1,2015-06-04 00:00:00,-1,-1,-1,431052,-1,12931557,-1,-1,-1,-1,-1,-1,-1,-1,-1,-1,-1,-1,-1,-1,2015-06-01 00:00:00,2015-06-01 00:00:00,2015-06-01 00:00:00,-1,-1,-1,-1,-1,-1,True,True,0,0,0,0,-1,-1,-1,-1,-1,-1,-1.0,-1.0,-1,1,1
2015-06-02,2015-06-02 00:00:00,Exxon,PILOT TRAVEL CENTERS LLC 103637 IW,HAMMOND IN (MOC) - 00DH,ULSD,431052,-1,3017363,3,618199,0,135499,135499,-1,0,-1,1584465,0,w1,135499,0,1584465,646578,-1,4224308,Available,-1,Available,150%,150,-1,-1,140%,140,Below Trend,-1,Below Trend,06/03 00:00:00 EDT,-1,w1,0,2015-06-04 00:00:00,Contract,-1,Contract,431052,431052,12931557,-1,3017363,511079,-1,2639843,0,-1,0,0,-1,0,270,-1,271,2015-06-02 08:05:05,-1,2015-06-02 08:05:05,431000,-1,3017300,646578,-1,4224308,False,False,0,0,0,0,28379,-1,2639843,-1,-1,-1,-1.0,400.0,0,0,0
2015-06-03,2015-06-03 00:00:00,Exxon,PILOT TRAVEL CENTERS LLC 103637 IW,HAMMOND IN (MOC) - 00DH,ULSD,431052,-1,3017363,0,142057,1,624757,142057,-1,0,-1,2209222,0,w1,142057,0,2209222,646578,-1,4224308,Available,-1,Available,150%,150,-1,-1,140%,140,Below Trend,-1,Below Trend,06/04 00:00:00 EDT,-1,w1,0,2015-06-04 00:00:00,Contract,-1,Contract,431052,431052,12931557,-1,3017363,504521,-1,2015086,0,-1,0,0,-1,0,5983,-1,5984,2015-06-03 07:40:41,-1,2015-06-03 07:40:41,431000,-1,3017300,646578,-1,4224308,False,False,0,0,0,0,504521,-1,2015086,-1,-1,-1,-1.0,0.0,0,0,0
2015-06-04,2015-06-04 00:00:00,Exxon,PILOT TRAVEL CENTERS LLC 103637 IW,HAMMOND IN (MOC) - 00DH,ULSD,431052,-1,3017363,3,429280,0,83143,83143,-1,0,-1,83143,0,w2,83143,0,83143,646578,-1,4224308,Available,-1,Available,150%,150,-1,-1,140%,140,Below Trend,-1,Below Trend,06/05 00:00:00 EDT,-1,w2,0,2015-06-11 00:00:00,Contract,-1,Contract,431052,431052,12931557,-1,3017363,563435,-1,4141165,0,-1,0,0,-1,0,8698,-1,8699,2015-06-04 05:31:09,-1,2015-06-04 05:31:09,431000,-1,3017300,646578,-1,4224308,True,False,0,0,0,0,217298,-1,4141165,-1,-1,-1,-1.0,0.0,0,0,0
2015-06-05,2015-06-05 00:00:00,Exxon,PILOT TRAVEL CENTERS LLC 103637 IW,HAMMOND IN (MOC) - 00DH,ULSD,431052,-1,3017363,0,67022,1,413159,67022,-1,0,-1,496302,0,w2,67022,0,496302,646578,-1,4224308,Available,-1,Available,150%,150,-1,-1,140%,140,Below Trend,-1,Below Trend,06/06 00:00:00 EDT,-1,w2,0,2015-06-11 00:00:00,Contract,-1,Contract,431052,431052,12931557,-1,3017363,579556,-1,3728006,0,-1,0,0,-1,0,12593,-1,12594,2015-06-05 03:39:57,-1,2015-06-05 03:39:57,431000,-1,3017300,646578,-1,4224308,True,True,0,0,0,0,579556,-1,3728006,-1,-1,-1,-1.0,0.0,0,0,0
2015-06-06,2015-06-06 00:00:00,Exxon,PILOT TRAVEL CENTERS LLC 103637 IW,HAMMOND IN (MOC) - 00DH,ULSD,-1,-1,-1,0,-1,0,-1,-1,-1,0,-1,-1,0,w3,-1,0,-1,-1,-1,-1,-1,-1,-1,-1,150,-1,-1,-1,140,-1,-1,-1,-1,-1,w2,1,2015-06-11 00:00:00,-1,-1,-1,431052,-1,12931557,-1,-1,-1,-1,-1,-1,-1,-1,-1,-1,-1,-1,-1,-1,2015-06-06 00:00:00,2015-06-06 00:00:00,2015-06-06 00:00:00,431000,-1,3017300,646578,-1,4224308,True,False,0,0,0,0,-1,-1,-1,-1,-1,-1,-1.0,-1.0,-1,0,0
2015-06-07,2015-06-07 00:00:00,Exxon,PILOT TRAVEL CENTERS LLC 103637 IW,HAMMOND IN (MOC) - 00DH,ULSD,-1,-1,-1,0,-1,0,-1,-1,-1,0,-1,-1,0,w3,-1,0,-1,-1,-1,-1,-1,-1,-1,-1,150,-1,-1,-1,140,-1,-1,-1,-1,-1,w2,1,2015-06-11 00:00:00,-1,-1,-1,431052,-1,12931557,-1,-1,-1,-1,-1,-1,-1,-1,-1,-1,-1,-1,-1,-1,2015-06-07 00:00:00,2015-06-07 00:00:00,2015-06-07 00:00:00,-1,-1,-1,-1,-1,-1,False,False,0,0,0,0,-1,-1,-1,-1,-1,-1,-1.0,-1.0,-1,0,0
2015-06-08,2015-06-08 00:00:00,Exxon,PILOT TRAVEL CENTERS LLC 103637 IW,HAMMOND IN (MOC) - 00DH,ULSD,431052,-1,3017363,3,420087,0,0,0,-1,0,-1,1214952,0,w3,0,0,1214952,646578,-1,4224308,Available,-1,Available,150%,150,-1,-1,140%,140,Below Trend,-1,Below Trend,06/09 00:00:00 EDT,-1,w2,0,2015-06-11 00:00:00,Contract,-1,Contract,431052,431052,12931557,-1,3017363,646578,-1,3009356,0,-1,0,0,-1,0,15210,-1,15211,2015-06-08 00:45:17,-1,2015-06-08 00:45:17,431000,-1,3017300,646578,-1,4224308,False,False,0,0,0,0,226491,-1,3009356,-1,-1,-1,-1.0,0.0,0,0,0
2015-06-09,2015-06-09 00:00:00,Exxon,PILOT TRAVEL CENTERS LLC 103637 IW,HAMMOND IN (MOC) - 00DH,ULSD,431052,-1,3017363,0,118999,1,539086,118999,-1,0,-1,1754038,0,w3,118999,0,1754038,646578,-1,4224308,Available,-1,Available,150%,150,-1,-1,140%,140,Below Trend,-1,Below Trend,06/10 00:00:00 EDT,-1,w2,0,2015-06-11 00:00:00,Contract,-1,Contract,431052,431052,12931557,-1,3017363,527579,-1,2470270,0,-1,0,0,-1,0,17952,-1,17953,2015-06-09 07:40:00,-1,2015-06-09 07:40:00,431000,-1,3017300,646578,-1,4224308,False,False,0,0,0,0,527579,-1,2470270,-1,-1,-1,-1.0,0.0,0,0,0
2015-06-10,2015-06-10 00:00:00,Exxon,PILOT TRAVEL CENTERS LLC 103637 IW,HAMMOND IN (MOC) - 00DH,ULSD,-1,12931557,-1,0,-1,0,-1,-1,3600129,0,3600129,-1,0,w4,-1,0,-1,-1,129186254,-1,-1,Available,-1,-1,150,999%,999,-1,140,-1,Below Trend,-1,-1,07/01 00:00:00 EDT,w2,1,2015-06-11 00:00:00,-1,Contract,-1,431052,-1,12931557,12931557,-1,-1,125586125,-1,-1,0,-1,-1,0,-1,-1,20823,-1,2015-06-10 00:00:00,2015-06-10 00:00:00,2015-06-10 00:00:00,431000,12931500,3017300,646578,129186254,4224308,True,False,0,0,0,0,-1,125586125,-1,-1,-1,-1,84.0,-1.0,-1,0,0
2015-06-11,2015-06-11 00:00:00,Exxon,PILOT TRAVEL CENTERS LLC 103637 IW,HAMMOND IN (MOC) - 00DH,ULSD,-1,12931557,-1,0,-1,0,-1,-1,4306080,0,4306080,-1,0,w4,-1,0,-1,-1,129186254,-1,-1,Available,-1,-1,150,999%,999,-1,140,-1,Below Trend,-1,-1,07/01 00:00:00 EDT,w3,1,2015-06-18 00:00:00,-1,Contract,-1,431052,-1,12931557,12931557,-1,-1,124880174,-1,-1,0,-1,-1,0,-1,-1,22289,-1,2015-06-11 00:00:00,2015-06-11 00:00:00,2015-06-11 00:00:00,-1,12931500,-1,-1,129186254,-1,False,True,0,0,0,0,-1,124880174,-1,-1,-1,-1,91.0,-1.0,-1,0,0
2015-06-12,2015-06-12 00:00:00,Exxon,PILOT TRAVEL CENTERS LLC 103637 IW,HAMMOND IN (MOC) - 00DH,ULSD,-1,-1,-1,0,-1,0,-1,-1,-1,0,-1,-1,0,w4,-1,0,-1,-1,-1,-1,-1,-1,-1,-1,150,-1,999,-1,140,-1,-1,-1,-1,-1,w3,1,2015-06-18 00:00:00,-1,-1,-1,431052,-1,12931557,-1,-1,-1,-1,-1,-1,-1,-1,-1,-1,-1,-1,-1,-1,2015-06-12 00:00:00,2015-06-12 00:00:00,2015-06-12 00:00:00,-1,12931500,-1,-1,129186254,-1,False,False,0,0,0,0,-1,-1,-1,-1,-1,-1,-1.0,-1.0,-1,0,0
2015-06-13,2015-06-13 00:00:00,Exxon,PILOT TRAVEL CENTERS LLC 103637 IW,HAMMOND IN (MOC) - 00DH,ULSD,-1,12931557,-1,0,-1,0,-1,-1,5436205,0,5436205,-1,0,w4,-1,0,-1,-1,129186254,-1,-1,Available,-1,-1,150,999%,999,-1,140,-1,Below Trend,-1,-1,07/01 00:00:00 EDT,w3,1,2015-06-18 00:00:00,-1,Contract,-1,431052,-1,12931557,12931557,-1,-1,123750049,-1,-1,0,-1,-1,0,-1,-1,51155,-1,2015-06-13 00:00:00,2015-06-13 00:00:00,2015-06-13 00:00:00,-1,12931500,-1,-1,129186254,-1,False,False,0,0,0,0,-1,123750049,-1,-1,-1,-1,97.0,-1.0,-1,0,0
2015-06-14,2015-06-14 00:00:00,Exxon,PILOT TRAVEL CENTERS LLC 103637 IW,HAMMOND IN (MOC) - 00DH,ULSD,-1,12931557,-1,0,-1,0,-1,-1,5671413,0,5671413,-1,0,w4,-1,0,-1,-1,129186254,-1,-1,Available,-1,-1,150,999%,999,-1,140,-1,Below Trend,-1,-1,07/01 00:00:00 EDT,w3,1,2015-06-18 00:00:00,-1,Contract,-1,431052,-1,12931557,12931557,-1,-1,123514841,-1,-1,0,-1,-1,0,-1,-1,70939,-1,2015-06-14 00:00:00,2015-06-14 00:00:00,2015-06-14 00:00:00,-1,12931500,-1,-1,129186254,-1,False,False,0,0,0,0,-1,123514841,-1,-1,-1,-1,94.0,-1.0,-1,0,0
2015-06-15,2015-06-15 00:00:00,Exxon,PILOT TRAVEL CENTERS LLC 103637 IW,HAMMOND IN (MOC) - 00DH,ULSD,-1,12931557,-1,0,-1,0,-1,-1,6039052,0,6039052,-1,0,w4,-1,0,-1,-1,129186254,-1,-1,Available,-1,-1,150,999%,999,-1,140,-1,Below Trend,-1,-1,07/01 00:00:00 EDT,w3,1,2015-06-18 00:00:00,-1,Contract,-1,431052,-1,12931557,12931557,-1,-1,123147202,-1,-1,0,-1,-1,0,-1,-1,100222,-1,2015-06-15 00:00:00,2015-06-15 00:00:00,2015-06-15 00:00:00,-1,12931500,-1,-1,129186254,-1,False,False,0,0,0,0,-1,123147202,-1,-1,-1,-1,93.0,-1.0,-1,0,0
2015-06-16,2015-06-16 00:00:00,Exxon,PILOT TRAVEL CENTERS LLC 103637 IW,HAMMOND IN (MOC) - 00DH,ULSD,-1,12931557,-1,0,-1,0,-1,-1,6581826,0,6581826,-1,0,w4,-1,0,-1,-1,129186254,-1,-1,Available,-1,-1,150,999%,999,-1,140,-1,Below Trend,-1,-1,07/01 00:00:00 EDT,w3,1,2015-06-18 00:00:00,-1,Contract,-1,431052,-1,12931557,12931557,-1,-1,122604428,-1,-1,0,-1,-1,0,-1,-1,122086,-1,2015-06-16 00:00:00,2015-06-16 00:00:00,2015-06-16 00:00:00,-1,12931500,-1,-1,129186254,-1,False,False,0,0,0,0,-1,122604428,-1,-1,-1,-1,95.0,-1.0,-1,0,0
2015-06-17,2015-06-17 00:00:00,Exxon,PILOT TRAVEL CENTERS LLC 103637 IW,HAMMOND IN (MOC) - 00DH,ULSD,-1,12931557,-1,0,-1,0,-1,-1,7195566,0,7195566,-1,0,w4,-1,0,-1,-1,129186254,-1,-1,Available,-1,-1,150,999%,999,-1,140,-1,Below Trend,-1,-1,07/01 00:00:00 EDT,w3,1,2015-06-18 00:00:00,-1,Contract,-1,431052,-1,12931557,12931557,-1,-1,121990688,-1,-1,0,-1,-1,0,-1,-1,140693,-1,2015-06-17 00:00:00,2015-06-17 00:00:00,2015-06-17 00:00:00,-1,12931500,-1,-1,129186254,-1,False,False,0,0,0,0,-1,121990688,-1,-1,-1,-1,98.0,-1.0,-1,0,0
2015-06-18,2015-06-18 00:00:00,Exxon,PILOT TRAVEL CENTERS LLC 103637 IW,HAMMOND IN (MOC) - 00DH,ULSD,431052,-1,3017363,3,552134,0,522325,522325,-1,0,-1,522325,0,w4,522325,0,522325,646578,-1,4224308,Available,-1,Available,150%,150,-1,999,140%,140,On Track,-1,On Track,06/19 00:00:00 EDT,-1,w4,0,2015-06-25 00:00:00,Contract,-1,Contract,431052,431052,12931557,-1,3017363,124253,-1,3701983,0,-1,0,0,-1,0,159428,-1,159429,2015-06-18 23:46:53,-1,2015-06-18 23:46:53,431000,12931500,3017300,646578,129186254,4224308,False,False,552134,True,0,0,94444,-1,3701983,-1,-1,-1,-1.0,133.0,0,0,0
2015-06-19,2015-06-19 00:00:00,Exxon,PILOT TRAVEL CENTERS LLC 103637 IW,HAMMOND IN (MOC) - 00DH,ULSD,431052,-1,3017363,3,352017,1,366922,337113,-1,0,-1,889247,0,w4,337113,0,889247,646578,-1,4224308,Available,-1,Available,150%,150,-1,999,140%,140,Below Trend,-1,Below Trend,06/20 00:00:00 EDT,-1,w4,0,2015-06-25 00:00:00,Contract,-1,Contract,431052,431052,12931557,-1,3017363,309465,-1,3335061,0,-1,0,0,-1,0,176118,-1,176119,2015-06-19 23:46:46,-1,2015-06-19 23:46:46,431000,-1,3017300,646578,-1,4224308,False,False,904151,True,0,0,294561,-1,3335061,-1,-1,-1,-1.0,0.0,0,0,0
2015-06-20,2015-06-20 00:00:00,Exxon,PILOT TRAVEL CENTERS LLC 103637 IW,HAMMOND IN (MOC) - 00DH,ULSD,431052,-1,3017363,3,272826,1,272824,257920,-1,0,-1,1162071,0,w4,257920,0,1162071,646578,-1,4224308,Available,-1,Available,150%,150,-1,999,140%,140,Below Trend,-1,Below Trend,06/21 00:00:00 EDT,-1,w4,0,2015-06-25 00:00:00,Contract,-1,Contract,431052,431052,12931557,-1,3017363,388658,-1,3062237,0,-1,0,0,-1,0,190614,-1,190615,2015-06-20 23:46:30,-1,2015-06-20 23:46:30,431000,-1,3017300,646578,-1,4224308,False,False,1176977,True,0,0,373752,-1,3062237,-1,-1,-1,-1.0,0.0,0,0,0
2015-06-21,2015-06-21 00:00:00,Exxon,PILOT TRAVEL CENTERS LLC 103637 IW,HAMMOND IN (MOC) - 00DH,ULSD,431052,-1,3017363,3,264296,1,271700,256794,-1,0,-1,1433771,0,w4,256794,0,1433771,646578,-1,4224308,Available,-1,Available,150%,150,-1,999,140%,140,Below Trend,-1,Below Trend,06/22 00:00:00 EDT,-1,w4,0,2015-06-25 00:00:00,Contract,-1,Contract,431052,431052,12931557,-1,3017363,389784,-1,2790537,0,-1,0,0,-1,0,216029,-1,216030,2015-06-21 23:48:38,-1,2015-06-21 23:48:38,431000,-1,3017300,646578,-1,4224308,False,False,1441273,True,0,0,382282,-1,2790537,-1,-1,-1,-1.0,0.0,0,0,0
2015-06-22,2015-06-22 00:00:00,Exxon,PILOT TRAVEL CENTERS LLC 103637 IW,HAMMOND IN (MOC) - 00DH,ULSD,431052,-1,3017363,3,368714,1,368716,361214,-1,0,-1,1802487,0,w4,361214,0,1802487,646578,-1,4224308,Available,-1,Available,150%,150,-1,999,140%,140,Below Trend,-1,Below Trend,06/23 00:00:00 EDT,-1,w4,0,2015-06-25 00:00:00,Contract,-1,Contract,431052,431052,12931557,-1,3017363,285364,-1,2421821,0,-1,0,0,-1,0,238690,-1,238691,2015-06-22 23:46:50,-1,2015-06-22 23:46:50,431000,-1,3017300,646578,-1,4224308,False,False,1809987,True,0,0,277864,-1,2421821,-1,-1,-1,-1.0,0.0,0,0,0
2015-06-23,2015-06-23 00:00:00,Exxon,PILOT TRAVEL CENTERS LLC 103637 IW,HAMMOND IN (MOC) - 00DH,ULSD,431052,-1,3017363,3,510973,1,496075,488575,-1,0,-1,2298562,0,w4,488575,0,2298562,646578,-1,4224308,Available,-1,Available,150%,150,-1,999,140%,140,Below Trend,-1,Below Trend,06/24 00:00:00 EDT,-1,w4,0,2015-06-25 00:00:00,Contract,-1,Contract,431052,431052,12931557,-1,3017363,158003,-1,1925746,0,-1,0,0,-1,0,276431,-1,276432,2015-06-23 23:46:36,-1,2015-06-23 23:46:36,431000,-1,3017300,646578,-1,4224308,False,False,2320960,True,0,0,135605,-1,1925746,-1,-1,-1,-1.0,133.0,0,0,0
2015-06-24,2015-06-24 00:00:00,Exxon,PILOT TRAVEL CENTERS LLC 103637 IW,HAMMOND IN (MOC) - 00DH,ULSD,431052,-1,3017363,0,482041,1,504439,482041,-1,0,-1,2803001,0,w4,482041,0,2803001,646578,-1,4224308,Available,-1,Available,150%,150,-1,999,140%,140,Below Trend,-1,Below Trend,06/25 00:00:00 EDT,-1,w4,0,2015-06-25 00:00:00,Contract,-1,Contract,431052,431052,12931557,-1,3017363,164537,-1,1421307,0,-1,0,0,-1,0,307017,-1,307018,2015-06-24 23:47:34,-1,2015-06-24 23:47:34,431000,-1,3017300,646578,-1,4224308,False,True,2803001,True,0,0,164537,-1,1421307,-1,-1,-1,-1.0,133.0,0,0,0
2015-06-25,2015-06-25 00:00:00,Exxon,PILOT TRAVEL CENTERS LLC 103637 IW,HAMMOND IN (MOC) - 00DH,ULSD,431052,-1,3017363,3,495727,0,480727,480727,-1,0,-1,480727,0,w5,480727,0,480727,646578,-1,4224308,Available,-1,Available,150%,150,-1,999,140%,140,Below Trend,-1,On Track,06/26 00:00:00 EDT,-1,w5,0,2015-07-02 00:00:00,Contract,-1,Contract,431052,431052,12931557,-1,3017363,165851,-1,3743581,0,-1,0,0,-1,0,338443,-1,338444,2015-06-25 23:47:28,-1,2015-06-25 23:47:28,431000,-1,3017300,646578,-1,4224308,True,False,495727,True,0,0,150851,-1,3743581,-1,-1,-1,-1.0,133.0,0,0,0
2015-06-26,2015-06-26 00:00:00,Exxon,PILOT TRAVEL CENTERS LLC 103637 IW,HAMMOND IN (MOC) - 00DH,ULSD,431052,-1,3017363,3,383887,1,391436,376436,-1,0,-1,872163,0,w5,376436,0,872163,646578,-1,4224308,Available,-1,Available,150%,150,-1,999,140%,140,Below Trend,-1,Below Trend,06/27 00:00:00 EDT,-1,w5,0,2015-07-02 00:00:00,Contract,-1,Contract,431052,431052,12931557,-1,3017363,270142,-1,3352145,0,-1,0,0,-1,0,367759,-1,367760,2015-06-26 23:47:35,-1,2015-06-26 23:47:35,431000,-1,3017300,646578,-1,4224308,True,False,879614,True,0,0,262691,-1,3352145,-1,-1,-1,-1.0,0.0,0,0,0
2015-06-27,2015-06-27 00:00:00,Exxon,PILOT TRAVEL CENTERS LLC 103637 IW,HAMMOND IN (MOC) - 00DH,ULSD,431052,-1,3017363,3,305348,1,252587,245136,-1,0,-1,1124750,0,w5,245136,0,1124750,646578,-1,4224308,Available,-1,Available,150%,150,-1,999,140%,140,Below Trend,-1,Below Trend,06/28 00:00:00 EDT,-1,w5,0,2015-07-02 00:00:00,Contract,-1,Contract,431052,431052,12931557,-1,3017363,401442,-1,3099558,0,-1,0,0,-1,0,393024,-1,393025,2015-06-27 20:47:34,-1,2015-06-27 20:47:34,431000,-1,3017300,646578,-1,4224308,True,False,1184962,True,0,0,341230,-1,3099558,-1,-1,-1,-1.0,0.0,0,0,0
2015-06-28,2015-06-28 00:00:00,Exxon,PILOT TRAVEL CENTERS LLC 103637 IW,HAMMOND IN (MOC) - 00DH,ULSD,431052,-1,3017363,3,232214,1,285026,224814,-1,0,-1,1409776,0,w5,224814,0,1409776,646578,-1,4224308,Available,-1,Available,150%,150,-1,999,140%,140,Below Trend,-1,Below Trend,06/29 00:00:00 EDT,-1,w5,0,2015-07-02 00:00:00,Contract,-1,Contract,431052,431052,12931557,-1,3017363,421764,-1,2814532,0,-1,0,0,-1,0,419075,-1,419076,2015-06-28 23:47:50,-1,2015-06-28 23:47:50,431000,-1,3017300,646578,-1,4224308,True,False,1417176,True,0,0,414364,-1,2814532,-1,-1,-1,-1.0,0.0,0,0,0
2015-06-29,2015-06-29 00:00:00,Exxon,PILOT TRAVEL CENTERS LLC 103637 IW,HAMMOND IN (MOC) - 00DH,ULSD,431052,-1,3017363,3,425476,1,403270,395870,-1,0,-1,1813046,0,w5,395870,0,1813046,646578,-1,4224308,Available,-1,Available,150%,150,-1,999,140%,140,Below Trend,-1,Below Trend,06/30 00:00:00 EDT,-1,w5,0,2015-07-02 00:00:00,Contract,-1,Contract,352781,352781,12931557,-1,2469465,250708,-1,2411262,0,-1,0,0,-1,0,449890,-1,449891,2015-06-29 23:47:42,-1,2015-06-29 23:47:42,431000,-1,3017300,646578,-1,4224308,True,False,1842652,True,0,0,221102,-1,2411262,-1,-1,-1,-1.0,0.0,0,0,0
2015-06-30,2015-06-30 00:00:00,Exxon,PILOT TRAVEL CENTERS LLC 103637 IW,HAMMOND IN (MOC) - 00DH,ULSD,352781,-1,3017363,0,546550,1,576156,546550,-1,0,-1,2389202,0,w5,546550,0,2389202,529172,-1,4224308,Out,-1,Out,150%,150,-1,999,140%,140,On Track,-1,Below Trend,07/01 00:00:00 EDT,-1,w5,0,2015-07-02 00:00:00,Contract,-1,Contract,352781,352781,12931557,-1,2469465,-17379,-1,1835106,0,-1,0,0,-1,0,476555,-1,476556,2015-06-30 23:47:31,-1,2015-06-30 23:47:31,352700,-1,3017300,529171,-1,4224308,True,True,2389202,True,0,0,-17378,-1,1835106,-1,-1,-1,-1.0,133.0,0,0,0
