,date,supplier_name,account_type,supplier_terminal_name,product_name,base_gallons_Daily,base_gallons_Monthly,base_gallons_Weekly,lifted_gallons_daily_flag,lifted_gallons_daily_modified,Modified_WeeksByLiftedGallons,lifted_gallons_modified_WeeksByLiftedGallons,lifted_gallons_Daily,Lifted_actual_monthly,lifted_gallons_monthly_flag,lifted_gallons_Monthly,Lifted_actual_weekly,lifted_gallons_weekly_flag,WeeksByLiftedGallons,lifted_gallonsWeekly_modified_aposteriori,Modified_LiftedGallonsaposteriori,lifted_gallons_Weekly,beginning_gallons_Daily,beginning_gallons_Monthly,beginning_gallons_Weekly,en_allocation_status_Daily,en_allocation_status_Monthly,en_allocation_status_Weekly,percentage_allocation_Daily_actual,percentage_allocation_Daily,percentage_allocation_Monthly_actual,percentage_allocation_Monthly,percentage_allocation_Weekly_actual,percentage_allocation_Weekly,alerts_ratability_Daily,alerts_ratability_Monthly,alerts_ratability_Weekly,next_refresh_date_Daily,next_refresh_date_Monthly,Week_switch,Modified_NRD,next_refresh_date_Weekly,en_account_type_Daily,en_account_type_Monthly,en_account_type_Weekly,NRB_Daily,next_refresh_base_gallons_Daily,NRB_Monthly,next_refresh_base_gallons_Monthly,next_refresh_base_gallons_Weekly,remaining_gallons_Daily,remaining_gallons_Monthly,remaining_gallons_Weekly,additional_gallons_allowed_Daily,additional_gallons_allowed_Monthly,additional_gallons_allowed_Weekly,additional_gallons_remaining_Daily,additional_gallons_remaining_Monthly,additional_gallons_remaining_Weekly,staging_id_Daily,staging_id_Monthly,staging_id_Weekly,execution_date_Daily,execution_date_Monthly,execution_date_Weekly,base_gallons_Daily_Reconciled,base_gallons_Monthly_Reconciled,base_gallons_Weekly_Reconciled,beginning_gallons_Daily_Reconciled,beginning_gallons_Monthly_Reconciled,beginning_gallons_Weekly_Reconciled,sanityWeekly_CumulativeDaily_WeeksByLiftedGallons,sanityWeekly_CumulativeDaily_NextRefreshDate,computedWeekly,sanityComputedWeekly,computedMonthly,sanityComputedMonthly,remaining_gallons_Daily_Reconciled,remaining_gallons_Monthly_Reconciled,remaining_gallons_Weekly_Reconciled,additional_gallons_remaining_Daily_Reconciled,additional_gallons_remaining_Monthly_Reconciled,additional_gallons_remaining_Weekly_Reconciled,Ratability_Monthly,Ratability_Daily,Ratability_Weekly,sanityMonthly_CumulativeDaily_WeeksByLiftedGallons,sanityMonthly_CumulativeDaily_WeeksByNextRefreshDate
2015-06-01,2015-06-01 00:00:00,Exxon,PILOT TRAVEL CENTERS LLC 103637 IW,COLTON CA KM TP - 00WM,Regular RFG,-1,-1,-1,0,-1,0,-1,-1,-1,0,-1,-1,0,w1,-1,0,-1,-1,-1,-1,-1,-1,-1,-1,-1,-1,100,-1,-1,-1,-1,-1,-1,-1,w1,1,2015-06-04 00:00:00,-1,-1,-1,12407,-1,-1,-1,-1,-1,-1,-1,-1,-1,-1,-1,-1,-1,-1,-1,-1,2015-06-01 00:00:00,2015-06-01 00:00:00,2015-06-01 00:00:00,-1,-1,-1,-1,-1,-1,True,True,0,0,0,0,-1,-1,-1,-1,-1,-1,-1,-1.0,-1,1,1
2015-06-02,2015-06-02 00:00:00,Exxon,PILOT TRAVEL CENTERS LLC 103637 IW,COLTON CA KM TP - 00WM,Regular RFG,12407,-1,86846,3,16012,0,0,0,-1,0,-1,76032,0,w1,0,0,76032,15509,-1,95531,Available,-1,Available,125%,125,-1,100,110%,110,Below Trend,-1,On Track,06/03 00:00:00 PDT,-1,w1,0,2015-06-04 00:00:00,Contract,-1,Contract,12407,12407,-1,-1,86846,15509,-1,19499,0,-1,0,0,-1,0,263,-1,264,2015-06-02 08:05:05,-1,2015-06-02 08:05:05,12400,-1,86800,15508,-1,95530,False,False,0,0,0,0,-503,-1,19499,-1,-1,-1,-1,400.0,0,1,0
2015-06-03,2015-06-03 00:00:00,Exxon,PILOT TRAVEL CENTERS LLC 103637 IW,COLTON CA KM TP - 00WM,Regular RFG,12407,-1,86846,0,7702,1,23714,7702,-1,0,-1,99746,0,w1,7702,0,99746,15509,-1,95531,Out,-1,Out,125%,125,-1,100,110%,110,Above Trend,-1,On Track,06/04 00:00:00 PDT,-1,w1,0,2015-06-04 00:00:00,Contract,-1,Contract,12407,12407,-1,-1,86846,7807,-1,-4215,0,-1,0,0,-1,0,5976,-1,5977,2015-06-03 07:40:41,-1,2015-06-03 07:40:41,12400,-1,86800,15508,-1,95530,False,False,0,0,0,0,7807,-1,-4215,-1,-1,-1,-1,0.0,100,0,0
2015-06-04,2015-06-04 00:00:00,Exxon,PILOT TRAVEL CENTERS LLC 103637 IW,COLTON CA KM TP - 00WM,Regular RFG,12407,-1,86846,3,16999,0,8499,8499,-1,0,-1,8499,0,w2,8499,0,8499,15509,-1,95531,Available,-1,Available,125%,125,-1,100,110%,110,Above Trend,-1,Above Trend,06/05 00:00:00 PDT,-1,w2,0,2015-06-11 00:00:00,Contract,-1,Contract,12407,12407,-1,-1,86846,7010,-1,87032,0,-1,0,0,-1,0,8689,-1,8690,2015-06-04 05:31:09,-1,2015-06-04 05:31:09,12400,-1,86800,15508,-1,95530,True,False,0,0,0,0,-1490,-1,87032,-1,-1,-1,-1,0.0,0,0,0
2015-06-05,2015-06-05 00:00:00,Exxon,PILOT TRAVEL CENTERS LLC 103637 IW,COLTON CA KM TP - 00WM,Regular RFG,12407,-1,86846,0,0,1,8500,0,-1,0,-1,16999,0,w2,0,0,16999,15509,-1,95531,Available,-1,Available,125%,125,-1,100,110%,110,Below Trend,-1,Above Trend,06/06 00:00:00 PDT,-1,w2,0,2015-06-11 00:00:00,Contract,-1,Contract,12407,12407,-1,-1,86846,15509,-1,78532,0,-1,0,0,-1,0,12584,-1,12585,2015-06-05 03:39:57,-1,2015-06-05 03:39:57,12400,-1,86800,15508,-1,95530,True,True,0,0,0,0,15509,-1,78532,-1,-1,-1,-1,0.0,0,0,0
2015-06-06,2015-06-06 00:00:00,Exxon,PILOT TRAVEL CENTERS LLC 103637 IW,COLTON CA KM TP - 00WM,Regular RFG,-1,-1,-1,0,-1,0,-1,-1,-1,0,-1,-1,0,w3,-1,0,-1,-1,-1,-1,-1,-1,-1,-1,125,-1,100,-1,110,-1,-1,-1,-1,-1,w2,1,2015-06-11 00:00:00,-1,-1,-1,12407,-1,-1,-1,-1,-1,-1,-1,-1,-1,-1,-1,-1,-1,-1,-1,-1,2015-06-06 00:00:00,2015-06-06 00:00:00,2015-06-06 00:00:00,12400,-1,86800,15508,-1,95530,True,False,0,0,0,0,-1,-1,-1,-1,-1,-1,-1,-1.0,-1,0,0
2015-06-07,2015-06-07 00:00:00,Exxon,PILOT TRAVEL CENTERS LLC 103637 IW,COLTON CA KM TP - 00WM,Regular RFG,-1,-1,-1,0,-1,0,-1,-1,-1,0,-1,-1,0,w3,-1,0,-1,-1,-1,-1,-1,-1,-1,-1,125,-1,100,-1,110,-1,-1,-1,-1,-1,w2,1,2015-06-11 00:00:00,-1,-1,-1,12407,-1,-1,-1,-1,-1,-1,-1,-1,-1,-1,-1,-1,-1,-1,-1,-1,2015-06-07 00:00:00,2015-06-07 00:00:00,2015-06-07 00:00:00,-1,-1,-1,-1,-1,-1,False,False,0,0,0,0,-1,-1,-1,-1,-1,-1,-1,-1.0,-1,0,0
2015-06-08,2015-06-08 00:00:00,Exxon,PILOT TRAVEL CENTERS LLC 103637 IW,COLTON CA KM TP - 00WM,Regular RFG,12407,-1,86846,3,36651,0,20850,20850,-1,0,-1,69663,0,w3,20850,0,69663,15509,-1,95531,Out,-1,Out,125%,125,-1,100,110%,110,Above Trend,-1,Above Trend,06/08 00:00:00 PDT,-1,w2,0,2015-06-11 00:00:00,Contract,-1,Contract,12407,12407,-1,-1,86846,-5341,-1,25868,0,-1,0,0,-1,0,15201,-1,15202,2015-06-08 00:45:17,-1,2015-06-08 00:45:17,12400,-1,86800,15508,-1,95530,False,False,0,0,0,0,-21142,-1,25868,-1,-1,-1,-1,0.0,0,0,0
2015-06-09,2015-06-09 00:00:00,Exxon,PILOT TRAVEL CENTERS LLC 103637 IW,COLTON CA KM TP - 00WM,Regular RFG,12407,-1,86846,3,0,1,24003,8202,-1,0,-1,93666,0,w3,8202,0,93666,12407,-1,86846,Out,-1,Out,100%,100,-1,100,100%,100,Above Trend,-1,Above Trend,06/10 00:00:00 PDT,-1,w2,0,2015-06-11 00:00:00,Contract,-1,Contract,12407,12407,-1,-1,86846,4205,-1,-6820,0,-1,0,0,-1,0,17943,-1,17944,2015-06-09 07:40:00,-1,2015-06-09 07:40:00,12400,-1,86800,12407,-1,86846,False,False,0,0,0,0,12407,-1,-6820,-1,-1,-1,-1,0.0,0,0,0
2015-06-10,2015-06-10 00:00:00,Exxon,PILOT TRAVEL CENTERS LLC 103637 IW,COLTON CA KM TP - 00WM,Regular RFG,12407,-1,86846,0,8202,1,0,8202,-1,0,-1,93666,0,w3,8202,0,93666,12407,-1,86846,Out,-1,Out,100%,100,-1,100,100%,100,Below Trend,-1,Above Trend,06/10 00:00:00 PDT,-1,w2,0,2015-06-11 00:00:00,Contract,-1,Contract,12407,12407,-1,-1,86846,4205,-1,-6820,0,-1,0,0,-1,0,20814,-1,20815,2015-06-10 01:02:46,-1,2015-06-10 01:02:46,12400,-1,86800,12407,-1,86846,False,False,0,0,0,0,4205,-1,-6820,-1,-1,-1,-1,0.0,100,0,0
2015-06-11,2015-06-11 00:00:00,Exxon,PILOT TRAVEL CENTERS LLC 103637 IW,COLTON CA KM TP - 00WM,Regular RFG,12407,-1,86846,0,0,0,0,0,-1,0,-1,0,0,w4,0,0,0,12407,-1,86846,Available,-1,Available,100%,100,-1,100,100%,100,Below Trend,-1,Below Trend,06/12 00:00:00 PDT,-1,w3,0,2015-06-18 00:00:00,Contract,-1,Contract,12407,12407,-1,-1,86846,12407,-1,86846,0,-1,0,0,-1,0,22281,-1,22282,2015-06-11 06:21:08,-1,2015-06-11 06:21:08,12400,-1,86800,12407,-1,86846,True,True,0,True,0,0,12407,-1,86846,-1,-1,-1,-1,0.0,0,0,0
2015-06-12,2015-06-12 00:00:00,Exxon,PILOT TRAVEL CENTERS LLC 103637 IW,COLTON CA KM TP - 00WM,Regular RFG,-1,-1,-1,4,15902,0,-1,-1,-1,0,-1,-1,4,w5,-1,0,15902,-1,-1,-1,-1,-1,-1,-1,100,-1,100,-1,100,-1,-1,-1,-1,-1,w3,1,2015-06-18 00:00:00,-1,-1,-1,12407,-1,-1,-1,-1,-1,-1,-1,-1,-1,-1,-1,-1,-1,-1,-1,-1,2015-06-12 00:00:00,2015-06-12 00:00:00,2015-06-12 00:00:00,12400,-1,86800,12407,-1,86846,True,True,15902,True,0,0,-1,-1,-1,-1,-1,-1,-1,0.0,0,0,0
2015-06-13,2015-06-13 00:00:00,Exxon,PILOT TRAVEL CENTERS LLC 103637 IW,COLTON CA KM TP - 00WM,Regular RFG,12407,-1,86846,3,15001,0,15001,15001,-1,0,-1,30903,0,w5,15001,0,30903,12407,-1,86846,Out,-1,Out,100%,100,-1,100,100%,100,Above Trend,-1,On Track,06/14 00:00:00 PDT,-1,w3,0,2015-06-18 00:00:00,Contract,-1,Contract,12407,12407,-1,-1,86846,-2594,-1,55943,0,-1,0,0,-1,0,51145,-1,51146,2015-06-13 23:51:33,-1,2015-06-13 23:51:33,12400,-1,86800,12407,-1,86846,False,True,30903,True,0,0,-2594,-1,55943,-1,-1,-1,-1,133.0,0,0,0
2015-06-14,2015-06-14 00:00:00,Exxon,PILOT TRAVEL CENTERS LLC 103637 IW,COLTON CA KM TP - 00WM,Regular RFG,12407,-1,86846,3,14602,0,14602,14602,-1,0,-1,45505,0,w5,14602,0,45505,12407,-1,86846,Out,-1,Out,100%,100,-1,100,100%,100,Above Trend,-1,On Track,06/15 00:00:00 PDT,-1,w3,0,2015-06-18 00:00:00,Contract,-1,Contract,12407,12407,-1,-1,86846,-2195,-1,41341,0,-1,0,0,-1,0,70929,-1,70930,2015-06-14 23:51:41,-1,2015-06-14 23:51:41,12400,-1,86800,12407,-1,86846,False,True,45505,True,0,0,-2195,-1,41341,-1,-1,-1,-1,133.0,0,0,0
2015-06-15,2015-06-15 00:00:00,Exxon,PILOT TRAVEL CENTERS LLC 103637 IW,COLTON CA KM TP - 00WM,Regular RFG,12407,-1,86846,3,15203,0,15203,15203,-1,0,-1,60708,0,w5,15203,0,60708,12407,-1,86846,Out,-1,Out,100%,100,-1,100,100%,100,Above Trend,-1,On Track,06/16 00:00:00 PDT,-1,w3,0,2015-06-18 00:00:00,Contract,-1,Contract,12407,12407,-1,-1,86846,-2796,-1,26138,0,-1,0,0,-1,0,100212,-1,100213,2015-06-15 23:48:49,-1,2015-06-15 23:48:49,12400,-1,86800,12407,-1,86846,False,True,60708,True,0,0,-2796,-1,26138,-1,-1,-1,-1,133.0,0,0,0
2015-06-16,2015-06-16 00:00:00,Exxon,PILOT TRAVEL CENTERS LLC 103637 IW,COLTON CA KM TP - 00WM,Regular RFG,12407,-1,86846,3,15000,0,15000,15000,-1,0,-1,75708,0,w5,15000,0,75708,12407,-1,86846,Out,-1,Out,100%,100,-1,100,100%,100,Above Trend,-1,On Track,06/17 00:00:00 PDT,-1,w3,0,2015-06-18 00:00:00,Contract,-1,Contract,12407,12407,-1,-1,86846,-2593,-1,11138,0,-1,0,0,-1,0,122077,-1,122078,2015-06-16 23:46:47,-1,2015-06-16 23:46:47,12400,-1,86800,12407,-1,86846,False,True,75708,True,0,0,-2593,-1,11138,-1,-1,-1,-1,133.0,0,0,0
2015-06-17,2015-06-17 00:00:00,Exxon,PILOT TRAVEL CENTERS LLC 103637 IW,COLTON CA KM TP - 00WM,Regular RFG,12407,-1,86846,0,13509,0,13509,13509,-1,0,-1,89217,0,w5,13509,0,89217,12407,-1,86846,Out,-1,Out,100%,100,-1,100,100%,100,Above Trend,-1,On Track,06/18 00:00:00 PDT,-1,w3,0,2015-06-18 00:00:00,Contract,-1,Contract,12407,12407,-1,-1,86846,-1102,-1,-2371,0,-1,0,0,-1,0,140684,-1,140685,2015-06-17 23:46:45,-1,2015-06-17 23:46:45,12400,-1,86800,12407,-1,86846,False,True,89217,True,0,0,-1102,-1,-2371,-1,-1,-1,-1,133.0,100,0,0
2015-06-18,2015-06-18 00:00:00,Exxon,PILOT TRAVEL CENTERS LLC 103637 IW,COLTON CA KM TP - 00WM,Regular RFG,12407,-1,86846,3,14912,0,14912,14912,-1,0,-1,14912,0,w6,14912,0,14912,12407,-1,86846,Out,-1,Out,100%,100,-1,100,100%,100,Above Trend,-1,Above Trend,06/19 00:00:00 PDT,-1,w4,0,2015-06-25 00:00:00,Contract,-1,Contract,12407,12407,-1,-1,86846,-2505,-1,71934,0,-1,0,0,-1,0,159419,-1,159420,2015-06-18 23:46:53,-1,2015-06-18 23:46:53,12400,-1,86800,12407,-1,86846,True,True,14912,True,0,0,-2505,-1,71934,-1,-1,-1,-1,133.0,0,0,0
2015-06-19,2015-06-19 00:00:00,Exxon,PILOT TRAVEL CENTERS LLC 103637 IW,COLTON CA KM TP - 00WM,Regular RFG,12407,-1,86846,3,8500,0,8500,8500,-1,0,-1,23412,0,w6,8500,0,23412,12407,-1,86846,Available,-1,Available,100%,100,-1,100,100%,100,Below Trend,-1,On Track,06/20 00:00:00 PDT,-1,w4,0,2015-06-25 00:00:00,Contract,-1,Contract,12407,12407,-1,-1,86846,3907,-1,63434,0,-1,0,0,-1,0,176109,-1,176110,2015-06-19 23:46:46,-1,2015-06-19 23:46:46,12400,-1,86800,12407,-1,86846,True,True,23412,True,0,0,3907,-1,63434,-1,-1,-1,-1,0.0,0,0,0
2015-06-20,2015-06-20 00:00:00,Exxon,PILOT TRAVEL CENTERS LLC 103637 IW,COLTON CA KM TP - 00WM,Regular RFG,12407,-1,86846,3,15101,0,15101,15101,-1,0,-1,38513,0,w6,15101,0,38513,12407,-1,86846,Out,-1,Out,100%,100,-1,100,100%,100,Above Trend,-1,On Track,06/21 00:00:00 PDT,-1,w4,0,2015-06-25 00:00:00,Contract,-1,Contract,12407,12407,-1,-1,86846,-2694,-1,48333,0,-1,0,0,-1,0,190605,-1,190606,2015-06-20 23:46:30,-1,2015-06-20 23:46:30,12400,-1,86800,12407,-1,86846,True,True,38513,True,0,0,-2694,-1,48333,-1,-1,-1,-1,133.0,0,0,0
2015-06-21,2015-06-21 00:00:00,Exxon,PILOT TRAVEL CENTERS LLC 103637 IW,COLTON CA KM TP - 00WM,Regular RFG,12407,-1,86846,3,14602,0,14602,14602,-1,0,-1,53115,0,w6,14602,0,53115,12407,-1,86846,Out,-1,Out,100%,100,-1,100,100%,100,Above Trend,-1,On Track,06/22 00:00:00 PDT,-1,w4,0,2015-06-25 00:00:00,Contract,-1,Contract,12407,12407,-1,-1,86846,-2195,-1,33731,0,-1,0,0,-1,0,216020,-1,216021,2015-06-21 23:48:38,-1,2015-06-21 23:48:38,12400,-1,86800,12407,-1,86846,True,True,53115,True,0,0,-2195,-1,33731,-1,-1,-1,-1,133.0,0,0,0
2015-06-22,2015-06-22 00:00:00,Exxon,PILOT TRAVEL CENTERS LLC 103637 IW,COLTON CA KM TP - 00WM,Regular RFG,12407,-1,86846,3,20201,0,20201,20201,-1,0,-1,73316,0,w6,20201,0,73316,15509,-1,95531,Out,-1,Out,125%,125,-1,100,110%,110,Above Trend,-1,On Track,06/23 00:00:00 PDT,-1,w4,0,2015-06-25 00:00:00,Contract,-1,Contract,12407,12407,-1,-1,86846,-4692,-1,22215,0,-1,0,0,-1,0,238681,-1,238682,2015-06-22 23:46:50,-1,2015-06-22 23:46:50,12400,-1,86800,15508,-1,95530,True,True,73316,True,0,0,-4692,-1,22215,-1,-1,-1,-1,133.0,0,0,0
2015-06-23,2015-06-23 00:00:00,Exxon,PILOT TRAVEL CENTERS LLC 103637 IW,COLTON CA KM TP - 00WM,Regular RFG,12407,-1,86846,3,17001,0,17001,17001,-1,0,-1,90317,0,w6,17001,0,90317,15509,-1,95531,Out,-1,Out,125%,125,-1,100,110%,110,Above Trend,-1,On Track,06/24 00:00:00 PDT,-1,w4,0,2015-06-25 00:00:00,Contract,-1,Contract,12407,12407,-1,-1,86846,-1492,-1,5214,0,-1,0,0,-1,0,276422,-1,276423,2015-06-23 23:46:36,-1,2015-06-23 23:46:36,12400,-1,86800,15508,-1,95530,True,True,90317,True,0,0,-1492,-1,5214,-1,-1,-1,-1,133.0,0,0,0
2015-06-24,2015-06-24 00:00:00,Exxon,PILOT TRAVEL CENTERS LLC 103637 IW,COLTON CA KM TP - 00WM,Regular RFG,12407,-1,86846,0,8100,0,8100,8100,-1,0,-1,98417,0,w6,8100,0,98417,15509,-1,95531,Out,-1,Out,125%,125,-1,100,110%,110,Below Trend,-1,On Track,06/25 00:00:00 PDT,-1,w4,0,2015-06-25 00:00:00,Contract,-1,Contract,12407,12407,-1,-1,86846,7409,-1,-2886,0,-1,0,0,-1,0,307008,-1,307009,2015-06-24 23:47:34,-1,2015-06-24 23:47:34,12400,-1,86800,15508,-1,95530,True,True,98417,True,0,0,7409,-1,-2886,-1,-1,-1,-1,0.0,100,0,0
2015-06-25,2015-06-25 00:00:00,Exxon,PILOT TRAVEL CENTERS LLC 103637 IW,COLTON CA KM TP - 00WM,Regular RFG,12407,-1,86846,3,7300,0,7300,7300,-1,0,-1,7300,0,w7,7300,0,7300,15509,-1,95531,Available,-1,Available,125%,125,-1,100,110%,110,Below Trend,-1,Below Trend,06/26 00:00:00 PDT,-1,w5,0,2015-07-02 00:00:00,Contract,-1,Contract,12407,12407,-1,-1,86846,8209,-1,88231,0,-1,0,0,-1,0,338434,-1,338435,2015-06-25 23:47:28,-1,2015-06-25 23:47:28,12400,-1,86800,15508,-1,95530,True,True,7300,True,0,0,8209,-1,88231,-1,-1,-1,-1,0.0,0,0,0
2015-06-26,2015-06-26 00:00:00,Exxon,PILOT TRAVEL CENTERS LLC 103637 IW,COLTON CA KM TP - 00WM,Regular RFG,12407,-1,86846,3,22409,0,15109,15109,-1,0,-1,22409,0,w7,15109,0,22409,15509,-1,95531,Available,-1,Available,125%,125,-1,100,110%,110,On Track,-1,On Track,06/27 00:00:00 PDT,-1,w5,0,2015-07-02 00:00:00,Contract,-1,Contract,12407,12407,-1,-1,86846,400,-1,73122,0,-1,0,0,-1,0,367750,-1,367751,2015-06-26 23:47:35,-1,2015-06-26 23:47:35,12400,-1,86800,15508,-1,95530,True,False,29709,True,0,0,-6900,-1,73122,-1,-1,-1,-1,133.0,0,0,0
2015-06-27,2015-06-27 00:00:00,Exxon,PILOT TRAVEL CENTERS LLC 103637 IW,COLTON CA KM TP - 00WM,Regular RFG,12407,-1,86846,3,21903,1,29203,21903,-1,0,-1,51612,0,w7,21903,0,51612,15509,-1,95531,Out,-1,Out,125%,125,-1,100,110%,110,Above Trend,-1,Above Trend,06/28 00:00:00 PDT,-1,w5,0,2015-07-02 00:00:00,Contract,-1,Contract,12407,12407,-1,-1,86846,-6394,-1,43919,0,-1,0,0,-1,0,393015,-1,393016,2015-06-27 20:47:34,-1,2015-06-27 20:47:34,12400,-1,86800,15508,-1,95530,True,True,51612,True,0,0,-6394,-1,43919,-1,-1,-1,-1,133.0,0,0,0
2015-06-28,2015-06-28 00:00:00,Exxon,PILOT TRAVEL CENTERS LLC 103637 IW,COLTON CA KM TP - 00WM,Regular RFG,12407,-1,86846,3,17803,0,17803,17803,-1,0,-1,69415,0,w7,17803,0,69415,15509,-1,95531,Out,-1,Out,125%,125,-1,100,110%,110,Above Trend,-1,Above Trend,06/29 00:00:00 PDT,-1,w5,0,2015-07-02 00:00:00,Contract,-1,Contract,12407,12407,-1,-1,86846,-2294,-1,26116,0,-1,0,0,-1,0,419066,-1,419067,2015-06-28 23:47:50,-1,2015-06-28 23:47:50,12400,-1,86800,15508,-1,95530,True,True,69415,True,0,0,-2294,-1,26116,-1,-1,-1,-1,133.0,0,0,0
2015-06-29,2015-06-29 00:00:00,Exxon,PILOT TRAVEL CENTERS LLC 103637 IW,COLTON CA KM TP - 00WM,Regular RFG,12407,-1,86846,3,19300,0,19300,19300,-1,0,-1,88715,0,w7,19300,0,88715,15509,-1,95531,Out,-1,Out,125%,125,-1,100,110%,110,Above Trend,-1,Above Trend,06/30 00:00:00 PDT,-1,w5,0,2015-07-02 00:00:00,Contract,-1,Contract,6895,6895,-1,-1,48264,-3791,-1,6816,0,-1,0,0,-1,0,449881,-1,449882,2015-06-29 23:47:42,-1,2015-06-29 23:47:42,12400,-1,86800,15508,-1,95530,True,True,88715,True,0,0,-3791,-1,6816,-1,-1,-1,-1,133.0,0,0,0
2015-06-30,2015-06-30 00:00:00,Exxon,PILOT TRAVEL CENTERS LLC 103637 IW,COLTON CA KM TP - 00WM,Regular RFG,6895,-1,86846,0,7303,0,7303,7303,-1,0,-1,96018,0,w7,7303,0,96018,8619,-1,95531,Out,-1,Out,125%,125,-1,100,110%,110,On Track,-1,On Track,07/01 00:00:00 PDT,-1,w5,0,2015-07-02 00:00:00,Contract,-1,Contract,6895,6895,-1,-1,48264,1316,-1,-487,0,-1,0,0,-1,0,476546,-1,476547,2015-06-30 23:47:31,-1,2015-06-30 23:47:31,6800,-1,86800,8618,-1,95530,True,True,96018,True,0,0,1316,-1,-487,-1,-1,-1,-1,133.0,0,0,0
