,date,supplier_name,account_type,supplier_terminal_name,product_name,base_gallons_Daily,base_gallons_Monthly,base_gallons_Weekly,lifted_gallons_daily_flag,lifted_gallons_daily_modified,Modified_WeeksByLiftedGallons,lifted_gallons_modified_WeeksByLiftedGallons,lifted_gallons_Daily,Lifted_actual_monthly,lifted_gallons_monthly_flag,lifted_gallons_Monthly,Lifted_actual_weekly,lifted_gallons_weekly_flag,WeeksByLiftedGallons,lifted_gallonsWeekly_modified_aposteriori,Modified_LiftedGallonsaposteriori,lifted_gallons_Weekly,beginning_gallons_Daily,beginning_gallons_Monthly,beginning_gallons_Weekly,en_allocation_status_Daily,en_allocation_status_Monthly,en_allocation_status_Weekly,percentage_allocation_Daily_actual,percentage_allocation_Daily,percentage_allocation_Monthly_actual,percentage_allocation_Monthly,percentage_allocation_Weekly_actual,percentage_allocation_Weekly,alerts_ratability_Daily,alerts_ratability_Monthly,alerts_ratability_Weekly,next_refresh_date_Daily,next_refresh_date_Monthly,Week_switch,Modified_NRD,next_refresh_date_Weekly,en_account_type_Daily,en_account_type_Monthly,en_account_type_Weekly,NRB_Daily,next_refresh_base_gallons_Daily,NRB_Monthly,next_refresh_base_gallons_Monthly,next_refresh_base_gallons_Weekly,remaining_gallons_Daily,remaining_gallons_Monthly,remaining_gallons_Weekly,additional_gallons_allowed_Daily,additional_gallons_allowed_Monthly,additional_gallons_allowed_Weekly,additional_gallons_remaining_Daily,additional_gallons_remaining_Monthly,additional_gallons_remaining_Weekly,staging_id_Daily,staging_id_Monthly,staging_id_Weekly,execution_date_Daily,execution_date_Monthly,execution_date_Weekly,base_gallons_Daily_Reconciled,base_gallons_Monthly_Reconciled,base_gallons_Weekly_Reconciled,beginning_gallons_Daily_Reconciled,beginning_gallons_Monthly_Reconciled,beginning_gallons_Weekly_Reconciled,sanityWeekly_CumulativeDaily_WeeksByLiftedGallons,sanityWeekly_CumulativeDaily_NextRefreshDate,computedWeekly,sanityComputedWeekly,computedMonthly,sanityComputedMonthly,remaining_gallons_Daily_Reconciled,remaining_gallons_Monthly_Reconciled,remaining_gallons_Weekly_Reconciled,additional_gallons_remaining_Daily_Reconciled,additional_gallons_remaining_Monthly_Reconciled,additional_gallons_remaining_Weekly_Reconciled,Ratability_Monthly,Ratability_Daily,Ratability_Weekly,sanityMonthly_CumulativeDaily_WeeksByLiftedGallons,sanityMonthly_CumulativeDaily_WeeksByNextRefreshDate
2015-06-01,2015-06-01 00:00:00,Exxon,PILOT TRAVEL CENTERS LLC 103637 IW,LOCKPORT IL (MOC) - 00MD,ULSD,-1,-1,-1,0,-1,0,-1,-1,-1,0,-1,-1,0,w1,-1,0,-1,-1,-1,-1,-1,-1,-1,-1,-1,-1,100,-1,-1,-1,-1,-1,-1,-1,w1,1,2015-06-04 00:00:00,-1,-1,-1,58784,-1,-1,-1,-1,-1,-1,-1,-1,-1,-1,-1,-1,-1,-1,-1,-1,2015-06-01 00:00:00,2015-06-01 00:00:00,2015-06-01 00:00:00,-1,-1,-1,-1,-1,-1,True,True,0,0,0,0,-1,-1,-1,-1,-1,-1,-1,-1.0,-1,1,1
2015-06-02,2015-06-02 00:00:00,Exxon,PILOT TRAVEL CENTERS LLC 103637 IW,LOCKPORT IL (MOC) - 00MD,ULSD,58784,-1,411490,3,59607,0,29955,29955,-1,0,-1,149615,0,w1,29955,0,149615,88176,-1,576086,Available,-1,Available,150%,150,-1,100,140%,140,On Track,-1,Below Trend,06/03 00:00:00 CDT,-1,w1,0,2015-06-04 00:00:00,Contract,-1,Contract,58784,58784,-1,-1,411490,58221,-1,426471,0,-1,0,0,-1,0,272,-1,273,2015-06-02 08:05:05,-1,2015-06-02 08:05:05,58700,-1,411400,88176,-1,576086,False,False,0,0,0,0,28569,-1,426471,-1,-1,-1,-1,400.0,0,0,0
2015-06-03,2015-06-03 00:00:00,Exxon,PILOT TRAVEL CENTERS LLC 103637 IW,LOCKPORT IL (MOC) - 00MD,ULSD,58784,-1,411490,0,14952,1,44604,14952,-1,0,-1,194219,0,w1,14952,0,194219,88176,-1,576086,Available,-1,Available,150%,150,-1,100,140%,140,Below Trend,-1,Below Trend,06/04 00:00:00 CDT,-1,w1,0,2015-06-04 00:00:00,Contract,-1,Contract,58784,58784,-1,-1,411490,73224,-1,381867,0,-1,0,0,-1,0,5985,-1,5986,2015-06-03 07:40:41,-1,2015-06-03 07:40:41,58700,-1,411400,88176,-1,576086,False,False,0,0,0,0,73224,-1,381867,-1,-1,-1,-1,0.0,0,0,0
2015-06-04,2015-06-04 00:00:00,Exxon,PILOT TRAVEL CENTERS LLC 103637 IW,LOCKPORT IL (MOC) - 00MD,ULSD,58784,-1,411490,3,37304,0,7350,7350,-1,0,-1,7350,0,w2,7350,0,7350,88176,-1,576086,Available,-1,Available,150%,150,-1,100,140%,140,Below Trend,-1,Below Trend,06/05 00:00:00 CDT,-1,w2,0,2015-06-11 00:00:00,Contract,-1,Contract,58784,58784,-1,-1,411490,80826,-1,568736,0,-1,0,0,-1,0,8700,-1,8701,2015-06-04 05:31:09,-1,2015-06-04 05:31:09,58700,-1,411400,88176,-1,576086,True,False,0,0,0,0,50872,-1,568736,-1,-1,-1,-1,0.0,0,0,0
2015-06-05,2015-06-05 00:00:00,Exxon,PILOT TRAVEL CENTERS LLC 103637 IW,LOCKPORT IL (MOC) - 00MD,ULSD,58784,-1,411490,0,0,1,29954,0,-1,0,-1,37304,0,w2,0,0,37304,88176,-1,576086,Available,-1,Available,150%,150,-1,100,140%,140,Below Trend,-1,Below Trend,06/06 00:00:00 CDT,-1,w2,0,2015-06-11 00:00:00,Contract,-1,Contract,58784,58784,-1,-1,411490,88176,-1,538782,0,-1,0,0,-1,0,12595,-1,12596,2015-06-05 03:39:57,-1,2015-06-05 03:39:57,58700,-1,411400,88176,-1,576086,True,True,0,0,0,0,88176,-1,538782,-1,-1,-1,-1,0.0,0,0,0
2015-06-06,2015-06-06 00:00:00,Exxon,PILOT TRAVEL CENTERS LLC 103637 IW,LOCKPORT IL (MOC) - 00MD,ULSD,-1,-1,-1,0,-1,0,-1,-1,-1,0,-1,-1,0,w3,-1,0,-1,-1,-1,-1,-1,-1,-1,-1,150,-1,100,-1,140,-1,-1,-1,-1,-1,w2,1,2015-06-11 00:00:00,-1,-1,-1,58784,-1,-1,-1,-1,-1,-1,-1,-1,-1,-1,-1,-1,-1,-1,-1,-1,2015-06-06 00:00:00,2015-06-06 00:00:00,2015-06-06 00:00:00,58700,-1,411400,88176,-1,576086,True,False,0,0,0,0,-1,-1,-1,-1,-1,-1,-1,-1.0,-1,0,0
2015-06-07,2015-06-07 00:00:00,Exxon,PILOT TRAVEL CENTERS LLC 103637 IW,LOCKPORT IL (MOC) - 00MD,ULSD,-1,-1,-1,0,-1,0,-1,-1,-1,0,-1,-1,0,w3,-1,0,-1,-1,-1,-1,-1,-1,-1,-1,150,-1,100,-1,140,-1,-1,-1,-1,-1,w2,1,2015-06-11 00:00:00,-1,-1,-1,58784,-1,-1,-1,-1,-1,-1,-1,-1,-1,-1,-1,-1,-1,-1,-1,-1,2015-06-07 00:00:00,2015-06-07 00:00:00,2015-06-07 00:00:00,-1,-1,-1,-1,-1,-1,False,False,0,0,0,0,-1,-1,-1,-1,-1,-1,-1,-1.0,-1,0,0
2015-06-08,2015-06-08 00:00:00,Exxon,PILOT TRAVEL CENTERS LLC 103637 IW,LOCKPORT IL (MOC) - 00MD,ULSD,58784,-1,411490,3,59610,0,22301,22301,-1,0,-1,141462,0,w3,22301,0,141462,88176,-1,576086,Available,-1,Available,150%,150,-1,100,140%,140,Below Trend,-1,Below Trend,06/08 00:00:00 CDT,-1,w2,0,2015-06-11 00:00:00,Contract,-1,Contract,58784,58784,-1,-1,411490,65875,-1,434624,0,-1,0,0,-1,0,15212,-1,15213,2015-06-08 00:45:17,-1,2015-06-08 00:45:17,58700,-1,411400,88176,-1,576086,False,False,0,0,0,0,28566,-1,434624,-1,-1,-1,-1,0.0,0,0,0
2015-06-09,2015-06-09 00:00:00,Exxon,PILOT TRAVEL CENTERS LLC 103637 IW,LOCKPORT IL (MOC) - 00MD,ULSD,58784,-1,411490,3,37206,1,59663,22354,-1,0,-1,201125,0,w3,22354,0,201125,88176,-1,576086,Available,-1,Available,150%,150,-1,100,140%,140,On Track,-1,Below Trend,06/10 00:00:00 CDT,-1,w2,0,2015-06-11 00:00:00,Contract,-1,Contract,58784,58784,-1,-1,411490,65822,-1,374961,0,-1,0,0,-1,0,17954,-1,17955,2015-06-09 07:40:00,-1,2015-06-09 07:40:00,58700,-1,411400,88176,-1,576086,False,False,0,0,0,0,50970,-1,374961,-1,-1,-1,-1,0.0,0,0,0
2015-06-10,2015-06-10 00:00:00,Exxon,PILOT TRAVEL CENTERS LLC 103637 IW,LOCKPORT IL (MOC) - 00MD,ULSD,58784,-1,411490,0,0,1,14852,0,-1,0,-1,215977,0,w3,0,0,215977,88176,-1,576086,Available,-1,Available,150%,150,-1,100,140%,140,Below Trend,-1,Below Trend,06/11 00:00:00 CDT,-1,w2,0,2015-06-11 00:00:00,Contract,-1,Contract,58784,58784,-1,-1,411490,88176,-1,360109,0,-1,0,0,-1,0,20824,-1,20825,2015-06-10 01:02:46,-1,2015-06-10 01:02:46,58700,-1,411400,88176,-1,576086,False,False,0,0,0,0,88176,-1,360109,-1,-1,-1,-1,0.0,0,0,0
2015-06-11,2015-06-11 00:00:00,Exxon,PILOT TRAVEL CENTERS LLC 103637 IW,LOCKPORT IL (MOC) - 00MD,ULSD,58784,-1,411490,0,14852,0,14852,14852,-1,0,-1,14852,0,w4,14852,0,14852,88176,-1,576086,Available,-1,Available,150%,150,-1,100,140%,140,Below Trend,-1,Below Trend,06/12 00:00:00 CDT,-1,w3,0,2015-06-18 00:00:00,Contract,-1,Contract,58784,58784,-1,-1,411490,73324,-1,561234,0,-1,0,0,-1,0,22290,-1,22291,2015-06-11 06:21:08,-1,2015-06-11 06:21:08,58700,-1,411400,88176,-1,576086,True,True,14852,True,0,0,73324,-1,561234,-1,-1,-1,-1,0.0,0,0,0
2015-06-12,2015-06-12 00:00:00,Exxon,PILOT TRAVEL CENTERS LLC 103637 IW,LOCKPORT IL (MOC) - 00MD,ULSD,-1,-1,-1,4,81958,0,-1,-1,-1,0,-1,-1,4,w5,-1,0,96810,-1,-1,-1,-1,-1,-1,-1,150,-1,100,-1,140,-1,-1,-1,-1,-1,w3,1,2015-06-18 00:00:00,-1,-1,-1,58784,-1,-1,-1,-1,-1,-1,-1,-1,-1,-1,-1,-1,-1,-1,-1,-1,2015-06-12 00:00:00,2015-06-12 00:00:00,2015-06-12 00:00:00,58700,-1,411400,88176,-1,576086,True,True,96810,True,0,0,-1,-1,-1,-1,-1,-1,-1,0.0,0,0,0
2015-06-13,2015-06-13 00:00:00,Exxon,PILOT TRAVEL CENTERS LLC 103637 IW,LOCKPORT IL (MOC) - 00MD,ULSD,58784,-1,411490,3,44701,0,44701,44701,-1,0,-1,141511,0,w5,44701,0,141511,88176,-1,576086,Available,-1,Available,150%,150,-1,100,140%,140,Below Trend,-1,Below Trend,06/14 00:00:00 CDT,-1,w3,0,2015-06-18 00:00:00,Contract,-1,Contract,58784,58784,-1,-1,411490,43475,-1,434575,0,-1,0,0,-1,0,51156,-1,51157,2015-06-13 23:51:33,-1,2015-06-13 23:51:33,58700,-1,411400,88176,-1,576086,False,True,141511,True,0,0,43475,-1,434575,-1,-1,-1,-1,0.0,0,0,0
2015-06-14,2015-06-14 00:00:00,Exxon,PILOT TRAVEL CENTERS LLC 103637 IW,LOCKPORT IL (MOC) - 00MD,ULSD,58784,-1,411490,3,44505,0,44505,44505,-1,0,-1,186016,0,w5,44505,0,186016,88176,-1,576086,Available,-1,Available,150%,150,-1,100,140%,140,Below Trend,-1,Below Trend,06/15 00:00:00 CDT,-1,w3,0,2015-06-18 00:00:00,Contract,-1,Contract,58784,58784,-1,-1,411490,43671,-1,390070,0,-1,0,0,-1,0,70940,-1,70941,2015-06-14 23:51:41,-1,2015-06-14 23:51:41,58700,-1,411400,88176,-1,576086,False,True,186016,True,0,0,43671,-1,390070,-1,-1,-1,-1,0.0,0,0,0
2015-06-15,2015-06-15 00:00:00,Exxon,PILOT TRAVEL CENTERS LLC 103637 IW,LOCKPORT IL (MOC) - 00MD,ULSD,58784,-1,411490,3,37207,0,37207,37207,-1,0,-1,223223,0,w5,37207,0,223223,88176,-1,576086,Available,-1,Available,150%,150,-1,100,140%,140,Below Trend,-1,Below Trend,06/16 00:00:00 CDT,-1,w3,0,2015-06-18 00:00:00,Contract,-1,Contract,58784,58784,-1,-1,411490,50969,-1,352863,0,-1,0,0,-1,0,100223,-1,100224,2015-06-15 23:48:49,-1,2015-06-15 23:48:49,58700,-1,411400,88176,-1,576086,False,True,223223,True,0,0,50969,-1,352863,-1,-1,-1,-1,0.0,0,0,0
2015-06-16,2015-06-16 00:00:00,Exxon,PILOT TRAVEL CENTERS LLC 103637 IW,LOCKPORT IL (MOC) - 00MD,ULSD,58784,-1,411490,3,66834,0,66834,66834,-1,0,-1,290057,0,w5,66834,0,290057,88176,-1,576086,Available,-1,Available,150%,150,-1,100,140%,140,Below Trend,-1,Below Trend,06/17 00:00:00 CDT,-1,w3,0,2015-06-18 00:00:00,Contract,-1,Contract,58784,58784,-1,-1,411490,21342,-1,286029,0,-1,0,0,-1,0,122087,-1,122088,2015-06-16 23:46:47,-1,2015-06-16 23:46:47,58700,-1,411400,88176,-1,576086,False,True,290057,True,0,0,21342,-1,286029,-1,-1,-1,-1,133.0,0,0,0
2015-06-17,2015-06-17 00:00:00,Exxon,PILOT TRAVEL CENTERS LLC 103637 IW,LOCKPORT IL (MOC) - 00MD,ULSD,58784,-1,411490,0,44757,0,44757,44757,-1,0,-1,334814,0,w5,44757,0,334814,88176,-1,576086,Available,-1,Available,150%,150,-1,100,140%,140,Below Trend,-1,Below Trend,06/18 00:00:00 CDT,-1,w3,0,2015-06-18 00:00:00,Contract,-1,Contract,58784,58784,-1,-1,411490,43419,-1,241272,0,-1,0,0,-1,0,140694,-1,140695,2015-06-17 23:46:45,-1,2015-06-17 23:46:45,58700,-1,411400,88176,-1,576086,False,True,334814,True,0,0,43419,-1,241272,-1,-1,-1,-1,0.0,0,0,0
2015-06-18,2015-06-18 00:00:00,Exxon,PILOT TRAVEL CENTERS LLC 103637 IW,LOCKPORT IL (MOC) - 00MD,ULSD,58784,-1,411490,3,52157,0,52157,52157,-1,0,-1,52157,0,w6,52157,0,52157,88176,-1,576086,Available,-1,Available,150%,150,-1,100,140%,140,Below Trend,-1,Below Trend,06/19 00:00:00 CDT,-1,w4,0,2015-06-25 00:00:00,Contract,-1,Contract,58784,58784,-1,-1,411490,36019,-1,523929,0,-1,0,0,-1,0,159430,-1,159431,2015-06-18 23:46:53,-1,2015-06-18 23:46:53,58700,-1,411400,88176,-1,576086,True,True,52157,True,0,0,36019,-1,523929,-1,-1,-1,-1,0.0,0,0,0
2015-06-19,2015-06-19 00:00:00,Exxon,PILOT TRAVEL CENTERS LLC 103637 IW,LOCKPORT IL (MOC) - 00MD,ULSD,58784,-1,411490,3,59607,0,52157,52157,-1,0,-1,104314,0,w6,52157,0,104314,88176,-1,576086,Available,-1,Available,150%,150,-1,100,140%,140,Below Trend,-1,Below Trend,06/20 00:00:00 CDT,-1,w4,0,2015-06-25 00:00:00,Contract,-1,Contract,58784,58784,-1,-1,411490,36019,-1,471772,0,-1,0,0,-1,0,176120,-1,176121,2015-06-19 23:46:46,-1,2015-06-19 23:46:46,58700,-1,411400,88176,-1,576086,True,False,111764,True,0,0,28569,-1,471772,-1,-1,-1,-1,133.0,0,0,0
2015-06-20,2015-06-20 00:00:00,Exxon,PILOT TRAVEL CENTERS LLC 103637 IW,LOCKPORT IL (MOC) - 00MD,ULSD,58784,-1,411490,3,44961,1,52411,44961,-1,0,-1,156725,0,w6,44961,0,156725,88176,-1,576086,Available,-1,Available,150%,150,-1,100,140%,140,Below Trend,-1,Below Trend,06/21 00:00:00 CDT,-1,w4,0,2015-06-25 00:00:00,Contract,-1,Contract,58784,58784,-1,-1,411490,43215,-1,419361,0,-1,0,0,-1,0,190616,-1,190617,2015-06-20 23:46:30,-1,2015-06-20 23:46:30,58700,-1,411400,88176,-1,576086,True,True,156725,True,0,0,43215,-1,419361,-1,-1,-1,-1,0.0,0,0,0
2015-06-21,2015-06-21 00:00:00,Exxon,PILOT TRAVEL CENTERS LLC 103637 IW,LOCKPORT IL (MOC) - 00MD,ULSD,58784,-1,411490,3,37055,0,37055,37055,-1,0,-1,193780,0,w6,37055,0,193780,88176,-1,576086,Available,-1,Available,150%,150,-1,100,140%,140,Below Trend,-1,Below Trend,06/22 00:00:00 CDT,-1,w4,0,2015-06-25 00:00:00,Contract,-1,Contract,58784,58784,-1,-1,411490,51121,-1,382306,0,-1,0,0,-1,0,216031,-1,216032,2015-06-21 23:48:38,-1,2015-06-21 23:48:38,58700,-1,411400,88176,-1,576086,True,True,193780,True,0,0,51121,-1,382306,-1,-1,-1,-1,0.0,0,0,0
2015-06-22,2015-06-22 00:00:00,Exxon,PILOT TRAVEL CENTERS LLC 103637 IW,LOCKPORT IL (MOC) - 00MD,ULSD,58784,-1,411490,3,59307,0,59307,59307,-1,0,-1,253087,0,w6,59307,0,253087,88176,-1,576086,Available,-1,Available,150%,150,-1,100,140%,140,Below Trend,-1,Below Trend,06/23 00:00:00 CDT,-1,w4,0,2015-06-25 00:00:00,Contract,-1,Contract,58784,58784,-1,-1,411490,28869,-1,322999,0,-1,0,0,-1,0,238692,-1,238693,2015-06-22 23:46:50,-1,2015-06-22 23:46:50,58700,-1,411400,88176,-1,576086,True,True,253087,True,0,0,28869,-1,322999,-1,-1,-1,-1,133.0,0,0,0
2015-06-23,2015-06-23 00:00:00,Exxon,PILOT TRAVEL CENTERS LLC 103637 IW,LOCKPORT IL (MOC) - 00MD,ULSD,58784,-1,411490,3,66379,0,66379,66379,-1,0,-1,319466,0,w6,66379,0,319466,88176,-1,576086,Available,-1,Available,150%,150,-1,100,140%,140,Below Trend,-1,Below Trend,06/24 00:00:00 CDT,-1,w4,0,2015-06-25 00:00:00,Contract,-1,Contract,58784,58784,-1,-1,411490,21797,-1,256620,0,-1,0,0,-1,0,276433,-1,276434,2015-06-23 23:46:36,-1,2015-06-23 23:46:36,58700,-1,411400,88176,-1,576086,True,True,319466,True,0,0,21797,-1,256620,-1,-1,-1,-1,133.0,0,0,0
2015-06-24,2015-06-24 00:00:00,Exxon,PILOT TRAVEL CENTERS LLC 103637 IW,LOCKPORT IL (MOC) - 00MD,ULSD,58784,-1,411490,0,51956,0,51956,51956,-1,0,-1,371422,0,w6,51956,0,371422,88176,-1,576086,Available,-1,Available,150%,150,-1,100,140%,140,Below Trend,-1,Below Trend,06/25 00:00:00 CDT,-1,w4,0,2015-06-25 00:00:00,Contract,-1,Contract,58784,58784,-1,-1,411490,36220,-1,204664,0,-1,0,0,-1,0,307019,-1,307020,2015-06-24 23:47:34,-1,2015-06-24 23:47:34,58700,-1,411400,88176,-1,576086,True,True,371422,True,0,0,36220,-1,204664,-1,-1,-1,-1,0.0,0,0,0
2015-06-25,2015-06-25 00:00:00,Exxon,PILOT TRAVEL CENTERS LLC 103637 IW,LOCKPORT IL (MOC) - 00MD,ULSD,58784,-1,411490,3,51904,0,51904,51904,-1,0,-1,51904,0,w7,51904,0,51904,88176,-1,576086,Available,-1,Available,150%,150,-1,100,140%,140,Below Trend,-1,Below Trend,06/26 00:00:00 CDT,-1,w5,0,2015-07-02 00:00:00,Contract,-1,Contract,58784,58784,-1,-1,411490,36272,-1,524182,0,-1,0,0,-1,0,338445,-1,338446,2015-06-25 23:47:28,-1,2015-06-25 23:47:28,58700,-1,411400,88176,-1,576086,True,True,51904,True,0,0,36272,-1,524182,-1,-1,-1,-1,0.0,0,0,0
2015-06-26,2015-06-26 00:00:00,Exxon,PILOT TRAVEL CENTERS LLC 103637 IW,LOCKPORT IL (MOC) - 00MD,ULSD,58784,-1,411490,3,44677,0,44677,44677,-1,0,-1,96581,0,w7,44677,0,96581,88176,-1,576086,Available,-1,Available,150%,150,-1,100,140%,140,Below Trend,-1,Below Trend,06/27 00:00:00 CDT,-1,w5,0,2015-07-02 00:00:00,Contract,-1,Contract,58784,58784,-1,-1,411490,43499,-1,479505,0,-1,0,0,-1,0,367761,-1,367762,2015-06-26 23:47:35,-1,2015-06-26 23:47:35,58700,-1,411400,88176,-1,576086,True,True,96581,True,0,0,43499,-1,479505,-1,-1,-1,-1,0.0,0,0,0
2015-06-27,2015-06-27 00:00:00,Exxon,PILOT TRAVEL CENTERS LLC 103637 IW,LOCKPORT IL (MOC) - 00MD,ULSD,58784,-1,411490,3,44901,0,44901,44901,-1,0,-1,141482,0,w7,44901,0,141482,88176,-1,576086,Available,-1,Available,150%,150,-1,100,140%,140,Below Trend,-1,Below Trend,06/28 00:00:00 CDT,-1,w5,0,2015-07-02 00:00:00,Contract,-1,Contract,58784,58784,-1,-1,411490,43275,-1,434604,0,-1,0,0,-1,0,393026,-1,393027,2015-06-27 20:47:34,-1,2015-06-27 20:47:34,58700,-1,411400,88176,-1,576086,True,True,141482,True,0,0,43275,-1,434604,-1,-1,-1,-1,0.0,0,0,0
2015-06-28,2015-06-28 00:00:00,Exxon,PILOT TRAVEL CENTERS LLC 103637 IW,LOCKPORT IL (MOC) - 00MD,ULSD,58784,-1,411490,3,44806,0,44806,44806,-1,0,-1,186288,0,w7,44806,0,186288,88176,-1,576086,Available,-1,Available,150%,150,-1,100,140%,140,Below Trend,-1,Below Trend,06/29 00:00:00 CDT,-1,w5,0,2015-07-02 00:00:00,Contract,-1,Contract,58784,58784,-1,-1,411490,43370,-1,389798,0,-1,0,0,-1,0,419077,-1,419078,2015-06-28 23:47:50,-1,2015-06-28 23:47:50,58700,-1,411400,88176,-1,576086,True,True,186288,True,0,0,43370,-1,389798,-1,-1,-1,-1,0.0,0,0,0
2015-06-29,2015-06-29 00:00:00,Exxon,PILOT TRAVEL CENTERS LLC 103637 IW,LOCKPORT IL (MOC) - 00MD,ULSD,58784,-1,411490,3,67012,0,67012,67012,-1,0,-1,253300,0,w7,67012,0,253300,88176,-1,576086,Available,-1,Available,150%,150,-1,100,140%,140,Below Trend,-1,Below Trend,06/30 00:00:00 CDT,-1,w5,0,2015-07-02 00:00:00,Contract,-1,Contract,52671,52671,-1,-1,368697,21164,-1,322786,0,-1,0,0,-1,0,449892,-1,449893,2015-06-29 23:47:42,-1,2015-06-29 23:47:42,58700,-1,411400,88176,-1,576086,True,True,253300,True,0,0,21164,-1,322786,-1,-1,-1,-1,133.0,0,0,0
2015-06-30,2015-06-30 00:00:00,Exxon,PILOT TRAVEL CENTERS LLC 103637 IW,LOCKPORT IL (MOC) - 00MD,ULSD,52671,-1,411490,0,67308,0,67308,67308,-1,0,-1,320608,0,w7,67308,0,320608,79007,-1,576086,Available,-1,Available,150%,150,-1,100,140%,140,On Track,-1,Below Trend,07/01 00:00:00 CDT,-1,w5,0,2015-07-02 00:00:00,Contract,-1,Contract,52671,52671,-1,-1,368697,11699,-1,255478,0,-1,0,0,-1,0,476557,-1,476558,2015-06-30 23:47:31,-1,2015-06-30 23:47:31,52600,-1,411400,79006,-1,576086,True,True,320608,True,0,0,11699,-1,255478,-1,-1,-1,-1,133.0,0,0,0
