,date,supplier_name,account_type,supplier_terminal_name,product_name,base_gallons_Daily,base_gallons_Monthly,base_gallons_Weekly,lifted_gallons_daily_flag,lifted_gallons_daily_modified,Modified_WeeksByLiftedGallons,lifted_gallons_modified_WeeksByLiftedGallons,lifted_gallons_Daily,Lifted_actual_monthly,lifted_gallons_monthly_flag,lifted_gallons_Monthly,Lifted_actual_weekly,lifted_gallons_weekly_flag,WeeksByLiftedGallons,lifted_gallonsWeekly_modified_aposteriori,Modified_LiftedGallonsaposteriori,lifted_gallons_Weekly,beginning_gallons_Daily,beginning_gallons_Monthly,beginning_gallons_Weekly,en_allocation_status_Daily,en_allocation_status_Monthly,en_allocation_status_Weekly,percentage_allocation_Daily_actual,percentage_allocation_Daily,percentage_allocation_Monthly_actual,percentage_allocation_Monthly,percentage_allocation_Weekly_actual,percentage_allocation_Weekly,alerts_ratability_Daily,alerts_ratability_Monthly,alerts_ratability_Weekly,next_refresh_date_Daily,next_refresh_date_Monthly,Week_switch,Modified_NRD,next_refresh_date_Weekly,en_account_type_Daily,en_account_type_Monthly,en_account_type_Weekly,NRB_Daily,next_refresh_base_gallons_Daily,NRB_Monthly,next_refresh_base_gallons_Monthly,next_refresh_base_gallons_Weekly,remaining_gallons_Daily,remaining_gallons_Monthly,remaining_gallons_Weekly,additional_gallons_allowed_Daily,additional_gallons_allowed_Monthly,additional_gallons_allowed_Weekly,additional_gallons_remaining_Daily,additional_gallons_remaining_Monthly,additional_gallons_remaining_Weekly,staging_id_Daily,staging_id_Monthly,staging_id_Weekly,execution_date_Daily,execution_date_Monthly,execution_date_Weekly,base_gallons_Daily_Reconciled,base_gallons_Monthly_Reconciled,base_gallons_Weekly_Reconciled,beginning_gallons_Daily_Reconciled,beginning_gallons_Monthly_Reconciled,beginning_gallons_Weekly_Reconciled,sanityWeekly_CumulativeDaily_WeeksByLiftedGallons,sanityWeekly_CumulativeDaily_NextRefreshDate,computedWeekly,sanityComputedWeekly,computedMonthly,sanityComputedMonthly,remaining_gallons_Daily_Reconciled,remaining_gallons_Monthly_Reconciled,remaining_gallons_Weekly_Reconciled,additional_gallons_remaining_Daily_Reconciled,additional_gallons_remaining_Monthly_Reconciled,additional_gallons_remaining_Weekly_Reconciled,Ratability_Monthly,Ratability_Daily,Ratability_Weekly,sanityMonthly_CumulativeDaily_WeeksByLiftedGallons,sanityMonthly_CumulativeDaily_WeeksByNextRefreshDate
2015-06-01,2015-06-01 00:00:00,Exxon,PILOT TRAVEL CENTERS LLC 103637 IW,MEMPHIS TN (MOC) - 00QE,Prem CBOB<9,-1,-1,-1,0,-1,0,-1,-1,-1,0,-1,-1,0,w1,-1,0,-1,-1,-1,-1,-1,-1,-1,-1,-1,-1,100,-1,-1,-1,-1,-1,-1,-1,w1,1,2015-06-04 00:00:00,-1,-1,-1,553,-1,-1,-1,-1,-1,-1,-1,-1,-1,-1,-1,-1,-1,-1,-1,-1,2015-06-01 00:00:00,2015-06-01 00:00:00,2015-06-01 00:00:00,-1,-1,-1,-1,-1,-1,True,True,0,0,0,0,-1,-1,-1,-1,-1,-1,-1,-1.0,-1,1,1
2015-06-02,2015-06-02 00:00:00,Exxon,PILOT TRAVEL CENTERS LLC 103637 IW,MEMPHIS TN (MOC) - 00QE,Prem CBOB<9,553,-1,3871,3,0,0,0,0,-1,0,-1,3501,0,w1,0,0,3501,830,-1,5419,Available,-1,Available,150%,150,-1,100,140%,140,Below Trend,-1,On Track,06/03 00:00:00 CDT,-1,w1,0,2015-06-04 00:00:00,Contract,-1,Contract,553,553,-1,-1,3871,830,-1,1918,0,-1,0,0,-1,0,276,-1,277,2015-06-02 08:05:05,-1,2015-06-02 08:05:05,500,-1,3800,829,-1,5419,False,False,0,0,0,0,830,-1,1918,-1,-1,-1,-1,0.0,0,1,1
2015-06-03,2015-06-03 00:00:00,Exxon,PILOT TRAVEL CENTERS LLC 103637 IW,MEMPHIS TN (MOC) - 00QE,Prem CBOB<9,553,-1,3871,0,0,0,0,0,-1,0,-1,3501,0,w1,0,0,3501,830,-1,5419,Available,-1,Available,150%,150,-1,100,140%,140,Below Trend,-1,Below Trend,06/04 00:00:00 CDT,-1,w1,0,2015-06-04 00:00:00,Contract,-1,Contract,553,553,-1,-1,3871,830,-1,1918,0,-1,0,0,-1,0,5989,-1,5990,2015-06-03 07:40:41,-1,2015-06-03 07:40:41,500,-1,3800,829,-1,5419,False,False,0,0,0,0,830,-1,1918,-1,-1,-1,-1,0.0,0,1,1
2015-06-04,2015-06-04 00:00:00,Exxon,PILOT TRAVEL CENTERS LLC 103637 IW,MEMPHIS TN (MOC) - 00QE,Prem CBOB<9,553,-1,3871,3,0,0,0,0,-1,0,-1,0,0,w2,0,0,0,830,-1,5419,Available,-1,Available,150%,150,-1,100,140%,140,Below Trend,-1,Below Trend,06/05 00:00:00 CDT,-1,w2,0,2015-06-11 00:00:00,Contract,-1,Contract,553,553,-1,-1,3871,830,-1,5419,0,-1,0,0,-1,0,8704,-1,8705,2015-06-04 05:31:09,-1,2015-06-04 05:31:09,500,-1,3800,829,-1,5419,True,True,0,0,0,0,830,-1,5419,-1,-1,-1,-1,0.0,0,1,1
2015-06-05,2015-06-05 00:00:00,Exxon,PILOT TRAVEL CENTERS LLC 103637 IW,MEMPHIS TN (MOC) - 00QE,Prem CBOB<9,553,-1,3871,0,0,0,0,0,-1,0,-1,0,0,w2,0,0,0,830,-1,5419,Available,-1,Available,150%,150,-1,100,140%,140,Below Trend,-1,Below Trend,06/06 00:00:00 CDT,-1,w2,0,2015-06-11 00:00:00,Contract,-1,Contract,553,553,-1,-1,3871,830,-1,5419,0,-1,0,0,-1,0,12599,-1,12600,2015-06-05 03:39:57,-1,2015-06-05 03:39:57,500,-1,3800,829,-1,5419,True,True,0,0,0,0,830,-1,5419,-1,-1,-1,-1,0.0,0,1,1
2015-06-06,2015-06-06 00:00:00,Exxon,PILOT TRAVEL CENTERS LLC 103637 IW,MEMPHIS TN (MOC) - 00QE,Prem CBOB<9,-1,-1,-1,0,-1,0,-1,-1,-1,0,-1,-1,0,w3,-1,0,-1,-1,-1,-1,-1,-1,-1,-1,150,-1,100,-1,140,-1,-1,-1,-1,-1,w2,1,2015-06-11 00:00:00,-1,-1,-1,688,-1,-1,-1,-1,-1,-1,-1,-1,-1,-1,-1,-1,-1,-1,-1,-1,2015-06-06 00:00:00,2015-06-06 00:00:00,2015-06-06 00:00:00,500,-1,3800,829,-1,5419,True,True,0,0,0,0,-1,-1,-1,-1,-1,-1,-1,-1.0,-1,0,0
2015-06-07,2015-06-07 00:00:00,Exxon,PILOT TRAVEL CENTERS LLC 103637 IW,MEMPHIS TN (MOC) - 00QE,Prem CBOB<9,-1,-1,-1,0,-1,0,-1,-1,-1,0,-1,-1,0,w3,-1,0,-1,-1,-1,-1,-1,-1,-1,-1,150,-1,100,-1,140,-1,-1,-1,-1,-1,w2,1,2015-06-11 00:00:00,-1,-1,-1,553,-1,-1,-1,-1,-1,-1,-1,-1,-1,-1,-1,-1,-1,-1,-1,-1,2015-06-07 00:00:00,2015-06-07 00:00:00,2015-06-07 00:00:00,-1,-1,-1,-1,-1,-1,False,False,0,0,0,0,-1,-1,-1,-1,-1,-1,-1,-1.0,-1,0,0
2015-06-08,2015-06-08 00:00:00,Exxon,PILOT TRAVEL CENTERS LLC 103637 IW,MEMPHIS TN (MOC) - 00QE,Prem CBOB<9,553,-1,3871,0,0,0,0,0,-1,0,-1,1000,0,w3,0,0,1000,830,-1,5419,Available,-1,Available,150%,150,-1,100,140%,140,Below Trend,-1,Below Trend,06/08 00:00:00 CDT,-1,w2,0,2015-06-11 00:00:00,Contract,-1,Contract,553,553,-1,-1,3871,830,-1,4419,0,-1,0,0,-1,0,15216,-1,15217,2015-06-08 00:45:17,-1,2015-06-08 00:45:17,500,-1,3800,829,-1,5419,False,False,0,0,0,0,830,-1,4419,-1,-1,-1,-1,0.0,0,0,0
2015-06-09,2015-06-09 00:00:00,Exxon,PILOT TRAVEL CENTERS LLC 103637 IW,MEMPHIS TN (MOC) - 00QE,Prem CBOB<9,553,-1,-1,0,0,1,-1,0,-1,0,-1,-1,0,w4,0,0,-1,553,-1,-1,Available,-1,-1,100%,100,-1,100,-1,140,Below Trend,-1,-1,06/10 00:00:00 CDT,-1,w2,1,2015-06-11 00:00:00,Contract,-1,-1,553,553,-1,-1,-1,553,-1,-1,0,-1,-1,0,-1,-1,17957,-1,-1,2015-06-09 00:00:00,2015-06-09 00:00:00,2015-06-09 00:00:00,500,-1,3800,553,-1,5419,True,False,0,0,0,0,553,-1,-1,-1,-1,-1,-1,0.0,-1,0,0
2015-06-10,2015-06-10 00:00:00,Exxon,PILOT TRAVEL CENTERS LLC 103637 IW,MEMPHIS TN (MOC) - 00QE,Prem CBOB<9,553,-1,-1,0,0,0,0,0,-1,0,-1,-1,0,w4,0,0,-1,553,-1,-1,Available,-1,-1,100%,100,-1,100,-1,140,Below Trend,-1,-1,06/11 00:00:00 CDT,-1,w2,1,2015-06-11 00:00:00,Contract,-1,-1,553,553,-1,-1,-1,553,-1,-1,0,-1,-1,0,-1,-1,20827,-1,-1,2015-06-10 00:00:00,2015-06-10 00:00:00,2015-06-10 00:00:00,500,-1,-1,553,-1,-1,True,False,0,0,0,0,553,-1,-1,-1,-1,-1,-1,0.0,-1,0,0
2015-06-11,2015-06-11 00:00:00,Exxon,PILOT TRAVEL CENTERS LLC 103637 IW,MEMPHIS TN (MOC) - 00QE,Prem CBOB<9,553,-1,-1,0,0,0,0,0,-1,0,-1,-1,0,w4,0,0,-1,553,-1,-1,Available,-1,-1,100%,100,-1,100,-1,140,Below Trend,-1,-1,06/12 00:00:00 CDT,-1,w3,1,2015-06-18 00:00:00,Contract,-1,-1,553,553,-1,-1,-1,553,-1,-1,0,-1,-1,0,-1,-1,22293,-1,-1,2015-06-11 00:00:00,2015-06-11 00:00:00,2015-06-11 00:00:00,500,-1,-1,553,-1,-1,True,False,0,0,0,0,553,-1,-1,-1,-1,-1,-1,0.0,-1,0,0
2015-06-12,2015-06-12 00:00:00,Exxon,PILOT TRAVEL CENTERS LLC 103637 IW,MEMPHIS TN (MOC) - 00QE,Prem CBOB<9,-1,-1,-1,0,-1,0,-1,-1,-1,0,-1,-1,0,w4,-1,0,-1,-1,-1,-1,-1,-1,-1,-1,100,-1,100,-1,140,-1,-1,-1,-1,-1,w3,1,2015-06-18 00:00:00,-1,-1,-1,553,-1,-1,-1,-1,-1,-1,-1,-1,-1,-1,-1,-1,-1,-1,-1,-1,2015-06-12 00:00:00,2015-06-12 00:00:00,2015-06-12 00:00:00,500,-1,-1,553,-1,-1,False,True,0,0,0,0,-1,-1,-1,-1,-1,-1,-1,-1.0,-1,0,0
2015-06-13,2015-06-13 00:00:00,Exxon,PILOT TRAVEL CENTERS LLC 103637 IW,MEMPHIS TN (MOC) - 00QE,Prem CBOB<9,553,-1,-1,0,1200,0,1200,1200,-1,0,-1,-1,0,w4,1200,0,-1,553,-1,-1,Out,-1,-1,100%,100,-1,100,-1,140,Above Trend,-1,-1,06/14 00:00:00 CDT,-1,w3,1,2015-06-18 00:00:00,Contract,-1,-1,553,553,-1,-1,-1,-647,-1,-1,0,-1,-1,0,-1,-1,51159,-1,-1,2015-06-13 00:00:00,2015-06-13 00:00:00,2015-06-13 00:00:00,500,-1,-1,553,-1,-1,False,False,0,0,0,0,-647,-1,-1,-1,-1,-1,-1,0.0,-1,0,0
2015-06-14,2015-06-14 00:00:00,Exxon,PILOT TRAVEL CENTERS LLC 103637 IW,MEMPHIS TN (MOC) - 00QE,Prem CBOB<9,553,-1,-1,0,0,0,0,0,-1,0,-1,-1,0,w4,0,0,-1,553,-1,-1,Available,-1,-1,100%,100,-1,100,-1,140,Below Trend,-1,-1,06/15 00:00:00 CDT,-1,w3,1,2015-06-18 00:00:00,Contract,-1,-1,553,553,-1,-1,-1,553,-1,-1,0,-1,-1,0,-1,-1,70943,-1,-1,2015-06-14 00:00:00,2015-06-14 00:00:00,2015-06-14 00:00:00,500,-1,-1,553,-1,-1,False,False,0,0,0,0,553,-1,-1,-1,-1,-1,-1,0.0,-1,0,0
2015-06-15,2015-06-15 00:00:00,Exxon,PILOT TRAVEL CENTERS LLC 103637 IW,MEMPHIS TN (MOC) - 00QE,Prem CBOB<9,553,-1,-1,0,0,0,0,0,-1,0,-1,-1,0,w4,0,0,-1,553,-1,-1,Available,-1,-1,100%,100,-1,100,-1,140,Below Trend,-1,-1,06/16 00:00:00 CDT,-1,w3,1,2015-06-18 00:00:00,Contract,-1,-1,553,553,-1,-1,-1,553,-1,-1,0,-1,-1,0,-1,-1,100226,-1,-1,2015-06-15 00:00:00,2015-06-15 00:00:00,2015-06-15 00:00:00,500,-1,-1,553,-1,-1,False,False,0,0,0,0,553,-1,-1,-1,-1,-1,-1,0.0,-1,0,0
2015-06-16,2015-06-16 00:00:00,Exxon,PILOT TRAVEL CENTERS LLC 103637 IW,MEMPHIS TN (MOC) - 00QE,Prem CBOB<9,553,-1,-1,0,0,0,0,0,-1,0,-1,-1,0,w4,0,0,-1,553,-1,-1,Available,-1,-1,100%,100,-1,100,-1,140,Below Trend,-1,-1,06/17 00:00:00 CDT,-1,w3,1,2015-06-18 00:00:00,Contract,-1,-1,553,553,-1,-1,-1,553,-1,-1,0,-1,-1,0,-1,-1,122090,-1,-1,2015-06-16 00:00:00,2015-06-16 00:00:00,2015-06-16 00:00:00,500,-1,-1,553,-1,-1,False,False,0,0,0,0,553,-1,-1,-1,-1,-1,-1,0.0,-1,0,0
2015-06-17,2015-06-17 00:00:00,Exxon,PILOT TRAVEL CENTERS LLC 103637 IW,MEMPHIS TN (MOC) - 00QE,Prem CBOB<9,553,-1,-1,0,0,0,0,0,-1,0,-1,-1,0,w4,0,0,-1,553,-1,-1,Available,-1,-1,100%,100,-1,100,-1,140,Below Trend,-1,-1,06/18 00:00:00 CDT,-1,w3,1,2015-06-18 00:00:00,Contract,-1,-1,553,553,-1,-1,-1,553,-1,-1,0,-1,-1,0,-1,-1,140697,-1,-1,2015-06-17 00:00:00,2015-06-17 00:00:00,2015-06-17 00:00:00,500,-1,-1,553,-1,-1,False,False,0,0,0,0,553,-1,-1,-1,-1,-1,-1,0.0,-1,0,0
2015-06-18,2015-06-18 00:00:00,Exxon,PILOT TRAVEL CENTERS LLC 103637 IW,MEMPHIS TN (MOC) - 00QE,Prem CBOB<9,553,-1,3871,3,0,0,0,0,-1,0,-1,0,0,w4,0,0,0,553,-1,3871,Available,-1,Available,100%,100,-1,100,100%,100,Below Trend,-1,Below Trend,06/19 00:00:00 CDT,-1,w4,0,2015-06-25 00:00:00,Contract,-1,Contract,553,553,-1,-1,3871,553,-1,3871,0,-1,0,0,-1,0,159434,-1,159435,2015-06-18 23:46:53,-1,2015-06-18 23:46:53,500,-1,3800,553,-1,3871,False,True,0,True,0,0,553,-1,3871,-1,-1,-1,-1,0.0,0,0,0
2015-06-19,2015-06-19 00:00:00,Exxon,PILOT TRAVEL CENTERS LLC 103637 IW,MEMPHIS TN (MOC) - 00QE,Prem CBOB<9,553,-1,3871,3,0,0,0,0,-1,0,-1,0,0,w4,0,0,0,553,-1,3871,Available,-1,Available,100%,100,-1,100,100%,100,Below Trend,-1,Below Trend,06/20 00:00:00 CDT,-1,w4,0,2015-06-25 00:00:00,Contract,-1,Contract,553,553,-1,-1,3871,553,-1,3871,0,-1,0,0,-1,0,176124,-1,176125,2015-06-19 23:46:46,-1,2015-06-19 23:46:46,500,-1,3800,553,-1,3871,False,True,0,True,0,0,553,-1,3871,-1,-1,-1,-1,0.0,0,0,0
2015-06-20,2015-06-20 00:00:00,Exxon,PILOT TRAVEL CENTERS LLC 103637 IW,MEMPHIS TN (MOC) - 00QE,Prem CBOB<9,553,-1,3871,3,0,0,0,0,-1,0,-1,0,0,w4,0,0,0,221,-1,1548,Available,-1,Available,40%,40,-1,100,40%,40,Below Trend,-1,Below Trend,06/21 00:00:00 CDT,-1,w4,0,2015-06-25 00:00:00,Contract,-1,Contract,553,553,-1,-1,3871,221,-1,1548,0,-1,0,0,-1,0,190620,-1,190621,2015-06-20 23:46:30,-1,2015-06-20 23:46:30,500,-1,3800,221,-1,1548,False,True,0,True,0,0,221,-1,1548,-1,-1,-1,-1,0.0,0,0,0
2015-06-21,2015-06-21 00:00:00,Exxon,PILOT TRAVEL CENTERS LLC 103637 IW,MEMPHIS TN (MOC) - 00QE,Prem CBOB<9,553,-1,3871,3,0,0,0,0,-1,0,-1,0,0,w4,0,0,0,221,-1,1548,Available,-1,Available,40%,40,-1,100,40%,40,Below Trend,-1,Below Trend,06/22 00:00:00 CDT,-1,w4,0,2015-06-25 00:00:00,Contract,-1,Contract,553,553,-1,-1,3871,221,-1,1548,0,-1,0,0,-1,0,216035,-1,216036,2015-06-21 23:48:38,-1,2015-06-21 23:48:38,500,-1,3800,221,-1,1548,False,True,0,True,0,0,221,-1,1548,-1,-1,-1,-1,0.0,0,0,0
2015-06-22,2015-06-22 00:00:00,Exxon,PILOT TRAVEL CENTERS LLC 103637 IW,MEMPHIS TN (MOC) - 00QE,Prem CBOB<9,553,-1,3871,3,0,0,0,0,-1,0,-1,0,0,w4,0,0,0,221,-1,1548,Available,-1,Available,40%,40,-1,100,40%,40,Below Trend,-1,Below Trend,06/23 00:00:00 CDT,-1,w4,0,2015-06-25 00:00:00,Contract,-1,Contract,553,553,-1,-1,3871,221,-1,1548,0,-1,0,0,-1,0,238696,-1,238697,2015-06-22 23:46:50,-1,2015-06-22 23:46:50,500,-1,3800,221,-1,1548,False,True,0,True,0,0,221,-1,1548,-1,-1,-1,-1,0.0,0,0,0
2015-06-23,2015-06-23 00:00:00,Exxon,PILOT TRAVEL CENTERS LLC 103637 IW,MEMPHIS TN (MOC) - 00QE,Prem CBOB<9,553,-1,3871,3,0,0,0,0,-1,0,-1,0,0,w4,0,0,0,221,-1,1548,Available,-1,Available,40%,40,-1,100,40%,40,Below Trend,-1,Below Trend,06/24 00:00:00 CDT,-1,w4,0,2015-06-25 00:00:00,Contract,-1,Contract,553,553,-1,-1,3871,221,-1,1548,0,-1,0,0,-1,0,276437,-1,276438,2015-06-23 23:46:36,-1,2015-06-23 23:46:36,500,-1,3800,221,-1,1548,False,True,0,True,0,0,221,-1,1548,-1,-1,-1,-1,0.0,0,0,0
2015-06-24,2015-06-24 00:00:00,Exxon,PILOT TRAVEL CENTERS LLC 103637 IW,MEMPHIS TN (MOC) - 00QE,Prem CBOB<9,553,-1,3871,0,0,0,0,0,-1,0,-1,0,0,w4,0,0,0,221,-1,1548,Available,-1,Available,40%,40,-1,100,40%,40,Below Trend,-1,Below Trend,06/25 00:00:00 CDT,-1,w4,0,2015-06-25 00:00:00,Contract,-1,Contract,553,553,-1,-1,3871,221,-1,1548,0,-1,0,0,-1,0,307023,-1,307024,2015-06-24 23:47:34,-1,2015-06-24 23:47:34,500,-1,3800,221,-1,1548,False,True,0,True,0,0,221,-1,1548,-1,-1,-1,-1,0.0,0,0,0
2015-06-25,2015-06-25 00:00:00,Exxon,PILOT TRAVEL CENTERS LLC 103637 IW,MEMPHIS TN (MOC) - 00QE,Prem CBOB<9,553,-1,3871,0,0,0,0,0,-1,0,-1,0,0,w4,0,0,0,221,-1,1548,Available,-1,Available,40%,40,-1,100,40%,40,Below Trend,-1,Below Trend,06/26 00:00:00 CDT,-1,w5,0,2015-07-02 00:00:00,Contract,-1,Contract,553,553,-1,-1,3871,221,-1,1548,0,-1,0,0,-1,0,338449,-1,338450,2015-06-25 23:47:28,-1,2015-06-25 23:47:28,500,-1,3800,221,-1,1548,False,True,0,True,0,0,221,-1,1548,-1,-1,-1,-1,0.0,0,0,0
2015-06-26,2015-06-26 00:00:00,Exxon,PILOT TRAVEL CENTERS LLC 103637 IW,MEMPHIS TN (MOC) - 00QE,Prem CBOB<9,553,-1,-1,0,1100,0,1100,1100,-1,0,-1,-1,0,w5,1100,0,-1,553,-1,-1,Out,-1,-1,100%,100,-1,100,-1,40,Above Trend,-1,-1,06/27 00:00:00 CDT,-1,w5,1,2015-07-02 00:00:00,Contract,-1,-1,553,553,-1,-1,-1,-547,-1,-1,0,-1,-1,0,-1,-1,367764,-1,-1,2015-06-26 00:00:00,2015-06-26 00:00:00,2015-06-26 00:00:00,500,-1,3800,553,-1,1548,False,False,1100,True,0,0,-547,-1,-1,-1,-1,-1,-1,0.0,-1,0,0
2015-06-27,2015-06-27 00:00:00,Exxon,PILOT TRAVEL CENTERS LLC 103637 IW,MEMPHIS TN (MOC) - 00QE,Prem CBOB<9,553,-1,-1,0,1100,0,1100,1100,-1,0,-1,-1,0,w5,1100,0,-1,553,-1,-1,Out,-1,-1,100%,100,-1,100,-1,40,Above Trend,-1,-1,06/28 00:00:00 CDT,-1,w5,1,2015-07-02 00:00:00,Contract,-1,-1,553,553,-1,-1,-1,-547,-1,-1,0,-1,-1,0,-1,-1,393029,-1,-1,2015-06-27 00:00:00,2015-06-27 00:00:00,2015-06-27 00:00:00,500,-1,-1,553,-1,-1,False,False,2200,True,0,0,-547,-1,-1,-1,-1,-1,-1,0.0,-1,0,0
2015-06-28,2015-06-28 00:00:00,Exxon,PILOT TRAVEL CENTERS LLC 103637 IW,MEMPHIS TN (MOC) - 00QE,Prem CBOB<9,553,-1,-1,0,0,0,0,0,-1,0,-1,-1,0,w5,0,0,-1,553,-1,-1,Available,-1,-1,100%,100,-1,100,-1,40,Below Trend,-1,-1,06/29 00:00:00 CDT,-1,w5,1,2015-07-02 00:00:00,Contract,-1,-1,553,553,-1,-1,-1,553,-1,-1,0,-1,-1,0,-1,-1,419080,-1,-1,2015-06-28 00:00:00,2015-06-28 00:00:00,2015-06-28 00:00:00,500,-1,-1,553,-1,-1,False,False,2200,True,0,0,553,-1,-1,-1,-1,-1,-1,0.0,-1,0,0
2015-06-29,2015-06-29 00:00:00,Exxon,PILOT TRAVEL CENTERS LLC 103637 IW,MEMPHIS TN (MOC) - 00QE,Prem CBOB<9,553,-1,-1,0,3205,0,3205,3205,-1,0,-1,-1,0,w5,3205,0,-1,553,-1,-1,Out,-1,-1,100%,100,-1,100,-1,40,Above Trend,-1,-1,06/30 00:00:00 CDT,-1,w5,1,2015-07-02 00:00:00,Contract,-1,-1,688,688,-1,-1,-1,-2652,-1,-1,0,-1,-1,0,-1,-1,449895,-1,-1,2015-06-29 00:00:00,2015-06-29 00:00:00,2015-06-29 00:00:00,500,-1,-1,553,-1,-1,False,False,5405,True,0,0,-2652,-1,-1,-1,-1,-1,-1,0.0,-1,0,0
2015-06-30,2015-06-30 00:00:00,Exxon,PILOT TRAVEL CENTERS LLC 103637 IW,MEMPHIS TN (MOC) - 00QE,Prem CBOB<9,688,-1,3871,0,0,0,0,0,-1,0,-1,5405,0,w5,0,0,5405,1032,-1,5419,Available,-1,Available,150%,150,-1,100,140%,140,Below Trend,-1,On Track,07/01 00:00:00 CDT,-1,w5,0,2015-07-02 00:00:00,Contract,-1,Contract,688,688,-1,-1,4810,1032,-1,14,0,-1,0,0,-1,0,476560,-1,476561,2015-06-30 23:47:31,-1,2015-06-30 23:47:31,600,-1,3800,1032,-1,5419,True,True,5405,True,0,0,1032,-1,14,-1,-1,-1,-1,0.0,0,0,0
