,date,supplier_name,account_type,supplier_terminal_name,product_name,base_gallons_Daily,base_gallons_Monthly,base_gallons_Weekly,lifted_gallons_daily_flag,lifted_gallons_daily_modified,Modified_WeeksByLiftedGallons,lifted_gallons_modified_WeeksByLiftedGallons,lifted_gallons_Daily,Lifted_actual_monthly,lifted_gallons_monthly_flag,lifted_gallons_Monthly,Lifted_actual_weekly,lifted_gallons_weekly_flag,WeeksByLiftedGallons,lifted_gallonsWeekly_modified_aposteriori,Modified_LiftedGallonsaposteriori,lifted_gallons_Weekly,beginning_gallons_Daily,beginning_gallons_Monthly,beginning_gallons_Weekly,en_allocation_status_Daily,en_allocation_status_Monthly,en_allocation_status_Weekly,percentage_allocation_Daily_actual,percentage_allocation_Daily,percentage_allocation_Monthly_actual,percentage_allocation_Monthly,percentage_allocation_Weekly_actual,percentage_allocation_Weekly,alerts_ratability_Daily,alerts_ratability_Monthly,alerts_ratability_Weekly,next_refresh_date_Daily,next_refresh_date_Monthly,Week_switch,Modified_NRD,next_refresh_date_Weekly,en_account_type_Daily,en_account_type_Monthly,en_account_type_Weekly,NRB_Daily,next_refresh_base_gallons_Daily,NRB_Monthly,next_refresh_base_gallons_Monthly,next_refresh_base_gallons_Weekly,remaining_gallons_Daily,remaining_gallons_Monthly,remaining_gallons_Weekly,additional_gallons_allowed_Daily,additional_gallons_allowed_Monthly,additional_gallons_allowed_Weekly,additional_gallons_remaining_Daily,additional_gallons_remaining_Monthly,additional_gallons_remaining_Weekly,staging_id_Daily,staging_id_Monthly,staging_id_Weekly,execution_date_Daily,execution_date_Monthly,execution_date_Weekly,base_gallons_Daily_Reconciled,base_gallons_Monthly_Reconciled,base_gallons_Weekly_Reconciled,beginning_gallons_Daily_Reconciled,beginning_gallons_Monthly_Reconciled,beginning_gallons_Weekly_Reconciled,sanityWeekly_CumulativeDaily_WeeksByLiftedGallons,sanityWeekly_CumulativeDaily_NextRefreshDate,computedWeekly,sanityComputedWeekly,computedMonthly,sanityComputedMonthly,remaining_gallons_Daily_Reconciled,remaining_gallons_Monthly_Reconciled,remaining_gallons_Weekly_Reconciled,additional_gallons_remaining_Daily_Reconciled,additional_gallons_remaining_Monthly_Reconciled,additional_gallons_remaining_Weekly_Reconciled,Ratability_Monthly,Ratability_Daily,Ratability_Weekly,sanityMonthly_CumulativeDaily_WeeksByLiftedGallons,sanityMonthly_CumulativeDaily_WeeksByNextRefreshDate
2015-06-01,2015-06-01 00:00:00,Exxon,PILOT TRAVEL CENTERS LLC 103637 IW,BATON ROUGE LA (MOC) - 00CE,ULSD,-1,-1,-1,0,-1,0,-1,-1,-1,0,-1,-1,0,w1,-1,0,-1,-1,-1,-1,-1,-1,-1,-1,-1,-1,100,-1,-1,-1,-1,-1,-1,-1,w1,1,2015-06-04 00:00:00,-1,-1,-1,31807,-1,-1,-1,-1,-1,-1,-1,-1,-1,-1,-1,-1,-1,-1,-1,-1,2015-06-01 00:00:00,2015-06-01 00:00:00,2015-06-01 00:00:00,-1,-1,-1,-1,-1,-1,True,True,0,0,0,0,-1,-1,-1,-1,-1,-1,-1,-1.0,-1,1,1
2015-06-02,2015-06-02 00:00:00,Exxon,PILOT TRAVEL CENTERS LLC 103637 IW,BATON ROUGE LA (MOC) - 00CE,ULSD,31807,-1,222650,3,38800,0,23200,23200,-1,0,-1,207702,0,w1,23200,0,207702,47711,-1,311710,Available,-1,Available,150%,150,-1,100,140%,140,Above Trend,-1,On Track,06/03 00:00:00 CDT,-1,w1,0,2015-06-04 00:00:00,Contract,-1,Contract,31807,31807,-1,-1,222650,24511,-1,104008,0,-1,0,0,-1,0,259,-1,260,2015-06-02 08:05:05,-1,2015-06-02 08:05:05,31800,-1,222600,47710,-1,311710,False,False,0,0,0,0,8911,-1,104008,-1,-1,-1,-1,400.0,0,0,0
2015-06-03,2015-06-03 00:00:00,Exxon,PILOT TRAVEL CENTERS LLC 103637 IW,BATON ROUGE LA (MOC) - 00CE,ULSD,31807,-1,222650,0,23000,1,38600,23000,-1,0,-1,246302,0,w1,23000,0,246302,47711,-1,311710,Available,-1,Available,150%,150,-1,100,140%,140,Above Trend,-1,On Track,06/04 00:00:00 CDT,-1,w1,0,2015-06-04 00:00:00,Contract,-1,Contract,31807,31807,-1,-1,222650,24711,-1,65408,0,-1,0,0,-1,0,5972,-1,5973,2015-06-03 07:40:41,-1,2015-06-03 07:40:41,31800,-1,222600,47710,-1,311710,False,False,0,0,0,0,24711,-1,65408,-1,-1,-1,-1,0.0,100,0,0
2015-06-04,2015-06-04 00:00:00,Exxon,PILOT TRAVEL CENTERS LLC 103637 IW,BATON ROUGE LA (MOC) - 00CE,ULSD,31807,-1,222650,3,7500,0,0,0,-1,0,-1,0,0,w2,0,0,0,47711,-1,311710,Available,-1,Available,150%,150,-1,100,140%,140,Below Trend,-1,Below Trend,06/05 00:00:00 CDT,-1,w2,0,2015-06-11 00:00:00,Contract,-1,Contract,31807,31807,-1,-1,222650,47711,-1,311710,0,-1,0,0,-1,0,8685,-1,8686,2015-06-04 05:31:09,-1,2015-06-04 05:31:09,31800,-1,222600,47710,-1,311710,True,False,0,0,0,0,40211,-1,311710,-1,-1,-1,-1,0.0,0,0,0
2015-06-05,2015-06-05 00:00:00,Exxon,PILOT TRAVEL CENTERS LLC 103637 IW,BATON ROUGE LA (MOC) - 00CE,ULSD,31807,-1,222650,0,0,1,7500,0,-1,0,-1,7500,0,w2,0,0,7500,47711,-1,311710,Available,-1,Available,150%,150,-1,100,140%,140,Below Trend,-1,Below Trend,06/06 00:00:00 CDT,-1,w2,0,2015-06-11 00:00:00,Contract,-1,Contract,31807,31807,-1,-1,222650,47711,-1,304210,0,-1,0,0,-1,0,12580,-1,12581,2015-06-05 03:39:57,-1,2015-06-05 03:39:57,31800,-1,222600,47710,-1,311710,True,True,0,0,0,0,47711,-1,304210,-1,-1,-1,-1,0.0,0,0,0
2015-06-06,2015-06-06 00:00:00,Exxon,PILOT TRAVEL CENTERS LLC 103637 IW,BATON ROUGE LA (MOC) - 00CE,ULSD,-1,-1,-1,0,-1,0,-1,-1,-1,0,-1,-1,0,w3,-1,0,-1,-1,-1,-1,-1,-1,-1,-1,150,-1,100,-1,140,-1,-1,-1,-1,-1,w2,1,2015-06-11 00:00:00,-1,-1,-1,31807,-1,-1,-1,-1,-1,-1,-1,-1,-1,-1,-1,-1,-1,-1,-1,-1,2015-06-06 00:00:00,2015-06-06 00:00:00,2015-06-06 00:00:00,31800,-1,222600,47710,-1,311710,True,False,0,0,0,0,-1,-1,-1,-1,-1,-1,-1,-1.0,-1,0,0
2015-06-07,2015-06-07 00:00:00,Exxon,PILOT TRAVEL CENTERS LLC 103637 IW,BATON ROUGE LA (MOC) - 00CE,ULSD,-1,-1,-1,0,-1,0,-1,-1,-1,0,-1,-1,0,w3,-1,0,-1,-1,-1,-1,-1,-1,-1,-1,150,-1,100,-1,140,-1,-1,-1,-1,-1,w2,1,2015-06-11 00:00:00,-1,-1,-1,31807,-1,-1,-1,-1,-1,-1,-1,-1,-1,-1,-1,-1,-1,-1,-1,-1,2015-06-07 00:00:00,2015-06-07 00:00:00,2015-06-07 00:00:00,-1,-1,-1,-1,-1,-1,False,False,0,0,0,0,-1,-1,-1,-1,-1,-1,-1,-1.0,-1,0,0
2015-06-08,2015-06-08 00:00:00,Exxon,PILOT TRAVEL CENTERS LLC 103637 IW,BATON ROUGE LA (MOC) - 00CE,ULSD,31807,-1,222650,3,15120,0,0,0,-1,0,-1,22800,0,w3,0,0,22800,47711,-1,311710,Available,-1,Available,150%,150,-1,100,140%,140,Below Trend,-1,Below Trend,06/08 00:00:00 CDT,-1,w2,0,2015-06-11 00:00:00,Contract,-1,Contract,31807,31807,-1,-1,222650,47711,-1,288910,0,-1,0,0,-1,0,15197,-1,15198,2015-06-08 00:45:17,-1,2015-06-08 00:45:17,31800,-1,222600,47710,-1,311710,False,False,0,0,0,0,32591,-1,288910,-1,-1,-1,-1,0.0,0,0,0
2015-06-09,2015-06-09 00:00:00,Exxon,PILOT TRAVEL CENTERS LLC 103637 IW,BATON ROUGE LA (MOC) - 00CE,ULSD,31807,-1,222650,3,54501,1,46020,30900,-1,0,-1,68820,0,w3,30900,0,68820,47711,-1,311710,Available,-1,Available,150%,150,-1,100,140%,140,Above Trend,-1,Below Trend,06/10 00:00:00 CDT,-1,w2,0,2015-06-11 00:00:00,Contract,-1,Contract,31807,31807,-1,-1,222650,16811,-1,242890,0,-1,0,0,-1,0,17939,-1,17940,2015-06-09 07:40:00,-1,2015-06-09 07:40:00,31800,-1,222600,47710,-1,311710,False,False,0,0,0,0,-6790,-1,242890,-1,-1,-1,-1,400.0,0,0,0
2015-06-10,2015-06-10 00:00:00,Exxon,PILOT TRAVEL CENTERS LLC 103637 IW,BATON ROUGE LA (MOC) - 00CE,ULSD,31807,-1,222650,0,0,1,23601,0,-1,0,-1,92421,0,w3,0,0,92421,47711,-1,311710,Available,-1,Available,150%,150,-1,100,140%,140,Below Trend,-1,Below Trend,06/11 00:00:00 CDT,-1,w2,0,2015-06-11 00:00:00,Contract,-1,Contract,31807,31807,-1,-1,222650,47711,-1,219289,0,-1,0,0,-1,0,20810,-1,20811,2015-06-10 01:02:46,-1,2015-06-10 01:02:46,31800,-1,222600,47710,-1,311710,False,False,0,0,0,0,47711,-1,219289,-1,-1,-1,-1,0.0,0,0,0
2015-06-11,2015-06-11 00:00:00,Exxon,PILOT TRAVEL CENTERS LLC 103637 IW,BATON ROUGE LA (MOC) - 00CE,ULSD,31807,-1,222650,0,15800,0,15800,15800,-1,0,-1,15800,0,w4,15800,0,15800,47711,-1,311710,Available,-1,Available,150%,150,-1,100,140%,140,Above Trend,-1,Above Trend,06/12 00:00:00 CDT,-1,w3,0,2015-06-18 00:00:00,Contract,-1,Contract,31807,31807,-1,-1,222650,31911,-1,295910,0,-1,0,0,-1,0,22277,-1,22278,2015-06-11 06:21:08,-1,2015-06-11 06:21:08,31800,-1,222600,47710,-1,311710,True,True,15800,True,0,0,31911,-1,295910,-1,-1,-1,-1,0.0,0,0,0
2015-06-12,2015-06-12 00:00:00,Exxon,PILOT TRAVEL CENTERS LLC 103637 IW,BATON ROUGE LA (MOC) - 00CE,ULSD,-1,-1,-1,4,92504,0,-1,-1,-1,0,-1,-1,4,w5,-1,0,108304,-1,-1,-1,-1,-1,-1,-1,150,-1,100,-1,140,-1,-1,-1,-1,-1,w3,1,2015-06-18 00:00:00,-1,-1,-1,31807,-1,-1,-1,-1,-1,-1,-1,-1,-1,-1,-1,-1,-1,-1,-1,-1,2015-06-12 00:00:00,2015-06-12 00:00:00,2015-06-12 00:00:00,31800,-1,222600,47710,-1,311710,True,True,108304,True,0,0,-1,-1,-1,-1,-1,-1,-1,0.0,0,0,0
2015-06-13,2015-06-13 00:00:00,Exxon,PILOT TRAVEL CENTERS LLC 103637 IW,BATON ROUGE LA (MOC) - 00CE,ULSD,31807,-1,222650,3,47101,0,47101,47101,-1,0,-1,155405,0,w5,47101,0,155405,47711,-1,311710,Available,-1,Available,150%,150,-1,100,140%,140,On Track,-1,On Track,06/14 00:00:00 CDT,-1,w3,0,2015-06-18 00:00:00,Contract,-1,Contract,31807,31807,-1,-1,222650,610,-1,156305,0,-1,0,0,-1,0,51141,-1,51142,2015-06-13 23:51:33,-1,2015-06-13 23:51:33,31800,-1,222600,47710,-1,311710,False,True,155405,True,0,0,610,-1,156305,-1,-1,-1,-1,133.0,0,0,0
2015-06-14,2015-06-14 00:00:00,Exxon,PILOT TRAVEL CENTERS LLC 103637 IW,BATON ROUGE LA (MOC) - 00CE,ULSD,31807,-1,222650,3,46402,0,31101,31101,-1,0,-1,186506,0,w5,31101,0,186506,47711,-1,311710,Available,-1,Available,150%,150,-1,100,140%,140,Below Trend,-1,On Track,06/15 00:00:00 CDT,-1,w3,0,2015-06-18 00:00:00,Contract,-1,Contract,31807,31807,-1,-1,222650,16610,-1,125204,0,-1,0,0,-1,0,70925,-1,70926,2015-06-14 23:51:41,-1,2015-06-14 23:51:41,31800,-1,222600,47710,-1,311710,False,False,201807,True,0,0,1309,-1,125204,-1,-1,-1,-1,133.0,0,0,0
2015-06-15,2015-06-15 00:00:00,Exxon,PILOT TRAVEL CENTERS LLC 103637 IW,BATON ROUGE LA (MOC) - 00CE,ULSD,31807,-1,222650,3,53450,1,68751,53450,-1,0,-1,255257,0,w5,53450,0,255257,47711,-1,311710,Out,-1,Out,150%,150,-1,100,140%,140,On Track,-1,On Track,06/16 00:00:00 CDT,-1,w3,0,2015-06-18 00:00:00,Contract,-1,Contract,31807,31807,-1,-1,222650,-5740,-1,56453,0,-1,0,0,-1,0,100208,-1,100209,2015-06-15 23:48:49,-1,2015-06-15 23:48:49,31800,-1,222600,47710,-1,311710,False,True,255257,True,0,0,-5739,-1,56453,-1,-1,-1,-1,133.0,0,0,0
2015-06-16,2015-06-16 00:00:00,Exxon,PILOT TRAVEL CENTERS LLC 103637 IW,BATON ROUGE LA (MOC) - 00CE,ULSD,31807,-1,222650,3,54500,0,54500,54500,-1,0,-1,309757,0,w5,54500,0,309757,47711,-1,311710,Out,-1,Out,150%,150,-1,100,140%,140,On Track,-1,On Track,06/17 00:00:00 CDT,-1,w3,0,2015-06-18 00:00:00,Contract,-1,Contract,31807,31807,-1,-1,222650,-6790,-1,1953,0,-1,0,0,-1,0,122073,-1,122074,2015-06-16 23:46:47,-1,2015-06-16 23:46:47,31800,-1,222600,47710,-1,311710,False,True,309757,True,0,0,-6789,-1,1953,-1,-1,-1,-1,133.0,0,0,0
2015-06-17,2015-06-17 00:00:00,Exxon,PILOT TRAVEL CENTERS LLC 103637 IW,BATON ROUGE LA (MOC) - 00CE,ULSD,31807,-1,222650,0,7800,0,7800,7800,-1,0,-1,317557,0,w5,7800,0,317557,47711,-1,311710,Out,-1,Out,150%,150,-1,100,140%,140,Below Trend,-1,On Track,06/18 00:00:00 CDT,-1,w3,0,2015-06-18 00:00:00,Contract,-1,Contract,31807,31807,-1,-1,222650,39911,-1,-5847,0,-1,0,0,-1,0,140680,-1,140681,2015-06-17 23:46:45,-1,2015-06-17 23:46:45,31800,-1,222600,47710,-1,311710,False,True,317557,True,0,0,39911,-1,-5847,-1,-1,-1,-1,0.0,100,0,0
2015-06-18,2015-06-18 00:00:00,Exxon,PILOT TRAVEL CENTERS LLC 103637 IW,BATON ROUGE LA (MOC) - 00CE,ULSD,31807,-1,222650,3,27089,0,27089,27089,-1,0,-1,27089,0,w6,27089,0,27089,47711,-1,311710,Available,-1,Available,150%,150,-1,100,140%,140,Below Trend,-1,Below Trend,06/19 00:00:00 CDT,-1,w4,0,2015-06-25 00:00:00,Contract,-1,Contract,31807,31807,-1,-1,222650,20622,-1,284621,0,-1,0,0,-1,0,159415,-1,159416,2015-06-18 23:46:53,-1,2015-06-18 23:46:53,31800,-1,222600,47710,-1,311710,True,True,27089,True,0,0,20622,-1,284621,-1,-1,-1,-1,0.0,0,0,0
2015-06-19,2015-06-19 00:00:00,Exxon,PILOT TRAVEL CENTERS LLC 103637 IW,BATON ROUGE LA (MOC) - 00CE,ULSD,31807,-1,222650,3,46601,0,46601,46601,-1,0,-1,73690,0,w6,46601,0,73690,47711,-1,311710,Available,-1,Available,150%,150,-1,100,140%,140,On Track,-1,On Track,06/20 00:00:00 CDT,-1,w4,0,2015-06-25 00:00:00,Contract,-1,Contract,31807,31807,-1,-1,222650,1110,-1,238020,0,-1,0,0,-1,0,176105,-1,176106,2015-06-19 23:46:46,-1,2015-06-19 23:46:46,31800,-1,222600,47710,-1,311710,True,True,73690,True,0,0,1110,-1,238020,-1,-1,-1,-1,133.0,0,0,0
2015-06-20,2015-06-20 00:00:00,Exxon,PILOT TRAVEL CENTERS LLC 103637 IW,BATON ROUGE LA (MOC) - 00CE,ULSD,31807,-1,222650,3,23710,0,23710,23710,-1,0,-1,97400,0,w6,23710,0,97400,47711,-1,311710,Available,-1,Available,150%,150,-1,100,140%,140,Below Trend,-1,Below Trend,06/21 00:00:00 CDT,-1,w4,0,2015-06-25 00:00:00,Contract,-1,Contract,31807,31807,-1,-1,222650,24001,-1,214310,0,-1,0,0,-1,0,190601,-1,190602,2015-06-20 23:46:30,-1,2015-06-20 23:46:30,31800,-1,222600,47710,-1,311710,True,True,97400,True,0,0,24001,-1,214310,-1,-1,-1,-1,0.0,0,0,0
2015-06-21,2015-06-21 00:00:00,Exxon,PILOT TRAVEL CENTERS LLC 103637 IW,BATON ROUGE LA (MOC) - 00CE,ULSD,31807,-1,222650,3,54615,0,54615,54615,-1,0,-1,152015,0,w6,54615,0,152015,47711,-1,311710,Out,-1,Out,150%,150,-1,100,140%,140,On Track,-1,On Track,06/22 00:00:00 CDT,-1,w4,0,2015-06-25 00:00:00,Contract,-1,Contract,31807,31807,-1,-1,222650,-6905,-1,159695,0,-1,0,0,-1,0,216016,-1,216017,2015-06-21 23:48:38,-1,2015-06-21 23:48:38,31800,-1,222600,47710,-1,311710,True,True,152015,True,0,0,-6904,-1,159695,-1,-1,-1,-1,133.0,0,0,0
2015-06-22,2015-06-22 00:00:00,Exxon,PILOT TRAVEL CENTERS LLC 103637 IW,BATON ROUGE LA (MOC) - 00CE,ULSD,31807,-1,222650,3,53902,0,53902,53902,-1,0,-1,205917,0,w6,53902,0,205917,47711,-1,311710,Out,-1,Out,150%,150,-1,100,140%,140,On Track,-1,On Track,06/23 00:00:00 CDT,-1,w4,0,2015-06-25 00:00:00,Contract,-1,Contract,31807,31807,-1,-1,222650,-6192,-1,105793,0,-1,0,0,-1,0,238677,-1,238678,2015-06-22 23:46:50,-1,2015-06-22 23:46:50,31800,-1,222600,47710,-1,311710,True,True,205917,True,0,0,-6191,-1,105793,-1,-1,-1,-1,133.0,0,0,0
2015-06-23,2015-06-23 00:00:00,Exxon,PILOT TRAVEL CENTERS LLC 103637 IW,BATON ROUGE LA (MOC) - 00CE,ULSD,31807,-1,222650,3,52634,0,52634,52634,-1,0,-1,258551,0,w6,52634,0,258551,47711,-1,311710,Out,-1,Out,150%,150,-1,100,140%,140,On Track,-1,On Track,06/24 00:00:00 CDT,-1,w4,0,2015-06-25 00:00:00,Contract,-1,Contract,31807,31807,-1,-1,222650,-4924,-1,53159,0,-1,0,0,-1,0,276418,-1,276419,2015-06-23 23:46:36,-1,2015-06-23 23:46:36,31800,-1,222600,47710,-1,311710,True,True,258551,True,0,0,-4923,-1,53159,-1,-1,-1,-1,133.0,0,0,0
2015-06-24,2015-06-24 00:00:00,Exxon,PILOT TRAVEL CENTERS LLC 103637 IW,BATON ROUGE LA (MOC) - 00CE,ULSD,31807,-1,222650,0,15120,0,15120,15120,-1,0,-1,273671,0,w6,15120,0,273671,47711,-1,311710,Available,-1,Available,150%,150,-1,100,140%,140,Below Trend,-1,On Track,06/25 00:00:00 CDT,-1,w4,0,2015-06-25 00:00:00,Contract,-1,Contract,31807,31807,-1,-1,222650,32591,-1,38039,0,-1,0,0,-1,0,307004,-1,307005,2015-06-24 23:47:34,-1,2015-06-24 23:47:34,31800,-1,222600,47710,-1,311710,True,True,273671,True,0,0,32591,-1,38039,-1,-1,-1,-1,0.0,100,0,0
2015-06-25,2015-06-25 00:00:00,Exxon,PILOT TRAVEL CENTERS LLC 103637 IW,BATON ROUGE LA (MOC) - 00CE,ULSD,31807,-1,222650,3,55001,0,47201,47201,-1,0,-1,47201,0,w7,47201,0,47201,47711,-1,311710,Available,-1,Available,150%,150,-1,100,140%,140,On Track,-1,On Track,06/26 00:00:00 CDT,-1,w5,0,2015-07-02 00:00:00,Contract,-1,Contract,31807,31807,-1,-1,222650,510,-1,264509,0,-1,0,0,-1,0,338430,-1,338431,2015-06-25 23:47:28,-1,2015-06-25 23:47:28,31800,-1,222600,47710,-1,311710,True,False,55001,True,0,0,-7290,-1,264509,-1,-1,-1,-1,133.0,0,0,0
2015-06-26,2015-06-26 00:00:00,Exxon,PILOT TRAVEL CENTERS LLC 103637 IW,BATON ROUGE LA (MOC) - 00CE,ULSD,31807,-1,222650,3,54701,1,62501,54701,-1,0,-1,109702,0,w7,54701,0,109702,47711,-1,311710,Out,-1,Out,150%,150,-1,100,140%,140,Above Trend,-1,Above Trend,06/27 00:00:00 CDT,-1,w5,0,2015-07-02 00:00:00,Contract,-1,Contract,31807,31807,-1,-1,222650,-6991,-1,202008,0,-1,0,0,-1,0,367746,-1,367747,2015-06-26 23:47:35,-1,2015-06-26 23:47:35,31800,-1,222600,47710,-1,311710,True,True,109702,True,0,0,-6990,-1,202008,-1,-1,-1,-1,133.0,0,0,0
2015-06-27,2015-06-27 00:00:00,Exxon,PILOT TRAVEL CENTERS LLC 103637 IW,BATON ROUGE LA (MOC) - 00CE,ULSD,31807,-1,222650,3,31200,0,31200,31200,-1,0,-1,140902,0,w7,31200,0,140902,47711,-1,311710,Available,-1,Available,150%,150,-1,100,140%,140,Below Trend,-1,On Track,06/28 00:00:00 CDT,-1,w5,0,2015-07-02 00:00:00,Contract,-1,Contract,31807,31807,-1,-1,222650,16511,-1,170808,0,-1,0,0,-1,0,393011,-1,393012,2015-06-27 20:47:34,-1,2015-06-27 20:47:34,31800,-1,222600,47710,-1,311710,True,True,140902,True,0,0,16511,-1,170808,-1,-1,-1,-1,0.0,0,0,0
2015-06-28,2015-06-28 00:00:00,Exxon,PILOT TRAVEL CENTERS LLC 103637 IW,BATON ROUGE LA (MOC) - 00CE,ULSD,31807,-1,222650,3,11600,0,11600,11600,-1,0,-1,152502,0,w7,11600,0,152502,47711,-1,311710,Available,-1,Available,150%,150,-1,100,140%,140,Below Trend,-1,On Track,06/29 00:00:00 CDT,-1,w5,0,2015-07-02 00:00:00,Contract,-1,Contract,31807,31807,-1,-1,222650,36111,-1,159208,0,-1,0,0,-1,0,419062,-1,419063,2015-06-28 23:47:50,-1,2015-06-28 23:47:50,31800,-1,222600,47710,-1,311710,True,True,152502,True,0,0,36111,-1,159208,-1,-1,-1,-1,0.0,0,0,0
2015-06-29,2015-06-29 00:00:00,Exxon,PILOT TRAVEL CENTERS LLC 103637 IW,BATON ROUGE LA (MOC) - 00CE,ULSD,31807,-1,222650,3,38505,0,38505,38505,-1,0,-1,191007,0,w7,38505,0,191007,47711,-1,311710,Available,-1,Available,150%,150,-1,100,140%,140,On Track,-1,On Track,06/30 00:00:00 CDT,-1,w5,0,2015-07-02 00:00:00,Contract,-1,Contract,31807,31807,-1,-1,169680,9206,-1,120703,0,-1,0,0,-1,0,449877,-1,449878,2015-06-29 23:47:42,-1,2015-06-29 23:47:42,31800,-1,222600,47710,-1,311710,True,True,191007,True,0,0,9206,-1,120703,-1,-1,-1,-1,133.0,0,0,0
2015-06-30,2015-06-30 00:00:00,Exxon,PILOT TRAVEL CENTERS LLC 103637 IW,BATON ROUGE LA (MOC) - 00CE,ULSD,31807,-1,222650,0,30900,0,30900,30900,-1,0,-1,221907,0,w7,30900,0,221907,47711,-1,311710,Available,-1,Available,150%,150,-1,100,140%,140,Below Trend,-1,On Track,07/01 00:00:00 CDT,-1,w5,0,2015-07-02 00:00:00,Contract,-1,Contract,31807,31807,-1,-1,169680,16811,-1,89803,0,-1,0,0,-1,0,476542,-1,476543,2015-06-30 23:47:31,-1,2015-06-30 23:47:31,31800,-1,222600,47710,-1,311710,True,True,221907,True,0,0,16811,-1,89803,-1,-1,-1,-1,0.0,0,0,0
