,date,supplier_name,account_type,supplier_terminal_name,product_name,base_gallons_Daily,base_gallons_Weekly,lifted_gallons_daily_flag,lifted_gallons_daily_modified,Modified_WeeksByLiftedGallons,lifted_gallons_modified_WeeksByLiftedGallons,lifted_gallons_Daily,Lifted_actual_weekly,lifted_gallons_weekly_flag,WeeksByLiftedGallons,lifted_gallonsWeekly_modified_aposteriori,Modified_LiftedGallonsaposteriori,lifted_gallons_Weekly,beginning_gallons_Daily,beginning_gallons_Weekly,en_allocation_status_Daily,en_allocation_status_Weekly,percentage_allocation_Daily,percentage_allocation_Weekly,alerts_ratability_Daily,alerts_ratability_Weekly,next_refresh_date_Daily,Week_switch,Modified_NRD,next_refresh_date_Weekly,en_account_type_Daily,en_account_type_Weekly,next_refresh_base_gallons_Daily,next_refresh_base_gallons_Weekly,staging_id_Daily,staging_id_Weekly,base_gallons_Monthly,Lifted_actual_monthly,lifted_gallons_monthly_flag,lifted_gallons_Monthly,beginning_gallons_Monthly,en_allocation_status_Monthly,percentage_allocation_Monthly,alerts_ratability_Monthly,next_refresh_date_Monthly,next_refresh_base_gallons_Monthly,base_gallons_Daily_Reconciled,base_gallons_Monthly_Reconciled,beginning_gallons_Daily_Reconciled,beginning_gallons_Monthly_Reconciled,beginning_gallons_Weekly_Reconciled,sanityWeekly_CumulativeDaily_WeeksByLiftedGallons,sanityWeekly_CumulativeDaily_NextRefreshDate,computedWeekly,computedMonthly,sanityComputedMonthly,sanityMonthly_CumulativeDaily_WeeksByLiftedGallons,sanityMonthly_CumulativeDaily_WeeksByNextRefreshDate
2015-07-01,2015-07-01 00:00:00,BP,Channel: 50 - Commercial,INDIANAPOLIS IN - BP (PLANT 0452),DIESEL,258065,1806452,0,390398,0,390398,390398,390398,0,w1,390398,0,390398,516130.0,1987097.0,Available,Available,200,110,,,07/02 00:00:00 EDT,w1,0,2015-07-08 00:00:00,Contract,Contract,258065,1806452,508158,508159,0,0,0,0,0,0,0,0,0,0,258065,-1,516130,0,1987097,True,True,390398,0,0,0,0
2015-07-02,2015-07-02 00:00:00,BP,Channel: 50 - Commercial,INDIANAPOLIS IN - BP (PLANT 0452),DIESEL,258065,1806452,0,164734,0,164734,164734,555132,0,w1,164734,0,555132,516130.0,1987097.0,Available,Available,200,110,,,07/03 00:00:00 EDT,w1,0,2015-07-08 00:00:00,Contract,Contract,258065,1806452,528383,528384,0,0,0,0,0,0,0,0,0,0,258065,-1,516130,0,1987097,True,True,555132,0,0,0,0
2015-07-03,2015-07-03 00:00:00,BP,Channel: 50 - Commercial,INDIANAPOLIS IN - BP (PLANT 0452),DIESEL,258065,1806452,3,121740,1,121740,39192,676872,0,w1,39192,0,676872,516130.0,1987097.0,Available,Available,200,110,,,07/04 00:00:00 EDT,w1,0,2015-07-08 00:00:00,Contract,Contract,258065,1806452,536001,536002,0,0,0,0,0,0,0,0,0,0,258065,-1,516130,0,1987097,True,True,676872,0,0,0,0
2015-07-04,2015-07-04 00:00:00,BP,Channel: 50 - Commercial,INDIANAPOLIS IN - BP (PLANT 0452),DIESEL,258065,1806452,3,141150,1,141150,43838,818022,0,w1,43838,0,818022,516130.0,1987097.0,Available,Available,200,110,,,07/05 00:00:00 EDT,w1,0,2015-07-08 00:00:00,Contract,Contract,258065,1806452,542289,542290,0,0,0,0,0,0,0,0,0,0,258065,-1,516130,0,1987097,True,True,818022,0,0,0,0
2015-07-05,2015-07-05 00:00:00,BP,Channel: 50 - Commercial,INDIANAPOLIS IN - BP (PLANT 0452),DIESEL,258065,1806452,3,54891,1,54891,36968,872913,0,w1,36968,0,872913,516130.0,1987097.0,Available,Available,200,110,,,07/06 00:00:00 EDT,w1,0,2015-07-08 00:00:00,Contract,Contract,258065,1806452,548733,548734,0,0,0,0,0,0,0,0,0,0,258065,-1,516130,0,1987097,True,True,872913,0,0,0,0
2015-07-06,2015-07-06 00:00:00,BP,Channel: 50 - Commercial,INDIANAPOLIS IN - BP (PLANT 0452),DIESEL,258065,1806452,3,159954,1,159954,85474,1032867,0,w1,85474,0,1032867,516130.0,1987097.0,Available,Available,200,110,,,07/07 00:00:00 EDT,w1,0,2015-07-08 00:00:00,Contract,Contract,258065,1806452,555046,555047,0,0,0,0,0,0,0,0,0,0,258065,-1,516130,0,1987097,True,True,1032867,0,0,0,0
2015-07-07,2015-07-07 00:00:00,BP,Channel: 50 - Commercial,INDIANAPOLIS IN - BP (PLANT 0452),DIESEL,258065,1806452,3,459556,1,459556,336476,1492423,0,w1,336476,0,1492423,516130.0,1987097.0,Available,Available,200,110,,,07/08 00:00:00 EDT,w1,0,2015-07-08 00:00:00,Contract,Contract,258065,1806452,568059,568060,0,0,0,0,0,0,0,0,0,0,258065,-1,516130,0,1987097,True,True,1492423,0,0,0,0
2015-07-08,2015-07-08 00:00:00,BP,Channel: 50 - Commercial,INDIANAPOLIS IN - BP (PLANT 0452),DIESEL,258065,1806452,0,240139,0,240139,240139,240139,0,w2,240139,0,240139,516130.0,1987097.0,Available,Available,200,110,,,07/09 00:00:00 EDT,w2,0,2015-07-15 00:00:00,Contract,Contract,258065,1806452,578081,578082,0,0,0,0,0,0,0,0,0,0,258065,-1,516130,0,1987097,True,True,0,0,0,0,0
2015-07-09,2015-07-09 00:00:00,BP,Channel: 50 - Commercial,INDIANAPOLIS IN - BP (PLANT 0452),DIESEL,258065,1806452,4,369678,0,-1,-1,-1,4,w3,-1,0,609817,516130.0,1987097.0,-1,-1,100,100,-1,-1,-1,w2,1,2015-07-15 00:00:00,-1,-1,-1,-1,-1,-1,0,-1,0,-1,0,-1,100,-1,-1,-1,516130,-1,258065,0,1806452,True,True,0,0,0,0,0
2015-07-10,2015-07-10 00:00:00,BP,Channel: 50 - Commercial,INDIANAPOLIS IN - BP (PLANT 0452),DIESEL,258065,1806452,0,198278,0,198278,198278,808095,0,w3,198278,0,808095,516130.0,1987097.0,Available,Available,200,110,,,07/11 00:00:00 EDT,w2,0,2015-07-15 00:00:00,Contract,Contract,258065,1806452,609051,609052,0,0,0,0,0,0,0,0,0,0,258065,-1,516130,0,1987097,False,True,0,0,0,0,0
2015-07-11,2015-07-11 00:00:00,BP,Channel: 50 - Commercial,INDIANAPOLIS IN - BP (PLANT 0452),DIESEL,258065,1806452,0,166429,0,166429,166429,974524,0,w3,166429,0,974524,516130.0,1987097.0,Available,Available,200,110,,,07/12 00:00:00 EDT,w2,0,2015-07-15 00:00:00,Contract,Contract,258065,1806452,639291,639292,0,0,0,0,0,0,0,0,0,0,258065,-1,516130,0,1987097,False,True,0,0,0,0,0
2015-07-12,2015-07-12 00:00:00,BP,Channel: 50 - Commercial,INDIANAPOLIS IN - BP (PLANT 0452),DIESEL,258065,1806452,0,-1,0,-1,-1,-1,0,w4,-1,0,-1,516130.0,1987097.0,-1,-1,100,100,-1,-1,-1,w2,1,2015-07-15 00:00:00,-1,-1,-1,-1,-1,-1,0,-1,0,-1,0,-1,100,-1,-1,-1,516130,-1,258065,0,1806452,True,False,0,0,0,0,0
2015-07-13,2015-07-13 00:00:00,BP,Channel: 50 - Commercial,INDIANAPOLIS IN - BP (PLANT 0452),DIESEL,258065,1806452,0,-1,0,-1,-1,-1,0,w4,-1,0,-1,516130.0,1987097.0,-1,-1,100,100,-1,-1,-1,w2,1,2015-07-15 00:00:00,-1,-1,-1,-1,-1,-1,0,-1,0,-1,0,-1,100,-1,-1,-1,516130,-1,258065,0,1806452,False,False,0,0,0,0,0
2015-07-14,2015-07-14 00:00:00,BP,Channel: 50 - Commercial,INDIANAPOLIS IN - BP (PLANT 0452),DIESEL,258065,1806452,0,14849,0,14849,14849,1288895,0,w4,14849,0,1288895,516130.0,1987097.0,Available,Available,200,110,,,07/15 00:00:00 EDT,w2,0,2015-07-15 00:00:00,Contract,Contract,258065,1806452,731164,731165,0,0,0,0,0,0,0,0,0,0,258065,-1,516130,0,1987097,False,False,0,0,0,0,0
2015-07-15,2015-07-15 00:00:00,BP,Channel: 50 - Commercial,INDIANAPOLIS IN - BP (PLANT 0452),DIESEL,258065,1806452,0,312457,0,312457,312457,312457,0,w5,312457,0,312457,516130.0,1987097.0,Available,Available,200,110,,,07/16 00:00:00 EDT,w3,0,2015-07-22 00:00:00,Contract,Contract,258065,1806452,756384,756385,0,0,0,0,0,0,0,0,0,0,258065,-1,516130,0,1987097,True,True,312457,0,0,0,0
2015-07-16,2015-07-16 00:00:00,BP,Channel: 50 - Commercial,INDIANAPOLIS IN - BP (PLANT 0452),DIESEL,258065,1806452,0,304642,0,304642,304642,617099,0,w5,304642,0,617099,516130.0,1987097.0,Available,Available,200,110,,,07/17 00:00:00 EDT,w3,0,2015-07-22 00:00:00,Contract,Contract,258065,1806452,789686,789687,0,0,0,0,0,0,0,0,0,0,258065,-1,516130,0,1987097,True,True,617099,0,0,0,0
2015-07-17,2015-07-17 00:00:00,BP,Channel: 50 - Commercial,INDIANAPOLIS IN - BP (PLANT 0452),DIESEL,258065,1806452,0,197280,0,197280,197280,814379,0,w5,197280,0,814379,516130.0,1987097.0,Available,Available,200,110,,,07/18 00:00:00 EDT,w3,0,2015-07-22 00:00:00,Contract,Contract,258065,1806452,821714,821715,0,0,0,0,0,0,0,0,0,0,258065,-1,516130,0,1987097,True,True,814379,0,0,0,0
2015-07-18,2015-07-18 00:00:00,BP,Channel: 50 - Commercial,INDIANAPOLIS IN - BP (PLANT 0452),DIESEL,258065,1806452,0,128135,0,128135,128135,942514,0,w5,128135,0,942514,516130.0,1987097.0,Available,Available,200,110,,,07/19 00:00:00 EDT,w3,0,2015-07-22 00:00:00,Contract,Contract,258065,1806452,852176,852177,0,0,0,0,0,0,0,0,0,0,258065,-1,516130,0,1987097,True,True,942514,0,0,0,0
2015-07-19,2015-07-19 00:00:00,BP,Channel: 50 - Commercial,INDIANAPOLIS IN - BP (PLANT 0452),DIESEL,258065,1806452,0,144711,0,144711,144711,1087225,0,w5,144711,0,1087225,516130.0,1987097.0,Available,Available,200,110,,,07/20 00:00:00 EDT,w3,0,2015-07-22 00:00:00,Contract,Contract,258065,1806452,883437,883438,0,0,0,0,0,0,0,0,0,0,258065,-1,516130,0,1987097,True,True,1087225,0,0,0,0
2015-07-20,2015-07-20 00:00:00,BP,Channel: 50 - Commercial,INDIANAPOLIS IN - BP (PLANT 0452),DIESEL,258065,1806452,0,295130,0,295130,295130,1382355,0,w5,295130,0,1382355,516130.0,1987097.0,Available,Available,200,110,,,07/21 00:00:00 EDT,w3,0,2015-07-22 00:00:00,Contract,Contract,258065,1806452,913802,913803,0,0,0,0,0,0,0,0,0,0,258065,-1,516130,0,1987097,True,True,1382355,0,0,0,0
2015-07-21,2015-07-21 00:00:00,BP,Channel: 50 - Commercial,INDIANAPOLIS IN - BP (PLANT 0452),DIESEL,258065,1806452,0,275059,0,275059,275059,1657414,0,w5,275059,0,1657414,516130.0,1987097.0,Available,Available,200,110,,,07/22 00:00:00 EDT,w3,0,2015-07-22 00:00:00,Contract,Contract,258065,1806452,934341,934342,0,0,0,0,0,0,0,0,0,0,258065,-1,516130,0,1987097,True,True,1657414,0,0,0,0
2015-07-22,2015-07-22 00:00:00,BP,Channel: 50 - Commercial,INDIANAPOLIS IN - BP (PLANT 0452),DIESEL,258065,1806452,0,328979,0,328979,328979,328979,0,w6,328979,0,328979,516130.0,1987097.0,Available,Available,200,110,,,07/23 00:00:00 EDT,w4,0,2015-07-29 00:00:00,Contract,Contract,258065,1806452,976417,976418,0,0,0,0,0,0,0,0,0,0,258065,-1,516130,0,1987097,True,True,0,0,0,0,0
2015-07-23,2015-07-23 00:00:00,BP,Channel: 50 - Commercial,INDIANAPOLIS IN - BP (PLANT 0452),DIESEL,258065,1806452,0,190779,0,190779,190779,519758,0,w6,190779,0,519758,516130.0,1987097.0,Available,Available,200,110,,,07/24 00:00:00 EDT,w4,0,2015-07-29 00:00:00,Contract,Contract,258065,1806452,994626,994627,0,0,0,0,0,0,0,0,0,0,258065,-1,516130,0,1987097,True,True,0,0,0,0,0
2015-07-24,2015-07-24 00:00:00,BP,Channel: 50 - Commercial,INDIANAPOLIS IN - BP (PLANT 0452),DIESEL,258065,1806452,0,-1,0,-1,-1,-1,0,w7,-1,0,-1,516130.0,1987097.0,-1,-1,100,100,-1,-1,-1,w4,1,2015-07-29 00:00:00,-1,-1,-1,-1,-1,-1,0,-1,0,-1,0,-1,100,-1,-1,-1,516130,-1,258065,0,1806452,True,False,0,0,0,0,0
2015-07-25,2015-07-25 00:00:00,BP,Channel: 50 - Commercial,INDIANAPOLIS IN - BP (PLANT 0452),DIESEL,258065,1806452,0,-1,0,-1,-1,-1,0,w7,-1,0,-1,516130.0,1987097.0,-1,-1,100,100,-1,-1,-1,w4,1,2015-07-29 00:00:00,-1,-1,-1,-1,-1,-1,0,-1,0,-1,0,-1,100,-1,-1,-1,516130,-1,258065,0,1806452,False,False,0,0,0,0,0
2015-07-26,2015-07-26 00:00:00,BP,Channel: 50 - Commercial,INDIANAPOLIS IN - BP (PLANT 0452),DIESEL,258065,1806452,0,-1,0,-1,-1,-1,0,w7,-1,0,-1,516130.0,1987097.0,-1,-1,100,100,-1,-1,-1,w4,1,2015-07-29 00:00:00,-1,-1,-1,-1,-1,-1,0,-1,0,-1,0,-1,100,-1,-1,-1,516130,-1,258065,0,1806452,False,False,0,0,0,0,0
2015-07-27,2015-07-27 00:00:00,BP,Channel: 50 - Commercial,INDIANAPOLIS IN - BP (PLANT 0452),DIESEL,258065,1806452,0,-1,0,-1,-1,-1,0,w7,-1,0,-1,516130.0,1987097.0,-1,-1,100,100,-1,-1,-1,w4,1,2015-07-29 00:00:00,-1,-1,-1,-1,-1,-1,0,-1,0,-1,0,-1,100,-1,-1,-1,516130,-1,258065,0,1806452,False,False,0,0,0,0,0
2015-07-28,2015-07-28 00:00:00,BP,Channel: 50 - Commercial,INDIANAPOLIS IN - BP (PLANT 0452),DIESEL,258065,1806452,0,-1,0,-1,-1,-1,0,w7,-1,0,-1,516130.0,1987097.0,-1,-1,100,100,-1,-1,-1,w4,1,2015-07-29 00:00:00,-1,-1,-1,-1,-1,-1,0,-1,0,-1,0,-1,100,-1,-1,-1,516130,-1,258065,0,1806452,False,False,0,0,0,0,0
2015-07-29,2015-07-29 00:00:00,BP,Channel: 50 - Commercial,INDIANAPOLIS IN - BP (PLANT 0452),DIESEL,258065,1806452,0,-1,0,-1,-1,-1,0,w7,-1,0,-1,516130.0,1987097.0,-1,-1,100,100,-1,-1,-1,w5,1,2015-08-05 00:00:00,-1,-1,-1,-1,-1,-1,0,-1,0,-1,0,-1,100,-1,-1,-1,516130,-1,258065,0,1806452,False,True,0,0,0,0,0
2015-07-30,2015-07-30 00:00:00,BP,Channel: 50 - Commercial,INDIANAPOLIS IN - BP (PLANT 0452),DIESEL,258065,1806452,0,-1,0,-1,-1,-1,0,w7,-1,0,-1,516130.0,1987097.0,-1,-1,100,100,-1,-1,-1,w5,1,2015-08-05 00:00:00,-1,-1,-1,-1,-1,-1,0,-1,0,-1,0,-1,100,-1,-1,-1,516130,-1,258065,0,1806452,False,False,0,0,0,0,0
2015-07-31,2015-07-31 00:00:00,BP,Channel: 50 - Commercial,INDIANAPOLIS IN - BP (PLANT 0452),DIESEL,258065,1806452,0,-1,0,-1,-1,-1,0,w7,-1,0,-1,516130.0,1987097.0,-1,-1,100,100,-1,-1,-1,w5,1,2015-08-05 00:00:00,-1,-1,-1,-1,-1,-1,0,-1,0,-1,0,-1,100,-1,-1,-1,516130,-1,258065,0,1806452,False,False,0,0,0,0,0
