,date,supplier_name,account_type,supplier_terminal_name,product_name,base_gallons_Daily,base_gallons_Weekly,lifted_gallons_daily_flag,lifted_gallons_daily_modified,Modified_WeeksByLiftedGallons,lifted_gallons_modified_WeeksByLiftedGallons,lifted_gallons_Daily,Lifted_actual_weekly,lifted_gallons_weekly_flag,WeeksByLiftedGallons,lifted_gallonsWeekly_modified_aposteriori,Modified_LiftedGallonsaposteriori,lifted_gallons_Weekly,beginning_gallons_Daily,beginning_gallons_Weekly,en_allocation_status_Daily,en_allocation_status_Weekly,percentage_allocation_Daily,percentage_allocation_Weekly,alerts_ratability_Daily,alerts_ratability_Weekly,next_refresh_date_Daily,Week_switch,Modified_NRD,next_refresh_date_Weekly,en_account_type_Daily,en_account_type_Weekly,next_refresh_base_gallons_Daily,next_refresh_base_gallons_Weekly,staging_id_Daily,staging_id_Weekly,base_gallons_Monthly,Lifted_actual_monthly,lifted_gallons_monthly_flag,lifted_gallons_Monthly,beginning_gallons_Monthly,en_allocation_status_Monthly,percentage_allocation_Monthly,alerts_ratability_Monthly,next_refresh_date_Monthly,next_refresh_base_gallons_Monthly,base_gallons_Daily_Reconciled,base_gallons_Monthly_Reconciled,beginning_gallons_Daily_Reconciled,beginning_gallons_Monthly_Reconciled,beginning_gallons_Weekly_Reconciled,sanityWeekly_CumulativeDaily_WeeksByLiftedGallons,sanityWeekly_CumulativeDaily_NextRefreshDate,computedWeekly,computedMonthly,sanityComputedMonthly,sanityMonthly_CumulativeDaily_WeeksByLiftedGallons,sanityMonthly_CumulativeDaily_WeeksByNextRefreshDate
2015-07-01,2015-07-01 00:00:00,BP,Channel: 50 - Commercial,EAST CHICAGO IN - BUCKEYE (PLANT 6410),PREMIUM,-1,2813,0,-1,0,-1,-1,-1,0,w1,-1,0,-1,-1.0,3094.0,-1,-1,100,100,-1,-1,-1,w1,1,2015-07-08 00:00:00,-1,-1,-1,-1,-1,-1,0,-1,0,-1,0,-1,100,-1,-1,-1,-1,-1,-1,0,2813,False,True,0,0,0,1,1
2015-07-02,2015-07-02 00:00:00,BP,Channel: 50 - Commercial,EAST CHICAGO IN - BUCKEYE (PLANT 6410),PREMIUM,-1,2813,0,-1,0,-1,-1,-1,0,w1,-1,0,-1,-1.0,3094.0,-1,-1,100,100,-1,-1,-1,w1,1,2015-07-08 00:00:00,-1,-1,-1,-1,-1,-1,0,-1,0,-1,0,-1,100,-1,-1,-1,-1,-1,-1,0,2813,False,False,0,0,0,0,0
2015-07-03,2015-07-03 00:00:00,BP,Channel: 50 - Commercial,EAST CHICAGO IN - BUCKEYE (PLANT 6410),PREMIUM,-1,2813,0,-1,0,-1,-1,-1,0,w1,-1,0,-1,-1.0,3094.0,-1,-1,100,100,-1,-1,-1,w1,1,2015-07-08 00:00:00,-1,-1,-1,-1,-1,-1,0,-1,0,-1,0,-1,100,-1,-1,-1,-1,-1,-1,0,2813,False,False,0,0,0,0,0
2015-07-04,2015-07-04 00:00:00,BP,Channel: 50 - Commercial,EAST CHICAGO IN - BUCKEYE (PLANT 6410),PREMIUM,-1,2813,0,-1,0,-1,-1,0,0,w1,-1,0,0,-1.0,3094.0,-1,Available,100,110,-1,,-1,w1,0,2015-07-08 00:00:00,-1,Contract,-1,2813,-1,542287,0,0,0,0,0,0,0,0,0,0,-1,-1,-1,0,3094,False,False,0,0,0,0,0
2015-07-05,2015-07-05 00:00:00,BP,Channel: 50 - Commercial,EAST CHICAGO IN - BUCKEYE (PLANT 6410),PREMIUM,-1,2813,3,0,1,0,-1,0,0,w1,-1,0,0,-1.0,3094.0,-1,Available,100,110,-1,,-1,w1,0,2015-07-08 00:00:00,-1,Contract,-1,2813,-1,548731,0,0,0,0,0,0,0,0,0,0,-1,-1,-1,0,3094,False,False,0,0,0,0,0
2015-07-06,2015-07-06 00:00:00,BP,Channel: 50 - Commercial,EAST CHICAGO IN - BUCKEYE (PLANT 6410),PREMIUM,-1,2813,0,-1,0,-1,-1,-1,0,w2,-1,0,-1,-1.0,3094.0,-1,-1,100,100,-1,-1,-1,w1,1,2015-07-08 00:00:00,-1,-1,-1,-1,-1,-1,0,-1,0,-1,0,-1,100,-1,-1,-1,-1,-1,-1,0,2813,True,False,0,0,0,0,0
2015-07-07,2015-07-07 00:00:00,BP,Channel: 50 - Commercial,EAST CHICAGO IN - BUCKEYE (PLANT 6410),PREMIUM,-1,2813,0,-1,0,-1,-1,-1,0,w2,-1,0,-1,-1.0,3094.0,-1,-1,100,100,-1,-1,-1,w1,1,2015-07-08 00:00:00,-1,-1,-1,-1,-1,-1,0,-1,0,-1,0,-1,100,-1,-1,-1,-1,-1,-1,0,2813,False,False,0,0,0,0,0
2015-07-08,2015-07-08 00:00:00,BP,Channel: 50 - Commercial,EAST CHICAGO IN - BUCKEYE (PLANT 6410),PREMIUM,-1,2813,0,-1,0,-1,-1,-1,0,w2,-1,0,-1,-1.0,3094.0,-1,-1,100,100,-1,-1,-1,w2,1,2015-07-15 00:00:00,-1,-1,-1,-1,-1,-1,0,-1,0,-1,0,-1,100,-1,-1,-1,-1,-1,-1,0,2813,False,True,0,0,0,0,0
2015-07-09,2015-07-09 00:00:00,BP,Channel: 50 - Commercial,EAST CHICAGO IN - BUCKEYE (PLANT 6410),PREMIUM,-1,2813,0,-1,0,-1,-1,-1,0,w2,-1,0,-1,-1.0,3094.0,-1,-1,100,100,-1,-1,-1,w2,1,2015-07-15 00:00:00,-1,-1,-1,-1,-1,-1,0,-1,0,-1,0,-1,100,-1,-1,-1,-1,-1,-1,0,2813,False,False,0,0,0,0,0
2015-07-10,2015-07-10 00:00:00,BP,Channel: 50 - Commercial,EAST CHICAGO IN - BUCKEYE (PLANT 6410),PREMIUM,-1,2813,0,-1,0,-1,-1,0,0,w2,-1,0,0,-1.0,3094.0,-1,Available,100,110,-1,,-1,w2,0,2015-07-15 00:00:00,-1,Contract,-1,2813,-1,609049,0,0,0,0,0,0,0,0,0,0,-1,-1,-1,0,3094,False,False,0,0,0,0,0
2015-07-11,2015-07-11 00:00:00,BP,Channel: 50 - Commercial,EAST CHICAGO IN - BUCKEYE (PLANT 6410),PREMIUM,-1,2813,3,0,1,0,-1,0,0,w2,-1,0,0,-1.0,3094.0,-1,Available,100,110,-1,,-1,w2,0,2015-07-15 00:00:00,-1,Contract,-1,2813,-1,639289,0,0,0,0,0,0,0,0,0,0,-1,-1,-1,0,3094,False,False,0,0,0,0,0
2015-07-12,2015-07-12 00:00:00,BP,Channel: 50 - Commercial,EAST CHICAGO IN - BUCKEYE (PLANT 6410),PREMIUM,-1,2813,0,-1,0,-1,-1,-1,0,w3,-1,0,-1,-1.0,3094.0,-1,-1,100,100,-1,-1,-1,w2,1,2015-07-15 00:00:00,-1,-1,-1,-1,-1,-1,0,-1,0,-1,0,-1,100,-1,-1,-1,-1,-1,-1,0,2813,True,False,0,0,0,0,0
2015-07-13,2015-07-13 00:00:00,BP,Channel: 50 - Commercial,EAST CHICAGO IN - BUCKEYE (PLANT 6410),PREMIUM,-1,2813,0,-1,0,-1,-1,-1,0,w3,-1,0,-1,-1.0,3094.0,-1,-1,100,100,-1,-1,-1,w2,1,2015-07-15 00:00:00,-1,-1,-1,-1,-1,-1,0,-1,0,-1,0,-1,100,-1,-1,-1,-1,-1,-1,0,2813,False,False,0,0,0,0,0
2015-07-14,2015-07-14 00:00:00,BP,Channel: 50 - Commercial,EAST CHICAGO IN - BUCKEYE (PLANT 6410),PREMIUM,-1,2813,0,-1,0,-1,-1,-1,0,w3,-1,0,-1,-1.0,3094.0,-1,-1,100,100,-1,-1,-1,w2,1,2015-07-15 00:00:00,-1,-1,-1,-1,-1,-1,0,-1,0,-1,0,-1,100,-1,-1,-1,-1,-1,-1,0,2813,False,False,0,0,0,0,0
2015-07-15,2015-07-15 00:00:00,BP,Channel: 50 - Commercial,EAST CHICAGO IN - BUCKEYE (PLANT 6410),PREMIUM,-1,2813,0,-1,0,-1,-1,-1,0,w3,-1,0,-1,-1.0,3094.0,-1,-1,100,100,-1,-1,-1,w3,1,2015-07-22 00:00:00,-1,-1,-1,-1,-1,-1,0,-1,0,-1,0,-1,100,-1,-1,-1,-1,-1,-1,0,2813,False,True,0,0,0,0,0
2015-07-16,2015-07-16 00:00:00,BP,Channel: 50 - Commercial,EAST CHICAGO IN - BUCKEYE (PLANT 6410),PREMIUM,-1,2813,0,-1,0,-1,-1,-1,0,w3,-1,0,-1,-1.0,3094.0,-1,-1,100,100,-1,-1,-1,w3,1,2015-07-22 00:00:00,-1,-1,-1,-1,-1,-1,0,-1,0,-1,0,-1,100,-1,-1,-1,-1,-1,-1,0,2813,False,False,0,0,0,0,0
2015-07-17,2015-07-17 00:00:00,BP,Channel: 50 - Commercial,EAST CHICAGO IN - BUCKEYE (PLANT 6410),PREMIUM,-1,2813,0,-1,0,-1,-1,1900,0,w3,-1,0,1900,-1.0,3094.0,-1,Available,100,110,-1,,-1,w3,0,2015-07-22 00:00:00,-1,Contract,-1,2813,-1,821712,0,0,0,0,0,0,0,0,0,0,-1,-1,-1,0,3094,False,False,0,0,0,0,0
2015-07-18,2015-07-18 00:00:00,BP,Channel: 50 - Commercial,EAST CHICAGO IN - BUCKEYE (PLANT 6410),PREMIUM,-1,2813,3,0,1,0,-1,1900,0,w3,-1,0,1900,-1.0,3094.0,-1,Available,100,110,-1,,-1,w3,0,2015-07-22 00:00:00,-1,Contract,-1,2813,-1,852174,0,0,0,0,0,0,0,0,0,0,-1,-1,-1,0,3094,False,False,0,0,0,0,0
2015-07-19,2015-07-19 00:00:00,BP,Channel: 50 - Commercial,EAST CHICAGO IN - BUCKEYE (PLANT 6410),PREMIUM,-1,2813,3,800,1,800,-1,2700,0,w3,-1,0,2700,-1.0,3094.0,-1,Available,100,110,-1,,-1,w3,0,2015-07-22 00:00:00,-1,Contract,-1,2813,-1,883435,0,0,0,0,0,0,0,0,0,0,-1,-1,-1,0,3094,False,False,0,0,0,0,0
2015-07-20,2015-07-20 00:00:00,BP,Channel: 50 - Commercial,EAST CHICAGO IN - BUCKEYE (PLANT 6410),PREMIUM,-1,2813,3,0,1,0,-1,2700,0,w3,-1,0,2700,-1.0,3094.0,-1,Available,100,110,-1,,-1,w3,0,2015-07-22 00:00:00,-1,Contract,-1,2813,-1,913800,0,0,0,0,0,0,0,0,0,0,-1,-1,-1,0,3094,False,False,0,0,0,0,0
2015-07-21,2015-07-21 00:00:00,BP,Channel: 50 - Commercial,EAST CHICAGO IN - BUCKEYE (PLANT 6410),PREMIUM,-1,2813,0,-1,0,-1,-1,-1,0,w4,-1,0,-1,-1.0,3094.0,-1,-1,100,100,-1,-1,-1,w3,1,2015-07-22 00:00:00,-1,-1,-1,-1,-1,-1,0,-1,0,-1,0,-1,100,-1,-1,-1,-1,-1,-1,0,2813,True,False,0,0,0,0,0
2015-07-22,2015-07-22 00:00:00,BP,Channel: 50 - Commercial,EAST CHICAGO IN - BUCKEYE (PLANT 6410),PREMIUM,-1,2813,0,-1,0,-1,-1,-1,0,w4,-1,0,-1,-1.0,3094.0,-1,-1,100,100,-1,-1,-1,w4,1,2015-07-29 00:00:00,-1,-1,-1,-1,-1,-1,0,-1,0,-1,0,-1,100,-1,-1,-1,-1,-1,-1,0,2813,False,True,0,0,0,0,0
2015-07-23,2015-07-23 00:00:00,BP,Channel: 50 - Commercial,EAST CHICAGO IN - BUCKEYE (PLANT 6410),PREMIUM,-1,2813,0,-1,0,-1,-1,-1,0,w4,-1,0,-1,-1.0,3094.0,-1,-1,100,100,-1,-1,-1,w4,1,2015-07-29 00:00:00,-1,-1,-1,-1,-1,-1,0,-1,0,-1,0,-1,100,-1,-1,-1,-1,-1,-1,0,2813,False,False,0,0,0,0,0
2015-07-24,2015-07-24 00:00:00,BP,Channel: 50 - Commercial,EAST CHICAGO IN - BUCKEYE (PLANT 6410),PREMIUM,-1,2813,0,-1,0,-1,-1,-1,0,w4,-1,0,-1,-1.0,3094.0,-1,-1,100,100,-1,-1,-1,w4,1,2015-07-29 00:00:00,-1,-1,-1,-1,-1,-1,0,-1,0,-1,0,-1,100,-1,-1,-1,-1,-1,-1,0,2813,False,False,0,0,0,0,0
2015-07-25,2015-07-25 00:00:00,BP,Channel: 50 - Commercial,EAST CHICAGO IN - BUCKEYE (PLANT 6410),PREMIUM,-1,2813,0,-1,0,-1,-1,-1,0,w4,-1,0,-1,-1.0,3094.0,-1,-1,100,100,-1,-1,-1,w4,1,2015-07-29 00:00:00,-1,-1,-1,-1,-1,-1,0,-1,0,-1,0,-1,100,-1,-1,-1,-1,-1,-1,0,2813,False,False,0,0,0,0,0
2015-07-26,2015-07-26 00:00:00,BP,Channel: 50 - Commercial,EAST CHICAGO IN - BUCKEYE (PLANT 6410),PREMIUM,-1,2813,0,-1,0,-1,-1,-1,0,w4,-1,0,-1,-1.0,3094.0,-1,-1,100,100,-1,-1,-1,w4,1,2015-07-29 00:00:00,-1,-1,-1,-1,-1,-1,0,-1,0,-1,0,-1,100,-1,-1,-1,-1,-1,-1,0,2813,False,False,0,0,0,0,0
2015-07-27,2015-07-27 00:00:00,BP,Channel: 50 - Commercial,EAST CHICAGO IN - BUCKEYE (PLANT 6410),PREMIUM,-1,2813,0,-1,0,-1,-1,-1,0,w4,-1,0,-1,-1.0,3094.0,-1,-1,100,100,-1,-1,-1,w4,1,2015-07-29 00:00:00,-1,-1,-1,-1,-1,-1,0,-1,0,-1,0,-1,100,-1,-1,-1,-1,-1,-1,0,2813,False,False,0,0,0,0,0
2015-07-28,2015-07-28 00:00:00,BP,Channel: 50 - Commercial,EAST CHICAGO IN - BUCKEYE (PLANT 6410),PREMIUM,-1,2813,0,-1,0,-1,-1,-1,0,w4,-1,0,-1,-1.0,3094.0,-1,-1,100,100,-1,-1,-1,w4,1,2015-07-29 00:00:00,-1,-1,-1,-1,-1,-1,0,-1,0,-1,0,-1,100,-1,-1,-1,-1,-1,-1,0,2813,False,False,0,0,0,0,0
2015-07-29,2015-07-29 00:00:00,BP,Channel: 50 - Commercial,EAST CHICAGO IN - BUCKEYE (PLANT 6410),PREMIUM,-1,2813,0,-1,0,-1,-1,-1,0,w4,-1,0,-1,-1.0,3094.0,-1,-1,100,100,-1,-1,-1,w5,1,2015-08-05 00:00:00,-1,-1,-1,-1,-1,-1,0,-1,0,-1,0,-1,100,-1,-1,-1,-1,-1,-1,0,2813,False,True,0,0,0,0,0
2015-07-30,2015-07-30 00:00:00,BP,Channel: 50 - Commercial,EAST CHICAGO IN - BUCKEYE (PLANT 6410),PREMIUM,-1,2813,0,-1,0,-1,-1,-1,0,w4,-1,0,-1,-1.0,3094.0,-1,-1,100,100,-1,-1,-1,w5,1,2015-08-05 00:00:00,-1,-1,-1,-1,-1,-1,0,-1,0,-1,0,-1,100,-1,-1,-1,-1,-1,-1,0,2813,False,False,0,0,0,0,0
2015-07-31,2015-07-31 00:00:00,BP,Channel: 50 - Commercial,EAST CHICAGO IN - BUCKEYE (PLANT 6410),PREMIUM,-1,2813,0,-1,0,-1,-1,-1,0,w4,-1,0,-1,-1.0,3094.0,-1,-1,100,100,-1,-1,-1,w5,1,2015-08-05 00:00:00,-1,-1,-1,-1,-1,-1,0,-1,0,-1,0,-1,100,-1,-1,-1,-1,-1,-1,0,2813,False,False,0,0,0,0,0
