,date,supplier_name,account_type,supplier_terminal_name,product_name,base_gallons_Daily,base_gallons_Monthly,base_gallons_Weekly,lifted_gallons_daily_flag,lifted_gallons_daily_modified,Modified_WeeksByLiftedGallons,lifted_gallons_modified_WeeksByLiftedGallons,lifted_gallons_Daily,Lifted_actual_monthly,lifted_gallons_monthly_flag,lifted_gallons_Monthly,Lifted_actual_weekly,lifted_gallons_weekly_flag,WeeksByLiftedGallons,lifted_gallonsWeekly_modified_aposteriori,Modified_LiftedGallonsaposteriori,lifted_gallons_Weekly,beginning_gallons_Daily,beginning_gallons_Monthly,beginning_gallons_Weekly,en_allocation_status_Daily,en_allocation_status_Monthly,en_allocation_status_Weekly,percentage_allocation_Daily,percentage_allocation_Monthly,percentage_allocation_Weekly,alerts_ratability_Daily,alerts_ratability_Monthly,alerts_ratability_Weekly,next_refresh_date_Daily,next_refresh_date_Monthly,Week_switch,Modified_NRD,next_refresh_date_Weekly,en_account_type_Daily,en_account_type_Monthly,en_account_type_Weekly,NRB_Daily,next_refresh_base_gallons_Daily,NRB_Monthly,next_refresh_base_gallons_Monthly,next_refresh_base_gallons_Weekly,staging_id_Daily,staging_id_Monthly,staging_id_Weekly,base_gallons_Daily_Reconciled,base_gallons_Monthly_Reconciled,base_gallons_Weekly_Reconciled,beginning_gallons_Daily_Reconciled,beginning_gallons_Monthly_Reconciled,beginning_gallons_Weekly_Reconciled,sanityWeekly_CumulativeDaily_WeeksByLiftedGallons,sanityWeekly_CumulativeDaily_NextRefreshDate,computedWeekly,computedMonthly,sanityComputedMonthly,sanityMonthly_CumulativeDaily_WeeksByLiftedGallons,sanityMonthly_CumulativeDaily_WeeksByNextRefreshDate
2015-08-01,2015-08-01 00:00:00,Chevron,PILOT TRAVEL CENTERS LLC : CHV7460761,3351 PHOENIX AZ TRM KINDER MORGAN,DIESEL #2,14236,441304,99649,1,4000,0,4000,4000,4000,0,4000,41451,1,w1,4000,0,4000,28472,485434,124561,Available,Available,Available,200,110,125,Below Trend,On Target,On Target,08/02 00:00:00 MDT,09/01 00:00:00 MDT,w1,0,2015-08-05 00:00:00,Contract,Contract,Contract,14236,14236,441304,441304,99649,1272257,1272259,1272258,14236,441304,99649,28472,485434,124561,True,True,4000,4000,1,1,1
2015-08-02,2015-08-02 00:00:00,Chevron,PILOT TRAVEL CENTERS LLC : CHV7460761,3351 PHOENIX AZ TRM KINDER MORGAN,DIESEL #2,14236,441304,99649,1,7401,0,7401,7401,11401,0,11401,48852,1,w1,7401,0,11401,28472,485434,124561,Available,Available,Available,200,110,125,On Target,On Target,On Target,08/03 00:00:00 MDT,09/01 00:00:00 MDT,w1,0,2015-08-05 00:00:00,Contract,Contract,Contract,14236,14236,441304,441304,99649,1303080,1303082,1303081,14236,441304,99649,28472,485434,124561,True,True,11401,11401,1,1,1
2015-08-03,2015-08-03 00:00:00,Chevron,PILOT TRAVEL CENTERS LLC : CHV7460761,3351 PHOENIX AZ TRM KINDER MORGAN,DIESEL #2,14236,441304,99649,1,29404,0,29404,29404,40805,0,40805,78256,1,w1,29404,0,40805,28472,485434,124561,Out,Available,Available,200,110,125,Above Trend,Above Trend,On Target,08/04 00:00:00 MDT,09/01 00:00:00 MDT,w1,0,2015-08-05 00:00:00,Contract,Contract,Contract,14236,14236,441304,441304,99649,1331535,1331537,1331536,14236,441304,99649,28472,485434,124561,True,True,40805,40805,1,1,1
2015-08-04,2015-08-04 00:00:00,Chevron,PILOT TRAVEL CENTERS LLC : CHV7460761,3351 PHOENIX AZ TRM KINDER MORGAN,DIESEL #2,14236,441304,99649,1,29462,0,29462,29462,70267,0,70267,107718,1,w1,29462,0,70267,28472,485434,124561,Available,Available,Limited,200,110,125,Above Trend,Above Trend,Above Trend,08/05 00:00:00 MDT,09/01 00:00:00 MDT,w1,0,2015-08-05 00:00:00,Contract,Contract,Contract,14236,14236,441304,441304,99649,1361718,1361720,1361719,14236,441304,99649,28472,485434,124561,True,True,70267,70267,1,1,1
2015-08-05,2015-08-05 00:00:00,Chevron,PILOT TRAVEL CENTERS LLC : CHV7460761,3351 PHOENIX AZ TRM KINDER MORGAN,DIESEL #2,14236,441304,99649,1,13300,0,13300,13300,83567,0,83567,13300,1,w2,13300,0,13300,28472,485434,124561,Available,Available,Available,200,110,125,On Target,Above Trend,Above Trend,08/06 00:00:00 MDT,09/01 00:00:00 MDT,w2,0,2015-08-12 00:00:00,Contract,Contract,Contract,14236,14236,441304,441304,99649,1390203,1390205,1390204,14236,441304,99649,28472,485434,124561,True,True,13300,83567,1,1,1
2015-08-06,2015-08-06 00:00:00,Chevron,PILOT TRAVEL CENTERS LLC : CHV7460761,3351 PHOENIX AZ TRM KINDER MORGAN,DIESEL #2,14236,441304,99649,1,14950,1,14950,7500,98517,0,98517,28250,1,w2,7500,0,28250,28472,485434,124561,Available,Available,Available,200,110,125,On Target,Above Trend,Above Trend,08/07 00:00:00 MDT,09/01 00:00:00 MDT,w2,0,2015-08-12 00:00:00,Contract,Contract,Contract,14236,14236,441304,441304,99649,1427075,1427077,1427076,14236,441304,99649,28472,485434,124561,True,True,28250,98517,1,1,1
2015-08-07,2015-08-07 00:00:00,Chevron,PILOT TRAVEL CENTERS LLC : CHV7460761,3351 PHOENIX AZ TRM KINDER MORGAN,DIESEL #2,14236,441304,99649,1,14875,0,14875,14875,113392,0,113392,43125,1,w2,14875,0,43125,28472,485434,124561,Available,Available,Available,200,110,125,On Target,Above Trend,Above Trend,08/08 00:00:00 MDT,09/01 00:00:00 MDT,w2,0,2015-08-12 00:00:00,Contract,Contract,Contract,14236,14236,441304,441304,99649,1461587,1461589,1461588,14236,441304,99649,28472,485434,124561,True,True,43125,113392,1,1,1
2015-08-08,2015-08-08 00:00:00,Chevron,PILOT TRAVEL CENTERS LLC : CHV7460761,3351 PHOENIX AZ TRM KINDER MORGAN,DIESEL #2,14236,441304,99649,1,19000,0,19000,19000,132392,0,132392,62125,1,w2,19000,0,62125,28472,485434,124561,Available,Available,Available,200,110,125,On Target,Above Trend,Above Trend,08/09 00:00:00 MDT,09/01 00:00:00 MDT,w2,0,2015-08-12 00:00:00,Contract,Contract,Contract,14236,14236,441304,441304,99649,1495876,1495878,1495877,14236,441304,99649,28472,485434,124561,True,True,62125,132392,1,1,1
2015-08-09,2015-08-09 00:00:00,Chevron,PILOT TRAVEL CENTERS LLC : CHV7460761,3351 PHOENIX AZ TRM KINDER MORGAN,DIESEL #2,14236,441304,99649,1,11500,0,11500,11500,143892,0,143892,73625,1,w2,11500,0,73625,28472,485434,124561,Available,Available,Available,200,110,125,On Target,Above Trend,Above Trend,08/10 00:00:00 MDT,09/01 00:00:00 MDT,w2,0,2015-08-12 00:00:00,Contract,Contract,Contract,14236,14236,441304,441304,99649,1529561,1529563,1529562,14236,441304,99649,28472,485434,124561,True,True,73625,143892,1,1,1
2015-08-10,2015-08-10 00:00:00,Chevron,PILOT TRAVEL CENTERS LLC : CHV7460761,3351 PHOENIX AZ TRM KINDER MORGAN,DIESEL #2,14236,441304,99649,1,7500,0,7500,7500,151392,0,151392,81125,1,w2,7500,0,81125,28472,485434,124561,Available,Available,Available,200,110,125,On Target,Above Trend,On Target,08/11 00:00:00 MDT,09/01 00:00:00 MDT,w2,0,2015-08-12 00:00:00,Contract,Contract,Contract,14236,14236,441304,441304,99649,1562668,1562670,1562669,14236,441304,99649,28472,485434,124561,True,True,81125,151392,1,1,1
2015-08-11,2015-08-11 00:00:00,Chevron,PILOT TRAVEL CENTERS LLC : CHV7460761,3351 PHOENIX AZ TRM KINDER MORGAN,DIESEL #2,14236,441304,99649,1,7503,0,7503,7503,158895,0,158895,88628,1,w2,7503,0,88628,28472,485434,124561,Available,Available,Limited,200,110,125,On Target,Above Trend,On Target,08/12 00:00:00 MDT,09/01 00:00:00 MDT,w2,0,2015-08-12 00:00:00,Contract,Contract,Contract,14236,14236,441304,441304,99649,1584801,1584803,1584802,14236,441304,99649,28472,485434,124561,True,True,88628,158895,1,1,1
2015-08-12,2015-08-12 00:00:00,Chevron,PILOT TRAVEL CENTERS LLC : CHV7460761,3351 PHOENIX AZ TRM KINDER MORGAN,DIESEL #2,14236,441304,99649,1,16781,0,16781,16781,175676,0,175676,16781,1,w3,16781,0,16781,28472,485434,124561,Available,Available,Available,200,110,125,On Target,Above Trend,Above Trend,08/13 00:00:00 MDT,09/01 00:00:00 MDT,w3,0,2015-08-19 00:00:00,Contract,Contract,Contract,14236,14236,441304,441304,99649,1634913,1634915,1634914,14236,441304,99649,28472,485434,124561,True,True,16781,175676,1,1,1
2015-08-13,2015-08-13 00:00:00,Chevron,PILOT TRAVEL CENTERS LLC : CHV7460761,3351 PHOENIX AZ TRM KINDER MORGAN,DIESEL #2,14236,441304,99649,1,7000,0,7000,7000,182676,0,182676,23781,1,w3,7000,0,23781,28472,485434,124561,Available,Available,Available,200,110,125,On Target,Above Trend,On Target,08/14 00:00:00 MDT,09/01 00:00:00 MDT,w3,0,2015-08-19 00:00:00,Contract,Contract,Contract,14236,14236,441304,441304,99649,1674843,1674845,1674844,14236,441304,99649,28472,485434,124561,True,True,23781,182676,1,1,1
2015-08-14,2015-08-14 00:00:00,Chevron,PILOT TRAVEL CENTERS LLC : CHV7460761,3351 PHOENIX AZ TRM KINDER MORGAN,DIESEL #2,14236,441304,99649,1,7400,0,7400,7400,190076,0,190076,31181,1,w3,7400,0,31181,28472,485434,124561,Available,Available,Available,200,110,125,On Target,Above Trend,On Target,08/15 00:00:00 MDT,09/01 00:00:00 MDT,w3,0,2015-08-19 00:00:00,Contract,Contract,Contract,14236,14236,441304,441304,99649,1714455,1714457,1714456,14236,441304,99649,28472,485434,124561,True,True,31181,190076,1,1,1
2015-08-15,2015-08-15 00:00:00,Chevron,PILOT TRAVEL CENTERS LLC : CHV7460761,3351 PHOENIX AZ TRM KINDER MORGAN,DIESEL #2,14236,441304,99649,1,0,0,0,0,190076,0,190076,31181,1,w3,0,0,31181,28472,485434,124561,Available,Available,Available,200,110,125,Below Trend,Above Trend,On Target,08/16 00:00:00 MDT,09/01 00:00:00 MDT,w3,0,2015-08-19 00:00:00,Contract,Contract,Contract,14236,14236,441304,441304,99649,1746824,1746826,1746825,14236,441304,99649,28472,485434,124561,True,True,31181,190076,1,1,1
2015-08-16,2015-08-16 00:00:00,Chevron,PILOT TRAVEL CENTERS LLC : CHV7460761,3351 PHOENIX AZ TRM KINDER MORGAN,DIESEL #2,14236,441304,99649,1,7500,0,7500,7500,197576,0,197576,38681,1,w3,7500,0,38681,28472,485434,124561,Available,Available,Available,200,110,125,On Target,On Target,On Target,08/17 00:00:00 MDT,09/01 00:00:00 MDT,w3,0,2015-08-19 00:00:00,Contract,Contract,Contract,14236,14236,441304,441304,99649,1788571,1788573,1788572,14236,441304,99649,28472,485434,124561,True,True,38681,197576,1,1,1
2015-08-17,2015-08-17 00:00:00,Chevron,PILOT TRAVEL CENTERS LLC : CHV7460761,3351 PHOENIX AZ TRM KINDER MORGAN,DIESEL #2,14236,441304,99649,1,0,0,0,0,197576,0,197576,38681,1,w3,0,0,38681,28472,485434,124561,Available,Available,Available,200,110,125,Below Trend,On Target,On Target,08/18 00:00:00 MDT,09/01 00:00:00 MDT,w3,0,2015-08-19 00:00:00,Contract,Contract,Contract,14236,14236,441304,441304,99649,1800624,1800626,1800625,14236,441304,99649,28472,485434,124561,True,True,38681,197576,1,1,1
2015-08-18,2015-08-18 00:00:00,Chevron,PILOT TRAVEL CENTERS LLC : CHV7460761,3351 PHOENIX AZ TRM KINDER MORGAN,DIESEL #2,14236,441304,99649,1,21850,1,21850,14400,219426,0,219426,60531,1,w3,14400,0,60531,28472,485434,124561,Available,Available,Available,200,110,125,On Target,On Target,On Target,08/19 00:00:00 MDT,09/01 00:00:00 MDT,w3,0,2015-08-19 00:00:00,Contract,Contract,Contract,14236,14236,441304,441304,99649,1871227,1871229,1871228,14236,441304,99649,28472,485434,124561,True,True,60531,219426,1,1,1
2015-08-19,2015-08-19 00:00:00,Chevron,PILOT TRAVEL CENTERS LLC : CHV7460761,3351 PHOENIX AZ TRM KINDER MORGAN,DIESEL #2,14236,441304,99649,1,15108,0,15108,15108,234534,0,234534,15108,1,w4,15108,0,15108,28472,485434,124561,Available,Available,Available,200,110,125,On Target,On Target,Above Trend,08/20 00:00:00 MDT,09/01 00:00:00 MDT,w4,0,2015-08-26 00:00:00,Contract,Contract,Contract,14236,14236,441304,441304,99649,1906883,1906885,1906884,14236,441304,99649,28472,485434,124561,True,True,15108,234534,1,1,1
2015-08-20,2015-08-20 00:00:00,Chevron,PILOT TRAVEL CENTERS LLC : CHV7460761,3351 PHOENIX AZ TRM KINDER MORGAN,DIESEL #2,14236,441304,99649,1,22200,0,22200,22200,256734,0,256734,37308,1,w4,22200,0,37308,28472,485434,124561,Limited,Available,Available,200,110,125,Above Trend,Above Trend,Above Trend,08/21 00:00:00 MDT,09/01 00:00:00 MDT,w4,0,2015-08-26 00:00:00,Contract,Contract,Contract,14236,14236,441304,441304,99649,1945050,1945052,1945051,14236,441304,99649,28472,485434,124561,True,True,37308,256734,1,1,1
2015-08-21,2015-08-21 00:00:00,Chevron,PILOT TRAVEL CENTERS LLC : CHV7460761,3351 PHOENIX AZ TRM KINDER MORGAN,DIESEL #2,14236,441304,99649,1,0,0,0,0,256734,0,256734,37308,1,w4,0,0,37308,28472,485434,124561,Available,Available,Available,200,110,125,Below Trend,Above Trend,Above Trend,08/22 00:00:00 MDT,09/01 00:00:00 MDT,w4,0,2015-08-26 00:00:00,Contract,Contract,Contract,14236,14236,441304,441304,99649,1949100,1949102,1949101,14236,441304,99649,28472,485434,124561,True,True,37308,256734,1,1,1
2015-08-22,2015-08-22 00:00:00,Chevron,PILOT TRAVEL CENTERS LLC : CHV7460761,3351 PHOENIX AZ TRM KINDER MORGAN,DIESEL #2,14236,441304,99649,1,29255,1,29255,15005,285989,0,285989,66563,1,w4,15005,0,66563,28472,485434,124561,Available,Available,Available,200,110,125,On Target,Above Trend,Above Trend,08/23 00:00:00 MDT,09/01 00:00:00 MDT,w4,0,2015-08-26 00:00:00,Contract,Contract,Contract,14236,14236,441304,441304,99649,2021780,2021782,2021781,14236,441304,99649,28472,485434,124561,True,True,66563,285989,1,1,1
2015-08-23,2015-08-23 00:00:00,Chevron,PILOT TRAVEL CENTERS LLC : CHV7460761,3351 PHOENIX AZ TRM KINDER MORGAN,DIESEL #2,14236,441304,99649,1,7501,0,7501,7501,293490,0,293490,74064,1,w4,7501,0,74064,28472,485434,124561,Available,Available,Available,200,110,125,On Target,Above Trend,Above Trend,08/24 00:00:00 MDT,09/01 00:00:00 MDT,w4,0,2015-08-26 00:00:00,Contract,Contract,Contract,14236,14236,441304,441304,99649,2057560,2057562,2057561,14236,441304,99649,28472,485434,124561,True,True,74064,293490,1,1,1
2015-08-24,2015-08-24 00:00:00,Chevron,PILOT TRAVEL CENTERS LLC : CHV7460761,3351 PHOENIX AZ TRM KINDER MORGAN,DIESEL #2,14236,441304,99649,1,0,0,0,0,293490,0,293490,74064,1,w4,0,0,74064,28472,485434,124561,Available,Available,Available,200,110,125,Below Trend,Above Trend,On Target,08/25 00:00:00 MDT,09/01 00:00:00 MDT,w4,0,2015-08-26 00:00:00,Contract,Contract,Contract,14236,14236,441304,441304,99649,2071208,2071210,2071209,14236,441304,99649,28472,485434,124561,True,True,74064,293490,1,1,1
2015-08-25,2015-08-25 00:00:00,Chevron,PILOT TRAVEL CENTERS LLC : CHV7460761,3351 PHOENIX AZ TRM KINDER MORGAN,DIESEL #2,14236,441304,99649,1,45402,1,45402,29902,338892,0,338892,119466,1,w4,29902,0,119466,28472,485434,124561,Out,Available,Low,200,110,125,Above Trend,Above Trend,Above Trend,08/26 00:00:00 MDT,09/01 00:00:00 MDT,w4,0,2015-08-26 00:00:00,Contract,Contract,Contract,14236,14236,441304,441304,99649,2126577,2126579,2126578,14236,441304,99649,28472,485434,124561,True,True,119466,338892,1,1,1
2015-08-26,2015-08-26 00:00:00,Chevron,PILOT TRAVEL CENTERS LLC : CHV7460761,3351 PHOENIX AZ TRM KINDER MORGAN,DIESEL #2,14236,441304,99649,1,7500,0,7500,7500,346392,0,346392,7500,1,w5,7500,0,7500,28472,485434,124561,Available,Limited,Available,200,110,125,On Target,Above Trend,On Target,08/27 00:00:00 MDT,09/01 00:00:00 MDT,w5,0,2015-09-02 00:00:00,Contract,Contract,Contract,14236,14236,441304,441304,99649,2153910,2153912,2153911,14236,441304,99649,28472,485434,124561,True,True,7500,346392,1,1,1
2015-08-27,2015-08-27 00:00:00,Chevron,PILOT TRAVEL CENTERS LLC : CHV7460761,3351 PHOENIX AZ TRM KINDER MORGAN,DIESEL #2,14236,441304,99649,1,29100,0,29100,29100,375492,0,375492,36600,1,w5,29100,0,36600,28472,485434,124561,Out,Limited,Available,200,110,125,Above Trend,Above Trend,Above Trend,08/28 00:00:00 MDT,09/01 00:00:00 MDT,w5,0,2015-09-02 00:00:00,Contract,Contract,Contract,14236,14236,441304,441304,99649,2181374,2181376,2181375,14236,441304,99649,28472,485434,124561,True,True,36600,375492,1,1,1
2015-08-28,2015-08-28 00:00:00,Chevron,PILOT TRAVEL CENTERS LLC : CHV7460761,3351 PHOENIX AZ TRM KINDER MORGAN,DIESEL #2,14236,441304,99649,1,7300,0,7300,7300,382792,0,382792,43900,1,w5,7300,0,43900,28472,485434,124561,Available,Limited,Available,200,110,125,On Target,Above Trend,Above Trend,08/29 00:00:00 MDT,09/01 00:00:00 MDT,w5,0,2015-09-02 00:00:00,Contract,Contract,Contract,14236,14236,441304,521341,99649,2212312,2212314,2212313,14236,441304,99649,28472,485434,124561,True,True,43900,382792,1,1,1
2015-08-29,2015-08-29 00:00:00,Chevron,PILOT TRAVEL CENTERS LLC : CHV7460761,3351 PHOENIX AZ TRM KINDER MORGAN,DIESEL #2,14236,441304,99649,1,11400,0,11400,11400,394192,0,394192,55300,1,w5,11400,0,55300,28472,485434,124561,Available,Low,Available,200,110,125,On Target,Above Trend,On Target,08/30 00:00:00 MDT,09/01 00:00:00 MDT,w5,0,2015-09-02 00:00:00,Contract,Contract,Contract,14236,14236,441304,521341,99649,2238952,2238954,2238953,14236,441304,99649,28472,485434,124561,True,True,55300,394192,1,1,1
2015-08-30,2015-08-30 00:00:00,Chevron,PILOT TRAVEL CENTERS LLC : CHV7460761,3351 PHOENIX AZ TRM KINDER MORGAN,DIESEL #2,14236,441304,99649,1,0,0,0,0,394192,0,394192,55300,1,w5,0,0,55300,28472,485434,124561,Available,Low,Available,200,110,125,Below Trend,Above Trend,On Target,08/31 00:00:00 MDT,09/01 00:00:00 MDT,w5,0,2015-09-02 00:00:00,Contract,Contract,Contract,14236,14236,441304,521341,99649,2265603,2265605,2265604,14236,441304,99649,28472,485434,124561,True,True,55300,394192,1,1,1
2015-08-31,2015-08-31 00:00:00,Chevron,PILOT TRAVEL CENTERS LLC : CHV7460761,3351 PHOENIX AZ TRM KINDER MORGAN,DIESEL #2,14236,441304,99649,1,18600,0,18600,18600,412792,0,412792,73900,1,w5,18600,0,73900,14236,485434,124561,Out,Low,Available,100,110,125,Above Trend,Above Trend,On Target,09/01 00:00:00 MDT,09/01 00:00:00 MDT,w5,0,2015-09-02 00:00:00,Contract,Contract,Contract,14236,14236,521341,521341,99649,2291257,2291259,2291258,14236,441304,99649,14236,485434,124561,True,True,73900,412792,1,1,1
