,date,supplier_name,account_type,supplier_terminal_name,product_name,base_gallons_Daily,base_gallons_Monthly,base_gallons_Weekly,lifted_gallons_daily_flag,lifted_gallons_daily_modified,Modified_WeeksByLiftedGallons,lifted_gallons_modified_WeeksByLiftedGallons,lifted_gallons_Daily,Lifted_actual_monthly,lifted_gallons_monthly_flag,lifted_gallons_Monthly,Lifted_actual_weekly,lifted_gallons_weekly_flag,WeeksByLiftedGallons,lifted_gallonsWeekly_modified_aposteriori,Modified_LiftedGallonsaposteriori,lifted_gallons_Weekly,beginning_gallons_Daily,beginning_gallons_Monthly,beginning_gallons_Weekly,en_allocation_status_Daily,en_allocation_status_Monthly,en_allocation_status_Weekly,percentage_allocation_Daily_actual,percentage_allocation_Daily,percentage_allocation_Monthly_actual,percentage_allocation_Monthly,percentage_allocation_Weekly_actual,percentage_allocation_Weekly,alerts_ratability_Daily,alerts_ratability_Monthly,alerts_ratability_Weekly,next_refresh_date_Daily,next_refresh_date_Monthly,Week_switch,Modified_NRD,next_refresh_date_Weekly,en_account_type_Daily,en_account_type_Monthly,en_account_type_Weekly,NRB_Daily,next_refresh_base_gallons_Daily,NRB_Monthly,next_refresh_base_gallons_Monthly,next_refresh_base_gallons_Weekly,remaining_gallons_Daily,remaining_gallons_Monthly,remaining_gallons_Weekly,additional_gallons_allowed_Daily,additional_gallons_allowed_Monthly,additional_gallons_allowed_Weekly,additional_gallons_remaining_Daily,additional_gallons_remaining_Monthly,additional_gallons_remaining_Weekly,staging_id_Daily,staging_id_Monthly,staging_id_Weekly,base_gallons_Daily_Reconciled,base_gallons_Monthly_Reconciled,base_gallons_Weekly_Reconciled,beginning_gallons_Daily_Reconciled,beginning_gallons_Monthly_Reconciled,beginning_gallons_Weekly_Reconciled,sanityWeekly_CumulativeDaily_WeeksByLiftedGallons,sanityWeekly_CumulativeDaily_NextRefreshDate,computedWeekly,computedMonthly,sanityComputedMonthly,remaining_gallons_Daily_Reconciled,remaining_gallons_Monthly_Reconciled,remaining_gallons_Weekly_Reconciled,additional_gallons_remaining_Daily_Reconciled,additional_gallons_remaining_Monthly_Reconciled,additional_gallons_remaining_Weekly_Reconciled,sanityMonthly_CumulativeDaily_WeeksByLiftedGallons,sanityMonthly_CumulativeDaily_WeeksByNextRefreshDate
2015-08-01,2015-08-01 00:00:00,Chevron,PILOT TRAVEL CENTERS LLC : CHV7460761,1037 PASCAGOULA MS TRM CHEVRON,DIESEL #2,67868,2103902,475075,1,0,0,0,0,0,0,0,55872,1,w1,0,0,0,101802,2314292,593844,Available,Available,Available,150%,150,110%,110,125%,125,Below Trend,Below Trend,Below Trend,08/02 00:00:00 CDT,09/01 00:00:00 CDT,w1,0,2015-08-05 00:00:00,Contract,Contract,Contract,67868,67868,2103902,2103902,475075,101802,2314292,537972,0,0,0,0,0,0,1272197,1272199,1272198,67800,2103900,475000,101802,2314292,593843,True,True,0,0,1,101802,2314292,593844,-1,-1,-1,1,1
2015-08-02,2015-08-02 00:00:00,Chevron,PILOT TRAVEL CENTERS LLC : CHV7460761,1037 PASCAGOULA MS TRM CHEVRON,DIESEL #2,67868,2103902,475075,1,0,0,0,0,0,0,0,55872,1,w1,0,0,0,101802,2314292,593844,Available,Available,Available,150%,150,110%,110,125%,125,Below Trend,Below Trend,Below Trend,08/03 00:00:00 CDT,09/01 00:00:00 CDT,w1,0,2015-08-05 00:00:00,Contract,Contract,Contract,67868,67868,2103902,2103902,475075,101802,2314292,537972,0,0,0,0,0,0,1303020,1303022,1303021,67800,2103900,475000,101802,2314292,593843,True,True,0,0,1,101802,2314292,593844,-1,-1,-1,1,1
2015-08-03,2015-08-03 00:00:00,Chevron,PILOT TRAVEL CENTERS LLC : CHV7460761,1037 PASCAGOULA MS TRM CHEVRON,DIESEL #2,67868,2103902,475075,1,32277,0,32277,32277,32277,0,32277,88149,1,w1,32277,0,32277,101802,2314292,593844,Available,Available,Available,150%,150,110%,110,125%,125,On Target,Below Trend,Below Trend,08/04 00:00:00 CDT,09/01 00:00:00 CDT,w1,0,2015-08-05 00:00:00,Contract,Contract,Contract,67868,67868,2103902,2103902,475075,69525,2282015,505695,0,0,0,0,0,0,1331475,1331477,1331476,67800,2103900,475000,101802,2314292,593843,True,True,32277,32277,1,69525,2282015,561567,-1,-1,-1,1,1
2015-08-04,2015-08-04 00:00:00,Chevron,PILOT TRAVEL CENTERS LLC : CHV7460761,1037 PASCAGOULA MS TRM CHEVRON,DIESEL #2,67868,2103902,475075,1,76693,0,76693,76693,108970,0,108970,164842,1,w1,76693,0,108970,101802,2314292,593844,Limited,Available,Available,150%,150,110%,110,125%,125,On Target,On Target,On Target,08/05 00:00:00 CDT,09/01 00:00:00 CDT,w1,0,2015-08-05 00:00:00,Contract,Contract,Contract,67868,67868,2103902,2103902,475075,25109,2205322,429002,0,0,0,0,0,0,1361658,1361660,1361659,67800,2103900,475000,101802,2314292,593843,True,True,108970,108970,1,25109,2205322,484874,-1,-1,-1,1,1
2015-08-05,2015-08-05 00:00:00,Chevron,PILOT TRAVEL CENTERS LLC : CHV7460761,1037 PASCAGOULA MS TRM CHEVRON,DIESEL #2,67868,2103902,475075,1,92701,0,84981,84981,201671,0,201671,84981,1,w2,84981,0,92701,101802,2314292,593844,Low,Available,Available,150%,150,110%,110,125%,125,Above Trend,On Target,Above Trend,08/06 00:00:00 CDT,09/01 00:00:00 CDT,w2,0,2015-08-12 00:00:00,Contract,Contract,Contract,67868,67868,2103902,2103902,475075,16821,2112621,508863,0,0,0,0,0,0,1390143,1390145,1390144,67800,2103900,475000,101802,2314292,593843,True,True,92701,201671,1,9101,2112621,501143,-1,-1,-1,0,1
2015-08-06,2015-08-06 00:00:00,Chevron,PILOT TRAVEL CENTERS LLC : CHV7460761,1037 PASCAGOULA MS TRM CHEVRON,DIESEL #2,67868,2103902,475075,1,131216,1,131216,108179,332887,0,332887,216197,1,w2,108179,0,223917,101802,2314292,593844,Out,Available,Available,150%,150,110%,110,125%,125,Above Trend,On Target,Above Trend,08/07 00:00:00 CDT,09/01 00:00:00 CDT,w2,0,2015-08-12 00:00:00,Contract,Contract,Contract,67868,67868,2103902,2103902,475075,-6377,1981405,377647,0,0,0,0,0,0,1427015,1427017,1427016,67800,2103900,475000,101802,2314292,593843,True,True,223917,332887,1,-29414,1981405,369927,-1,-1,-1,0,1
2015-08-07,2015-08-07 00:00:00,Chevron,PILOT TRAVEL CENTERS LLC : CHV7460761,1037 PASCAGOULA MS TRM CHEVRON,DIESEL #2,67868,2103902,475075,1,74685,0,74685,74685,407572,0,407572,290882,1,w2,74685,0,298602,101802,2314292,593844,Limited,Available,Available,150%,150,110%,110,125%,125,On Target,On Target,Above Trend,08/08 00:00:00 CDT,09/01 00:00:00 CDT,w2,0,2015-08-12 00:00:00,Contract,Contract,Contract,67868,67868,2103902,2103902,475075,27117,1906720,302962,0,0,0,0,0,0,1461527,1461529,1461528,67800,2103900,475000,101802,2314292,593843,True,True,298602,407572,1,27117,1906720,295242,-1,-1,-1,0,1
2015-08-08,2015-08-08 00:00:00,Chevron,PILOT TRAVEL CENTERS LLC : CHV7460761,1037 PASCAGOULA MS TRM CHEVRON,DIESEL #2,67868,2103902,475075,1,54669,0,54669,54669,462241,0,462241,345551,1,w2,54669,0,353271,101802,2314292,593844,Available,Available,Available,150%,150,110%,110,125%,125,On Target,On Target,Above Trend,08/09 00:00:00 CDT,09/01 00:00:00 CDT,w2,0,2015-08-12 00:00:00,Contract,Contract,Contract,67868,67868,2103902,2103902,475075,47133,1852051,248293,0,0,0,0,0,0,1495816,1495818,1495817,67800,2103900,475000,101802,2314292,593843,True,True,353271,462241,1,47133,1852051,240573,-1,-1,-1,0,1
2015-08-09,2015-08-09 00:00:00,Chevron,PILOT TRAVEL CENTERS LLC : CHV7460761,1037 PASCAGOULA MS TRM CHEVRON,DIESEL #2,67868,2103902,475075,1,57302,0,57302,57302,519543,0,519543,402853,1,w2,57302,0,410573,101802,2314292,593844,Available,Available,Available,150%,150,110%,110,125%,125,On Target,On Target,Above Trend,08/10 00:00:00 CDT,09/01 00:00:00 CDT,w2,0,2015-08-12 00:00:00,Contract,Contract,Contract,67868,67868,2103902,2103902,475075,44500,1794749,190991,0,0,0,0,0,0,1529501,1529503,1529502,67800,2103900,475000,101802,2314292,593843,True,True,410573,519543,1,44500,1794749,183271,-1,-1,-1,0,1
2015-08-10,2015-08-10 00:00:00,Chevron,PILOT TRAVEL CENTERS LLC : CHV7460761,1037 PASCAGOULA MS TRM CHEVRON,DIESEL #2,67868,2103902,475075,1,82233,1,82233,74625,601776,0,601776,485086,1,w2,74625,0,492806,101802,2314292,593844,Limited,Available,Low,150%,150,110%,110,125%,125,On Target,Above Trend,Above Trend,08/11 00:00:00 CDT,09/01 00:00:00 CDT,w2,0,2015-08-12 00:00:00,Contract,Contract,Contract,67868,67868,2103902,2103902,475075,27177,1712516,108758,0,0,0,0,0,0,1562608,1562610,1562609,67800,2103900,475000,101802,2314292,593843,True,True,492806,601776,1,19569,1712516,101038,-1,-1,-1,0,1
2015-08-11,2015-08-11 00:00:00,Chevron,PILOT TRAVEL CENTERS LLC : CHV7460761,1037 PASCAGOULA MS TRM CHEVRON,DIESEL #2,67868,2103902,475075,1,54554,0,54554,54554,656330,0,656330,539640,1,w2,54554,0,547360,101802,2314292,593844,Available,Available,Low,150%,150,110%,110,125%,125,Above Trend,Above Trend,Above Trend,08/12 00:00:00 CDT,09/01 00:00:00 CDT,w2,0,2015-08-12 00:00:00,Contract,Contract,Contract,67868,67868,2103902,2103902,475075,47248,1657962,54204,0,0,0,0,0,0,1584741,1584743,1584742,67800,2103900,475000,101802,2314292,593843,True,True,547360,656330,1,47248,1657962,46484,-1,-1,-1,0,1
2015-08-12,2015-08-12 00:00:00,Chevron,PILOT TRAVEL CENTERS LLC : CHV7460761,1037 PASCAGOULA MS TRM CHEVRON,DIESEL #2,67868,2103902,475075,1,126089,0,80219,80219,782419,0,782419,80219,1,w3,80219,0,126089,101802,2314292,593844,Limited,Available,Available,150%,150,110%,110,125%,125,Above Trend,Above Trend,Above Trend,08/13 00:00:00 CDT,09/01 00:00:00 CDT,w3,0,2015-08-19 00:00:00,Contract,Contract,Contract,67868,67868,2103902,2103902,475075,21583,1531873,513625,0,0,0,0,0,0,1634853,1634855,1634854,67800,2103900,475000,101802,2314292,593843,True,True,126089,782419,1,-24287,1531873,467755,-1,-1,-1,0,1
2015-08-13,2015-08-13 00:00:00,Chevron,PILOT TRAVEL CENTERS LLC : CHV7460761,1037 PASCAGOULA MS TRM CHEVRON,DIESEL #2,67868,2103902,475075,1,85139,1,85139,77535,867558,0,867558,165358,1,w3,77535,0,211228,101802,2314292,593844,Limited,Available,Available,150%,150,110%,110,125%,125,On Target,Above Trend,Above Trend,08/14 00:00:00 CDT,09/01 00:00:00 CDT,w3,0,2015-08-19 00:00:00,Contract,Contract,Contract,67868,67868,2103902,2103902,475075,24267,1446734,428486,0,0,0,0,0,0,1674783,1674785,1674784,67800,2103900,475000,101802,2314292,593843,True,True,211228,867558,1,16663,1446734,382616,-1,-1,-1,0,1
2015-08-14,2015-08-14 00:00:00,Chevron,PILOT TRAVEL CENTERS LLC : CHV7460761,1037 PASCAGOULA MS TRM CHEVRON,DIESEL #2,67868,2103902,475075,1,77098,1,77098,69383,944656,0,944656,242456,1,w3,69383,0,288326,101802,2314292,593844,Available,Available,Available,150%,150,110%,110,125%,125,On Target,Above Trend,Above Trend,08/15 00:00:00 CDT,09/01 00:00:00 CDT,w3,0,2015-08-19 00:00:00,Contract,Contract,Contract,67868,67868,2103902,2103902,475075,32419,1369636,351388,0,0,0,0,0,0,1714395,1714397,1714396,67800,2103900,475000,101802,2314292,593843,True,True,288326,944656,1,24704,1369636,305518,-1,-1,-1,0,1
2015-08-15,2015-08-15 00:00:00,Chevron,PILOT TRAVEL CENTERS LLC : CHV7460761,1037 PASCAGOULA MS TRM CHEVRON,DIESEL #2,67868,2103902,475075,1,58174,0,58174,58174,1002830,0,1002830,300630,1,w3,58174,0,346500,101802,2314292,593844,Available,Available,Available,150%,150,110%,110,125%,125,On Target,Above Trend,Above Trend,08/16 00:00:00 CDT,09/01 00:00:00 CDT,w3,0,2015-08-19 00:00:00,Contract,Contract,Contract,67868,67868,2103902,2103902,475075,43628,1311462,293214,0,0,0,0,0,0,1746764,1746766,1746765,67800,2103900,475000,101802,2314292,593843,True,True,346500,1002830,1,43628,1311462,247344,-1,-1,-1,0,1
2015-08-16,2015-08-16 00:00:00,Chevron,PILOT TRAVEL CENTERS LLC : CHV7460761,1037 PASCAGOULA MS TRM CHEVRON,DIESEL #2,67868,2103902,475075,1,94479,1,94479,90772,1097309,0,1097309,395109,1,w3,90772,0,440979,101802,2314292,593844,Low,Available,Available,150%,150,110%,110,125%,125,Above Trend,Above Trend,Above Trend,08/17 00:00:00 CDT,09/01 00:00:00 CDT,w3,0,2015-08-19 00:00:00,Contract,Contract,Contract,67868,67868,2103902,2103902,475075,11030,1216983,198735,0,0,0,0,0,0,1788511,1788513,1788512,67800,2103900,475000,101802,2314292,593843,True,True,440979,1097309,1,7323,1216983,152865,-1,-1,-1,0,1
2015-08-17,2015-08-17 00:00:00,Chevron,PILOT TRAVEL CENTERS LLC : CHV7460761,1037 PASCAGOULA MS TRM CHEVRON,DIESEL #2,67868,2103902,475075,1,18715,1,18715,11111,1116024,0,1116024,413824,1,w3,11111,0,459694,101802,2314292,593844,Available,Available,Available,150%,150,110%,110,125%,125,On Target,Above Trend,Above Trend,08/18 00:00:00 CDT,09/01 00:00:00 CDT,w3,0,2015-08-19 00:00:00,Contract,Contract,Contract,67868,67868,2103902,2103902,475075,90691,1198268,180020,0,0,0,0,0,0,1800564,1800566,1800565,67800,2103900,475000,101802,2314292,593843,True,True,459694,1116024,1,83087,1198268,134150,-1,-1,-1,0,1
2015-08-18,2015-08-18 00:00:00,Chevron,PILOT TRAVEL CENTERS LLC : CHV7460761,1037 PASCAGOULA MS TRM CHEVRON,DIESEL #2,67868,2103902,475075,1,145041,1,145041,87794,1261065,0,1261065,558865,1,w3,87794,0,604735,101802,2314292,593844,Low,Available,Low,150%,150,110%,110,125%,125,Above Trend,Above Trend,Above Trend,08/19 00:00:00 CDT,09/01 00:00:00 CDT,w3,0,2015-08-19 00:00:00,Contract,Contract,Contract,67868,67868,2103902,2103902,475075,14008,1053227,34979,0,0,0,0,0,0,1871167,1871169,1871168,67800,2103900,475000,101802,2314292,593843,True,True,604735,1261065,1,-43239,1053227,-10891,-1,-1,-1,0,1
2015-08-19,2015-08-19 00:00:00,Chevron,PILOT TRAVEL CENTERS LLC : CHV7460761,1037 PASCAGOULA MS TRM CHEVRON,DIESEL #2,67868,2103902,475075,1,110920,0,95602,95602,1371985,0,1371985,95602,1,w4,95602,0,110920,101802,2314292,593844,Low,Available,Available,150%,150,110%,110,125%,125,Above Trend,Above Trend,Above Trend,08/20 00:00:00 CDT,09/01 00:00:00 CDT,w4,0,2015-08-26 00:00:00,Contract,Contract,Contract,67868,67868,2103902,2103902,475075,6200,942307,498242,0,0,0,0,0,0,1906823,1906825,1906824,67800,2103900,475000,101802,2314292,593843,True,True,110920,1371985,1,-9118,942307,482924,-1,-1,-1,0,1
2015-08-20,2015-08-20 00:00:00,Chevron,PILOT TRAVEL CENTERS LLC : CHV7460761,1037 PASCAGOULA MS TRM CHEVRON,DIESEL #2,67868,2103902,475075,1,95379,1,95379,87773,1467364,0,1467364,190981,1,w4,87773,0,206299,101802,2314292,593844,Low,Available,Available,150%,150,110%,110,125%,125,Above Trend,Above Trend,Above Trend,08/21 00:00:00 CDT,09/01 00:00:00 CDT,w4,0,2015-08-26 00:00:00,Contract,Contract,Contract,67868,67868,2103902,2103902,475075,14029,846928,402863,0,0,0,0,0,0,1944990,1944992,1944991,67800,2103900,475000,101802,2314292,593843,True,True,206299,1467364,1,6423,846928,387545,-1,-1,-1,0,1
2015-08-21,2015-08-21 00:00:00,Chevron,PILOT TRAVEL CENTERS LLC : CHV7460761,1037 PASCAGOULA MS TRM CHEVRON,DIESEL #2,67868,2103902,475075,1,15326,0,15326,15326,1482690,0,1482690,206307,1,w4,15326,0,221625,101802,2314292,593844,Available,Available,Available,150%,150,110%,110,125%,125,Above Trend,Above Trend,Above Trend,08/22 00:00:00 CDT,09/01 00:00:00 CDT,w4,0,2015-08-26 00:00:00,Contract,Contract,Contract,67868,67868,2103902,2103902,475075,86476,831602,387537,0,0,0,0,0,0,1949040,1949042,1949041,67800,2103900,475000,101802,2314292,593843,True,True,221625,1482690,1,86476,831602,372219,-1,-1,-1,0,1
2015-08-22,2015-08-22 00:00:00,Chevron,PILOT TRAVEL CENTERS LLC : CHV7460761,1037 PASCAGOULA MS TRM CHEVRON,DIESEL #2,67868,2103902,475075,1,107330,1,107330,58162,1590020,0,1590020,313637,1,w4,58162,0,328955,101802,2314292,593844,Available,Available,Available,150%,150,110%,110,125%,125,On Target,Above Trend,Above Trend,08/23 00:00:00 CDT,09/01 00:00:00 CDT,w4,0,2015-08-26 00:00:00,Contract,Contract,Contract,67868,67868,2103902,2103902,475075,43640,724272,280207,0,0,0,0,0,0,2021720,2021722,2021721,67800,2103900,475000,101802,2314292,593843,True,True,328955,1590020,1,-5528,724272,264889,-1,-1,-1,0,1
2015-08-23,2015-08-23 00:00:00,Chevron,PILOT TRAVEL CENTERS LLC : CHV7460761,1037 PASCAGOULA MS TRM CHEVRON,DIESEL #2,67868,2103902,475075,1,80413,0,80413,80413,1670433,0,1670433,394050,1,w4,80413,0,409368,101802,2314292,593844,Limited,Limited,Available,150%,150,110%,110,125%,125,Above Trend,Above Trend,Above Trend,08/24 00:00:00 CDT,09/01 00:00:00 CDT,w4,0,2015-08-26 00:00:00,Contract,Contract,Contract,67868,67868,2103902,2103902,475075,21389,643859,199794,0,0,0,0,0,0,2057500,2057502,2057501,67800,2103900,475000,101802,2314292,593843,True,True,409368,1670433,1,21389,643859,184476,-1,-1,-1,0,1
2015-08-24,2015-08-24 00:00:00,Chevron,PILOT TRAVEL CENTERS LLC : CHV7460761,1037 PASCAGOULA MS TRM CHEVRON,DIESEL #2,67868,2103902,475075,1,18747,0,18747,18747,1689180,0,1689180,412797,1,w4,18747,0,428115,101802,2314292,593844,Available,Limited,Available,150%,150,110%,110,125%,125,On Target,Above Trend,Above Trend,08/25 00:00:00 CDT,09/01 00:00:00 CDT,w4,0,2015-08-26 00:00:00,Contract,Contract,Contract,67868,67868,2103902,2103902,475075,83055,625112,181047,0,0,0,0,0,0,2071148,2071150,2071149,67800,2103900,475000,101802,2314292,593843,True,True,428115,1689180,1,83055,625112,165729,-1,-1,-1,0,1
2015-08-25,2015-08-25 00:00:00,Chevron,PILOT TRAVEL CENTERS LLC : CHV7460761,1037 PASCAGOULA MS TRM CHEVRON,DIESEL #2,67868,2103902,475075,1,103642,1,103642,54542,1792822,0,1792822,516439,1,w4,54542,0,531757,101802,2314292,593844,Available,Limited,Low,150%,150,110%,110,125%,125,On Target,Above Trend,Above Trend,08/26 00:00:00 CDT,09/01 00:00:00 CDT,w4,0,2015-08-26 00:00:00,Contract,Contract,Contract,67868,67868,2103902,2103902,475075,47260,521470,77405,0,0,0,0,0,0,2126514,2126516,2126515,67800,2103900,475000,101802,2314292,593843,True,True,531757,1792822,1,-1840,521470,62087,-1,-1,-1,0,1
2015-08-26,2015-08-26 00:00:00,Chevron,PILOT TRAVEL CENTERS LLC : CHV7460761,1037 PASCAGOULA MS TRM CHEVRON,DIESEL #2,67868,2103902,475075,1,95851,0,80320,80320,1888673,0,1888673,80320,1,w5,80320,0,95851,101802,2314292,593844,Limited,Low,Available,150%,150,110%,110,125%,125,Above Trend,Above Trend,Above Trend,08/27 00:00:00 CDT,09/01 00:00:00 CDT,w5,0,2015-09-02 00:00:00,Contract,Contract,Contract,67868,67868,2103902,2103902,475075,21482,425619,513524,0,0,0,0,0,0,2153847,2153849,2153848,67800,2103900,475000,101802,2314292,593843,True,True,95851,1888673,1,5951,425619,497993,-1,-1,-1,0,1
2015-08-27,2015-08-27 00:00:00,Chevron,PILOT TRAVEL CENTERS LLC : CHV7460761,1037 PASCAGOULA MS TRM CHEVRON,DIESEL #2,67868,2103902,475075,1,34789,1,34789,19252,1923462,0,1923462,115109,1,w5,19252,0,130640,101802,2314292,593844,Available,Low,Available,150%,150,110%,110,125%,125,Below Trend,Above Trend,On Target,08/28 00:00:00 CDT,09/01 00:00:00 CDT,w5,0,2015-09-02 00:00:00,Contract,Contract,Contract,67868,67868,2103902,2190042,475075,82550,390830,478735,0,0,0,0,0,0,2181311,2181313,2181312,67800,2103900,475000,101802,2314292,593843,True,True,130640,1923462,1,67013,390830,463204,-1,-1,-1,0,1
2015-08-28,2015-08-28 00:00:00,Chevron,PILOT TRAVEL CENTERS LLC : CHV7460761,1037 PASCAGOULA MS TRM CHEVRON,DIESEL #2,67868,2103902,475075,1,78784,1,78784,55766,2002246,0,2002246,193893,1,w5,55766,0,209424,101802,2314292,593844,Available,Low,Available,150%,150,110%,110,125%,125,On Target,Above Trend,On Target,08/29 00:00:00 CDT,09/01 00:00:00 CDT,w5,0,2015-09-02 00:00:00,Contract,Contract,Contract,67868,67868,2103902,2190042,475075,46036,312046,399951,0,0,0,0,0,0,2212249,2212251,2212250,67800,2103900,475000,101802,2314292,593843,True,True,209424,2002246,1,23018,312046,384420,-1,-1,-1,0,1
2015-08-29,2015-08-29 00:00:00,Chevron,PILOT TRAVEL CENTERS LLC : CHV7460761,1037 PASCAGOULA MS TRM CHEVRON,DIESEL #2,67868,2103902,475075,1,0,0,0,0,2002246,0,2002246,193893,1,w5,0,0,209424,101802,2314292,593844,Available,Low,Available,150%,150,110%,110,125%,125,Below Trend,Above Trend,On Target,08/30 00:00:00 CDT,09/01 00:00:00 CDT,w5,0,2015-09-02 00:00:00,Contract,Contract,Contract,67868,67868,2103902,2190042,475075,101802,312046,399951,0,0,0,0,0,0,2238889,2238891,2238890,67800,2103900,475000,101802,2314292,593843,True,True,209424,2002246,1,101802,312046,384420,-1,-1,-1,0,1
2015-08-30,2015-08-30 00:00:00,Chevron,PILOT TRAVEL CENTERS LLC : CHV7460761,1037 PASCAGOULA MS TRM CHEVRON,DIESEL #2,67868,2103902,475075,1,0,0,0,0,2002246,0,2002246,193893,1,w5,0,0,209424,101802,2314292,593844,Available,Low,Available,150%,150,110%,110,125%,125,Below Trend,Above Trend,On Target,08/31 00:00:00 CDT,09/01 00:00:00 CDT,w5,0,2015-09-02 00:00:00,Contract,Contract,Contract,67868,67868,2103902,2190042,475075,101802,312046,399951,0,0,0,0,0,0,2265540,2265542,2265541,67800,2103900,475000,101802,2314292,593843,True,True,209424,2002246,1,101802,312046,384420,-1,-1,-1,0,1
2015-08-31,2015-08-31 00:00:00,Chevron,PILOT TRAVEL CENTERS LLC : CHV7460761,1037 PASCAGOULA MS TRM CHEVRON,DIESEL #2,67868,2103902,475075,1,224123,1,224123,60497,2226369,0,2226369,418016,1,w5,60497,0,433547,101802,2314292,593844,Available,Low,Limited,150%,150,110%,110,125%,125,On Target,Above Trend,Above Trend,09/01 00:00:00 CDT,09/01 00:00:00 CDT,w5,0,2015-09-02 00:00:00,Contract,Contract,Contract,67868,67868,2190042,2190042,475075,41305,87923,175828,0,0,0,0,0,0,2291194,2291196,2291195,67800,2103900,475000,101802,2314292,593843,True,True,433547,2226369,1,-122321,87923,160297,-1,-1,-1,0,1
