,date,supplier_name,account_type,supplier_terminal_name,product_name,base_gallons_Daily,base_gallons_Monthly,base_gallons_Weekly,lifted_gallons_daily_flag,lifted_gallons_daily_modified,Modified_WeeksByLiftedGallons,lifted_gallons_modified_WeeksByLiftedGallons,lifted_gallons_Daily,Lifted_actual_monthly,lifted_gallons_monthly_flag,lifted_gallons_Monthly,Lifted_actual_weekly,lifted_gallons_weekly_flag,WeeksByLiftedGallons,lifted_gallonsWeekly_modified_aposteriori,Modified_LiftedGallonsaposteriori,lifted_gallons_Weekly,beginning_gallons_Daily,beginning_gallons_Monthly,beginning_gallons_Weekly,en_allocation_status_Daily,en_allocation_status_Monthly,en_allocation_status_Weekly,percentage_allocation_Daily_actual,percentage_allocation_Daily,percentage_allocation_Monthly_actual,percentage_allocation_Monthly,percentage_allocation_Weekly_actual,percentage_allocation_Weekly,alerts_ratability_Daily,alerts_ratability_Monthly,alerts_ratability_Weekly,next_refresh_date_Daily,next_refresh_date_Monthly,Week_switch,Modified_NRD,next_refresh_date_Weekly,en_account_type_Daily,en_account_type_Monthly,en_account_type_Weekly,NRB_Daily,next_refresh_base_gallons_Daily,NRB_Monthly,next_refresh_base_gallons_Monthly,next_refresh_base_gallons_Weekly,remaining_gallons_Daily,remaining_gallons_Monthly,remaining_gallons_Weekly,additional_gallons_allowed_Daily,additional_gallons_allowed_Monthly,additional_gallons_allowed_Weekly,additional_gallons_remaining_Daily,additional_gallons_remaining_Monthly,additional_gallons_remaining_Weekly,staging_id_Daily,staging_id_Monthly,staging_id_Weekly,base_gallons_Daily_Reconciled,base_gallons_Monthly_Reconciled,base_gallons_Weekly_Reconciled,beginning_gallons_Daily_Reconciled,beginning_gallons_Monthly_Reconciled,beginning_gallons_Weekly_Reconciled,sanityWeekly_CumulativeDaily_WeeksByLiftedGallons,sanityWeekly_CumulativeDaily_NextRefreshDate,computedWeekly,computedMonthly,sanityComputedMonthly,remaining_gallons_Daily_Reconciled,remaining_gallons_Monthly_Reconciled,remaining_gallons_Weekly_Reconciled,additional_gallons_remaining_Daily_Reconciled,additional_gallons_remaining_Monthly_Reconciled,additional_gallons_remaining_Weekly_Reconciled,sanityMonthly_CumulativeDaily_WeeksByLiftedGallons,sanityMonthly_CumulativeDaily_WeeksByNextRefreshDate
2015-08-01,2015-08-01 00:00:00,Chevron,PILOT TRAVEL CENTERS LLC : CHV7460761,1002 TRACY CA TRM CHEVRON,DIESEL #2,24914,772348,174401,1,7653,0,7653,7653,7653,0,7653,115396,1,w1,7653,0,7653,37371,849583,218001,Available,Available,Available,150%,150,110%,110,125%,125,On Target,On Target,Above Trend,08/02 00:00:00 PDT,09/01 00:00:00 PDT,w1,0,2015-08-05 00:00:00,Contract,Contract,Contract,24914,24914,772348,772348,174401,29718,841930,102605,0,0,0,0,0,0,1272182,1272184,1272183,24900,772300,174400,37371,849582,218001,True,True,7653,7653,1,29718,841930,210348,-1,-1,-1,1,1
2015-08-02,2015-08-02 00:00:00,Chevron,PILOT TRAVEL CENTERS LLC : CHV7460761,1002 TRACY CA TRM CHEVRON,DIESEL #2,24914,772348,174401,1,15508,0,15508,15508,23161,0,23161,130904,1,w1,15508,0,23161,37371,849583,218001,Available,Available,Available,150%,150,110%,110,125%,125,On Target,On Target,Above Trend,08/03 00:00:00 PDT,09/01 00:00:00 PDT,w1,0,2015-08-05 00:00:00,Contract,Contract,Contract,24914,24914,772348,772348,174401,21863,826422,87097,0,0,0,0,0,0,1303005,1303007,1303006,24900,772300,174400,37371,849582,218001,True,True,23161,23161,1,21863,826422,194840,-1,-1,-1,1,1
2015-08-03,2015-08-03 00:00:00,Chevron,PILOT TRAVEL CENTERS LLC : CHV7460761,1002 TRACY CA TRM CHEVRON,DIESEL #2,24914,772348,174401,1,30811,0,30811,30811,53972,0,53972,161715,1,w1,30811,0,53972,37371,849583,218001,Low,Available,Limited,150%,150,110%,110,125%,125,Above Trend,On Target,Above Trend,08/04 00:00:00 PDT,09/01 00:00:00 PDT,w1,0,2015-08-05 00:00:00,Contract,Contract,Contract,24914,24914,772348,772348,174401,6560,795611,56286,0,0,0,0,0,0,1331460,1331462,1331461,24900,772300,174400,37371,849582,218001,True,True,53972,53972,1,6560,795611,164029,-1,-1,-1,1,1
2015-08-04,2015-08-04 00:00:00,Chevron,PILOT TRAVEL CENTERS LLC : CHV7460761,1002 TRACY CA TRM CHEVRON,DIESEL #2,24914,772348,174401,1,38517,0,38517,38517,92489,0,92489,200232,1,w1,38517,0,92489,37371,849583,218001,Out,Available,Low,150%,150,110%,110,125%,125,Above Trend,Above Trend,Above Trend,08/05 00:00:00 PDT,09/01 00:00:00 PDT,w1,0,2015-08-05 00:00:00,Contract,Contract,Contract,24914,24914,772348,772348,174401,-1146,757094,17769,0,0,0,0,0,0,1361643,1361645,1361644,24900,772300,174400,37371,849582,218001,True,True,92489,92489,1,-1146,757094,125512,-1,-1,-1,1,1
2015-08-05,2015-08-05 00:00:00,Chevron,PILOT TRAVEL CENTERS LLC : CHV7460761,1002 TRACY CA TRM CHEVRON,DIESEL #2,24914,772348,174401,1,38613,0,38613,38613,131102,0,131102,38613,1,w2,38613,0,38613,37371,849583,218001,Out,Available,Available,150%,150,110%,110,125%,125,Above Trend,Above Trend,Above Trend,08/06 00:00:00 PDT,09/01 00:00:00 PDT,w2,0,2015-08-12 00:00:00,Contract,Contract,Contract,24914,24914,772348,772348,174401,-1242,718481,179388,0,0,0,0,0,0,1390128,1390130,1390129,24900,772300,174400,37371,849582,218001,True,True,38613,131102,1,-1242,718481,179388,-1,-1,-1,1,1
2015-08-06,2015-08-06 00:00:00,Chevron,PILOT TRAVEL CENTERS LLC : CHV7460761,1002 TRACY CA TRM CHEVRON,DIESEL #2,24914,772348,174401,1,15406,0,15406,15406,146508,0,146508,54019,1,w2,15406,0,54019,37371,849583,218001,Available,Available,Available,150%,150,110%,110,125%,125,On Target,Above Trend,Above Trend,08/07 00:00:00 PDT,09/01 00:00:00 PDT,w2,0,2015-08-12 00:00:00,Contract,Contract,Contract,24914,24914,772348,772348,174401,21965,703075,163982,0,0,0,0,0,0,1427000,1427002,1427001,24900,772300,174400,37371,849582,218001,True,True,54019,146508,1,21965,703075,163982,-1,-1,-1,1,1
2015-08-07,2015-08-07 00:00:00,Chevron,PILOT TRAVEL CENTERS LLC : CHV7460761,1002 TRACY CA TRM CHEVRON,DIESEL #2,24914,772348,174401,1,0,0,0,0,146508,0,146508,54019,1,w2,0,0,54019,37371,849583,218001,Available,Available,Available,150%,150,110%,110,125%,125,Below Trend,On Target,On Target,08/08 00:00:00 PDT,09/01 00:00:00 PDT,w2,0,2015-08-12 00:00:00,Contract,Contract,Contract,24914,24914,772348,772348,174401,37371,703075,163982,0,0,0,0,0,0,1461512,1461514,1461513,24900,772300,174400,37371,849582,218001,True,True,54019,146508,1,37371,703075,163982,-1,-1,-1,1,1
2015-08-08,2015-08-08 00:00:00,Chevron,PILOT TRAVEL CENTERS LLC : CHV7460761,1002 TRACY CA TRM CHEVRON,DIESEL #2,24914,772348,174401,1,7655,0,7655,7655,154163,0,154163,61674,1,w2,7655,0,61674,37371,849583,218001,Available,Available,Available,150%,150,110%,110,125%,125,On Target,On Target,On Target,08/09 00:00:00 PDT,09/01 00:00:00 PDT,w2,0,2015-08-12 00:00:00,Contract,Contract,Contract,24914,24914,772348,772348,174401,29716,695420,156327,0,0,0,0,0,0,1495801,1495803,1495802,24900,772300,174400,37371,849582,218001,True,True,61674,154163,1,29716,695420,156327,-1,-1,-1,1,1
2015-08-09,2015-08-09 00:00:00,Chevron,PILOT TRAVEL CENTERS LLC : CHV7460761,1002 TRACY CA TRM CHEVRON,DIESEL #2,24914,772348,174401,1,7802,0,7802,7802,161965,0,161965,69476,1,w2,7802,0,69476,37371,849583,218001,Available,Available,Available,150%,150,110%,110,125%,125,On Target,On Target,On Target,08/10 00:00:00 PDT,09/01 00:00:00 PDT,w2,0,2015-08-12 00:00:00,Contract,Contract,Contract,24914,24914,772348,772348,174401,29569,687618,148525,0,0,0,0,0,0,1529486,1529488,1529487,24900,772300,174400,37371,849582,218001,True,True,69476,161965,1,29569,687618,148525,-1,-1,-1,1,1
2015-08-10,2015-08-10 00:00:00,Chevron,PILOT TRAVEL CENTERS LLC : CHV7460761,1002 TRACY CA TRM CHEVRON,DIESEL #2,24914,772348,174401,1,30808,0,30808,30808,192773,0,192773,100284,1,w2,30808,0,100284,37371,849583,218001,Low,Available,Available,150%,150,110%,110,125%,125,Above Trend,On Target,On Target,08/11 00:00:00 PDT,09/01 00:00:00 PDT,w2,0,2015-08-12 00:00:00,Contract,Contract,Contract,24914,24914,772348,772348,174401,6563,656810,117717,0,0,0,0,0,0,1562593,1562595,1562594,24900,772300,174400,37371,849582,218001,True,True,100284,192773,1,6563,656810,117717,-1,-1,-1,1,1
2015-08-11,2015-08-11 00:00:00,Chevron,PILOT TRAVEL CENTERS LLC : CHV7460761,1002 TRACY CA TRM CHEVRON,DIESEL #2,24914,772348,174401,1,34315,0,34315,34315,227088,0,227088,134599,1,w2,34315,0,134599,37371,849583,218001,Low,Available,Available,150%,150,110%,110,125%,125,Above Trend,On Target,On Target,08/12 00:00:00 PDT,09/01 00:00:00 PDT,w2,0,2015-08-12 00:00:00,Contract,Contract,Contract,24914,24914,772348,772348,174401,3056,622495,83402,0,0,0,0,0,0,1584726,1584728,1584727,24900,772300,174400,37371,849582,218001,True,True,134599,227088,1,3056,622495,83402,-1,-1,-1,1,1
2015-08-12,2015-08-12 00:00:00,Chevron,PILOT TRAVEL CENTERS LLC : CHV7460761,1002 TRACY CA TRM CHEVRON,DIESEL #2,24914,772348,174401,1,46412,0,38709,38709,273500,0,273500,38709,1,w3,38709,0,46412,37371,849583,218001,Out,Available,Available,150%,150,110%,110,125%,125,Above Trend,Above Trend,Above Trend,08/13 00:00:00 PDT,09/01 00:00:00 PDT,w3,0,2015-08-19 00:00:00,Contract,Contract,Contract,24914,24914,772348,772348,174401,-1338,576083,179292,0,0,0,0,0,0,1634838,1634840,1634839,24900,772300,174400,37371,849582,218001,True,True,46412,273500,1,-9041,576083,171589,-1,-1,-1,0,1
2015-08-13,2015-08-13 00:00:00,Chevron,PILOT TRAVEL CENTERS LLC : CHV7460761,1002 TRACY CA TRM CHEVRON,DIESEL #2,24914,772348,174401,1,30908,0,30908,30908,304408,0,304408,69617,1,w3,30908,0,77320,37371,849583,218001,Low,Available,Available,150%,150,110%,110,125%,125,Above Trend,Above Trend,Above Trend,08/14 00:00:00 PDT,09/01 00:00:00 PDT,w3,0,2015-08-19 00:00:00,Contract,Contract,Contract,24914,24914,772348,772348,174401,6463,545175,148384,0,0,0,0,0,0,1674768,1674770,1674769,24900,772300,174400,37371,849582,218001,True,True,77320,304408,1,6463,545175,140681,-1,-1,-1,0,1
2015-08-14,2015-08-14 00:00:00,Chevron,PILOT TRAVEL CENTERS LLC : CHV7460761,1002 TRACY CA TRM CHEVRON,DIESEL #2,24914,772348,174401,1,30811,0,30811,30811,335219,0,335219,100428,1,w3,30811,0,108131,49828,849583,218001,Available,Available,Available,200%,200,110%,110,125%,125,On Target,Above Trend,Above Trend,08/15 00:00:00 PDT,09/01 00:00:00 PDT,w3,0,2015-08-19 00:00:00,Contract,Contract,Contract,24914,24914,772348,772348,174401,19017,514364,117573,0,0,0,0,0,0,1714380,1714382,1714381,24900,772300,174400,49828,849582,218001,True,True,108131,335219,1,19017,514364,109870,-1,-1,-1,0,1
2015-08-15,2015-08-15 00:00:00,Chevron,PILOT TRAVEL CENTERS LLC : CHV7460761,1002 TRACY CA TRM CHEVRON,DIESEL #2,24914,772348,174401,1,7655,0,7655,7655,342874,0,342874,108083,1,w3,7655,0,115786,49828,849583,218001,Available,Available,Available,200%,200,110%,110,125%,125,On Target,Above Trend,Above Trend,08/16 00:00:00 PDT,09/01 00:00:00 PDT,w3,0,2015-08-19 00:00:00,Contract,Contract,Contract,24914,24914,772348,772348,174401,42173,506709,109918,0,0,0,0,0,0,1746749,1746751,1746750,24900,772300,174400,49828,849582,218001,True,True,115786,342874,1,42173,506709,102215,-1,-1,-1,0,1
2015-08-16,2015-08-16 00:00:00,Chevron,PILOT TRAVEL CENTERS LLC : CHV7460761,1002 TRACY CA TRM CHEVRON,DIESEL #2,24914,772348,174401,1,15208,1,15208,7503,358082,0,358082,123291,1,w3,7503,0,130994,49828,849583,218001,Available,Available,Available,200%,200,110%,110,125%,125,Below Trend,Above Trend,Above Trend,08/17 00:00:00 PDT,09/01 00:00:00 PDT,w3,0,2015-08-19 00:00:00,Contract,Contract,Contract,24914,24914,772348,772348,174401,42325,491501,94710,0,0,0,0,0,0,1788496,1788498,1788497,24900,772300,174400,49828,849582,218001,True,True,130994,358082,1,34620,491501,87007,-1,-1,-1,0,1
2015-08-17,2015-08-17 00:00:00,Chevron,PILOT TRAVEL CENTERS LLC : CHV7460761,1002 TRACY CA TRM CHEVRON,DIESEL #2,24914,772348,174401,1,7703,0,7703,7703,365785,0,365785,130994,1,w3,7703,0,138697,49828,849583,218001,Available,Available,Available,200%,200,110%,110,125%,125,Above Trend,Above Trend,Above Trend,08/18 00:00:00 PDT,09/01 00:00:00 PDT,w3,0,2015-08-19 00:00:00,Contract,Contract,Contract,24914,24914,772348,772348,174401,42125,483798,87007,0,0,0,0,0,0,1800549,1800551,1800550,24900,772300,174400,49828,849582,218001,True,True,138697,365785,1,42125,483798,79304,-1,-1,-1,0,1
2015-08-18,2015-08-18 00:00:00,Chevron,PILOT TRAVEL CENTERS LLC : CHV7460761,1002 TRACY CA TRM CHEVRON,DIESEL #2,24914,772348,174401,1,69324,1,69324,46215,435109,0,435109,200318,1,w3,46215,0,208021,49828,849583,218001,Low,Available,Low,200%,200,110%,110,125%,125,Above Trend,Above Trend,Above Trend,08/19 00:00:00 PDT,09/01 00:00:00 PDT,w3,0,2015-08-19 00:00:00,Contract,Contract,Contract,24914,24914,772348,772348,174401,3613,414474,17683,0,0,0,0,0,0,1871152,1871154,1871153,24900,772300,174400,49828,849582,218001,True,True,208021,435109,1,-19496,414474,9980,-1,-1,-1,0,1
2015-08-19,2015-08-19 00:00:00,Chevron,PILOT TRAVEL CENTERS LLC : CHV7460761,1002 TRACY CA TRM CHEVRON,DIESEL #2,24914,772348,174401,1,46211,0,46211,46211,481320,0,481320,46211,1,w4,46211,0,46211,49828,849583,218001,Low,Available,Available,200%,200,110%,110,125%,125,Above Trend,Above Trend,Above Trend,08/20 00:00:00 PDT,09/01 00:00:00 PDT,w4,0,2015-08-26 00:00:00,Contract,Contract,Contract,24914,24914,772348,772348,174401,3617,368263,171790,0,0,0,0,0,0,1906808,1906810,1906809,24900,772300,174400,49828,849582,218001,True,True,46211,481320,1,3617,368263,171790,-1,-1,-1,0,1
2015-08-20,2015-08-20 00:00:00,Chevron,PILOT TRAVEL CENTERS LLC : CHV7460761,1002 TRACY CA TRM CHEVRON,DIESEL #2,24914,772348,174401,1,38515,0,38515,38515,519835,0,519835,84726,1,w4,38515,0,84726,49828,849583,218001,Limited,Available,Available,200%,200,110%,110,125%,125,Above Trend,Above Trend,Above Trend,08/21 00:00:00 PDT,09/01 00:00:00 PDT,w4,0,2015-08-26 00:00:00,Contract,Contract,Contract,24914,24914,772348,772348,174401,11313,329748,133275,0,0,0,0,0,0,1944975,1944977,1944976,24900,772300,174400,49828,849582,218001,True,True,84726,519835,1,11313,329748,133275,-1,-1,-1,0,1
2015-08-21,2015-08-21 00:00:00,Chevron,PILOT TRAVEL CENTERS LLC : CHV7460761,1002 TRACY CA TRM CHEVRON,DIESEL #2,24914,772348,174401,1,7703,1,7703,0,527538,0,527538,92429,1,w4,0,0,92429,49828,849583,218001,Available,Available,Available,200%,200,110%,110,125%,125,Below Trend,Above Trend,Above Trend,08/22 00:00:00 PDT,09/01 00:00:00 PDT,w4,0,2015-08-26 00:00:00,Contract,Contract,Contract,24914,24914,772348,772348,174401,49828,322045,125572,0,0,0,0,0,0,1949025,1949027,1949026,24900,772300,174400,49828,849582,218001,True,True,92429,527538,1,42125,322045,125572,-1,-1,-1,0,1
2015-08-22,2015-08-22 00:00:00,Chevron,PILOT TRAVEL CENTERS LLC : CHV7460761,1002 TRACY CA TRM CHEVRON,DIESEL #2,24914,772348,174401,1,46170,1,46170,7655,573708,0,573708,138599,1,w4,7655,0,138599,49828,849583,218001,Available,Available,Available,200%,200,110%,110,125%,125,Below Trend,Above Trend,Above Trend,08/23 00:00:00 PDT,09/01 00:00:00 PDT,w4,0,2015-08-26 00:00:00,Contract,Contract,Contract,24914,24914,772348,772348,174401,42173,275875,79402,0,0,0,0,0,0,2021705,2021707,2021706,24900,772300,174400,49828,849582,218001,True,True,138599,573708,1,3658,275875,79402,-1,-1,-1,0,1
2015-08-23,2015-08-23 00:00:00,Chevron,PILOT TRAVEL CENTERS LLC : CHV7460761,1002 TRACY CA TRM CHEVRON,DIESEL #2,24914,772348,174401,1,7803,0,7803,7803,581511,0,581511,146402,1,w4,7803,0,146402,49828,849583,218001,Available,Available,Available,200%,200,110%,110,125%,125,Below Trend,Above Trend,Above Trend,08/24 00:00:00 PDT,09/01 00:00:00 PDT,w4,0,2015-08-26 00:00:00,Contract,Contract,Contract,24914,24914,772348,772348,174401,42025,268072,71599,0,0,0,0,0,0,2057485,2057487,2057486,24900,772300,174400,49828,849582,218001,True,True,146402,581511,1,42025,268072,71599,-1,-1,-1,0,1
2015-08-24,2015-08-24 00:00:00,Chevron,PILOT TRAVEL CENTERS LLC : CHV7460761,1002 TRACY CA TRM CHEVRON,DIESEL #2,24914,772348,174401,1,15406,0,15406,15406,596917,0,596917,161808,1,w4,15406,0,161808,49828,849583,218001,Available,Limited,Limited,200%,200,110%,110,125%,125,Above Trend,Above Trend,Above Trend,08/25 00:00:00 PDT,09/01 00:00:00 PDT,w4,0,2015-08-26 00:00:00,Contract,Contract,Contract,24914,24914,772348,772348,174401,34422,252666,56193,0,0,0,0,0,0,2071133,2071135,2071134,24900,772300,174400,49828,849582,218001,True,True,161808,596917,1,34422,252666,56193,-1,-1,-1,0,1
2015-08-25,2015-08-25 00:00:00,Chevron,PILOT TRAVEL CENTERS LLC : CHV7460761,1002 TRACY CA TRM CHEVRON,DIESEL #2,24914,772348,174401,1,61722,1,61722,46317,658639,0,658639,223530,1,w4,46317,0,223530,49828,849583,218001,Low,Limited,Out,200%,200,110%,110,125%,125,Above Trend,Above Trend,Above Trend,08/26 00:00:00 PDT,09/01 00:00:00 PDT,w4,0,2015-08-26 00:00:00,Contract,Contract,Contract,24914,24914,772348,772348,174401,3511,190944,-5529,0,0,0,0,0,0,2126499,2126501,2126500,24900,772300,174400,49828,849582,218001,True,True,223530,658639,1,-11894,190944,-5529,-1,-1,-1,0,1
2015-08-26,2015-08-26 00:00:00,Chevron,PILOT TRAVEL CENTERS LLC : CHV7460761,1002 TRACY CA TRM CHEVRON,DIESEL #2,24914,772348,174401,1,54017,0,54017,54017,712656,0,712656,54017,1,w5,54017,0,54017,49828,849583,218001,Out,Low,Available,200%,200,110%,110,125%,125,Above Trend,Above Trend,Above Trend,08/27 00:00:00 PDT,09/01 00:00:00 PDT,w5,0,2015-09-02 00:00:00,Contract,Contract,Contract,24914,24914,772348,772348,174401,-4189,136927,163984,0,0,0,0,0,0,2153832,2153834,2153833,24900,772300,174400,49828,849582,218001,True,True,54017,712656,1,-4189,136927,163984,-1,-1,-1,0,1
2015-08-27,2015-08-27 00:00:00,Chevron,PILOT TRAVEL CENTERS LLC : CHV7460761,1002 TRACY CA TRM CHEVRON,DIESEL #2,24914,772348,174401,1,15408,0,15408,15408,728064,0,728064,69425,1,w5,15408,0,69425,49828,849583,218001,Available,Low,Available,200%,200,110%,110,125%,125,On Target,Above Trend,Above Trend,08/28 00:00:00 PDT,09/01 00:00:00 PDT,w5,0,2015-09-02 00:00:00,Contract,Contract,Contract,24914,24914,772348,772348,174401,34420,121519,148576,0,0,0,0,0,0,2181296,2181298,2181297,24900,772300,174400,49828,849582,218001,True,True,69425,728064,1,34420,121519,148576,-1,-1,-1,0,1
2015-08-28,2015-08-28 00:00:00,Chevron,PILOT TRAVEL CENTERS LLC : CHV7460761,1002 TRACY CA TRM CHEVRON,DIESEL #2,24914,772348,174401,1,38510,1,38510,30808,766574,0,766574,107935,1,w5,30808,0,107935,49828,849583,218001,Available,Low,Available,200%,200,110%,110,125%,125,On Target,Above Trend,Above Trend,08/29 00:00:00 PDT,09/01 00:00:00 PDT,w5,0,2015-09-02 00:00:00,Contract,Contract,Contract,24914,24914,772348,882000,174401,19020,83009,110066,0,0,0,0,0,0,2212234,2212236,2212235,24900,772300,174400,49828,849582,218001,True,True,107935,766574,1,11318,83009,110066,-1,-1,-1,0,1
2015-08-29,2015-08-29 00:00:00,Chevron,PILOT TRAVEL CENTERS LLC : CHV7460761,1002 TRACY CA TRM CHEVRON,DIESEL #2,24914,772348,174401,1,7652,0,7652,7652,774226,0,774226,115587,1,w5,7652,0,115587,49828,849583,218001,Available,Low,Available,200%,200,110%,110,125%,125,Below Trend,Above Trend,Above Trend,08/30 00:00:00 PDT,09/01 00:00:00 PDT,w5,0,2015-09-02 00:00:00,Contract,Contract,Contract,24914,24914,772348,882000,174401,42176,75357,102414,0,0,0,0,0,0,2238874,2238876,2238875,24900,772300,174400,49828,849582,218001,True,True,115587,774226,1,42176,75357,102414,-1,-1,-1,0,1
2015-08-30,2015-08-30 00:00:00,Chevron,PILOT TRAVEL CENTERS LLC : CHV7460761,1002 TRACY CA TRM CHEVRON,DIESEL #2,24914,772348,174401,1,0,0,0,0,774226,0,774226,115587,1,w5,0,0,115587,49828,849583,218001,Available,Low,Available,200%,200,110%,110,125%,125,Below Trend,Above Trend,On Target,08/31 00:00:00 PDT,09/01 00:00:00 PDT,w5,0,2015-09-02 00:00:00,Contract,Contract,Contract,24914,24914,772348,882000,174401,49828,75357,102414,0,0,0,0,0,0,2265525,2265527,2265526,24900,772300,174400,49828,849582,218001,True,True,115587,774226,1,49828,75357,102414,-1,-1,-1,0,1
2015-08-31,2015-08-31 00:00:00,Chevron,PILOT TRAVEL CENTERS LLC : CHV7460761,1002 TRACY CA TRM CHEVRON,DIESEL #2,24914,772348,174401,1,23206,0,23206,23206,797432,0,797432,138793,1,w5,23206,0,138793,49828,849583,218001,Available,Low,Available,200%,200,110%,110,125%,125,On Target,Above Trend,On Target,09/01 00:00:00 PDT,09/01 00:00:00 PDT,w5,0,2015-09-02 00:00:00,Contract,Contract,Contract,24914,24914,882000,882000,174401,26622,52151,79208,0,0,0,0,0,0,2291179,2291181,2291180,24900,772300,174400,49828,849582,218001,True,True,138793,797432,1,26622,52151,79208,-1,-1,-1,0,1
