,date,supplier_name,account_type,supplier_terminal_name,product_name,base_gallons_Daily,base_gallons_Monthly,base_gallons_Weekly,lifted_gallons_daily_flag,lifted_gallons_daily_modified,Modified_WeeksByLiftedGallons,lifted_gallons_modified_WeeksByLiftedGallons,lifted_gallons_Daily,Lifted_actual_monthly,lifted_gallons_monthly_flag,lifted_gallons_Monthly,Lifted_actual_weekly,lifted_gallons_weekly_flag,WeeksByLiftedGallons,lifted_gallonsWeekly_modified_aposteriori,Modified_LiftedGallonsaposteriori,lifted_gallons_Weekly,beginning_gallons_Daily,beginning_gallons_Monthly,beginning_gallons_Weekly,en_allocation_status_Daily,en_allocation_status_Monthly,en_allocation_status_Weekly,percentage_allocation_Daily_actual,percentage_allocation_Daily,percentage_allocation_Monthly_actual,percentage_allocation_Monthly,percentage_allocation_Weekly_actual,percentage_allocation_Weekly,alerts_ratability_Daily,alerts_ratability_Monthly,alerts_ratability_Weekly,next_refresh_date_Daily,next_refresh_date_Monthly,Week_switch,Modified_NRD,next_refresh_date_Weekly,en_account_type_Daily,en_account_type_Monthly,en_account_type_Weekly,NRB_Daily,next_refresh_base_gallons_Daily,NRB_Monthly,next_refresh_base_gallons_Monthly,next_refresh_base_gallons_Weekly,remaining_gallons_Daily,remaining_gallons_Monthly,remaining_gallons_Weekly,additional_gallons_allowed_Daily,additional_gallons_allowed_Monthly,additional_gallons_allowed_Weekly,additional_gallons_remaining_Daily,additional_gallons_remaining_Monthly,additional_gallons_remaining_Weekly,staging_id_Daily,staging_id_Monthly,staging_id_Weekly,base_gallons_Daily_Reconciled,base_gallons_Monthly_Reconciled,base_gallons_Weekly_Reconciled,beginning_gallons_Daily_Reconciled,beginning_gallons_Monthly_Reconciled,beginning_gallons_Weekly_Reconciled,sanityWeekly_CumulativeDaily_WeeksByLiftedGallons,sanityWeekly_CumulativeDaily_NextRefreshDate,computedWeekly,computedMonthly,sanityComputedMonthly,remaining_gallons_Daily_Reconciled,remaining_gallons_Monthly_Reconciled,remaining_gallons_Weekly_Reconciled,additional_gallons_remaining_Daily_Reconciled,additional_gallons_remaining_Monthly_Reconciled,additional_gallons_remaining_Weekly_Reconciled,sanityMonthly_CumulativeDaily_WeeksByLiftedGallons,sanityMonthly_CumulativeDaily_WeeksByNextRefreshDate
2015-08-01,2015-08-01 00:00:00,Chevron,PILOT TRAVEL CENTERS LLC : CHV7460761,1022 TAMPA FL TRM CHEVRON,DIESEL #2,90300,2799300,632100,1,30167,0,30167,30167,30167,0,30167,397253,1,w1,30167,0,30167,135450,3079230,790125,Available,Available,Available,150%,150,110%,110,125%,125,On Target,On Target,Above Trend,08/02 00:00:00 EDT,09/01 00:00:00 EDT,w1,0,2015-08-05 00:00:00,Contract,Contract,Contract,90300,90300,2799300,2799300,632100,105283,3049063,392872,0,0,0,0,0,0,1272191,1272193,1272192,90300,2799300,632100,135450,3079230,790125,True,True,30167,30167,1,105283,3049063,759958,-1,-1,-1,1,1
2015-08-02,2015-08-02 00:00:00,Chevron,PILOT TRAVEL CENTERS LLC : CHV7460761,1022 TAMPA FL TRM CHEVRON,DIESEL #2,90300,2799300,632100,1,38120,0,38120,38120,68287,0,68287,435373,1,w1,38120,0,68287,135450,3079230,790125,Available,Available,Available,150%,150,110%,110,125%,125,On Target,On Target,On Target,08/03 00:00:00 EDT,09/01 00:00:00 EDT,w1,0,2015-08-05 00:00:00,Contract,Contract,Contract,103226,90300,3200000,2799300,632100,97330,3010943,354752,0,0,0,0,0,0,1303014,1303016,1303015,90300,2799300,632100,135450,3079230,790125,True,True,68287,68287,1,97330,3010943,721838,-1,-1,-1,1,1
2015-08-03,2015-08-03 00:00:00,Chevron,PILOT TRAVEL CENTERS LLC : CHV7460761,1022 TAMPA FL TRM CHEVRON,DIESEL #2,103226,3200000,722581,1,105493,0,105493,105493,173780,0,173780,540866,1,w1,105493,0,173780,154839,3520000,903226,Available,Available,Available,150%,150,110%,110,125%,125,On Target,On Target,On Target,08/04 00:00:00 EDT,09/01 00:00:00 EDT,w1,0,2015-08-05 00:00:00,Contract,Contract,Contract,103226,103226,3200000,3200000,722581,49346,3346220,362360,0,0,0,0,0,0,1331469,1331471,1331470,103200,3200000,722500,154839,3520000,903226,True,True,173780,173780,1,49346,3346220,729446,-1,-1,-1,1,1
2015-08-04,2015-08-04 00:00:00,Chevron,PILOT TRAVEL CENTERS LLC : CHV7460761,1022 TAMPA FL TRM CHEVRON,DIESEL #2,103226,3200000,722581,1,143622,0,143622,143622,317402,0,317402,684488,1,w1,143622,0,317402,154839,3520000,903226,Low,Available,Limited,150%,150,110%,110,125%,125,Above Trend,On Target,On Target,08/05 00:00:00 EDT,09/01 00:00:00 EDT,w1,0,2015-08-05 00:00:00,Contract,Contract,Contract,103226,103226,3200000,3200000,722581,11217,3202598,218738,0,0,0,0,0,0,1361652,1361654,1361653,103200,3200000,722500,154839,3520000,903226,True,True,317402,317402,1,11217,3202598,585824,-1,-1,-1,1,1
2015-08-05,2015-08-05 00:00:00,Chevron,PILOT TRAVEL CENTERS LLC : CHV7460761,1022 TAMPA FL TRM CHEVRON,DIESEL #2,103226,3200000,722581,1,143797,0,143797,143797,461199,0,461199,143797,1,w2,143797,0,143797,154839,3520000,903226,Low,Available,Available,150%,150,110%,110,125%,125,Above Trend,Above Trend,Above Trend,08/06 00:00:00 EDT,09/01 00:00:00 EDT,w2,0,2015-08-12 00:00:00,Contract,Contract,Contract,103226,103226,3200000,3200000,722581,11042,3058801,759429,0,0,0,0,0,0,1390137,1390139,1390138,103200,3200000,722500,154839,3520000,903226,True,True,143797,461199,1,11042,3058801,759429,-1,-1,-1,1,1
2015-08-06,2015-08-06 00:00:00,Chevron,PILOT TRAVEL CENTERS LLC : CHV7460761,1022 TAMPA FL TRM CHEVRON,DIESEL #2,103226,3200000,722581,1,113075,1,113075,90369,574274,0,574274,256872,1,w2,90369,0,256872,154839,3520000,903226,Available,Available,Available,150%,150,110%,110,125%,125,On Target,Above Trend,Above Trend,08/07 00:00:00 EDT,09/01 00:00:00 EDT,w2,0,2015-08-12 00:00:00,Contract,Contract,Contract,103226,103226,3200000,3200000,722581,64470,2945726,646354,0,0,0,0,0,0,1427009,1427011,1427010,103200,3200000,722500,154839,3520000,903226,True,True,256872,574274,1,41764,2945726,646354,-1,-1,-1,1,1
2015-08-07,2015-08-07 00:00:00,Chevron,PILOT TRAVEL CENTERS LLC : CHV7460761,1022 TAMPA FL TRM CHEVRON,DIESEL #2,103226,3200000,722581,1,90636,0,90636,90636,664910,0,664910,347508,1,w2,90636,0,347508,154839,3520000,903226,Available,Available,Available,150%,150,110%,110,125%,125,On Target,Above Trend,Above Trend,08/08 00:00:00 EDT,09/01 00:00:00 EDT,w2,0,2015-08-12 00:00:00,Contract,Contract,Contract,103226,103226,3200000,3200000,722581,64203,2855090,555718,0,0,0,0,0,0,1461521,1461523,1461522,103200,3200000,722500,154839,3520000,903226,True,True,347508,664910,1,64203,2855090,555718,-1,-1,-1,1,1
2015-08-08,2015-08-08 00:00:00,Chevron,PILOT TRAVEL CENTERS LLC : CHV7460761,1022 TAMPA FL TRM CHEVRON,DIESEL #2,103226,3200000,722581,1,89991,0,89991,89991,754901,0,754901,437499,1,w2,89991,0,437499,154839,3520000,903226,Available,Available,Available,150%,150,110%,110,125%,125,On Target,Above Trend,Above Trend,08/09 00:00:00 EDT,09/01 00:00:00 EDT,w2,0,2015-08-12 00:00:00,Contract,Contract,Contract,103226,103226,3200000,3200000,722581,64848,2765099,465727,0,0,0,0,0,0,1495810,1495812,1495811,103200,3200000,722500,154839,3520000,903226,True,True,437499,754901,1,64848,2765099,465727,-1,-1,-1,1,1
2015-08-09,2015-08-09 00:00:00,Chevron,PILOT TRAVEL CENTERS LLC : CHV7460761,1022 TAMPA FL TRM CHEVRON,DIESEL #2,103226,3200000,722581,1,91186,0,91186,91186,846087,0,846087,528685,1,w2,91186,0,528685,154839,3520000,903226,Available,Available,Available,150%,150,110%,110,125%,125,On Target,Above Trend,Above Trend,08/10 00:00:00 EDT,09/01 00:00:00 EDT,w2,0,2015-08-12 00:00:00,Contract,Contract,Contract,103226,103226,3200000,3200000,722581,63653,2673913,374541,0,0,0,0,0,0,1529495,1529497,1529496,103200,3200000,722500,154839,3520000,903226,True,True,528685,846087,1,63653,2673913,374541,-1,-1,-1,1,1
2015-08-10,2015-08-10 00:00:00,Chevron,PILOT TRAVEL CENTERS LLC : CHV7460761,1022 TAMPA FL TRM CHEVRON,DIESEL #2,103226,3200000,722581,1,154024,0,154024,154024,1000111,0,1000111,682709,1,w2,154024,0,682709,154839,3520000,903226,Out,Available,Limited,150%,150,110%,110,125%,125,Above Trend,Above Trend,Above Trend,08/11 00:00:00 EDT,09/01 00:00:00 EDT,w2,0,2015-08-12 00:00:00,Contract,Contract,Contract,103226,103226,3200000,3200000,722581,815,2519889,220517,0,0,0,0,0,0,1562602,1562604,1562603,103200,3200000,722500,154839,3520000,903226,True,True,682709,1000111,1,815,2519889,220517,-1,-1,-1,1,1
2015-08-11,2015-08-11 00:00:00,Chevron,PILOT TRAVEL CENTERS LLC : CHV7460761,1022 TAMPA FL TRM CHEVRON,DIESEL #2,103226,3200000,722581,1,68209,0,68209,68209,1068320,0,1068320,750918,1,w2,68209,0,750918,154839,3520000,903226,Available,Available,Low,150%,150,110%,110,125%,125,On Target,Above Trend,Above Trend,08/12 00:00:00 EDT,09/01 00:00:00 EDT,w2,0,2015-08-12 00:00:00,Contract,Contract,Contract,103226,103226,3200000,3200000,722581,86630,2451680,152308,15000,15000,15000,15000,15000,15000,1584735,1584737,1584736,103200,3200000,722500,154839,3520000,903226,True,True,750918,1068320,1,86630,2451680,152308,-1,-1,-1,1,1
2015-08-12,2015-08-12 00:00:00,Chevron,PILOT TRAVEL CENTERS LLC : CHV7460761,1022 TAMPA FL TRM CHEVRON,DIESEL #2,103226,3200000,722581,1,211473,0,157975,157975,1279793,0,1279793,157975,1,w3,157975,0,211473,154839,3520000,903226,Low,Available,Available,150%,150,110%,110,125%,125,Above Trend,Above Trend,Above Trend,08/13 00:00:00 EDT,09/01 00:00:00 EDT,w3,0,2015-08-19 00:00:00,Contract,Contract,Contract,103226,103226,3200000,3200000,722581,-3136,2240207,745251,15000,15000,15000,11864,11864,11864,1634847,1634849,1634848,103200,3200000,722500,154839,3520000,903226,True,True,211473,1279793,1,-56634,2240207,691753,15000,-1,-1,0,1
2015-08-13,2015-08-13 00:00:00,Chevron,PILOT TRAVEL CENTERS LLC : CHV7460761,1022 TAMPA FL TRM CHEVRON,DIESEL #2,103226,3200000,722581,1,150856,0,150856,150856,1430649,0,1430649,308831,1,w3,150856,0,362329,154839,3520000,903226,Low,Available,Available,150%,150,110%,110,125%,125,Above Trend,Above Trend,Above Trend,08/14 00:00:00 EDT,09/01 00:00:00 EDT,w3,0,2015-08-19 00:00:00,Contract,Contract,Contract,103226,103226,3200000,3200000,722581,3983,2089351,594395,15000,15000,15000,15000,15000,15000,1674777,1674779,1674778,103200,3200000,722500,154839,3520000,903226,True,True,362329,1430649,1,3983,2089351,540897,-1,-1,-1,0,1
2015-08-14,2015-08-14 00:00:00,Chevron,PILOT TRAVEL CENTERS LLC : CHV7460761,1022 TAMPA FL TRM CHEVRON,DIESEL #2,103226,3200000,722581,1,169767,0,169767,169767,1600416,0,1600416,478598,1,w3,169767,0,532096,154839,3520000,903226,Out,Available,Available,150%,150,110%,110,125%,125,Above Trend,Above Trend,Above Trend,08/15 00:00:00 EDT,09/01 00:00:00 EDT,w3,0,2015-08-19 00:00:00,Contract,Contract,Contract,103226,103226,3200000,3200000,722581,-14928,1919584,424628,15000,15000,15000,72,72,72,1714389,1714391,1714390,103200,3200000,722500,154839,3520000,903226,True,True,532096,1600416,1,-14928,1919584,371130,15000,-1,-1,0,1
2015-08-15,2015-08-15 00:00:00,Chevron,PILOT TRAVEL CENTERS LLC : CHV7460761,1022 TAMPA FL TRM CHEVRON,DIESEL #2,103226,3200000,722581,1,71607,0,71607,71607,1672023,0,1672023,550205,1,w3,71607,0,603703,154839,3520000,903226,Available,Available,Available,150%,150,110%,110,125%,125,On Target,Above Trend,Above Trend,08/16 00:00:00 EDT,09/01 00:00:00 EDT,w3,0,2015-08-19 00:00:00,Contract,Contract,Contract,103226,103226,3200000,3200000,722581,83232,1847977,353021,0,0,0,0,0,0,1746758,1746760,1746759,103200,3200000,722500,154839,3520000,903226,True,True,603703,1672023,1,83232,1847977,299523,-1,-1,-1,0,1
2015-08-16,2015-08-16 00:00:00,Chevron,PILOT TRAVEL CENTERS LLC : CHV7460761,1022 TAMPA FL TRM CHEVRON,DIESEL #2,103226,3200000,722581,1,53190,1,53190,30297,1725213,0,1725213,603395,1,w3,30297,0,656893,154839,3520000,903226,Available,Available,Available,150%,150,110%,110,125%,125,Below Trend,Above Trend,Above Trend,08/17 00:00:00 EDT,09/01 00:00:00 EDT,w3,0,2015-08-19 00:00:00,Contract,Contract,Contract,103226,103226,3200000,3200000,722581,124542,1794787,299831,0,0,0,0,0,0,1788505,1788507,1788506,103200,3200000,722500,154839,3520000,903226,True,True,656893,1725213,1,101649,1794787,246333,-1,-1,-1,0,1
2015-08-17,2015-08-17 00:00:00,Chevron,PILOT TRAVEL CENTERS LLC : CHV7460761,1022 TAMPA FL TRM CHEVRON,DIESEL #2,103226,3200000,722581,1,40780,0,40780,40780,1765993,0,1765993,644175,1,w3,40780,0,697673,154839,3520000,903226,Available,Available,Limited,150%,150,110%,110,125%,125,Above Trend,Above Trend,Above Trend,08/18 00:00:00 EDT,09/01 00:00:00 EDT,w3,0,2015-08-19 00:00:00,Contract,Contract,Contract,103226,103226,3200000,3200000,722581,114059,1754007,259051,0,0,0,0,0,0,1800558,1800560,1800559,103200,3200000,722500,154839,3520000,903226,True,True,697673,1765993,1,114059,1754007,205553,-1,-1,-1,0,1
2015-08-18,2015-08-18 00:00:00,Chevron,PILOT TRAVEL CENTERS LLC : CHV7460761,1022 TAMPA FL TRM CHEVRON,DIESEL #2,103226,3200000,722581,1,189388,1,189388,106121,1955381,0,1955381,833563,1,w3,106121,0,887061,154839,3520000,903226,Available,Available,Low,150%,150,110%,110,125%,125,On Target,Above Trend,Above Trend,08/19 00:00:00 EDT,09/01 00:00:00 EDT,w3,0,2015-08-19 00:00:00,Contract,Contract,Contract,103226,103226,3200000,3200000,722581,48718,1564619,69663,0,0,0,0,0,0,1871161,1871163,1871162,103200,3200000,722500,154839,3520000,903226,True,True,887061,1955381,1,-34549,1564619,16165,-1,-1,-1,0,1
2015-08-19,2015-08-19 00:00:00,Chevron,PILOT TRAVEL CENTERS LLC : CHV7460761,1022 TAMPA FL TRM CHEVRON,DIESEL #2,103226,3200000,722581,1,104698,0,104698,104698,2060079,0,2060079,104698,1,w4,104698,0,104698,154839,3520000,903226,Available,Available,Available,150%,150,110%,110,125%,125,On Target,Above Trend,Above Trend,08/20 00:00:00 EDT,09/01 00:00:00 EDT,w4,0,2015-08-26 00:00:00,Contract,Contract,Contract,103226,103226,3200000,3200000,722581,50141,1459921,798528,0,0,0,0,0,0,1906817,1906819,1906818,103200,3200000,722500,154839,3520000,903226,True,True,104698,2060079,1,50141,1459921,798528,-1,-1,-1,0,1
2015-08-20,2015-08-20 00:00:00,Chevron,PILOT TRAVEL CENTERS LLC : CHV7460761,1022 TAMPA FL TRM CHEVRON,DIESEL #2,103226,3200000,722581,1,74223,0,74223,74223,2134302,0,2134302,178921,1,w4,74223,0,178921,154839,3520000,903226,Available,Available,Available,150%,150,110%,110,125%,125,On Target,Above Trend,On Target,08/21 00:00:00 EDT,09/01 00:00:00 EDT,w4,0,2015-08-26 00:00:00,Contract,Contract,Contract,103226,103226,3200000,3200000,722581,80616,1385698,724305,0,0,0,0,0,0,1944984,1944986,1944985,103200,3200000,722500,154839,3520000,903226,True,True,178921,2134302,1,80616,1385698,724305,-1,-1,-1,0,1
2015-08-21,2015-08-21 00:00:00,Chevron,PILOT TRAVEL CENTERS LLC : CHV7460761,1022 TAMPA FL TRM CHEVRON,DIESEL #2,103226,3200000,722581,1,30061,0,30061,30061,2164363,0,2164363,208982,1,w4,30061,0,208982,154839,3520000,903226,Available,Available,Available,150%,150,110%,110,125%,125,Above Trend,Above Trend,On Target,08/22 00:00:00 EDT,09/01 00:00:00 EDT,w4,0,2015-08-26 00:00:00,Contract,Contract,Contract,103226,103226,3200000,3200000,722581,124778,1355637,694244,0,0,0,0,0,0,1949034,1949036,1949035,103200,3200000,722500,154839,3520000,903226,True,True,208982,2164363,1,124778,1355637,694244,-1,-1,-1,0,1
2015-08-22,2015-08-22 00:00:00,Chevron,PILOT TRAVEL CENTERS LLC : CHV7460761,1022 TAMPA FL TRM CHEVRON,DIESEL #2,103226,3200000,722581,1,157157,1,157157,83272,2321520,0,2321520,366139,1,w4,83272,0,366139,154839,3520000,903226,Available,Available,Available,150%,150,110%,110,125%,125,On Target,Above Trend,On Target,08/23 00:00:00 EDT,09/01 00:00:00 EDT,w4,0,2015-08-26 00:00:00,Contract,Contract,Contract,103226,103226,3200000,3200000,722581,71567,1198480,537087,0,0,0,0,0,0,2021714,2021716,2021715,103200,3200000,722500,154839,3520000,903226,True,True,366139,2321520,1,-2318,1198480,537087,-1,-1,-1,0,1
2015-08-23,2015-08-23 00:00:00,Chevron,PILOT TRAVEL CENTERS LLC : CHV7460761,1022 TAMPA FL TRM CHEVRON,DIESEL #2,103226,3200000,722581,1,17403,0,17403,17403,2338923,0,2338923,383542,1,w4,17403,0,383542,154839,3520000,903226,Available,Available,Available,150%,150,110%,110,125%,125,Below Trend,Above Trend,On Target,08/24 00:00:00 EDT,09/01 00:00:00 EDT,w4,0,2015-08-26 00:00:00,Contract,Contract,Contract,103226,103226,3200000,3200000,722581,137436,1181077,519684,0,0,0,0,0,0,2057494,2057496,2057495,103200,3200000,722500,154839,3520000,903226,True,True,383542,2338923,1,137436,1181077,519684,-1,-1,-1,0,1
2015-08-24,2015-08-24 00:00:00,Chevron,PILOT TRAVEL CENTERS LLC : CHV7460761,1022 TAMPA FL TRM CHEVRON,DIESEL #2,103226,3200000,722581,1,22592,0,22592,22592,2361515,0,2361515,406134,1,w4,22592,0,406134,154839,3520000,903226,Available,Available,Available,150%,150,110%,110,125%,125,On Target,Above Trend,On Target,08/25 00:00:00 EDT,09/01 00:00:00 EDT,w4,0,2015-08-26 00:00:00,Contract,Contract,Contract,103226,103226,3200000,3200000,722581,132247,1158485,497092,0,0,0,0,0,0,2071142,2071144,2071143,103200,3200000,722500,154839,3520000,903226,True,True,406134,2361515,1,132247,1158485,497092,-1,-1,-1,0,1
2015-08-25,2015-08-25 00:00:00,Chevron,PILOT TRAVEL CENTERS LLC : CHV7460761,1022 TAMPA FL TRM CHEVRON,DIESEL #2,103226,3200000,722581,1,128253,1,128253,105652,2489768,0,2489768,534387,1,w4,105652,0,534387,154839,3520000,903226,Available,Limited,Available,150%,150,110%,110,125%,125,On Target,Above Trend,On Target,08/26 00:00:00 EDT,09/01 00:00:00 EDT,w4,0,2015-08-26 00:00:00,Contract,Contract,Contract,103226,103226,3200000,3200000,722581,49187,1030232,368839,0,0,0,0,0,0,2126508,2126510,2126509,103200,3200000,722500,154839,3520000,903226,True,True,534387,2489768,1,26586,1030232,368839,-1,-1,-1,0,1
2015-08-26,2015-08-26 00:00:00,Chevron,PILOT TRAVEL CENTERS LLC : CHV7460761,1022 TAMPA FL TRM CHEVRON,DIESEL #2,103226,3200000,722581,1,136289,0,128794,128794,2626057,0,2626057,128794,1,w5,128794,0,136289,154839,3520000,903226,Low,Limited,Available,150%,150,110%,110,125%,125,Above Trend,Above Trend,Above Trend,08/27 00:00:00 EDT,09/01 00:00:00 EDT,w5,0,2015-09-02 00:00:00,Contract,Contract,Contract,103226,103226,3200000,3200000,722581,26045,893943,774432,0,0,0,0,0,0,2153841,2153843,2153842,103200,3200000,722500,154839,3520000,903226,True,True,136289,2626057,1,18550,893943,766937,-1,-1,-1,0,1
2015-08-27,2015-08-27 00:00:00,Chevron,PILOT TRAVEL CENTERS LLC : CHV7460761,1022 TAMPA FL TRM CHEVRON,DIESEL #2,103226,3200000,722581,1,119106,0,119106,119106,2745163,0,2745163,247900,1,w5,119106,0,255395,154839,3520000,903226,Limited,Limited,Available,150%,150,110%,110,125%,125,On Target,Above Trend,Above Trend,08/28 00:00:00 EDT,09/01 00:00:00 EDT,w5,0,2015-09-02 00:00:00,Contract,Contract,Contract,103226,103226,3200000,2772000,722581,35733,774837,655326,0,0,0,0,0,0,2181305,2181307,2181306,103200,3200000,722500,154839,3520000,903226,True,True,255395,2745163,1,35733,774837,647831,-1,-1,-1,0,1
2015-08-28,2015-08-28 00:00:00,Chevron,PILOT TRAVEL CENTERS LLC : CHV7460761,1022 TAMPA FL TRM CHEVRON,DIESEL #2,103226,3200000,722581,1,119799,0,119799,119799,2864962,0,2864962,367699,1,w5,119799,0,375194,154839,3520000,903226,Limited,Low,Available,150%,150,110%,110,125%,125,On Target,Above Trend,Above Trend,08/29 00:00:00 EDT,09/01 00:00:00 EDT,w5,0,2015-09-02 00:00:00,Contract,Contract,Contract,103226,103226,3200000,2772000,722581,35040,655038,535527,0,0,0,0,0,0,2212243,2212245,2212244,103200,3200000,722500,154839,3520000,903226,True,True,375194,2864962,1,35040,655038,528032,-1,-1,-1,0,1
2015-08-29,2015-08-29 00:00:00,Chevron,PILOT TRAVEL CENTERS LLC : CHV7460761,1022 TAMPA FL TRM CHEVRON,DIESEL #2,103226,3200000,722581,1,45146,0,45146,45146,2910108,0,2910108,412845,1,w5,45146,0,420340,154839,3520000,903226,Available,Low,Available,150%,150,110%,110,125%,125,On Target,Above Trend,Above Trend,08/30 00:00:00 EDT,09/01 00:00:00 EDT,w5,0,2015-09-02 00:00:00,Contract,Contract,Contract,103226,103226,3200000,2772000,722581,109693,609892,490381,0,0,0,0,0,0,2238883,2238885,2238884,103200,3200000,722500,154839,3520000,903226,True,True,420340,2910108,1,109693,609892,482886,-1,-1,-1,0,1
2015-08-30,2015-08-30 00:00:00,Chevron,PILOT TRAVEL CENTERS LLC : CHV7460761,1022 TAMPA FL TRM CHEVRON,DIESEL #2,103226,3200000,722581,1,15115,0,15115,15115,2925223,0,2925223,427960,1,w5,15115,0,435455,154839,3520000,903226,Available,Low,Available,150%,150,110%,110,125%,125,Below Trend,Above Trend,On Target,08/31 00:00:00 EDT,09/01 00:00:00 EDT,w5,0,2015-09-02 00:00:00,Contract,Contract,Contract,103226,103226,3200000,2772000,722581,139724,594777,475266,0,0,0,0,0,0,2265534,2265536,2265535,103200,3200000,722500,154839,3520000,903226,True,True,435455,2925223,1,139724,594777,467771,-1,-1,-1,0,1
2015-08-31,2015-08-31 00:00:00,Chevron,PILOT TRAVEL CENTERS LLC : CHV7460761,1022 TAMPA FL TRM CHEVRON,DIESEL #2,103226,3200000,722581,1,75158,0,75158,75158,3000381,0,3000381,503118,1,w5,75158,0,510613,154839,3520000,903226,Available,Low,Available,150%,150,110%,110,125%,125,On Target,Above Trend,On Target,09/01 00:00:00 EDT,09/01 00:00:00 EDT,w5,0,2015-09-02 00:00:00,Contract,Contract,Contract,103226,103226,2772000,2772000,722581,79681,519619,400108,0,0,0,0,0,0,2291188,2291190,2291189,103200,3200000,722500,154839,3520000,903226,True,True,510613,3000381,1,79681,519619,392613,-1,-1,-1,0,1
