,date,supplier_name,account_type,supplier_terminal_name,product_name,base_gallons_Daily,base_gallons_Monthly,base_gallons_Weekly,lifted_gallons_daily_flag,lifted_gallons_daily_modified,Modified_WeeksByLiftedGallons,lifted_gallons_modified_WeeksByLiftedGallons,lifted_gallons_Daily,Lifted_actual_monthly,lifted_gallons_monthly_flag,lifted_gallons_Monthly,Lifted_actual_weekly,lifted_gallons_weekly_flag,WeeksByLiftedGallons,lifted_gallonsWeekly_modified_aposteriori,Modified_LiftedGallonsaposteriori,lifted_gallons_Weekly,beginning_gallons_Daily,beginning_gallons_Monthly,beginning_gallons_Weekly,en_allocation_status_Daily,en_allocation_status_Monthly,en_allocation_status_Weekly,percentage_allocation_Daily_actual,percentage_allocation_Daily,percentage_allocation_Monthly_actual,percentage_allocation_Monthly,percentage_allocation_Weekly_actual,percentage_allocation_Weekly,alerts_ratability_Daily,alerts_ratability_Monthly,alerts_ratability_Weekly,next_refresh_date_Daily,next_refresh_date_Monthly,Week_switch,Modified_NRD,next_refresh_date_Weekly,en_account_type_Daily,en_account_type_Monthly,en_account_type_Weekly,NRB_Daily,next_refresh_base_gallons_Daily,NRB_Monthly,next_refresh_base_gallons_Monthly,next_refresh_base_gallons_Weekly,remaining_gallons_Daily,remaining_gallons_Monthly,remaining_gallons_Weekly,additional_gallons_allowed_Daily,additional_gallons_allowed_Monthly,additional_gallons_allowed_Weekly,additional_gallons_remaining_Daily,additional_gallons_remaining_Monthly,additional_gallons_remaining_Weekly,staging_id_Daily,staging_id_Monthly,staging_id_Weekly,base_gallons_Daily_Reconciled,base_gallons_Monthly_Reconciled,base_gallons_Weekly_Reconciled,beginning_gallons_Daily_Reconciled,beginning_gallons_Monthly_Reconciled,beginning_gallons_Weekly_Reconciled,sanityWeekly_CumulativeDaily_WeeksByLiftedGallons,sanityWeekly_CumulativeDaily_NextRefreshDate,computedWeekly,computedMonthly,sanityComputedMonthly,remaining_gallons_Daily_Reconciled,remaining_gallons_Monthly_Reconciled,remaining_gallons_Weekly_Reconciled,additional_gallons_remaining_Daily_Reconciled,additional_gallons_remaining_Monthly_Reconciled,additional_gallons_remaining_Weekly_Reconciled,sanityMonthly_CumulativeDaily_WeeksByLiftedGallons,sanityMonthly_CumulativeDaily_WeeksByNextRefreshDate
2015-08-01,2015-08-01 00:00:00,Chevron,PILOT TRAVEL CENTERS LLC : CHV7460761,1046 SAN DIEGO CA TRM CHEVRON,DIESEL #2,20338,630466,142363,1,7600,0,7600,7600,7600,0,7600,61276,1,w1,7600,0,7600,40676,693513,142363,Available,Available,Available,200%,200,110%,110,100%,100,On Target,On Target,On Target,08/02 00:00:00 PDT,09/01 00:00:00 PDT,w1,0,2015-08-05 00:00:00,Contract,Contract,Contract,20338,20338,630466,630466,142363,33076,685913,81087,0,0,0,0,0,0,1272209,1272211,1272210,20300,630400,142300,40676,693512,142363,True,True,7600,7600,1,33076,685913,134763,-1,-1,-1,1,1
2015-08-02,2015-08-02 00:00:00,Chevron,PILOT TRAVEL CENTERS LLC : CHV7460761,1046 SAN DIEGO CA TRM CHEVRON,DIESEL #2,20338,630466,142363,1,7601,0,7601,7601,15201,0,15201,68877,1,w1,7601,0,15201,40676,693513,142363,Available,Available,Available,200%,200,110%,110,100%,100,On Target,On Target,On Target,08/03 00:00:00 PDT,09/01 00:00:00 PDT,w1,0,2015-08-05 00:00:00,Contract,Contract,Contract,20338,20338,630466,630466,142363,33075,678312,73486,0,0,0,0,0,0,1303032,1303034,1303033,20300,630400,142300,40676,693512,142363,True,True,15201,15201,1,33075,678312,127162,-1,-1,-1,1,1
2015-08-03,2015-08-03 00:00:00,Chevron,PILOT TRAVEL CENTERS LLC : CHV7460761,1046 SAN DIEGO CA TRM CHEVRON,DIESEL #2,20338,630466,142363,1,22834,0,22834,22834,38035,0,38035,91711,1,w1,22834,0,38035,40676,693513,142363,Available,Available,Available,200%,200,110%,110,100%,100,On Target,On Target,On Target,08/04 00:00:00 PDT,09/01 00:00:00 PDT,w1,0,2015-08-05 00:00:00,Contract,Contract,Contract,20338,20338,630466,630466,142363,17842,655478,50652,0,0,0,0,0,0,1331487,1331489,1331488,20300,630400,142300,40676,693512,142363,True,True,38035,38035,1,17842,655478,104328,-1,-1,-1,1,1
2015-08-04,2015-08-04 00:00:00,Chevron,PILOT TRAVEL CENTERS LLC : CHV7460761,1046 SAN DIEGO CA TRM CHEVRON,DIESEL #2,20338,630466,142363,1,7612,0,7612,7612,45647,0,45647,99323,1,w1,7612,0,45647,40676,693513,142363,Available,Available,Available,200%,200,110%,110,100%,100,On Target,On Target,On Target,08/05 00:00:00 PDT,09/01 00:00:00 PDT,w1,0,2015-08-05 00:00:00,Contract,Contract,Contract,20338,20338,630466,630466,142363,33064,647866,43040,0,0,0,0,0,0,1361670,1361672,1361671,20300,630400,142300,40676,693512,142363,True,True,45647,45647,1,33064,647866,96716,-1,-1,-1,1,1
2015-08-05,2015-08-05 00:00:00,Chevron,PILOT TRAVEL CENTERS LLC : CHV7460761,1046 SAN DIEGO CA TRM CHEVRON,DIESEL #2,20338,630466,142363,1,30434,0,22834,22834,76081,0,76081,22834,1,w2,22834,0,30434,40676,693513,142363,Available,Available,Available,200%,200,110%,110,100%,100,On Target,On Target,Above Trend,08/06 00:00:00 PDT,09/01 00:00:00 PDT,w2,0,2015-08-12 00:00:00,Contract,Contract,Contract,20338,20338,630466,630466,142363,17842,617432,119529,0,0,0,0,0,0,1390155,1390157,1390156,20300,630400,142300,40676,693512,142363,True,True,30434,76081,1,10242,617432,111929,-1,-1,-1,0,1
2015-08-06,2015-08-06 00:00:00,Chevron,PILOT TRAVEL CENTERS LLC : CHV7460761,1046 SAN DIEGO CA TRM CHEVRON,DIESEL #2,20338,630466,142363,1,22830,0,22830,22830,98911,0,98911,45664,1,w2,22830,0,53264,40676,693513,142363,Available,Available,Available,200%,200,110%,110,100%,100,On Target,On Target,Above Trend,08/07 00:00:00 PDT,09/01 00:00:00 PDT,w2,0,2015-08-12 00:00:00,Contract,Contract,Contract,20338,20338,630466,630466,142363,17846,594602,96699,0,0,0,0,0,0,1427027,1427029,1427028,20300,630400,142300,40676,693512,142363,True,True,53264,98911,1,17846,594602,89099,-1,-1,-1,0,1
2015-08-07,2015-08-07 00:00:00,Chevron,PILOT TRAVEL CENTERS LLC : CHV7460761,1046 SAN DIEGO CA TRM CHEVRON,DIESEL #2,20338,630466,142363,1,15211,0,15211,15211,114122,0,114122,60875,1,w2,15211,0,68475,40676,693513,142363,Available,Available,Available,200%,200,110%,110,100%,100,On Target,On Target,Above Trend,08/08 00:00:00 PDT,09/01 00:00:00 PDT,w2,0,2015-08-12 00:00:00,Contract,Contract,Contract,20338,20338,630466,630466,142363,25465,579391,81488,0,0,0,0,0,0,1461539,1461541,1461540,20300,630400,142300,40676,693512,142363,True,True,68475,114122,1,25465,579391,73888,-1,-1,-1,0,1
2015-08-08,2015-08-08 00:00:00,Chevron,PILOT TRAVEL CENTERS LLC : CHV7460761,1046 SAN DIEGO CA TRM CHEVRON,DIESEL #2,20338,630466,142363,1,15500,0,15500,15500,129622,0,129622,76375,1,w2,15500,0,83975,40676,693513,142363,Available,Available,Available,200%,200,110%,110,100%,100,On Target,On Target,Above Trend,08/09 00:00:00 PDT,09/01 00:00:00 PDT,w2,0,2015-08-12 00:00:00,Contract,Contract,Contract,20338,20338,630466,630466,142363,25176,563891,65988,0,0,0,0,0,0,1495828,1495830,1495829,20300,630400,142300,40676,693512,142363,True,True,83975,129622,1,25176,563891,58388,-1,-1,-1,0,1
2015-08-09,2015-08-09 00:00:00,Chevron,PILOT TRAVEL CENTERS LLC : CHV7460761,1046 SAN DIEGO CA TRM CHEVRON,DIESEL #2,20338,630466,142363,1,7600,0,7600,7600,137222,0,137222,83975,1,w2,7600,0,91575,40676,693513,142363,Available,Available,Available,200%,200,110%,110,100%,100,On Target,On Target,Above Trend,08/10 00:00:00 PDT,09/01 00:00:00 PDT,w2,0,2015-08-12 00:00:00,Contract,Contract,Contract,20338,20338,630466,630466,142363,33076,556291,58388,0,0,0,0,0,0,1529513,1529515,1529514,20300,630400,142300,40676,693512,142363,True,True,91575,137222,1,33076,556291,50788,-1,-1,-1,0,1
2015-08-10,2015-08-10 00:00:00,Chevron,PILOT TRAVEL CENTERS LLC : CHV7460761,1046 SAN DIEGO CA TRM CHEVRON,DIESEL #2,20338,630466,142363,1,22831,0,22831,22831,160053,0,160053,106806,1,w2,22831,0,114406,40676,693513,142363,Available,Available,Limited,200%,200,110%,110,100%,100,On Target,On Target,Above Trend,08/11 00:00:00 PDT,09/01 00:00:00 PDT,w2,0,2015-08-12 00:00:00,Contract,Contract,Contract,20338,20338,630466,630466,142363,17845,533460,35557,0,0,0,0,0,0,1562620,1562622,1562621,20300,630400,142300,40676,693512,142363,True,True,114406,160053,1,17845,533460,27957,-1,-1,-1,0,1
2015-08-11,2015-08-11 00:00:00,Chevron,PILOT TRAVEL CENTERS LLC : CHV7460761,1046 SAN DIEGO CA TRM CHEVRON,DIESEL #2,20338,630466,142363,1,22835,0,22835,22835,182888,0,182888,129641,1,w2,22835,0,137241,40676,693513,142363,Available,Available,Low,200%,200,110%,110,100%,100,Above Trend,On Target,Above Trend,08/12 00:00:00 PDT,09/01 00:00:00 PDT,w2,0,2015-08-12 00:00:00,Contract,Contract,Contract,20338,20338,630466,630466,142363,17841,510625,12722,0,0,0,0,0,0,1584753,1584755,1584754,20300,630400,142300,40676,693512,142363,True,True,137241,182888,1,17841,510625,5122,-1,-1,-1,0,1
2015-08-12,2015-08-12 00:00:00,Chevron,PILOT TRAVEL CENTERS LLC : CHV7460761,1046 SAN DIEGO CA TRM CHEVRON,DIESEL #2,20338,630466,142363,1,22836,0,22836,22836,205724,0,205724,22836,1,w3,22836,0,22836,40676,693513,142363,Available,Available,Available,200%,200,110%,110,100%,100,On Target,On Target,Above Trend,08/13 00:00:00 PDT,09/01 00:00:00 PDT,w3,0,2015-08-19 00:00:00,Contract,Contract,Contract,20338,20338,630466,630466,142363,17840,487789,119527,0,0,0,0,0,0,1634865,1634867,1634866,20300,630400,142300,40676,693512,142363,True,True,22836,205724,1,17840,487789,119527,-1,-1,-1,0,1
2015-08-13,2015-08-13 00:00:00,Chevron,PILOT TRAVEL CENTERS LLC : CHV7460761,1046 SAN DIEGO CA TRM CHEVRON,DIESEL #2,20338,630466,142363,1,22829,0,22829,22829,228553,0,228553,45665,1,w3,22829,0,45665,40676,693513,142363,Available,Available,Available,200%,200,110%,110,100%,100,On Target,On Target,Above Trend,08/14 00:00:00 PDT,09/01 00:00:00 PDT,w3,0,2015-08-19 00:00:00,Contract,Contract,Contract,20338,20338,630466,630466,142363,17847,464960,96698,0,0,0,0,0,0,1674795,1674797,1674796,20300,630400,142300,40676,693512,142363,True,True,45665,228553,1,17847,464960,96698,-1,-1,-1,0,1
2015-08-14,2015-08-14 00:00:00,Chevron,PILOT TRAVEL CENTERS LLC : CHV7460761,1046 SAN DIEGO CA TRM CHEVRON,DIESEL #2,20338,630466,142363,1,22820,0,22820,22820,251373,0,251373,68485,1,w3,22820,0,68485,40676,693513,142363,Available,Available,Available,200%,200,110%,110,100%,100,On Target,Above Trend,Above Trend,08/15 00:00:00 PDT,09/01 00:00:00 PDT,w3,0,2015-08-19 00:00:00,Contract,Contract,Contract,20338,20338,630466,630466,142363,17856,442140,73878,0,0,0,0,0,0,1714407,1714409,1714408,20300,630400,142300,40676,693512,142363,True,True,68485,251373,1,17856,442140,73878,-1,-1,-1,0,1
2015-08-15,2015-08-15 00:00:00,Chevron,PILOT TRAVEL CENTERS LLC : CHV7460761,1046 SAN DIEGO CA TRM CHEVRON,DIESEL #2,20338,630466,142363,1,7600,0,7600,7600,258973,0,258973,76085,1,w3,7600,0,76085,40676,693513,142363,Available,Available,Available,200%,200,110%,110,100%,100,On Target,On Target,Above Trend,08/16 00:00:00 PDT,09/01 00:00:00 PDT,w3,0,2015-08-19 00:00:00,Contract,Contract,Contract,20338,20338,630466,630466,142363,33076,434540,66278,0,0,0,0,0,0,1746776,1746778,1746777,20300,630400,142300,40676,693512,142363,True,True,76085,258973,1,33076,434540,66278,-1,-1,-1,0,1
2015-08-16,2015-08-16 00:00:00,Chevron,PILOT TRAVEL CENTERS LLC : CHV7460761,1046 SAN DIEGO CA TRM CHEVRON,DIESEL #2,20338,630466,142363,1,15201,1,15201,7601,274174,0,274174,91286,1,w3,7601,0,91286,40676,693513,142363,Available,Available,Available,200%,200,110%,110,100%,100,On Target,On Target,Above Trend,08/17 00:00:00 PDT,09/01 00:00:00 PDT,w3,0,2015-08-19 00:00:00,Contract,Contract,Contract,20338,20338,630466,630466,142363,33075,419339,51077,0,0,0,0,0,0,1788523,1788525,1788524,20300,630400,142300,40676,693512,142363,True,True,91286,274174,1,25475,419339,51077,-1,-1,-1,0,1
2015-08-17,2015-08-17 00:00:00,Chevron,PILOT TRAVEL CENTERS LLC : CHV7460761,1046 SAN DIEGO CA TRM CHEVRON,DIESEL #2,20338,630466,142363,1,0,0,0,0,274174,0,274174,91286,1,w3,0,0,91286,40676,693513,142363,Available,Available,Available,200%,200,110%,110,100%,100,Below Trend,On Target,Above Trend,08/18 00:00:00 PDT,09/01 00:00:00 PDT,w3,0,2015-08-19 00:00:00,Contract,Contract,Contract,20338,20338,630466,630466,142363,40676,419339,51077,0,0,0,0,0,0,1800576,1800578,1800577,20300,630400,142300,40676,693512,142363,True,True,91286,274174,1,40676,419339,51077,-1,-1,-1,0,1
2015-08-18,2015-08-18 00:00:00,Chevron,PILOT TRAVEL CENTERS LLC : CHV7460761,1046 SAN DIEGO CA TRM CHEVRON,DIESEL #2,20338,630466,142363,1,53277,1,53277,30445,327451,0,327451,144563,1,w3,30445,0,144563,40676,693513,142363,Limited,Available,Out,200%,200,110%,110,100%,100,Above Trend,Above Trend,Above Trend,08/19 00:00:00 PDT,09/01 00:00:00 PDT,w3,0,2015-08-19 00:00:00,Contract,Contract,Contract,20338,20338,630466,630466,142363,10231,366062,-2200,0,0,0,0,0,0,1871179,1871181,1871180,20300,630400,142300,40676,693512,142363,True,True,144563,327451,1,-12601,366062,-2200,-1,-1,-1,0,1
2015-08-19,2015-08-19 00:00:00,Chevron,PILOT TRAVEL CENTERS LLC : CHV7460761,1046 SAN DIEGO CA TRM CHEVRON,DIESEL #2,20338,630466,142363,1,22836,0,22836,22836,350287,0,350287,22836,1,w4,22836,0,22836,40676,693513,142363,Available,Available,Available,200%,200,110%,110,100%,100,On Target,Above Trend,Above Trend,08/20 00:00:00 PDT,09/01 00:00:00 PDT,w4,0,2015-08-26 00:00:00,Contract,Contract,Contract,20338,20338,630466,630466,142363,17840,343226,119527,0,0,0,0,0,0,1906835,1906837,1906836,20300,630400,142300,40676,693512,142363,True,True,22836,350287,1,17840,343226,119527,-1,-1,-1,0,1
2015-08-20,2015-08-20 00:00:00,Chevron,PILOT TRAVEL CENTERS LLC : CHV7460761,1046 SAN DIEGO CA TRM CHEVRON,DIESEL #2,20338,630466,142363,1,22835,0,22835,22835,373122,0,373122,45671,1,w4,22835,0,45671,40676,693513,142363,Available,Available,Available,200%,200,110%,110,100%,100,On Target,Above Trend,Above Trend,08/21 00:00:00 PDT,09/01 00:00:00 PDT,w4,0,2015-08-26 00:00:00,Contract,Contract,Contract,20338,20338,630466,630466,142363,17841,320391,96692,0,0,0,0,0,0,1945002,1945004,1945003,20300,630400,142300,40676,693512,142363,True,True,45671,373122,1,17841,320391,96692,-1,-1,-1,0,1
2015-08-21,2015-08-21 00:00:00,Chevron,PILOT TRAVEL CENTERS LLC : CHV7460761,1046 SAN DIEGO CA TRM CHEVRON,DIESEL #2,20338,630466,142363,1,0,0,0,0,373122,0,373122,45671,1,w4,0,0,45671,40676,693513,142363,Available,Available,Available,200%,200,110%,110,100%,100,Below Trend,Above Trend,Above Trend,08/22 00:00:00 PDT,09/01 00:00:00 PDT,w4,0,2015-08-26 00:00:00,Contract,Contract,Contract,20338,20338,630466,630466,142363,40676,320391,96692,0,0,0,0,0,0,1949052,1949054,1949053,20300,630400,142300,40676,693512,142363,True,True,45671,373122,1,40676,320391,96692,-1,-1,-1,0,1
2015-08-22,2015-08-22 00:00:00,Chevron,PILOT TRAVEL CENTERS LLC : CHV7460761,1046 SAN DIEGO CA TRM CHEVRON,DIESEL #2,20338,630466,142363,1,30423,1,30423,15201,403545,0,403545,76094,1,w4,15201,0,76094,40676,693513,142363,Available,Available,Available,200%,200,110%,110,100%,100,On Target,Above Trend,Above Trend,08/23 00:00:00 PDT,09/01 00:00:00 PDT,w4,0,2015-08-26 00:00:00,Contract,Contract,Contract,20338,20338,630466,630466,142363,25475,289968,66269,0,0,0,0,0,0,2021732,2021734,2021733,20300,630400,142300,40676,693512,142363,True,True,76094,403545,1,10253,289968,66269,-1,-1,-1,0,1
2015-08-23,2015-08-23 00:00:00,Chevron,PILOT TRAVEL CENTERS LLC : CHV7460761,1046 SAN DIEGO CA TRM CHEVRON,DIESEL #2,20338,630466,142363,1,0,0,0,0,403545,0,403545,76094,1,w4,0,0,76094,40676,693513,142363,Available,Available,Available,200%,200,110%,110,100%,100,Below Trend,On Target,On Target,08/24 00:00:00 PDT,09/01 00:00:00 PDT,w4,0,2015-08-26 00:00:00,Contract,Contract,Contract,20338,20338,630466,630466,142363,40676,289968,66269,0,0,0,0,0,0,2057512,2057514,2057513,20300,630400,142300,40676,693512,142363,True,True,76094,403545,1,40676,289968,66269,-1,-1,-1,0,1
2015-08-24,2015-08-24 00:00:00,Chevron,PILOT TRAVEL CENTERS LLC : CHV7460761,1046 SAN DIEGO CA TRM CHEVRON,DIESEL #2,20338,630466,142363,1,7612,0,7612,7612,411157,0,411157,83706,1,w4,7612,0,83706,40676,693513,142363,Available,Available,Available,200%,200,110%,110,100%,100,On Target,On Target,On Target,08/25 00:00:00 PDT,09/01 00:00:00 PDT,w4,0,2015-08-26 00:00:00,Contract,Contract,Contract,20338,20338,630466,630466,142363,33064,282356,58657,0,0,0,0,0,0,2071160,2071162,2071161,20300,630400,142300,40676,693512,142363,True,True,83706,411157,1,33064,282356,58657,-1,-1,-1,0,1
2015-08-25,2015-08-25 00:00:00,Chevron,PILOT TRAVEL CENTERS LLC : CHV7460761,1046 SAN DIEGO CA TRM CHEVRON,DIESEL #2,20338,630466,142363,1,38052,1,38052,22830,449209,0,449209,121758,1,w4,22830,0,121758,40676,693513,142363,Available,Available,Low,200%,200,110%,110,100%,100,On Target,Above Trend,Above Trend,08/26 00:00:00 PDT,09/01 00:00:00 PDT,w4,0,2015-08-26 00:00:00,Contract,Contract,Contract,20338,20338,630466,630466,142363,17846,244304,20605,0,0,0,0,0,0,2126529,2126531,2126530,20300,630400,142300,40676,693512,142363,True,True,121758,449209,1,2624,244304,20605,-1,-1,-1,0,1
2015-08-26,2015-08-26 00:00:00,Chevron,PILOT TRAVEL CENTERS LLC : CHV7460761,1046 SAN DIEGO CA TRM CHEVRON,DIESEL #2,20338,630466,142363,1,22836,0,22836,22836,472045,0,472045,22836,1,w5,22836,0,22836,40676,693513,142363,Available,Available,Available,200%,200,110%,110,100%,100,On Target,Above Trend,Above Trend,08/27 00:00:00 PDT,09/01 00:00:00 PDT,w5,0,2015-09-02 00:00:00,Contract,Contract,Contract,20338,20338,630466,630466,142363,17840,221468,119527,0,0,0,0,0,0,2153862,2153864,2153863,20300,630400,142300,40676,693512,142363,True,True,22836,472045,1,17840,221468,119527,-1,-1,-1,0,1
2015-08-27,2015-08-27 00:00:00,Chevron,PILOT TRAVEL CENTERS LLC : CHV7460761,1046 SAN DIEGO CA TRM CHEVRON,DIESEL #2,20338,630466,142363,1,22829,0,22829,22829,494874,0,494874,45665,1,w5,22829,0,45665,40676,693513,142363,Available,Limited,Available,200%,200,110%,110,100%,100,On Target,Above Trend,Above Trend,08/28 00:00:00 PDT,09/01 00:00:00 PDT,w5,0,2015-09-02 00:00:00,Contract,Contract,Contract,20338,20338,630466,630466,142363,17847,198639,96698,0,0,0,0,0,0,2181326,2181328,2181327,20300,630400,142300,40676,693512,142363,True,True,45665,494874,1,17847,198639,96698,-1,-1,-1,0,1
2015-08-28,2015-08-28 00:00:00,Chevron,PILOT TRAVEL CENTERS LLC : CHV7460761,1046 SAN DIEGO CA TRM CHEVRON,DIESEL #2,20338,630466,142363,1,30448,0,30448,30448,525322,0,525322,76113,1,w5,30448,0,76113,40676,693513,142363,Limited,Limited,Available,200%,200,110%,110,100%,100,Above Trend,Above Trend,Above Trend,08/29 00:00:00 PDT,09/01 00:00:00 PDT,w5,0,2015-09-02 00:00:00,Contract,Contract,Contract,20338,20338,630466,461284,142363,10228,168191,66250,0,0,0,0,0,0,2212264,2212266,2212265,20300,630400,142300,40676,693512,142363,True,True,76113,525322,1,10228,168191,66250,-1,-1,-1,0,1
2015-08-29,2015-08-29 00:00:00,Chevron,PILOT TRAVEL CENTERS LLC : CHV7460761,1046 SAN DIEGO CA TRM CHEVRON,DIESEL #2,20338,630466,142363,1,0,0,0,0,525322,0,525322,76113,1,w5,0,0,76113,40676,693513,142363,Available,Limited,Available,200%,200,110%,110,100%,100,Below Trend,Above Trend,Above Trend,08/30 00:00:00 PDT,09/01 00:00:00 PDT,w5,0,2015-09-02 00:00:00,Contract,Contract,Contract,20338,20338,630466,461284,142363,40676,168191,66250,0,0,0,0,0,0,2238904,2238906,2238905,20300,630400,142300,40676,693512,142363,True,True,76113,525322,1,40676,168191,66250,-1,-1,-1,0,1
2015-08-30,2015-08-30 00:00:00,Chevron,PILOT TRAVEL CENTERS LLC : CHV7460761,1046 SAN DIEGO CA TRM CHEVRON,DIESEL #2,20338,630466,142363,1,7603,0,7603,7603,532925,0,532925,83716,1,w5,7603,0,83716,40676,693513,142363,Available,Limited,Available,200%,200,110%,110,100%,100,On Target,On Target,Above Trend,08/31 00:00:00 PDT,09/01 00:00:00 PDT,w5,0,2015-09-02 00:00:00,Contract,Contract,Contract,20338,20338,630466,461284,142363,33073,160588,58647,0,0,0,0,0,0,2265555,2265557,2265556,20300,630400,142300,40676,693512,142363,True,True,83716,532925,1,33073,160588,58647,-1,-1,-1,0,1
2015-08-31,2015-08-31 00:00:00,Chevron,PILOT TRAVEL CENTERS LLC : CHV7460761,1046 SAN DIEGO CA TRM CHEVRON,DIESEL #2,20338,630466,142363,1,22833,0,22833,22833,555758,0,555758,106549,1,w5,22833,0,106549,40676,693513,142363,Available,Low,Limited,200%,200,110%,110,100%,100,Above Trend,Above Trend,Above Trend,09/01 00:00:00 PDT,09/01 00:00:00 PDT,w5,0,2015-09-02 00:00:00,Contract,Contract,Contract,20338,20338,461284,461284,142363,17843,137755,35814,0,0,0,0,0,0,2291209,2291211,2291210,20300,630400,142300,40676,693512,142363,True,True,106549,555758,1,17843,137755,35814,-1,-1,-1,0,1
