,date,supplier_name,account_type,supplier_terminal_name,product_name,base_gallons_Daily,base_gallons_Monthly,base_gallons_Weekly,lifted_gallons_daily_flag,lifted_gallons_daily_modified,Modified_WeeksByLiftedGallons,lifted_gallons_modified_WeeksByLiftedGallons,lifted_gallons_Daily,Lifted_actual_monthly,lifted_gallons_monthly_flag,lifted_gallons_Monthly,Lifted_actual_weekly,lifted_gallons_weekly_flag,WeeksByLiftedGallons,lifted_gallonsWeekly_modified_aposteriori,Modified_LiftedGallonsaposteriori,lifted_gallons_Weekly,beginning_gallons_Daily,beginning_gallons_Monthly,beginning_gallons_Weekly,en_allocation_status_Daily,en_allocation_status_Monthly,en_allocation_status_Weekly,percentage_allocation_Daily,percentage_allocation_Monthly,percentage_allocation_Weekly,alerts_ratability_Daily,alerts_ratability_Monthly,alerts_ratability_Weekly,next_refresh_date_Daily,next_refresh_date_Monthly,Week_switch,Modified_NRD,next_refresh_date_Weekly,en_account_type_Daily,en_account_type_Monthly,en_account_type_Weekly,NRB_Daily,next_refresh_base_gallons_Daily,NRB_Monthly,next_refresh_base_gallons_Monthly,next_refresh_base_gallons_Weekly,staging_id_Daily,staging_id_Monthly,staging_id_Weekly,base_gallons_Daily_Reconciled,base_gallons_Monthly_Reconciled,base_gallons_Weekly_Reconciled,beginning_gallons_Daily_Reconciled,beginning_gallons_Monthly_Reconciled,beginning_gallons_Weekly_Reconciled,sanityWeekly_CumulativeDaily_WeeksByLiftedGallons,sanityWeekly_CumulativeDaily_NextRefreshDate,computedWeekly,computedMonthly,sanityComputedMonthly,sanityMonthly_CumulativeDaily_WeeksByLiftedGallons,sanityMonthly_CumulativeDaily_WeeksByNextRefreshDate
2015-06-01,2015-06-01 00:00:00,Chevron,PILOT TRAVEL CENTERS LLC : CHV7460761,1046 SAN DIEGO CA TRM CHEVRON,DIESEL #2,18095,542837,126662,7,24031,0,-1,-1,-1,7,24031,-1,7,w1,-1,0,24031,36190,597121,126662,-1,-1,-1,100,100,100,-1,-1,-1,-1,-1,w1,1,2015-06-03 00:00:00,-1,-1,-1,18095,-1,542837,-1,-1,-1,-1,-1,36190,597121,126662,18095,542837,126662,True,True,24031,0,0,0,1
2015-06-02,2015-06-02 00:00:00,Chevron,PILOT TRAVEL CENTERS LLC : CHV7460761,1046 SAN DIEGO CA TRM CHEVRON,DIESEL #2,18095,542837,126662,1,0,0,0,0,24031,0,24031,108911,1,w1,0,0,24031,36190,597121,126662,Available,Available,Low,200,110,100,Below Trend,Above Trend,Above Trend,06/03 00:00:00 PDT,07/01 00:00:00 PDT,w1,0,2015-06-03 00:00:00,Contract,Contract,Contract,18095,18095,542837,542837,126662,157,159,158,18095,542837,126662,36190,597121,126662,False,True,24031,0,0,0,1
2015-06-03,2015-06-03 00:00:00,Chevron,PILOT TRAVEL CENTERS LLC : CHV7460761,1046 SAN DIEGO CA TRM CHEVRON,DIESEL #2,18095,542837,126662,1,22834,0,0,0,46865,0,46865,0,1,w2,0,0,22834,36190,597121,126662,Available,Available,Available,200,110,100,Below Trend,Above Trend,Below Trend,06/04 00:00:00 PDT,07/01 00:00:00 PDT,w2,0,2015-06-10 00:00:00,Contract,Contract,Contract,18095,18095,542837,542837,126662,6155,6157,6156,18095,542837,126662,36190,597121,126662,True,True,0,0,0,0,1
2015-06-04,2015-06-04 00:00:00,Chevron,PILOT TRAVEL CENTERS LLC : CHV7460761,1046 SAN DIEGO CA TRM CHEVRON,DIESEL #2,18095,542837,126662,1,22834,1,22834,0,69699,0,69699,22834,1,w2,0,0,45668,36190,597121,126662,Available,Available,Available,200,110,100,Below Trend,Above Trend,Above Trend,06/05 00:00:00 PDT,07/01 00:00:00 PDT,w2,0,2015-06-10 00:00:00,Contract,Contract,Contract,18095,18095,542837,542837,126662,8900,8902,8901,18095,542837,126662,36190,597121,126662,True,True,0,0,0,0,1
2015-06-05,2015-06-05 00:00:00,Chevron,PILOT TRAVEL CENTERS LLC : CHV7460761,1046 SAN DIEGO CA TRM CHEVRON,DIESEL #2,18095,542837,126662,1,22832,1,22832,0,92531,0,92531,45666,1,w2,0,0,68500,36190,597121,126662,Available,Available,Available,200,110,100,Below Trend,Above Trend,Above Trend,06/06 00:00:00 PDT,07/01 00:00:00 PDT,w2,0,2015-06-10 00:00:00,Contract,Contract,Contract,18095,18095,542837,542837,126662,12795,12797,12796,18095,542837,126662,36190,597121,126662,True,True,0,0,0,0,1
2015-06-06,2015-06-06 00:00:00,Chevron,PILOT TRAVEL CENTERS LLC : CHV7460761,1046 SAN DIEGO CA TRM CHEVRON,DIESEL #2,18095,542837,126662,0,-1,0,-1,-1,-1,0,-1,-1,0,w3,-1,0,-1,36190,597121,126662,-1,-1,-1,100,100,100,-1,-1,-1,-1,-1,w2,1,2015-06-10 00:00:00,-1,-1,-1,18095,-1,542837,-1,-1,-1,-1,-1,36190,597121,126662,18095,542837,126662,True,False,0,0,0,0,0
2015-06-07,2015-06-07 00:00:00,Chevron,PILOT TRAVEL CENTERS LLC : CHV7460761,1046 SAN DIEGO CA TRM CHEVRON,DIESEL #2,18095,542837,126662,0,-1,0,-1,-1,-1,0,-1,-1,0,w3,-1,0,-1,36190,597121,126662,-1,-1,-1,100,100,100,-1,-1,-1,-1,-1,w2,1,2015-06-10 00:00:00,-1,-1,-1,18095,-1,542837,-1,-1,-1,-1,-1,36190,597121,126662,18095,542837,126662,False,False,0,0,0,0,0
2015-06-08,2015-06-08 00:00:00,Chevron,PILOT TRAVEL CENTERS LLC : CHV7460761,1046 SAN DIEGO CA TRM CHEVRON,DIESEL #2,18095,542837,126662,0,7603,0,7603,7603,107745,0,107745,60880,0,w3,7603,0,60880,36190,597121,126662,Available,Available,Available,200,110,100,On Target,On Target,On Target,06/08 00:00:00 PDT,07/01 00:00:00 PDT,w2,0,2015-06-10 00:00:00,Contract,Contract,Contract,18095,18095,542837,542837,126662,15095,15097,15096,18095,542837,126662,36190,597121,126662,False,False,0,0,0,0,0
2015-06-09,2015-06-09 00:00:00,Chevron,PILOT TRAVEL CENTERS LLC : CHV7460761,1046 SAN DIEGO CA TRM CHEVRON,DIESEL #2,18095,542837,126662,2,15219,0,-1,-1,-1,2,122964,-1,2,w4,-1,0,76099,36190,597121,126662,-1,-1,-1,100,100,100,-1,-1,-1,-1,-1,w2,1,2015-06-10 00:00:00,-1,-1,-1,18095,-1,542837,-1,-1,-1,-1,-1,36190,597121,126662,18095,542837,126662,True,False,0,0,0,0,0
2015-06-10,2015-06-10 00:00:00,Chevron,PILOT TRAVEL CENTERS LLC : CHV7460761,1046 SAN DIEGO CA TRM CHEVRON,DIESEL #2,18095,542837,126662,1,22834,0,22834,22834,145798,0,145798,98933,1,w4,22834,0,98933,36190,597121,126662,Limited,Available,Limited,200,110,100,On Target,Above Trend,On Target,06/10 00:00:00 PDT,07/01 00:00:00 PDT,w2,0,2015-06-10 00:00:00,Contract,Contract,Contract,18095,18095,542837,542837,126662,20708,20710,20709,18095,542837,126662,36190,597121,126662,False,False,0,0,0,0,0
2015-06-11,2015-06-11 00:00:00,Chevron,PILOT TRAVEL CENTERS LLC : CHV7460761,1046 SAN DIEGO CA TRM CHEVRON,DIESEL #2,18095,542837,126662,1,22838,1,22838,0,168636,0,168636,22838,1,w5,0,0,22838,36190,597121,126662,Available,Available,Available,200,110,100,Below Trend,Above Trend,Above Trend,06/12 00:00:00 PDT,07/01 00:00:00 PDT,w3,0,2015-06-17 00:00:00,Contract,Contract,Contract,18095,18095,542837,542837,126662,23610,23612,23611,18095,542837,126662,36190,597121,126662,True,True,22838,0,0,0,0
2015-06-12,2015-06-12 00:00:00,Chevron,PILOT TRAVEL CENTERS LLC : CHV7460761,1046 SAN DIEGO CA TRM CHEVRON,DIESEL #2,18095,542837,126662,2,53239,0,-1,-1,-1,2,221875,-1,2,w6,-1,0,76077,36190,597121,126662,-1,-1,-1,100,100,100,-1,-1,-1,-1,-1,w3,1,2015-06-17 00:00:00,-1,-1,-1,18095,-1,542837,-1,-1,-1,-1,-1,36190,597121,126662,18095,542837,126662,True,True,76077,0,0,0,0
2015-06-13,2015-06-13 00:00:00,Chevron,PILOT TRAVEL CENTERS LLC : CHV7460761,1046 SAN DIEGO CA TRM CHEVRON,DIESEL #2,18095,542837,126662,1,7607,0,7607,7607,229482,0,229482,83684,1,w6,7607,0,83684,36190,597121,126662,Available,Available,Limited,200,110,100,On Target,Above Trend,Above Trend,06/14 00:00:00 PDT,07/01 00:00:00 PDT,w3,0,2015-06-17 00:00:00,Contract,Contract,Contract,18095,18095,542837,542837,126662,51197,51199,51198,18095,542837,126662,36190,597121,126662,False,True,83684,0,0,0,0
2015-06-14,2015-06-14 00:00:00,Chevron,PILOT TRAVEL CENTERS LLC : CHV7460761,1046 SAN DIEGO CA TRM CHEVRON,DIESEL #2,18095,542837,126662,1,7702,0,7702,7702,237184,0,237184,91386,1,w6,7702,0,91386,36190,597121,126662,Available,Available,Limited,200,110,100,On Target,Above Trend,Above Trend,06/15 00:00:00 PDT,07/01 00:00:00 PDT,w3,0,2015-06-17 00:00:00,Contract,Contract,Contract,18095,18095,542837,542837,126662,70981,70983,70982,18095,542837,126662,36190,597121,126662,False,True,91386,0,0,0,0
2015-06-15,2015-06-15 00:00:00,Chevron,PILOT TRAVEL CENTERS LLC : CHV7460761,1046 SAN DIEGO CA TRM CHEVRON,DIESEL #2,18095,542837,126662,1,22832,0,22832,22832,260016,0,260016,114218,1,w6,22832,0,114218,36190,597121,126662,Limited,Available,Low,200,110,100,On Target,Above Trend,Above Trend,06/16 00:00:00 PDT,07/01 00:00:00 PDT,w3,0,2015-06-17 00:00:00,Contract,Contract,Contract,18095,18095,542837,542837,126662,101508,101510,101509,18095,542837,126662,36190,597121,126662,False,True,114218,0,0,0,0
2015-06-16,2015-06-16 00:00:00,Chevron,PILOT TRAVEL CENTERS LLC : CHV7460761,1046 SAN DIEGO CA TRM CHEVRON,DIESEL #2,18095,542837,126662,1,15621,0,15621,15621,275637,0,275637,129839,1,w6,15621,0,129839,36190,597121,126662,Available,Available,Out,200,110,100,On Target,Above Trend,Above Trend,06/17 00:00:00 PDT,07/01 00:00:00 PDT,w3,0,2015-06-17 00:00:00,Contract,Contract,Contract,18095,18095,542837,542837,126662,123819,123821,123820,18095,542837,126662,36190,597121,126662,False,True,129839,0,0,0,0
2015-06-17,2015-06-17 00:00:00,Chevron,PILOT TRAVEL CENTERS LLC : CHV7460761,1046 SAN DIEGO CA TRM CHEVRON,DIESEL #2,18095,542837,126662,1,31244,0,31244,31244,306881,0,306881,31244,1,w7,31244,0,31244,36190,597121,126662,Low,Limited,Available,200,110,100,Above Trend,Above Trend,Above Trend,06/18 00:00:00 PDT,07/01 00:00:00 PDT,w4,0,2015-06-24 00:00:00,Contract,Contract,Contract,18095,18095,542837,542837,126662,142426,142428,142427,18095,542837,126662,36190,597121,126662,True,True,31244,0,0,0,0
2015-06-18,2015-06-18 00:00:00,Chevron,PILOT TRAVEL CENTERS LLC : CHV7460761,1046 SAN DIEGO CA TRM CHEVRON,DIESEL #2,18095,542837,126662,1,23432,0,23432,23432,330313,0,330313,54676,1,w7,23432,0,54676,36190,597121,126662,Limited,Limited,Available,200,110,100,On Target,Above Trend,Above Trend,06/19 00:00:00 PDT,07/01 00:00:00 PDT,w4,0,2015-06-24 00:00:00,Contract,Contract,Contract,18095,18095,542837,542837,126662,161193,161195,161194,18095,542837,126662,36190,597121,126662,True,True,54676,0,0,0,0
2015-06-19,2015-06-19 00:00:00,Chevron,PILOT TRAVEL CENTERS LLC : CHV7460761,1046 SAN DIEGO CA TRM CHEVRON,DIESEL #2,18095,542837,126662,1,23429,0,23429,23429,353742,0,353742,78105,1,w7,23429,0,78105,36190,597121,126662,Limited,Limited,Limited,200,110,100,Above Trend,Above Trend,Above Trend,06/20 00:00:00 PDT,07/01 00:00:00 PDT,w4,0,2015-06-24 00:00:00,Contract,Contract,Contract,18095,18095,542837,542837,126662,174442,174444,174443,18095,542837,126662,36190,597121,126662,True,True,78105,0,0,0,0
2015-06-20,2015-06-20 00:00:00,Chevron,PILOT TRAVEL CENTERS LLC : CHV7460761,1046 SAN DIEGO CA TRM CHEVRON,DIESEL #2,18095,542837,126662,1,7603,0,7603,7603,361345,0,361345,85708,1,w7,7603,0,85708,36190,597121,126662,Available,Limited,Limited,200,110,100,On Target,Above Trend,Above Trend,06/21 00:00:00 PDT,07/01 00:00:00 PDT,w4,0,2015-06-24 00:00:00,Contract,Contract,Contract,18095,18095,542837,542837,126662,191070,191072,191071,18095,542837,126662,36190,597121,126662,True,True,85708,0,0,0,0
2015-06-21,2015-06-21 00:00:00,Chevron,PILOT TRAVEL CENTERS LLC : CHV7460761,1046 SAN DIEGO CA TRM CHEVRON,DIESEL #2,18095,542837,126662,1,7601,0,7601,7601,368946,0,368946,93309,1,w7,7601,0,93309,36190,597121,126662,Available,Limited,Limited,200,110,100,On Target,Above Trend,Above Trend,06/22 00:00:00 PDT,07/01 00:00:00 PDT,w4,0,2015-06-24 00:00:00,Contract,Contract,Contract,18095,18095,542837,542837,126662,217412,217414,217413,18095,542837,126662,36190,597121,126662,True,True,93309,0,0,0,0
2015-06-22,2015-06-22 00:00:00,Chevron,PILOT TRAVEL CENTERS LLC : CHV7460761,1046 SAN DIEGO CA TRM CHEVRON,DIESEL #2,18095,542837,126662,1,23432,0,23432,23432,392378,0,392378,116741,1,w7,23432,0,116741,36190,597121,126662,Limited,Limited,Low,200,110,100,On Target,Above Trend,Above Trend,06/23 00:00:00 PDT,07/01 00:00:00 PDT,w4,0,2015-06-24 00:00:00,Contract,Contract,Contract,18095,18095,542837,542837,126662,239401,239403,239402,18095,542837,126662,36190,597121,126662,True,True,116741,0,0,0,0
2015-06-23,2015-06-23 00:00:00,Chevron,PILOT TRAVEL CENTERS LLC : CHV7460761,1046 SAN DIEGO CA TRM CHEVRON,DIESEL #2,18095,542837,126662,1,15621,0,15621,15621,407999,0,407999,132362,1,w7,15621,0,132362,36190,597121,126662,Available,Limited,Out,200,110,100,On Target,Above Trend,Above Trend,06/24 00:00:00 PDT,07/01 00:00:00 PDT,w4,0,2015-06-24 00:00:00,Contract,Contract,Contract,18095,18095,542837,542837,126662,276888,276890,276889,18095,542837,126662,36190,597121,126662,True,True,132362,0,0,0,0
2015-06-24,2015-06-24 00:00:00,Chevron,PILOT TRAVEL CENTERS LLC : CHV7460761,1046 SAN DIEGO CA TRM CHEVRON,DIESEL #2,18095,542837,126662,1,23436,0,23436,23436,431435,0,431435,23436,1,w8,23436,0,23436,36190,597121,126662,Limited,Limited,Available,200,110,100,On Target,Above Trend,Above Trend,06/25 00:00:00 PDT,07/01 00:00:00 PDT,w5,0,2015-07-01 00:00:00,Contract,Contract,Contract,18095,18095,542837,542837,126662,307090,307092,307091,18095,542837,126662,36190,597121,126662,True,True,23436,0,0,0,0
2015-06-25,2015-06-25 00:00:00,Chevron,PILOT TRAVEL CENTERS LLC : CHV7460761,1046 SAN DIEGO CA TRM CHEVRON,DIESEL #2,18095,542837,126662,1,23436,0,23436,23436,454871,0,454871,46872,1,w8,23436,0,46872,36190,597121,126662,Limited,Limited,Available,200,110,100,On Target,Above Trend,Above Trend,06/26 00:00:00 PDT,07/01 00:00:00 PDT,w5,0,2015-07-01 00:00:00,Contract,Contract,Contract,18095,18095,542837,542837,126662,338801,338803,338802,18095,542837,126662,36190,597121,126662,True,True,46872,0,0,0,0
2015-06-26,2015-06-26 00:00:00,Chevron,PILOT TRAVEL CENTERS LLC : CHV7460761,1046 SAN DIEGO CA TRM CHEVRON,DIESEL #2,18095,542837,126662,1,31034,0,31034,31034,485905,0,485905,77906,1,w8,31034,0,77906,36190,597121,126662,Low,Low,Limited,200,110,100,Above Trend,Above Trend,Above Trend,06/27 00:00:00 PDT,07/01 00:00:00 PDT,w5,0,2015-07-01 00:00:00,Contract,Contract,Contract,18095,18095,542837,652730,126662,369140,369142,369141,18095,542837,126662,36190,597121,126662,True,True,77906,0,0,0,0
2015-06-27,2015-06-27 00:00:00,Chevron,PILOT TRAVEL CENTERS LLC : CHV7460761,1046 SAN DIEGO CA TRM CHEVRON,DIESEL #2,18095,542837,126662,1,15202,0,15202,15202,501107,0,501107,93108,1,w8,15202,0,93108,36190,597121,126662,Available,Low,Limited,200,110,100,On Target,Above Trend,Above Trend,06/28 00:00:00 PDT,07/01 00:00:00 PDT,w5,0,2015-07-01 00:00:00,Contract,Contract,Contract,18095,18095,542837,652730,126662,396222,396224,396223,18095,542837,126662,36190,597121,126662,True,True,93108,0,0,0,0
2015-06-28,2015-06-28 00:00:00,Chevron,PILOT TRAVEL CENTERS LLC : CHV7460761,1046 SAN DIEGO CA TRM CHEVRON,DIESEL #2,18095,542837,126662,1,0,0,0,0,501107,0,501107,93108,1,w8,0,0,93108,36190,597121,126662,Available,Low,Limited,200,110,100,Below Trend,Above Trend,Above Trend,06/29 00:00:00 PDT,07/01 00:00:00 PDT,w5,0,2015-07-01 00:00:00,Contract,Contract,Contract,18095,18095,542837,652730,126662,419148,419150,419149,18095,542837,126662,36190,597121,126662,True,True,93108,0,0,0,0
2015-06-29,2015-06-29 00:00:00,Chevron,PILOT TRAVEL CENTERS LLC : CHV7460761,1046 SAN DIEGO CA TRM CHEVRON,DIESEL #2,18095,542837,126662,1,23433,0,23433,23433,524540,0,524540,116541,1,w8,23433,0,116541,36190,597121,126662,Limited,Low,Low,200,110,100,On Target,Above Trend,Above Trend,06/30 00:00:00 PDT,07/01 00:00:00 PDT,w5,0,2015-07-01 00:00:00,Contract,Contract,Contract,18095,18095,542837,652730,126662,449963,449965,449964,18095,542837,126662,36190,597121,126662,True,True,116541,0,0,0,0
2015-06-30,2015-06-30 00:00:00,Chevron,PILOT TRAVEL CENTERS LLC : CHV7460761,1046 SAN DIEGO CA TRM CHEVRON,DIESEL #2,18095,542837,126662,1,15624,0,15624,15624,540164,0,540164,132165,1,w8,15624,0,132165,36190,597121,126662,Available,Low,Out,200,110,100,On Target,Above Trend,Above Trend,07/01 00:00:00 PDT,07/01 00:00:00 PDT,w5,0,2015-07-01 00:00:00,Contract,Contract,Contract,18095,18095,652730,652730,126662,476628,476630,476629,18095,542837,126662,36190,597121,126662,True,True,132165,0,0,0,0
