,date,supplier_name,account_type,supplier_terminal_name,product_name,base_gallons_Daily,base_gallons_Monthly,base_gallons_Weekly,lifted_gallons_daily_flag,lifted_gallons_daily_modified,Modified_WeeksByLiftedGallons,lifted_gallons_modified_WeeksByLiftedGallons,lifted_gallons_Daily,Lifted_actual_monthly,lifted_gallons_monthly_flag,lifted_gallons_Monthly,Lifted_actual_weekly,lifted_gallons_weekly_flag,WeeksByLiftedGallons,lifted_gallonsWeekly_modified_aposteriori,Modified_LiftedGallonsaposteriori,lifted_gallons_Weekly,beginning_gallons_Daily,beginning_gallons_Monthly,beginning_gallons_Weekly,en_allocation_status_Daily,en_allocation_status_Monthly,en_allocation_status_Weekly,percentage_allocation_Daily,percentage_allocation_Monthly,percentage_allocation_Weekly,alerts_ratability_Daily,alerts_ratability_Monthly,alerts_ratability_Weekly,next_refresh_date_Daily,next_refresh_date_Monthly,Week_switch,Modified_NRD,next_refresh_date_Weekly,en_account_type_Daily,en_account_type_Monthly,en_account_type_Weekly,NRB_Daily,next_refresh_base_gallons_Daily,NRB_Monthly,next_refresh_base_gallons_Monthly,next_refresh_base_gallons_Weekly,staging_id_Daily,staging_id_Monthly,staging_id_Weekly,base_gallons_Daily_Reconciled,base_gallons_Monthly_Reconciled,base_gallons_Weekly_Reconciled,beginning_gallons_Daily_Reconciled,beginning_gallons_Monthly_Reconciled,beginning_gallons_Weekly_Reconciled,sanityWeekly_CumulativeDaily_WeeksByLiftedGallons,sanityWeekly_CumulativeDaily_NextRefreshDate,computedWeekly,computedMonthly,sanityComputedMonthly,sanityMonthly_CumulativeDaily_WeeksByLiftedGallons,sanityMonthly_CumulativeDaily_WeeksByNextRefreshDate
2015-06-01,2015-06-01 00:00:00,Chevron,PILOT TRAVEL CENTERS LLC : CHV7460761,3351 PHOENIX AZ TRM KINDER MORGAN,DIESEL #2,14333,430000,100333,7,28800,0,-1,-1,-1,7,28800,-1,7,w1,-1,0,28800,28666,473000,125416,-1,-1,-1,100,100,100,-1,-1,-1,-1,-1,w1,1,2015-06-03 00:00:00,-1,-1,-1,14333,-1,430000,-1,-1,-1,-1,-1,28666,473000,125416,14333,430000,100333,True,True,28800,0,0,0,1
2015-06-02,2015-06-02 00:00:00,Chevron,PILOT TRAVEL CENTERS LLC : CHV7460761,3351 PHOENIX AZ TRM KINDER MORGAN,DIESEL #2,14333,430000,100333,1,0,0,0,0,28800,0,28800,123989,1,w1,0,0,28800,28666,473000,125416,Available,Available,Low,200,110,125,Below Trend,Above Trend,Above Trend,06/03 00:00:00 MDT,07/01 00:00:00 MDT,w1,0,2015-06-03 00:00:00,Contract,Contract,Contract,14333,14333,430000,430000,100333,205,207,206,14333,430000,100333,28666,473000,125416,False,True,28800,0,0,0,1
2015-06-03,2015-06-03 00:00:00,Chevron,PILOT TRAVEL CENTERS LLC : CHV7460761,3351 PHOENIX AZ TRM KINDER MORGAN,DIESEL #2,14333,430000,100333,1,7300,0,0,0,36100,0,36100,0,1,w2,0,0,7300,28666,473000,125416,Available,Available,Available,200,110,125,Below Trend,Above Trend,Below Trend,06/04 00:00:00 MDT,07/01 00:00:00 MDT,w2,0,2015-06-10 00:00:00,Contract,Contract,Contract,14333,14333,430000,430000,100333,6203,6205,6204,14333,430000,100333,28666,473000,125416,True,True,0,0,0,0,1
2015-06-04,2015-06-04 00:00:00,Chevron,PILOT TRAVEL CENTERS LLC : CHV7460761,3351 PHOENIX AZ TRM KINDER MORGAN,DIESEL #2,14333,430000,100333,1,29000,1,29000,0,65100,0,65100,29000,1,w2,0,0,36300,28666,473000,125416,Available,Available,Available,200,110,125,Below Trend,Above Trend,Above Trend,06/05 00:00:00 MDT,07/01 00:00:00 MDT,w2,0,2015-06-10 00:00:00,Contract,Contract,Contract,14333,14333,430000,430000,100333,8948,8950,8949,14333,430000,100333,28666,473000,125416,True,True,0,0,0,0,1
2015-06-05,2015-06-05 00:00:00,Chevron,PILOT TRAVEL CENTERS LLC : CHV7460761,3351 PHOENIX AZ TRM KINDER MORGAN,DIESEL #2,14333,430000,100333,1,17900,1,17900,0,83000,0,83000,46900,1,w2,0,0,54200,28666,473000,125416,Available,Available,Available,200,110,125,Below Trend,Above Trend,Above Trend,06/06 00:00:00 MDT,07/01 00:00:00 MDT,w2,0,2015-06-10 00:00:00,Contract,Contract,Contract,14333,14333,430000,430000,100333,12843,12845,12844,14333,430000,100333,28666,473000,125416,True,True,0,0,0,0,1
2015-06-06,2015-06-06 00:00:00,Chevron,PILOT TRAVEL CENTERS LLC : CHV7460761,3351 PHOENIX AZ TRM KINDER MORGAN,DIESEL #2,14333,430000,100333,0,-1,0,-1,-1,-1,0,-1,-1,0,w3,-1,0,-1,28666,473000,125416,-1,-1,-1,100,100,100,-1,-1,-1,-1,-1,w2,1,2015-06-10 00:00:00,-1,-1,-1,14333,-1,430000,-1,-1,-1,-1,-1,28666,473000,125416,14333,430000,100333,True,False,0,0,0,0,0
2015-06-07,2015-06-07 00:00:00,Chevron,PILOT TRAVEL CENTERS LLC : CHV7460761,3351 PHOENIX AZ TRM KINDER MORGAN,DIESEL #2,14333,430000,100333,0,-1,0,-1,-1,-1,0,-1,-1,0,w3,-1,0,-1,28666,473000,125416,-1,-1,-1,100,100,100,-1,-1,-1,-1,-1,w2,1,2015-06-10 00:00:00,-1,-1,-1,14333,-1,430000,-1,-1,-1,-1,-1,28666,473000,125416,14333,430000,100333,False,False,0,0,0,0,0
2015-06-08,2015-06-08 00:00:00,Chevron,PILOT TRAVEL CENTERS LLC : CHV7460761,3351 PHOENIX AZ TRM KINDER MORGAN,DIESEL #2,14333,430000,100333,0,7500,0,7500,7500,115701,0,115701,79601,0,w3,7500,0,79601,28666,473000,125416,Available,Available,Limited,200,110,125,On Target,Above Trend,Above Trend,06/08 00:00:00 MDT,07/01 00:00:00 MDT,w2,0,2015-06-10 00:00:00,Contract,Contract,Contract,14333,14333,430000,430000,100333,15143,15145,15144,14333,430000,100333,28666,473000,125416,False,False,0,0,0,0,0
2015-06-09,2015-06-09 00:00:00,Chevron,PILOT TRAVEL CENTERS LLC : CHV7460761,3351 PHOENIX AZ TRM KINDER MORGAN,DIESEL #2,14333,430000,100333,2,27165,0,-1,-1,-1,2,142866,-1,2,w4,-1,0,106766,28666,473000,125416,-1,-1,-1,100,100,100,-1,-1,-1,-1,-1,w2,1,2015-06-10 00:00:00,-1,-1,-1,14333,-1,430000,-1,-1,-1,-1,-1,28666,473000,125416,14333,430000,100333,True,False,0,0,0,0,0
2015-06-10,2015-06-10 00:00:00,Chevron,PILOT TRAVEL CENTERS LLC : CHV7460761,3351 PHOENIX AZ TRM KINDER MORGAN,DIESEL #2,14333,430000,100333,1,22425,0,22425,22425,165291,0,165291,129191,1,w4,22425,0,129191,28666,473000,125416,Limited,Available,Out,200,110,125,Above Trend,Above Trend,Above Trend,06/10 00:00:00 MDT,07/01 00:00:00 MDT,w2,0,2015-06-10 00:00:00,Contract,Contract,Contract,14333,14333,430000,430000,100333,20756,20758,20757,14333,430000,100333,28666,473000,125416,False,False,0,0,0,0,0
2015-06-11,2015-06-11 00:00:00,Chevron,PILOT TRAVEL CENTERS LLC : CHV7460761,3351 PHOENIX AZ TRM KINDER MORGAN,DIESEL #2,14333,430000,100333,1,7500,1,7500,0,172791,0,172791,7500,1,w5,0,0,7500,28666,473000,125416,Available,Available,Available,200,110,125,Below Trend,Above Trend,On Target,06/12 00:00:00 MDT,07/01 00:00:00 MDT,w3,0,2015-06-17 00:00:00,Contract,Contract,Contract,14333,14333,430000,430000,100333,23658,23660,23659,14333,430000,100333,28666,473000,125416,True,True,7500,0,0,0,0
2015-06-12,2015-06-12 00:00:00,Chevron,PILOT TRAVEL CENTERS LLC : CHV7460761,3351 PHOENIX AZ TRM KINDER MORGAN,DIESEL #2,14333,430000,100333,2,58558,0,-1,-1,-1,2,231349,-1,2,w6,-1,0,66058,28666,473000,125416,-1,-1,-1,100,100,100,-1,-1,-1,-1,-1,w3,1,2015-06-17 00:00:00,-1,-1,-1,14333,-1,430000,-1,-1,-1,-1,-1,28666,473000,125416,14333,430000,100333,True,True,66058,0,0,0,0
2015-06-13,2015-06-13 00:00:00,Chevron,PILOT TRAVEL CENTERS LLC : CHV7460761,3351 PHOENIX AZ TRM KINDER MORGAN,DIESEL #2,14333,430000,100333,1,0,0,0,0,231349,0,231349,66058,1,w6,0,0,66058,28666,473000,125416,Available,Available,Limited,200,110,125,Below Trend,Above Trend,Above Trend,06/14 00:00:00 MDT,07/01 00:00:00 MDT,w3,0,2015-06-17 00:00:00,Contract,Contract,Contract,14333,14333,430000,430000,100333,51245,51247,51246,14333,430000,100333,28666,473000,125416,False,True,66058,0,0,0,0
2015-06-14,2015-06-14 00:00:00,Chevron,PILOT TRAVEL CENTERS LLC : CHV7460761,3351 PHOENIX AZ TRM KINDER MORGAN,DIESEL #2,14333,430000,100333,1,4900,0,4900,4900,236249,0,236249,70958,1,w6,4900,0,70958,28666,473000,125416,Available,Available,Limited,200,110,125,Below Trend,Above Trend,Above Trend,06/15 00:00:00 MDT,07/01 00:00:00 MDT,w3,0,2015-06-17 00:00:00,Contract,Contract,Contract,14333,14333,430000,430000,100333,71029,71031,71030,14333,430000,100333,28666,473000,125416,False,True,70958,0,0,0,0
2015-06-15,2015-06-15 00:00:00,Chevron,PILOT TRAVEL CENTERS LLC : CHV7460761,3351 PHOENIX AZ TRM KINDER MORGAN,DIESEL #2,14333,430000,100333,1,5250,0,5250,5250,241499,0,241499,76208,1,w6,5250,0,76208,28666,473000,125416,Available,Limited,Limited,200,110,125,On Target,Above Trend,On Target,06/16 00:00:00 MDT,07/01 00:00:00 MDT,w3,0,2015-06-17 00:00:00,Contract,Contract,Contract,14333,14333,430000,430000,100333,101556,101558,101557,14333,430000,100333,28666,473000,125416,False,True,76208,0,0,0,0
2015-06-16,2015-06-16 00:00:00,Chevron,PILOT TRAVEL CENTERS LLC : CHV7460761,3351 PHOENIX AZ TRM KINDER MORGAN,DIESEL #2,14333,430000,100333,1,34902,0,34902,34902,276401,0,276401,111110,1,w6,34902,0,111110,28666,473000,125416,Out,Limited,Low,200,110,125,Above Trend,Above Trend,Above Trend,06/17 00:00:00 MDT,07/01 00:00:00 MDT,w3,0,2015-06-17 00:00:00,Contract,Contract,Contract,14333,14333,430000,430000,100333,123867,123869,123868,14333,430000,100333,28666,473000,125416,False,True,111110,0,0,0,0
2015-06-17,2015-06-17 00:00:00,Chevron,PILOT TRAVEL CENTERS LLC : CHV7460761,3351 PHOENIX AZ TRM KINDER MORGAN,DIESEL #2,14333,430000,100333,1,37410,0,37410,37410,313811,0,313811,37410,1,w7,37410,0,37410,28666,473000,125416,Out,Limited,Available,200,110,125,Above Trend,Above Trend,Above Trend,06/18 00:00:00 MDT,07/01 00:00:00 MDT,w4,0,2015-06-24 00:00:00,Contract,Contract,Contract,14333,14333,430000,430000,100333,142474,142476,142475,14333,430000,100333,28666,473000,125416,True,True,37410,0,0,0,0
2015-06-18,2015-06-18 00:00:00,Chevron,PILOT TRAVEL CENTERS LLC : CHV7460761,3351 PHOENIX AZ TRM KINDER MORGAN,DIESEL #2,14333,430000,100333,1,7500,0,7500,7500,321311,0,321311,44910,1,w7,7500,0,44910,28666,473000,125416,Limited,Limited,Available,200,110,125,On Target,Above Trend,Above Trend,06/19 00:00:00 MDT,07/01 00:00:00 MDT,w4,0,2015-06-24 00:00:00,Contract,Contract,Contract,14333,14333,430000,430000,100333,161241,161243,161242,14333,430000,100333,28666,473000,125416,True,True,44910,0,0,0,0
2015-06-19,2015-06-19 00:00:00,Chevron,PILOT TRAVEL CENTERS LLC : CHV7460761,3351 PHOENIX AZ TRM KINDER MORGAN,DIESEL #2,14333,430000,100333,1,28950,0,28950,28950,350261,0,350261,73860,1,w7,28950,0,73860,28666,473000,125416,Out,Limited,Limited,200,110,125,Above Trend,Above Trend,Above Trend,06/20 00:00:00 MDT,07/01 00:00:00 MDT,w4,0,2015-06-24 00:00:00,Contract,Contract,Contract,14333,14333,430000,430000,100333,174490,174492,174491,14333,430000,100333,28666,473000,125416,True,True,73860,0,0,0,0
2015-06-20,2015-06-20 00:00:00,Chevron,PILOT TRAVEL CENTERS LLC : CHV7460761,3351 PHOENIX AZ TRM KINDER MORGAN,DIESEL #2,14333,430000,100333,1,7500,0,7500,7500,357761,0,357761,81360,1,w7,7500,0,81360,28666,473000,125416,Available,Limited,Limited,200,110,125,On Target,Above Trend,Above Trend,06/21 00:00:00 MDT,07/01 00:00:00 MDT,w4,0,2015-06-24 00:00:00,Contract,Contract,Contract,14333,14333,430000,430000,100333,191118,191120,191119,14333,430000,100333,28666,473000,125416,True,True,81360,0,0,0,0
2015-06-21,2015-06-21 00:00:00,Chevron,PILOT TRAVEL CENTERS LLC : CHV7460761,3351 PHOENIX AZ TRM KINDER MORGAN,DIESEL #2,14333,430000,100333,1,7500,0,7500,7500,365261,0,365261,88860,1,w7,7500,0,88860,28666,473000,125416,Available,Limited,Limited,200,110,125,On Target,Above Trend,Above Trend,06/22 00:00:00 MDT,07/01 00:00:00 MDT,w4,0,2015-06-24 00:00:00,Contract,Contract,Contract,14333,14333,430000,430000,100333,217460,217462,217461,14333,430000,100333,28666,473000,125416,True,True,88860,0,0,0,0
2015-06-22,2015-06-22 00:00:00,Chevron,PILOT TRAVEL CENTERS LLC : CHV7460761,3351 PHOENIX AZ TRM KINDER MORGAN,DIESEL #2,14333,430000,100333,1,15020,0,15020,15020,380281,0,380281,103880,1,w7,15020,0,103880,28666,473000,125416,Limited,Low,Low,200,110,125,On Target,Above Trend,Above Trend,06/23 00:00:00 MDT,07/01 00:00:00 MDT,w4,0,2015-06-24 00:00:00,Contract,Contract,Contract,14333,14333,430000,430000,100333,239449,239451,239450,14333,430000,100333,28666,473000,125416,True,True,103880,0,0,0,0
2015-06-23,2015-06-23 00:00:00,Chevron,PILOT TRAVEL CENTERS LLC : CHV7460761,3351 PHOENIX AZ TRM KINDER MORGAN,DIESEL #2,14333,430000,100333,1,7503,0,7503,7503,387784,0,387784,111383,1,w7,7503,0,111383,28666,473000,125416,Available,Low,Low,200,110,125,On Target,Above Trend,Above Trend,06/24 00:00:00 MDT,07/01 00:00:00 MDT,w4,0,2015-06-24 00:00:00,Contract,Contract,Contract,14333,14333,430000,430000,100333,276936,276938,276937,14333,430000,100333,28666,473000,125416,True,True,111383,0,0,0,0
2015-06-24,2015-06-24 00:00:00,Chevron,PILOT TRAVEL CENTERS LLC : CHV7460761,3351 PHOENIX AZ TRM KINDER MORGAN,DIESEL #2,14333,430000,100333,1,14900,0,14900,14900,402684,0,402684,14900,1,w8,14900,0,14900,28666,473000,125416,Limited,Low,Available,200,110,125,On Target,Above Trend,Above Trend,06/25 00:00:00 MDT,07/01 00:00:00 MDT,w5,0,2015-07-01 00:00:00,Contract,Contract,Contract,14333,14333,430000,430000,100333,307138,307140,307139,14333,430000,100333,28666,473000,125416,True,True,14900,0,0,0,0
2015-06-25,2015-06-25 00:00:00,Chevron,PILOT TRAVEL CENTERS LLC : CHV7460761,3351 PHOENIX AZ TRM KINDER MORGAN,DIESEL #2,14333,430000,100333,1,15075,0,15075,15075,417759,0,417759,29975,1,w8,15075,0,29975,28666,473000,125416,Limited,Low,Available,200,110,125,On Target,Above Trend,Above Trend,06/26 00:00:00 MDT,07/01 00:00:00 MDT,w5,0,2015-07-01 00:00:00,Contract,Contract,Contract,14333,14333,430000,430000,100333,338849,338851,338850,14333,430000,100333,28666,473000,125416,True,True,29975,0,0,0,0
2015-06-26,2015-06-26 00:00:00,Chevron,PILOT TRAVEL CENTERS LLC : CHV7460761,3351 PHOENIX AZ TRM KINDER MORGAN,DIESEL #2,14333,430000,100333,1,20400,0,20400,20400,438159,0,438159,50375,1,w8,20400,0,50375,28666,473000,125416,Limited,Low,Available,200,110,125,On Target,Above Trend,Above Trend,06/27 00:00:00 MDT,07/01 00:00:00 MDT,w5,0,2015-07-01 00:00:00,Contract,Contract,Contract,14333,14333,430000,430000,100333,369188,369190,369189,14333,430000,100333,28666,473000,125416,True,True,50375,0,0,0,0
2015-06-27,2015-06-27 00:00:00,Chevron,PILOT TRAVEL CENTERS LLC : CHV7460761,3351 PHOENIX AZ TRM KINDER MORGAN,DIESEL #2,14333,430000,100333,1,16100,0,16100,16100,454259,0,454259,66475,1,w8,16100,0,66475,28666,473000,125416,Limited,Low,Limited,200,110,125,On Target,Above Trend,Above Trend,06/28 00:00:00 MDT,07/01 00:00:00 MDT,w5,0,2015-07-01 00:00:00,Contract,Contract,Contract,14333,14333,430000,430000,100333,396270,396272,396271,14333,430000,100333,28666,473000,125416,True,True,66475,0,0,0,0
2015-06-28,2015-06-28 00:00:00,Chevron,PILOT TRAVEL CENTERS LLC : CHV7460761,3351 PHOENIX AZ TRM KINDER MORGAN,DIESEL #2,14333,430000,100333,1,3600,0,3600,3600,457859,0,457859,70075,1,w8,3600,0,70075,28666,473000,125416,Available,Low,Limited,200,110,125,Below Trend,Above Trend,On Target,06/29 00:00:00 MDT,07/01 00:00:00 MDT,w5,0,2015-07-01 00:00:00,Contract,Contract,Contract,14333,14333,430000,430000,100333,419196,419198,419197,14333,430000,100333,28666,473000,125416,True,True,70075,0,0,0,0
2015-06-29,2015-06-29 00:00:00,Chevron,PILOT TRAVEL CENTERS LLC : CHV7460761,3351 PHOENIX AZ TRM KINDER MORGAN,DIESEL #2,14333,430000,100333,1,23430,0,23430,23430,481289,0,481289,93505,1,w8,23430,0,93505,28666,473000,125416,Limited,Low,Limited,200,110,125,Above Trend,Above Trend,Above Trend,06/30 00:00:00 MDT,07/01 00:00:00 MDT,w5,0,2015-07-01 00:00:00,Contract,Contract,Contract,14333,14333,430000,430000,100333,450011,450013,450012,14333,430000,100333,28666,473000,125416,True,True,93505,0,0,0,0
2015-06-30,2015-06-30 00:00:00,Chevron,PILOT TRAVEL CENTERS LLC : CHV7460761,3351 PHOENIX AZ TRM KINDER MORGAN,DIESEL #2,14333,430000,100333,1,0,0,0,0,481289,0,481289,93505,1,w8,0,0,93505,28666,473000,125416,Available,Low,Limited,200,110,125,Below Trend,Above Trend,On Target,07/01 00:00:00 MDT,07/01 00:00:00 MDT,w5,0,2015-07-01 00:00:00,Contract,Contract,Contract,14333,14333,430000,430000,100333,476676,476678,476677,14333,430000,100333,28666,473000,125416,True,True,93505,0,0,0,0
