,date,supplier_name,account_type,supplier_terminal_name,product_name,base_gallons_Daily,base_gallons_Monthly,base_gallons_Weekly,lifted_gallons_daily_flag,lifted_gallons_daily_modified,Modified_WeeksByLiftedGallons,lifted_gallons_modified_WeeksByLiftedGallons,lifted_gallons_Daily,Lifted_actual_monthly,lifted_gallons_monthly_flag,lifted_gallons_Monthly,Lifted_actual_weekly,lifted_gallons_weekly_flag,WeeksByLiftedGallons,lifted_gallonsWeekly_modified_aposteriori,Modified_LiftedGallonsaposteriori,lifted_gallons_Weekly,beginning_gallons_Daily,beginning_gallons_Monthly,beginning_gallons_Weekly,en_allocation_status_Daily,en_allocation_status_Monthly,en_allocation_status_Weekly,percentage_allocation_Daily,percentage_allocation_Monthly,percentage_allocation_Weekly,alerts_ratability_Daily,alerts_ratability_Monthly,alerts_ratability_Weekly,next_refresh_date_Daily,next_refresh_date_Monthly,Week_switch,Modified_NRD,next_refresh_date_Weekly,en_account_type_Daily,en_account_type_Monthly,en_account_type_Weekly,NRB_Daily,next_refresh_base_gallons_Daily,NRB_Monthly,next_refresh_base_gallons_Monthly,next_refresh_base_gallons_Weekly,staging_id_Daily,staging_id_Monthly,staging_id_Weekly,base_gallons_Daily_Reconciled,base_gallons_Monthly_Reconciled,base_gallons_Weekly_Reconciled,beginning_gallons_Daily_Reconciled,beginning_gallons_Monthly_Reconciled,beginning_gallons_Weekly_Reconciled,sanityWeekly_CumulativeDaily_WeeksByLiftedGallons,sanityWeekly_CumulativeDaily_NextRefreshDate,computedWeekly,sanityComputedWeekly,computedMonthly,sanityComputedMonthly,sanityMonthly_CumulativeDaily_WeeksByLiftedGallons,sanityMonthly_CumulativeDaily_WeeksByNextRefreshDate
2015-08-01,2015-08-01 00:00:00,Exxon,PILOT TRAVEL CENTERS LLC 103637 WS,BATON ROUGE LA (MOC) - 00CE,Reg CG DS,9677,-1,67742,0,-1,0,-1,-1,-1,0,-1,-1,0,w1,-1,0,-1,14516,-1,94839,-1,-1,-1,100,100,100,-1,-1,-1,-1,-1,w1,1,2015-08-06 00:00:00,-1,-1,-1,9677,-1,-1,-1,-1,-1,-1,-1,14516,-1,94839,9677,-1,67742,True,True,0,0,0,0,1,1
2015-08-02,2015-08-02 00:00:00,Exxon,PILOT TRAVEL CENTERS LLC 103637 WS,BATON ROUGE LA (MOC) - 00CE,Reg CG DS,9677,-1,67742,0,-1,0,-1,-1,-1,0,-1,-1,0,w1,-1,0,-1,14516,-1,94839,-1,-1,-1,100,100,100,-1,-1,-1,-1,-1,w1,1,2015-08-06 00:00:00,-1,-1,-1,9677,-1,-1,-1,-1,-1,-1,-1,14516,-1,94839,9677,-1,67742,False,False,0,0,0,0,0,0
2015-08-03,2015-08-03 00:00:00,Exxon,PILOT TRAVEL CENTERS LLC 103637 WS,BATON ROUGE LA (MOC) - 00CE,Reg CG DS,9677,-1,67742,0,-1,0,-1,-1,-1,0,-1,-1,0,w1,-1,0,-1,14516,-1,94839,-1,-1,-1,100,100,100,-1,-1,-1,-1,-1,w1,1,2015-08-06 00:00:00,-1,-1,-1,9677,-1,-1,-1,-1,-1,-1,-1,14516,-1,94839,9677,-1,67742,False,False,0,0,0,0,0,0
2015-08-04,2015-08-04 00:00:00,Exxon,PILOT TRAVEL CENTERS LLC 103637 WS,BATON ROUGE LA (MOC) - 00CE,Reg CG DS,9677,-1,67742,0,-1,0,-1,-1,-1,0,-1,-1,0,w1,-1,0,-1,14516,-1,94839,-1,-1,-1,100,100,100,-1,-1,-1,-1,-1,w1,1,2015-08-06 00:00:00,-1,-1,-1,9677,-1,-1,-1,-1,-1,-1,-1,14516,-1,94839,9677,-1,67742,False,False,0,0,0,0,0,0
2015-08-05,2015-08-05 00:00:00,Exxon,PILOT TRAVEL CENTERS LLC 103637 WS,BATON ROUGE LA (MOC) - 00CE,Reg CG DS,9677,-1,67742,0,-1,0,-1,-1,-1,0,-1,-1,0,w1,-1,0,-1,14516,-1,94839,-1,-1,-1,100,100,100,-1,-1,-1,-1,-1,w1,1,2015-08-06 00:00:00,-1,-1,-1,9677,-1,-1,-1,-1,-1,-1,-1,14516,-1,94839,9677,-1,67742,False,False,0,0,0,0,0,0
2015-08-06,2015-08-06 00:00:00,Exxon,PILOT TRAVEL CENTERS LLC 103637 WS,BATON ROUGE LA (MOC) - 00CE,Reg CG DS,9677,-1,67742,0,-1,0,-1,-1,-1,0,-1,-1,0,w1,-1,0,-1,14516,-1,94839,-1,-1,-1,100,100,100,-1,-1,-1,-1,-1,w2,1,2015-08-13 00:00:00,-1,-1,-1,9677,-1,-1,-1,-1,-1,-1,-1,14516,-1,94839,9677,-1,67742,False,True,0,0,0,0,0,0
2015-08-07,2015-08-07 00:00:00,Exxon,PILOT TRAVEL CENTERS LLC 103637 WS,BATON ROUGE LA (MOC) - 00CE,Reg CG DS,9677,-1,67742,0,-1,0,-1,-1,-1,0,-1,-1,0,w1,-1,0,-1,14516,-1,94839,-1,-1,-1,100,100,100,-1,-1,-1,-1,-1,w2,1,2015-08-13 00:00:00,-1,-1,-1,9677,-1,-1,-1,-1,-1,-1,-1,14516,-1,94839,9677,-1,67742,False,False,0,0,0,0,0,0
2015-08-08,2015-08-08 00:00:00,Exxon,PILOT TRAVEL CENTERS LLC 103637 WS,BATON ROUGE LA (MOC) - 00CE,Reg CG DS,9677,-1,67742,0,-1,0,-1,-1,-1,0,-1,-1,0,w1,-1,0,-1,14516,-1,94839,-1,-1,-1,100,100,100,-1,-1,-1,-1,-1,w2,1,2015-08-13 00:00:00,-1,-1,-1,9677,-1,-1,-1,-1,-1,-1,-1,14516,-1,94839,9677,-1,67742,False,False,0,0,0,0,0,0
2015-08-09,2015-08-09 00:00:00,Exxon,PILOT TRAVEL CENTERS LLC 103637 WS,BATON ROUGE LA (MOC) - 00CE,Reg CG DS,9677,-1,67742,0,-1,0,-1,-1,-1,0,-1,-1,0,w1,-1,0,-1,14516,-1,94839,-1,-1,-1,100,100,100,-1,-1,-1,-1,-1,w2,1,2015-08-13 00:00:00,-1,-1,-1,9677,-1,-1,-1,-1,-1,-1,-1,14516,-1,94839,9677,-1,67742,False,False,0,0,0,0,0,0
2015-08-10,2015-08-10 00:00:00,Exxon,PILOT TRAVEL CENTERS LLC 103637 WS,BATON ROUGE LA (MOC) - 00CE,Reg CG DS,9677,-1,67742,0,-1,0,-1,-1,-1,0,-1,-1,0,w1,-1,0,-1,14516,-1,94839,-1,-1,-1,100,100,100,-1,-1,-1,-1,-1,w2,1,2015-08-13 00:00:00,-1,-1,-1,9677,-1,-1,-1,-1,-1,-1,-1,14516,-1,94839,9677,-1,67742,False,False,0,0,0,0,0,0
2015-08-11,2015-08-11 00:00:00,Exxon,PILOT TRAVEL CENTERS LLC 103637 WS,BATON ROUGE LA (MOC) - 00CE,Reg CG DS,9677,-1,67742,0,-1,0,-1,-1,-1,0,-1,-1,0,w1,-1,0,-1,14516,-1,94839,-1,-1,-1,100,100,100,-1,-1,-1,-1,-1,w2,1,2015-08-13 00:00:00,-1,-1,-1,9677,-1,-1,-1,-1,-1,-1,-1,14516,-1,94839,9677,-1,67742,False,False,0,0,0,0,0,0
2015-08-12,2015-08-12 00:00:00,Exxon,PILOT TRAVEL CENTERS LLC 103637 WS,BATON ROUGE LA (MOC) - 00CE,Reg CG DS,9677,-1,67742,0,-1,0,-1,-1,-1,0,-1,-1,0,w1,-1,0,-1,14516,-1,94839,-1,-1,-1,100,100,100,-1,-1,-1,-1,-1,w2,1,2015-08-13 00:00:00,-1,-1,-1,9677,-1,-1,-1,-1,-1,-1,-1,14516,-1,94839,9677,-1,67742,False,False,0,0,0,0,0,0
2015-08-13,2015-08-13 00:00:00,Exxon,PILOT TRAVEL CENTERS LLC 103637 WS,BATON ROUGE LA (MOC) - 00CE,Reg CG DS,9677,-1,67742,0,-1,0,-1,-1,-1,0,-1,-1,0,w1,-1,0,-1,14516,-1,94839,-1,-1,-1,100,100,100,-1,-1,-1,-1,-1,w3,1,2015-08-20 00:00:00,-1,-1,-1,9677,-1,-1,-1,-1,-1,-1,-1,14516,-1,94839,9677,-1,67742,False,True,0,0,0,0,0,0
2015-08-14,2015-08-14 00:00:00,Exxon,PILOT TRAVEL CENTERS LLC 103637 WS,BATON ROUGE LA (MOC) - 00CE,Reg CG DS,9677,-1,67742,0,-1,0,-1,-1,-1,0,-1,-1,0,w1,-1,0,-1,14516,-1,94839,-1,-1,-1,100,100,100,-1,-1,-1,-1,-1,w3,1,2015-08-20 00:00:00,-1,-1,-1,9677,-1,-1,-1,-1,-1,-1,-1,14516,-1,94839,9677,-1,67742,False,False,0,0,0,0,0,0
2015-08-15,2015-08-15 00:00:00,Exxon,PILOT TRAVEL CENTERS LLC 103637 WS,BATON ROUGE LA (MOC) - 00CE,Reg CG DS,9677,-1,67742,0,-1,0,-1,-1,-1,0,-1,-1,0,w1,-1,0,-1,14516,-1,94839,-1,-1,-1,100,100,100,-1,-1,-1,-1,-1,w3,1,2015-08-20 00:00:00,-1,-1,-1,9677,-1,-1,-1,-1,-1,-1,-1,14516,-1,94839,9677,-1,67742,False,False,0,0,0,0,0,0
2015-08-16,2015-08-16 00:00:00,Exxon,PILOT TRAVEL CENTERS LLC 103637 WS,BATON ROUGE LA (MOC) - 00CE,Reg CG DS,9677,-1,67742,0,-1,0,-1,-1,-1,0,-1,-1,0,w1,-1,0,-1,14516,-1,94839,-1,-1,-1,100,100,100,-1,-1,-1,-1,-1,w3,1,2015-08-20 00:00:00,-1,-1,-1,9677,-1,-1,-1,-1,-1,-1,-1,14516,-1,94839,9677,-1,67742,False,False,0,0,0,0,0,0
2015-08-17,2015-08-17 00:00:00,Exxon,PILOT TRAVEL CENTERS LLC 103637 WS,BATON ROUGE LA (MOC) - 00CE,Reg CG DS,9677,-1,67742,0,-1,0,-1,-1,-1,0,-1,-1,0,w1,-1,0,-1,14516,-1,94839,-1,-1,-1,100,100,100,-1,-1,-1,-1,-1,w3,1,2015-08-20 00:00:00,-1,-1,-1,9677,-1,-1,-1,-1,-1,-1,-1,14516,-1,94839,9677,-1,67742,False,False,0,0,0,0,0,0
2015-08-18,2015-08-18 00:00:00,Exxon,PILOT TRAVEL CENTERS LLC 103637 WS,BATON ROUGE LA (MOC) - 00CE,Reg CG DS,9677,-1,67742,3,0,0,0,0,-1,0,-1,51316,0,w1,0,0,51316,14516,-1,94839,Available,-1,Available,150,100,140,Below Trend,-1,Below Trend,08/19 00:00:00 CDT,-1,w3,0,2015-08-20 00:00:00,Contract,-1,Contract,9677,9677,-1,-1,67742,1871312,-1,1871313,9677,-1,67742,14516,-1,94839,False,False,0,0,0,0,0,0
2015-08-19,2015-08-19 00:00:00,Exxon,PILOT TRAVEL CENTERS LLC 103637 WS,BATON ROUGE LA (MOC) - 00CE,Reg CG DS,9677,-1,67742,0,0,0,0,0,-1,0,-1,51316,0,w1,0,0,51316,14516,-1,94839,Available,-1,Available,150,100,140,Below Trend,-1,Below Trend,08/20 00:00:00 CDT,-1,w3,0,2015-08-20 00:00:00,Contract,-1,Contract,9677,9677,-1,-1,67742,1903524,-1,1903525,9677,-1,67742,14516,-1,94839,False,False,0,0,0,0,0,0
2015-08-20,2015-08-20 00:00:00,Exxon,PILOT TRAVEL CENTERS LLC 103637 WS,BATON ROUGE LA (MOC) - 00CE,Reg CG DS,9677,-1,67742,3,0,0,0,0,-1,0,-1,0,0,w2,0,0,0,14516,-1,94839,Available,-1,Available,150,100,140,Below Trend,-1,Below Trend,08/21 00:00:00 CDT,-1,w4,0,2015-08-27 00:00:00,Contract,-1,Contract,9677,9677,-1,-1,67742,1946127,-1,1946128,9677,-1,67742,14516,-1,94839,True,True,0,True,0,0,0,0
2015-08-21,2015-08-21 00:00:00,Exxon,PILOT TRAVEL CENTERS LLC 103637 WS,BATON ROUGE LA (MOC) - 00CE,Reg CG DS,9677,-1,67742,3,0,0,0,0,-1,0,-1,0,0,w2,0,0,0,14516,-1,94839,Available,-1,Available,150,100,140,Below Trend,-1,Below Trend,08/22 00:00:00 CDT,-1,w4,0,2015-08-27 00:00:00,Contract,-1,Contract,9677,9677,-1,-1,67742,1985384,-1,1985385,9677,-1,67742,14516,-1,94839,True,True,0,True,0,0,0,0
2015-08-22,2015-08-22 00:00:00,Exxon,PILOT TRAVEL CENTERS LLC 103637 WS,BATON ROUGE LA (MOC) - 00CE,Reg CG DS,9677,-1,67742,3,9000,0,9000,9000,-1,0,-1,9000,0,w2,9000,0,9000,14516,-1,94839,Available,-1,Available,150,100,140,Below Trend,-1,Below Trend,08/23 00:00:00 CDT,-1,w4,0,2015-08-27 00:00:00,Contract,-1,Contract,9677,9677,-1,-1,67742,2022857,-1,2022858,9677,-1,67742,14516,-1,94839,True,True,9000,True,0,0,0,0
2015-08-23,2015-08-23 00:00:00,Exxon,PILOT TRAVEL CENTERS LLC 103637 WS,BATON ROUGE LA (MOC) - 00CE,Reg CG DS,9677,-1,67742,3,9116,0,9116,9116,-1,0,-1,18116,0,w2,9116,0,18116,14516,-1,94839,Available,-1,Available,150,100,140,Below Trend,-1,Below Trend,08/24 00:00:00 CDT,-1,w4,0,2015-08-27 00:00:00,Contract,-1,Contract,9677,9677,-1,-1,67742,2058892,-1,2058893,9677,-1,67742,14516,-1,94839,True,True,18116,True,0,0,0,0
2015-08-24,2015-08-24 00:00:00,Exxon,PILOT TRAVEL CENTERS LLC 103637 WS,BATON ROUGE LA (MOC) - 00CE,Reg CG DS,9677,-1,67742,3,3000,0,3000,3000,-1,0,-1,21116,0,w2,3000,0,21116,14516,-1,94839,Available,-1,Available,150,100,140,Below Trend,-1,Below Trend,08/25 00:00:00 CDT,-1,w4,0,2015-08-27 00:00:00,Contract,-1,Contract,9677,9677,-1,-1,67742,2096939,-1,2096940,9677,-1,67742,14516,-1,94839,True,True,21116,True,0,0,0,0
2015-08-25,2015-08-25 00:00:00,Exxon,PILOT TRAVEL CENTERS LLC 103637 WS,BATON ROUGE LA (MOC) - 00CE,Reg CG DS,9677,-1,67742,3,8800,0,8800,8800,-1,0,-1,29916,0,w2,8800,0,29916,14516,-1,94839,Available,-1,Available,150,100,140,Below Trend,-1,Below Trend,08/26 00:00:00 CDT,-1,w4,0,2015-08-27 00:00:00,Contract,-1,Contract,9677,9677,-1,-1,67742,2127937,-1,2127938,9677,-1,67742,14516,-1,94839,True,True,29916,True,0,0,0,0
2015-08-26,2015-08-26 00:00:00,Exxon,PILOT TRAVEL CENTERS LLC 103637 WS,BATON ROUGE LA (MOC) - 00CE,Reg CG DS,9677,-1,67742,0,5900,0,5900,5900,-1,0,-1,35816,0,w2,5900,0,35816,14516,-1,94839,Available,-1,Available,150,100,140,Below Trend,-1,Below Trend,08/27 00:00:00 CDT,-1,w4,0,2015-08-27 00:00:00,Contract,-1,Contract,9677,9677,-1,-1,67742,2155525,-1,2155526,9677,-1,67742,14516,-1,94839,True,True,35816,True,0,0,0,0
2015-08-27,2015-08-27 00:00:00,Exxon,PILOT TRAVEL CENTERS LLC 103637 WS,BATON ROUGE LA (MOC) - 00CE,Reg CG DS,9677,-1,67742,3,0,0,0,0,-1,0,-1,0,0,w3,0,0,0,14516,-1,94839,Available,-1,Available,150,100,140,Below Trend,-1,Below Trend,08/28 00:00:00 CDT,-1,w5,0,2015-09-03 00:00:00,Contract,-1,Contract,9677,9677,-1,-1,67742,2182734,-1,2182735,9677,-1,67742,14516,-1,94839,True,True,0,True,0,0,0,0
2015-08-28,2015-08-28 00:00:00,Exxon,PILOT TRAVEL CENTERS LLC 103637 WS,BATON ROUGE LA (MOC) - 00CE,Reg CG DS,9677,-1,67742,3,17800,0,9000,9000,-1,0,-1,9000,0,w3,9000,0,9000,14516,-1,94839,Available,-1,Available,150,100,140,Above Trend,-1,Below Trend,08/29 00:00:00 CDT,-1,w5,0,2015-09-03 00:00:00,Contract,-1,Contract,9677,9677,-1,-1,67742,2190858,-1,2190859,9677,-1,67742,14516,-1,94839,True,False,17800,True,0,0,0,0
2015-08-29,2015-08-29 00:00:00,Exxon,PILOT TRAVEL CENTERS LLC 103637 WS,BATON ROUGE LA (MOC) - 00CE,Reg CG DS,9677,-1,67742,3,9100,1,17900,9100,-1,0,-1,26900,0,w3,9100,0,26900,14516,-1,94839,Available,-1,Available,150,100,140,Below Trend,-1,Below Trend,08/30 00:00:00 CDT,-1,w5,0,2015-09-03 00:00:00,Contract,-1,Contract,9677,9677,-1,-1,67742,2240408,-1,2240409,9677,-1,67742,14516,-1,94839,True,True,26900,True,0,0,0,0
2015-08-30,2015-08-30 00:00:00,Exxon,PILOT TRAVEL CENTERS LLC 103637 WS,BATON ROUGE LA (MOC) - 00CE,Reg CG DS,9677,-1,67742,3,0,0,0,0,-1,0,-1,26900,0,w3,0,0,26900,14516,-1,94839,Available,-1,Available,150,100,140,Below Trend,-1,Below Trend,08/31 00:00:00 CDT,-1,w5,0,2015-09-03 00:00:00,Contract,-1,Contract,9677,9677,-1,-1,91525,2248377,-1,2248378,9677,-1,67742,14516,-1,94839,True,True,26900,True,0,0,0,0
2015-08-31,2015-08-31 00:00:00,Exxon,PILOT TRAVEL CENTERS LLC 103637 WS,BATON ROUGE LA (MOC) - 00CE,Reg CG DS,9677,-1,67742,0,6900,0,6900,6900,-1,0,-1,33800,0,w3,6900,0,33800,14516,-1,94839,Available,-1,Available,150,100,140,Below Trend,-1,Below Trend,09/01 00:00:00 CDT,-1,w5,0,2015-09-03 00:00:00,Contract,-1,Contract,9677,9677,-1,-1,91525,2292713,-1,2292714,9677,-1,67742,14516,-1,94839,True,True,33800,True,0,0,0,0
