,date,supplier_name,account_type,supplier_terminal_name,product_name,base_gallons_Daily,base_gallons_Monthly,base_gallons_Weekly,lifted_gallons_daily_flag,lifted_gallons_daily_modified,Modified_WeeksByLiftedGallons,lifted_gallons_modified_WeeksByLiftedGallons,lifted_gallons_Daily,Lifted_actual_monthly,lifted_gallons_monthly_flag,lifted_gallons_Monthly,Lifted_actual_weekly,lifted_gallons_weekly_flag,WeeksByLiftedGallons,lifted_gallonsWeekly_modified_aposteriori,Modified_LiftedGallonsaposteriori,lifted_gallons_Weekly,beginning_gallons_Daily,beginning_gallons_Monthly,beginning_gallons_Weekly,en_allocation_status_Daily,en_allocation_status_Monthly,en_allocation_status_Weekly,percentage_allocation_Daily,percentage_allocation_Monthly,percentage_allocation_Weekly,alerts_ratability_Daily,alerts_ratability_Monthly,alerts_ratability_Weekly,next_refresh_date_Daily,next_refresh_date_Monthly,Week_switch,Modified_NRD,next_refresh_date_Weekly,en_account_type_Daily,en_account_type_Monthly,en_account_type_Weekly,NRB_Daily,next_refresh_base_gallons_Daily,NRB_Monthly,next_refresh_base_gallons_Monthly,next_refresh_base_gallons_Weekly,staging_id_Daily,staging_id_Monthly,staging_id_Weekly,base_gallons_Daily_Reconciled,base_gallons_Monthly_Reconciled,base_gallons_Weekly_Reconciled,beginning_gallons_Daily_Reconciled,beginning_gallons_Monthly_Reconciled,beginning_gallons_Weekly_Reconciled,sanityWeekly_CumulativeDaily_WeeksByLiftedGallons,sanityWeekly_CumulativeDaily_NextRefreshDate,computedWeekly,sanityComputedWeekly,computedMonthly,sanityComputedMonthly,sanityMonthly_CumulativeDaily_WeeksByLiftedGallons,sanityMonthly_CumulativeDaily_WeeksByNextRefreshDate
2015-08-01,2015-08-01 00:00:00,Exxon,PILOT TRAVEL CENTERS LLC 103637 IW,HAMMOND IN (MOC) - 00DH,Prem RFG,5252,-1,36762,0,3650,0,3650,3650,-1,0,-1,-1,0,w1,3650,0,-1,5252,-1,51467,Available,-1,-1,100,100,100,Below Trend,-1,-1,08/02 00:00:00 EDT,-1,w1,1,2015-08-06 00:00:00,Contract,-1,-1,5252,5252,-1,-1,-1,1273475,-1,-1,5252,-1,51467,5252,-1,36762,False,False,3650,False,0,0,0,0
2015-08-02,2015-08-02 00:00:00,Exxon,PILOT TRAVEL CENTERS LLC 103637 IW,HAMMOND IN (MOC) - 00DH,Prem RFG,5252,-1,36762,0,3500,0,3500,3500,-1,0,-1,-1,0,w1,3500,0,-1,5252,-1,51467,Available,-1,-1,100,100,100,Below Trend,-1,-1,08/03 00:00:00 EDT,-1,w1,1,2015-08-06 00:00:00,Contract,-1,-1,5252,5252,-1,-1,-1,1303434,-1,-1,5252,-1,51467,5252,-1,36762,False,False,7150,False,0,0,0,0
2015-08-03,2015-08-03 00:00:00,Exxon,PILOT TRAVEL CENTERS LLC 103637 IW,HAMMOND IN (MOC) - 00DH,Prem RFG,5252,-1,36762,0,1600,0,1600,1600,-1,0,-1,-1,0,w1,1600,0,-1,5252,-1,51467,Available,-1,-1,100,100,100,Below Trend,-1,-1,08/04 00:00:00 EDT,-1,w1,1,2015-08-06 00:00:00,Contract,-1,-1,5252,5252,-1,-1,-1,1332753,-1,-1,5252,-1,51467,5252,-1,36762,False,False,8750,False,0,0,0,0
2015-08-04,2015-08-04 00:00:00,Exxon,PILOT TRAVEL CENTERS LLC 103637 IW,HAMMOND IN (MOC) - 00DH,Prem RFG,5252,-1,36762,3,10200,0,10200,10200,-1,0,-1,33251,0,w1,10200,0,33251,7878,-1,51467,Out,-1,Out,150,100,140,Above Trend,-1,Below Trend,08/05 00:00:00 EDT,-1,w1,0,2015-08-06 00:00:00,Contract,-1,Contract,5252,5252,-1,-1,36762,1362936,-1,1362937,5252,-1,36762,7878,-1,51467,False,False,18950,False,0,0,0,0
2015-08-05,2015-08-05 00:00:00,Exxon,PILOT TRAVEL CENTERS LLC 103637 IW,HAMMOND IN (MOC) - 00DH,Prem RFG,5252,-1,36762,0,6600,0,6600,6600,-1,0,-1,39851,0,w1,6600,0,39851,7878,-1,51467,Available,-1,Available,150,100,140,On Track,-1,Below Trend,08/06 00:00:00 EDT,-1,w1,0,2015-08-06 00:00:00,Contract,-1,Contract,5252,5252,-1,-1,36762,1394102,-1,1394103,5252,-1,36762,7878,-1,51467,False,False,25550,False,0,0,0,0
2015-08-06,2015-08-06 00:00:00,Exxon,PILOT TRAVEL CENTERS LLC 103637 IW,HAMMOND IN (MOC) - 00DH,Prem RFG,5252,-1,36762,3,2303,0,2303,2303,-1,0,-1,2303,0,w2,2303,0,2303,7878,-1,51467,Available,-1,Available,150,100,140,Below Trend,-1,Below Trend,08/07 00:00:00 EDT,-1,w2,0,2015-08-13 00:00:00,Contract,-1,Contract,5252,5252,-1,-1,36762,1428292,-1,1428293,5252,-1,36762,7878,-1,51467,True,True,2303,True,0,0,0,0
2015-08-07,2015-08-07 00:00:00,Exxon,PILOT TRAVEL CENTERS LLC 103637 IW,HAMMOND IN (MOC) - 00DH,Prem RFG,5252,-1,36762,3,3650,0,3650,3650,-1,0,-1,5953,0,w2,3650,0,5953,7878,-1,51467,Available,-1,Available,150,100,140,Below Trend,-1,Below Trend,08/08 00:00:00 EDT,-1,w2,0,2015-08-13 00:00:00,Contract,-1,Contract,5252,5252,-1,-1,36762,1462804,-1,1462805,5252,-1,36762,7878,-1,51467,True,True,5953,True,0,0,0,0
2015-08-08,2015-08-08 00:00:00,Exxon,PILOT TRAVEL CENTERS LLC 103637 IW,HAMMOND IN (MOC) - 00DH,Prem RFG,5252,-1,36762,3,6050,0,6050,6050,-1,0,-1,12003,0,w2,6050,0,12003,7878,-1,51467,Available,-1,Available,150,100,140,Below Trend,-1,Below Trend,08/09 00:00:00 EDT,-1,w2,0,2015-08-13 00:00:00,Contract,-1,Contract,5252,5252,-1,-1,36762,1497093,-1,1497094,5252,-1,36762,7878,-1,51467,True,True,12003,True,0,0,0,0
2015-08-09,2015-08-09 00:00:00,Exxon,PILOT TRAVEL CENTERS LLC 103637 IW,HAMMOND IN (MOC) - 00DH,Prem RFG,5252,-1,36762,3,605,0,605,605,-1,0,-1,12608,0,w2,605,0,12608,7878,-1,51467,Available,-1,Available,150,100,140,Below Trend,-1,Below Trend,08/10 00:00:00 EDT,-1,w2,0,2015-08-13 00:00:00,Contract,-1,Contract,5252,5252,-1,-1,36762,1530778,-1,1530779,5252,-1,36762,7878,-1,51467,True,True,12608,True,0,0,0,0
2015-08-10,2015-08-10 00:00:00,Exxon,PILOT TRAVEL CENTERS LLC 103637 IW,HAMMOND IN (MOC) - 00DH,Prem RFG,5252,-1,36762,3,3600,0,3600,3600,-1,0,-1,16208,0,w2,3600,0,16208,7878,-1,51467,Available,-1,Available,150,100,140,Below Trend,-1,Below Trend,08/11 00:00:00 EDT,-1,w2,0,2015-08-13 00:00:00,Contract,-1,Contract,5252,5252,-1,-1,36762,1563885,-1,1563886,5252,-1,36762,7878,-1,51467,True,True,16208,True,0,0,0,0
2015-08-11,2015-08-11 00:00:00,Exxon,PILOT TRAVEL CENTERS LLC 103637 IW,HAMMOND IN (MOC) - 00DH,Prem RFG,5252,-1,36762,3,8000,0,8000,8000,-1,0,-1,24208,0,w2,8000,0,24208,7878,-1,51467,Out,-1,Out,150,100,140,On Track,-1,Below Trend,08/12 00:00:00 EDT,-1,w2,0,2015-08-13 00:00:00,Contract,-1,Contract,5252,5252,-1,-1,36762,1595625,-1,1595626,5252,-1,36762,7878,-1,51467,True,True,24208,True,0,0,0,0
2015-08-12,2015-08-12 00:00:00,Exxon,PILOT TRAVEL CENTERS LLC 103637 IW,HAMMOND IN (MOC) - 00DH,Prem RFG,5252,-1,36762,0,4800,0,4800,4800,-1,0,-1,29008,0,w2,4800,0,29008,7878,-1,51467,Available,-1,Available,150,100,140,Below Trend,-1,Below Trend,08/13 00:00:00 EDT,-1,w2,0,2015-08-13 00:00:00,Contract,-1,Contract,5252,5252,-1,-1,36762,1636130,-1,1636131,5252,-1,36762,7878,-1,51467,True,True,29008,True,0,0,0,0
2015-08-13,2015-08-13 00:00:00,Exxon,PILOT TRAVEL CENTERS LLC 103637 IW,HAMMOND IN (MOC) - 00DH,Prem RFG,5252,-1,36762,0,0,0,0,0,-1,0,-1,0,0,w3,0,0,0,7878,-1,51467,Available,-1,Available,150,100,140,Below Trend,-1,Below Trend,08/14 00:00:00 EDT,-1,w3,0,2015-08-20 00:00:00,Contract,-1,Contract,5252,5252,-1,-1,36762,1648154,-1,1648155,5252,-1,36762,7878,-1,51467,True,True,0,0,0,0,0,0
2015-08-14,2015-08-14 00:00:00,Exxon,PILOT TRAVEL CENTERS LLC 103637 IW,HAMMOND IN (MOC) - 00DH,Prem RFG,5252,-1,36762,0,-1,0,-1,-1,-1,0,-1,-1,0,w4,-1,0,-1,5252,-1,51467,-1,-1,-1,100,100,100,-1,-1,-1,-1,-1,w3,1,2015-08-20 00:00:00,-1,-1,-1,5252,-1,-1,-1,-1,-1,-1,-1,5252,-1,51467,5252,-1,36762,True,True,0,0,0,0,0,0
2015-08-15,2015-08-15 00:00:00,Exxon,PILOT TRAVEL CENTERS LLC 103637 IW,HAMMOND IN (MOC) - 00DH,Prem RFG,5252,-1,36762,0,-1,0,-1,-1,-1,0,-1,-1,0,w4,-1,0,-1,5252,-1,51467,-1,-1,-1,100,100,100,-1,-1,-1,-1,-1,w3,1,2015-08-20 00:00:00,-1,-1,-1,5252,-1,-1,-1,-1,-1,-1,-1,5252,-1,51467,5252,-1,36762,False,False,0,0,0,0,0,0
2015-08-16,2015-08-16 00:00:00,Exxon,PILOT TRAVEL CENTERS LLC 103637 IW,HAMMOND IN (MOC) - 00DH,Prem RFG,5252,-1,36762,0,-1,0,-1,-1,-1,0,-1,-1,0,w4,-1,0,-1,5252,-1,51467,-1,-1,-1,100,100,100,-1,-1,-1,-1,-1,w3,1,2015-08-20 00:00:00,-1,-1,-1,5252,-1,-1,-1,-1,-1,-1,-1,5252,-1,51467,5252,-1,36762,False,False,0,0,0,0,0,0
2015-08-17,2015-08-17 00:00:00,Exxon,PILOT TRAVEL CENTERS LLC 103637 IW,HAMMOND IN (MOC) - 00DH,Prem RFG,5252,-1,36762,0,-1,0,-1,-1,-1,0,-1,-1,0,w4,-1,0,-1,5252,-1,51467,-1,-1,-1,100,100,100,-1,-1,-1,-1,-1,w3,1,2015-08-20 00:00:00,-1,-1,-1,5252,-1,-1,-1,-1,-1,-1,-1,5252,-1,51467,5252,-1,36762,False,False,0,0,0,0,0,0
2015-08-18,2015-08-18 00:00:00,Exxon,PILOT TRAVEL CENTERS LLC 103637 IW,HAMMOND IN (MOC) - 00DH,Prem RFG,5252,-1,36762,0,-1,0,-1,-1,-1,0,-1,-1,0,w4,-1,0,-1,5252,-1,51467,-1,-1,-1,100,100,100,-1,-1,-1,-1,-1,w3,1,2015-08-20 00:00:00,-1,-1,-1,5252,-1,-1,-1,-1,-1,-1,-1,5252,-1,51467,5252,-1,36762,False,False,0,0,0,0,0,0
2015-08-19,2015-08-19 00:00:00,Exxon,PILOT TRAVEL CENTERS LLC 103637 IW,HAMMOND IN (MOC) - 00DH,Prem RFG,5252,-1,36762,0,-1,0,-1,-1,-1,0,-1,-1,0,w4,-1,0,-1,5252,-1,51467,-1,-1,-1,100,100,100,-1,-1,-1,-1,-1,w3,1,2015-08-20 00:00:00,-1,-1,-1,5252,-1,-1,-1,-1,-1,-1,-1,5252,-1,51467,5252,-1,36762,False,False,0,0,0,0,0,0
2015-08-20,2015-08-20 00:00:00,Exxon,PILOT TRAVEL CENTERS LLC 103637 IW,HAMMOND IN (MOC) - 00DH,Prem RFG,5252,-1,36762,0,-1,0,-1,-1,-1,0,-1,-1,0,w4,-1,0,-1,5252,-1,51467,-1,-1,-1,100,100,100,-1,-1,-1,-1,-1,w4,1,2015-08-27 00:00:00,-1,-1,-1,5252,-1,-1,-1,-1,-1,-1,-1,5252,-1,51467,5252,-1,36762,False,True,0,0,0,0,0,0
2015-08-21,2015-08-21 00:00:00,Exxon,PILOT TRAVEL CENTERS LLC 103637 IW,HAMMOND IN (MOC) - 00DH,Prem RFG,5252,-1,36762,0,-1,0,-1,-1,-1,0,-1,-1,0,w4,-1,0,-1,5252,-1,51467,-1,-1,-1,100,100,100,-1,-1,-1,-1,-1,w4,1,2015-08-27 00:00:00,-1,-1,-1,5252,-1,-1,-1,-1,-1,-1,-1,5252,-1,51467,5252,-1,36762,False,False,0,0,0,0,0,0
2015-08-22,2015-08-22 00:00:00,Exxon,PILOT TRAVEL CENTERS LLC 103637 IW,HAMMOND IN (MOC) - 00DH,Prem RFG,5252,-1,36762,0,-1,0,-1,-1,-1,0,-1,-1,0,w4,-1,0,-1,5252,-1,51467,-1,-1,-1,100,100,100,-1,-1,-1,-1,-1,w4,1,2015-08-27 00:00:00,-1,-1,-1,5252,-1,-1,-1,-1,-1,-1,-1,5252,-1,51467,5252,-1,36762,False,False,0,0,0,0,0,0
2015-08-23,2015-08-23 00:00:00,Exxon,PILOT TRAVEL CENTERS LLC 103637 IW,HAMMOND IN (MOC) - 00DH,Prem RFG,5252,-1,36762,0,-1,0,-1,-1,-1,0,-1,-1,0,w4,-1,0,-1,5252,-1,51467,-1,-1,-1,100,100,100,-1,-1,-1,-1,-1,w4,1,2015-08-27 00:00:00,-1,-1,-1,5252,-1,-1,-1,-1,-1,-1,-1,5252,-1,51467,5252,-1,36762,False,False,0,0,0,0,0,0
2015-08-24,2015-08-24 00:00:00,Exxon,PILOT TRAVEL CENTERS LLC 103637 IW,HAMMOND IN (MOC) - 00DH,Prem RFG,5252,-1,36762,0,-1,0,-1,-1,-1,0,-1,-1,0,w4,-1,0,-1,5252,-1,51467,-1,-1,-1,100,100,100,-1,-1,-1,-1,-1,w4,1,2015-08-27 00:00:00,-1,-1,-1,5252,-1,-1,-1,-1,-1,-1,-1,5252,-1,51467,5252,-1,36762,False,False,0,0,0,0,0,0
2015-08-25,2015-08-25 00:00:00,Exxon,PILOT TRAVEL CENTERS LLC 103637 IW,HAMMOND IN (MOC) - 00DH,Prem RFG,5252,-1,36762,0,-1,0,-1,-1,-1,0,-1,-1,0,w4,-1,0,-1,5252,-1,51467,-1,-1,-1,100,100,100,-1,-1,-1,-1,-1,w4,1,2015-08-27 00:00:00,-1,-1,-1,5252,-1,-1,-1,-1,-1,-1,-1,5252,-1,51467,5252,-1,36762,False,False,0,0,0,0,0,0
2015-08-26,2015-08-26 00:00:00,Exxon,PILOT TRAVEL CENTERS LLC 103637 IW,HAMMOND IN (MOC) - 00DH,Prem RFG,5252,-1,36762,0,-1,0,-1,-1,-1,0,-1,-1,0,w4,-1,0,-1,5252,-1,51467,-1,-1,-1,100,100,100,-1,-1,-1,-1,-1,w4,1,2015-08-27 00:00:00,-1,-1,-1,5252,-1,-1,-1,-1,-1,-1,-1,5252,-1,51467,5252,-1,36762,False,False,0,0,0,0,0,0
2015-08-27,2015-08-27 00:00:00,Exxon,PILOT TRAVEL CENTERS LLC 103637 IW,HAMMOND IN (MOC) - 00DH,Prem RFG,5252,-1,36762,0,-1,0,-1,-1,-1,0,-1,-1,0,w4,-1,0,-1,5252,-1,51467,-1,-1,-1,100,100,100,-1,-1,-1,-1,-1,w5,1,2015-09-03 00:00:00,-1,-1,-1,5252,-1,-1,-1,-1,-1,-1,-1,5252,-1,51467,5252,-1,36762,False,True,0,0,0,0,0,0
2015-08-28,2015-08-28 00:00:00,Exxon,PILOT TRAVEL CENTERS LLC 103637 IW,HAMMOND IN (MOC) - 00DH,Prem RFG,5252,-1,36762,0,-1,0,-1,-1,-1,0,-1,-1,0,w4,-1,0,-1,5252,-1,51467,-1,-1,-1,100,100,100,-1,-1,-1,-1,-1,w5,1,2015-09-03 00:00:00,-1,-1,-1,5252,-1,-1,-1,-1,-1,-1,-1,5252,-1,51467,5252,-1,36762,False,False,0,0,0,0,0,0
2015-08-29,2015-08-29 00:00:00,Exxon,PILOT TRAVEL CENTERS LLC 103637 IW,HAMMOND IN (MOC) - 00DH,Prem RFG,5252,-1,36762,0,-1,0,-1,-1,-1,0,-1,-1,0,w4,-1,0,-1,5252,-1,51467,-1,-1,-1,100,100,100,-1,-1,-1,-1,-1,w5,1,2015-09-03 00:00:00,-1,-1,-1,5252,-1,-1,-1,-1,-1,-1,-1,5252,-1,51467,5252,-1,36762,False,False,0,0,0,0,0,0
2015-08-30,2015-08-30 00:00:00,Exxon,PILOT TRAVEL CENTERS LLC 103637 IW,HAMMOND IN (MOC) - 00DH,Prem RFG,5252,-1,36762,0,-1,0,-1,-1,-1,0,-1,-1,0,w4,-1,0,-1,5252,-1,51467,-1,-1,-1,100,100,100,-1,-1,-1,-1,-1,w5,1,2015-09-03 00:00:00,-1,-1,-1,5252,-1,-1,-1,-1,-1,-1,-1,5252,-1,51467,5252,-1,36762,False,False,0,0,0,0,0,0
2015-08-31,2015-08-31 00:00:00,Exxon,PILOT TRAVEL CENTERS LLC 103637 IW,HAMMOND IN (MOC) - 00DH,Prem RFG,5252,-1,36762,0,-1,0,-1,-1,-1,0,-1,-1,0,w4,-1,0,-1,5252,-1,51467,-1,-1,-1,100,100,100,-1,-1,-1,-1,-1,w5,1,2015-09-03 00:00:00,-1,-1,-1,5252,-1,-1,-1,-1,-1,-1,-1,5252,-1,51467,5252,-1,36762,False,False,0,0,0,0,0,0
