,date,supplier_name,account_type,supplier_terminal_name,product_name,base_gallons_Daily,base_gallons_Monthly,base_gallons_Weekly,lifted_gallons_daily_flag,lifted_gallons_daily_modified,Modified_WeeksByLiftedGallons,lifted_gallons_modified_WeeksByLiftedGallons,lifted_gallons_Daily,Lifted_actual_monthly,lifted_gallons_monthly_flag,lifted_gallons_Monthly,Lifted_actual_weekly,lifted_gallons_weekly_flag,WeeksByLiftedGallons,lifted_gallonsWeekly_modified_aposteriori,Modified_LiftedGallonsaposteriori,lifted_gallons_Weekly,beginning_gallons_Daily,beginning_gallons_Monthly,beginning_gallons_Weekly,en_allocation_status_Daily,en_allocation_status_Monthly,en_allocation_status_Weekly,percentage_allocation_Daily,percentage_allocation_Monthly,percentage_allocation_Weekly,alerts_ratability_Daily,alerts_ratability_Monthly,alerts_ratability_Weekly,next_refresh_date_Daily,next_refresh_date_Monthly,Week_switch,Modified_NRD,next_refresh_date_Weekly,en_account_type_Daily,en_account_type_Monthly,en_account_type_Weekly,NRB_Daily,next_refresh_base_gallons_Daily,NRB_Monthly,next_refresh_base_gallons_Monthly,next_refresh_base_gallons_Weekly,staging_id_Daily,staging_id_Monthly,staging_id_Weekly,base_gallons_Daily_Reconciled,base_gallons_Monthly_Reconciled,base_gallons_Weekly_Reconciled,beginning_gallons_Daily_Reconciled,beginning_gallons_Monthly_Reconciled,beginning_gallons_Weekly_Reconciled,sanityWeekly_CumulativeDaily_WeeksByLiftedGallons,sanityWeekly_CumulativeDaily_NextRefreshDate,computedWeekly,sanityComputedWeekly,computedMonthly,sanityComputedMonthly,sanityMonthly_CumulativeDaily_WeeksByLiftedGallons,sanityMonthly_CumulativeDaily_WeeksByNextRefreshDate
2015-08-01,2015-08-01 00:00:00,Exxon,PILOT TRAVEL CENTERS LLC 103637 WS,HAMMOND IN (MOC) - 00DH,Prem RFG,5252,-1,36762,0,-1,0,-1,-1,-1,0,-1,-1,0,w1,-1,0,-1,7878,-1,51467,-1,-1,-1,100,100,100,-1,-1,-1,-1,-1,w1,1,2015-08-06 00:00:00,-1,-1,-1,5252,-1,-1,-1,-1,-1,-1,-1,7878,-1,51467,5252,-1,36762,True,True,0,0,0,0,1,1
2015-08-02,2015-08-02 00:00:00,Exxon,PILOT TRAVEL CENTERS LLC 103637 WS,HAMMOND IN (MOC) - 00DH,Prem RFG,5252,-1,36762,0,-1,0,-1,-1,-1,0,-1,-1,0,w1,-1,0,-1,7878,-1,51467,-1,-1,-1,100,100,100,-1,-1,-1,-1,-1,w1,1,2015-08-06 00:00:00,-1,-1,-1,5252,-1,-1,-1,-1,-1,-1,-1,7878,-1,51467,5252,-1,36762,False,False,0,0,0,0,0,0
2015-08-03,2015-08-03 00:00:00,Exxon,PILOT TRAVEL CENTERS LLC 103637 WS,HAMMOND IN (MOC) - 00DH,Prem RFG,5252,-1,36762,0,-1,0,-1,-1,-1,0,-1,-1,0,w1,-1,0,-1,7878,-1,51467,-1,-1,-1,100,100,100,-1,-1,-1,-1,-1,w1,1,2015-08-06 00:00:00,-1,-1,-1,5252,-1,-1,-1,-1,-1,-1,-1,7878,-1,51467,5252,-1,36762,False,False,0,0,0,0,0,0
2015-08-04,2015-08-04 00:00:00,Exxon,PILOT TRAVEL CENTERS LLC 103637 WS,HAMMOND IN (MOC) - 00DH,Prem RFG,5252,-1,36762,0,-1,0,-1,-1,-1,0,-1,-1,0,w1,-1,0,-1,7878,-1,51467,-1,-1,-1,100,100,100,-1,-1,-1,-1,-1,w1,1,2015-08-06 00:00:00,-1,-1,-1,5252,-1,-1,-1,-1,-1,-1,-1,7878,-1,51467,5252,-1,36762,False,False,0,0,0,0,0,0
2015-08-05,2015-08-05 00:00:00,Exxon,PILOT TRAVEL CENTERS LLC 103637 WS,HAMMOND IN (MOC) - 00DH,Prem RFG,5252,-1,36762,0,-1,0,-1,-1,-1,0,-1,-1,0,w1,-1,0,-1,7878,-1,51467,-1,-1,-1,100,100,100,-1,-1,-1,-1,-1,w1,1,2015-08-06 00:00:00,-1,-1,-1,5252,-1,-1,-1,-1,-1,-1,-1,7878,-1,51467,5252,-1,36762,False,False,0,0,0,0,0,0
2015-08-06,2015-08-06 00:00:00,Exxon,PILOT TRAVEL CENTERS LLC 103637 WS,HAMMOND IN (MOC) - 00DH,Prem RFG,5252,-1,36762,0,-1,0,-1,-1,-1,0,-1,-1,0,w1,-1,0,-1,7878,-1,51467,-1,-1,-1,100,100,100,-1,-1,-1,-1,-1,w2,1,2015-08-13 00:00:00,-1,-1,-1,5252,-1,-1,-1,-1,-1,-1,-1,7878,-1,51467,5252,-1,36762,False,True,0,0,0,0,0,0
2015-08-07,2015-08-07 00:00:00,Exxon,PILOT TRAVEL CENTERS LLC 103637 WS,HAMMOND IN (MOC) - 00DH,Prem RFG,5252,-1,36762,0,-1,0,-1,-1,-1,0,-1,-1,0,w1,-1,0,-1,7878,-1,51467,-1,-1,-1,100,100,100,-1,-1,-1,-1,-1,w2,1,2015-08-13 00:00:00,-1,-1,-1,5252,-1,-1,-1,-1,-1,-1,-1,7878,-1,51467,5252,-1,36762,False,False,0,0,0,0,0,0
2015-08-08,2015-08-08 00:00:00,Exxon,PILOT TRAVEL CENTERS LLC 103637 WS,HAMMOND IN (MOC) - 00DH,Prem RFG,5252,-1,36762,0,-1,0,-1,-1,-1,0,-1,-1,0,w1,-1,0,-1,7878,-1,51467,-1,-1,-1,100,100,100,-1,-1,-1,-1,-1,w2,1,2015-08-13 00:00:00,-1,-1,-1,5252,-1,-1,-1,-1,-1,-1,-1,7878,-1,51467,5252,-1,36762,False,False,0,0,0,0,0,0
2015-08-09,2015-08-09 00:00:00,Exxon,PILOT TRAVEL CENTERS LLC 103637 WS,HAMMOND IN (MOC) - 00DH,Prem RFG,5252,-1,36762,0,-1,0,-1,-1,-1,0,-1,-1,0,w1,-1,0,-1,7878,-1,51467,-1,-1,-1,100,100,100,-1,-1,-1,-1,-1,w2,1,2015-08-13 00:00:00,-1,-1,-1,5252,-1,-1,-1,-1,-1,-1,-1,7878,-1,51467,5252,-1,36762,False,False,0,0,0,0,0,0
2015-08-10,2015-08-10 00:00:00,Exxon,PILOT TRAVEL CENTERS LLC 103637 WS,HAMMOND IN (MOC) - 00DH,Prem RFG,5252,-1,36762,0,-1,0,-1,-1,-1,0,-1,-1,0,w1,-1,0,-1,7878,-1,51467,-1,-1,-1,100,100,100,-1,-1,-1,-1,-1,w2,1,2015-08-13 00:00:00,-1,-1,-1,5252,-1,-1,-1,-1,-1,-1,-1,7878,-1,51467,5252,-1,36762,False,False,0,0,0,0,0,0
2015-08-11,2015-08-11 00:00:00,Exxon,PILOT TRAVEL CENTERS LLC 103637 WS,HAMMOND IN (MOC) - 00DH,Prem RFG,5252,-1,36762,0,-1,0,-1,-1,-1,0,-1,-1,0,w1,-1,0,-1,7878,-1,51467,-1,-1,-1,100,100,100,-1,-1,-1,-1,-1,w2,1,2015-08-13 00:00:00,-1,-1,-1,5252,-1,-1,-1,-1,-1,-1,-1,7878,-1,51467,5252,-1,36762,False,False,0,0,0,0,0,0
2015-08-12,2015-08-12 00:00:00,Exxon,PILOT TRAVEL CENTERS LLC 103637 WS,HAMMOND IN (MOC) - 00DH,Prem RFG,5252,-1,36762,0,-1,0,-1,-1,-1,0,-1,-1,0,w1,-1,0,-1,7878,-1,51467,-1,-1,-1,100,100,100,-1,-1,-1,-1,-1,w2,1,2015-08-13 00:00:00,-1,-1,-1,5252,-1,-1,-1,-1,-1,-1,-1,7878,-1,51467,5252,-1,36762,False,False,0,0,0,0,0,0
2015-08-13,2015-08-13 00:00:00,Exxon,PILOT TRAVEL CENTERS LLC 103637 WS,HAMMOND IN (MOC) - 00DH,Prem RFG,5252,-1,36762,0,-1,0,-1,-1,-1,0,-1,-1,0,w1,-1,0,-1,7878,-1,51467,-1,-1,-1,100,100,100,-1,-1,-1,-1,-1,w3,1,2015-08-20 00:00:00,-1,-1,-1,5252,-1,-1,-1,-1,-1,-1,-1,7878,-1,51467,5252,-1,36762,False,True,0,0,0,0,0,0
2015-08-14,2015-08-14 00:00:00,Exxon,PILOT TRAVEL CENTERS LLC 103637 WS,HAMMOND IN (MOC) - 00DH,Prem RFG,5252,-1,36762,0,-1,0,-1,-1,-1,0,-1,-1,0,w1,-1,0,-1,7878,-1,51467,-1,-1,-1,100,100,100,-1,-1,-1,-1,-1,w3,1,2015-08-20 00:00:00,-1,-1,-1,5252,-1,-1,-1,-1,-1,-1,-1,7878,-1,51467,5252,-1,36762,False,False,0,0,0,0,0,0
2015-08-15,2015-08-15 00:00:00,Exxon,PILOT TRAVEL CENTERS LLC 103637 WS,HAMMOND IN (MOC) - 00DH,Prem RFG,5252,-1,36762,0,-1,0,-1,-1,-1,0,-1,-1,0,w1,-1,0,-1,7878,-1,51467,-1,-1,-1,100,100,100,-1,-1,-1,-1,-1,w3,1,2015-08-20 00:00:00,-1,-1,-1,5252,-1,-1,-1,-1,-1,-1,-1,7878,-1,51467,5252,-1,36762,False,False,0,0,0,0,0,0
2015-08-16,2015-08-16 00:00:00,Exxon,PILOT TRAVEL CENTERS LLC 103637 WS,HAMMOND IN (MOC) - 00DH,Prem RFG,5252,-1,36762,0,-1,0,-1,-1,-1,0,-1,-1,0,w1,-1,0,-1,7878,-1,51467,-1,-1,-1,100,100,100,-1,-1,-1,-1,-1,w3,1,2015-08-20 00:00:00,-1,-1,-1,5252,-1,-1,-1,-1,-1,-1,-1,7878,-1,51467,5252,-1,36762,False,False,0,0,0,0,0,0
2015-08-17,2015-08-17 00:00:00,Exxon,PILOT TRAVEL CENTERS LLC 103637 WS,HAMMOND IN (MOC) - 00DH,Prem RFG,5252,-1,36762,0,-1,0,-1,-1,-1,0,-1,-1,0,w1,-1,0,-1,7878,-1,51467,-1,-1,-1,100,100,100,-1,-1,-1,-1,-1,w3,1,2015-08-20 00:00:00,-1,-1,-1,5252,-1,-1,-1,-1,-1,-1,-1,7878,-1,51467,5252,-1,36762,False,False,0,0,0,0,0,0
2015-08-18,2015-08-18 00:00:00,Exxon,PILOT TRAVEL CENTERS LLC 103637 WS,HAMMOND IN (MOC) - 00DH,Prem RFG,5252,-1,36762,3,3000,0,3000,3000,-1,0,-1,12007,0,w1,3000,0,12007,7878,-1,51467,Available,-1,Available,150,100,140,Below Trend,-1,Below Trend,08/19 00:00:00 EDT,-1,w3,0,2015-08-20 00:00:00,Contract,-1,Contract,5252,5252,-1,-1,36762,1871325,-1,1871326,5252,-1,36762,7878,-1,51467,False,False,0,0,0,0,0,0
2015-08-19,2015-08-19 00:00:00,Exxon,PILOT TRAVEL CENTERS LLC 103637 WS,HAMMOND IN (MOC) - 00DH,Prem RFG,5252,-1,36762,0,11000,0,11000,11000,-1,0,-1,23007,0,w1,11000,0,23007,7878,-1,51467,Out,-1,Out,150,100,140,Above Trend,-1,Below Trend,08/20 00:00:00 EDT,-1,w3,0,2015-08-20 00:00:00,Contract,-1,Contract,5252,5252,-1,-1,36762,1903537,-1,1903538,5252,-1,36762,7878,-1,51467,False,False,0,0,0,0,0,0
2015-08-20,2015-08-20 00:00:00,Exxon,PILOT TRAVEL CENTERS LLC 103637 WS,HAMMOND IN (MOC) - 00DH,Prem RFG,5252,-1,36762,3,7003,0,7003,7003,-1,0,-1,7003,0,w2,7003,0,7003,7878,-1,51467,Available,-1,Available,150,100,140,On Track,-1,On Track,08/21 00:00:00 EDT,-1,w4,0,2015-08-27 00:00:00,Contract,-1,Contract,5252,5252,-1,-1,36762,1946140,-1,1946141,5252,-1,36762,7878,-1,51467,True,True,7003,True,0,0,0,0
2015-08-21,2015-08-21 00:00:00,Exxon,PILOT TRAVEL CENTERS LLC 103637 WS,HAMMOND IN (MOC) - 00DH,Prem RFG,5252,-1,36762,3,1250,0,1250,1250,-1,0,-1,8253,0,w2,1250,0,8253,7878,-1,51467,Available,-1,Available,150,100,140,Below Trend,-1,Below Trend,08/22 00:00:00 EDT,-1,w4,0,2015-08-27 00:00:00,Contract,-1,Contract,5252,5252,-1,-1,36762,1985397,-1,1985398,5252,-1,36762,7878,-1,51467,True,True,8253,True,0,0,0,0
2015-08-22,2015-08-22 00:00:00,Exxon,PILOT TRAVEL CENTERS LLC 103637 WS,HAMMOND IN (MOC) - 00DH,Prem RFG,5252,-1,36762,3,2400,0,2400,2400,-1,0,-1,10653,0,w2,2400,0,10653,7878,-1,51467,Available,-1,Available,150,100,140,Below Trend,-1,Below Trend,08/23 00:00:00 EDT,-1,w4,0,2015-08-27 00:00:00,Contract,-1,Contract,5252,5252,-1,-1,36762,2022870,-1,2022871,5252,-1,36762,7878,-1,51467,True,True,10653,True,0,0,0,0
2015-08-23,2015-08-23 00:00:00,Exxon,PILOT TRAVEL CENTERS LLC 103637 WS,HAMMOND IN (MOC) - 00DH,Prem RFG,5252,-1,36762,3,4607,0,4607,4607,-1,0,-1,15260,0,w2,4607,0,15260,7878,-1,51467,Available,-1,Available,150,100,140,Below Trend,-1,Below Trend,08/24 00:00:00 EDT,-1,w4,0,2015-08-27 00:00:00,Contract,-1,Contract,5252,5252,-1,-1,36762,2058905,-1,2058906,5252,-1,36762,7878,-1,51467,True,True,15260,True,0,0,0,0
2015-08-24,2015-08-24 00:00:00,Exxon,PILOT TRAVEL CENTERS LLC 103637 WS,HAMMOND IN (MOC) - 00DH,Prem RFG,5252,-1,36762,3,2400,0,2400,2400,-1,0,-1,17660,0,w2,2400,0,17660,7878,-1,51467,Available,-1,Available,150,100,140,Below Trend,-1,Below Trend,08/25 00:00:00 EDT,-1,w4,0,2015-08-27 00:00:00,Contract,-1,Contract,5252,5252,-1,-1,36762,2096952,-1,2096953,5252,-1,36762,7878,-1,51467,True,True,17660,True,0,0,0,0
2015-08-25,2015-08-25 00:00:00,Exxon,PILOT TRAVEL CENTERS LLC 103637 WS,HAMMOND IN (MOC) - 00DH,Prem RFG,5252,-1,36762,3,8400,0,8400,8400,-1,0,-1,26060,0,w2,8400,0,26060,7878,-1,51467,Out,-1,Out,150,100,140,On Track,-1,Below Trend,08/26 00:00:00 EDT,-1,w4,0,2015-08-27 00:00:00,Contract,-1,Contract,5252,5252,-1,-1,36762,2127950,-1,2127951,5252,-1,36762,7878,-1,51467,True,True,26060,True,0,0,0,0
2015-08-26,2015-08-26 00:00:00,Exxon,PILOT TRAVEL CENTERS LLC 103637 WS,HAMMOND IN (MOC) - 00DH,Prem RFG,5252,-1,36762,0,5900,0,5900,5900,-1,0,-1,31960,0,w2,5900,0,31960,7878,-1,51467,Available,-1,Available,150,100,140,Below Trend,-1,Below Trend,08/27 00:00:00 EDT,-1,w4,0,2015-08-27 00:00:00,Contract,-1,Contract,5252,5252,-1,-1,36762,2155539,-1,2155540,5252,-1,36762,7878,-1,51467,True,True,31960,True,0,0,0,0
2015-08-27,2015-08-27 00:00:00,Exxon,PILOT TRAVEL CENTERS LLC 103637 WS,HAMMOND IN (MOC) - 00DH,Prem RFG,5252,-1,36762,3,8700,0,8700,8700,-1,0,-1,8700,0,w3,8700,0,8700,7878,-1,51467,Out,-1,Out,150,100,140,On Track,-1,On Track,08/28 00:00:00 EDT,-1,w5,0,2015-09-03 00:00:00,Contract,-1,Contract,5252,5252,-1,-1,36762,2182748,-1,2182749,5252,-1,36762,7878,-1,51467,True,True,8700,True,0,0,0,0
2015-08-28,2015-08-28 00:00:00,Exxon,PILOT TRAVEL CENTERS LLC 103637 WS,HAMMOND IN (MOC) - 00DH,Prem RFG,5252,-1,36762,3,3500,0,2300,2300,-1,0,-1,11000,0,w3,2300,0,11000,7878,-1,51467,Available,-1,Available,150,100,140,On Track,-1,On Track,08/29 00:00:00 EDT,-1,w5,0,2015-09-03 00:00:00,Contract,-1,Contract,5252,5252,-1,-1,36762,2190872,-1,2190873,5252,-1,36762,7878,-1,51467,True,False,12200,True,0,0,0,0
2015-08-29,2015-08-29 00:00:00,Exxon,PILOT TRAVEL CENTERS LLC 103637 WS,HAMMOND IN (MOC) - 00DH,Prem RFG,5252,-1,36762,3,2402,1,3602,2402,-1,0,-1,14602,0,w3,2402,0,14602,7878,-1,51467,Available,-1,Available,150,100,140,Below Trend,-1,Below Trend,08/30 00:00:00 EDT,-1,w5,0,2015-09-03 00:00:00,Contract,-1,Contract,5252,5252,-1,-1,36762,2240422,-1,2240423,5252,-1,36762,7878,-1,51467,True,True,14602,True,0,0,0,0
2015-08-30,2015-08-30 00:00:00,Exxon,PILOT TRAVEL CENTERS LLC 103637 WS,HAMMOND IN (MOC) - 00DH,Prem RFG,5252,-1,36762,3,0,0,0,0,-1,0,-1,14602,0,w3,0,0,14602,7878,-1,51467,Available,-1,Available,150,100,140,Below Trend,-1,Below Trend,08/31 00:00:00 EDT,-1,w5,0,2015-09-03 00:00:00,Contract,-1,Contract,5299,5299,-1,-1,37090,2248391,-1,2248392,5252,-1,36762,7878,-1,51467,True,True,14602,True,0,0,0,0
2015-08-31,2015-08-31 00:00:00,Exxon,PILOT TRAVEL CENTERS LLC 103637 WS,HAMMOND IN (MOC) - 00DH,Prem RFG,5299,-1,36762,0,5603,0,5603,5603,-1,0,-1,20205,0,w3,5603,0,20205,7949,-1,51467,Available,-1,Available,150,100,140,On Track,-1,Below Trend,09/01 00:00:00 EDT,-1,w5,0,2015-09-03 00:00:00,Contract,-1,Contract,5299,5299,-1,-1,37090,2292727,-1,2292728,5299,-1,36762,7949,-1,51467,True,True,20205,True,0,0,0,0
