,date,supplier_name,account_type,supplier_terminal_name,product_name,base_gallons_Daily,base_gallons_Monthly,base_gallons_Weekly,lifted_gallons_daily_flag,lifted_gallons_daily_modified,Modified_WeeksByLiftedGallons,lifted_gallons_modified_WeeksByLiftedGallons,lifted_gallons_Daily,Lifted_actual_monthly,lifted_gallons_monthly_flag,lifted_gallons_Monthly,Lifted_actual_weekly,lifted_gallons_weekly_flag,WeeksByLiftedGallons,lifted_gallonsWeekly_modified_aposteriori,Modified_LiftedGallonsaposteriori,lifted_gallons_Weekly,beginning_gallons_Daily,beginning_gallons_Monthly,beginning_gallons_Weekly,en_allocation_status_Daily,en_allocation_status_Monthly,en_allocation_status_Weekly,percentage_allocation_Daily,percentage_allocation_Monthly,percentage_allocation_Weekly,alerts_ratability_Daily,alerts_ratability_Monthly,alerts_ratability_Weekly,next_refresh_date_Daily,next_refresh_date_Monthly,Week_switch,Modified_NRD,next_refresh_date_Weekly,en_account_type_Daily,en_account_type_Monthly,en_account_type_Weekly,NRB_Daily,next_refresh_base_gallons_Daily,NRB_Monthly,next_refresh_base_gallons_Monthly,next_refresh_base_gallons_Weekly,staging_id_Daily,staging_id_Monthly,staging_id_Weekly,base_gallons_Daily_Reconciled,base_gallons_Monthly_Reconciled,base_gallons_Weekly_Reconciled,beginning_gallons_Daily_Reconciled,beginning_gallons_Monthly_Reconciled,beginning_gallons_Weekly_Reconciled,sanityWeekly_CumulativeDaily_WeeksByLiftedGallons,sanityWeekly_CumulativeDaily_NextRefreshDate,computedWeekly,sanityComputedWeekly,computedMonthly,sanityComputedMonthly,sanityMonthly_CumulativeDaily_WeeksByLiftedGallons,sanityMonthly_CumulativeDaily_WeeksByNextRefreshDate
2015-08-01,2015-08-01 00:00:00,Exxon,PILOT TRAVEL CENTERS LLC 103637 WS,MEMPHIS TN (MOC) - 00QE,Prem CBOB<9,457,-1,3477,0,-1,0,-1,-1,-1,0,-1,-1,0,w1,-1,0,-1,686,-1,4868,-1,-1,-1,100,100,100,-1,-1,-1,-1,-1,w1,1,2015-08-06 00:00:00,-1,-1,-1,457,-1,-1,-1,-1,-1,-1,-1,686,-1,4868,457,-1,3477,True,True,0,0,0,0,1,1
2015-08-02,2015-08-02 00:00:00,Exxon,PILOT TRAVEL CENTERS LLC 103637 WS,MEMPHIS TN (MOC) - 00QE,Prem CBOB<9,457,-1,3477,0,-1,0,-1,-1,-1,0,-1,-1,0,w1,-1,0,-1,686,-1,4868,-1,-1,-1,100,100,100,-1,-1,-1,-1,-1,w1,1,2015-08-06 00:00:00,-1,-1,-1,457,-1,-1,-1,-1,-1,-1,-1,686,-1,4868,457,-1,3477,False,False,0,0,0,0,0,0
2015-08-03,2015-08-03 00:00:00,Exxon,PILOT TRAVEL CENTERS LLC 103637 WS,MEMPHIS TN (MOC) - 00QE,Prem CBOB<9,457,-1,3477,0,-1,0,-1,-1,-1,0,-1,-1,0,w1,-1,0,-1,686,-1,4868,-1,-1,-1,100,100,100,-1,-1,-1,-1,-1,w1,1,2015-08-06 00:00:00,-1,-1,-1,457,-1,-1,-1,-1,-1,-1,-1,686,-1,4868,457,-1,3477,False,False,0,0,0,0,0,0
2015-08-04,2015-08-04 00:00:00,Exxon,PILOT TRAVEL CENTERS LLC 103637 WS,MEMPHIS TN (MOC) - 00QE,Prem CBOB<9,457,-1,3477,0,-1,0,-1,-1,-1,0,-1,-1,0,w1,-1,0,-1,686,-1,4868,-1,-1,-1,100,100,100,-1,-1,-1,-1,-1,w1,1,2015-08-06 00:00:00,-1,-1,-1,457,-1,-1,-1,-1,-1,-1,-1,686,-1,4868,457,-1,3477,False,False,0,0,0,0,0,0
2015-08-05,2015-08-05 00:00:00,Exxon,PILOT TRAVEL CENTERS LLC 103637 WS,MEMPHIS TN (MOC) - 00QE,Prem CBOB<9,457,-1,3477,0,-1,0,-1,-1,-1,0,-1,-1,0,w1,-1,0,-1,686,-1,4868,-1,-1,-1,100,100,100,-1,-1,-1,-1,-1,w1,1,2015-08-06 00:00:00,-1,-1,-1,457,-1,-1,-1,-1,-1,-1,-1,686,-1,4868,457,-1,3477,False,False,0,0,0,0,0,0
2015-08-06,2015-08-06 00:00:00,Exxon,PILOT TRAVEL CENTERS LLC 103637 WS,MEMPHIS TN (MOC) - 00QE,Prem CBOB<9,457,-1,3477,0,-1,0,-1,-1,-1,0,-1,-1,0,w1,-1,0,-1,686,-1,4868,-1,-1,-1,100,100,100,-1,-1,-1,-1,-1,w2,1,2015-08-13 00:00:00,-1,-1,-1,457,-1,-1,-1,-1,-1,-1,-1,686,-1,4868,457,-1,3477,False,True,0,0,0,0,0,0
2015-08-07,2015-08-07 00:00:00,Exxon,PILOT TRAVEL CENTERS LLC 103637 WS,MEMPHIS TN (MOC) - 00QE,Prem CBOB<9,457,-1,3477,0,-1,0,-1,-1,-1,0,-1,-1,0,w1,-1,0,-1,686,-1,4868,-1,-1,-1,100,100,100,-1,-1,-1,-1,-1,w2,1,2015-08-13 00:00:00,-1,-1,-1,457,-1,-1,-1,-1,-1,-1,-1,686,-1,4868,457,-1,3477,False,False,0,0,0,0,0,0
2015-08-08,2015-08-08 00:00:00,Exxon,PILOT TRAVEL CENTERS LLC 103637 WS,MEMPHIS TN (MOC) - 00QE,Prem CBOB<9,457,-1,3477,0,-1,0,-1,-1,-1,0,-1,-1,0,w1,-1,0,-1,686,-1,4868,-1,-1,-1,100,100,100,-1,-1,-1,-1,-1,w2,1,2015-08-13 00:00:00,-1,-1,-1,457,-1,-1,-1,-1,-1,-1,-1,686,-1,4868,457,-1,3477,False,False,0,0,0,0,0,0
2015-08-09,2015-08-09 00:00:00,Exxon,PILOT TRAVEL CENTERS LLC 103637 WS,MEMPHIS TN (MOC) - 00QE,Prem CBOB<9,457,-1,3477,0,-1,0,-1,-1,-1,0,-1,-1,0,w1,-1,0,-1,686,-1,4868,-1,-1,-1,100,100,100,-1,-1,-1,-1,-1,w2,1,2015-08-13 00:00:00,-1,-1,-1,457,-1,-1,-1,-1,-1,-1,-1,686,-1,4868,457,-1,3477,False,False,0,0,0,0,0,0
2015-08-10,2015-08-10 00:00:00,Exxon,PILOT TRAVEL CENTERS LLC 103637 WS,MEMPHIS TN (MOC) - 00QE,Prem CBOB<9,457,-1,3477,0,-1,0,-1,-1,-1,0,-1,-1,0,w1,-1,0,-1,686,-1,4868,-1,-1,-1,100,100,100,-1,-1,-1,-1,-1,w2,1,2015-08-13 00:00:00,-1,-1,-1,457,-1,-1,-1,-1,-1,-1,-1,686,-1,4868,457,-1,3477,False,False,0,0,0,0,0,0
2015-08-11,2015-08-11 00:00:00,Exxon,PILOT TRAVEL CENTERS LLC 103637 WS,MEMPHIS TN (MOC) - 00QE,Prem CBOB<9,457,-1,3477,0,-1,0,-1,-1,-1,0,-1,-1,0,w1,-1,0,-1,686,-1,4868,-1,-1,-1,100,100,100,-1,-1,-1,-1,-1,w2,1,2015-08-13 00:00:00,-1,-1,-1,457,-1,-1,-1,-1,-1,-1,-1,686,-1,4868,457,-1,3477,False,False,0,0,0,0,0,0
2015-08-12,2015-08-12 00:00:00,Exxon,PILOT TRAVEL CENTERS LLC 103637 WS,MEMPHIS TN (MOC) - 00QE,Prem CBOB<9,457,-1,3477,0,-1,0,-1,-1,-1,0,-1,-1,0,w1,-1,0,-1,686,-1,4868,-1,-1,-1,100,100,100,-1,-1,-1,-1,-1,w2,1,2015-08-13 00:00:00,-1,-1,-1,457,-1,-1,-1,-1,-1,-1,-1,686,-1,4868,457,-1,3477,False,False,0,0,0,0,0,0
2015-08-13,2015-08-13 00:00:00,Exxon,PILOT TRAVEL CENTERS LLC 103637 WS,MEMPHIS TN (MOC) - 00QE,Prem CBOB<9,457,-1,3477,0,-1,0,-1,-1,-1,0,-1,-1,0,w1,-1,0,-1,686,-1,4868,-1,-1,-1,100,100,100,-1,-1,-1,-1,-1,w3,1,2015-08-20 00:00:00,-1,-1,-1,457,-1,-1,-1,-1,-1,-1,-1,686,-1,4868,457,-1,3477,False,True,0,0,0,0,0,0
2015-08-14,2015-08-14 00:00:00,Exxon,PILOT TRAVEL CENTERS LLC 103637 WS,MEMPHIS TN (MOC) - 00QE,Prem CBOB<9,457,-1,3477,0,-1,0,-1,-1,-1,0,-1,-1,0,w1,-1,0,-1,686,-1,4868,-1,-1,-1,100,100,100,-1,-1,-1,-1,-1,w3,1,2015-08-20 00:00:00,-1,-1,-1,457,-1,-1,-1,-1,-1,-1,-1,686,-1,4868,457,-1,3477,False,False,0,0,0,0,0,0
2015-08-15,2015-08-15 00:00:00,Exxon,PILOT TRAVEL CENTERS LLC 103637 WS,MEMPHIS TN (MOC) - 00QE,Prem CBOB<9,457,-1,3477,0,-1,0,-1,-1,-1,0,-1,-1,0,w1,-1,0,-1,686,-1,4868,-1,-1,-1,100,100,100,-1,-1,-1,-1,-1,w3,1,2015-08-20 00:00:00,-1,-1,-1,457,-1,-1,-1,-1,-1,-1,-1,686,-1,4868,457,-1,3477,False,False,0,0,0,0,0,0
2015-08-16,2015-08-16 00:00:00,Exxon,PILOT TRAVEL CENTERS LLC 103637 WS,MEMPHIS TN (MOC) - 00QE,Prem CBOB<9,457,-1,3477,0,-1,0,-1,-1,-1,0,-1,-1,0,w1,-1,0,-1,686,-1,4868,-1,-1,-1,100,100,100,-1,-1,-1,-1,-1,w3,1,2015-08-20 00:00:00,-1,-1,-1,457,-1,-1,-1,-1,-1,-1,-1,686,-1,4868,457,-1,3477,False,False,0,0,0,0,0,0
2015-08-17,2015-08-17 00:00:00,Exxon,PILOT TRAVEL CENTERS LLC 103637 WS,MEMPHIS TN (MOC) - 00QE,Prem CBOB<9,457,-1,3477,0,-1,0,-1,-1,-1,0,-1,-1,0,w1,-1,0,-1,686,-1,4868,-1,-1,-1,100,100,100,-1,-1,-1,-1,-1,w3,1,2015-08-20 00:00:00,-1,-1,-1,497,-1,-1,-1,-1,-1,-1,-1,686,-1,4868,457,-1,3477,False,False,0,0,0,0,0,0
2015-08-18,2015-08-18 00:00:00,Exxon,PILOT TRAVEL CENTERS LLC 103637 WS,MEMPHIS TN (MOC) - 00QE,Prem CBOB<9,497,-1,3477,3,0,0,0,0,-1,0,-1,4505,0,w1,0,0,4505,746,-1,4868,Available,-1,Available,150,100,140,Below Trend,-1,On Track,08/19 00:00:00 CDT,-1,w3,0,2015-08-20 00:00:00,Contract,-1,Contract,497,497,-1,-1,3477,1871334,-1,1871335,497,-1,3477,746,-1,4868,False,False,0,0,0,0,0,0
2015-08-19,2015-08-19 00:00:00,Exxon,PILOT TRAVEL CENTERS LLC 103637 WS,MEMPHIS TN (MOC) - 00QE,Prem CBOB<9,497,-1,3477,0,3401,0,3401,3401,-1,0,-1,7906,0,w1,3401,0,7906,746,-1,4868,Available,-1,Available,150,100,140,Above Trend,-1,Above Trend,08/20 00:00:00 CDT,-1,w3,0,2015-08-20 00:00:00,Contract,-1,Contract,497,497,-1,-1,3477,1903546,-1,1903547,497,-1,3477,746,-1,4868,False,False,0,0,0,0,0,0
2015-08-20,2015-08-20 00:00:00,Exxon,PILOT TRAVEL CENTERS LLC 103637 WS,MEMPHIS TN (MOC) - 00QE,Prem CBOB<9,497,-1,3477,3,0,0,0,0,-1,0,-1,0,0,w2,0,0,0,746,-1,4868,Available,-1,Available,150,100,140,Below Trend,-1,Below Trend,08/21 00:00:00 CDT,-1,w4,0,2015-08-27 00:00:00,Contract,-1,Contract,497,497,-1,-1,3477,1946149,-1,1946150,497,-1,3477,746,-1,4868,True,True,0,True,0,0,0,0
2015-08-21,2015-08-21 00:00:00,Exxon,PILOT TRAVEL CENTERS LLC 103637 WS,MEMPHIS TN (MOC) - 00QE,Prem CBOB<9,497,-1,3477,3,0,0,0,0,-1,0,-1,0,0,w2,0,0,0,746,-1,4868,Available,-1,Available,150,100,140,Below Trend,-1,Below Trend,08/22 00:00:00 CDT,-1,w4,0,2015-08-27 00:00:00,Contract,-1,Contract,497,497,-1,-1,3477,1985406,-1,1985407,497,-1,3477,746,-1,4868,True,True,0,True,0,0,0,0
2015-08-22,2015-08-22 00:00:00,Exxon,PILOT TRAVEL CENTERS LLC 103637 WS,MEMPHIS TN (MOC) - 00QE,Prem CBOB<9,497,-1,3477,3,0,0,0,0,-1,0,-1,0,0,w2,0,0,0,746,-1,4868,Available,-1,Available,150,100,140,Below Trend,-1,Below Trend,08/23 00:00:00 CDT,-1,w4,0,2015-08-27 00:00:00,Contract,-1,Contract,497,497,-1,-1,3477,2022879,-1,2022880,497,-1,3477,746,-1,4868,True,True,0,True,0,0,0,0
2015-08-23,2015-08-23 00:00:00,Exxon,PILOT TRAVEL CENTERS LLC 103637 WS,MEMPHIS TN (MOC) - 00QE,Prem CBOB<9,497,-1,3477,3,1200,0,1200,1200,-1,0,-1,1200,0,w2,1200,0,1200,746,-1,4868,Out,-1,Out,150,100,140,Above Trend,-1,Below Trend,08/24 00:00:00 CDT,-1,w4,0,2015-08-27 00:00:00,Contract,-1,Contract,497,497,-1,-1,3477,2058914,-1,2058915,497,-1,3477,746,-1,4868,True,True,1200,True,0,0,0,0
2015-08-24,2015-08-24 00:00:00,Exxon,PILOT TRAVEL CENTERS LLC 103637 WS,MEMPHIS TN (MOC) - 00QE,Prem CBOB<9,497,-1,3477,3,900,0,900,900,-1,0,-1,2100,0,w2,900,0,2100,746,-1,4868,Out,-1,Out,150,100,140,Above Trend,-1,Below Trend,08/25 00:00:00 CDT,-1,w4,0,2015-08-27 00:00:00,Contract,-1,Contract,497,497,-1,-1,3477,2096961,-1,2096962,497,-1,3477,746,-1,4868,True,True,2100,True,0,0,0,0
2015-08-25,2015-08-25 00:00:00,Exxon,PILOT TRAVEL CENTERS LLC 103637 WS,MEMPHIS TN (MOC) - 00QE,Prem CBOB<9,497,-1,3477,3,0,0,0,0,-1,0,-1,2100,0,w2,0,0,2100,746,-1,4868,Available,-1,Available,150,100,140,Below Trend,-1,Below Trend,08/26 00:00:00 CDT,-1,w4,0,2015-08-27 00:00:00,Contract,-1,Contract,497,497,-1,-1,3477,2127959,-1,2127960,497,-1,3477,746,-1,4868,True,True,2100,True,0,0,0,0
2015-08-26,2015-08-26 00:00:00,Exxon,PILOT TRAVEL CENTERS LLC 103637 WS,MEMPHIS TN (MOC) - 00QE,Prem CBOB<9,497,-1,3477,0,0,0,0,0,-1,0,-1,2100,0,w2,0,0,2100,746,-1,4868,Available,-1,Available,150,100,140,Below Trend,-1,Below Trend,08/27 00:00:00 CDT,-1,w4,0,2015-08-27 00:00:00,Contract,-1,Contract,497,497,-1,-1,3477,2155548,-1,2155549,497,-1,3477,746,-1,4868,True,True,2100,True,0,0,0,0
2015-08-27,2015-08-27 00:00:00,Exxon,PILOT TRAVEL CENTERS LLC 103637 WS,MEMPHIS TN (MOC) - 00QE,Prem CBOB<9,497,-1,3477,3,0,0,0,0,-1,0,-1,0,0,w3,0,0,0,746,-1,4868,Available,-1,Available,150,100,140,Below Trend,-1,Below Trend,08/28 00:00:00 CDT,-1,w5,0,2015-09-03 00:00:00,Contract,-1,Contract,497,497,-1,-1,3477,2182757,-1,2182758,497,-1,3477,746,-1,4868,True,True,0,True,0,0,0,0
2015-08-28,2015-08-28 00:00:00,Exxon,PILOT TRAVEL CENTERS LLC 103637 WS,MEMPHIS TN (MOC) - 00QE,Prem CBOB<9,497,-1,3477,3,1100,0,0,0,-1,0,-1,0,0,w3,0,0,0,746,-1,4868,Available,-1,Available,150,100,140,Below Trend,-1,Below Trend,08/29 00:00:00 CDT,-1,w5,0,2015-09-03 00:00:00,Contract,-1,Contract,497,497,-1,-1,3477,2190881,-1,2190882,497,-1,3477,746,-1,4868,True,False,1100,True,0,0,0,0
2015-08-29,2015-08-29 00:00:00,Exxon,PILOT TRAVEL CENTERS LLC 103637 WS,MEMPHIS TN (MOC) - 00QE,Prem CBOB<9,497,-1,3477,3,850,1,1950,850,-1,0,-1,1950,0,w3,850,0,1950,746,-1,4868,Out,-1,Out,150,100,140,On Track,-1,On Track,08/30 00:00:00 CDT,-1,w5,0,2015-09-03 00:00:00,Contract,-1,Contract,497,497,-1,-1,3477,2240431,-1,2240432,497,-1,3477,746,-1,4868,True,True,1950,True,0,0,0,0
2015-08-30,2015-08-30 00:00:00,Exxon,PILOT TRAVEL CENTERS LLC 103637 WS,MEMPHIS TN (MOC) - 00QE,Prem CBOB<9,497,-1,3477,3,900,0,900,900,-1,0,-1,2850,0,w3,900,0,2850,746,-1,4868,Out,-1,Out,150,100,140,Above Trend,-1,Above Trend,08/31 00:00:00 CDT,-1,w5,0,2015-09-03 00:00:00,Contract,-1,Contract,457,457,-1,-1,3197,2248400,-1,2248401,497,-1,3477,746,-1,4868,True,True,2850,True,0,0,0,0
2015-08-31,2015-08-31 00:00:00,Exxon,PILOT TRAVEL CENTERS LLC 103637 WS,MEMPHIS TN (MOC) - 00QE,Prem CBOB<9,457,-1,3477,0,0,0,0,0,-1,0,-1,2850,0,w3,0,0,2850,686,-1,4868,Available,-1,Available,150,100,140,Below Trend,-1,On Track,09/01 00:00:00 CDT,-1,w5,0,2015-09-03 00:00:00,Contract,-1,Contract,457,457,-1,-1,3197,2292736,-1,2292737,457,-1,3477,686,-1,4868,True,True,2850,True,0,0,0,0
