,date,supplier_name,account_type,supplier_terminal_name,product_name,base_gallons_Daily,base_gallons_Monthly,base_gallons_Weekly,lifted_gallons_daily_flag,lifted_gallons_daily_modified,Modified_WeeksByLiftedGallons,lifted_gallons_modified_WeeksByLiftedGallons,lifted_gallons_Daily,Lifted_actual_monthly,lifted_gallons_monthly_flag,lifted_gallons_Monthly,Lifted_actual_weekly,lifted_gallons_weekly_flag,WeeksByLiftedGallons,lifted_gallonsWeekly_modified_aposteriori,Modified_LiftedGallonsaposteriori,lifted_gallons_Weekly,beginning_gallons_Daily,beginning_gallons_Monthly,beginning_gallons_Weekly,en_allocation_status_Daily,en_allocation_status_Monthly,en_allocation_status_Weekly,percentage_allocation_Daily,percentage_allocation_Monthly,percentage_allocation_Weekly,alerts_ratability_Daily,alerts_ratability_Monthly,alerts_ratability_Weekly,next_refresh_date_Daily,next_refresh_date_Monthly,Week_switch,Modified_NRD,next_refresh_date_Weekly,en_account_type_Daily,en_account_type_Monthly,en_account_type_Weekly,NRB_Daily,next_refresh_base_gallons_Daily,NRB_Monthly,next_refresh_base_gallons_Monthly,next_refresh_base_gallons_Weekly,staging_id_Daily,staging_id_Monthly,staging_id_Weekly,base_gallons_Daily_Reconciled,base_gallons_Monthly_Reconciled,base_gallons_Weekly_Reconciled,beginning_gallons_Daily_Reconciled,beginning_gallons_Monthly_Reconciled,beginning_gallons_Weekly_Reconciled,sanityWeekly_CumulativeDaily_WeeksByLiftedGallons,sanityWeekly_CumulativeDaily_NextRefreshDate,computedWeekly,sanityComputedWeekly,computedMonthly,sanityComputedMonthly,sanityMonthly_CumulativeDaily_WeeksByLiftedGallons,sanityMonthly_CumulativeDaily_WeeksByNextRefreshDate
2015-08-01,2015-08-01 00:00:00,Exxon,PILOT TRAVEL CENTERS LLC 103637 IW,MEMPHIS TN (MOC) - 00QE,ULSD,38987,-1,272910,3,15325,0,15325,15325,-1,0,-1,91848,0,w1,15325,0,91848,58481,-1,382074,Available,-1,Available,150,100,140,Below Trend,-1,Below Trend,08/02 00:00:00 CDT,-1,w1,0,2015-08-06 00:00:00,Contract,-1,Contract,38987,38987,-1,-1,272910,1273489,-1,1273490,38987,-1,272910,58481,-1,382074,True,True,15325,False,0,0,0,0
2015-08-02,2015-08-02 00:00:00,Exxon,PILOT TRAVEL CENTERS LLC 103637 IW,MEMPHIS TN (MOC) - 00QE,ULSD,38987,-1,272910,3,42457,0,42457,42457,-1,0,-1,134305,0,w1,42457,0,134305,58481,-1,382074,Available,-1,Available,150,100,140,Below Trend,-1,Below Trend,08/03 00:00:00 CDT,-1,w1,0,2015-08-06 00:00:00,Contract,-1,Contract,38987,38987,-1,-1,272910,1303448,-1,1303449,38987,-1,272910,58481,-1,382074,True,True,57782,False,0,0,0,0
2015-08-03,2015-08-03 00:00:00,Exxon,PILOT TRAVEL CENTERS LLC 103637 IW,MEMPHIS TN (MOC) - 00QE,ULSD,38987,-1,272910,3,30631,0,30631,30631,-1,0,-1,164936,0,w1,30631,0,164936,58481,-1,382074,Available,-1,Available,150,100,140,Below Trend,-1,Below Trend,08/04 00:00:00 CDT,-1,w1,0,2015-08-06 00:00:00,Contract,-1,Contract,38987,38987,-1,-1,272910,1332767,-1,1332768,38987,-1,272910,58481,-1,382074,True,True,88413,False,0,0,0,0
2015-08-04,2015-08-04 00:00:00,Exxon,PILOT TRAVEL CENTERS LLC 103637 IW,MEMPHIS TN (MOC) - 00QE,ULSD,38987,-1,272910,3,53382,0,53382,53382,-1,0,-1,218318,0,w1,53382,0,218318,58481,-1,382074,Available,-1,Available,150,100,140,On Track,-1,Below Trend,08/05 00:00:00 CDT,-1,w1,0,2015-08-06 00:00:00,Contract,-1,Contract,38987,38987,-1,-1,272910,1362951,-1,1362952,38987,-1,272910,58481,-1,382074,True,True,141795,False,0,0,0,0
2015-08-05,2015-08-05 00:00:00,Exxon,PILOT TRAVEL CENTERS LLC 103637 IW,MEMPHIS TN (MOC) - 00QE,ULSD,38987,-1,272910,0,49426,0,49426,49426,-1,0,-1,267744,0,w1,49426,0,267744,58481,-1,382074,Available,-1,Available,150,100,140,On Track,-1,Below Trend,08/06 00:00:00 CDT,-1,w1,0,2015-08-06 00:00:00,Contract,-1,Contract,38987,38987,-1,-1,272910,1394117,-1,1394118,38987,-1,272910,58481,-1,382074,True,True,191221,False,0,0,0,0
2015-08-06,2015-08-06 00:00:00,Exxon,PILOT TRAVEL CENTERS LLC 103637 IW,MEMPHIS TN (MOC) - 00QE,ULSD,38987,-1,272910,3,61200,0,61200,61200,-1,0,-1,61200,0,w2,61200,0,61200,58481,-1,382074,Out,-1,Out,150,100,140,On Track,-1,On Track,08/07 00:00:00 CDT,-1,w2,0,2015-08-13 00:00:00,Contract,-1,Contract,38987,38987,-1,-1,272910,1428307,-1,1428308,38987,-1,272910,58481,-1,382074,True,True,61200,True,0,0,0,0
2015-08-07,2015-08-07 00:00:00,Exxon,PILOT TRAVEL CENTERS LLC 103637 IW,MEMPHIS TN (MOC) - 00QE,ULSD,38987,-1,272910,3,53462,0,53462,53462,-1,0,-1,114662,0,w2,53462,0,114662,58481,-1,382074,Available,-1,Available,150,100,140,On Track,-1,On Track,08/08 00:00:00 CDT,-1,w2,0,2015-08-13 00:00:00,Contract,-1,Contract,38987,38987,-1,-1,272910,1462819,-1,1462820,38987,-1,272910,58481,-1,382074,True,True,114662,True,0,0,0,0
2015-08-08,2015-08-08 00:00:00,Exxon,PILOT TRAVEL CENTERS LLC 103637 IW,MEMPHIS TN (MOC) - 00QE,ULSD,38987,-1,272910,3,31000,0,31000,31000,-1,0,-1,145662,0,w2,31000,0,145662,58481,-1,382074,Available,-1,Available,150,100,140,Below Trend,-1,On Track,08/09 00:00:00 CDT,-1,w2,0,2015-08-13 00:00:00,Contract,-1,Contract,38987,38987,-1,-1,272910,1497108,-1,1497109,38987,-1,272910,58481,-1,382074,True,True,145662,True,0,0,0,0
2015-08-09,2015-08-09 00:00:00,Exxon,PILOT TRAVEL CENTERS LLC 103637 IW,MEMPHIS TN (MOC) - 00QE,ULSD,38987,-1,272910,3,44325,0,36575,36575,-1,0,-1,182237,0,w2,36575,0,182237,58481,-1,382074,Available,-1,Available,150,100,140,Below Trend,-1,On Track,08/10 00:00:00 CDT,-1,w2,0,2015-08-13 00:00:00,Contract,-1,Contract,38987,38987,-1,-1,272910,1530793,-1,1530794,38987,-1,272910,58481,-1,382074,True,False,189987,True,0,0,0,0
2015-08-10,2015-08-10 00:00:00,Exxon,PILOT TRAVEL CENTERS LLC 103637 IW,MEMPHIS TN (MOC) - 00QE,ULSD,38987,-1,272910,3,31100,1,38850,31100,-1,0,-1,221087,0,w2,31100,0,221087,58481,-1,382074,Available,-1,Available,150,100,140,Below Trend,-1,On Track,08/11 00:00:00 CDT,-1,w2,0,2015-08-13 00:00:00,Contract,-1,Contract,38987,38987,-1,-1,272910,1563900,-1,1563901,38987,-1,272910,58481,-1,382074,True,True,221087,True,0,0,0,0
2015-08-11,2015-08-11 00:00:00,Exxon,PILOT TRAVEL CENTERS LLC 103637 IW,MEMPHIS TN (MOC) - 00QE,ULSD,38987,-1,272910,3,47600,0,47600,47600,-1,0,-1,268687,0,w2,47600,0,268687,58481,-1,382074,Available,-1,Available,150,100,140,On Track,-1,On Track,08/12 00:00:00 CDT,-1,w2,0,2015-08-13 00:00:00,Contract,-1,Contract,38987,38987,-1,-1,272910,1595640,-1,1595641,38987,-1,272910,58481,-1,382074,True,True,268687,True,0,0,0,0
2015-08-12,2015-08-12 00:00:00,Exxon,PILOT TRAVEL CENTERS LLC 103637 IW,MEMPHIS TN (MOC) - 00QE,ULSD,38987,-1,272910,0,46351,0,46351,46351,-1,0,-1,315038,0,w2,46351,0,315038,58481,-1,382074,Available,-1,Available,150,100,140,On Track,-1,On Track,08/13 00:00:00 CDT,-1,w2,0,2015-08-13 00:00:00,Contract,-1,Contract,38987,38987,-1,-1,272910,1636145,-1,1636146,38987,-1,272910,58481,-1,382074,True,True,315038,True,0,0,0,0
2015-08-13,2015-08-13 00:00:00,Exxon,PILOT TRAVEL CENTERS LLC 103637 IW,MEMPHIS TN (MOC) - 00QE,ULSD,38987,-1,272910,0,15249,0,15249,15249,-1,0,-1,15249,0,w3,15249,0,15249,58481,-1,382074,Available,-1,Available,150,100,140,Below Trend,-1,On Track,08/14 00:00:00 CDT,-1,w3,0,2015-08-20 00:00:00,Contract,-1,Contract,38987,38987,-1,-1,272910,1648169,-1,1648170,38987,-1,272910,58481,-1,382074,True,True,0,0,0,0,0,0
2015-08-14,2015-08-14 00:00:00,Exxon,PILOT TRAVEL CENTERS LLC 103637 IW,MEMPHIS TN (MOC) - 00QE,ULSD,38987,-1,272910,0,-1,0,-1,-1,-1,0,-1,-1,0,w4,-1,0,-1,58481,-1,382074,-1,-1,-1,100,100,100,-1,-1,-1,-1,-1,w3,1,2015-08-20 00:00:00,-1,-1,-1,38987,-1,-1,-1,-1,-1,-1,-1,58481,-1,382074,38987,-1,272910,True,False,0,0,0,0,0,0
2015-08-15,2015-08-15 00:00:00,Exxon,PILOT TRAVEL CENTERS LLC 103637 IW,MEMPHIS TN (MOC) - 00QE,ULSD,38987,-1,272910,0,-1,0,-1,-1,-1,0,-1,-1,0,w4,-1,0,-1,58481,-1,382074,-1,-1,-1,100,100,100,-1,-1,-1,-1,-1,w3,1,2015-08-20 00:00:00,-1,-1,-1,38987,-1,-1,-1,-1,-1,-1,-1,58481,-1,382074,38987,-1,272910,False,False,0,0,0,0,0,0
2015-08-16,2015-08-16 00:00:00,Exxon,PILOT TRAVEL CENTERS LLC 103637 IW,MEMPHIS TN (MOC) - 00QE,ULSD,38987,-1,272910,0,-1,0,-1,-1,-1,0,-1,-1,0,w4,-1,0,-1,58481,-1,382074,-1,-1,-1,100,100,100,-1,-1,-1,-1,-1,w3,1,2015-08-20 00:00:00,-1,-1,-1,38987,-1,-1,-1,-1,-1,-1,-1,58481,-1,382074,38987,-1,272910,False,False,0,0,0,0,0,0
2015-08-17,2015-08-17 00:00:00,Exxon,PILOT TRAVEL CENTERS LLC 103637 IW,MEMPHIS TN (MOC) - 00QE,ULSD,38987,-1,272910,0,-1,0,-1,-1,-1,0,-1,-1,0,w4,-1,0,-1,58481,-1,382074,-1,-1,-1,100,100,100,-1,-1,-1,-1,-1,w3,1,2015-08-20 00:00:00,-1,-1,-1,38987,-1,-1,-1,-1,-1,-1,-1,58481,-1,382074,38987,-1,272910,False,False,0,0,0,0,0,0
2015-08-18,2015-08-18 00:00:00,Exxon,PILOT TRAVEL CENTERS LLC 103637 IW,MEMPHIS TN (MOC) - 00QE,ULSD,38987,-1,272910,0,-1,0,-1,-1,-1,0,-1,-1,0,w4,-1,0,-1,58481,-1,382074,-1,-1,-1,100,100,100,-1,-1,-1,-1,-1,w3,1,2015-08-20 00:00:00,-1,-1,-1,38987,-1,-1,-1,-1,-1,-1,-1,58481,-1,382074,38987,-1,272910,False,False,0,0,0,0,0,0
2015-08-19,2015-08-19 00:00:00,Exxon,PILOT TRAVEL CENTERS LLC 103637 IW,MEMPHIS TN (MOC) - 00QE,ULSD,38987,-1,272910,0,-1,0,-1,-1,-1,0,-1,-1,0,w4,-1,0,-1,58481,-1,382074,-1,-1,-1,100,100,100,-1,-1,-1,-1,-1,w3,1,2015-08-20 00:00:00,-1,-1,-1,38987,-1,-1,-1,-1,-1,-1,-1,58481,-1,382074,38987,-1,272910,False,False,0,0,0,0,0,0
2015-08-20,2015-08-20 00:00:00,Exxon,PILOT TRAVEL CENTERS LLC 103637 IW,MEMPHIS TN (MOC) - 00QE,ULSD,38987,-1,272910,0,-1,0,-1,-1,-1,0,-1,-1,0,w4,-1,0,-1,58481,-1,382074,-1,-1,-1,100,100,100,-1,-1,-1,-1,-1,w4,1,2015-08-27 00:00:00,-1,-1,-1,38987,-1,-1,-1,-1,-1,-1,-1,58481,-1,382074,38987,-1,272910,False,True,0,0,0,0,0,0
2015-08-21,2015-08-21 00:00:00,Exxon,PILOT TRAVEL CENTERS LLC 103637 IW,MEMPHIS TN (MOC) - 00QE,ULSD,38987,-1,272910,0,-1,0,-1,-1,-1,0,-1,-1,0,w4,-1,0,-1,58481,-1,382074,-1,-1,-1,100,100,100,-1,-1,-1,-1,-1,w4,1,2015-08-27 00:00:00,-1,-1,-1,38987,-1,-1,-1,-1,-1,-1,-1,58481,-1,382074,38987,-1,272910,False,False,0,0,0,0,0,0
2015-08-22,2015-08-22 00:00:00,Exxon,PILOT TRAVEL CENTERS LLC 103637 IW,MEMPHIS TN (MOC) - 00QE,ULSD,38987,-1,272910,0,-1,0,-1,-1,-1,0,-1,-1,0,w4,-1,0,-1,58481,-1,382074,-1,-1,-1,100,100,100,-1,-1,-1,-1,-1,w4,1,2015-08-27 00:00:00,-1,-1,-1,38987,-1,-1,-1,-1,-1,-1,-1,58481,-1,382074,38987,-1,272910,False,False,0,0,0,0,0,0
2015-08-23,2015-08-23 00:00:00,Exxon,PILOT TRAVEL CENTERS LLC 103637 IW,MEMPHIS TN (MOC) - 00QE,ULSD,38987,-1,272910,0,-1,0,-1,-1,-1,0,-1,-1,0,w4,-1,0,-1,58481,-1,382074,-1,-1,-1,100,100,100,-1,-1,-1,-1,-1,w4,1,2015-08-27 00:00:00,-1,-1,-1,38987,-1,-1,-1,-1,-1,-1,-1,58481,-1,382074,38987,-1,272910,False,False,0,0,0,0,0,0
2015-08-24,2015-08-24 00:00:00,Exxon,PILOT TRAVEL CENTERS LLC 103637 IW,MEMPHIS TN (MOC) - 00QE,ULSD,38987,-1,272910,0,-1,0,-1,-1,-1,0,-1,-1,0,w4,-1,0,-1,58481,-1,382074,-1,-1,-1,100,100,100,-1,-1,-1,-1,-1,w4,1,2015-08-27 00:00:00,-1,-1,-1,38987,-1,-1,-1,-1,-1,-1,-1,58481,-1,382074,38987,-1,272910,False,False,0,0,0,0,0,0
2015-08-25,2015-08-25 00:00:00,Exxon,PILOT TRAVEL CENTERS LLC 103637 IW,MEMPHIS TN (MOC) - 00QE,ULSD,38987,-1,272910,0,-1,0,-1,-1,-1,0,-1,-1,0,w4,-1,0,-1,58481,-1,382074,-1,-1,-1,100,100,100,-1,-1,-1,-1,-1,w4,1,2015-08-27 00:00:00,-1,-1,-1,38987,-1,-1,-1,-1,-1,-1,-1,58481,-1,382074,38987,-1,272910,False,False,0,0,0,0,0,0
2015-08-26,2015-08-26 00:00:00,Exxon,PILOT TRAVEL CENTERS LLC 103637 IW,MEMPHIS TN (MOC) - 00QE,ULSD,38987,-1,272910,0,-1,0,-1,-1,-1,0,-1,-1,0,w4,-1,0,-1,58481,-1,382074,-1,-1,-1,100,100,100,-1,-1,-1,-1,-1,w4,1,2015-08-27 00:00:00,-1,-1,-1,38987,-1,-1,-1,-1,-1,-1,-1,58481,-1,382074,38987,-1,272910,False,False,0,0,0,0,0,0
2015-08-27,2015-08-27 00:00:00,Exxon,PILOT TRAVEL CENTERS LLC 103637 IW,MEMPHIS TN (MOC) - 00QE,ULSD,38987,-1,272910,0,-1,0,-1,-1,-1,0,-1,-1,0,w4,-1,0,-1,58481,-1,382074,-1,-1,-1,100,100,100,-1,-1,-1,-1,-1,w5,1,2015-09-03 00:00:00,-1,-1,-1,38987,-1,-1,-1,-1,-1,-1,-1,58481,-1,382074,38987,-1,272910,False,True,0,0,0,0,0,0
2015-08-28,2015-08-28 00:00:00,Exxon,PILOT TRAVEL CENTERS LLC 103637 IW,MEMPHIS TN (MOC) - 00QE,ULSD,38987,-1,272910,0,-1,0,-1,-1,-1,0,-1,-1,0,w4,-1,0,-1,58481,-1,382074,-1,-1,-1,100,100,100,-1,-1,-1,-1,-1,w5,1,2015-09-03 00:00:00,-1,-1,-1,38987,-1,-1,-1,-1,-1,-1,-1,58481,-1,382074,38987,-1,272910,False,False,0,0,0,0,0,0
2015-08-29,2015-08-29 00:00:00,Exxon,PILOT TRAVEL CENTERS LLC 103637 IW,MEMPHIS TN (MOC) - 00QE,ULSD,38987,-1,272910,0,-1,0,-1,-1,-1,0,-1,-1,0,w4,-1,0,-1,58481,-1,382074,-1,-1,-1,100,100,100,-1,-1,-1,-1,-1,w5,1,2015-09-03 00:00:00,-1,-1,-1,38987,-1,-1,-1,-1,-1,-1,-1,58481,-1,382074,38987,-1,272910,False,False,0,0,0,0,0,0
2015-08-30,2015-08-30 00:00:00,Exxon,PILOT TRAVEL CENTERS LLC 103637 IW,MEMPHIS TN (MOC) - 00QE,ULSD,38987,-1,272910,0,-1,0,-1,-1,-1,0,-1,-1,0,w4,-1,0,-1,58481,-1,382074,-1,-1,-1,100,100,100,-1,-1,-1,-1,-1,w5,1,2015-09-03 00:00:00,-1,-1,-1,38987,-1,-1,-1,-1,-1,-1,-1,58481,-1,382074,38987,-1,272910,False,False,0,0,0,0,0,0
2015-08-31,2015-08-31 00:00:00,Exxon,PILOT TRAVEL CENTERS LLC 103637 IW,MEMPHIS TN (MOC) - 00QE,ULSD,38987,-1,272910,0,-1,0,-1,-1,-1,0,-1,-1,0,w4,-1,0,-1,58481,-1,382074,-1,-1,-1,100,100,100,-1,-1,-1,-1,-1,w5,1,2015-09-03 00:00:00,-1,-1,-1,38987,-1,-1,-1,-1,-1,-1,-1,58481,-1,382074,38987,-1,272910,False,False,0,0,0,0,0,0
