,date,supplier_name,account_type,supplier_terminal_name,product_name,base_gallons_Daily,base_gallons_Monthly,base_gallons_Weekly,lifted_gallons_daily_flag,lifted_gallons_daily_modified,Modified_WeeksByLiftedGallons,lifted_gallons_modified_WeeksByLiftedGallons,lifted_gallons_Daily,Lifted_actual_monthly,lifted_gallons_monthly_flag,lifted_gallons_Monthly,Lifted_actual_weekly,lifted_gallons_weekly_flag,WeeksByLiftedGallons,lifted_gallonsWeekly_modified_aposteriori,Modified_LiftedGallonsaposteriori,lifted_gallons_Weekly,beginning_gallons_Daily,beginning_gallons_Monthly,beginning_gallons_Weekly,en_allocation_status_Daily,en_allocation_status_Monthly,en_allocation_status_Weekly,percentage_allocation_Daily,percentage_allocation_Monthly,percentage_allocation_Weekly,alerts_ratability_Daily,alerts_ratability_Monthly,alerts_ratability_Weekly,next_refresh_date_Daily,next_refresh_date_Monthly,Week_switch,Modified_NRD,next_refresh_date_Weekly,en_account_type_Daily,en_account_type_Monthly,en_account_type_Weekly,NRB_Daily,next_refresh_base_gallons_Daily,NRB_Monthly,next_refresh_base_gallons_Monthly,next_refresh_base_gallons_Weekly,staging_id_Daily,staging_id_Monthly,staging_id_Weekly,base_gallons_Daily_Reconciled,base_gallons_Monthly_Reconciled,base_gallons_Weekly_Reconciled,beginning_gallons_Daily_Reconciled,beginning_gallons_Monthly_Reconciled,beginning_gallons_Weekly_Reconciled,sanityWeekly_CumulativeDaily_WeeksByLiftedGallons,sanityWeekly_CumulativeDaily_NextRefreshDate,computedWeekly,sanityComputedWeekly,computedMonthly,sanityComputedMonthly,sanityMonthly_CumulativeDaily_WeeksByLiftedGallons,sanityMonthly_CumulativeDaily_WeeksByNextRefreshDate
2015-08-01,2015-08-01 00:00:00,Exxon,PILOT TRAVEL CENTERS LLC 103637 WS,MEMPHIS TN (MOC) - 00QE,ULSD,38987,-1,272910,0,-1,0,-1,-1,-1,0,-1,-1,0,w1,-1,0,-1,58481,-1,382074,-1,-1,-1,100,100,100,-1,-1,-1,-1,-1,w1,1,2015-08-06 00:00:00,-1,-1,-1,38987,-1,-1,-1,-1,-1,-1,-1,58481,-1,382074,38987,-1,272910,True,True,0,0,0,0,1,1
2015-08-02,2015-08-02 00:00:00,Exxon,PILOT TRAVEL CENTERS LLC 103637 WS,MEMPHIS TN (MOC) - 00QE,ULSD,38987,-1,272910,0,-1,0,-1,-1,-1,0,-1,-1,0,w1,-1,0,-1,58481,-1,382074,-1,-1,-1,100,100,100,-1,-1,-1,-1,-1,w1,1,2015-08-06 00:00:00,-1,-1,-1,38987,-1,-1,-1,-1,-1,-1,-1,58481,-1,382074,38987,-1,272910,False,False,0,0,0,0,0,0
2015-08-03,2015-08-03 00:00:00,Exxon,PILOT TRAVEL CENTERS LLC 103637 WS,MEMPHIS TN (MOC) - 00QE,ULSD,38987,-1,272910,0,-1,0,-1,-1,-1,0,-1,-1,0,w1,-1,0,-1,58481,-1,382074,-1,-1,-1,100,100,100,-1,-1,-1,-1,-1,w1,1,2015-08-06 00:00:00,-1,-1,-1,38987,-1,-1,-1,-1,-1,-1,-1,58481,-1,382074,38987,-1,272910,False,False,0,0,0,0,0,0
2015-08-04,2015-08-04 00:00:00,Exxon,PILOT TRAVEL CENTERS LLC 103637 WS,MEMPHIS TN (MOC) - 00QE,ULSD,38987,-1,272910,0,-1,0,-1,-1,-1,0,-1,-1,0,w1,-1,0,-1,58481,-1,382074,-1,-1,-1,100,100,100,-1,-1,-1,-1,-1,w1,1,2015-08-06 00:00:00,-1,-1,-1,38987,-1,-1,-1,-1,-1,-1,-1,58481,-1,382074,38987,-1,272910,False,False,0,0,0,0,0,0
2015-08-05,2015-08-05 00:00:00,Exxon,PILOT TRAVEL CENTERS LLC 103637 WS,MEMPHIS TN (MOC) - 00QE,ULSD,38987,-1,272910,0,-1,0,-1,-1,-1,0,-1,-1,0,w1,-1,0,-1,58481,-1,382074,-1,-1,-1,100,100,100,-1,-1,-1,-1,-1,w1,1,2015-08-06 00:00:00,-1,-1,-1,38987,-1,-1,-1,-1,-1,-1,-1,58481,-1,382074,38987,-1,272910,False,False,0,0,0,0,0,0
2015-08-06,2015-08-06 00:00:00,Exxon,PILOT TRAVEL CENTERS LLC 103637 WS,MEMPHIS TN (MOC) - 00QE,ULSD,38987,-1,272910,0,-1,0,-1,-1,-1,0,-1,-1,0,w1,-1,0,-1,58481,-1,382074,-1,-1,-1,100,100,100,-1,-1,-1,-1,-1,w2,1,2015-08-13 00:00:00,-1,-1,-1,38987,-1,-1,-1,-1,-1,-1,-1,58481,-1,382074,38987,-1,272910,False,True,0,0,0,0,0,0
2015-08-07,2015-08-07 00:00:00,Exxon,PILOT TRAVEL CENTERS LLC 103637 WS,MEMPHIS TN (MOC) - 00QE,ULSD,38987,-1,272910,0,-1,0,-1,-1,-1,0,-1,-1,0,w1,-1,0,-1,58481,-1,382074,-1,-1,-1,100,100,100,-1,-1,-1,-1,-1,w2,1,2015-08-13 00:00:00,-1,-1,-1,38987,-1,-1,-1,-1,-1,-1,-1,58481,-1,382074,38987,-1,272910,False,False,0,0,0,0,0,0
2015-08-08,2015-08-08 00:00:00,Exxon,PILOT TRAVEL CENTERS LLC 103637 WS,MEMPHIS TN (MOC) - 00QE,ULSD,38987,-1,272910,0,-1,0,-1,-1,-1,0,-1,-1,0,w1,-1,0,-1,58481,-1,382074,-1,-1,-1,100,100,100,-1,-1,-1,-1,-1,w2,1,2015-08-13 00:00:00,-1,-1,-1,38987,-1,-1,-1,-1,-1,-1,-1,58481,-1,382074,38987,-1,272910,False,False,0,0,0,0,0,0
2015-08-09,2015-08-09 00:00:00,Exxon,PILOT TRAVEL CENTERS LLC 103637 WS,MEMPHIS TN (MOC) - 00QE,ULSD,38987,-1,272910,0,-1,0,-1,-1,-1,0,-1,-1,0,w1,-1,0,-1,58481,-1,382074,-1,-1,-1,100,100,100,-1,-1,-1,-1,-1,w2,1,2015-08-13 00:00:00,-1,-1,-1,38987,-1,-1,-1,-1,-1,-1,-1,58481,-1,382074,38987,-1,272910,False,False,0,0,0,0,0,0
2015-08-10,2015-08-10 00:00:00,Exxon,PILOT TRAVEL CENTERS LLC 103637 WS,MEMPHIS TN (MOC) - 00QE,ULSD,38987,-1,272910,0,-1,0,-1,-1,-1,0,-1,-1,0,w1,-1,0,-1,58481,-1,382074,-1,-1,-1,100,100,100,-1,-1,-1,-1,-1,w2,1,2015-08-13 00:00:00,-1,-1,-1,38987,-1,-1,-1,-1,-1,-1,-1,58481,-1,382074,38987,-1,272910,False,False,0,0,0,0,0,0
2015-08-11,2015-08-11 00:00:00,Exxon,PILOT TRAVEL CENTERS LLC 103637 WS,MEMPHIS TN (MOC) - 00QE,ULSD,38987,-1,272910,0,-1,0,-1,-1,-1,0,-1,-1,0,w1,-1,0,-1,58481,-1,382074,-1,-1,-1,100,100,100,-1,-1,-1,-1,-1,w2,1,2015-08-13 00:00:00,-1,-1,-1,38987,-1,-1,-1,-1,-1,-1,-1,58481,-1,382074,38987,-1,272910,False,False,0,0,0,0,0,0
2015-08-12,2015-08-12 00:00:00,Exxon,PILOT TRAVEL CENTERS LLC 103637 WS,MEMPHIS TN (MOC) - 00QE,ULSD,38987,-1,272910,0,-1,0,-1,-1,-1,0,-1,-1,0,w1,-1,0,-1,58481,-1,382074,-1,-1,-1,100,100,100,-1,-1,-1,-1,-1,w2,1,2015-08-13 00:00:00,-1,-1,-1,38987,-1,-1,-1,-1,-1,-1,-1,58481,-1,382074,38987,-1,272910,False,False,0,0,0,0,0,0
2015-08-13,2015-08-13 00:00:00,Exxon,PILOT TRAVEL CENTERS LLC 103637 WS,MEMPHIS TN (MOC) - 00QE,ULSD,38987,-1,272910,0,-1,0,-1,-1,-1,0,-1,-1,0,w1,-1,0,-1,58481,-1,382074,-1,-1,-1,100,100,100,-1,-1,-1,-1,-1,w3,1,2015-08-20 00:00:00,-1,-1,-1,38987,-1,-1,-1,-1,-1,-1,-1,58481,-1,382074,38987,-1,272910,False,True,0,0,0,0,0,0
2015-08-14,2015-08-14 00:00:00,Exxon,PILOT TRAVEL CENTERS LLC 103637 WS,MEMPHIS TN (MOC) - 00QE,ULSD,38987,-1,272910,0,-1,0,-1,-1,-1,0,-1,-1,0,w1,-1,0,-1,58481,-1,382074,-1,-1,-1,100,100,100,-1,-1,-1,-1,-1,w3,1,2015-08-20 00:00:00,-1,-1,-1,38987,-1,-1,-1,-1,-1,-1,-1,58481,-1,382074,38987,-1,272910,False,False,0,0,0,0,0,0
2015-08-15,2015-08-15 00:00:00,Exxon,PILOT TRAVEL CENTERS LLC 103637 WS,MEMPHIS TN (MOC) - 00QE,ULSD,38987,-1,272910,0,-1,0,-1,-1,-1,0,-1,-1,0,w1,-1,0,-1,58481,-1,382074,-1,-1,-1,100,100,100,-1,-1,-1,-1,-1,w3,1,2015-08-20 00:00:00,-1,-1,-1,38987,-1,-1,-1,-1,-1,-1,-1,58481,-1,382074,38987,-1,272910,False,False,0,0,0,0,0,0
2015-08-16,2015-08-16 00:00:00,Exxon,PILOT TRAVEL CENTERS LLC 103637 WS,MEMPHIS TN (MOC) - 00QE,ULSD,38987,-1,272910,0,-1,0,-1,-1,-1,0,-1,-1,0,w1,-1,0,-1,58481,-1,382074,-1,-1,-1,100,100,100,-1,-1,-1,-1,-1,w3,1,2015-08-20 00:00:00,-1,-1,-1,38987,-1,-1,-1,-1,-1,-1,-1,58481,-1,382074,38987,-1,272910,False,False,0,0,0,0,0,0
2015-08-17,2015-08-17 00:00:00,Exxon,PILOT TRAVEL CENTERS LLC 103637 WS,MEMPHIS TN (MOC) - 00QE,ULSD,38987,-1,272910,0,-1,0,-1,-1,-1,0,-1,-1,0,w1,-1,0,-1,58481,-1,382074,-1,-1,-1,100,100,100,-1,-1,-1,-1,-1,w3,1,2015-08-20 00:00:00,-1,-1,-1,38987,-1,-1,-1,-1,-1,-1,-1,58481,-1,382074,38987,-1,272910,False,False,0,0,0,0,0,0
2015-08-18,2015-08-18 00:00:00,Exxon,PILOT TRAVEL CENTERS LLC 103637 WS,MEMPHIS TN (MOC) - 00QE,ULSD,38987,-1,272910,3,37501,0,37501,37501,-1,0,-1,240498,0,w1,37501,0,240498,58481,-1,382074,Available,-1,Available,150,100,140,Below Trend,-1,Below Trend,08/19 00:00:00 CDT,-1,w3,0,2015-08-20 00:00:00,Contract,-1,Contract,38987,38987,-1,-1,272910,1871340,-1,1871341,38987,-1,272910,58481,-1,382074,False,False,0,0,0,0,0,0
2015-08-19,2015-08-19 00:00:00,Exxon,PILOT TRAVEL CENTERS LLC 103637 WS,MEMPHIS TN (MOC) - 00QE,ULSD,38987,-1,272910,0,49940,0,49940,49940,-1,0,-1,290438,0,w1,49940,0,290438,58481,-1,382074,Available,-1,Available,150,100,140,On Track,-1,Below Trend,08/20 00:00:00 CDT,-1,w3,0,2015-08-20 00:00:00,Contract,-1,Contract,38987,38987,-1,-1,272910,1903552,-1,1903553,38987,-1,272910,58481,-1,382074,False,False,0,0,0,0,0,0
2015-08-20,2015-08-20 00:00:00,Exxon,PILOT TRAVEL CENTERS LLC 103637 WS,MEMPHIS TN (MOC) - 00QE,ULSD,38987,-1,272910,3,44401,0,36901,36901,-1,0,-1,36901,0,w2,36901,0,36901,58481,-1,382074,Available,-1,Available,150,100,140,Below Trend,-1,Below Trend,08/21 00:00:00 CDT,-1,w4,0,2015-08-27 00:00:00,Contract,-1,Contract,38987,38987,-1,-1,272910,1946155,-1,1946156,38987,-1,272910,58481,-1,382074,True,False,44401,True,0,0,0,0
2015-08-21,2015-08-21 00:00:00,Exxon,PILOT TRAVEL CENTERS LLC 103637 WS,MEMPHIS TN (MOC) - 00QE,ULSD,38987,-1,272910,3,29501,1,37001,29501,-1,0,-1,73902,0,w2,29501,0,73902,58481,-1,382074,Available,-1,Available,150,100,140,Below Trend,-1,Below Trend,08/22 00:00:00 CDT,-1,w4,0,2015-08-27 00:00:00,Contract,-1,Contract,38987,38987,-1,-1,272910,1985412,-1,1985413,38987,-1,272910,58481,-1,382074,True,True,73902,True,0,0,0,0
2015-08-22,2015-08-22 00:00:00,Exxon,PILOT TRAVEL CENTERS LLC 103637 WS,MEMPHIS TN (MOC) - 00QE,ULSD,38987,-1,272910,3,15200,0,15200,15200,-1,0,-1,89102,0,w2,15200,0,89102,58481,-1,382074,Available,-1,Available,150,100,140,Below Trend,-1,Below Trend,08/23 00:00:00 CDT,-1,w4,0,2015-08-27 00:00:00,Contract,-1,Contract,38987,38987,-1,-1,272910,2022885,-1,2022886,38987,-1,272910,58481,-1,382074,True,True,89102,True,0,0,0,0
2015-08-23,2015-08-23 00:00:00,Exxon,PILOT TRAVEL CENTERS LLC 103637 WS,MEMPHIS TN (MOC) - 00QE,ULSD,38987,-1,272910,3,22700,0,22700,22700,-1,0,-1,111802,0,w2,22700,0,111802,58481,-1,382074,Available,-1,Available,150,100,140,Below Trend,-1,Below Trend,08/24 00:00:00 CDT,-1,w4,0,2015-08-27 00:00:00,Contract,-1,Contract,38987,38987,-1,-1,272910,2058920,-1,2058921,38987,-1,272910,58481,-1,382074,True,True,111802,True,0,0,0,0
2015-08-24,2015-08-24 00:00:00,Exxon,PILOT TRAVEL CENTERS LLC 103637 WS,MEMPHIS TN (MOC) - 00QE,ULSD,38987,-1,272910,3,37550,0,37550,37550,-1,0,-1,149352,0,w2,37550,0,149352,58481,-1,382074,Available,-1,Available,150,100,140,Below Trend,-1,Below Trend,08/25 00:00:00 CDT,-1,w4,0,2015-08-27 00:00:00,Contract,-1,Contract,38987,38987,-1,-1,272910,2096967,-1,2096968,38987,-1,272910,58481,-1,382074,True,True,149352,True,0,0,0,0
2015-08-25,2015-08-25 00:00:00,Exxon,PILOT TRAVEL CENTERS LLC 103637 WS,MEMPHIS TN (MOC) - 00QE,ULSD,38987,-1,272910,3,49105,0,45105,45105,-1,0,-1,194457,0,w2,45105,0,194457,58481,-1,382074,Available,-1,Available,150,100,140,On Track,-1,Below Trend,08/26 00:00:00 CDT,-1,w4,0,2015-08-27 00:00:00,Contract,-1,Contract,38987,38987,-1,-1,272910,2127965,-1,2127966,38987,-1,272910,58481,-1,382074,True,False,198457,True,0,0,0,0
2015-08-26,2015-08-26 00:00:00,Exxon,PILOT TRAVEL CENTERS LLC 103637 WS,MEMPHIS TN (MOC) - 00QE,ULSD,38987,-1,272910,0,37300,1,41300,37300,-1,0,-1,235757,0,w2,37300,0,235757,58481,-1,382074,Available,-1,Available,150,100,140,Below Trend,-1,Below Trend,08/27 00:00:00 CDT,-1,w4,0,2015-08-27 00:00:00,Contract,-1,Contract,38987,38987,-1,-1,272910,2155554,-1,2155555,38987,-1,272910,58481,-1,382074,True,True,235757,True,0,0,0,0
2015-08-27,2015-08-27 00:00:00,Exxon,PILOT TRAVEL CENTERS LLC 103637 WS,MEMPHIS TN (MOC) - 00QE,ULSD,38987,-1,272910,3,59855,0,59855,59855,-1,0,-1,59855,0,w3,59855,0,59855,58481,-1,382074,Out,-1,Out,150,100,140,On Track,-1,On Track,08/28 00:00:00 CDT,-1,w5,0,2015-09-03 00:00:00,Contract,-1,Contract,38987,38987,-1,-1,272910,2182763,-1,2182764,38987,-1,272910,58481,-1,382074,True,True,59855,True,0,0,0,0
2015-08-28,2015-08-28 00:00:00,Exxon,PILOT TRAVEL CENTERS LLC 103637 WS,MEMPHIS TN (MOC) - 00QE,ULSD,38987,-1,272910,3,59800,0,15100,15100,-1,0,-1,74955,0,w3,15100,0,74955,58481,-1,382074,Available,-1,Available,150,100,140,On Track,-1,On Track,08/29 00:00:00 CDT,-1,w5,0,2015-09-03 00:00:00,Contract,-1,Contract,38987,38987,-1,-1,272910,2190887,-1,2190888,38987,-1,272910,58481,-1,382074,True,False,119655,True,0,0,0,0
2015-08-29,2015-08-29 00:00:00,Exxon,PILOT TRAVEL CENTERS LLC 103637 WS,MEMPHIS TN (MOC) - 00QE,ULSD,38987,-1,272910,3,25100,1,69800,25100,-1,0,-1,144755,0,w3,25100,0,144755,58481,-1,382074,Available,-1,Available,150,100,140,Below Trend,-1,On Track,08/30 00:00:00 CDT,-1,w5,0,2015-09-03 00:00:00,Contract,-1,Contract,38987,38987,-1,-1,272910,2240437,-1,2240438,38987,-1,272910,58481,-1,382074,True,True,144755,True,0,0,0,0
2015-08-30,2015-08-30 00:00:00,Exxon,PILOT TRAVEL CENTERS LLC 103637 WS,MEMPHIS TN (MOC) - 00QE,ULSD,38987,-1,272910,3,25851,0,7600,7600,-1,0,-1,152355,0,w3,7600,0,152355,58481,-1,382074,Available,-1,Available,150,100,140,Below Trend,-1,On Track,08/31 00:00:00 CDT,-1,w5,0,2015-09-03 00:00:00,Contract,-1,Contract,39270,39270,-1,-1,274889,2248406,-1,2248407,38987,-1,272910,58481,-1,382074,True,False,170606,True,0,0,0,0
2015-08-31,2015-08-31 00:00:00,Exxon,PILOT TRAVEL CENTERS LLC 103637 WS,MEMPHIS TN (MOC) - 00QE,ULSD,39270,-1,272910,0,7500,1,25751,7500,-1,0,-1,178106,0,w3,7500,0,178106,58905,-1,382074,Available,-1,Available,150,100,140,Below Trend,-1,Below Trend,09/01 00:00:00 CDT,-1,w5,0,2015-09-03 00:00:00,Contract,-1,Contract,39270,39270,-1,-1,274889,2292742,-1,2292743,39270,-1,272910,58905,-1,382074,True,True,178106,True,0,0,0,0
