,date,supplier_name,account_type,supplier_terminal_name,product_name,base_gallons_Daily,base_gallons_Monthly,base_gallons_Weekly,lifted_gallons_daily_flag,lifted_gallons_daily_modified,Modified_WeeksByLiftedGallons,lifted_gallons_modified_WeeksByLiftedGallons,lifted_gallons_Daily,Lifted_actual_monthly,lifted_gallons_monthly_flag,lifted_gallons_Monthly,Lifted_actual_weekly,lifted_gallons_weekly_flag,WeeksByLiftedGallons,lifted_gallonsWeekly_modified_aposteriori,Modified_LiftedGallonsaposteriori,lifted_gallons_Weekly,beginning_gallons_Daily,beginning_gallons_Monthly,beginning_gallons_Weekly,en_allocation_status_Daily,en_allocation_status_Monthly,en_allocation_status_Weekly,percentage_allocation_Daily,percentage_allocation_Monthly,percentage_allocation_Weekly,alerts_ratability_Daily,alerts_ratability_Monthly,alerts_ratability_Weekly,next_refresh_date_Daily,next_refresh_date_Monthly,Week_switch,Modified_NRD,next_refresh_date_Weekly,en_account_type_Daily,en_account_type_Monthly,en_account_type_Weekly,staging_id_Daily,staging_id_Monthly,staging_id_Weekly,base_gallons_Daily_Reconciled,base_gallons_Monthly_Reconciled,base_gallons_Weekly_Reconciled,beginning_gallons_Daily_Reconciled,beginning_gallons_Monthly_Reconciled,beginning_gallons_Weekly_Reconciled,sanityWeekly_CumulativeDaily_WeeksByLiftedGallons,sanityWeekly_CumulativeDaily_NextRefreshDate,computedWeekly,computedMonthly,sanityComputedMonthly,sanityMonthly_CumulativeDaily_WeeksByLiftedGallons,sanityMonthly_CumulativeDaily_WeeksByNextRefreshDate
2015-07-01,2015-07-01 00:00:00,Holly,PILOT TRAVEL CENTERS LLC - PRODUCT,Woods Cross UT - HEP - 5000,V,0.0,0.0,0.0,1,0,0,0,0,0,0,0,3502,1,w1,0,0,0,11290,500000,112903,Available,Available,Available,100,100,100,-1,-1,-1,07/02 00:00:00 MDT,08/01 00:00:00 MDT,w1,0,2015-07-05 00:00:00,Contract,Contract,Contract,507911,507913,507912,11290,500000,112903,0,0,0,True,True,0,0,1,1,1
2015-07-02,2015-07-02 00:00:00,Holly,PILOT TRAVEL CENTERS LLC - PRODUCT,Woods Cross UT - HEP - 5000,V,0.0,0.0,0.0,1,0,0,0,0,0,0,0,3502,1,w1,0,0,0,11290,500000,112903,Available,Available,Available,100,100,100,-1,-1,-1,07/03 00:00:00 MDT,08/01 00:00:00 MDT,w1,0,2015-07-05 00:00:00,Contract,Contract,Contract,526986,526988,526987,11290,500000,112903,0,0,0,True,True,0,0,1,1,1
2015-07-03,2015-07-03 00:00:00,Holly,PILOT TRAVEL CENTERS LLC - PRODUCT,Woods Cross UT - HEP - 5000,V,0.0,0.0,0.0,1,0,0,0,0,0,0,0,3502,1,w1,0,0,0,11290,500000,112903,Available,Available,Available,100,100,100,-1,-1,-1,07/04 00:00:00 MDT,08/01 00:00:00 MDT,w1,0,2015-07-05 00:00:00,Contract,Contract,Contract,533550,533552,533551,11290,500000,112903,0,0,0,True,True,0,0,1,1,1
2015-07-04,2015-07-04 00:00:00,Holly,PILOT TRAVEL CENTERS LLC - PRODUCT,Woods Cross UT - HEP - 5000,V,0.0,0.0,0.0,1,0,0,0,0,0,0,0,3502,1,w1,0,0,0,11290,500000,112903,Available,Available,Available,100,100,100,-1,-1,-1,07/05 00:00:00 MDT,08/01 00:00:00 MDT,w1,0,2015-07-05 00:00:00,Contract,Contract,Contract,540889,540891,540890,11290,500000,112903,0,0,0,True,True,0,0,1,1,1
2015-07-05,2015-07-05 00:00:00,Holly,PILOT TRAVEL CENTERS LLC - PRODUCT,Woods Cross UT - HEP - 5000,V,0.0,0.0,0.0,1,0,0,0,0,0,0,0,0,1,w2,0,0,0,11290,500000,112903,Available,Available,Available,100,100,100,-1,-1,-1,07/06 00:00:00 MDT,08/01 00:00:00 MDT,w2,0,2015-07-12 00:00:00,Contract,Contract,Contract,547332,547334,547333,11290,500000,112903,0,0,0,True,True,0,0,1,1,1
2015-07-06,2015-07-06 00:00:00,Holly,PILOT TRAVEL CENTERS LLC - PRODUCT,Woods Cross UT - HEP - 5000,V,0.0,0.0,0.0,1,0,0,0,0,0,0,0,0,1,w2,0,0,0,11290,500000,112903,Available,Available,Available,100,100,100,-1,-1,-1,07/07 00:00:00 MDT,08/01 00:00:00 MDT,w2,0,2015-07-12 00:00:00,Contract,Contract,Contract,553648,553650,553649,11290,500000,112903,0,0,0,True,True,0,0,1,1,1
2015-07-07,2015-07-07 00:00:00,Holly,PILOT TRAVEL CENTERS LLC - PRODUCT,Woods Cross UT - HEP - 5000,V,0.0,0.0,0.0,1,0,0,0,0,0,0,0,0,1,w2,0,0,0,11290,500000,112903,Available,Available,Available,100,100,100,-1,-1,-1,07/08 00:00:00 MDT,08/01 00:00:00 MDT,w2,0,2015-07-12 00:00:00,Contract,Contract,Contract,566661,566663,566662,11290,500000,112903,0,0,0,True,True,0,0,1,1,1
2015-07-08,2015-07-08 00:00:00,Holly,PILOT TRAVEL CENTERS LLC - PRODUCT,Woods Cross UT - HEP - 5000,V,0.0,0.0,0.0,1,0,0,0,0,0,0,0,0,1,w2,0,0,0,11290,500000,112903,Available,Available,Available,100,100,100,-1,-1,-1,07/09 00:00:00 MDT,08/01 00:00:00 MDT,w2,0,2015-07-12 00:00:00,Contract,Contract,Contract,576262,576264,576263,11290,500000,112903,0,0,0,True,True,0,0,1,1,1
2015-07-09,2015-07-09 00:00:00,Holly,PILOT TRAVEL CENTERS LLC - PRODUCT,Woods Cross UT - HEP - 5000,V,0.0,0.0,0.0,2,0,0,-1,-1,-1,2,0,-1,2,w3,-1,0,0,11290,500000,112903,-1,-1,-1,100,100,100,-1,-1,-1,-1,-1,w2,1,2015-07-12 00:00:00,-1,-1,-1,-1,-1,-1,11290,500000,112903,0,0,0,True,True,0,0,1,0,1
2015-07-10,2015-07-10 00:00:00,Holly,PILOT TRAVEL CENTERS LLC - PRODUCT,Woods Cross UT - HEP - 5000,V,0.0,0.0,0.0,1,0,0,0,0,0,0,0,0,1,w3,0,0,0,11290,500000,112903,Available,Available,Available,100,100,100,-1,-1,-1,07/11 00:00:00 MDT,08/01 00:00:00 MDT,w2,0,2015-07-12 00:00:00,Contract,Contract,Contract,607579,607581,607580,11290,500000,112903,0,0,0,False,True,0,0,1,0,1
2015-07-11,2015-07-11 00:00:00,Holly,PILOT TRAVEL CENTERS LLC - PRODUCT,Woods Cross UT - HEP - 5000,V,0.0,0.0,0.0,1,0,0,0,0,0,0,0,0,1,w3,0,0,0,11290,500000,112903,Available,Available,Available,100,100,100,-1,-1,-1,07/12 00:00:00 MDT,08/01 00:00:00 MDT,w2,0,2015-07-12 00:00:00,Contract,Contract,Contract,637629,637631,637630,11290,500000,112903,0,0,0,False,True,0,0,1,0,1
2015-07-12,2015-07-12 00:00:00,Holly,PILOT TRAVEL CENTERS LLC - PRODUCT,Woods Cross UT - HEP - 5000,V,0.0,0.0,0.0,1,0,0,0,0,0,0,0,0,1,w3,0,0,0,11290,500000,112903,Available,Available,Available,100,100,100,-1,-1,-1,07/13 00:00:00 MDT,08/01 00:00:00 MDT,w3,0,2015-07-19 00:00:00,Contract,Contract,Contract,667043,667045,667044,11290,500000,112903,0,0,0,False,True,0,0,1,0,1
2015-07-13,2015-07-13 00:00:00,Holly,PILOT TRAVEL CENTERS LLC - PRODUCT,Woods Cross UT - HEP - 5000,V,0.0,0.0,0.0,1,0,0,0,0,0,0,0,0,1,w3,0,0,0,11290,500000,112903,Available,Available,Available,100,100,100,-1,-1,-1,07/14 00:00:00 MDT,08/01 00:00:00 MDT,w3,0,2015-07-19 00:00:00,Contract,Contract,Contract,697639,697641,697640,11290,500000,112903,0,0,0,False,True,0,0,1,0,1
2015-07-14,2015-07-14 00:00:00,Holly,PILOT TRAVEL CENTERS LLC - PRODUCT,Woods Cross UT - HEP - 5000,V,0.0,0.0,0.0,1,0,0,0,0,0,0,0,0,1,w3,0,0,0,11290,500000,112903,Available,Available,Available,100,100,100,-1,-1,-1,07/15 00:00:00 MDT,08/01 00:00:00 MDT,w3,0,2015-07-19 00:00:00,Contract,Contract,Contract,729503,729505,729504,11290,500000,112903,0,0,0,False,True,0,0,1,0,1
2015-07-15,2015-07-15 00:00:00,Holly,PILOT TRAVEL CENTERS LLC - PRODUCT,Woods Cross UT - HEP - 5000,V,0.0,0.0,0.0,1,0,0,0,0,0,0,0,0,1,w3,0,0,0,11290,500000,112903,Available,Available,Available,100,100,100,-1,-1,-1,07/16 00:00:00 MDT,08/01 00:00:00 MDT,w3,0,2015-07-19 00:00:00,Contract,Contract,Contract,754977,754979,754978,11290,500000,112903,0,0,0,False,True,0,0,1,0,1
2015-07-16,2015-07-16 00:00:00,Holly,PILOT TRAVEL CENTERS LLC - PRODUCT,Woods Cross UT - HEP - 5000,V,0.0,0.0,0.0,1,0,0,0,0,0,0,0,0,1,w3,0,0,0,11290,500000,112903,Available,Available,Available,100,100,100,-1,-1,-1,07/17 00:00:00 MDT,08/01 00:00:00 MDT,w3,0,2015-07-19 00:00:00,Contract,Contract,Contract,788279,788281,788280,11290,500000,112903,0,0,0,False,True,0,0,1,0,1
2015-07-17,2015-07-17 00:00:00,Holly,PILOT TRAVEL CENTERS LLC - PRODUCT,Woods Cross UT - HEP - 5000,V,0.0,0.0,0.0,1,0,0,0,0,0,0,0,0,1,w3,0,0,0,11290,500000,112903,Available,Available,Available,100,100,100,-1,-1,-1,07/18 00:00:00 MDT,08/01 00:00:00 MDT,w3,0,2015-07-19 00:00:00,Contract,Contract,Contract,820303,820305,820304,11290,500000,112903,0,0,0,False,True,0,0,1,0,1
2015-07-18,2015-07-18 00:00:00,Holly,PILOT TRAVEL CENTERS LLC - PRODUCT,Woods Cross UT - HEP - 5000,V,0.0,0.0,0.0,1,0,0,0,0,0,0,0,0,1,w3,0,0,0,11290,500000,112903,Available,Available,Available,100,100,100,-1,-1,-1,07/19 00:00:00 MDT,08/01 00:00:00 MDT,w3,0,2015-07-19 00:00:00,Contract,Contract,Contract,850765,850767,850766,11290,500000,112903,0,0,0,False,True,0,0,1,0,1
2015-07-19,2015-07-19 00:00:00,Holly,PILOT TRAVEL CENTERS LLC - PRODUCT,Woods Cross UT - HEP - 5000,V,0.0,0.0,0.0,1,0,0,0,0,0,0,0,0,1,w3,0,0,0,11290,500000,112903,Available,Available,Available,100,100,100,-1,-1,-1,07/20 00:00:00 MDT,08/01 00:00:00 MDT,w4,0,2015-07-26 00:00:00,Contract,Contract,Contract,882026,882028,882027,11290,500000,112903,0,0,0,False,True,0,0,1,0,1
2015-07-20,2015-07-20 00:00:00,Holly,PILOT TRAVEL CENTERS LLC - PRODUCT,Woods Cross UT - HEP - 5000,V,0.0,0.0,0.0,1,0,0,0,0,0,0,0,0,1,w3,0,0,0,11290,500000,112903,Available,Available,Available,100,100,100,-1,-1,-1,07/21 00:00:00 MDT,08/01 00:00:00 MDT,w4,0,2015-07-26 00:00:00,Contract,Contract,Contract,912361,912363,912362,11290,500000,112903,0,0,0,False,True,0,0,1,0,1
2015-07-21,2015-07-21 00:00:00,Holly,PILOT TRAVEL CENTERS LLC - PRODUCT,Woods Cross UT - HEP - 5000,V,0.0,0.0,0.0,1,0,0,0,0,0,0,0,0,1,w3,0,0,0,11290,500000,112903,Available,Available,Available,100,100,100,-1,-1,-1,07/22 00:00:00 MDT,08/01 00:00:00 MDT,w4,0,2015-07-26 00:00:00,Contract,Contract,Contract,942856,942858,942857,11290,500000,112903,0,0,0,False,True,0,0,1,0,1
2015-07-22,2015-07-22 00:00:00,Holly,PILOT TRAVEL CENTERS LLC - PRODUCT,Woods Cross UT - HEP - 5000,V,0.0,0.0,0.0,1,0,0,0,0,0,0,0,0,1,w3,0,0,0,11290,500000,112903,Available,Available,Available,100,100,100,-1,-1,-1,07/23 00:00:00 MDT,08/01 00:00:00 MDT,w4,0,2015-07-26 00:00:00,Contract,Contract,Contract,975008,975010,975009,11290,500000,112903,0,0,0,False,True,0,0,1,0,1
2015-07-23,2015-07-23 00:00:00,Holly,PILOT TRAVEL CENTERS LLC - PRODUCT,Woods Cross UT - HEP - 5000,V,0.0,0.0,0.0,1,0,0,0,0,0,0,0,0,1,w3,0,0,0,11290,500000,112903,Available,Available,Available,100,100,100,-1,-1,-1,07/24 00:00:00 MDT,08/01 00:00:00 MDT,w4,0,2015-07-26 00:00:00,Contract,Contract,Contract,1002664,1002666,1002665,11290,500000,112903,0,0,0,False,True,0,0,1,0,1
2015-07-24,2015-07-24 00:00:00,Holly,PILOT TRAVEL CENTERS LLC - PRODUCT,Woods Cross UT - HEP - 5000,V,0.0,0.0,0.0,1,7515,0,7515,7515,7515,0,7515,7515,1,w3,7515,0,7515,11290,500000,112903,Limited,Available,Available,100,100,100,-1,-1,-1,07/25 00:00:00 MDT,08/01 00:00:00 MDT,w4,0,2015-07-26 00:00:00,Contract,Contract,Contract,1032909,1032911,1032910,11290,500000,112903,0,0,0,False,True,7515,7515,1,0,1
2015-07-25,2015-07-25 00:00:00,Holly,PILOT TRAVEL CENTERS LLC - PRODUCT,Woods Cross UT - HEP - 5000,V,0.0,0.0,0.0,1,0,0,0,0,7515,0,7515,7515,1,w3,0,0,7515,11290,500000,112903,Available,Available,Available,100,100,100,-1,-1,-1,07/26 00:00:00 MDT,08/01 00:00:00 MDT,w4,0,2015-07-26 00:00:00,Contract,Contract,Contract,1062227,1062229,1062228,11290,500000,112903,0,0,0,False,True,7515,7515,1,0,1
2015-07-26,2015-07-26 00:00:00,Holly,PILOT TRAVEL CENTERS LLC - PRODUCT,Woods Cross UT - HEP - 5000,V,0.0,0.0,0.0,1,0,0,0,0,7515,0,7515,0,1,w4,0,0,0,11290,500000,112903,Available,Available,Available,100,100,100,-1,-1,-1,07/27 00:00:00 MDT,08/01 00:00:00 MDT,w5,0,2015-08-02 00:00:00,Contract,Contract,Contract,1092282,1092284,1092283,11290,500000,112903,0,0,0,True,True,0,7515,1,0,1
2015-07-27,2015-07-27 00:00:00,Holly,PILOT TRAVEL CENTERS LLC - PRODUCT,Woods Cross UT - HEP - 5000,V,0.0,0.0,0.0,1,0,0,0,0,7515,0,7515,0,1,w4,0,0,0,11290,500000,112903,Available,Available,Available,100,100,100,-1,-1,-1,07/28 00:00:00 MDT,08/01 00:00:00 MDT,w5,0,2015-08-02 00:00:00,Contract,Contract,Contract,1122592,1122594,1122593,11290,500000,112903,0,0,0,True,True,0,7515,1,0,1
2015-07-28,2015-07-28 00:00:00,Holly,PILOT TRAVEL CENTERS LLC - PRODUCT,Woods Cross UT - HEP - 5000,V,0.0,0.0,0.0,1,0,0,0,0,7515,0,7515,0,1,w4,0,0,0,11290,500000,112903,Available,Available,Available,100,100,100,-1,-1,-1,07/29 00:00:00 MDT,08/01 00:00:00 MDT,w5,0,2015-08-02 00:00:00,Contract,Contract,Contract,1152902,1152904,1152903,11290,500000,112903,0,0,0,True,True,0,7515,1,0,1
2015-07-29,2015-07-29 00:00:00,Holly,PILOT TRAVEL CENTERS LLC - PRODUCT,Woods Cross UT - HEP - 5000,V,0.0,0.0,0.0,1,0,0,0,0,7515,0,7515,0,1,w4,0,0,0,11290,500000,112903,Available,Available,Available,100,100,100,-1,-1,-1,07/30 00:00:00 MDT,08/01 00:00:00 MDT,w5,0,2015-08-02 00:00:00,Contract,Contract,Contract,1183212,1183214,1183213,11290,500000,112903,0,0,0,True,True,0,7515,1,0,1
2015-07-30,2015-07-30 00:00:00,Holly,PILOT TRAVEL CENTERS LLC - PRODUCT,Woods Cross UT - HEP - 5000,V,0.0,0.0,0.0,1,0,0,0,0,7515,0,7515,0,1,w4,0,0,0,11290,500000,112903,Available,Available,Available,100,100,100,-1,-1,-1,07/31 00:00:00 MDT,08/01 00:00:00 MDT,w5,0,2015-08-02 00:00:00,Contract,Contract,Contract,1213522,1213524,1213523,11290,500000,112903,0,0,0,True,True,0,7515,1,0,1
2015-07-31,2015-07-31 00:00:00,Holly,PILOT TRAVEL CENTERS LLC - PRODUCT,Woods Cross UT - HEP - 5000,V,0.0,0.0,0.0,1,0,0,0,0,7515,0,7515,0,1,w4,0,0,0,11290,500000,112903,Available,Available,Available,100,100,100,-1,-1,-1,08/01 00:00:00 MDT,08/01 00:00:00 MDT,w5,0,2015-08-02 00:00:00,Contract,Contract,Contract,1243834,1243836,1243835,11290,500000,112903,0,0,0,True,True,0,7515,1,0,1
