,date,supplier_name,account_type,supplier_terminal_name,product_name,base_gallons_Daily,base_gallons_Monthly,base_gallons_Weekly,lifted_gallons_daily_flag,lifted_gallons_daily_modified,Modified_WeeksByLiftedGallons,lifted_gallons_modified_WeeksByLiftedGallons,lifted_gallons_Daily,Lifted_actual_monthly,lifted_gallons_monthly_flag,lifted_gallons_Monthly,Lifted_actual_weekly,lifted_gallons_weekly_flag,WeeksByLiftedGallons,lifted_gallonsWeekly_modified_aposteriori,Modified_LiftedGallonsaposteriori,lifted_gallons_Weekly,beginning_gallons_Daily,beginning_gallons_Monthly,beginning_gallons_Weekly,en_allocation_status_Daily,en_allocation_status_Monthly,en_allocation_status_Weekly,percentage_allocation_Daily,percentage_allocation_Monthly,percentage_allocation_Weekly,alerts_ratability_Daily,alerts_ratability_Monthly,alerts_ratability_Weekly,next_refresh_date_Daily,next_refresh_date_Monthly,Week_switch,Modified_NRD,next_refresh_date_Weekly,en_account_type_Daily,en_account_type_Monthly,en_account_type_Weekly,NRB_Daily,next_refresh_base_gallons_Daily,NRB_Monthly,next_refresh_base_gallons_Monthly,next_refresh_base_gallons_Weekly,remaining_gallons_Daily,remaining_gallons_Monthly,remaining_gallons_Weekly,additional_gallons_allowed_Daily,additional_gallons_allowed_Monthly,additional_gallons_allowed_Weekly,additional_gallons_remaining_Daily,additional_gallons_remaining_Monthly,additional_gallons_remaining_Weekly,staging_id_Daily,staging_id_Monthly,staging_id_Weekly,base_gallons_Daily_Reconciled,base_gallons_Monthly_Reconciled,base_gallons_Weekly_Reconciled,beginning_gallons_Daily_Reconciled,beginning_gallons_Monthly_Reconciled,beginning_gallons_Weekly_Reconciled,sanityWeekly_CumulativeDaily_WeeksByLiftedGallons,sanityWeekly_CumulativeDaily_NextRefreshDate,computedWeekly,sanityComputedWeekly,computedMonthly,sanityComputedMonthly,remaining_gallons_Daily_Reconciled,remaining_gallons_Monthly_Reconciled,remaining_gallons_Weekly_Reconciled,additional_gallons_remaining_Daily_Reconciled,additional_gallons_remaining_Monthly_Reconciled,additional_gallons_remaining_Weekly_Reconciled,sanityMonthly_CumulativeDaily_WeeksByLiftedGallons,sanityMonthly_CumulativeDaily_WeeksByNextRefreshDate
2015-07-01,2015-07-01 00:00:00,Exxon,PILOT TRAVEL CENTERS LLC 103637 IW,MEMPHIS TN (MOC) - 00QE,Reg CBOB,45884,-1,321187,0,40500,0,40500,40500,-1,0,-1,268555,0,w1,40500,0,268555,68826,-1,449662,Available,-1,Available,150,100,140,Below Trend,-1,Below Trend,07/02 00:00:00 CDT,-1,w1,0,2015-07-02 00:00:00,Contract,-1,Contract,45884,45884,-1,-1,321187,28326,-1,181107,0,-1,0,0,-1,0,507950,-1,507951,45884,-1,321187,68826,-1,449662,True,True,40500,False,40500,False,28326,-1,181107,-1,-1,-1,0,0
2015-07-02,2015-07-02 00:00:00,Exxon,PILOT TRAVEL CENTERS LLC 103637 IW,MEMPHIS TN (MOC) - 00QE,Reg CBOB,45884,-1,321187,3,67015,0,49590,49590,-1,0,-1,49590,0,w2,49590,0,49590,68826,-1,449662,Available,-1,Available,150,100,140,Above Trend,-1,Above Trend,07/03 00:00:00 CDT,-1,w2,0,2015-07-09 00:00:00,Contract,-1,Contract,45884,45884,-1,-1,321187,19236,-1,400072,0,-1,0,0,-1,0,527025,-1,527026,45884,-1,321187,68826,-1,449662,True,False,67015,True,107515,False,1811,-1,400072,-1,-1,-1,0,0
2015-07-03,2015-07-03 00:00:00,Exxon,PILOT TRAVEL CENTERS LLC 103637 IW,MEMPHIS TN (MOC) - 00QE,Reg CBOB,45884,-1,321187,3,70750,1,45875,28450,-1,0,-1,95465,0,w2,28450,0,95465,68826,-1,449662,Available,-1,Available,150,100,140,On Track,-1,On Track,07/04 00:00:00 CDT,-1,w2,0,2015-07-09 00:00:00,Contract,-1,Contract,45884,45884,-1,-1,321187,40376,-1,354197,0,-1,0,0,-1,0,534866,-1,534867,45884,-1,321187,68826,-1,449662,True,False,137765,True,178265,False,-1924,-1,354197,-1,-1,-1,0,0
2015-07-04,2015-07-04 00:00:00,Exxon,PILOT TRAVEL CENTERS LLC 103637 IW,MEMPHIS TN (MOC) - 00QE,Reg CBOB,45884,-1,321187,3,63302,1,56000,13700,-1,0,-1,151465,0,w2,13700,0,151465,68826,-1,449662,Available,-1,Available,150,100,140,Below Trend,-1,On Track,07/05 00:00:00 CDT,-1,w2,0,2015-07-09 00:00:00,Contract,-1,Contract,45884,45884,-1,-1,321187,55126,-1,298197,0,-1,0,0,-1,0,540928,-1,540929,45884,-1,321187,68826,-1,449662,True,False,201067,True,241567,False,5524,-1,298197,-1,-1,-1,0,0
2015-07-05,2015-07-05 00:00:00,Exxon,PILOT TRAVEL CENTERS LLC 103637 IW,MEMPHIS TN (MOC) - 00QE,Reg CBOB,45884,-1,321187,3,52000,1,59252,9650,-1,0,-1,210717,0,w2,9650,0,210717,68826,-1,449662,Available,-1,Available,150,100,140,Below Trend,-1,On Track,07/06 00:00:00 CDT,-1,w2,0,2015-07-09 00:00:00,Contract,-1,Contract,45884,45884,-1,-1,321187,59176,-1,238945,0,-1,0,0,-1,0,547371,-1,547372,45884,-1,321187,68826,-1,449662,True,False,253067,True,293567,False,16826,-1,238945,-1,-1,-1,0,0
2015-07-06,2015-07-06 00:00:00,Exxon,PILOT TRAVEL CENTERS LLC 103637 IW,MEMPHIS TN (MOC) - 00QE,Reg CBOB,45884,-1,321187,3,54761,1,50200,7850,-1,0,-1,260917,0,w2,7850,0,260917,68826,-1,449662,Available,-1,Available,150,100,140,Below Trend,-1,On Track,07/07 00:00:00 CDT,-1,w2,0,2015-07-09 00:00:00,Contract,-1,Contract,45884,45884,-1,-1,321187,60976,-1,188745,0,-1,0,0,-1,0,553687,-1,553688,45884,-1,321187,68826,-1,449662,True,False,307828,True,348328,False,14065,-1,188745,-1,-1,-1,0,0
2015-07-07,2015-07-07 00:00:00,Exxon,PILOT TRAVEL CENTERS LLC 103637 IW,MEMPHIS TN (MOC) - 00QE,Reg CBOB,45884,-1,321187,3,40100,1,87011,40100,-1,0,-1,347928,0,w2,40100,0,347928,68826,-1,449662,Available,-1,Available,150,100,140,Below Trend,-1,On Track,07/08 00:00:00 CDT,-1,w2,0,2015-07-09 00:00:00,Contract,-1,Contract,45884,45884,-1,-1,321187,28726,-1,101734,0,-1,0,0,-1,0,566700,-1,566701,45884,-1,321187,68826,-1,449662,True,True,347928,True,388428,False,28726,-1,101734,-1,-1,-1,0,0
2015-07-08,2015-07-08 00:00:00,Exxon,PILOT TRAVEL CENTERS LLC 103637 IW,MEMPHIS TN (MOC) - 00QE,Reg CBOB,45884,-1,321187,0,24950,0,24950,24950,-1,0,-1,372878,0,w2,24950,0,372878,68826,-1,449662,Available,-1,Available,150,100,140,Below Trend,-1,On Track,07/09 00:00:00 CDT,-1,w2,0,2015-07-09 00:00:00,Contract,-1,Contract,36284,45884,-1,-1,321187,43876,-1,76784,0,-1,0,0,-1,0,576301,-1,576302,45884,-1,321187,68826,-1,449662,True,True,372878,True,413378,False,43876,-1,76784,-1,-1,-1,0,0
2015-07-09,2015-07-09 00:00:00,Exxon,PILOT TRAVEL CENTERS LLC 103637 IW,MEMPHIS TN (MOC) - 00QE,Reg CBOB,36284,-1,321187,6,55502,0,-1,-1,-1,0,-1,-1,6,w3,-1,0,55502,54426,-1,449662,-1,-1,-1,100,100,100,-1,-1,-1,-1,-1,w3,1,2015-07-16 00:00:00,-1,-1,-1,45884,-1,-1,-1,-1,-1,-1,-1,-1,-1,-1,-1,-1,-1,-1,-1,-1,54426,-1,449662,36284,-1,321187,True,True,55502,True,468880,False,-1076,-1,394160,-1,-1,-1,0,0
2015-07-10,2015-07-10 00:00:00,Exxon,PILOT TRAVEL CENTERS LLC 103637 IW,MEMPHIS TN (MOC) - 00QE,Reg CBOB,45884,-1,321187,3,63552,0,63552,63552,-1,0,-1,119054,0,w3,63552,0,119054,68826,-1,449662,Available,-1,Available,150,100,140,On Track,-1,On Track,07/11 00:00:00 CDT,-1,w3,0,2015-07-16 00:00:00,Contract,-1,Contract,45884,45884,-1,-1,321187,5274,-1,330608,0,-1,0,0,-1,0,609308,-1,609309,45884,-1,321187,68826,-1,449662,False,True,119054,True,532432,False,5274,-1,330608,-1,-1,-1,0,0
2015-07-11,2015-07-11 00:00:00,Exxon,PILOT TRAVEL CENTERS LLC 103637 IW,MEMPHIS TN (MOC) - 00QE,Reg CBOB,45884,-1,321187,3,56603,0,56603,56603,-1,0,-1,175657,0,w3,56603,0,175657,68826,-1,449662,Available,-1,Available,150,100,140,On Track,-1,On Track,07/12 00:00:00 CDT,-1,w3,0,2015-07-16 00:00:00,Contract,-1,Contract,45884,45884,-1,-1,321187,12223,-1,274005,0,-1,0,0,-1,0,637922,-1,637923,45884,-1,321187,68826,-1,449662,False,True,175657,True,589035,False,12223,-1,274005,-1,-1,-1,0,0
2015-07-12,2015-07-12 00:00:00,Exxon,PILOT TRAVEL CENTERS LLC 103637 IW,MEMPHIS TN (MOC) - 00QE,Reg CBOB,45884,-1,321187,3,55400,0,55400,55400,-1,0,-1,231057,0,w3,55400,0,231057,68826,-1,449662,Available,-1,Available,150,100,140,On Track,-1,On Track,07/13 00:00:00 CDT,-1,w3,0,2015-07-16 00:00:00,Contract,-1,Contract,45884,45884,-1,-1,321187,13426,-1,218605,0,-1,0,0,-1,0,667336,-1,667337,45884,-1,321187,68826,-1,449662,False,True,231057,True,644435,False,13426,-1,218605,-1,-1,-1,0,0
2015-07-13,2015-07-13 00:00:00,Exxon,PILOT TRAVEL CENTERS LLC 103637 IW,MEMPHIS TN (MOC) - 00QE,Reg CBOB,45884,-1,321187,3,46855,0,46855,46855,-1,0,-1,277912,0,w3,46855,0,277912,68826,-1,449662,Available,-1,Available,150,100,140,Below Trend,-1,On Track,07/14 00:00:00 CDT,-1,w3,0,2015-07-16 00:00:00,Contract,-1,Contract,45884,45884,-1,-1,321187,21971,-1,171750,0,-1,0,0,-1,0,697931,-1,697932,45884,-1,321187,68826,-1,449662,False,True,277912,True,691290,False,21971,-1,171750,-1,-1,-1,0,0
2015-07-14,2015-07-14 00:00:00,Exxon,PILOT TRAVEL CENTERS LLC 103637 IW,MEMPHIS TN (MOC) - 00QE,Reg CBOB,45884,-1,321187,3,29700,0,29700,29700,-1,0,-1,307612,0,w3,29700,0,307612,68826,-1,449662,Available,-1,Available,150,100,140,Below Trend,-1,On Track,07/15 00:00:00 CDT,-1,w3,0,2015-07-16 00:00:00,Contract,-1,Contract,45884,45884,-1,-1,321187,39126,-1,142050,0,-1,0,0,-1,0,730821,-1,730822,45884,-1,321187,68826,-1,449662,False,True,307612,True,720990,False,39126,-1,142050,-1,-1,-1,0,0
2015-07-15,2015-07-15 00:00:00,Exxon,PILOT TRAVEL CENTERS LLC 103637 IW,MEMPHIS TN (MOC) - 00QE,Reg CBOB,45884,-1,321187,0,29500,0,29500,29500,-1,0,-1,337112,0,w3,29500,0,337112,68826,-1,449662,Available,-1,Available,150,100,140,Below Trend,-1,Below Trend,07/16 00:00:00 CDT,-1,w3,0,2015-07-16 00:00:00,Contract,-1,Contract,45884,45884,-1,-1,321187,39326,-1,112550,0,-1,0,0,-1,0,756295,-1,756296,45884,-1,321187,68826,-1,449662,False,True,337112,True,750490,False,39326,-1,112550,-1,-1,-1,0,0
2015-07-16,2015-07-16 00:00:00,Exxon,PILOT TRAVEL CENTERS LLC 103637 IW,MEMPHIS TN (MOC) - 00QE,Reg CBOB,45884,-1,321187,3,58600,0,58600,58600,-1,0,-1,58600,0,w4,58600,0,58600,68826,-1,449662,Available,-1,Available,150,100,140,On Track,-1,On Track,07/17 00:00:00 CDT,-1,w4,0,2015-07-23 00:00:00,Contract,-1,Contract,45884,45884,-1,-1,321187,10226,-1,391062,0,-1,0,0,-1,0,788574,-1,788575,45884,-1,321187,68826,-1,449662,True,True,58600,True,809090,False,10226,-1,391062,-1,-1,-1,0,0
2015-07-17,2015-07-17 00:00:00,Exxon,PILOT TRAVEL CENTERS LLC 103637 IW,MEMPHIS TN (MOC) - 00QE,Reg CBOB,45884,-1,321187,3,49875,0,49875,49875,-1,0,-1,108475,0,w4,49875,0,108475,68826,-1,449662,Available,-1,Available,150,100,140,Below Trend,-1,On Track,07/18 00:00:00 CDT,-1,w4,0,2015-07-23 00:00:00,Contract,-1,Contract,45884,45884,-1,-1,321187,18951,-1,341187,0,-1,0,0,-1,0,821621,-1,821622,45884,-1,321187,68826,-1,449662,True,True,108475,True,858965,False,18951,-1,341187,-1,-1,-1,0,0
2015-07-18,2015-07-18 00:00:00,Exxon,PILOT TRAVEL CENTERS LLC 103637 IW,MEMPHIS TN (MOC) - 00QE,Reg CBOB,45884,-1,321187,3,55903,0,55903,55903,-1,0,-1,164378,0,w4,55903,0,164378,68826,-1,449662,Available,-1,Available,150,100,140,On Track,-1,On Track,07/19 00:00:00 CDT,-1,w4,0,2015-07-23 00:00:00,Contract,-1,Contract,45884,45884,-1,-1,321187,12923,-1,285284,0,-1,0,0,-1,0,852083,-1,852084,45884,-1,321187,68826,-1,449662,True,True,164378,True,914868,False,12923,-1,285284,-1,-1,-1,0,0
2015-07-19,2015-07-19 00:00:00,Exxon,PILOT TRAVEL CENTERS LLC 103637 IW,MEMPHIS TN (MOC) - 00QE,Reg CBOB,45884,-1,321187,3,62225,0,62225,62225,-1,0,-1,226603,0,w4,62225,0,226603,68826,-1,449662,Available,-1,Available,150,100,140,On Track,-1,On Track,07/20 00:00:00 CDT,-1,w4,0,2015-07-23 00:00:00,Contract,-1,Contract,45884,45884,-1,-1,321187,6601,-1,223059,0,-1,0,0,-1,0,883344,-1,883345,45884,-1,321187,68826,-1,449662,True,True,226603,True,977093,False,6601,-1,223059,-1,-1,-1,0,0
2015-07-20,2015-07-20 00:00:00,Exxon,PILOT TRAVEL CENTERS LLC 103637 IW,MEMPHIS TN (MOC) - 00QE,Reg CBOB,45884,-1,321187,3,37849,0,37849,37849,-1,0,-1,264452,0,w4,37849,0,264452,68826,-1,449662,Available,-1,Available,150,100,140,Below Trend,-1,On Track,07/21 00:00:00 CDT,-1,w4,0,2015-07-23 00:00:00,Contract,-1,Contract,45884,45884,-1,-1,321187,30977,-1,185210,0,-1,0,0,-1,0,913710,-1,913711,45884,-1,321187,68826,-1,449662,True,True,264452,True,1014942,False,30977,-1,185210,-1,-1,-1,0,0
2015-07-21,2015-07-21 00:00:00,Exxon,PILOT TRAVEL CENTERS LLC 103637 IW,MEMPHIS TN (MOC) - 00QE,Reg CBOB,45884,-1,321187,3,38750,0,29750,29750,-1,0,-1,294202,0,w4,29750,0,294202,68826,-1,449662,Available,-1,Available,150,100,140,Below Trend,-1,Below Trend,07/22 00:00:00 CDT,-1,w4,0,2015-07-23 00:00:00,Contract,-1,Contract,45884,45884,-1,-1,321187,39076,-1,155460,0,-1,0,0,-1,0,942897,-1,942898,45884,-1,321187,68826,-1,449662,True,False,303202,True,1053692,False,30076,-1,155460,-1,-1,-1,0,0
2015-07-22,2015-07-22 00:00:00,Exxon,PILOT TRAVEL CENTERS LLC 103637 IW,MEMPHIS TN (MOC) - 00QE,Reg CBOB,45884,-1,321187,0,33501,1,42501,33501,-1,0,-1,336703,0,w4,33501,0,336703,68826,-1,449662,Available,-1,Available,150,100,140,Below Trend,-1,Below Trend,07/23 00:00:00 CDT,-1,w4,0,2015-07-23 00:00:00,Contract,-1,Contract,45884,45884,-1,-1,321187,35325,-1,112959,0,-1,0,0,-1,0,976326,-1,976327,45884,-1,321187,68826,-1,449662,True,True,336703,True,1087193,False,35325,-1,112959,-1,-1,-1,0,0
2015-07-23,2015-07-23 00:00:00,Exxon,PILOT TRAVEL CENTERS LLC 103637 IW,MEMPHIS TN (MOC) - 00QE,Reg CBOB,45884,-1,321187,3,47310,0,47310,47310,-1,0,-1,47310,0,w5,47310,0,47310,68826,-1,449662,Available,-1,Available,150,100,140,Below Trend,-1,Below Trend,07/24 00:00:00 CDT,-1,w5,0,2015-07-30 00:00:00,Contract,-1,Contract,45884,45884,-1,-1,321187,21516,-1,402352,0,-1,0,0,-1,0,1002990,-1,1002991,45884,-1,321187,68826,-1,449662,True,True,47310,True,1134503,False,21516,-1,402352,-1,-1,-1,0,0
2015-07-24,2015-07-24 00:00:00,Exxon,PILOT TRAVEL CENTERS LLC 103637 IW,MEMPHIS TN (MOC) - 00QE,Reg CBOB,45884,-1,321187,3,29821,0,29821,29821,-1,0,-1,77131,0,w5,29821,0,77131,68826,-1,449662,Available,-1,Available,150,100,140,Below Trend,-1,Below Trend,07/25 00:00:00 CDT,-1,w5,0,2015-07-30 00:00:00,Contract,-1,Contract,45884,45884,-1,-1,321187,39005,-1,372531,0,-1,0,0,-1,0,1033236,-1,1033237,45884,-1,321187,68826,-1,449662,True,True,77131,True,1164324,False,39005,-1,372531,-1,-1,-1,0,0
2015-07-25,2015-07-25 00:00:00,Exxon,PILOT TRAVEL CENTERS LLC 103637 IW,MEMPHIS TN (MOC) - 00QE,Reg CBOB,45884,-1,321187,3,52000,0,52000,52000,-1,0,-1,129131,0,w5,52000,0,129131,68826,-1,449662,Available,-1,Available,150,100,140,Below Trend,-1,Below Trend,07/26 00:00:00 CDT,-1,w5,0,2015-07-30 00:00:00,Contract,-1,Contract,45884,45884,-1,-1,321187,16826,-1,320531,0,-1,0,0,-1,0,1063546,-1,1063547,45884,-1,321187,68826,-1,449662,True,True,129131,True,1216324,False,16826,-1,320531,-1,-1,-1,0,0
2015-07-26,2015-07-26 00:00:00,Exxon,PILOT TRAVEL CENTERS LLC 103637 IW,MEMPHIS TN (MOC) - 00QE,Reg CBOB,45884,-1,321187,3,38218,0,38218,38218,-1,0,-1,167349,0,w5,38218,0,167349,68826,-1,449662,Available,-1,Available,150,100,140,Below Trend,-1,Below Trend,07/27 00:00:00 CDT,-1,w5,0,2015-07-30 00:00:00,Contract,-1,Contract,45884,45884,-1,-1,321187,30608,-1,282313,0,-1,0,0,-1,0,1093601,-1,1093602,45884,-1,321187,68826,-1,449662,True,True,167349,True,1254542,False,30608,-1,282313,-1,-1,-1,0,0
2015-07-27,2015-07-27 00:00:00,Exxon,PILOT TRAVEL CENTERS LLC 103637 IW,MEMPHIS TN (MOC) - 00QE,Reg CBOB,45884,-1,321187,3,51256,0,51256,51256,-1,0,-1,218605,0,w5,51256,0,218605,68826,-1,449662,Available,-1,Available,150,100,140,Below Trend,-1,Below Trend,07/28 00:00:00 CDT,-1,w5,0,2015-07-30 00:00:00,Contract,-1,Contract,45884,45884,-1,-1,321187,17570,-1,231057,0,-1,0,0,-1,0,1123912,-1,1123913,45884,-1,321187,68826,-1,449662,True,True,218605,True,1305798,False,17570,-1,231057,-1,-1,-1,0,0
2015-07-28,2015-07-28 00:00:00,Exxon,PILOT TRAVEL CENTERS LLC 103637 IW,MEMPHIS TN (MOC) - 00QE,Reg CBOB,45884,-1,321187,3,44400,0,44400,44400,-1,0,-1,263005,0,w5,44400,0,263005,68826,-1,449662,Available,-1,Available,150,100,140,Below Trend,-1,Below Trend,07/29 00:00:00 CDT,-1,w5,0,2015-07-30 00:00:00,Contract,-1,Contract,45884,45884,-1,-1,321187,24426,-1,186657,0,-1,0,0,-1,0,1154222,-1,1154223,45884,-1,321187,68826,-1,449662,True,True,263005,True,1350198,False,24426,-1,186657,-1,-1,-1,0,0
2015-07-29,2015-07-29 00:00:00,Exxon,PILOT TRAVEL CENTERS LLC 103637 IW,MEMPHIS TN (MOC) - 00QE,Reg CBOB,45884,-1,321187,0,37775,0,37775,37775,-1,0,-1,300780,0,w5,37775,0,300780,68826,-1,449662,Available,-1,Available,150,100,140,Below Trend,-1,Below Trend,07/30 00:00:00 CDT,-1,w5,0,2015-07-30 00:00:00,Contract,-1,Contract,45884,45884,-1,-1,321187,31051,-1,148882,0,-1,0,0,-1,0,1183511,-1,1183512,45884,-1,321187,68826,-1,449662,True,True,300780,True,1387973,False,31051,-1,148882,-1,-1,-1,0,0
2015-07-30,2015-07-30 00:00:00,Exxon,PILOT TRAVEL CENTERS LLC 103637 IW,MEMPHIS TN (MOC) - 00QE,Reg CBOB,45884,-1,321187,3,45300,0,45300,45300,-1,0,-1,45300,0,w6,45300,0,45300,68826,-1,449662,Available,-1,Available,150,100,140,Below Trend,-1,Below Trend,07/31 00:00:00 CDT,-1,w6,0,2015-08-06 00:00:00,Contract,-1,Contract,36284,36284,-1,-1,253988,23526,-1,404362,0,-1,0,0,-1,0,1214843,-1,1214844,45884,-1,321187,68826,-1,449662,True,True,45300,True,1433273,False,23526,-1,404362,-1,-1,-1,0,0
2015-07-31,2015-07-31 00:00:00,Exxon,PILOT TRAVEL CENTERS LLC 103637 IW,MEMPHIS TN (MOC) - 00QE,Reg CBOB,36284,-1,321187,0,56950,0,56950,56950,-1,0,-1,102250,0,w6,56950,0,102250,54426,-1,449662,Out,-1,Out,150,100,140,On Track,-1,On Track,08/01 00:00:00 CDT,-1,w6,0,2015-08-06 00:00:00,Contract,-1,Contract,36284,36284,-1,-1,253988,-2524,-1,347412,0,-1,0,0,-1,0,1245025,-1,1245026,36284,-1,321187,54426,-1,449662,True,True,102250,True,1490223,False,-2524,-1,347412,-1,-1,-1,0,0
