,date,supplier_name,account_type,supplier_terminal_name,product_name,base_gallons_Daily,base_gallons_Monthly,base_gallons_Weekly,lifted_gallons_daily_flag,lifted_gallons_daily_modified,Modified_WeeksByLiftedGallons,lifted_gallons_modified_WeeksByLiftedGallons,lifted_gallons_Daily,Lifted_actual_monthly,lifted_gallons_monthly_flag,lifted_gallons_Monthly,Lifted_actual_weekly,lifted_gallons_weekly_flag,WeeksByLiftedGallons,lifted_gallonsWeekly_modified_aposteriori,Modified_LiftedGallonsaposteriori,lifted_gallons_Weekly,beginning_gallons_Daily,beginning_gallons_Monthly,beginning_gallons_Weekly,en_allocation_status_Daily,en_allocation_status_Monthly,en_allocation_status_Weekly,percentage_allocation_Daily,percentage_allocation_Monthly,percentage_allocation_Weekly,alerts_ratability_Daily,alerts_ratability_Monthly,alerts_ratability_Weekly,next_refresh_date_Daily,next_refresh_date_Monthly,Week_switch,Modified_NRD,next_refresh_date_Weekly,en_account_type_Daily,en_account_type_Monthly,en_account_type_Weekly,NRB_Daily,next_refresh_base_gallons_Daily,NRB_Monthly,next_refresh_base_gallons_Monthly,next_refresh_base_gallons_Weekly,remaining_gallons_Daily,remaining_gallons_Monthly,remaining_gallons_Weekly,additional_gallons_allowed_Daily,additional_gallons_allowed_Monthly,additional_gallons_allowed_Weekly,additional_gallons_remaining_Daily,additional_gallons_remaining_Monthly,additional_gallons_remaining_Weekly,staging_id_Daily,staging_id_Monthly,staging_id_Weekly,base_gallons_Daily_Reconciled,base_gallons_Monthly_Reconciled,base_gallons_Weekly_Reconciled,beginning_gallons_Daily_Reconciled,beginning_gallons_Monthly_Reconciled,beginning_gallons_Weekly_Reconciled,sanityWeekly_CumulativeDaily_WeeksByLiftedGallons,sanityWeekly_CumulativeDaily_NextRefreshDate,computedWeekly,sanityComputedWeekly,computedMonthly,sanityComputedMonthly,remaining_gallons_Daily_Reconciled,remaining_gallons_Monthly_Reconciled,remaining_gallons_Weekly_Reconciled,additional_gallons_remaining_Daily_Reconciled,additional_gallons_remaining_Monthly_Reconciled,additional_gallons_remaining_Weekly_Reconciled,sanityMonthly_CumulativeDaily_WeeksByLiftedGallons,sanityMonthly_CumulativeDaily_WeeksByNextRefreshDate
2015-07-01,2015-07-01 00:00:00,Exxon,PILOT TRAVEL CENTERS LLC 103637 IW,HAMMOND IN (MOC) - 00DH,ULSD,352781,-1,2469465,0,534472,0,534472,534472,-1,0,-1,2923674,0,w1,534472,0,2923674,529172,-1,3457251,Out,-1,Out,150,100,140,On Track,-1,On Track,07/02 00:00:00 EDT,-1,w1,0,2015-07-02 00:00:00,Contract,-1,Contract,352781,352781,-1,-1,2469465,-5301,-1,533577,0,-1,0,0,-1,0,507943,-1,507944,352781,-1,2469465,529172,-1,3457251,True,True,534472,False,534472,False,-5300,-1,533577,-1,-1,-1,0,0
2015-07-02,2015-07-02 00:00:00,Exxon,PILOT TRAVEL CENTERS LLC 103637 IW,HAMMOND IN (MOC) - 00DH,ULSD,352781,-1,2469465,3,388895,0,225710,225710,-1,0,-1,225710,0,w2,225710,0,225710,529172,-1,3457251,Available,-1,Available,150,100,140,Below Trend,-1,Below Trend,07/03 00:00:00 EDT,-1,w2,0,2015-07-09 00:00:00,Contract,-1,Contract,352781,352781,-1,-1,2469465,303462,-1,3231541,0,-1,0,0,-1,0,527018,-1,527019,352781,-1,2469465,529172,-1,3457251,True,False,388895,True,923367,False,140277,-1,3231541,-1,-1,-1,0,0
2015-07-03,2015-07-03 00:00:00,Exxon,PILOT TRAVEL CENTERS LLC 103637 IW,HAMMOND IN (MOC) - 00DH,ULSD,352781,-1,2469465,3,231248,1,267514,104329,-1,0,-1,493224,0,w2,104329,0,493224,529172,-1,3457251,Available,-1,Available,150,100,140,Below Trend,-1,Below Trend,07/04 00:00:00 EDT,-1,w2,0,2015-07-09 00:00:00,Contract,-1,Contract,352781,352781,-1,-1,2469465,424843,-1,2964027,0,-1,0,0,-1,0,534859,-1,534860,352781,-1,2469465,529172,-1,3457251,True,False,620143,True,1154615,False,297924,-1,2964027,-1,-1,-1,0,0
2015-07-04,2015-07-04 00:00:00,Exxon,PILOT TRAVEL CENTERS LLC 103637 IW,HAMMOND IN (MOC) - 00DH,ULSD,352781,-1,2469465,3,147131,1,183732,56813,-1,0,-1,676956,0,w2,56813,0,676956,529172,-1,3457251,Available,-1,Available,150,100,140,Below Trend,-1,Below Trend,07/05 00:00:00 EDT,-1,w2,0,2015-07-09 00:00:00,Contract,-1,Contract,352781,352781,-1,-1,2469465,472359,-1,2780295,0,-1,0,0,-1,0,540921,-1,540922,352781,-1,2469465,529172,-1,3457251,True,False,767274,True,1301746,False,382041,-1,2780295,-1,-1,-1,0,0
2015-07-05,2015-07-05 00:00:00,Exxon,PILOT TRAVEL CENTERS LLC 103637 IW,HAMMOND IN (MOC) - 00DH,ULSD,352781,-1,2469465,3,111310,1,127820,37502,-1,0,-1,804776,0,w2,37502,0,804776,529172,-1,3457251,Available,-1,Available,150,100,140,Below Trend,-1,Below Trend,07/06 00:00:00 EDT,-1,w2,0,2015-07-09 00:00:00,Contract,-1,Contract,352781,352781,-1,-1,2469465,491670,-1,2652475,0,-1,0,0,-1,0,547364,-1,547365,352781,-1,2469465,529172,-1,3457251,True,False,878584,True,1413056,False,417862,-1,2652475,-1,-1,-1,0,0
2015-07-06,2015-07-06 00:00:00,Exxon,PILOT TRAVEL CENTERS LLC 103637 IW,HAMMOND IN (MOC) - 00DH,ULSD,352781,-1,2469465,3,249336,1,142820,69012,-1,0,-1,947596,0,w2,69012,0,947596,529172,-1,3457251,Available,-1,Available,150,100,140,Below Trend,-1,Below Trend,07/07 00:00:00 EDT,-1,w2,0,2015-07-09 00:00:00,Contract,-1,Contract,352781,352781,-1,-1,2469465,460160,-1,2509655,0,-1,0,0,-1,0,553680,-1,553681,352781,-1,2469465,529172,-1,3457251,True,False,1127920,True,1662392,False,279836,-1,2509655,-1,-1,-1,0,0
2015-07-07,2015-07-07 00:00:00,Exxon,PILOT TRAVEL CENTERS LLC 103637 IW,HAMMOND IN (MOC) - 00DH,ULSD,352781,-1,2469465,3,544195,1,694213,513889,-1,0,-1,1641809,0,w2,513889,0,1641809,529172,-1,3457251,Available,-1,Available,150,100,140,On Track,-1,Below Trend,07/08 00:00:00 EDT,-1,w2,0,2015-07-09 00:00:00,Contract,-1,Contract,352781,352781,-1,-1,2469465,15283,-1,1815442,0,-1,0,0,-1,0,566693,-1,566694,352781,-1,2469465,529172,-1,3457251,True,False,1672115,True,2206587,False,-15023,-1,1815442,-1,-1,-1,0,0
2015-07-08,2015-07-08 00:00:00,Exxon,PILOT TRAVEL CENTERS LLC 103637 IW,HAMMOND IN (MOC) - 00DH,ULSD,352781,-1,2469465,0,224308,1,254614,224308,-1,0,-1,1896423,0,w2,224308,0,1896423,529172,-1,3457251,Available,-1,Available,150,100,140,Below Trend,-1,Below Trend,07/09 00:00:00 EDT,-1,w2,0,2015-07-09 00:00:00,Contract,-1,Contract,352781,352781,-1,-1,2469465,304864,-1,1560828,0,-1,0,0,-1,0,576294,-1,576295,352781,-1,2469465,529172,-1,3457251,True,True,1896423,True,2430895,False,304864,-1,1560828,-1,-1,-1,0,0
2015-07-09,2015-07-09 00:00:00,Exxon,PILOT TRAVEL CENTERS LLC 103637 IW,HAMMOND IN (MOC) - 00DH,ULSD,352781,-1,2469465,6,462450,0,-1,-1,-1,0,-1,-1,6,w3,-1,0,462450,529172,-1,3457251,-1,-1,-1,100,100,100,-1,-1,-1,-1,-1,w3,1,2015-07-16 00:00:00,-1,-1,-1,352781,-1,-1,-1,-1,-1,-1,-1,-1,-1,-1,-1,-1,-1,-1,-1,-1,529172,-1,3457251,352781,-1,2469465,True,True,462450,True,2893345,False,66722,-1,2994801,-1,-1,-1,0,0
2015-07-10,2015-07-10 00:00:00,Exxon,PILOT TRAVEL CENTERS LLC 103637 IW,HAMMOND IN (MOC) - 00DH,ULSD,352781,-1,2469465,3,341417,0,333915,333915,-1,0,-1,796365,0,w3,333915,0,796365,529172,-1,3457251,Available,-1,Available,150,100,140,Below Trend,-1,On Track,07/11 00:00:00 EDT,-1,w3,0,2015-07-16 00:00:00,Contract,-1,Contract,352781,352781,-1,-1,2469465,195257,-1,2660886,0,-1,0,0,-1,0,609301,-1,609302,352781,-1,2469465,529172,-1,3457251,False,False,803867,True,3234762,False,187755,-1,2660886,-1,-1,-1,0,0
2015-07-11,2015-07-11 00:00:00,Exxon,PILOT TRAVEL CENTERS LLC 103637 IW,HAMMOND IN (MOC) - 00DH,ULSD,352781,-1,2469465,3,247948,1,248048,240546,-1,0,-1,1044413,0,w3,240546,0,1044413,529172,-1,3457251,Available,-1,Available,150,100,140,Below Trend,-1,Below Trend,07/12 00:00:00 EDT,-1,w3,0,2015-07-16 00:00:00,Contract,-1,Contract,352781,352781,-1,-1,2469465,288626,-1,2412838,0,-1,0,0,-1,0,637915,-1,637916,352781,-1,2469465,529172,-1,3457251,False,False,1051815,True,3482710,False,281224,-1,2412838,-1,-1,-1,0,0
2015-07-12,2015-07-12 00:00:00,Exxon,PILOT TRAVEL CENTERS LLC 103637 IW,HAMMOND IN (MOC) - 00DH,ULSD,352781,-1,2469465,3,232970,1,240372,232970,-1,0,-1,1284785,0,w3,232970,0,1284785,529172,-1,3457251,Available,-1,Available,150,100,140,Below Trend,-1,Below Trend,07/13 00:00:00 EDT,-1,w3,0,2015-07-16 00:00:00,Contract,-1,Contract,352781,352781,-1,-1,2469465,296202,-1,2172466,0,-1,0,0,-1,0,667329,-1,667330,352781,-1,2469465,529172,-1,3457251,False,True,1284785,True,3715680,False,296202,-1,2172466,-1,-1,-1,0,0
2015-07-13,2015-07-13 00:00:00,Exxon,PILOT TRAVEL CENTERS LLC 103637 IW,HAMMOND IN (MOC) - 00DH,ULSD,352781,-1,2469465,3,311284,0,288982,288982,-1,0,-1,1573767,0,w3,288982,0,1573767,529172,-1,3457251,Available,-1,Available,150,100,140,Below Trend,-1,Below Trend,07/14 00:00:00 EDT,-1,w3,0,2015-07-16 00:00:00,Contract,-1,Contract,352781,352781,-1,-1,2469465,240190,-1,1883484,0,-1,0,0,-1,0,697924,-1,697925,352781,-1,2469465,529172,-1,3457251,False,False,1596069,True,4026964,False,217888,-1,1883484,-1,-1,-1,0,0
2015-07-14,2015-07-14 00:00:00,Exxon,PILOT TRAVEL CENTERS LLC 103637 IW,HAMMOND IN (MOC) - 00DH,ULSD,352781,-1,2469465,3,508559,1,516111,493809,-1,0,-1,2089878,0,w3,493809,0,2089878,529172,-1,3457251,Available,-1,Available,150,100,140,On Track,-1,Below Trend,07/15 00:00:00 EDT,-1,w3,0,2015-07-16 00:00:00,Contract,-1,Contract,352781,352781,-1,-1,2469465,35363,-1,1367373,0,-1,0,0,-1,0,730814,-1,730815,352781,-1,2469465,529172,-1,3457251,False,False,2104628,True,4535523,False,20613,-1,1367373,-1,-1,-1,0,0
2015-07-15,2015-07-15 00:00:00,Exxon,PILOT TRAVEL CENTERS LLC 103637 IW,HAMMOND IN (MOC) - 00DH,ULSD,352781,-1,2469465,0,300695,1,315445,300695,-1,0,-1,2405323,0,w3,300695,0,2405323,529172,-1,3457251,Available,-1,Available,150,100,140,Below Trend,-1,Below Trend,07/16 00:00:00 EDT,-1,w3,0,2015-07-16 00:00:00,Contract,-1,Contract,352781,352781,-1,-1,2469465,228477,-1,1051928,0,-1,0,0,-1,0,756288,-1,756289,352781,-1,2469465,529172,-1,3457251,False,True,2405323,True,4836218,False,228477,-1,1051928,-1,-1,-1,0,0
2015-07-16,2015-07-16 00:00:00,Exxon,PILOT TRAVEL CENTERS LLC 103637 IW,HAMMOND IN (MOC) - 00DH,ULSD,352781,-1,2469465,3,423831,0,423831,423831,-1,0,-1,423831,0,w4,423831,0,423831,529172,-1,3457251,Available,-1,Available,150,100,140,On Track,-1,On Track,07/17 00:00:00 EDT,-1,w4,0,2015-07-23 00:00:00,Contract,-1,Contract,352781,352781,-1,-1,2469465,105341,-1,3033420,0,-1,0,0,-1,0,788567,-1,788568,352781,-1,2469465,529172,-1,3457251,True,True,423831,True,5260049,False,105341,-1,3033420,-1,-1,-1,0,0
2015-07-17,2015-07-17 00:00:00,Exxon,PILOT TRAVEL CENTERS LLC 103637 IW,HAMMOND IN (MOC) - 00DH,ULSD,352781,-1,2469465,3,265726,0,258171,258171,-1,0,-1,682002,0,w4,258171,0,682002,529172,-1,3457251,Available,-1,Available,150,100,140,Below Trend,-1,Below Trend,07/18 00:00:00 EDT,-1,w4,0,2015-07-23 00:00:00,Contract,-1,Contract,352781,352781,-1,-1,2469465,271001,-1,2775249,0,-1,0,0,-1,0,821614,-1,821615,352781,-1,2469465,529172,-1,3457251,True,False,689557,True,5525775,False,263446,-1,2775249,-1,-1,-1,0,0
2015-07-18,2015-07-18 00:00:00,Exxon,PILOT TRAVEL CENTERS LLC 103637 IW,HAMMOND IN (MOC) - 00DH,ULSD,352781,-1,2469465,3,192997,1,200552,192997,-1,0,-1,882554,0,w4,192997,0,882554,529172,-1,3457251,Available,-1,Available,150,100,140,Below Trend,-1,Below Trend,07/19 00:00:00 EDT,-1,w4,0,2015-07-23 00:00:00,Contract,-1,Contract,352781,352781,-1,-1,2469465,336175,-1,2574697,0,-1,0,0,-1,0,852076,-1,852077,352781,-1,2469465,529172,-1,3457251,True,True,882554,True,5718772,False,336175,-1,2574697,-1,-1,-1,0,0
2015-07-19,2015-07-19 00:00:00,Exxon,PILOT TRAVEL CENTERS LLC 103637 IW,HAMMOND IN (MOC) - 00DH,ULSD,352781,-1,2469465,3,166128,0,144628,144628,-1,0,-1,1027182,0,w4,144628,0,1027182,529172,-1,3457251,Available,-1,Available,150,100,140,Below Trend,-1,Below Trend,07/20 00:00:00 EDT,-1,w4,0,2015-07-23 00:00:00,Contract,-1,Contract,352781,352781,-1,-1,2469465,384544,-1,2430069,0,-1,0,0,-1,0,883337,-1,883338,352781,-1,2469465,529172,-1,3457251,True,False,1048682,True,5884900,False,363044,-1,2430069,-1,-1,-1,0,0
2015-07-20,2015-07-20 00:00:00,Exxon,PILOT TRAVEL CENTERS LLC 103637 IW,HAMMOND IN (MOC) - 00DH,ULSD,352781,-1,2469465,3,329197,1,335893,314393,-1,0,-1,1363075,0,w4,314393,0,1363075,529172,-1,3457251,Available,-1,Available,150,100,140,Below Trend,-1,Below Trend,07/21 00:00:00 EDT,-1,w4,0,2015-07-23 00:00:00,Contract,-1,Contract,352781,352781,-1,-1,2469465,214779,-1,2094176,0,-1,0,0,-1,0,913703,-1,913704,352781,-1,2469465,529172,-1,3457251,True,False,1377879,True,6214097,False,199975,-1,2094176,-1,-1,-1,0,0
2015-07-21,2015-07-21 00:00:00,Exxon,PILOT TRAVEL CENTERS LLC 103637 IW,HAMMOND IN (MOC) - 00DH,ULSD,352781,-1,2469465,3,416751,1,424055,409251,-1,0,-1,1787130,0,w4,409251,0,1787130,529172,-1,3457251,Available,-1,Available,150,100,140,Below Trend,-1,Below Trend,07/22 00:00:00 EDT,-1,w4,0,2015-07-23 00:00:00,Contract,-1,Contract,352781,352781,-1,-1,2469465,119921,-1,1670121,0,-1,0,0,-1,0,942890,-1,942891,352781,-1,2469465,529172,-1,3457251,True,False,1794630,True,6630848,False,112421,-1,1670121,-1,-1,-1,0,0
2015-07-22,2015-07-22 00:00:00,Exxon,PILOT TRAVEL CENTERS LLC 103637 IW,HAMMOND IN (MOC) - 00DH,ULSD,352781,-1,2469465,0,509721,1,517221,509721,-1,0,-1,2304351,0,w4,509721,0,2304351,529172,-1,3457251,Available,-1,Available,150,100,140,On Track,-1,Below Trend,07/23 00:00:00 EDT,-1,w4,0,2015-07-23 00:00:00,Contract,-1,Contract,352781,352781,-1,-1,2469465,19451,-1,1152900,0,-1,0,0,-1,0,976319,-1,976320,352781,-1,2469465,529172,-1,3457251,True,True,2304351,True,7140569,False,19451,-1,1152900,-1,-1,-1,0,0
2015-07-23,2015-07-23 00:00:00,Exxon,PILOT TRAVEL CENTERS LLC 103637 IW,HAMMOND IN (MOC) - 00DH,ULSD,352781,-1,2469465,3,489534,0,467026,467026,-1,0,-1,467026,0,w5,467026,0,467026,529172,-1,3457251,Available,-1,Available,150,100,140,On Track,-1,On Track,07/24 00:00:00 EDT,-1,w5,0,2015-07-30 00:00:00,Contract,-1,Contract,352781,352781,-1,-1,2469465,62146,-1,2990225,0,-1,0,0,-1,0,1002983,-1,1002984,352781,-1,2469465,529172,-1,3457251,True,False,489534,True,7630103,False,39638,-1,2990225,-1,-1,-1,0,0
2015-07-24,2015-07-24 00:00:00,Exxon,PILOT TRAVEL CENTERS LLC 103637 IW,HAMMOND IN (MOC) - 00DH,ULSD,352781,-1,2469465,3,335501,1,350509,328001,-1,0,-1,817535,0,w5,328001,0,817535,529172,-1,3457251,Available,-1,Available,150,100,140,Below Trend,-1,On Track,07/25 00:00:00 EDT,-1,w5,0,2015-07-30 00:00:00,Contract,-1,Contract,352781,352781,-1,-1,2469465,201171,-1,2639716,0,-1,0,0,-1,0,1033229,-1,1033230,352781,-1,2469465,529172,-1,3457251,True,False,825035,True,7965604,False,193671,-1,2639716,-1,-1,-1,0,0
2015-07-25,2015-07-25 00:00:00,Exxon,PILOT TRAVEL CENTERS LLC 103637 IW,HAMMOND IN (MOC) - 00DH,ULSD,352781,-1,2469465,3,172134,1,172079,164579,-1,0,-1,989614,0,w5,164579,0,989614,529172,-1,3457251,Available,-1,Available,150,100,140,Below Trend,-1,Below Trend,07/26 00:00:00 EDT,-1,w5,0,2015-07-30 00:00:00,Contract,-1,Contract,352781,352781,-1,-1,2469465,364593,-1,2467637,0,-1,0,0,-1,0,1063539,-1,1063540,352781,-1,2469465,529172,-1,3457251,True,False,997169,True,8137738,False,357038,-1,2467637,-1,-1,-1,0,0
2015-07-26,2015-07-26 00:00:00,Exxon,PILOT TRAVEL CENTERS LLC 103637 IW,HAMMOND IN (MOC) - 00DH,ULSD,352781,-1,2469465,3,148875,1,156430,148875,-1,0,-1,1146044,0,w5,148875,0,1146044,529172,-1,3457251,Available,-1,Available,150,100,140,Below Trend,-1,Below Trend,07/27 00:00:00 EDT,-1,w5,0,2015-07-30 00:00:00,Contract,-1,Contract,352781,352781,-1,-1,2469465,380297,-1,2311207,0,-1,0,0,-1,0,1093594,-1,1093595,352781,-1,2469465,529172,-1,3457251,True,True,1146044,True,8286613,False,380297,-1,2311207,-1,-1,-1,0,0
2015-07-27,2015-07-27 00:00:00,Exxon,PILOT TRAVEL CENTERS LLC 103637 IW,HAMMOND IN (MOC) - 00DH,ULSD,352781,-1,2469465,3,329195,0,321995,321995,-1,0,-1,1468039,0,w5,321995,0,1468039,529172,-1,3457251,Available,-1,Available,150,100,140,Below Trend,-1,Below Trend,07/28 00:00:00 EDT,-1,w5,0,2015-07-30 00:00:00,Contract,-1,Contract,352781,352781,-1,-1,2469465,207177,-1,1989212,0,-1,0,0,-1,0,1123905,-1,1123906,352781,-1,2469465,529172,-1,3457251,True,False,1475239,True,8615808,False,199977,-1,1989212,-1,-1,-1,0,0
2015-07-28,2015-07-28 00:00:00,Exxon,PILOT TRAVEL CENTERS LLC 103637 IW,HAMMOND IN (MOC) - 00DH,ULSD,352781,-1,2469465,3,529462,1,536662,529462,-1,0,-1,2004701,0,w5,529462,0,2004701,529172,-1,3457251,Out,-1,Out,150,100,140,On Track,-1,Below Trend,07/29 00:00:00 EDT,-1,w5,0,2015-07-30 00:00:00,Contract,-1,Contract,352781,352781,-1,-1,2469465,-291,-1,1452550,0,-1,0,0,-1,0,1154215,-1,1154216,352781,-1,2469465,529172,-1,3457251,True,True,2004701,True,9145270,False,-290,-1,1452550,-1,-1,-1,0,0
2015-07-29,2015-07-29 00:00:00,Exxon,PILOT TRAVEL CENTERS LLC 103637 IW,HAMMOND IN (MOC) - 00DH,ULSD,352781,-1,2469465,0,385466,0,385466,385466,-1,0,-1,2390167,0,w5,385466,0,2390167,529172,-1,3457251,Available,-1,Available,150,100,140,Below Trend,-1,Below Trend,07/30 00:00:00 EDT,-1,w5,0,2015-07-30 00:00:00,Contract,-1,Contract,352781,352781,-1,-1,2469465,143706,-1,1067084,0,-1,0,0,-1,0,1183504,-1,1183505,352781,-1,2469465,529172,-1,3457251,True,True,2390167,True,9530736,False,143706,-1,1067084,-1,-1,-1,0,0
2015-07-30,2015-07-30 00:00:00,Exxon,PILOT TRAVEL CENTERS LLC 103637 IW,HAMMOND IN (MOC) - 00DH,ULSD,352781,-1,2469465,3,478647,0,478647,478647,-1,0,-1,478647,0,w6,478647,0,478647,529172,-1,3457251,Available,-1,Available,150,100,140,On Track,-1,On Track,07/31 00:00:00 EDT,-1,w6,0,2015-08-06 00:00:00,Contract,-1,Contract,400561,400561,-1,-1,2803924,50525,-1,2978604,0,-1,0,0,-1,0,1214836,-1,1214837,352781,-1,2469465,529172,-1,3457251,True,True,478647,True,10009383,False,50525,-1,2978604,-1,-1,-1,0,0
2015-07-31,2015-07-31 00:00:00,Exxon,PILOT TRAVEL CENTERS LLC 103637 IW,HAMMOND IN (MOC) - 00DH,ULSD,400561,-1,2469465,0,307736,0,307736,307736,-1,0,-1,786383,0,w6,307736,0,786383,600842,-1,3457251,Available,-1,Available,150,100,140,Below Trend,-1,Below Trend,08/01 00:00:00 EDT,-1,w6,0,2015-08-06 00:00:00,Contract,-1,Contract,400561,400561,-1,-1,2803924,293106,-1,2670868,0,-1,0,0,-1,0,1245018,-1,1245019,400561,-1,2469465,600842,-1,3457251,True,True,786383,True,10317119,False,293106,-1,2670868,-1,-1,-1,0,0
