,date,supplier_name,account_type,supplier_terminal_name,product_name,base_gallons_Daily,base_gallons_Monthly,base_gallons_Weekly,lifted_gallons_daily_flag,lifted_gallons_daily_modified,Modified_WeeksByLiftedGallons,lifted_gallons_modified_WeeksByLiftedGallons,lifted_gallons_Daily,Lifted_actual_monthly,lifted_gallons_monthly_flag,lifted_gallons_Monthly,Lifted_actual_weekly,lifted_gallons_weekly_flag,WeeksByLiftedGallons,lifted_gallonsWeekly_modified_aposteriori,Modified_LiftedGallonsaposteriori,lifted_gallons_Weekly,beginning_gallons_Daily,beginning_gallons_Monthly,beginning_gallons_Weekly,en_allocation_status_Daily,en_allocation_status_Monthly,en_allocation_status_Weekly,percentage_allocation_Daily,percentage_allocation_Monthly,percentage_allocation_Weekly,alerts_ratability_Daily,alerts_ratability_Monthly,alerts_ratability_Weekly,next_refresh_date_Daily,next_refresh_date_Monthly,Week_switch,Modified_NRD,next_refresh_date_Weekly,en_account_type_Daily,en_account_type_Monthly,en_account_type_Weekly,staging_id_Daily,staging_id_Monthly,staging_id_Weekly,base_gallons_Daily_Reconciled,base_gallons_Monthly_Reconciled,base_gallons_Weekly_Reconciled,beginning_gallons_Daily_Reconciled,beginning_gallons_Monthly_Reconciled,beginning_gallons_Weekly_Reconciled,sanityWeekly_CumulativeDaily_WeeksByLiftedGallons,sanityWeekly_CumulativeDaily_NextRefreshDate,computedWeekly,computedMonthly,sanityComputedMonthly,sanityMonthly_CumulativeDaily_WeeksByLiftedGallons,sanityMonthly_CumulativeDaily_WeeksByNextRefreshDate
2015-06-01,2015-06-01 00:00:00,Chevron,PILOT TRAVEL CENTERS LLC : CHV7460761,1066 BOISE ID TRM TESORO,DIESEL #2,20149,604456,141040,7,19809,0,-1,-1,-1,7,19809,-1,7,w1,-1,0,19809,40298,664902,176300,-1,-1,-1,100,100,100,-1,-1,-1,-1,-1,w1,1,2015-06-03 00:00:00,-1,-1,-1,-1,-1,-1,40298,664902,176300,20149,604456,141040,True,True,19809,0,0,0,1
2015-06-02,2015-06-02 00:00:00,Chevron,PILOT TRAVEL CENTERS LLC : CHV7460761,1066 BOISE ID TRM TESORO,DIESEL #2,20149,604456,141040,1,0,0,0,0,19809,0,19809,109455,1,w1,0,0,19809,40298,664902,176300,Available,Available,Limited,200,110,125,Below Trend,On Target,On Target,06/03 00:00:00 MDT,07/01 00:00:00 MDT,w1,0,2015-06-03 00:00:00,Contract,Contract,Contract,160,162,161,20149,604456,141040,40298,664902,176300,False,True,19809,0,0,0,1
2015-06-03,2015-06-03 00:00:00,Chevron,PILOT TRAVEL CENTERS LLC : CHV7460761,1066 BOISE ID TRM TESORO,DIESEL #2,20149,604456,141040,1,20011,0,0,0,39820,0,39820,0,1,w2,0,0,20011,40298,664902,176300,Available,Available,Available,200,110,125,Below Trend,Above Trend,Below Trend,06/04 00:00:00 MDT,07/01 00:00:00 MDT,w2,0,2015-06-10 00:00:00,Contract,Contract,Contract,6158,6160,6159,20149,604456,141040,40298,664902,176300,True,True,0,0,0,0,1
2015-06-04,2015-06-04 00:00:00,Chevron,PILOT TRAVEL CENTERS LLC : CHV7460761,1066 BOISE ID TRM TESORO,DIESEL #2,20149,604456,141040,1,19706,1,19706,0,59526,0,59526,19706,1,w2,0,0,39717,40298,664902,176300,Available,Available,Available,200,110,125,Below Trend,Above Trend,On Target,06/05 00:00:00 MDT,07/01 00:00:00 MDT,w2,0,2015-06-10 00:00:00,Contract,Contract,Contract,8903,8905,8904,20149,604456,141040,40298,664902,176300,True,True,0,0,0,0,1
2015-06-05,2015-06-05 00:00:00,Chevron,PILOT TRAVEL CENTERS LLC : CHV7460761,1066 BOISE ID TRM TESORO,DIESEL #2,20149,604456,141040,1,19925,1,19925,0,79451,0,79451,39631,1,w2,0,0,59642,40298,664902,176300,Available,Available,Available,200,110,125,Below Trend,Above Trend,On Target,06/06 00:00:00 MDT,07/01 00:00:00 MDT,w2,0,2015-06-10 00:00:00,Contract,Contract,Contract,12798,12800,12799,20149,604456,141040,40298,664902,176300,True,True,0,0,0,0,1
2015-06-06,2015-06-06 00:00:00,Chevron,PILOT TRAVEL CENTERS LLC : CHV7460761,1066 BOISE ID TRM TESORO,DIESEL #2,20149,604456,141040,0,-1,0,-1,-1,-1,0,-1,-1,0,w3,-1,0,-1,40298,664902,176300,-1,-1,-1,100,100,100,-1,-1,-1,-1,-1,w2,1,2015-06-10 00:00:00,-1,-1,-1,-1,-1,-1,40298,664902,176300,20149,604456,141040,True,False,0,0,0,0,0
2015-06-07,2015-06-07 00:00:00,Chevron,PILOT TRAVEL CENTERS LLC : CHV7460761,1066 BOISE ID TRM TESORO,DIESEL #2,20149,604456,141040,0,-1,0,-1,-1,-1,0,-1,-1,0,w3,-1,0,-1,40298,664902,176300,-1,-1,-1,100,100,100,-1,-1,-1,-1,-1,w2,1,2015-06-10 00:00:00,-1,-1,-1,-1,-1,-1,40298,664902,176300,20149,604456,141040,False,False,0,0,0,0,0
2015-06-08,2015-06-08 00:00:00,Chevron,PILOT TRAVEL CENTERS LLC : CHV7460761,1066 BOISE ID TRM TESORO,DIESEL #2,20149,604456,141040,0,0,0,0,0,138640,0,138640,98820,0,w3,0,0,98820,40298,664902,176300,Available,Available,Limited,200,110,125,Below Trend,Above Trend,On Target,06/08 00:00:00 MDT,07/01 00:00:00 MDT,w2,0,2015-06-10 00:00:00,Contract,Contract,Contract,15098,15100,15099,20149,604456,141040,40298,664902,176300,False,False,0,0,0,0,0
2015-06-09,2015-06-09 00:00:00,Chevron,PILOT TRAVEL CENTERS LLC : CHV7460761,1066 BOISE ID TRM TESORO,DIESEL #2,20149,604456,141040,2,19909,0,-1,-1,-1,2,158549,-1,2,w4,-1,0,118729,40298,664902,176300,-1,-1,-1,100,100,100,-1,-1,-1,-1,-1,w2,1,2015-06-10 00:00:00,-1,-1,-1,-1,-1,-1,40298,664902,176300,20149,604456,141040,True,False,0,0,0,0,0
2015-06-10,2015-06-10 00:00:00,Chevron,PILOT TRAVEL CENTERS LLC : CHV7460761,1066 BOISE ID TRM TESORO,DIESEL #2,20149,604456,141040,1,29283,0,29283,29283,187832,0,187832,148012,1,w4,29283,0,148012,40298,664902,176300,Limited,Available,Low,200,110,125,On Target,Above Trend,Above Trend,06/10 00:00:00 MDT,07/01 00:00:00 MDT,w2,0,2015-06-10 00:00:00,Contract,Contract,Contract,20711,20713,20712,20149,604456,141040,40298,664902,176300,False,False,0,0,0,0,0
2015-06-11,2015-06-11 00:00:00,Chevron,PILOT TRAVEL CENTERS LLC : CHV7460761,1066 BOISE ID TRM TESORO,DIESEL #2,20149,604456,141040,1,19809,1,19809,0,207641,0,207641,19809,1,w5,0,0,19809,40298,664902,176300,Available,Available,Available,200,110,125,Below Trend,Above Trend,On Target,06/12 00:00:00 MDT,07/01 00:00:00 MDT,w3,0,2015-06-17 00:00:00,Contract,Contract,Contract,23613,23615,23614,20149,604456,141040,40298,664902,176300,True,True,19809,0,0,0,0
2015-06-12,2015-06-12 00:00:00,Chevron,PILOT TRAVEL CENTERS LLC : CHV7460761,1066 BOISE ID TRM TESORO,DIESEL #2,20149,604456,141040,2,49627,0,-1,-1,-1,2,257268,-1,2,w6,-1,0,69436,40298,664902,176300,-1,-1,-1,100,100,100,-1,-1,-1,-1,-1,w3,1,2015-06-17 00:00:00,-1,-1,-1,-1,-1,-1,40298,664902,176300,20149,604456,141040,True,True,69436,0,0,0,0
2015-06-13,2015-06-13 00:00:00,Chevron,PILOT TRAVEL CENTERS LLC : CHV7460761,1066 BOISE ID TRM TESORO,DIESEL #2,20149,604456,141040,1,9901,0,9901,9901,267169,0,267169,79337,1,w6,9901,0,79337,40298,664902,176300,Available,Available,Available,200,110,125,On Target,Above Trend,Above Trend,06/14 00:00:00 MDT,07/01 00:00:00 MDT,w3,0,2015-06-17 00:00:00,Contract,Contract,Contract,51200,51202,51201,20149,604456,141040,40298,664902,176300,False,True,79337,0,0,0,0
2015-06-14,2015-06-14 00:00:00,Chevron,PILOT TRAVEL CENTERS LLC : CHV7460761,1066 BOISE ID TRM TESORO,DIESEL #2,20149,604456,141040,1,7606,0,7606,7606,274775,0,274775,86943,1,w6,7606,0,86943,40298,664902,176300,Available,Available,Available,200,110,125,On Target,Above Trend,On Target,06/15 00:00:00 MDT,07/01 00:00:00 MDT,w3,0,2015-06-17 00:00:00,Contract,Contract,Contract,70984,70986,70985,20149,604456,141040,40298,664902,176300,False,True,86943,0,0,0,0
2015-06-15,2015-06-15 00:00:00,Chevron,PILOT TRAVEL CENTERS LLC : CHV7460761,1066 BOISE ID TRM TESORO,DIESEL #2,20149,604456,141040,1,17604,0,17604,17604,292379,0,292379,104547,1,w6,17604,0,104547,40298,664902,176300,Available,Available,Limited,200,110,125,On Target,Above Trend,On Target,06/16 00:00:00 MDT,07/01 00:00:00 MDT,w3,0,2015-06-17 00:00:00,Contract,Contract,Contract,101511,101513,101512,20149,604456,141040,40298,664902,176300,False,True,104547,0,0,0,0
2015-06-16,2015-06-16 00:00:00,Chevron,PILOT TRAVEL CENTERS LLC : CHV7460761,1066 BOISE ID TRM TESORO,DIESEL #2,20149,604456,141040,1,19801,0,19801,19801,312180,0,312180,124348,1,w6,19801,0,124348,40298,664902,176300,Available,Available,Limited,200,110,125,On Target,Above Trend,On Target,06/17 00:00:00 MDT,07/01 00:00:00 MDT,w3,0,2015-06-17 00:00:00,Contract,Contract,Contract,123822,123824,123823,20149,604456,141040,40298,664902,176300,False,True,124348,0,0,0,0
2015-06-17,2015-06-17 00:00:00,Chevron,PILOT TRAVEL CENTERS LLC : CHV7460761,1066 BOISE ID TRM TESORO,DIESEL #2,20149,604456,141040,1,10005,0,10005,10005,322185,0,322185,10005,1,w7,10005,0,10005,40298,664902,176300,Available,Available,Available,200,110,125,On Target,Above Trend,On Target,06/18 00:00:00 MDT,07/01 00:00:00 MDT,w4,0,2015-06-24 00:00:00,Contract,Contract,Contract,142429,142431,142430,20149,604456,141040,40298,664902,176300,True,True,10005,0,0,0,0
2015-06-18,2015-06-18 00:00:00,Chevron,PILOT TRAVEL CENTERS LLC : CHV7460761,1066 BOISE ID TRM TESORO,DIESEL #2,20149,604456,141040,1,7707,0,7707,7707,329892,0,329892,17712,1,w7,7707,0,17712,40298,664902,176300,Available,Available,Available,200,110,125,On Target,Above Trend,On Target,06/19 00:00:00 MDT,07/01 00:00:00 MDT,w4,0,2015-06-24 00:00:00,Contract,Contract,Contract,161196,161198,161197,20149,604456,141040,40298,664902,176300,True,True,17712,0,0,0,0
2015-06-19,2015-06-19 00:00:00,Chevron,PILOT TRAVEL CENTERS LLC : CHV7460761,1066 BOISE ID TRM TESORO,DIESEL #2,20149,604456,141040,1,19909,0,19909,19909,349801,0,349801,37621,1,w7,19909,0,37621,40298,664902,176300,Available,Limited,Available,200,110,125,On Target,Above Trend,On Target,06/20 00:00:00 MDT,07/01 00:00:00 MDT,w4,0,2015-06-24 00:00:00,Contract,Contract,Contract,174445,174447,174446,20149,604456,141040,40298,664902,176300,True,True,37621,0,0,0,0
2015-06-20,2015-06-20 00:00:00,Chevron,PILOT TRAVEL CENTERS LLC : CHV7460761,1066 BOISE ID TRM TESORO,DIESEL #2,20149,604456,141040,1,0,0,0,0,349801,0,349801,37621,1,w7,0,0,37621,40298,664902,176300,Available,Limited,Available,200,110,125,Below Trend,On Target,On Target,06/21 00:00:00 MDT,07/01 00:00:00 MDT,w4,0,2015-06-24 00:00:00,Contract,Contract,Contract,191073,191075,191074,20149,604456,141040,40298,664902,176300,True,True,37621,0,0,0,0
2015-06-21,2015-06-21 00:00:00,Chevron,PILOT TRAVEL CENTERS LLC : CHV7460761,1066 BOISE ID TRM TESORO,DIESEL #2,20149,604456,141040,1,9910,0,9910,9910,359711,0,359711,47531,1,w7,9910,0,47531,40298,664902,176300,Available,Limited,Available,200,110,125,On Target,On Target,On Target,06/22 00:00:00 MDT,07/01 00:00:00 MDT,w4,0,2015-06-24 00:00:00,Contract,Contract,Contract,217415,217417,217416,20149,604456,141040,40298,664902,176300,True,True,47531,0,0,0,0
2015-06-22,2015-06-22 00:00:00,Chevron,PILOT TRAVEL CENTERS LLC : CHV7460761,1066 BOISE ID TRM TESORO,DIESEL #2,20149,604456,141040,1,19904,1,19904,10008,379615,0,379615,67435,1,w7,10008,0,67435,40298,664902,176300,Available,Limited,Available,200,110,125,On Target,On Target,On Target,06/23 00:00:00 MDT,07/01 00:00:00 MDT,w4,0,2015-06-24 00:00:00,Contract,Contract,Contract,239404,239406,239405,20149,604456,141040,40298,664902,176300,True,True,67435,0,0,0,0
2015-06-23,2015-06-23 00:00:00,Chevron,PILOT TRAVEL CENTERS LLC : CHV7460761,1066 BOISE ID TRM TESORO,DIESEL #2,20149,604456,141040,1,0,0,0,0,379615,0,379615,67435,1,w7,0,0,67435,40298,664902,176300,Available,Limited,Available,200,110,125,Below Trend,On Target,On Target,06/24 00:00:00 MDT,07/01 00:00:00 MDT,w4,0,2015-06-24 00:00:00,Contract,Contract,Contract,276891,276893,276892,20149,604456,141040,40298,664902,176300,True,True,67435,0,0,0,0
2015-06-24,2015-06-24 00:00:00,Chevron,PILOT TRAVEL CENTERS LLC : CHV7460761,1066 BOISE ID TRM TESORO,DIESEL #2,20149,604456,141040,1,19921,0,19921,19921,399536,0,399536,19921,1,w8,19921,0,19921,40298,664902,176300,Available,Limited,Available,200,110,125,On Target,On Target,Above Trend,06/25 00:00:00 MDT,07/01 00:00:00 MDT,w5,0,2015-07-01 00:00:00,Contract,Contract,Contract,307093,307095,307094,20149,604456,141040,40298,664902,176300,True,True,19921,0,0,0,0
2015-06-25,2015-06-25 00:00:00,Chevron,PILOT TRAVEL CENTERS LLC : CHV7460761,1066 BOISE ID TRM TESORO,DIESEL #2,20149,604456,141040,1,19904,1,19904,9901,419440,0,419440,39825,1,w8,9901,0,39825,40298,664902,176300,Available,Limited,Available,200,110,125,On Target,On Target,Above Trend,06/26 00:00:00 MDT,07/01 00:00:00 MDT,w5,0,2015-07-01 00:00:00,Contract,Contract,Contract,338804,338806,338805,20149,604456,141040,40298,664902,176300,True,True,39825,0,0,0,0
2015-06-26,2015-06-26 00:00:00,Chevron,PILOT TRAVEL CENTERS LLC : CHV7460761,1066 BOISE ID TRM TESORO,DIESEL #2,20149,604456,141040,1,29899,1,29899,19899,449339,0,449339,69724,1,w8,19899,0,69724,40298,664902,176300,Available,Limited,Available,200,110,125,On Target,On Target,Above Trend,06/27 00:00:00 MDT,07/01 00:00:00 MDT,w5,0,2015-07-01 00:00:00,Contract,Contract,Contract,369143,369145,369144,20149,604456,141040,40298,664902,176300,True,True,69724,0,0,0,0
2015-06-27,2015-06-27 00:00:00,Chevron,PILOT TRAVEL CENTERS LLC : CHV7460761,1066 BOISE ID TRM TESORO,DIESEL #2,20149,604456,141040,1,38957,1,38957,19480,488296,0,488296,108681,1,w8,19480,0,108681,40298,664902,176300,Available,Limited,Limited,200,110,125,On Target,Above Trend,Above Trend,06/28 00:00:00 MDT,07/01 00:00:00 MDT,w5,0,2015-07-01 00:00:00,Contract,Contract,Contract,396225,396227,396226,20149,604456,141040,40298,664902,176300,True,True,108681,0,0,0,0
2015-06-28,2015-06-28 00:00:00,Chevron,PILOT TRAVEL CENTERS LLC : CHV7460761,1066 BOISE ID TRM TESORO,DIESEL #2,20149,604456,141040,1,10010,0,10010,10010,498306,0,498306,118691,1,w8,10010,0,118691,40298,664902,176300,Available,Limited,Limited,200,110,125,On Target,Above Trend,Above Trend,06/29 00:00:00 MDT,07/01 00:00:00 MDT,w5,0,2015-07-01 00:00:00,Contract,Contract,Contract,419151,419153,419152,20149,604456,141040,40298,664902,176300,True,True,118691,0,0,0,0
2015-06-29,2015-06-29 00:00:00,Chevron,PILOT TRAVEL CENTERS LLC : CHV7460761,1066 BOISE ID TRM TESORO,DIESEL #2,20149,604456,141040,1,19863,0,19863,19863,518169,0,518169,138554,1,w8,19863,0,138554,40298,664902,176300,Available,Limited,Limited,200,110,125,On Target,Above Trend,Above Trend,06/30 00:00:00 MDT,07/01 00:00:00 MDT,w5,0,2015-07-01 00:00:00,Contract,Contract,Contract,449966,449968,449967,20149,604456,141040,40298,664902,176300,True,True,138554,0,0,0,0
2015-06-30,2015-06-30 00:00:00,Chevron,PILOT TRAVEL CENTERS LLC : CHV7460761,1066 BOISE ID TRM TESORO,DIESEL #2,20149,604456,141040,1,39496,0,39496,39496,557665,0,557665,178050,1,w8,39496,0,178050,40298,664902,176300,Low,Low,Out,200,110,125,Above Trend,Above Trend,Above Trend,07/01 00:00:00 MDT,07/01 00:00:00 MDT,w5,0,2015-07-01 00:00:00,Contract,Contract,Contract,476631,476633,476632,20149,604456,141040,40298,664902,176300,True,True,178050,0,0,0,0
