,date,supplier_name,account_type,supplier_terminal_name,product_name,base_gallons_Daily,base_gallons_Monthly,base_gallons_Weekly,lifted_gallons_daily_flag,lifted_gallons_daily_modified,Modified_WeeksByLiftedGallons,lifted_gallons_modified_WeeksByLiftedGallons,lifted_gallons_Daily,Lifted_actual_monthly,lifted_gallons_monthly_flag,lifted_gallons_Monthly,Lifted_actual_weekly,lifted_gallons_weekly_flag,WeeksByLiftedGallons,lifted_gallonsWeekly_modified_aposteriori,Modified_LiftedGallonsaposteriori,lifted_gallons_Weekly,beginning_gallons_Daily,beginning_gallons_Monthly,beginning_gallons_Weekly,en_allocation_status_Daily,en_allocation_status_Monthly,en_allocation_status_Weekly,percentage_allocation_Daily,percentage_allocation_Monthly,percentage_allocation_Weekly,alerts_ratability_Daily,alerts_ratability_Monthly,alerts_ratability_Weekly,next_refresh_date_Daily,next_refresh_date_Monthly,Week_switch,Modified_NRD,next_refresh_date_Weekly,en_account_type_Daily,en_account_type_Monthly,en_account_type_Weekly,staging_id_Daily,staging_id_Monthly,staging_id_Weekly,base_gallons_Daily_Reconciled,base_gallons_Monthly_Reconciled,base_gallons_Weekly_Reconciled,beginning_gallons_Daily_Reconciled,beginning_gallons_Monthly_Reconciled,beginning_gallons_Weekly_Reconciled,sanityWeekly_CumulativeDaily_WeeksByLiftedGallons,sanityWeekly_CumulativeDaily_NextRefreshDate,computedWeekly,computedMonthly,sanityComputedMonthly,sanityMonthly_CumulativeDaily_WeeksByLiftedGallons,sanityMonthly_CumulativeDaily_WeeksByNextRefreshDate
2015-06-01,2015-06-01 00:00:00,Chevron,PILOT TRAVEL CENTERS LLC : CHV7460761,1045 SALT LAKE CITY UT TRM CHEVRON,DIESEL #2,67151,2014522,470055,7,0,0,-1,-1,-1,7,0,-1,7,w1,-1,0,0,134302,2215974,587569,-1,-1,-1,100,100,100,-1,-1,-1,-1,-1,w1,1,2015-06-03 00:00:00,-1,-1,-1,-1,-1,-1,134302,2215974,587569,67151,2014522,470055,True,True,0,0,1,0,1
2015-06-02,2015-06-02 00:00:00,Chevron,PILOT TRAVEL CENTERS LLC : CHV7460761,1045 SALT LAKE CITY UT TRM CHEVRON,DIESEL #2,67151,2014522,470055,1,0,0,0,0,0,0,0,284568,1,w1,0,0,0,134302,2215974,587569,Available,Available,Available,200,110,125,Below Trend,Below Trend,On Target,06/03 00:00:00 MDT,07/01 00:00:00 MDT,w1,0,2015-06-03 00:00:00,Contract,Contract,Contract,154,156,155,67151,2014522,470055,134302,2215974,587569,False,True,0,0,1,0,1
2015-06-03,2015-06-03 00:00:00,Chevron,PILOT TRAVEL CENTERS LLC : CHV7460761,1045 SALT LAKE CITY UT TRM CHEVRON,DIESEL #2,67151,2014522,470055,1,57995,0,20501,20501,57995,0,57995,20501,1,w2,20501,0,57995,134302,2215974,587569,Available,Available,Available,200,110,125,On Target,On Target,Above Trend,06/04 00:00:00 MDT,07/01 00:00:00 MDT,w2,0,2015-06-10 00:00:00,Contract,Contract,Contract,6152,6154,6153,67151,2014522,470055,134302,2215974,587569,True,True,0,0,0,0,1
2015-06-04,2015-06-04 00:00:00,Chevron,PILOT TRAVEL CENTERS LLC : CHV7460761,1045 SALT LAKE CITY UT TRM CHEVRON,DIESEL #2,67151,2014522,470055,1,33997,1,33997,10499,91992,0,91992,54498,1,w2,10499,0,91992,134302,2215974,587569,Available,Available,Available,200,110,125,On Target,On Target,On Target,06/05 00:00:00 MDT,07/01 00:00:00 MDT,w2,0,2015-06-10 00:00:00,Contract,Contract,Contract,8897,8899,8898,67151,2014522,470055,134302,2215974,587569,True,True,0,0,0,0,1
2015-06-05,2015-06-05 00:00:00,Chevron,PILOT TRAVEL CENTERS LLC : CHV7460761,1045 SALT LAKE CITY UT TRM CHEVRON,DIESEL #2,67151,2014522,470055,1,41003,1,41003,0,132995,0,132995,95501,1,w2,0,0,132995,134302,2215974,587569,Available,Available,Available,200,110,125,Below Trend,On Target,On Target,06/06 00:00:00 MDT,07/01 00:00:00 MDT,w2,0,2015-06-10 00:00:00,Contract,Contract,Contract,12792,12794,12793,67151,2014522,470055,134302,2215974,587569,True,True,0,0,0,0,1
2015-06-06,2015-06-06 00:00:00,Chevron,PILOT TRAVEL CENTERS LLC : CHV7460761,1045 SALT LAKE CITY UT TRM CHEVRON,DIESEL #2,67151,2014522,470055,0,-1,0,-1,-1,-1,0,-1,-1,0,w3,-1,0,-1,134302,2215974,587569,-1,-1,-1,100,100,100,-1,-1,-1,-1,-1,w2,1,2015-06-10 00:00:00,-1,-1,-1,-1,-1,-1,134302,2215974,587569,67151,2014522,470055,True,False,0,0,0,0,0
2015-06-07,2015-06-07 00:00:00,Chevron,PILOT TRAVEL CENTERS LLC : CHV7460761,1045 SALT LAKE CITY UT TRM CHEVRON,DIESEL #2,67151,2014522,470055,0,-1,0,-1,-1,-1,0,-1,-1,0,w3,-1,0,-1,134302,2215974,587569,-1,-1,-1,100,100,100,-1,-1,-1,-1,-1,w2,1,2015-06-10 00:00:00,-1,-1,-1,-1,-1,-1,134302,2215974,587569,67151,2014522,470055,False,False,0,0,0,0,0
2015-06-08,2015-06-08 00:00:00,Chevron,PILOT TRAVEL CENTERS LLC : CHV7460761,1045 SALT LAKE CITY UT TRM CHEVRON,DIESEL #2,67151,2014522,470055,0,37000,0,37000,37000,255402,0,255402,217908,0,w3,37000,0,217908,134302,2215974,587569,Available,Available,Available,200,110,125,On Target,On Target,On Target,06/08 00:00:00 MDT,07/01 00:00:00 MDT,w2,0,2015-06-10 00:00:00,Contract,Contract,Contract,15092,15094,15093,67151,2014522,470055,134302,2215974,587569,False,False,0,0,0,0,0
2015-06-09,2015-06-09 00:00:00,Chevron,PILOT TRAVEL CENTERS LLC : CHV7460761,1045 SALT LAKE CITY UT TRM CHEVRON,DIESEL #2,67151,2014522,470055,2,46522,0,-1,-1,-1,2,301924,-1,2,w4,-1,0,264430,134302,2215974,587569,-1,-1,-1,100,100,100,-1,-1,-1,-1,-1,w2,1,2015-06-10 00:00:00,-1,-1,-1,-1,-1,-1,134302,2215974,587569,67151,2014522,470055,True,False,0,0,0,0,0
2015-06-10,2015-06-10 00:00:00,Chevron,PILOT TRAVEL CENTERS LLC : CHV7460761,1045 SALT LAKE CITY UT TRM CHEVRON,DIESEL #2,67151,2014522,470055,1,90496,0,90496,90496,392420,0,392420,354926,1,w4,90496,0,354926,335755,2215974,1175138,Available,Available,Available,500,110,250,On Target,On Target,On Target,06/10 00:00:00 MDT,07/01 00:00:00 MDT,w2,0,2015-06-10 00:00:00,Contract,Contract,Contract,20705,20707,20706,67151,2014522,470055,335755,2215974,1175138,False,False,0,0,0,0,0
2015-06-11,2015-06-11 00:00:00,Chevron,PILOT TRAVEL CENTERS LLC : CHV7460761,1045 SALT LAKE CITY UT TRM CHEVRON,DIESEL #2,67151,2014522,470055,1,88521,1,88521,0,480941,0,480941,88521,1,w5,0,0,88521,134302,2215974,587569,Available,Available,Available,200,110,125,Below Trend,On Target,Above Trend,06/12 00:00:00 MDT,07/01 00:00:00 MDT,w3,0,2015-06-17 00:00:00,Contract,Contract,Contract,23607,23609,23608,67151,2014522,470055,134302,2215974,587569,True,True,88521,0,0,0,0
2015-06-12,2015-06-12 00:00:00,Chevron,PILOT TRAVEL CENTERS LLC : CHV7460761,1045 SALT LAKE CITY UT TRM CHEVRON,DIESEL #2,67151,2014522,470055,2,165713,0,-1,-1,-1,2,646654,-1,2,w6,-1,0,254234,134302,2215974,587569,-1,-1,-1,100,100,100,-1,-1,-1,-1,-1,w3,1,2015-06-17 00:00:00,-1,-1,-1,-1,-1,-1,134302,2215974,587569,67151,2014522,470055,True,True,254234,0,0,0,0
2015-06-13,2015-06-13 00:00:00,Chevron,PILOT TRAVEL CENTERS LLC : CHV7460761,1045 SALT LAKE CITY UT TRM CHEVRON,DIESEL #2,67151,2014522,470055,1,52018,0,52018,52018,698672,0,698672,306252,1,w6,52018,0,306252,134302,2215974,587569,Available,Available,Limited,200,110,125,On Target,On Target,Above Trend,06/14 00:00:00 MDT,07/01 00:00:00 MDT,w3,0,2015-06-17 00:00:00,Contract,Contract,Contract,51194,51196,51195,67151,2014522,470055,134302,2215974,587569,False,True,306252,0,0,0,0
2015-06-14,2015-06-14 00:00:00,Chevron,PILOT TRAVEL CENTERS LLC : CHV7460761,1045 SALT LAKE CITY UT TRM CHEVRON,DIESEL #2,67151,2014522,470055,1,104412,0,104412,104412,803084,0,803084,410664,1,w6,104412,0,410664,134302,2215974,587569,Limited,Available,Limited,200,110,125,Above Trend,On Target,Above Trend,06/15 00:00:00 MDT,07/01 00:00:00 MDT,w3,0,2015-06-17 00:00:00,Contract,Contract,Contract,70978,70980,70979,67151,2014522,470055,134302,2215974,587569,False,True,410664,0,0,0,0
2015-06-15,2015-06-15 00:00:00,Chevron,PILOT TRAVEL CENTERS LLC : CHV7460761,1045 SALT LAKE CITY UT TRM CHEVRON,DIESEL #2,67151,2014522,470055,1,109315,0,109315,109315,912399,0,912399,519979,1,w6,109315,0,519979,134302,2215974,587569,Low,Available,Low,200,110,125,Above Trend,Above Trend,Above Trend,06/16 00:00:00 MDT,07/01 00:00:00 MDT,w3,0,2015-06-17 00:00:00,Contract,Contract,Contract,101505,101507,101506,67151,2014522,470055,134302,2215974,587569,False,True,519979,0,0,0,0
2015-06-16,2015-06-16 00:00:00,Chevron,PILOT TRAVEL CENTERS LLC : CHV7460761,1045 SALT LAKE CITY UT TRM CHEVRON,DIESEL #2,67151,2014522,470055,1,109629,0,109629,109629,1022028,0,1022028,629608,1,w6,109629,0,629608,134302,2215974,587569,Available,Available,Limited,200,110,125,Above Trend,Above Trend,Above Trend,06/17 00:00:00 MDT,07/01 00:00:00 MDT,w3,0,2015-06-17 00:00:00,Contract,Contract,Contract,123816,123818,123817,67151,2014522,470055,134302,2215974,587569,False,True,629608,0,0,0,0
2015-06-17,2015-06-17 00:00:00,Chevron,PILOT TRAVEL CENTERS LLC : CHV7460761,1045 SALT LAKE CITY UT TRM CHEVRON,DIESEL #2,67151,2014522,470055,1,95106,0,95106,95106,1117134,0,1117134,95106,1,w7,95106,0,95106,134302,2215974,587569,Available,Available,Available,200,110,125,On Target,Above Trend,Above Trend,06/18 00:00:00 MDT,07/01 00:00:00 MDT,w4,0,2015-06-24 00:00:00,Contract,Contract,Contract,142423,142425,142424,67151,2014522,470055,134302,2215974,587569,True,True,95106,0,0,0,0
2015-06-18,2015-06-18 00:00:00,Chevron,PILOT TRAVEL CENTERS LLC : CHV7460761,1045 SALT LAKE CITY UT TRM CHEVRON,DIESEL #2,67151,2014522,470055,1,196830,1,196830,193830,1313964,0,1313964,291936,1,w7,193830,0,291936,134302,2215974,587569,Available,Limited,Available,200,110,125,Above Trend,Above Trend,Above Trend,06/19 00:00:00 MDT,07/01 00:00:00 MDT,w4,0,2015-06-24 00:00:00,Contract,Contract,Contract,161190,161192,161191,67151,2014522,470055,134302,2215974,587569,True,True,291936,0,0,0,0
2015-06-19,2015-06-19 00:00:00,Chevron,PILOT TRAVEL CENTERS LLC : CHV7460761,1045 SALT LAKE CITY UT TRM CHEVRON,DIESEL #2,67151,2014522,470055,1,66012,0,66012,66012,1379976,0,1379976,357948,1,w7,66012,0,357948,134302,2215974,587569,Available,Limited,Available,200,110,125,On Target,Above Trend,Above Trend,06/20 00:00:00 MDT,07/01 00:00:00 MDT,w4,0,2015-06-24 00:00:00,Contract,Contract,Contract,174439,174441,174440,67151,2014522,470055,134302,2215974,587569,True,True,357948,0,0,0,0
2015-06-20,2015-06-20 00:00:00,Chevron,PILOT TRAVEL CENTERS LLC : CHV7460761,1045 SALT LAKE CITY UT TRM CHEVRON,DIESEL #2,67151,2014522,470055,1,174217,1,174217,128321,1554193,0,1554193,532165,1,w7,128321,0,532165,134302,2215974,587569,Available,Limited,Limited,200,110,125,Above Trend,Above Trend,Above Trend,06/21 00:00:00 MDT,07/01 00:00:00 MDT,w4,0,2015-06-24 00:00:00,Contract,Contract,Contract,191067,191069,191068,67151,2014522,470055,134302,2215974,587569,True,True,532165,0,0,0,0
2015-06-21,2015-06-21 00:00:00,Chevron,PILOT TRAVEL CENTERS LLC : CHV7460761,1045 SALT LAKE CITY UT TRM CHEVRON,DIESEL #2,67151,2014522,470055,1,101945,1,101945,89926,1656138,0,1656138,634110,1,w7,89926,0,634110,134302,2215974,587569,Available,Limited,Limited,200,110,125,On Target,Above Trend,Above Trend,06/22 00:00:00 MDT,07/01 00:00:00 MDT,w4,0,2015-06-24 00:00:00,Contract,Contract,Contract,217409,217411,217410,67151,2014522,470055,134302,2215974,587569,True,True,634110,0,0,0,0
2015-06-22,2015-06-22 00:00:00,Chevron,PILOT TRAVEL CENTERS LLC : CHV7460761,1045 SALT LAKE CITY UT TRM CHEVRON,DIESEL #2,67151,2014522,470055,1,91423,0,91423,91423,1747561,0,1747561,725533,1,w7,91423,0,725533,134302,2215974,587569,Available,Limited,Low,200,110,125,On Target,Above Trend,Above Trend,06/23 00:00:00 MDT,07/01 00:00:00 MDT,w4,0,2015-06-24 00:00:00,Contract,Contract,Contract,239398,239400,239399,67151,2014522,470055,134302,2215974,587569,True,True,725533,0,0,0,0
2015-06-23,2015-06-23 00:00:00,Chevron,PILOT TRAVEL CENTERS LLC : CHV7460761,1045 SALT LAKE CITY UT TRM CHEVRON,DIESEL #2,67151,2014522,470055,1,144957,0,144957,144957,1892518,0,1892518,870490,1,w7,144957,0,870490,134302,2215974,587569,Low,Low,Out,200,110,125,Above Trend,Above Trend,Above Trend,06/24 00:00:00 MDT,07/01 00:00:00 MDT,w4,0,2015-06-24 00:00:00,Contract,Contract,Contract,276885,276887,276886,67151,2014522,470055,134302,2215974,587569,True,True,870490,0,0,0,0
2015-06-24,2015-06-24 00:00:00,Chevron,PILOT TRAVEL CENTERS LLC : CHV7460761,1045 SALT LAKE CITY UT TRM CHEVRON,DIESEL #2,67151,2014522,470055,1,219053,0,195043,195043,2111571,0,2111571,195043,1,w8,195043,0,219053,134302,2215974,587569,Limited,Limited,Available,200,110,125,Above Trend,Above Trend,Above Trend,06/25 00:00:00 MDT,07/01 00:00:00 MDT,w5,0,2015-07-01 00:00:00,Contract,Contract,Contract,307087,307089,307088,67151,2014522,470055,134302,2215974,587569,True,True,219053,0,0,0,0
2015-06-25,2015-06-25 00:00:00,Chevron,PILOT TRAVEL CENTERS LLC : CHV7460761,1045 SALT LAKE CITY UT TRM CHEVRON,DIESEL #2,67151,2014522,470055,1,283225,1,283225,271024,2394796,0,2394796,478268,1,w8,271024,0,502278,134302,2215974,587569,Low,Low,Limited,200,110,125,Above Trend,Above Trend,Above Trend,06/26 00:00:00 MDT,07/01 00:00:00 MDT,w5,0,2015-07-01 00:00:00,Contract,Contract,Contract,338798,338800,338799,67151,2014522,470055,134302,2215974,587569,True,True,502278,0,0,0,0
2015-06-26,2015-06-26 00:00:00,Chevron,PILOT TRAVEL CENTERS LLC : CHV7460761,1045 SALT LAKE CITY UT TRM CHEVRON,DIESEL #2,67151,2014522,470055,1,137511,0,137511,137511,2532307,0,2532307,615779,1,w8,137511,0,639789,134302,2215974,587569,Low,Out,Low,200,110,125,Above Trend,Above Trend,Above Trend,06/27 00:00:00 MDT,07/01 00:00:00 MDT,w5,0,2015-07-01 00:00:00,Contract,Contract,Contract,369137,369139,369138,67151,2014522,470055,134302,2215974,587569,True,True,639789,0,0,0,0
2015-06-27,2015-06-27 00:00:00,Chevron,PILOT TRAVEL CENTERS LLC : CHV7460761,1045 SALT LAKE CITY UT TRM CHEVRON,DIESEL #2,67151,2014522,470055,1,176148,0,176148,176148,2708455,0,2708455,791927,1,w8,176148,0,815937,134302,2215974,587569,Out,Out,Out,200,110,125,Above Trend,Above Trend,Above Trend,06/28 00:00:00 MDT,07/01 00:00:00 MDT,w5,0,2015-07-01 00:00:00,Contract,Contract,Contract,396219,396221,396220,67151,2014522,470055,134302,2215974,587569,True,True,815937,0,0,0,0
2015-06-28,2015-06-28 00:00:00,Chevron,PILOT TRAVEL CENTERS LLC : CHV7460761,1045 SALT LAKE CITY UT TRM CHEVRON,DIESEL #2,67151,2014522,470055,1,55707,0,55707,55707,2764162,0,2764162,847634,1,w8,55707,0,871644,134302,2215974,587569,Low,Out,Out,200,110,125,On Target,Above Trend,Above Trend,06/29 00:00:00 MDT,07/01 00:00:00 MDT,w5,0,2015-07-01 00:00:00,Contract,Contract,Contract,419145,419147,419146,67151,2014522,470055,134302,2215974,587569,True,True,871644,0,0,0,0
2015-06-29,2015-06-29 00:00:00,Chevron,PILOT TRAVEL CENTERS LLC : CHV7460761,1045 SALT LAKE CITY UT TRM CHEVRON,DIESEL #2,67151,2014522,470055,1,87947,0,87947,87947,2852109,0,2852109,935581,1,w8,87947,0,959591,134302,2215974,587569,Low,Out,Out,200,110,125,On Target,Above Trend,Above Trend,06/30 00:00:00 MDT,07/01 00:00:00 MDT,w5,0,2015-07-01 00:00:00,Contract,Contract,Contract,449960,449962,449961,67151,2014522,470055,134302,2215974,587569,True,True,959591,0,0,0,0
2015-06-30,2015-06-30 00:00:00,Chevron,PILOT TRAVEL CENTERS LLC : CHV7460761,1045 SALT LAKE CITY UT TRM CHEVRON,DIESEL #2,67151,2014522,470055,1,110096,1,110096,103095,2962205,0,2962205,1045677,1,w8,103095,0,1069687,134302,2215974,587569,Low,Out,Out,200,110,125,Above Trend,Above Trend,Above Trend,07/01 00:00:00 MDT,07/01 00:00:00 MDT,w5,0,2015-07-01 00:00:00,Contract,Contract,Contract,476625,476627,476626,67151,2014522,470055,134302,2215974,587569,True,True,1069687,0,0,0,0
