,date,supplier_name,account_type,supplier_terminal_name,product_name,base_gallons_Daily,base_gallons_Monthly,base_gallons_Weekly,lifted_gallons_daily_flag,lifted_gallons_daily_modified,Modified_WeeksByLiftedGallons,lifted_gallons_modified_WeeksByLiftedGallons,lifted_gallons_Daily,Lifted_actual_monthly,lifted_gallons_monthly_flag,lifted_gallons_Monthly,Lifted_actual_weekly,lifted_gallons_weekly_flag,WeeksByLiftedGallons,lifted_gallonsWeekly_modified_aposteriori,Modified_LiftedGallonsaposteriori,lifted_gallons_Weekly,beginning_gallons_Daily,beginning_gallons_Monthly,beginning_gallons_Weekly,en_allocation_status_Daily,en_allocation_status_Monthly,en_allocation_status_Weekly,percentage_allocation_Daily,percentage_allocation_Monthly,percentage_allocation_Weekly,alerts_ratability_Daily,alerts_ratability_Monthly,alerts_ratability_Weekly,next_refresh_date_Daily,next_refresh_date_Monthly,Week_switch,Modified_NRD,next_refresh_date_Weekly,en_account_type_Daily,en_account_type_Monthly,en_account_type_Weekly,NRB_Daily,next_refresh_base_gallons_Daily,NRB_Monthly,next_refresh_base_gallons_Monthly,next_refresh_base_gallons_Weekly,remaining_gallons_Daily,remaining_gallons_Monthly,remaining_gallons_Weekly,additional_gallons_allowed_Daily,additional_gallons_allowed_Monthly,additional_gallons_allowed_Weekly,additional_gallons_remaining_Daily,additional_gallons_remaining_Monthly,additional_gallons_remaining_Weekly,staging_id_Daily,staging_id_Monthly,staging_id_Weekly,base_gallons_Daily_Reconciled,base_gallons_Monthly_Reconciled,base_gallons_Weekly_Reconciled,beginning_gallons_Daily_Reconciled,beginning_gallons_Monthly_Reconciled,beginning_gallons_Weekly_Reconciled,sanityWeekly_CumulativeDaily_WeeksByLiftedGallons,sanityWeekly_CumulativeDaily_NextRefreshDate,computedWeekly,sanityComputedWeekly,computedMonthly,sanityComputedMonthly,remaining_gallons_Daily_Reconciled,remaining_gallons_Monthly_Reconciled,remaining_gallons_Weekly_Reconciled,additional_gallons_remaining_Daily_Reconciled,additional_gallons_remaining_Monthly_Reconciled,additional_gallons_remaining_Weekly_Reconciled,sanityMonthly_CumulativeDaily_WeeksByLiftedGallons,sanityMonthly_CumulativeDaily_WeeksByNextRefreshDate
2015-06-01,2015-06-01 00:00:00,Chevron,PILOT TRAVEL CENTERS LLC : CHV7460761,1002 TRACY CA TRM CHEVRON,DIESEL #2,38014,1140406,266095,7,0,0,-1,-1,-1,7,0,-1,7,w1,-1,0,0,57021,1254447,332619,-1,-1,-1,100,100,100,-1,-1,-1,-1,-1,w1,1,2015-06-03 00:00:00,-1,-1,-1,38014,-1,1140406,-1,-1,-1,-1,-1,-1,-1,-1,-1,-1,-1,-1,-1,-1,57021,1254447,332619,38014,1140406,266095,True,True,0,True,0,0,57021,1254447,332619,-1,-1,-1,0,1
2015-06-02,2015-06-02 00:00:00,Chevron,PILOT TRAVEL CENTERS LLC : CHV7460761,1002 TRACY CA TRM CHEVRON,DIESEL #2,38014,1140406,266095,1,0,0,0,0,0,0,0,139253,1,w1,0,0,0,57021,1254447,332619,Available,Available,Available,150,110,125,Below Trend,Below Trend,On Target,06/03 00:00:00 PDT,07/01 00:00:00 PDT,w1,0,2015-06-03 00:00:00,Contract,Contract,Contract,38014,38014,1140406,1140406,266095,57021,1254447,193366,0,0,0,0,0,0,128,130,129,38014,1140406,266095,57021,1254447,332619,False,True,0,True,0,0,57021,1254447,332619,-1,-1,-1,0,1
2015-06-03,2015-06-03 00:00:00,Chevron,PILOT TRAVEL CENTERS LLC : CHV7460761,1002 TRACY CA TRM CHEVRON,DIESEL #2,38014,1140406,266095,1,0,0,0,0,0,0,0,0,1,w2,0,0,0,57021,1254447,332619,Available,Available,Available,150,110,125,Below Trend,Below Trend,Below Trend,06/04 00:00:00 PDT,07/01 00:00:00 PDT,w2,0,2015-06-10 00:00:00,Contract,Contract,Contract,38014,38014,1140406,1140406,266095,57021,1254447,332619,0,0,0,0,0,0,6126,6128,6127,38014,1140406,266095,57021,1254447,332619,True,True,0,0,0,0,57021,1254447,332619,-1,-1,-1,0,1
2015-06-04,2015-06-04 00:00:00,Chevron,PILOT TRAVEL CENTERS LLC : CHV7460761,1002 TRACY CA TRM CHEVRON,DIESEL #2,38014,1140406,266095,3,0,0,0,0,0,0,0,0,1,w2,0,0,0,57021,1254447,332619,Available,Available,Available,150,110,125,Below Trend,Below Trend,Below Trend,06/05 00:00:00 PDT,07/01 00:00:00 PDT,w2,0,2015-06-10 00:00:00,Contract,Contract,Contract,38014,38014,1140406,1140406,266095,57021,1254447,332619,0,0,0,0,0,0,8871,8873,8872,38014,1140406,266095,57021,1254447,332619,True,True,0,0,0,0,57021,1254447,332619,-1,-1,-1,0,1
2015-06-05,2015-06-05 00:00:00,Chevron,PILOT TRAVEL CENTERS LLC : CHV7460761,1002 TRACY CA TRM CHEVRON,DIESEL #2,38014,1140406,266095,0,0,0,0,0,0,0,0,0,0,w2,0,0,0,57021,1254447,332619,Available,Available,Available,150,110,125,Below Trend,Below Trend,Below Trend,06/06 00:00:00 PDT,07/01 00:00:00 PDT,w2,0,2015-06-10 00:00:00,Contract,Contract,Contract,38014,38014,1140406,1140406,266095,57021,1254447,332619,0,0,0,0,0,0,12766,12768,12767,38014,1140406,266095,57021,1254447,332619,True,True,0,0,0,0,57021,1254447,332619,-1,-1,-1,0,1
2015-06-06,2015-06-06 00:00:00,Chevron,PILOT TRAVEL CENTERS LLC : CHV7460761,1002 TRACY CA TRM CHEVRON,DIESEL #2,38014,1140406,266095,0,-1,0,-1,-1,-1,0,-1,-1,0,w3,-1,0,-1,57021,1254447,332619,-1,-1,-1,100,100,100,-1,-1,-1,-1,-1,w2,1,2015-06-10 00:00:00,-1,-1,-1,38014,-1,1140406,-1,-1,-1,-1,-1,-1,-1,-1,-1,-1,-1,-1,-1,-1,57021,1254447,332619,38014,1140406,266095,True,True,0,0,0,0,57022,1254448,332620,-1,-1,-1,0,1
2015-06-07,2015-06-07 00:00:00,Chevron,PILOT TRAVEL CENTERS LLC : CHV7460761,1002 TRACY CA TRM CHEVRON,DIESEL #2,38014,1140406,266095,0,-1,0,-1,-1,-1,0,-1,-1,0,w3,-1,0,-1,57021,1254447,332619,-1,-1,-1,100,100,100,-1,-1,-1,-1,-1,w2,1,2015-06-10 00:00:00,-1,-1,-1,38014,-1,1140406,-1,-1,-1,-1,-1,-1,-1,-1,-1,-1,-1,-1,-1,-1,57021,1254447,332619,38014,1140406,266095,False,False,0,0,0,0,57022,1254448,332620,-1,-1,-1,0,0
2015-06-08,2015-06-08 00:00:00,Chevron,PILOT TRAVEL CENTERS LLC : CHV7460761,1002 TRACY CA TRM CHEVRON,DIESEL #2,38014,1140406,266095,0,0,0,0,0,0,0,0,0,0,w3,0,0,0,57021,1254447,332619,Available,Available,Available,150,110,125,Below Trend,Below Trend,Below Trend,06/08 00:00:00 PDT,07/01 00:00:00 PDT,w2,0,2015-06-10 00:00:00,Contract,Contract,Contract,38014,38014,1140406,1140406,266095,57021,1254447,332619,0,0,0,0,0,0,15066,15068,15067,38014,1140406,266095,57021,1254447,332619,False,False,0,0,0,0,57021,1254447,332619,-1,-1,-1,0,0
2015-06-09,2015-06-09 00:00:00,Chevron,PILOT TRAVEL CENTERS LLC : CHV7460761,1002 TRACY CA TRM CHEVRON,DIESEL #2,38014,1140406,266095,2,0,0,-1,-1,-1,2,0,-1,2,w4,-1,0,0,57021,1254447,332619,-1,-1,-1,100,100,100,-1,-1,-1,-1,-1,w2,1,2015-06-10 00:00:00,-1,-1,-1,38014,-1,1140406,-1,-1,-1,-1,-1,-1,-1,-1,-1,-1,-1,-1,-1,-1,57021,1254447,332619,38014,1140406,266095,True,False,0,0,0,0,57021,1254447,332619,-1,-1,-1,0,0
2015-06-10,2015-06-10 00:00:00,Chevron,PILOT TRAVEL CENTERS LLC : CHV7460761,1002 TRACY CA TRM CHEVRON,DIESEL #2,38014,1140406,266095,1,0,0,0,0,0,0,0,0,1,w4,0,0,0,57021,1254447,332619,Available,Available,Available,150,110,125,Below Trend,Below Trend,Below Trend,06/10 00:00:00 PDT,07/01 00:00:00 PDT,w2,0,2015-06-10 00:00:00,Contract,Contract,Contract,38014,38014,1140406,1140406,266095,57021,1254447,332619,0,0,0,0,0,0,20679,20681,20680,38014,1140406,266095,57021,1254447,332619,False,False,0,0,0,0,57021,1254447,332619,-1,-1,-1,0,0
2015-06-11,2015-06-11 00:00:00,Chevron,PILOT TRAVEL CENTERS LLC : CHV7460761,1002 TRACY CA TRM CHEVRON,DIESEL #2,38014,1140406,266095,0,0,0,0,0,0,0,0,0,0,w4,0,0,0,57021,1254447,332619,Available,Available,Available,150,110,125,Below Trend,Below Trend,Below Trend,06/12 00:00:00 PDT,07/01 00:00:00 PDT,w3,0,2015-06-17 00:00:00,Contract,Contract,Contract,38014,38014,1140406,1140406,266095,57021,1254447,332619,0,0,0,0,0,0,23581,23583,23582,38014,1140406,266095,57021,1254447,332619,False,True,0,True,0,0,57021,1254447,332619,-1,-1,-1,0,0
2015-06-12,2015-06-12 00:00:00,Chevron,PILOT TRAVEL CENTERS LLC : CHV7460761,1002 TRACY CA TRM CHEVRON,DIESEL #2,38014,1140406,266095,2,30811,0,-1,-1,-1,2,30811,-1,2,w5,-1,0,30811,57021,1254447,332619,-1,-1,-1,100,100,100,-1,-1,-1,-1,-1,w3,1,2015-06-17 00:00:00,-1,-1,-1,38014,-1,1140406,-1,-1,-1,-1,-1,-1,-1,-1,-1,-1,-1,-1,-1,-1,57021,1254447,332619,38014,1140406,266095,True,True,30811,True,0,0,26210,1223636,301808,-1,-1,-1,0,0
2015-06-13,2015-06-13 00:00:00,Chevron,PILOT TRAVEL CENTERS LLC : CHV7460761,1002 TRACY CA TRM CHEVRON,DIESEL #2,38014,1140406,266095,1,0,0,0,0,30811,0,30811,30811,1,w5,0,0,30811,57021,1254447,332619,Available,Available,Available,150,110,125,Below Trend,Below Trend,Below Trend,06/14 00:00:00 PDT,07/01 00:00:00 PDT,w3,0,2015-06-17 00:00:00,Contract,Contract,Contract,38014,38014,1140406,1140406,266095,57021,1223636,301808,0,0,0,0,0,0,51168,51170,51169,38014,1140406,266095,57021,1254447,332619,False,True,30811,True,0,0,57021,1223636,301808,-1,-1,-1,0,0
2015-06-14,2015-06-14 00:00:00,Chevron,PILOT TRAVEL CENTERS LLC : CHV7460761,1002 TRACY CA TRM CHEVRON,DIESEL #2,38014,1140406,266095,1,7802,0,7802,7802,38613,0,38613,38613,1,w5,7802,0,38613,57021,1254447,332619,Available,Available,Available,150,110,125,Below Trend,Below Trend,Below Trend,06/15 00:00:00 PDT,07/01 00:00:00 PDT,w3,0,2015-06-17 00:00:00,Contract,Contract,Contract,38014,38014,1140406,1140406,266095,49219,1215834,294006,0,0,0,0,0,0,70952,70954,70953,38014,1140406,266095,57021,1254447,332619,False,True,38613,True,0,0,49219,1215834,294006,-1,-1,-1,0,0
2015-06-15,2015-06-15 00:00:00,Chevron,PILOT TRAVEL CENTERS LLC : CHV7460761,1002 TRACY CA TRM CHEVRON,DIESEL #2,38014,1140406,266095,1,38514,0,38514,38514,77127,0,77127,77127,1,w5,38514,0,77127,57021,1254447,332619,Limited,Available,Available,150,110,125,On Target,Below Trend,On Target,06/16 00:00:00 PDT,07/01 00:00:00 PDT,w3,0,2015-06-17 00:00:00,Contract,Contract,Contract,38014,38014,1140406,1140406,266095,18507,1177320,255492,0,0,0,0,0,0,101479,101481,101480,38014,1140406,266095,57021,1254447,332619,False,True,77127,True,0,0,18507,1177320,255492,-1,-1,-1,0,0
2015-06-16,2015-06-16 00:00:00,Chevron,PILOT TRAVEL CENTERS LLC : CHV7460761,1002 TRACY CA TRM CHEVRON,DIESEL #2,38014,1140406,266095,1,30812,0,30812,30812,107939,0,107939,107939,1,w5,30812,0,107939,57021,1254447,332619,Limited,Available,Available,150,110,125,On Target,Below Trend,On Target,06/17 00:00:00 PDT,07/01 00:00:00 PDT,w3,0,2015-06-17 00:00:00,Contract,Contract,Contract,38014,38014,1140406,1140406,266095,26209,1146508,224680,0,0,0,0,0,0,123790,123792,123791,38014,1140406,266095,57021,1254447,332619,False,True,107939,True,0,0,26209,1146508,224680,-1,-1,-1,0,0
2015-06-17,2015-06-17 00:00:00,Chevron,PILOT TRAVEL CENTERS LLC : CHV7460761,1002 TRACY CA TRM CHEVRON,DIESEL #2,38014,1140406,266095,1,29107,0,29107,29107,137046,0,137046,29107,1,w6,29107,0,29107,57021,1254447,332619,Limited,Available,Available,150,110,125,On Target,Below Trend,On Target,06/18 00:00:00 PDT,07/01 00:00:00 PDT,w4,0,2015-06-24 00:00:00,Contract,Contract,Contract,38014,38014,1140406,1140406,266095,27914,1117401,303512,0,0,0,0,0,0,142397,142399,142398,38014,1140406,266095,57021,1254447,332619,True,True,29107,True,0,0,27914,1117401,303512,-1,-1,-1,0,0
2015-06-18,2015-06-18 00:00:00,Chevron,PILOT TRAVEL CENTERS LLC : CHV7460761,1002 TRACY CA TRM CHEVRON,DIESEL #2,38014,1140406,266095,1,15407,0,15407,15407,152453,0,152453,44514,1,w6,15407,0,44514,57021,1254447,332619,Available,Available,Available,150,110,125,On Target,On Target,On Target,06/19 00:00:00 PDT,07/01 00:00:00 PDT,w4,0,2015-06-24 00:00:00,Contract,Contract,Contract,38014,38014,1140406,1140406,266095,41614,1101994,288105,0,0,0,0,0,0,161164,161166,161165,38014,1140406,266095,57021,1254447,332619,True,True,44514,True,0,0,41614,1101994,288105,-1,-1,-1,0,0
2015-06-19,2015-06-19 00:00:00,Chevron,PILOT TRAVEL CENTERS LLC : CHV7460761,1002 TRACY CA TRM CHEVRON,DIESEL #2,38014,1140406,266095,1,23110,0,23110,23110,175563,0,175563,67624,1,w6,23110,0,67624,57021,1254447,332619,Available,Available,Available,150,110,125,On Target,On Target,On Target,06/20 00:00:00 PDT,07/01 00:00:00 PDT,w4,0,2015-06-24 00:00:00,Contract,Contract,Contract,38014,38014,1140406,1140406,266095,33911,1078884,264995,0,0,0,0,0,0,174413,174415,174414,38014,1140406,266095,57021,1254447,332619,True,True,67624,True,0,0,33911,1078884,264995,-1,-1,-1,0,0
2015-06-20,2015-06-20 00:00:00,Chevron,PILOT TRAVEL CENTERS LLC : CHV7460761,1002 TRACY CA TRM CHEVRON,DIESEL #2,38014,1140406,266095,1,0,0,0,0,175563,0,175563,67624,1,w6,0,0,67624,57021,1254447,332619,Available,Available,Available,150,110,125,Below Trend,On Target,On Target,06/21 00:00:00 PDT,07/01 00:00:00 PDT,w4,0,2015-06-24 00:00:00,Contract,Contract,Contract,38014,38014,1140406,1140406,266095,57021,1078884,264995,0,0,0,0,0,0,191041,191043,191042,38014,1140406,266095,57021,1254447,332619,True,True,67624,True,0,0,57021,1078884,264995,-1,-1,-1,0,0
2015-06-21,2015-06-21 00:00:00,Chevron,PILOT TRAVEL CENTERS LLC : CHV7460761,1002 TRACY CA TRM CHEVRON,DIESEL #2,38014,1140406,266095,1,7803,0,7803,7803,183366,0,183366,75427,1,w6,7803,0,75427,57021,1254447,332619,Available,Available,Available,150,110,125,Below Trend,On Target,On Target,06/22 00:00:00 PDT,07/01 00:00:00 PDT,w4,0,2015-06-24 00:00:00,Contract,Contract,Contract,38014,38014,1140406,1140406,266095,49218,1071081,257192,0,0,0,0,0,0,217383,217385,217384,38014,1140406,266095,57021,1254447,332619,True,True,75427,True,0,0,49218,1071081,257192,-1,-1,-1,0,0
2015-06-22,2015-06-22 00:00:00,Chevron,PILOT TRAVEL CENTERS LLC : CHV7460761,1002 TRACY CA TRM CHEVRON,DIESEL #2,38014,1140406,266095,1,53914,0,53914,53914,237280,0,237280,129341,1,w6,53914,0,129341,57021,1254447,332619,Low,Available,Available,150,110,125,Above Trend,On Target,On Target,06/23 00:00:00 PDT,07/01 00:00:00 PDT,w4,0,2015-06-24 00:00:00,Contract,Contract,Contract,38014,38014,1140406,1140406,266095,3107,1017167,203278,0,0,0,0,0,0,239372,239374,239373,38014,1140406,266095,57021,1254447,332619,True,True,129341,True,0,0,3107,1017167,203278,-1,-1,-1,0,0
2015-06-23,2015-06-23 00:00:00,Chevron,PILOT TRAVEL CENTERS LLC : CHV7460761,1002 TRACY CA TRM CHEVRON,DIESEL #2,38014,1140406,266095,1,38512,0,38512,38512,275792,0,275792,167853,1,w6,38512,0,167853,57021,1254447,332619,Limited,Available,Available,150,110,125,On Target,On Target,On Target,06/24 00:00:00 PDT,07/01 00:00:00 PDT,w4,0,2015-06-24 00:00:00,Contract,Contract,Contract,38014,38014,1140406,1140406,266095,18509,978655,164766,0,0,0,0,0,0,276859,276861,276860,38014,1140406,266095,57021,1254447,332619,True,True,167853,True,0,0,18509,978655,164766,-1,-1,-1,0,0
2015-06-24,2015-06-24 00:00:00,Chevron,PILOT TRAVEL CENTERS LLC : CHV7460761,1002 TRACY CA TRM CHEVRON,DIESEL #2,38014,1140406,266095,1,46218,0,38515,38515,314307,0,314307,38515,1,w7,38515,0,46218,57021,1254447,332619,Limited,Available,Available,150,110,125,On Target,On Target,Above Trend,06/25 00:00:00 PDT,07/01 00:00:00 PDT,w5,0,2015-07-01 00:00:00,Contract,Contract,Contract,38014,38014,1140406,1140406,266095,18506,940140,294104,0,0,0,0,0,0,307063,307065,307064,38014,1140406,266095,57021,1254447,332619,True,True,46218,True,0,0,10803,940140,286401,-1,-1,-1,0,0
2015-06-25,2015-06-25 00:00:00,Chevron,PILOT TRAVEL CENTERS LLC : CHV7460761,1002 TRACY CA TRM CHEVRON,DIESEL #2,38014,1140406,266095,1,38414,1,46117,38414,360424,0,360424,84632,1,w7,38414,0,84632,57021,1254447,332619,Limited,Available,Available,150,110,125,On Target,On Target,Above Trend,06/26 00:00:00 PDT,07/01 00:00:00 PDT,w5,0,2015-07-01 00:00:00,Contract,Contract,Contract,38014,38014,1140406,1140406,266095,18607,894023,247987,0,0,0,0,0,0,338774,338776,338775,38014,1140406,266095,57021,1254447,332619,True,True,84632,True,0,0,18607,894023,247987,-1,-1,-1,0,0
2015-06-26,2015-06-26 00:00:00,Chevron,PILOT TRAVEL CENTERS LLC : CHV7460761,1002 TRACY CA TRM CHEVRON,DIESEL #2,38014,1140406,266095,1,46215,0,46215,46215,406639,0,406639,130847,1,w7,46215,0,130847,57021,1254447,332619,Low,Available,Available,150,110,125,Above Trend,On Target,Above Trend,06/27 00:00:00 PDT,07/01 00:00:00 PDT,w5,0,2015-07-01 00:00:00,Contract,Contract,Contract,38014,38014,1140406,1358379,266095,10806,847808,201772,0,0,0,0,0,0,369113,369115,369114,38014,1140406,266095,57021,1254447,332619,True,True,130847,True,0,0,10806,847808,201772,-1,-1,-1,0,0
2015-06-27,2015-06-27 00:00:00,Chevron,PILOT TRAVEL CENTERS LLC : CHV7460761,1002 TRACY CA TRM CHEVRON,DIESEL #2,38014,1140406,266095,1,7604,0,7604,7604,414243,0,414243,138451,1,w7,7604,0,138451,57021,1254447,332619,Available,Available,Available,150,110,125,Below Trend,On Target,On Target,06/28 00:00:00 PDT,07/01 00:00:00 PDT,w5,0,2015-07-01 00:00:00,Contract,Contract,Contract,38014,38014,1140406,1358379,266095,49417,840204,194168,0,0,0,0,0,0,396195,396197,396196,38014,1140406,266095,57021,1254447,332619,True,True,138451,True,0,0,49417,840204,194168,-1,-1,-1,0,0
2015-06-28,2015-06-28 00:00:00,Chevron,PILOT TRAVEL CENTERS LLC : CHV7460761,1002 TRACY CA TRM CHEVRON,DIESEL #2,38014,1140406,266095,1,7703,0,7703,7703,421946,0,421946,146154,1,w7,7703,0,146154,57021,1254447,332619,Available,Available,Available,150,110,125,Below Trend,On Target,On Target,06/29 00:00:00 PDT,07/01 00:00:00 PDT,w5,0,2015-07-01 00:00:00,Contract,Contract,Contract,38014,38014,1140406,1358379,266095,49318,832501,186465,0,0,0,0,0,0,419121,419123,419122,38014,1140406,266095,57021,1254447,332619,True,True,146154,True,0,0,49318,832501,186465,-1,-1,-1,0,0
2015-06-29,2015-06-29 00:00:00,Chevron,PILOT TRAVEL CENTERS LLC : CHV7460761,1002 TRACY CA TRM CHEVRON,DIESEL #2,38014,1140406,266095,1,23105,0,23105,23105,445051,0,445051,169259,1,w7,23105,0,169259,57021,1254447,332619,Available,Available,Available,150,110,125,On Target,On Target,On Target,06/30 00:00:00 PDT,07/01 00:00:00 PDT,w5,0,2015-07-01 00:00:00,Contract,Contract,Contract,38014,38014,1140406,1358379,266095,33916,809396,163360,0,0,0,0,0,0,449936,449938,449937,38014,1140406,266095,57021,1254447,332619,True,True,169259,True,0,0,33916,809396,163360,-1,-1,-1,0,0
2015-06-30,2015-06-30 00:00:00,Chevron,PILOT TRAVEL CENTERS LLC : CHV7460761,1002 TRACY CA TRM CHEVRON,DIESEL #2,38014,1140406,266095,1,38414,0,38414,38414,483465,0,483465,207673,1,w7,38414,0,207673,57021,1254447,332619,Limited,Available,Limited,150,110,125,On Target,On Target,On Target,07/01 00:00:00 PDT,07/01 00:00:00 PDT,w5,0,2015-07-01 00:00:00,Contract,Contract,Contract,38014,38014,1358379,1358379,266095,18607,770982,124946,0,0,0,0,0,0,476601,476603,476602,38014,1140406,266095,57021,1254447,332619,True,True,207673,True,0,0,18607,770982,124946,-1,-1,-1,0,0
