,date,supplier_name,account_type,supplier_terminal_name,product_name,base_gallons_Daily,base_gallons_Monthly,base_gallons_Weekly,lifted_gallons_daily_flag,lifted_gallons_daily_modified,Modified_WeeksByLiftedGallons,lifted_gallons_modified_WeeksByLiftedGallons,lifted_gallons_Daily,Lifted_actual_monthly,lifted_gallons_monthly_flag,lifted_gallons_Monthly,Lifted_actual_weekly,lifted_gallons_weekly_flag,WeeksByLiftedGallons,lifted_gallonsWeekly_modified_aposteriori,Modified_LiftedGallonsaposteriori,lifted_gallons_Weekly,beginning_gallons_Daily,beginning_gallons_Monthly,beginning_gallons_Weekly,en_allocation_status_Daily,en_allocation_status_Monthly,en_allocation_status_Weekly,percentage_allocation_Daily,percentage_allocation_Monthly,percentage_allocation_Weekly,alerts_ratability_Daily,alerts_ratability_Monthly,alerts_ratability_Weekly,next_refresh_date_Daily,next_refresh_date_Monthly,Week_switch,Modified_NRD,next_refresh_date_Weekly,en_account_type_Daily,en_account_type_Monthly,en_account_type_Weekly,NRB_Daily,next_refresh_base_gallons_Daily,NRB_Monthly,next_refresh_base_gallons_Monthly,next_refresh_base_gallons_Weekly,remaining_gallons_Daily,remaining_gallons_Monthly,remaining_gallons_Weekly,additional_gallons_allowed_Daily,additional_gallons_allowed_Monthly,additional_gallons_allowed_Weekly,additional_gallons_remaining_Daily,additional_gallons_remaining_Monthly,additional_gallons_remaining_Weekly,staging_id_Daily,staging_id_Monthly,staging_id_Weekly,base_gallons_Daily_Reconciled,base_gallons_Monthly_Reconciled,base_gallons_Weekly_Reconciled,beginning_gallons_Daily_Reconciled,beginning_gallons_Monthly_Reconciled,beginning_gallons_Weekly_Reconciled,sanityWeekly_CumulativeDaily_WeeksByLiftedGallons,sanityWeekly_CumulativeDaily_NextRefreshDate,computedWeekly,sanityComputedWeekly,computedMonthly,sanityComputedMonthly,remaining_gallons_Daily_Reconciled,remaining_gallons_Monthly_Reconciled,remaining_gallons_Weekly_Reconciled,additional_gallons_remaining_Daily_Reconciled,additional_gallons_remaining_Monthly_Reconciled,additional_gallons_remaining_Weekly_Reconciled,sanityMonthly_CumulativeDaily_WeeksByLiftedGallons,sanityMonthly_CumulativeDaily_WeeksByNextRefreshDate
2015-06-01,2015-06-01 00:00:00,Chevron,PILOT TRAVEL CENTERS LLC : CHV7460761,1037 PASCAGOULA MS TRM CHEVRON,DIESEL #2,79800,2393998,558600,7,65122,0,-1,-1,-1,7,65122,-1,7,w1,-1,0,65122,119700,2633398,698250,-1,-1,-1,100,100,100,-1,-1,-1,-1,-1,w1,1,2015-06-03 00:00:00,-1,-1,-1,79800,-1,2393998,-1,-1,-1,-1,-1,-1,-1,-1,-1,-1,-1,-1,-1,-1,119700,2633398,698250,79800,2393998,558600,True,True,65122,True,0,0,54578,2568276,633128,-1,-1,-1,0,1
2015-06-02,2015-06-02 00:00:00,Chevron,PILOT TRAVEL CENTERS LLC : CHV7460761,1037 PASCAGOULA MS TRM CHEVRON,DIESEL #2,79800,2393998,558600,1,68997,0,20295,20295,85417,0,85417,463209,1,w1,20295,0,134119,119700,2633398,698250,Available,Available,Limited,150,110,125,On Target,On Target,On Target,06/03 00:00:00 CDT,07/01 00:00:00 CDT,w1,0,2015-06-03 00:00:00,Contract,Contract,Contract,79800,79800,2393998,2393998,558600,99405,2547981,235041,0,0,0,0,0,0,145,147,146,79800,2393998,558600,119700,2633398,698250,False,True,134119,True,0,0,50703,2547981,564131,-1,-1,-1,0,0
2015-06-03,2015-06-03 00:00:00,Chevron,PILOT TRAVEL CENTERS LLC : CHV7460761,1037 PASCAGOULA MS TRM CHEVRON,DIESEL #2,79800,2393998,558600,1,72242,0,15273,15273,149392,0,149392,15273,1,w2,15273,0,72242,119700,2633398,698250,Available,Available,Available,150,110,125,On Target,On Target,On Target,06/04 00:00:00 CDT,07/01 00:00:00 CDT,w2,0,2015-06-10 00:00:00,Contract,Contract,Contract,79800,79800,2393998,2393998,558600,104427,2484006,682977,0,0,0,0,0,0,6143,6145,6144,79800,2393998,558600,119700,2633398,698250,True,True,0,0,0,0,47458,2484006,626008,-1,-1,-1,0,0
2015-06-04,2015-06-04 00:00:00,Chevron,PILOT TRAVEL CENTERS LLC : CHV7460761,1037 PASCAGOULA MS TRM CHEVRON,DIESEL #2,79800,2393998,558600,3,11822,1,68791,11822,218183,0,218183,84064,1,w2,11822,0,160046,119700,2633398,698250,Available,Available,Available,150,110,125,On Target,On Target,On Target,06/05 00:00:00 CDT,07/01 00:00:00 CDT,w2,0,2015-06-10 00:00:00,Contract,Contract,Contract,79800,79800,2393998,2393998,558600,107878,2415215,614186,0,0,0,0,0,0,8888,8890,8889,79800,2393998,558600,119700,2633398,698250,True,False,0,0,0,0,107878,2415215,538204,-1,-1,-1,0,1
2015-06-05,2015-06-05 00:00:00,Chevron,PILOT TRAVEL CENTERS LLC : CHV7460761,1037 PASCAGOULA MS TRM CHEVRON,DIESEL #2,79800,2393998,558600,0,0,1,75982,0,294165,0,294165,160046,0,w2,0,0,160046,119700,2633398,698250,Available,Available,Available,150,110,125,Below Trend,Above Trend,On Target,06/06 00:00:00 CDT,07/01 00:00:00 CDT,w2,0,2015-06-10 00:00:00,Contract,Contract,Contract,79800,79800,2393998,2393998,558600,119700,2339233,538204,0,0,0,0,0,0,12783,12785,12784,79800,2393998,558600,119700,2633398,698250,True,False,0,0,0,0,119700,2339233,538204,-1,-1,-1,0,0
2015-06-06,2015-06-06 00:00:00,Chevron,PILOT TRAVEL CENTERS LLC : CHV7460761,1037 PASCAGOULA MS TRM CHEVRON,DIESEL #2,79800,2393998,558600,0,-1,0,-1,-1,-1,0,-1,-1,0,w3,-1,0,-1,119700,2633398,698250,-1,-1,-1,100,100,100,-1,-1,-1,-1,-1,w2,1,2015-06-10 00:00:00,-1,-1,-1,79800,-1,2393998,-1,-1,-1,-1,-1,-1,-1,-1,-1,-1,-1,-1,-1,-1,119700,2633398,698250,79800,2393998,558600,True,False,0,0,0,0,119701,2633399,698251,-1,-1,-1,0,0
2015-06-07,2015-06-07 00:00:00,Chevron,PILOT TRAVEL CENTERS LLC : CHV7460761,1037 PASCAGOULA MS TRM CHEVRON,DIESEL #2,79800,2393998,558600,0,-1,0,-1,-1,-1,0,-1,-1,0,w3,-1,0,-1,119700,2633398,698250,-1,-1,-1,100,100,100,-1,-1,-1,-1,-1,w2,1,2015-06-10 00:00:00,-1,-1,-1,79800,-1,2393998,-1,-1,-1,-1,-1,-1,-1,-1,-1,-1,-1,-1,-1,-1,119700,2633398,698250,79800,2393998,558600,False,False,0,0,0,0,119701,2633399,698251,-1,-1,-1,0,0
2015-06-08,2015-06-08 00:00:00,Chevron,PILOT TRAVEL CENTERS LLC : CHV7460761,1037 PASCAGOULA MS TRM CHEVRON,DIESEL #2,79800,2393998,558600,0,50776,0,50776,50776,441272,0,441272,307153,0,w3,50776,0,307153,119700,2633398,698250,Available,Available,Available,150,110,125,On Target,On Target,On Target,06/08 00:00:00 CDT,07/01 00:00:00 CDT,w2,0,2015-06-10 00:00:00,Contract,Contract,Contract,79800,79800,2393998,2393998,558600,68924,2192126,391097,0,0,0,0,0,0,15083,15085,15084,79800,2393998,558600,119700,2633398,698250,False,False,0,0,0,0,68924,2192126,391097,-1,-1,-1,0,0
2015-06-09,2015-06-09 00:00:00,Chevron,PILOT TRAVEL CENTERS LLC : CHV7460761,1037 PASCAGOULA MS TRM CHEVRON,DIESEL #2,79800,2393998,558600,2,69438,0,-1,-1,-1,2,510710,-1,2,w4,-1,0,376591,119700,2633398,698250,-1,-1,-1,100,100,100,-1,-1,-1,-1,-1,w2,1,2015-06-10 00:00:00,-1,-1,-1,79800,-1,2393998,-1,-1,-1,-1,-1,-1,-1,-1,-1,-1,-1,-1,-1,-1,119700,2633398,698250,79800,2393998,558600,True,False,0,0,0,0,50262,2122688,321659,-1,-1,-1,0,0
2015-06-10,2015-06-10 00:00:00,Chevron,PILOT TRAVEL CENTERS LLC : CHV7460761,1037 PASCAGOULA MS TRM CHEVRON,DIESEL #2,79800,2393998,558600,1,176880,0,76742,76742,587452,0,587452,453333,1,w4,76742,0,553471,119700,2633398,698250,Limited,Available,Limited,150,110,125,On Target,On Target,On Target,06/10 00:00:00 CDT,07/01 00:00:00 CDT,w2,0,2015-06-10 00:00:00,Contract,Contract,Contract,79800,79800,2393998,2393998,558600,42958,2045946,244917,0,0,0,0,0,0,20696,20698,20697,79800,2393998,558600,119700,2633398,698250,False,False,0,0,0,0,-57180,2045946,144779,-1,-1,-1,0,0
2015-06-11,2015-06-11 00:00:00,Chevron,PILOT TRAVEL CENTERS LLC : CHV7460761,1037 PASCAGOULA MS TRM CHEVRON,DIESEL #2,79800,2393998,558600,3,119233,1,119233,19095,706685,0,706685,119233,0,w5,19095,0,119233,119700,2633398,698250,Available,Available,Available,150,110,125,On Target,On Target,Above Trend,06/12 00:00:00 CDT,07/01 00:00:00 CDT,w3,0,2015-06-17 00:00:00,Contract,Contract,Contract,79800,79800,2393998,2393998,558600,100605,1926713,579017,0,0,0,0,0,0,23598,23600,23599,79800,2393998,558600,119700,2633398,698250,True,True,119233,True,0,0,467,1926713,579017,-1,-1,-1,0,0
2015-06-12,2015-06-12 00:00:00,Chevron,PILOT TRAVEL CENTERS LLC : CHV7460761,1037 PASCAGOULA MS TRM CHEVRON,DIESEL #2,79800,2393998,558600,2,135230,0,-1,-1,-1,2,841915,-1,2,w6,-1,0,254463,119700,2633398,698250,-1,-1,-1,100,100,100,-1,-1,-1,-1,-1,w3,1,2015-06-17 00:00:00,-1,-1,-1,79800,-1,2393998,-1,-1,-1,-1,-1,-1,-1,-1,-1,-1,-1,-1,-1,-1,119700,2633398,698250,79800,2393998,558600,True,True,254463,True,0,0,-15530,1791483,443787,-1,-1,-1,0,0
2015-06-13,2015-06-13 00:00:00,Chevron,PILOT TRAVEL CENTERS LLC : CHV7460761,1037 PASCAGOULA MS TRM CHEVRON,DIESEL #2,79800,2393998,558600,1,73810,0,66086,66086,908001,0,908001,320549,1,w6,66086,0,328273,119700,2633398,698250,Limited,Available,Available,150,110,125,On Target,On Target,Above Trend,06/14 00:00:00 CDT,07/01 00:00:00 CDT,w3,0,2015-06-17 00:00:00,Contract,Contract,Contract,79800,79800,2393998,2393998,558600,53614,1725397,377701,0,0,0,0,0,0,51185,51187,51186,79800,2393998,558600,119700,2633398,698250,False,True,328273,True,0,0,45890,1725397,369977,-1,-1,-1,0,0
2015-06-14,2015-06-14 00:00:00,Chevron,PILOT TRAVEL CENTERS LLC : CHV7460761,1037 PASCAGOULA MS TRM CHEVRON,DIESEL #2,79800,2393998,558600,1,57783,1,61506,53782,969507,0,969507,382055,1,w6,53782,0,386056,119700,2633398,698250,Available,Available,Limited,150,110,125,On Target,On Target,On Target,06/15 00:00:00 CDT,07/01 00:00:00 CDT,w3,0,2015-06-17 00:00:00,Contract,Contract,Contract,79800,79800,2393998,2393998,558600,65918,1663891,316195,0,0,0,0,0,0,70969,70971,70970,79800,2393998,558600,119700,2633398,698250,False,True,386056,True,0,0,61917,1663891,312194,-1,-1,-1,0,0
2015-06-15,2015-06-15 00:00:00,Chevron,PILOT TRAVEL CENTERS LLC : CHV7460761,1037 PASCAGOULA MS TRM CHEVRON,DIESEL #2,79800,2393998,558600,1,74521,1,70719,66718,1040226,0,1040226,452774,1,w6,66718,0,460577,119700,2633398,698250,Limited,Available,Limited,150,110,125,On Target,On Target,On Target,06/16 00:00:00 CDT,07/01 00:00:00 CDT,w3,0,2015-06-17 00:00:00,Contract,Contract,Contract,79800,79800,2393998,2393998,558600,52982,1593172,245476,0,0,0,0,0,0,101496,101498,101497,79800,2393998,558600,119700,2633398,698250,False,True,460577,True,0,0,45179,1593172,237673,-1,-1,-1,0,0
2015-06-16,2015-06-16 00:00:00,Chevron,PILOT TRAVEL CENTERS LLC : CHV7460761,1037 PASCAGOULA MS TRM CHEVRON,DIESEL #2,79800,2393998,558600,1,69606,1,69742,61939,1109968,0,1109968,522516,1,w6,61939,0,530183,119700,2633398,698250,Limited,Available,Limited,150,110,125,On Target,On Target,On Target,06/17 00:00:00 CDT,07/01 00:00:00 CDT,w3,0,2015-06-17 00:00:00,Contract,Contract,Contract,79800,79800,2393998,2393998,558600,57761,1523430,175734,0,0,0,0,0,0,123807,123809,123808,79800,2393998,558600,119700,2633398,698250,False,True,530183,True,0,0,50094,1523430,168067,-1,-1,-1,0,0
2015-06-17,2015-06-17 00:00:00,Chevron,PILOT TRAVEL CENTERS LLC : CHV7460761,1037 PASCAGOULA MS TRM CHEVRON,DIESEL #2,79800,2393998,558600,1,105234,0,97510,97510,1215145,0,1215145,97510,1,w7,97510,0,105234,119700,2633398,698250,Low,Available,Available,150,110,125,Above Trend,Above Trend,Above Trend,06/18 00:00:00 CDT,07/01 00:00:00 CDT,w4,0,2015-06-24 00:00:00,Contract,Contract,Contract,79800,79800,2393998,2393998,558600,22190,1418253,600740,0,0,0,0,0,0,142414,142416,142415,79800,2393998,558600,119700,2633398,698250,True,True,105234,True,0,0,14466,1418253,593016,-1,-1,-1,0,0
2015-06-18,2015-06-18 00:00:00,Chevron,PILOT TRAVEL CENTERS LLC : CHV7460761,1037 PASCAGOULA MS TRM CHEVRON,DIESEL #2,79800,2393998,558600,1,97408,1,97463,89739,1312608,0,1312608,194973,1,w7,89739,0,202642,119700,2633398,698250,Limited,Available,Available,150,110,125,On Target,Above Trend,Above Trend,06/19 00:00:00 CDT,07/01 00:00:00 CDT,w4,0,2015-06-24 00:00:00,Contract,Contract,Contract,79800,79800,2393998,2393998,558600,29961,1320790,503277,0,0,0,0,0,0,161181,161183,161182,79800,2393998,558600,119700,2633398,698250,True,True,202642,True,0,0,22292,1320790,495608,-1,-1,-1,0,0
2015-06-19,2015-06-19 00:00:00,Chevron,PILOT TRAVEL CENTERS LLC : CHV7460761,1037 PASCAGOULA MS TRM CHEVRON,DIESEL #2,79800,2393998,558600,1,69352,1,61577,53908,1374185,0,1374185,256550,1,w7,53908,0,271994,119700,2633398,698250,Available,Limited,Available,150,110,125,On Target,Above Trend,Above Trend,06/20 00:00:00 CDT,07/01 00:00:00 CDT,w4,0,2015-06-24 00:00:00,Contract,Contract,Contract,79800,79800,2393998,2393998,558600,65792,1259213,441700,0,0,0,0,0,0,174430,174432,174431,79800,2393998,558600,119700,2633398,698250,True,True,271994,True,0,0,50348,1259213,426256,-1,-1,-1,0,0
2015-06-20,2015-06-20 00:00:00,Chevron,PILOT TRAVEL CENTERS LLC : CHV7460761,1037 PASCAGOULA MS TRM CHEVRON,DIESEL #2,79800,2393998,558600,1,69624,1,85068,69624,1459253,0,1459253,341618,1,w7,69624,0,341618,119700,2633398,698250,Limited,Limited,Available,150,110,125,On Target,Above Trend,Above Trend,06/21 00:00:00 CDT,07/01 00:00:00 CDT,w4,0,2015-06-24 00:00:00,Contract,Contract,Contract,79800,79800,2393998,2393998,558600,50076,1174145,356632,0,0,0,0,0,0,191058,191060,191059,79800,2393998,558600,119700,2633398,698250,True,True,341618,True,0,0,50076,1174145,356632,-1,-1,-1,0,0
2015-06-21,2015-06-21 00:00:00,Chevron,PILOT TRAVEL CENTERS LLC : CHV7460761,1037 PASCAGOULA MS TRM CHEVRON,DIESEL #2,79800,2393998,558600,1,66513,0,66513,66513,1525766,0,1525766,408131,1,w7,66513,0,408131,119700,2633398,698250,Limited,Limited,Limited,150,110,125,On Target,Above Trend,Above Trend,06/22 00:00:00 CDT,07/01 00:00:00 CDT,w4,0,2015-06-24 00:00:00,Contract,Contract,Contract,79800,79800,2393998,2393998,558600,53187,1107632,290119,0,0,0,0,0,0,217400,217402,217401,79800,2393998,558600,119700,2633398,698250,True,True,408131,True,0,0,53187,1107632,290119,-1,-1,-1,0,0
2015-06-22,2015-06-22 00:00:00,Chevron,PILOT TRAVEL CENTERS LLC : CHV7460761,1037 PASCAGOULA MS TRM CHEVRON,DIESEL #2,79800,2393998,558600,1,53783,0,46114,46114,1571880,0,1571880,454245,1,w7,46114,0,461914,119700,2633398,698250,Available,Limited,Limited,150,110,125,On Target,Above Trend,On Target,06/23 00:00:00 CDT,07/01 00:00:00 CDT,w4,0,2015-06-24 00:00:00,Contract,Contract,Contract,79800,79800,2393998,2393998,558600,73586,1061518,244005,0,0,0,0,0,0,239389,239391,239390,79800,2393998,558600,119700,2633398,698250,True,True,461914,True,0,0,65917,1061518,236336,-1,-1,-1,0,0
2015-06-23,2015-06-23 00:00:00,Chevron,PILOT TRAVEL CENTERS LLC : CHV7460761,1037 PASCAGOULA MS TRM CHEVRON,DIESEL #2,79800,2393998,558600,1,80240,1,87909,80240,1659789,0,1659789,542154,1,w7,80240,0,542154,119700,2633398,698250,Limited,Limited,Limited,150,110,125,On Target,Above Trend,On Target,06/24 00:00:00 CDT,07/01 00:00:00 CDT,w4,0,2015-06-24 00:00:00,Contract,Contract,Contract,79800,79800,2393998,2393998,558600,39460,973609,156096,0,0,0,0,0,0,276876,276878,276877,79800,2393998,558600,119700,2633398,698250,True,True,542154,True,0,0,39460,973609,156096,-1,-1,-1,0,0
2015-06-24,2015-06-24 00:00:00,Chevron,PILOT TRAVEL CENTERS LLC : CHV7460761,1037 PASCAGOULA MS TRM CHEVRON,DIESEL #2,79800,2393998,558600,1,56996,0,49335,49335,1709124,0,1709124,49335,1,w8,49335,0,56996,119700,2633398,698250,Available,Limited,Available,150,110,125,On Target,Above Trend,On Target,06/25 00:00:00 CDT,07/01 00:00:00 CDT,w5,0,2015-07-01 00:00:00,Contract,Contract,Contract,79800,79800,2393998,2393998,558600,70365,924274,648915,0,0,0,0,0,0,307078,307080,307079,79800,2393998,558600,119700,2633398,698250,True,True,56996,True,0,0,62704,924274,641254,-1,-1,-1,0,0
2015-06-25,2015-06-25 00:00:00,Chevron,PILOT TRAVEL CENTERS LLC : CHV7460761,1037 PASCAGOULA MS TRM CHEVRON,DIESEL #2,79800,2393998,558600,1,93037,1,97398,89737,1806522,0,1806522,146733,1,w8,89737,0,150033,119700,2633398,698250,Limited,Limited,Available,150,110,125,On Target,Above Trend,On Target,06/26 00:00:00 CDT,07/01 00:00:00 CDT,w5,0,2015-07-01 00:00:00,Contract,Contract,Contract,79800,79800,2393998,2393998,558600,29963,826876,551517,0,0,0,0,0,0,338789,338791,338790,79800,2393998,558600,119700,2633398,698250,True,True,150033,True,0,0,26663,826876,548217,-1,-1,-1,0,0
2015-06-26,2015-06-26 00:00:00,Chevron,PILOT TRAVEL CENTERS LLC : CHV7460761,1037 PASCAGOULA MS TRM CHEVRON,DIESEL #2,79800,2393998,558600,1,59223,1,62523,59223,1869045,0,1869045,209256,1,w8,59223,0,209256,119700,2633398,698250,Available,Limited,Available,150,110,125,On Target,Above Trend,On Target,06/27 00:00:00 CDT,07/01 00:00:00 CDT,w5,0,2015-07-01 00:00:00,Contract,Contract,Contract,79800,79800,2393998,2439516,558600,60477,764353,488994,0,0,0,0,0,0,369128,369130,369129,79800,2393998,558600,119700,2633398,698250,True,True,209256,True,0,0,60477,764353,488994,-1,-1,-1,0,0
2015-06-27,2015-06-27 00:00:00,Chevron,PILOT TRAVEL CENTERS LLC : CHV7460761,1037 PASCAGOULA MS TRM CHEVRON,DIESEL #2,79800,2393998,558600,1,62005,0,62005,62005,1931050,0,1931050,271261,1,w8,62005,0,271261,119700,2633398,698250,Limited,Limited,Available,150,110,125,On Target,Above Trend,On Target,06/28 00:00:00 CDT,07/01 00:00:00 CDT,w5,0,2015-07-01 00:00:00,Contract,Contract,Contract,79800,79800,2393998,2439516,558600,57695,702348,426989,0,0,0,0,0,0,396210,396212,396211,79800,2393998,558600,119700,2633398,698250,True,True,271261,True,0,0,57695,702348,426989,-1,-1,-1,0,0
2015-06-28,2015-06-28 00:00:00,Chevron,PILOT TRAVEL CENTERS LLC : CHV7460761,1037 PASCAGOULA MS TRM CHEVRON,DIESEL #2,79800,2393998,558600,1,92397,0,92397,92397,2023447,0,2023447,363658,1,w8,92397,0,363658,119700,2633398,698250,Limited,Limited,Limited,150,110,125,Above Trend,Above Trend,On Target,06/29 00:00:00 CDT,07/01 00:00:00 CDT,w5,0,2015-07-01 00:00:00,Contract,Contract,Contract,79800,79800,2393998,2439516,558600,27303,609951,334592,0,0,0,0,0,0,419136,419138,419137,79800,2393998,558600,119700,2633398,698250,True,True,363658,True,0,0,27303,609951,334592,-1,-1,-1,0,0
2015-06-29,2015-06-29 00:00:00,Chevron,PILOT TRAVEL CENTERS LLC : CHV7460761,1037 PASCAGOULA MS TRM CHEVRON,DIESEL #2,79800,2393998,558600,1,76817,0,76817,76817,2100264,0,2100264,440475,1,w8,76817,0,440475,119700,2633398,698250,Limited,Limited,Limited,150,110,125,On Target,Above Trend,On Target,06/30 00:00:00 CDT,07/01 00:00:00 CDT,w5,0,2015-07-01 00:00:00,Contract,Contract,Contract,79800,79800,2393998,2439516,558600,42883,533134,257775,0,0,0,0,0,0,449951,449953,449952,79800,2393998,558600,119700,2633398,698250,True,True,440475,True,0,0,42883,533134,257775,-1,-1,-1,0,0
2015-06-30,2015-06-30 00:00:00,Chevron,PILOT TRAVEL CENTERS LLC : CHV7460761,1037 PASCAGOULA MS TRM CHEVRON,DIESEL #2,79800,2393998,558600,1,84455,0,84455,84455,2184719,0,2184719,524930,1,w8,84455,0,524930,119700,2633398,698250,Limited,Low,Limited,150,110,125,On Target,Above Trend,On Target,07/01 00:00:00 CDT,07/01 00:00:00 CDT,w5,0,2015-07-01 00:00:00,Contract,Contract,Contract,79800,79800,2439516,2439516,558600,35245,448679,173320,0,0,0,0,0,0,476616,476618,476617,79800,2393998,558600,119700,2633398,698250,True,True,524930,True,0,0,35245,448679,173320,-1,-1,-1,0,0
