,date,supplier_name,account_type,supplier_terminal_name,product_name,base_gallons_Daily,base_gallons_Weekly,lifted_gallons_daily_flag,lifted_gallons_daily_modified,Modified_WeeksByLiftedGallons,lifted_gallons_modified_WeeksByLiftedGallons,lifted_gallons_Daily,Lifted_actual_weekly,lifted_gallons_weekly_flag,WeeksByLiftedGallons,lifted_gallonsWeekly_modified_aposteriori,Modified_LiftedGallonsaposteriori,lifted_gallons_Weekly,beginning_gallons_Daily,beginning_gallons_Weekly,en_allocation_status_Daily,en_allocation_status_Weekly,percentage_allocation_Daily_actual,percentage_allocation_Daily,percentage_allocation_Weekly_actual,percentage_allocation_Weekly,alerts_ratability_Daily,alerts_ratability_Weekly,next_refresh_date_Daily,Week_switch,Modified_NRD,next_refresh_date_Weekly,en_account_type_Daily,en_account_type_Weekly,NRB_Daily,next_refresh_base_gallons_Daily,next_refresh_base_gallons_Weekly,remaining_gallons_Daily,remaining_gallons_Weekly,additional_gallons_allowed_Daily,additional_gallons_allowed_Weekly,additional_gallons_remaining_Daily,additional_gallons_remaining_Weekly,staging_id_Daily,staging_id_Weekly,base_gallons_Monthly,Lifted_actual_monthly,lifted_gallons_monthly_flag,lifted_gallons_Monthly,beginning_gallons_Monthly,en_allocation_status_Monthly,percentage_allocation_Monthly_actual,percentage_allocation_Monthly,alerts_ratability_Monthly,next_refresh_date_Monthly,NRB_Monthly,next_refresh_base_gallons_Monthly,remaining_gallons_Monthly,additional_gallons_allowed_Monthly,additional_gallons_remaining_Monthly,base_gallons_Daily_Reconciled,base_gallons_Monthly_Reconciled,base_gallons_Weekly_Reconciled,beginning_gallons_Daily_Reconciled,beginning_gallons_Monthly_Reconciled,beginning_gallons_Weekly_Reconciled,sanityWeekly_CumulativeDaily_WeeksByLiftedGallons,sanityWeekly_CumulativeDaily_NextRefreshDate,computedWeekly,sanityComputedWeekly,computedMonthly,sanityComputedMonthly,remaining_gallons_Daily_Reconciled,remaining_gallons_Monthly_Reconciled,remaining_gallons_Weekly_Reconciled,additional_gallons_remaining_Daily_Reconciled,additional_gallons_remaining_Monthly_Reconciled,additional_gallons_remaining_Weekly_Reconciled,sanityMonthly_CumulativeDaily_WeeksByLiftedGallons,sanityMonthly_CumulativeDaily_WeeksByNextRefreshDate
2015-07-01,2015-07-01 00:00:00,BP,Channel: 50 - Commercial,ROCHELLE IL - BP (PLANT 0448),DIESEL,73387,513710,3,156441,0,126629,126629,126629,0,w1,126629,0,126629,146774.0,565081.0,Available,Available,200%,200,110%,110,-1,-1,07/02 00:00:00 CDT,w1,0,2015-07-08 00:00:00,Contract,Contract,73387,73387,513710,20145,438452,0,0,0,0,508169,508170,0,0,0,0,0,0,0,0,0,0,0,0,0,0,0,73387,0,513710,146774.0,0,565081.0,True,False,156441,True,0,0,-9667,0,438452,-1,-1,-1,0,0
2015-07-02,2015-07-02 00:00:00,BP,Channel: 50 - Commercial,ROCHELLE IL - BP (PLANT 0448),DIESEL,73387,513710,3,64062,1,71549,41737,198178,0,w1,41737,0,198178,146774.0,565081.0,Available,Available,200%,200,110%,110,-1,-1,07/03 00:00:00 CDT,w1,0,2015-07-08 00:00:00,Contract,Contract,73387,73387,513710,105037,366903,0,0,0,0,528394,528395,0,0,0,0,0,0,0,0,0,0,0,0,0,0,0,73387,0,513710,146774.0,0,565081.0,True,False,220503,True,0,0,82712,0,366903,-1,-1,-1,0,0
2015-07-03,2015-07-03 00:00:00,BP,Channel: 50 - Commercial,ROCHELLE IL - BP (PLANT 0448),DIESEL,73387,513710,3,22530,1,29827,7502,228005,0,w1,7502,0,228005,146774.0,565081.0,Available,Available,200%,200,110%,110,-1,-1,07/04 00:00:00 CDT,w1,0,2015-07-08 00:00:00,Contract,Contract,73387,73387,513710,139272,337076,0,0,0,0,536012,536013,0,0,0,0,0,0,0,0,0,0,0,0,0,0,0,73387,0,513710,146774.0,0,565081.0,True,False,243033,True,0,0,124244,0,337076,-1,-1,-1,0,0
2015-07-04,2015-07-04 00:00:00,BP,Channel: 50 - Commercial,ROCHELLE IL - BP (PLANT 0448),DIESEL,73387,513710,3,44624,1,52149,37121,280154,0,w1,37121,0,280154,146774.0,565081.0,Available,Available,200%,200,110%,110,-1,-1,07/05 00:00:00 CDT,w1,0,2015-07-08 00:00:00,Contract,Contract,73387,73387,513710,109653,284927,0,0,0,0,542300,542301,0,0,0,0,0,0,0,0,0,0,0,0,0,0,0,73387,0,513710,146774.0,0,565081.0,True,False,287657,True,0,0,102150,0,284927,-1,-1,-1,0,0
2015-07-05,2015-07-05 00:00:00,BP,Channel: 50 - Commercial,ROCHELLE IL - BP (PLANT 0448),DIESEL,73387,513710,3,22369,1,14957,7454,295111,0,w1,7454,0,295111,146774.0,565081.0,Available,Available,200%,200,110%,110,-1,-1,07/06 00:00:00 CDT,w1,0,2015-07-08 00:00:00,Contract,Contract,73387,73387,513710,139320,269970,0,0,0,0,548744,548745,0,0,0,0,0,0,0,0,0,0,0,0,0,0,0,73387,0,513710,146774.0,0,565081.0,True,False,310026,True,0,0,124405,0,269970,-1,-1,-1,0,0
2015-07-06,2015-07-06 00:00:00,BP,Channel: 50 - Commercial,ROCHELLE IL - BP (PLANT 0448),DIESEL,73387,513710,3,52020,1,29703,14788,324814,0,w1,14788,0,324814,146774.0,565081.0,Available,Available,200%,200,110%,110,-1,-1,07/07 00:00:00 CDT,w1,0,2015-07-08 00:00:00,Contract,Contract,73387,73387,513710,131986,240267,0,0,0,0,555057,555058,0,0,0,0,0,0,0,0,0,0,0,0,0,0,0,73387,0,513710,146774.0,0,565081.0,True,False,362046,True,0,0,94754,0,240267,-1,-1,-1,0,0
2015-07-07,2015-07-07 00:00:00,BP,Channel: 50 - Commercial,ROCHELLE IL - BP (PLANT 0448),DIESEL,73387,513710,0,37300,1,74532,37300,399346,0,w1,37300,0,399346,146774.0,565081.0,Available,Available,200%,200,110%,110,-1,-1,07/08 00:00:00 CDT,w1,0,2015-07-08 00:00:00,Contract,Contract,73387,73387,513710,109474,165735,0,0,0,0,568070,568071,0,0,0,0,0,0,0,0,0,0,0,0,0,0,0,73387,0,513710,146774.0,0,565081.0,True,True,399346,True,0,0,109474,0,165735,-1,-1,-1,0,0
2015-07-08,2015-07-08 00:00:00,BP,Channel: 50 - Commercial,ROCHELLE IL - BP (PLANT 0448),DIESEL,73387,513710,0,59570,0,59570,59570,59570,0,w2,59570,0,59570,146774.0,565081.0,Available,Available,200%,200,110%,110,-1,-1,07/09 00:00:00 CDT,w2,0,2015-07-15 00:00:00,Contract,Contract,73387,73387,513710,87204,505511,0,0,0,0,578092,578093,0,0,0,0,0,0,0,0,0,0,0,0,0,0,0,73387,0,513710,146774.0,0,565081.0,True,True,0,0,0,0,87204,0,505511,-1,-1,-1,0,0
2015-07-09,2015-07-09 00:00:00,BP,Channel: 50 - Commercial,ROCHELLE IL - BP (PLANT 0448),DIESEL,-1,-1,4,163839,0,-1,-1,-1,4,w3,-1,0,223409,-1.0,-1.0,-1,-1,-1,200,-1,110,-1,-1,-1,w2,1,2015-07-15 00:00:00,-1,-1,73387,-1,-1,-1,-1,-1,-1,-1,-1,-1,-1,-1,-1,0,-1,-1,-1,-1,0,-1,-1,0,-1,-1,-1,-1,73387,0,513710,146774.0,0,565081.0,True,True,0,0,0,0,-1,-1,-1,-1,-1,-1,0,0
2015-07-10,2015-07-10 00:00:00,BP,Channel: 50 - Commercial,ROCHELLE IL - BP (PLANT 0448),DIESEL,73387,513710,3,96893,0,82042,82042,305451,0,w3,82042,0,305451,146774.0,565081.0,Available,Available,200%,200,110%,110,-1,-1,07/11 00:00:00 CDT,w2,0,2015-07-15 00:00:00,Contract,Contract,73387,73387,513710,64732,259630,0,0,0,0,609062,609063,0,0,0,0,0,0,0,0,0,0,0,0,0,0,0,73387,0,513710,146774.0,0,565081.0,False,False,0,0,0,0,49881,0,259630,-1,-1,-1,0,0
2015-07-11,2015-07-11 00:00:00,BP,Channel: 50 - Commercial,ROCHELLE IL - BP (PLANT 0448),DIESEL,73387,513710,0,44818,1,59669,44818,365120,0,w3,44818,0,365120,146774.0,565081.0,Available,Available,200%,200,110%,110,-1,-1,07/12 00:00:00 CDT,w2,0,2015-07-15 00:00:00,Contract,Contract,73387,73387,513710,101956,199961,0,0,0,0,639302,639303,0,0,0,0,0,0,0,0,0,0,0,0,0,0,0,73387,0,513710,146774.0,0,565081.0,False,True,0,0,0,0,101956,0,199961,-1,-1,-1,0,0
2015-07-12,2015-07-12 00:00:00,BP,Channel: 50 - Commercial,ROCHELLE IL - BP (PLANT 0448),DIESEL,-1,-1,0,-1,0,-1,-1,-1,0,w4,-1,0,-1,-1.0,-1.0,-1,-1,-1,200,-1,110,-1,-1,-1,w2,1,2015-07-15 00:00:00,-1,-1,73387,-1,-1,-1,-1,-1,-1,-1,-1,-1,-1,-1,-1,0,-1,-1,-1,-1,0,-1,-1,0,-1,-1,-1,-1,73387,0,513710,146774.0,0,565081.0,True,False,0,0,0,0,-1,-1,-1,-1,-1,-1,0,0
2015-07-13,2015-07-13 00:00:00,BP,Channel: 50 - Commercial,ROCHELLE IL - BP (PLANT 0448),DIESEL,-1,-1,0,-1,0,-1,-1,-1,0,w4,-1,0,-1,-1.0,-1.0,-1,-1,-1,200,-1,110,-1,-1,-1,w2,1,2015-07-15 00:00:00,-1,-1,73387,-1,-1,-1,-1,-1,-1,-1,-1,-1,-1,-1,-1,0,-1,-1,-1,-1,0,-1,-1,0,-1,-1,-1,-1,-1,-1,-1,-1.0,-1,-1.0,False,False,0,0,0,0,-1,-1,-1,-1,-1,-1,0,0
2015-07-14,2015-07-14 00:00:00,BP,Channel: 50 - Commercial,ROCHELLE IL - BP (PLANT 0448),DIESEL,73387,513710,0,74559,0,74559,74559,547561,0,w4,74559,0,547561,146774.0,565081.0,Available,Available,200%,200,110%,110,-1,-1,07/15 00:00:00 CDT,w2,0,2015-07-15 00:00:00,Contract,Contract,73387,73387,513710,72215,17520,32000,32000,32000,32000,731177,731178,0,0,0,0,0,0,0,0,0,0,0,0,0,0,0,73387,0,513710,146774.0,0,565081.0,False,False,0,0,0,0,72215,0,17520,-1,-1,-1,0,0
2015-07-15,2015-07-15 00:00:00,BP,Channel: 50 - Commercial,ROCHELLE IL - BP (PLANT 0448),DIESEL,73387,513710,3,126703,0,119290,119290,119290,0,w5,119290,0,119290,146774.0,565081.0,Available,Available,200%,200,110%,110,-1,-1,07/16 00:00:00 CDT,w3,0,2015-07-22 00:00:00,Contract,Contract,73387,73387,513710,27484,445791,0,0,0,0,756395,756396,0,0,0,0,0,0,0,0,0,0,0,0,0,0,0,73387,0,513710,146774.0,0,565081.0,True,False,126703,True,0,0,20071,0,445791,-1,-1,-1,0,0
2015-07-16,2015-07-16 00:00:00,BP,Channel: 50 - Commercial,ROCHELLE IL - BP (PLANT 0448),DIESEL,73387,513710,3,119280,1,104358,96945,223648,0,w5,96945,0,223648,146774.0,565081.0,Available,Available,200%,200,110%,110,-1,-1,07/17 00:00:00 CDT,w3,0,2015-07-22 00:00:00,Contract,Contract,73387,73387,513710,49829,341433,0,0,0,0,789697,789698,0,0,0,0,0,0,0,0,0,0,0,0,0,0,0,73387,0,513710,146774.0,0,565081.0,True,False,245983,True,0,0,27494,0,341433,-1,-1,-1,0,0
2015-07-17,2015-07-17 00:00:00,BP,Channel: 50 - Commercial,ROCHELLE IL - BP (PLANT 0448),DIESEL,73387,513710,3,52489,1,67413,45078,291061,0,w5,45078,0,291061,146774.0,565081.0,Available,Available,200%,200,110%,110,-1,-1,07/18 00:00:00 CDT,w3,0,2015-07-22 00:00:00,Contract,Contract,73387,73387,513710,101696,274020,0,0,0,0,821725,821726,0,0,0,0,0,0,0,0,0,0,0,0,0,0,0,73387,0,513710,146774.0,0,565081.0,True,False,298472,True,0,0,94285,0,274020,-1,-1,-1,0,0
2015-07-18,2015-07-18 00:00:00,BP,Channel: 50 - Commercial,ROCHELLE IL - BP (PLANT 0448),DIESEL,73387,513710,3,59799,1,67210,59799,358271,0,w5,59799,0,358271,146774.0,565081.0,Available,Available,200%,200,110%,110,-1,-1,07/19 00:00:00 CDT,w3,0,2015-07-22 00:00:00,Contract,Contract,73387,73387,513710,86975,206810,0,0,0,0,852187,852188,0,0,0,0,0,0,0,0,0,0,0,0,0,0,0,73387,0,513710,146774.0,0,565081.0,True,True,358271,True,0,0,86975,0,206810,-1,-1,-1,0,0
2015-07-19,2015-07-19 00:00:00,BP,Channel: 50 - Commercial,ROCHELLE IL - BP (PLANT 0448),DIESEL,73387,513710,3,29779,0,29779,29779,388050,0,w5,29779,0,388050,146774.0,565081.0,Available,Available,200%,200,110%,110,-1,-1,07/20 00:00:00 CDT,w3,0,2015-07-22 00:00:00,Contract,Contract,73387,73387,513710,116995,177031,0,0,0,0,883448,883449,0,0,0,0,0,0,0,0,0,0,0,0,0,0,0,73387,0,513710,146774.0,0,565081.0,True,True,388050,True,0,0,116995,0,177031,-1,-1,-1,0,0
2015-07-20,2015-07-20 00:00:00,BP,Channel: 50 - Commercial,ROCHELLE IL - BP (PLANT 0448),DIESEL,73387,513710,3,59483,0,51982,51982,440032,0,w5,51982,0,440032,146774.0,565081.0,Available,Available,200%,200,110%,110,-1,-1,07/21 00:00:00 CDT,w3,0,2015-07-22 00:00:00,Contract,Contract,73387,73387,513710,94792,125049,32000,32000,32000,32000,913813,913814,0,0,0,0,0,0,0,0,0,0,0,0,0,0,0,73387,0,513710,146774.0,0,565081.0,True,False,447533,True,0,0,87291,0,125049,-1,-1,-1,0,0
2015-07-21,2015-07-21 00:00:00,BP,Channel: 50 - Commercial,ROCHELLE IL - BP (PLANT 0448),DIESEL,73387,513710,0,66267,1,73768,66267,513800,0,w5,66267,0,513800,146774.0,565081.0,Available,Available,200%,200,110%,110,-1,-1,07/22 00:00:00 CDT,w3,0,2015-07-22 00:00:00,Contract,Contract,73387,73387,513710,80507,51281,32000,32000,32000,32000,934354,934355,0,0,0,0,0,0,0,0,0,0,0,0,0,0,0,73387,0,513710,146774.0,0,565081.0,True,True,513800,True,0,0,80507,0,51281,-1,-1,-1,0,0
2015-07-22,2015-07-22 00:00:00,BP,Channel: 50 - Commercial,ROCHELLE IL - BP (PLANT 0448),DIESEL,73387,513710,3,133466,0,111269,111269,111269,0,w6,111269,0,111269,146774.0,565081.0,Available,Available,200%,200,110%,110,-1,-1,07/23 00:00:00 CDT,w4,0,2015-07-29 00:00:00,Contract,Contract,73387,73387,513710,35505,453812,0,0,0,0,976426,976427,0,0,0,0,0,0,0,0,0,0,0,0,0,0,0,73387,0,513710,146774.0,0,565081.0,True,False,0,0,0,0,13308,0,453812,-1,-1,-1,0,0
2015-07-23,2015-07-23 00:00:00,BP,Channel: 50 - Commercial,ROCHELLE IL - BP (PLANT 0448),DIESEL,73387,513710,0,88654,1,110851,88654,222120,0,w6,88654,0,222120,146774.0,565081.0,Available,Available,200%,200,110%,110,-1,-1,07/24 00:00:00 CDT,w4,0,2015-07-29 00:00:00,Contract,Contract,73387,73387,513710,58120,342961,0,0,0,0,994635,994636,0,0,0,0,0,0,0,0,0,0,0,0,0,0,0,73387,0,513710,146774.0,0,565081.0,True,True,0,0,0,0,58120,0,342961,-1,-1,-1,0,0
2015-07-24,2015-07-24 00:00:00,BP,Channel: 50 - Commercial,ROCHELLE IL - BP (PLANT 0448),DIESEL,-1,-1,0,-1,0,-1,-1,-1,0,w7,-1,0,-1,-1.0,-1.0,-1,-1,-1,200,-1,110,-1,-1,-1,w4,1,2015-07-29 00:00:00,-1,-1,73387,-1,-1,-1,-1,-1,-1,-1,-1,-1,-1,-1,-1,0,-1,-1,-1,-1,0,-1,-1,0,-1,-1,-1,-1,73387,0,513710,146774.0,0,565081.0,True,False,0,0,0,0,-1,-1,-1,-1,-1,-1,0,0
2015-07-25,2015-07-25 00:00:00,BP,Channel: 50 - Commercial,ROCHELLE IL - BP (PLANT 0448),DIESEL,-1,-1,0,-1,0,-1,-1,-1,0,w7,-1,0,-1,-1.0,-1.0,-1,-1,-1,200,-1,110,-1,-1,-1,w4,1,2015-07-29 00:00:00,-1,-1,73387,-1,-1,-1,-1,-1,-1,-1,-1,-1,-1,-1,-1,0,-1,-1,-1,-1,0,-1,-1,0,-1,-1,-1,-1,-1,-1,-1,-1.0,-1,-1.0,False,False,0,0,0,0,-1,-1,-1,-1,-1,-1,0,0
2015-07-26,2015-07-26 00:00:00,BP,Channel: 50 - Commercial,ROCHELLE IL - BP (PLANT 0448),DIESEL,-1,-1,0,-1,0,-1,-1,-1,0,w7,-1,0,-1,-1.0,-1.0,-1,-1,-1,200,-1,110,-1,-1,-1,w4,1,2015-07-29 00:00:00,-1,-1,73387,-1,-1,-1,-1,-1,-1,-1,-1,-1,-1,-1,-1,0,-1,-1,-1,-1,0,-1,-1,0,-1,-1,-1,-1,-1,-1,-1,-1.0,-1,-1.0,False,False,0,0,0,0,-1,-1,-1,-1,-1,-1,0,0
2015-07-27,2015-07-27 00:00:00,BP,Channel: 50 - Commercial,ROCHELLE IL - BP (PLANT 0448),DIESEL,-1,-1,0,-1,0,-1,-1,-1,0,w7,-1,0,-1,-1.0,-1.0,-1,-1,-1,200,-1,110,-1,-1,-1,w4,1,2015-07-29 00:00:00,-1,-1,73387,-1,-1,-1,-1,-1,-1,-1,-1,-1,-1,-1,-1,0,-1,-1,-1,-1,0,-1,-1,0,-1,-1,-1,-1,-1,-1,-1,-1.0,-1,-1.0,False,False,0,0,0,0,-1,-1,-1,-1,-1,-1,0,0
2015-07-28,2015-07-28 00:00:00,BP,Channel: 50 - Commercial,ROCHELLE IL - BP (PLANT 0448),DIESEL,-1,-1,0,-1,0,-1,-1,-1,0,w7,-1,0,-1,-1.0,-1.0,-1,-1,-1,200,-1,110,-1,-1,-1,w4,1,2015-07-29 00:00:00,-1,-1,73387,-1,-1,-1,-1,-1,-1,-1,-1,-1,-1,-1,-1,0,-1,-1,-1,-1,0,-1,-1,0,-1,-1,-1,-1,-1,-1,-1,-1.0,-1,-1.0,False,False,0,0,0,0,-1,-1,-1,-1,-1,-1,0,0
2015-07-29,2015-07-29 00:00:00,BP,Channel: 50 - Commercial,ROCHELLE IL - BP (PLANT 0448),DIESEL,-1,-1,0,-1,0,-1,-1,-1,0,w7,-1,0,-1,-1.0,-1.0,-1,-1,-1,200,-1,110,-1,-1,-1,w5,1,2015-08-05 00:00:00,-1,-1,73387,-1,-1,-1,-1,-1,-1,-1,-1,-1,-1,-1,-1,0,-1,-1,-1,-1,0,-1,-1,0,-1,-1,-1,-1,-1,-1,-1,-1.0,-1,-1.0,False,True,0,0,0,0,-1,-1,-1,-1,-1,-1,0,0
2015-07-30,2015-07-30 00:00:00,BP,Channel: 50 - Commercial,ROCHELLE IL - BP (PLANT 0448),DIESEL,-1,-1,0,-1,0,-1,-1,-1,0,w7,-1,0,-1,-1.0,-1.0,-1,-1,-1,200,-1,110,-1,-1,-1,w5,1,2015-08-05 00:00:00,-1,-1,73387,-1,-1,-1,-1,-1,-1,-1,-1,-1,-1,-1,-1,0,-1,-1,-1,-1,0,-1,-1,0,-1,-1,-1,-1,-1,-1,-1,-1.0,-1,-1.0,False,False,0,0,0,0,-1,-1,-1,-1,-1,-1,0,0
2015-07-31,2015-07-31 00:00:00,BP,Channel: 50 - Commercial,ROCHELLE IL - BP (PLANT 0448),DIESEL,-1,-1,0,-1,0,-1,-1,-1,0,w7,-1,0,-1,-1.0,-1.0,-1,-1,-1,200,-1,110,-1,-1,-1,w5,1,2015-08-05 00:00:00,-1,-1,73387,-1,-1,-1,-1,-1,-1,-1,-1,-1,-1,-1,-1,0,-1,-1,-1,-1,0,-1,-1,0,-1,-1,-1,-1,-1,-1,-1,-1.0,-1,-1.0,False,False,0,0,0,0,-1,-1,-1,-1,-1,-1,0,0
