,date,supplier_name,account_type,supplier_terminal_name,product_name,base_gallons_Daily,base_gallons_Weekly,lifted_gallons_daily_flag,lifted_gallons_daily_modified,Modified_WeeksByLiftedGallons,lifted_gallons_modified_WeeksByLiftedGallons,lifted_gallons_Daily,Lifted_actual_weekly,lifted_gallons_weekly_flag,WeeksByLiftedGallons,lifted_gallonsWeekly_modified_aposteriori,Modified_LiftedGallonsaposteriori,lifted_gallons_Weekly,beginning_gallons_Daily,beginning_gallons_Weekly,en_allocation_status_Daily,en_allocation_status_Weekly,percentage_allocation_Daily_actual,percentage_allocation_Daily,percentage_allocation_Weekly_actual,percentage_allocation_Weekly,alerts_ratability_Daily,alerts_ratability_Weekly,next_refresh_date_Daily,Week_switch,Modified_NRD,next_refresh_date_Weekly,en_account_type_Daily,en_account_type_Weekly,NRB_Daily,next_refresh_base_gallons_Daily,next_refresh_base_gallons_Weekly,remaining_gallons_Daily,remaining_gallons_Weekly,additional_gallons_allowed_Daily,additional_gallons_allowed_Weekly,additional_gallons_remaining_Daily,additional_gallons_remaining_Weekly,staging_id_Daily,staging_id_Weekly,base_gallons_Monthly,Lifted_actual_monthly,lifted_gallons_monthly_flag,lifted_gallons_Monthly,beginning_gallons_Monthly,en_allocation_status_Monthly,percentage_allocation_Monthly_actual,percentage_allocation_Monthly,alerts_ratability_Monthly,next_refresh_date_Monthly,NRB_Monthly,next_refresh_base_gallons_Monthly,remaining_gallons_Monthly,additional_gallons_allowed_Monthly,additional_gallons_remaining_Monthly,base_gallons_Daily_Reconciled,base_gallons_Monthly_Reconciled,base_gallons_Weekly_Reconciled,beginning_gallons_Daily_Reconciled,beginning_gallons_Monthly_Reconciled,beginning_gallons_Weekly_Reconciled,sanityWeekly_CumulativeDaily_WeeksByLiftedGallons,sanityWeekly_CumulativeDaily_NextRefreshDate,computedWeekly,sanityComputedWeekly,computedMonthly,sanityComputedMonthly,remaining_gallons_Daily_Reconciled,remaining_gallons_Monthly_Reconciled,remaining_gallons_Weekly_Reconciled,additional_gallons_remaining_Daily_Reconciled,additional_gallons_remaining_Monthly_Reconciled,additional_gallons_remaining_Weekly_Reconciled,sanityMonthly_CumulativeDaily_WeeksByLiftedGallons,sanityMonthly_CumulativeDaily_WeeksByNextRefreshDate
2015-07-01,2015-07-01 00:00:00,BP,Channel: 50 - Commercial,WHITING IN - BP (PLANT 0453),PREMIUM,-1,2969,3,0,3,-7399,-1,0,0,w1,-1,0,0,-1.0,3266.0,-1,Available,-1,100,110%,110,-1,-1,-1,w1,0,2015-07-08 00:00:00,-1,Contract,-1,-1,2969,-1,3266,-1,0,-1,0,-1,508177,0,0,0,0,0,0,0,0,0,0,0,0,0,0,0,-1,0,2969,-1.0,0,3265.0,True,True,0,0,0,0,-1,0,3266,-1,-1,-1,0,1
2015-07-02,2015-07-02 00:00:00,BP,Channel: 50 - Commercial,WHITING IN - BP (PLANT 0453),PREMIUM,-1,2969,0,-1,1,1204,-1,1204,0,w1,-1,0,1204,-1.0,3266.0,-1,Available,-1,100,110%,110,-1,-1,-1,w1,0,2015-07-08 00:00:00,-1,Contract,-1,-1,2969,-1,2062,-1,0,-1,0,-1,528402,0,0,0,0,0,0,0,0,0,0,0,0,0,0,0,-1,0,2969,-1.0,0,3265.0,True,False,0,0,0,0,-1,0,2062,-1,-1,-1,0,0
2015-07-03,2015-07-03 00:00:00,BP,Channel: 50 - Commercial,WHITING IN - BP (PLANT 0453),PREMIUM,-1,2969,0,-1,1,0,-1,1204,0,w1,-1,0,1204,-1.0,3266.0,-1,Available,-1,100,110%,110,-1,-1,-1,w1,0,2015-07-08 00:00:00,-1,Contract,-1,-1,2969,-1,2062,-1,0,-1,0,-1,536020,0,0,0,0,0,0,0,0,0,0,0,0,0,0,0,-1,0,2969,-1.0,0,3265.0,True,False,0,0,0,0,-1,0,2062,-1,-1,-1,0,0
2015-07-04,2015-07-04 00:00:00,BP,Channel: 50 - Commercial,WHITING IN - BP (PLANT 0453),PREMIUM,-1,2969,0,-1,1,0,-1,1204,0,w1,-1,0,1204,-1.0,3266.0,-1,Available,-1,100,110%,110,-1,-1,-1,w1,0,2015-07-08 00:00:00,-1,Contract,-1,-1,2969,-1,2062,-1,0,-1,0,-1,542308,0,0,0,0,0,0,0,0,0,0,0,0,0,0,0,-1,0,2969,-1.0,0,3265.0,True,False,0,0,0,0,-1,0,2062,-1,-1,-1,0,0
2015-07-05,2015-07-05 00:00:00,BP,Channel: 50 - Commercial,WHITING IN - BP (PLANT 0453),PREMIUM,-1,2969,0,-1,1,0,-1,1204,0,w1,-1,0,1204,-1.0,3266.0,-1,Available,-1,100,110%,110,-1,-1,-1,w1,0,2015-07-08 00:00:00,-1,Contract,-1,-1,2969,-1,2062,-1,0,-1,0,-1,548752,0,0,0,0,0,0,0,0,0,0,0,0,0,0,0,-1,0,2969,-1.0,0,3265.0,True,False,0,0,0,0,-1,0,2062,-1,-1,-1,0,0
2015-07-06,2015-07-06 00:00:00,BP,Channel: 50 - Commercial,WHITING IN - BP (PLANT 0453),PREMIUM,-1,2969,0,-1,1,0,-1,1204,0,w1,-1,0,1204,-1.0,3266.0,-1,Available,-1,100,110%,110,-1,-1,-1,w1,0,2015-07-08 00:00:00,-1,Contract,-1,-1,2969,-1,2062,-1,0,-1,0,-1,555065,0,0,0,0,0,0,0,0,0,0,0,0,0,0,0,-1,0,2969,-1.0,0,3265.0,True,False,0,0,0,0,-1,0,2062,-1,-1,-1,0,0
2015-07-07,2015-07-07 00:00:00,BP,Channel: 50 - Commercial,WHITING IN - BP (PLANT 0453),PREMIUM,-1,2969,0,-1,1,1203,-1,2407,0,w1,-1,0,2407,-1.0,3266.0,-1,Available,-1,100,110%,110,-1,-1,-1,w1,0,2015-07-08 00:00:00,-1,Contract,-1,-1,2969,-1,859,-1,8000,-1,8000,-1,568078,0,0,0,0,0,0,0,0,0,0,0,0,0,0,0,-1,0,2969,-1.0,0,3265.0,True,False,0,0,0,0,-1,0,859,-1,-1,-1,0,0
2015-07-08,2015-07-08 00:00:00,BP,Channel: 50 - Commercial,WHITING IN - BP (PLANT 0453),PREMIUM,-1,2969,3,3501,1,1094,-1,3501,0,w1,-1,0,3501,-1.0,3266.0,-1,Out,-1,100,110%,110,-1,-1,-1,w2,0,2015-07-15 00:00:00,-1,Contract,-1,-1,2969,-1,-235,-1,0,-1,0,-1,578100,0,0,0,0,0,0,0,0,0,0,0,0,0,0,0,-1,0,2969,-1.0,0,3265.0,True,True,0,0,0,0,-1,0,-235,-1,-1,-1,0,0
2015-07-09,2015-07-09 00:00:00,BP,Channel: 50 - Commercial,WHITING IN - BP (PLANT 0453),PREMIUM,-1,-1,0,-1,0,-1,-1,-1,0,w2,-1,0,-1,-1.0,-1.0,-1,-1,-1,100,-1,110,-1,-1,-1,w2,1,2015-07-15 00:00:00,-1,-1,-1,-1,-1,-1,-1,-1,-1,-1,-1,-1,-1,-1,-1,0,-1,-1,-1,-1,0,-1,-1,0,-1,-1,-1,-1,-1,0,2969,-1.0,0,3265.0,True,False,0,0,0,0,-1,-1,-1,-1,-1,-1,0,0
2015-07-10,2015-07-10 00:00:00,BP,Channel: 50 - Commercial,WHITING IN - BP (PLANT 0453),PREMIUM,-1,2969,0,-1,0,-1,-1,3501,0,w2,-1,0,3501,-1.0,3266.0,-1,Available,-1,100,110%,110,-1,-1,-1,w2,0,2015-07-15 00:00:00,-1,Contract,-1,-1,2969,-1,-235,-1,8000,-1,8000,-1,609070,0,0,0,0,0,0,0,0,0,0,0,0,0,0,0,-1,0,2969,-1.0,0,3265.0,False,False,0,0,0,0,-1,0,-235,-1,-1,8000,0,0
2015-07-11,2015-07-11 00:00:00,BP,Channel: 50 - Commercial,WHITING IN - BP (PLANT 0453),PREMIUM,-1,2969,0,-1,1,0,-1,3501,0,w2,-1,0,3501,-1.0,3266.0,-1,Available,-1,100,110%,110,-1,-1,-1,w2,0,2015-07-15 00:00:00,-1,Contract,-1,-1,2969,-1,-235,-1,8000,-1,8000,-1,639310,0,0,0,0,0,0,0,0,0,0,0,0,0,0,0,-1,0,2969,-1.0,0,3265.0,False,False,0,0,0,0,-1,0,-235,-1,-1,8000,0,0
2015-07-12,2015-07-12 00:00:00,BP,Channel: 50 - Commercial,WHITING IN - BP (PLANT 0453),PREMIUM,-1,-1,0,-1,0,-1,-1,-1,0,w3,-1,0,-1,-1.0,-1.0,-1,-1,-1,100,-1,110,-1,-1,-1,w2,1,2015-07-15 00:00:00,-1,-1,-1,-1,-1,-1,-1,-1,-1,-1,-1,-1,-1,-1,-1,0,-1,-1,-1,-1,0,-1,-1,0,-1,-1,-1,-1,-1,0,2969,-1.0,0,3265.0,True,False,0,0,0,0,-1,-1,-1,-1,-1,-1,0,0
2015-07-13,2015-07-13 00:00:00,BP,Channel: 50 - Commercial,WHITING IN - BP (PLANT 0453),PREMIUM,-1,-1,0,-1,0,-1,-1,-1,0,w3,-1,0,-1,-1.0,-1.0,-1,-1,-1,100,-1,110,-1,-1,-1,w2,1,2015-07-15 00:00:00,-1,-1,-1,-1,-1,-1,-1,-1,-1,-1,-1,-1,-1,-1,-1,0,-1,-1,-1,-1,0,-1,-1,0,-1,-1,-1,-1,-1,-1,-1,-1.0,-1,-1.0,False,False,0,0,0,0,-1,-1,-1,-1,-1,-1,0,0
2015-07-14,2015-07-14 00:00:00,BP,Channel: 50 - Commercial,WHITING IN - BP (PLANT 0453),PREMIUM,-1,2969,0,-1,0,-1,-1,6505,0,w3,-1,0,6505,-1.0,3266.0,-1,Available,-1,100,110%,110,-1,-1,-1,w2,0,2015-07-15 00:00:00,-1,Contract,-1,-1,2969,-1,-235,-1,8000,-1,4996,-1,731185,0,0,0,0,0,0,0,0,0,0,0,0,0,0,0,-1,0,2969,-1.0,0,3265.0,False,False,0,0,0,0,-1,0,-3239,-1,-1,8000,0,0
2015-07-15,2015-07-15 00:00:00,BP,Channel: 50 - Commercial,WHITING IN - BP (PLANT 0453),PREMIUM,-1,2969,3,0,1,0,-1,0,0,w4,-1,0,0,-1.0,3266.0,-1,Available,-1,100,110%,110,-1,-1,-1,w3,0,2015-07-22 00:00:00,-1,Contract,-1,-1,2969,-1,3266,-1,0,-1,0,-1,756403,0,0,0,0,0,0,0,0,0,0,0,0,0,0,0,-1,0,2969,-1.0,0,3265.0,True,True,0,0,0,0,-1,0,3266,-1,-1,-1,0,0
2015-07-16,2015-07-16 00:00:00,BP,Channel: 50 - Commercial,WHITING IN - BP (PLANT 0453),PREMIUM,-1,2969,0,-1,1,0,-1,0,0,w4,-1,0,0,-1.0,3266.0,-1,Available,-1,100,110%,110,-1,-1,-1,w3,0,2015-07-22 00:00:00,-1,Contract,-1,-1,2969,-1,3266,-1,0,-1,0,-1,789705,0,0,0,0,0,0,0,0,0,0,0,0,0,0,0,-1,0,2969,-1.0,0,3265.0,True,False,0,0,0,0,-1,0,3266,-1,-1,-1,0,0
2015-07-17,2015-07-17 00:00:00,BP,Channel: 50 - Commercial,WHITING IN - BP (PLANT 0453),PREMIUM,-1,2969,0,-1,1,1101,-1,1101,0,w4,-1,0,1101,-1.0,3266.0,-1,Available,-1,100,110%,110,-1,-1,-1,w3,0,2015-07-22 00:00:00,-1,Contract,-1,-1,2969,-1,2165,-1,0,-1,0,-1,821733,0,0,0,0,0,0,0,0,0,0,0,0,0,0,0,-1,0,2969,-1.0,0,3265.0,True,False,0,0,0,0,-1,0,2165,-1,-1,-1,0,0
2015-07-18,2015-07-18 00:00:00,BP,Channel: 50 - Commercial,WHITING IN - BP (PLANT 0453),PREMIUM,-1,2969,0,-1,1,0,-1,1101,0,w4,-1,0,1101,-1.0,3266.0,-1,Available,-1,100,110%,110,-1,-1,-1,w3,0,2015-07-22 00:00:00,-1,Contract,-1,-1,2969,-1,2165,-1,0,-1,0,-1,852195,0,0,0,0,0,0,0,0,0,0,0,0,0,0,0,-1,0,2969,-1.0,0,3265.0,True,False,0,0,0,0,-1,0,2165,-1,-1,-1,0,0
2015-07-19,2015-07-19 00:00:00,BP,Channel: 50 - Commercial,WHITING IN - BP (PLANT 0453),PREMIUM,-1,2969,0,-1,1,0,-1,1101,0,w4,-1,0,1101,-1.0,3266.0,-1,Available,-1,100,110%,110,-1,-1,-1,w3,0,2015-07-22 00:00:00,-1,Contract,-1,-1,2969,-1,2165,-1,0,-1,0,-1,883456,0,0,0,0,0,0,0,0,0,0,0,0,0,0,0,-1,0,2969,-1.0,0,3265.0,True,False,0,0,0,0,-1,0,2165,-1,-1,-1,0,0
2015-07-20,2015-07-20 00:00:00,BP,Channel: 50 - Commercial,WHITING IN - BP (PLANT 0453),PREMIUM,-1,2969,0,-1,1,0,-1,1101,0,w4,-1,0,1101,-1.0,3266.0,-1,Available,-1,100,110%,110,-1,-1,-1,w3,0,2015-07-22 00:00:00,-1,Contract,-1,-1,2969,-1,2165,-1,0,-1,0,-1,913821,0,0,0,0,0,0,0,0,0,0,0,0,0,0,0,-1,0,2969,-1.0,0,3265.0,True,False,0,0,0,0,-1,0,2165,-1,-1,-1,0,0
2015-07-21,2015-07-21 00:00:00,BP,Channel: 50 - Commercial,WHITING IN - BP (PLANT 0453),PREMIUM,-1,2969,0,-1,1,1200,-1,2301,0,w4,-1,0,2301,-1.0,3266.0,-1,Available,-1,100,110%,110,-1,-1,-1,w3,0,2015-07-22 00:00:00,-1,Contract,-1,-1,2969,-1,965,-1,8000,-1,8000,-1,934362,0,0,0,0,0,0,0,0,0,0,0,0,0,0,0,-1,0,2969,-1.0,0,3265.0,True,False,0,0,0,0,-1,0,965,-1,-1,-1,0,0
2015-07-22,2015-07-22 00:00:00,BP,Channel: 50 - Commercial,WHITING IN - BP (PLANT 0453),PREMIUM,-1,2969,3,1204,1,1204,-1,1204,0,w5,-1,0,1204,-1.0,3266.0,-1,Available,-1,100,110%,110,-1,-1,-1,w4,0,2015-07-29 00:00:00,-1,Contract,-1,-1,2969,-1,2062,-1,0,-1,0,-1,976434,0,0,0,0,0,0,0,0,0,0,0,0,0,0,0,-1,0,2969,-1.0,0,3265.0,True,True,0,0,0,0,-1,0,2062,-1,-1,-1,0,0
2015-07-23,2015-07-23 00:00:00,BP,Channel: 50 - Commercial,WHITING IN - BP (PLANT 0453),PREMIUM,-1,2969,0,-1,1,1600,-1,2804,0,w5,-1,0,2804,-1.0,3266.0,-1,Available,-1,100,110%,110,-1,-1,-1,w4,0,2015-07-29 00:00:00,-1,Contract,-1,-1,2969,-1,462,-1,8000,-1,8000,-1,994643,0,0,0,0,0,0,0,0,0,0,0,0,0,0,0,-1,0,2969,-1.0,0,3265.0,True,False,0,0,0,0,-1,0,462,-1,-1,-1,0,0
2015-07-24,2015-07-24 00:00:00,BP,Channel: 50 - Commercial,WHITING IN - BP (PLANT 0453),PREMIUM,-1,-1,0,-1,0,-1,-1,-1,0,w6,-1,0,-1,-1.0,-1.0,-1,-1,-1,100,-1,110,-1,-1,-1,w4,1,2015-07-29 00:00:00,-1,-1,-1,-1,-1,-1,-1,-1,-1,-1,-1,-1,-1,-1,-1,0,-1,-1,-1,-1,0,-1,-1,0,-1,-1,-1,-1,-1,0,2969,-1.0,0,3265.0,True,False,0,0,0,0,-1,-1,-1,-1,-1,-1,0,0
2015-07-25,2015-07-25 00:00:00,BP,Channel: 50 - Commercial,WHITING IN - BP (PLANT 0453),PREMIUM,-1,-1,0,-1,0,-1,-1,-1,0,w6,-1,0,-1,-1.0,-1.0,-1,-1,-1,100,-1,110,-1,-1,-1,w4,1,2015-07-29 00:00:00,-1,-1,-1,-1,-1,-1,-1,-1,-1,-1,-1,-1,-1,-1,-1,0,-1,-1,-1,-1,0,-1,-1,0,-1,-1,-1,-1,-1,-1,-1,-1.0,-1,-1.0,False,False,0,0,0,0,-1,-1,-1,-1,-1,-1,0,0
2015-07-26,2015-07-26 00:00:00,BP,Channel: 50 - Commercial,WHITING IN - BP (PLANT 0453),PREMIUM,-1,-1,0,-1,0,-1,-1,-1,0,w6,-1,0,-1,-1.0,-1.0,-1,-1,-1,100,-1,110,-1,-1,-1,w4,1,2015-07-29 00:00:00,-1,-1,-1,-1,-1,-1,-1,-1,-1,-1,-1,-1,-1,-1,-1,0,-1,-1,-1,-1,0,-1,-1,0,-1,-1,-1,-1,-1,-1,-1,-1.0,-1,-1.0,False,False,0,0,0,0,-1,-1,-1,-1,-1,-1,0,0
2015-07-27,2015-07-27 00:00:00,BP,Channel: 50 - Commercial,WHITING IN - BP (PLANT 0453),PREMIUM,-1,-1,0,-1,0,-1,-1,-1,0,w6,-1,0,-1,-1.0,-1.0,-1,-1,-1,100,-1,110,-1,-1,-1,w4,1,2015-07-29 00:00:00,-1,-1,-1,-1,-1,-1,-1,-1,-1,-1,-1,-1,-1,-1,-1,0,-1,-1,-1,-1,0,-1,-1,0,-1,-1,-1,-1,-1,-1,-1,-1.0,-1,-1.0,False,False,0,0,0,0,-1,-1,-1,-1,-1,-1,0,0
2015-07-28,2015-07-28 00:00:00,BP,Channel: 50 - Commercial,WHITING IN - BP (PLANT 0453),PREMIUM,-1,-1,0,-1,0,-1,-1,-1,0,w6,-1,0,-1,-1.0,-1.0,-1,-1,-1,100,-1,110,-1,-1,-1,w4,1,2015-07-29 00:00:00,-1,-1,-1,-1,-1,-1,-1,-1,-1,-1,-1,-1,-1,-1,-1,0,-1,-1,-1,-1,0,-1,-1,0,-1,-1,-1,-1,-1,-1,-1,-1.0,-1,-1.0,False,False,0,0,0,0,-1,-1,-1,-1,-1,-1,0,0
2015-07-29,2015-07-29 00:00:00,BP,Channel: 50 - Commercial,WHITING IN - BP (PLANT 0453),PREMIUM,-1,-1,0,-1,0,-1,-1,-1,0,w6,-1,0,-1,-1.0,-1.0,-1,-1,-1,100,-1,110,-1,-1,-1,w5,1,2015-08-05 00:00:00,-1,-1,-1,-1,-1,-1,-1,-1,-1,-1,-1,-1,-1,-1,-1,0,-1,-1,-1,-1,0,-1,-1,0,-1,-1,-1,-1,-1,-1,-1,-1.0,-1,-1.0,False,True,0,0,0,0,-1,-1,-1,-1,-1,-1,0,0
2015-07-30,2015-07-30 00:00:00,BP,Channel: 50 - Commercial,WHITING IN - BP (PLANT 0453),PREMIUM,-1,-1,0,-1,0,-1,-1,-1,0,w6,-1,0,-1,-1.0,-1.0,-1,-1,-1,100,-1,110,-1,-1,-1,w5,1,2015-08-05 00:00:00,-1,-1,-1,-1,-1,-1,-1,-1,-1,-1,-1,-1,-1,-1,-1,0,-1,-1,-1,-1,0,-1,-1,0,-1,-1,-1,-1,-1,-1,-1,-1.0,-1,-1.0,False,False,0,0,0,0,-1,-1,-1,-1,-1,-1,0,0
2015-07-31,2015-07-31 00:00:00,BP,Channel: 50 - Commercial,WHITING IN - BP (PLANT 0453),PREMIUM,-1,-1,0,-1,0,-1,-1,-1,0,w6,-1,0,-1,-1.0,-1.0,-1,-1,-1,100,-1,110,-1,-1,-1,w5,1,2015-08-05 00:00:00,-1,-1,-1,-1,-1,-1,-1,-1,-1,-1,-1,-1,-1,-1,-1,0,-1,-1,-1,-1,0,-1,-1,0,-1,-1,-1,-1,-1,-1,-1,-1.0,-1,-1.0,False,False,0,0,0,0,-1,-1,-1,-1,-1,-1,0,0
