,date,supplier_name,account_type,supplier_terminal_name,product_name,base_gallons_Daily,base_gallons_Weekly,lifted_gallons_daily_flag,lifted_gallons_daily_modified,Modified_WeeksByLiftedGallons,lifted_gallons_modified_WeeksByLiftedGallons,lifted_gallons_Daily,Lifted_actual_weekly,lifted_gallons_weekly_flag,WeeksByLiftedGallons,lifted_gallonsWeekly_modified_aposteriori,Modified_LiftedGallonsaposteriori,lifted_gallons_Weekly,beginning_gallons_Daily,beginning_gallons_Weekly,en_allocation_status_Daily,en_allocation_status_Weekly,percentage_allocation_Daily_actual,percentage_allocation_Daily,percentage_allocation_Weekly_actual,percentage_allocation_Weekly,alerts_ratability_Daily,alerts_ratability_Weekly,next_refresh_date_Daily,Week_switch,Modified_NRD,next_refresh_date_Weekly,en_account_type_Daily,en_account_type_Weekly,NRB_Daily,next_refresh_base_gallons_Daily,next_refresh_base_gallons_Weekly,remaining_gallons_Daily,remaining_gallons_Weekly,additional_gallons_allowed_Daily,additional_gallons_allowed_Weekly,additional_gallons_remaining_Daily,additional_gallons_remaining_Weekly,staging_id_Daily,staging_id_Weekly,base_gallons_Monthly,Lifted_actual_monthly,lifted_gallons_monthly_flag,lifted_gallons_Monthly,beginning_gallons_Monthly,en_allocation_status_Monthly,percentage_allocation_Monthly_actual,percentage_allocation_Monthly,alerts_ratability_Monthly,next_refresh_date_Monthly,NRB_Monthly,next_refresh_base_gallons_Monthly,remaining_gallons_Monthly,additional_gallons_allowed_Monthly,additional_gallons_remaining_Monthly,base_gallons_Daily_Reconciled,base_gallons_Monthly_Reconciled,base_gallons_Weekly_Reconciled,beginning_gallons_Daily_Reconciled,beginning_gallons_Monthly_Reconciled,beginning_gallons_Weekly_Reconciled,sanityWeekly_CumulativeDaily_WeeksByLiftedGallons,sanityWeekly_CumulativeDaily_NextRefreshDate,computedWeekly,sanityComputedWeekly,computedMonthly,sanityComputedMonthly,remaining_gallons_Daily_Reconciled,remaining_gallons_Monthly_Reconciled,remaining_gallons_Weekly_Reconciled,additional_gallons_remaining_Daily_Reconciled,additional_gallons_remaining_Monthly_Reconciled,additional_gallons_remaining_Weekly_Reconciled,sanityMonthly_CumulativeDaily_WeeksByLiftedGallons,sanityMonthly_CumulativeDaily_WeeksByNextRefreshDate
2015-07-01,2015-07-01 00:00:00,BP,Channel: 50 - Commercial,CANTON OH - BUCKEYE (PLANT 9180),REGULAR,27373,191612,3,0,0,0,0,0,0,w1,0,0,0,54746.0,210773.0,Available,Available,200%,200,110%,110,-1,-1,07/02 00:00:00 EDT,w1,0,2015-07-08 00:00:00,Contract,Contract,27373,27373,191612,54746,210773,0,0,0,0,508149,508150,0,0,0,0,0,0,0,0,0,0,0,0,0,0,0,27373,0,191612,54746.0,0,210773.0,True,True,0,True,0,0,54746,0,210773,-1,-1,-1,1,1
2015-07-02,2015-07-02 00:00:00,BP,Channel: 50 - Commercial,CANTON OH - BUCKEYE (PLANT 9180),REGULAR,27373,191612,3,0,0,0,0,0,0,w1,0,0,0,54746.0,210773.0,Available,Available,200%,200,110%,110,-1,-1,07/03 00:00:00 EDT,w1,0,2015-07-08 00:00:00,Contract,Contract,27373,27373,191612,54746,210773,0,0,0,0,528374,528375,0,0,0,0,0,0,0,0,0,0,0,0,0,0,0,27373,0,191612,54746.0,0,210773.0,True,True,0,True,0,0,54746,0,210773,-1,-1,-1,1,1
2015-07-03,2015-07-03 00:00:00,BP,Channel: 50 - Commercial,CANTON OH - BUCKEYE (PLANT 9180),REGULAR,27373,191612,3,17604,0,0,0,0,0,w1,0,0,0,54746.0,210773.0,Available,Available,200%,200,110%,110,-1,-1,07/04 00:00:00 EDT,w1,0,2015-07-08 00:00:00,Contract,Contract,27373,27373,191612,54746,210773,0,0,0,0,535992,535993,0,0,0,0,0,0,0,0,0,0,0,0,0,0,0,27373,0,191612,54746.0,0,210773.0,True,False,17604,True,0,0,37142,0,210773,-1,-1,-1,1,0
2015-07-04,2015-07-04 00:00:00,BP,Channel: 50 - Commercial,CANTON OH - BUCKEYE (PLANT 9180),REGULAR,27373,191612,3,7001,1,24605,7001,24605,0,w1,7001,0,24605,54746.0,210773.0,Available,Available,200%,200,110%,110,-1,-1,07/05 00:00:00 EDT,w1,0,2015-07-08 00:00:00,Contract,Contract,27373,27373,191612,47745,186168,0,0,0,0,542277,542278,0,0,0,0,0,0,0,0,0,0,0,0,0,0,0,27373,0,191612,54746.0,0,210773.0,True,True,24605,True,0,0,47745,0,186168,-1,-1,-1,0,0
2015-07-05,2015-07-05 00:00:00,BP,Channel: 50 - Commercial,CANTON OH - BUCKEYE (PLANT 9180),REGULAR,27373,191612,3,17603,0,8999,8999,33604,0,w1,8999,0,33604,54746.0,210773.0,Available,Available,200%,200,110%,110,-1,-1,07/06 00:00:00 EDT,w1,0,2015-07-08 00:00:00,Contract,Contract,27373,27373,191612,45747,177169,0,0,0,0,548720,548721,0,0,0,0,0,0,0,0,0,0,0,0,0,0,0,27373,0,191612,54746.0,0,210773.0,True,False,42208,True,0,0,37143,0,177169,-1,-1,-1,0,0
2015-07-06,2015-07-06 00:00:00,BP,Channel: 50 - Commercial,CANTON OH - BUCKEYE (PLANT 9180),REGULAR,27373,191612,3,7808,1,16412,7808,50016,0,w1,7808,0,50016,54746.0,210773.0,Available,Available,200%,200,110%,110,-1,-1,07/07 00:00:00 EDT,w1,0,2015-07-08 00:00:00,Contract,Contract,27373,27373,191612,46938,160757,0,0,0,0,555036,555037,0,0,0,0,0,0,0,0,0,0,0,0,0,0,0,27373,0,191612,54746.0,0,210773.0,True,True,50016,True,0,0,46938,0,160757,-1,-1,-1,0,0
2015-07-07,2015-07-07 00:00:00,BP,Channel: 50 - Commercial,CANTON OH - BUCKEYE (PLANT 9180),REGULAR,27373,191612,0,25214,0,25214,25214,75230,0,w1,25214,0,75230,54746.0,210773.0,Available,Available,200%,200,110%,110,-1,-1,07/08 00:00:00 EDT,w1,0,2015-07-08 00:00:00,Contract,Contract,27373,27373,191612,29532,135543,0,0,0,0,568049,568050,0,0,0,0,0,0,0,0,0,0,0,0,0,0,0,27373,0,191612,54746.0,0,210773.0,True,True,75230,True,0,0,29532,0,135543,-1,-1,-1,0,0
2015-07-08,2015-07-08 00:00:00,BP,Channel: 50 - Commercial,CANTON OH - BUCKEYE (PLANT 9180),REGULAR,27373,191612,0,7705,0,7705,7705,7705,0,w2,7705,0,7705,54746.0,210773.0,Available,Available,200%,200,110%,110,-1,-1,07/09 00:00:00 EDT,w2,0,2015-07-15 00:00:00,Contract,Contract,27373,27373,191612,47041,203068,0,0,0,0,578071,578072,0,0,0,0,0,0,0,0,0,0,0,0,0,0,0,27373,0,191612,54746.0,0,210773.0,True,True,0,0,0,0,47041,0,203068,-1,-1,-1,0,0
2015-07-09,2015-07-09 00:00:00,BP,Channel: 50 - Commercial,CANTON OH - BUCKEYE (PLANT 9180),REGULAR,-1,-1,4,18809,0,-1,-1,-1,4,w3,-1,0,26514,-1.0,-1.0,-1,-1,-1,200,-1,110,-1,-1,-1,w2,1,2015-07-15 00:00:00,-1,-1,27373,-1,-1,-1,-1,-1,-1,-1,-1,-1,-1,-1,-1,0,-1,-1,-1,-1,0,-1,-1,0,-1,-1,-1,-1,27373,0,191612,54746.0,0,210773.0,True,True,0,0,0,0,-1,-1,-1,-1,-1,-1,0,0
2015-07-10,2015-07-10 00:00:00,BP,Channel: 50 - Commercial,CANTON OH - BUCKEYE (PLANT 9180),REGULAR,27373,191612,3,17200,0,17200,17200,43714,0,w3,17200,0,43714,54746.0,210773.0,Available,Available,200%,200,110%,110,-1,-1,07/11 00:00:00 EDT,w2,0,2015-07-15 00:00:00,Contract,Contract,27373,27373,191612,37546,167059,0,0,0,0,609038,609039,0,0,0,0,0,0,0,0,0,0,0,0,0,0,0,27373,0,191612,54746.0,0,210773.0,False,True,0,0,0,0,37546,0,167059,-1,-1,-1,0,0
2015-07-11,2015-07-11 00:00:00,BP,Channel: 50 - Commercial,CANTON OH - BUCKEYE (PLANT 9180),REGULAR,27373,191612,0,0,0,0,0,43714,0,w3,0,0,43714,54746.0,210773.0,Available,Available,200%,200,110%,110,-1,-1,07/12 00:00:00 EDT,w2,0,2015-07-15 00:00:00,Contract,Contract,27373,27373,191612,54746,167059,0,0,0,0,639278,639279,0,0,0,0,0,0,0,0,0,0,0,0,0,0,0,27373,0,191612,54746.0,0,210773.0,False,True,0,0,0,0,54746,0,167059,-1,-1,-1,0,0
2015-07-12,2015-07-12 00:00:00,BP,Channel: 50 - Commercial,CANTON OH - BUCKEYE (PLANT 9180),REGULAR,-1,-1,0,-1,0,-1,-1,-1,0,w4,-1,0,-1,-1.0,-1.0,-1,-1,-1,200,-1,110,-1,-1,-1,w2,1,2015-07-15 00:00:00,-1,-1,27373,-1,-1,-1,-1,-1,-1,-1,-1,-1,-1,-1,-1,0,-1,-1,-1,-1,0,-1,-1,0,-1,-1,-1,-1,27373,0,191612,54746.0,0,210773.0,True,False,0,0,0,0,-1,-1,-1,-1,-1,-1,0,0
2015-07-13,2015-07-13 00:00:00,BP,Channel: 50 - Commercial,CANTON OH - BUCKEYE (PLANT 9180),REGULAR,-1,-1,0,-1,0,-1,-1,-1,0,w4,-1,0,-1,-1.0,-1.0,-1,-1,-1,200,-1,110,-1,-1,-1,w2,1,2015-07-15 00:00:00,-1,-1,27373,-1,-1,-1,-1,-1,-1,-1,-1,-1,-1,-1,-1,0,-1,-1,-1,-1,0,-1,-1,0,-1,-1,-1,-1,-1,-1,-1,-1.0,-1,-1.0,False,False,0,0,0,0,-1,-1,-1,-1,-1,-1,0,0
2015-07-14,2015-07-14 00:00:00,BP,Channel: 50 - Commercial,CANTON OH - BUCKEYE (PLANT 9180),REGULAR,27373,191612,0,22899,0,22899,22899,83424,0,w4,22899,0,83424,54746.0,210773.0,Available,Available,200%,200,110%,110,-1,-1,07/15 00:00:00 EDT,w2,0,2015-07-15 00:00:00,Contract,Contract,27373,27373,191612,31847,127349,0,0,0,0,731155,731156,0,0,0,0,0,0,0,0,0,0,0,0,0,0,0,27373,0,191612,54746.0,0,210773.0,False,False,0,0,0,0,31847,0,127349,-1,-1,-1,0,0
2015-07-15,2015-07-15 00:00:00,BP,Channel: 50 - Commercial,CANTON OH - BUCKEYE (PLANT 9180),REGULAR,27373,191612,3,68461,0,68461,68461,68461,0,w5,68461,0,68461,54746.0,210773.0,Out,Out,200%,200,110%,110,-1,-1,07/16 00:00:00 EDT,w3,0,2015-07-22 00:00:00,Contract,Contract,27373,27373,191612,-5015,151012,8000,8000,700,700,756375,756376,0,0,0,0,0,0,0,0,0,0,0,0,0,0,0,27373,0,191612,54746.0,0,210773.0,True,True,68461,True,0,0,-13715,0,142312,8000,-1,-1,0,0
2015-07-16,2015-07-16 00:00:00,BP,Channel: 50 - Commercial,CANTON OH - BUCKEYE (PLANT 9180),REGULAR,27373,191612,3,42817,0,42817,42817,111278,0,w5,42817,0,111278,54746.0,210773.0,Available,Available,200%,200,110%,110,-1,-1,07/17 00:00:00 EDT,w3,0,2015-07-22 00:00:00,Contract,Contract,27373,27373,191612,11929,108195,8000,8000,700,700,789677,789678,0,0,0,0,0,0,0,0,0,0,0,0,0,0,0,27373,0,191612,54746.0,0,210773.0,True,True,111278,True,0,0,11929,0,99495,-1,-1,-1,0,0
2015-07-17,2015-07-17 00:00:00,BP,Channel: 50 - Commercial,CANTON OH - BUCKEYE (PLANT 9180),REGULAR,27373,191612,3,58629,0,58629,58629,169907,0,w5,58629,0,169907,54746.0,210773.0,Out,Out,200%,200,110%,110,-1,-1,07/18 00:00:00 EDT,w3,0,2015-07-22 00:00:00,Contract,Contract,27373,27373,191612,0,53449,8000,8000,4583,4583,821701,821702,0,0,0,0,0,0,0,0,0,0,0,0,0,0,0,27373,0,191612,54746.0,0,210773.0,True,True,169907,True,0,0,-3883,0,40866,8000,-1,-1,0,0
2015-07-18,2015-07-18 00:00:00,BP,Channel: 50 - Commercial,CANTON OH - BUCKEYE (PLANT 9180),REGULAR,27373,191612,3,32115,0,32115,32115,202022,0,w5,32115,0,202022,54746.0,210773.0,Available,Available,200%,200,110%,110,-1,-1,07/19 00:00:00 EDT,w3,0,2015-07-22 00:00:00,Contract,Contract,27373,27373,191612,22631,21334,8000,8000,4583,4583,852163,852164,0,0,0,0,0,0,0,0,0,0,0,0,0,0,0,27373,0,191612,54746.0,0,210773.0,True,True,202022,True,0,0,22631,0,8751,-1,-1,-1,0,0
2015-07-19,2015-07-19 00:00:00,BP,Channel: 50 - Commercial,CANTON OH - BUCKEYE (PLANT 9180),REGULAR,27373,191612,3,32517,0,32517,32517,234539,0,w5,32517,0,234539,54746.0,210773.0,Out,Out,200%,200,110%,110,-1,-1,07/20 00:00:00 EDT,w3,0,2015-07-22 00:00:00,Contract,Contract,27373,27373,191612,33412,0,8000,8000,15766,15766,883424,883425,0,0,0,0,0,0,0,0,0,0,0,0,0,0,0,27373,0,191612,54746.0,0,210773.0,True,True,234539,True,0,0,22229,0,-23766,-1,-1,8000,0,0
2015-07-20,2015-07-20 00:00:00,BP,Channel: 50 - Commercial,CANTON OH - BUCKEYE (PLANT 9180),REGULAR,27373,191612,3,0,0,0,0,234539,0,w5,0,0,234539,54746.0,210773.0,Out,Out,200%,200,110%,110,-1,-1,07/21 00:00:00 EDT,w3,0,2015-07-22 00:00:00,Contract,Contract,27373,27373,191612,54746,0,8000,8000,15766,15766,913790,913791,0,0,0,0,0,0,0,0,0,0,0,0,0,0,0,27373,0,191612,54746.0,0,210773.0,True,True,234539,True,0,0,54746,0,-23766,-1,-1,8000,0,0
2015-07-21,2015-07-21 00:00:00,BP,Channel: 50 - Commercial,CANTON OH - BUCKEYE (PLANT 9180),REGULAR,27373,191612,0,0,0,0,0,234539,0,w5,0,0,234539,54746.0,210773.0,Out,Out,200%,200,110%,110,-1,-1,07/22 00:00:00 EDT,w3,0,2015-07-22 00:00:00,Contract,Contract,27373,27373,191612,54746,0,8000,8000,15766,15766,934331,934332,0,0,0,0,0,0,0,0,0,0,0,0,0,0,0,27373,0,191612,54746.0,0,210773.0,True,True,234539,True,0,0,54746,0,-23766,-1,-1,8000,0,0
2015-07-22,2015-07-22 00:00:00,BP,Channel: 50 - Commercial,CANTON OH - BUCKEYE (PLANT 9180),REGULAR,27373,191612,3,50022,0,50022,50022,50022,0,w6,50022,0,50022,54746.0,210773.0,Available,Available,200%,200,110%,110,-1,-1,07/23 00:00:00 EDT,w4,0,2015-07-29 00:00:00,Contract,Contract,27373,27373,191612,4724,160751,0,0,0,0,976407,976408,0,0,0,0,0,0,0,0,0,0,0,0,0,0,0,27373,0,191612,54746.0,0,210773.0,True,True,0,0,0,0,4724,0,160751,-1,-1,-1,0,0
2015-07-23,2015-07-23 00:00:00,BP,Channel: 50 - Commercial,CANTON OH - BUCKEYE (PLANT 9180),REGULAR,27373,191612,0,17204,0,17204,17204,67226,0,w6,17204,0,67226,54746.0,210773.0,Available,Available,200%,200,110%,110,-1,-1,07/24 00:00:00 EDT,w4,0,2015-07-29 00:00:00,Contract,Contract,27373,27373,191612,37542,143547,0,0,0,0,994616,994617,0,0,0,0,0,0,0,0,0,0,0,0,0,0,0,27373,0,191612,54746.0,0,210773.0,True,True,0,0,0,0,37542,0,143547,-1,-1,-1,0,0
2015-07-24,2015-07-24 00:00:00,BP,Channel: 50 - Commercial,CANTON OH - BUCKEYE (PLANT 9180),REGULAR,-1,-1,0,-1,0,-1,-1,-1,0,w7,-1,0,-1,-1.0,-1.0,-1,-1,-1,200,-1,110,-1,-1,-1,w4,1,2015-07-29 00:00:00,-1,-1,27373,-1,-1,-1,-1,-1,-1,-1,-1,-1,-1,-1,-1,0,-1,-1,-1,-1,0,-1,-1,0,-1,-1,-1,-1,27373,0,191612,54746.0,0,210773.0,True,False,0,0,0,0,-1,-1,-1,-1,-1,-1,0,0
2015-07-25,2015-07-25 00:00:00,BP,Channel: 50 - Commercial,CANTON OH - BUCKEYE (PLANT 9180),REGULAR,-1,-1,0,-1,0,-1,-1,-1,0,w7,-1,0,-1,-1.0,-1.0,-1,-1,-1,200,-1,110,-1,-1,-1,w4,1,2015-07-29 00:00:00,-1,-1,27373,-1,-1,-1,-1,-1,-1,-1,-1,-1,-1,-1,-1,0,-1,-1,-1,-1,0,-1,-1,0,-1,-1,-1,-1,-1,-1,-1,-1.0,-1,-1.0,False,False,0,0,0,0,-1,-1,-1,-1,-1,-1,0,0
2015-07-26,2015-07-26 00:00:00,BP,Channel: 50 - Commercial,CANTON OH - BUCKEYE (PLANT 9180),REGULAR,-1,-1,0,-1,0,-1,-1,-1,0,w7,-1,0,-1,-1.0,-1.0,-1,-1,-1,200,-1,110,-1,-1,-1,w4,1,2015-07-29 00:00:00,-1,-1,27373,-1,-1,-1,-1,-1,-1,-1,-1,-1,-1,-1,-1,0,-1,-1,-1,-1,0,-1,-1,0,-1,-1,-1,-1,-1,-1,-1,-1.0,-1,-1.0,False,False,0,0,0,0,-1,-1,-1,-1,-1,-1,0,0
2015-07-27,2015-07-27 00:00:00,BP,Channel: 50 - Commercial,CANTON OH - BUCKEYE (PLANT 9180),REGULAR,-1,-1,0,-1,0,-1,-1,-1,0,w7,-1,0,-1,-1.0,-1.0,-1,-1,-1,200,-1,110,-1,-1,-1,w4,1,2015-07-29 00:00:00,-1,-1,27373,-1,-1,-1,-1,-1,-1,-1,-1,-1,-1,-1,-1,0,-1,-1,-1,-1,0,-1,-1,0,-1,-1,-1,-1,-1,-1,-1,-1.0,-1,-1.0,False,False,0,0,0,0,-1,-1,-1,-1,-1,-1,0,0
2015-07-28,2015-07-28 00:00:00,BP,Channel: 50 - Commercial,CANTON OH - BUCKEYE (PLANT 9180),REGULAR,-1,-1,0,-1,0,-1,-1,-1,0,w7,-1,0,-1,-1.0,-1.0,-1,-1,-1,200,-1,110,-1,-1,-1,w4,1,2015-07-29 00:00:00,-1,-1,27373,-1,-1,-1,-1,-1,-1,-1,-1,-1,-1,-1,-1,0,-1,-1,-1,-1,0,-1,-1,0,-1,-1,-1,-1,-1,-1,-1,-1.0,-1,-1.0,False,False,0,0,0,0,-1,-1,-1,-1,-1,-1,0,0
2015-07-29,2015-07-29 00:00:00,BP,Channel: 50 - Commercial,CANTON OH - BUCKEYE (PLANT 9180),REGULAR,-1,-1,0,-1,0,-1,-1,-1,0,w7,-1,0,-1,-1.0,-1.0,-1,-1,-1,200,-1,110,-1,-1,-1,w5,1,2015-08-05 00:00:00,-1,-1,27373,-1,-1,-1,-1,-1,-1,-1,-1,-1,-1,-1,-1,0,-1,-1,-1,-1,0,-1,-1,0,-1,-1,-1,-1,-1,-1,-1,-1.0,-1,-1.0,False,True,0,0,0,0,-1,-1,-1,-1,-1,-1,0,0
2015-07-30,2015-07-30 00:00:00,BP,Channel: 50 - Commercial,CANTON OH - BUCKEYE (PLANT 9180),REGULAR,-1,-1,0,-1,0,-1,-1,-1,0,w7,-1,0,-1,-1.0,-1.0,-1,-1,-1,200,-1,110,-1,-1,-1,w5,1,2015-08-05 00:00:00,-1,-1,27373,-1,-1,-1,-1,-1,-1,-1,-1,-1,-1,-1,-1,0,-1,-1,-1,-1,0,-1,-1,0,-1,-1,-1,-1,-1,-1,-1,-1.0,-1,-1.0,False,False,0,0,0,0,-1,-1,-1,-1,-1,-1,0,0
2015-07-31,2015-07-31 00:00:00,BP,Channel: 50 - Commercial,CANTON OH - BUCKEYE (PLANT 9180),REGULAR,-1,-1,0,-1,0,-1,-1,-1,0,w7,-1,0,-1,-1.0,-1.0,-1,-1,-1,200,-1,110,-1,-1,-1,w5,1,2015-08-05 00:00:00,-1,-1,27373,-1,-1,-1,-1,-1,-1,-1,-1,-1,-1,-1,-1,0,-1,-1,-1,-1,0,-1,-1,0,-1,-1,-1,-1,-1,-1,-1,-1.0,-1,-1.0,False,False,0,0,0,0,-1,-1,-1,-1,-1,-1,0,0
