,date,supplier_name,account_type,supplier_terminal_name,product_name,base_gallons_Daily,base_gallons_Weekly,lifted_gallons_daily_flag,lifted_gallons_daily_modified,Modified_WeeksByLiftedGallons,lifted_gallons_modified_WeeksByLiftedGallons,lifted_gallons_Daily,Lifted_actual_weekly,lifted_gallons_weekly_flag,WeeksByLiftedGallons,lifted_gallonsWeekly_modified_aposteriori,Modified_LiftedGallonsaposteriori,lifted_gallons_Weekly,beginning_gallons_Daily,beginning_gallons_Weekly,en_allocation_status_Daily,en_allocation_status_Weekly,percentage_allocation_Daily,percentage_allocation_Weekly,alerts_ratability_Daily,alerts_ratability_Weekly,next_refresh_date_Daily,Week_switch,Modified_NRD,next_refresh_date_Weekly,en_account_type_Daily,en_account_type_Weekly,NRB_Daily,next_refresh_base_gallons_Daily,next_refresh_base_gallons_Weekly,staging_id_Daily,staging_id_Weekly,base_gallons_Monthly,Lifted_actual_monthly,lifted_gallons_monthly_flag,lifted_gallons_Monthly,beginning_gallons_Monthly,en_allocation_status_Monthly,percentage_allocation_Monthly,alerts_ratability_Monthly,next_refresh_date_Monthly,NRB_Monthly,next_refresh_base_gallons_Monthly,base_gallons_Daily_Reconciled,base_gallons_Monthly_Reconciled,beginning_gallons_Daily_Reconciled,beginning_gallons_Monthly_Reconciled,beginning_gallons_Weekly_Reconciled,sanityWeekly_CumulativeDaily_WeeksByLiftedGallons,sanityWeekly_CumulativeDaily_NextRefreshDate,computedWeekly,sanityComputedWeekly,computedMonthly,sanityComputedMonthly,sanityMonthly_CumulativeDaily_WeeksByLiftedGallons,sanityMonthly_CumulativeDaily_WeeksByNextRefreshDate
2015-06-01,2015-06-01 00:00:00,BP,Channel: 50 - Commercial,CUYAHOGA OH - BUCKEYE (PLANT 9178),PREMIUM,-1,3746,0,-1,0,-1,-1,-1,0,w1,-1,0,-1,-1.0,4121.0,-1,-1,100,100,-1,-1,-1,w1,1,2015-06-03 00:00:00,-1,-1,-1,-1,-1,-1,-1,0,-1,0,-1,0,-1,100,-1,-1,0,-1,-1,-1,-1,0,3746,True,True,0,0,0,0,1,1
2015-06-02,2015-06-02 00:00:00,BP,Channel: 50 - Commercial,CUYAHOGA OH - BUCKEYE (PLANT 9178),PREMIUM,-1,6458,0,-1,0,-1,-1,3206,0,w1,-1,0,3206,-1.0,7104.0,-1,Available,100,110,-1,,-1,w1,0,2015-06-03 00:00:00,-1,Contract,-1,-1,3746,-1,43,0,0,0,0,0,0,0,0,0,0,0,-1,-1,-1,0,7104,False,False,0,0,0,0,0,0
2015-06-03,2015-06-03 00:00:00,BP,Channel: 50 - Commercial,CUYAHOGA OH - BUCKEYE (PLANT 9178),PREMIUM,-1,3746,3,0,1,0,-1,0,0,w2,-1,0,0,-1.0,4121.0,-1,Available,100,110,-1,,-1,w2,0,2015-06-10 00:00:00,-1,Contract,-1,-1,3746,-1,6038,0,0,0,0,0,0,0,0,0,0,0,-1,-1,-1,0,4121,True,True,0,0,0,0,0,0
2015-06-04,2015-06-04 00:00:00,BP,Channel: 50 - Commercial,CUYAHOGA OH - BUCKEYE (PLANT 9178),PREMIUM,-1,3746,0,-1,1,0,-1,0,0,w2,-1,0,0,-1.0,4121.0,-1,Available,100,110,-1,,-1,w2,0,2015-06-10 00:00:00,-1,Contract,-1,-1,3746,-1,8783,0,0,0,0,0,0,0,0,0,0,0,-1,-1,-1,0,4121,True,False,0,0,0,0,0,0
2015-06-05,2015-06-05 00:00:00,BP,Channel: 50 - Commercial,CUYAHOGA OH - BUCKEYE (PLANT 9178),PREMIUM,-1,3746,0,-1,1,2201,-1,2201,0,w2,-1,0,2201,-1.0,4121.0,-1,Available,100,110,-1,,-1,w2,0,2015-06-10 00:00:00,-1,Contract,-1,-1,3746,-1,11465,0,0,0,0,0,0,0,0,0,0,0,-1,-1,-1,0,4121,True,False,0,0,0,0,0,0
2015-06-06,2015-06-06 00:00:00,BP,Channel: 50 - Commercial,CUYAHOGA OH - BUCKEYE (PLANT 9178),PREMIUM,-1,3746,0,-1,0,-1,-1,-1,0,w3,-1,0,-1,-1.0,4121.0,-1,-1,100,100,-1,-1,-1,w2,1,2015-06-10 00:00:00,-1,-1,-1,-1,-1,-1,-1,0,-1,0,-1,0,-1,100,-1,-1,0,-1,-1,-1,-1,0,3746,True,False,0,0,0,0,0,0
2015-06-07,2015-06-07 00:00:00,BP,Channel: 50 - Commercial,CUYAHOGA OH - BUCKEYE (PLANT 9178),PREMIUM,-1,3746,0,-1,0,-1,-1,-1,0,w3,-1,0,-1,-1.0,4121.0,-1,-1,100,100,-1,-1,-1,w2,1,2015-06-10 00:00:00,-1,-1,-1,-1,-1,-1,-1,0,-1,0,-1,0,-1,100,-1,-1,0,-1,-1,-1,-1,0,3746,False,False,0,0,0,0,0,0
2015-06-08,2015-06-08 00:00:00,BP,Channel: 50 - Commercial,CUYAHOGA OH - BUCKEYE (PLANT 9178),PREMIUM,-1,3746,0,-1,0,-1,-1,4605,0,w3,-1,0,4605,-1.0,4121.0,-1,Out,100,110,-1,,-1,w2,0,2015-06-10 00:00:00,-1,Contract,-1,-1,3746,-1,13955,0,0,0,0,0,0,0,0,0,0,0,-1,-1,-1,0,4121,False,False,0,0,0,0,0,0
2015-06-09,2015-06-09 00:00:00,BP,Channel: 50 - Commercial,CUYAHOGA OH - BUCKEYE (PLANT 9178),PREMIUM,-1,3746,0,-1,0,-1,-1,-1,0,w4,-1,0,-1,-1.0,4121.0,-1,-1,100,100,-1,-1,-1,w2,1,2015-06-10 00:00:00,-1,-1,-1,-1,-1,-1,-1,0,-1,0,-1,0,-1,100,-1,-1,0,-1,-1,-1,-1,0,3746,True,False,0,0,0,0,0,0
2015-06-10,2015-06-10 00:00:00,BP,Channel: 50 - Commercial,CUYAHOGA OH - BUCKEYE (PLANT 9178),PREMIUM,-1,3746,3,0,0,-1,-1,0,0,w4,-1,0,0,-1.0,4121.0,-1,Available,100,110,-1,,-1,w3,0,2015-06-17 00:00:00,-1,Contract,-1,-1,3746,-1,20590,0,0,0,0,0,0,0,0,0,0,0,-1,-1,-1,0,4121,False,True,0,0,0,0,0,0
2015-06-11,2015-06-11 00:00:00,BP,Channel: 50 - Commercial,CUYAHOGA OH - BUCKEYE (PLANT 9178),PREMIUM,-1,3746,0,-1,1,0,-1,0,0,w4,-1,0,0,-1.0,4121.0,-1,Available,100,110,-1,,-1,w3,0,2015-06-17 00:00:00,-1,Contract,-1,-1,3746,-1,23365,0,0,0,0,0,0,0,0,0,0,0,-1,-1,-1,0,4121,False,False,0,0,0,0,0,0
2015-06-12,2015-06-12 00:00:00,BP,Channel: 50 - Commercial,CUYAHOGA OH - BUCKEYE (PLANT 9178),PREMIUM,-1,3746,0,-1,0,-1,-1,-1,0,w5,-1,0,-1,-1.0,4121.0,-1,-1,100,100,-1,-1,-1,w3,1,2015-06-17 00:00:00,-1,-1,-1,-1,-1,-1,-1,0,-1,0,-1,0,-1,100,-1,-1,0,-1,-1,-1,-1,0,3746,True,False,0,0,0,0,0,0
2015-06-13,2015-06-13 00:00:00,BP,Channel: 50 - Commercial,CUYAHOGA OH - BUCKEYE (PLANT 9178),PREMIUM,-1,3746,0,-1,0,-1,-1,4802,0,w5,-1,0,4802,-1.0,4121.0,-1,Out,100,110,-1,,-1,w3,0,2015-06-17 00:00:00,-1,Contract,-1,-1,3746,-1,51049,0,0,0,0,0,0,0,0,0,0,0,-1,-1,-1,0,4121,False,False,0,0,0,0,0,0
2015-06-14,2015-06-14 00:00:00,BP,Channel: 50 - Commercial,CUYAHOGA OH - BUCKEYE (PLANT 9178),PREMIUM,-1,3746,0,-1,1,0,-1,4802,0,w5,-1,0,4802,-1.0,4121.0,-1,Out,100,110,-1,,-1,w3,0,2015-06-17 00:00:00,-1,Contract,-1,-1,3746,-1,70833,0,0,0,0,0,0,0,0,0,0,0,-1,-1,-1,0,4121,False,False,0,0,0,0,0,0
2015-06-15,2015-06-15 00:00:00,BP,Channel: 50 - Commercial,CUYAHOGA OH - BUCKEYE (PLANT 9178),PREMIUM,-1,3746,0,-1,1,1150,-1,5952,0,w5,-1,0,5952,-1.0,4121.0,-1,Available,100,110,-1,,-1,w3,0,2015-06-17 00:00:00,-1,Contract,-1,-1,3746,-1,101455,0,0,0,0,0,0,0,0,0,0,0,-1,-1,-1,0,4121,False,False,0,0,0,0,0,0
2015-06-16,2015-06-16 00:00:00,BP,Channel: 50 - Commercial,CUYAHOGA OH - BUCKEYE (PLANT 9178),PREMIUM,-1,3746,0,-1,1,0,-1,5952,0,w5,-1,0,5952,-1.0,4121.0,-1,Available,100,110,-1,,-1,w3,0,2015-06-17 00:00:00,-1,Contract,-1,-1,3746,-1,123671,0,0,0,0,0,0,0,0,0,0,0,-1,-1,-1,0,4121,False,False,0,0,0,0,0,0
2015-06-17,2015-06-17 00:00:00,BP,Channel: 50 - Commercial,CUYAHOGA OH - BUCKEYE (PLANT 9178),PREMIUM,-1,3746,3,0,1,0,-1,0,0,w6,-1,0,0,-1.0,4121.0,-1,Available,100,110,-1,,-1,w4,0,2015-06-24 00:00:00,-1,Contract,-1,-1,3746,-1,142279,0,0,0,0,0,0,0,0,0,0,0,-1,-1,-1,0,4121,True,True,0,0,0,0,0,0
2015-06-18,2015-06-18 00:00:00,BP,Channel: 50 - Commercial,CUYAHOGA OH - BUCKEYE (PLANT 9178),PREMIUM,-1,3746,0,-1,1,0,-1,0,0,w6,-1,0,0,-1.0,4121.0,-1,Available,100,110,-1,,-1,w4,0,2015-06-24 00:00:00,-1,Contract,-1,-1,3746,-1,161077,0,0,0,0,0,0,0,0,0,0,0,-1,-1,-1,0,4121,True,False,0,0,0,0,0,0
2015-06-19,2015-06-19 00:00:00,BP,Channel: 50 - Commercial,CUYAHOGA OH - BUCKEYE (PLANT 9178),PREMIUM,-1,3746,0,-1,1,1200,-1,1200,0,w6,-1,0,1200,-1.0,4121.0,-1,Available,100,110,-1,,-1,w4,0,2015-06-24 00:00:00,-1,Contract,-1,-1,3746,-1,177481,0,0,0,0,0,0,0,0,0,0,0,-1,-1,-1,0,4121,True,False,0,0,0,0,0,0
2015-06-20,2015-06-20 00:00:00,BP,Channel: 50 - Commercial,CUYAHOGA OH - BUCKEYE (PLANT 9178),PREMIUM,-1,3746,0,-1,1,0,-1,1200,0,w6,-1,0,1200,-1.0,4121.0,-1,Available,100,110,-1,,-1,w4,0,2015-06-24 00:00:00,-1,Contract,-1,-1,3746,-1,190954,0,0,0,0,0,0,0,0,0,0,0,-1,-1,-1,0,4121,True,False,0,0,0,0,0,0
2015-06-21,2015-06-21 00:00:00,BP,Channel: 50 - Commercial,CUYAHOGA OH - BUCKEYE (PLANT 9178),PREMIUM,-1,3746,0,-1,1,2301,-1,3501,0,w6,-1,0,3501,-1.0,4121.0,-1,Available,100,110,-1,,-1,w4,0,2015-06-24 00:00:00,-1,Contract,-1,-1,3746,-1,217296,0,0,0,0,0,0,0,0,0,0,0,-1,-1,-1,0,4121,True,False,0,0,0,0,0,0
2015-06-22,2015-06-22 00:00:00,BP,Channel: 50 - Commercial,CUYAHOGA OH - BUCKEYE (PLANT 9178),PREMIUM,-1,3746,0,-1,1,1206,-1,4707,0,w6,-1,0,4707,-1.0,4121.0,-1,Available,100,110,-1,,-1,w4,0,2015-06-24 00:00:00,-1,Contract,-1,-1,3746,-1,239285,0,0,0,0,0,0,0,0,0,0,0,-1,-1,-1,0,4121,True,False,0,0,0,0,0,0
2015-06-23,2015-06-23 00:00:00,BP,Channel: 50 - Commercial,CUYAHOGA OH - BUCKEYE (PLANT 9178),PREMIUM,-1,3746,0,-1,1,1300,-1,6007,0,w6,-1,0,6007,-1.0,4121.0,-1,Available,100,110,-1,,-1,w4,0,2015-06-24 00:00:00,-1,Contract,-1,-1,3746,-1,278176,0,0,0,0,0,0,0,0,0,0,0,-1,-1,-1,0,4121,True,False,0,0,0,0,0,0
2015-06-24,2015-06-24 00:00:00,BP,Channel: 50 - Commercial,CUYAHOGA OH - BUCKEYE (PLANT 9178),PREMIUM,-1,3746,3,0,1,0,-1,0,0,w7,-1,0,0,-1.0,4121.0,-1,Available,100,110,-1,,-1,w5,0,2015-07-01 00:00:00,-1,Contract,-1,-1,3693,-1,307360,0,0,0,0,0,0,0,0,0,0,0,-1,-1,-1,0,4121,True,True,0,0,0,0,0,0
2015-06-25,2015-06-25 00:00:00,BP,Channel: 50 - Commercial,CUYAHOGA OH - BUCKEYE (PLANT 9178),PREMIUM,-1,3746,0,-1,1,8609,-1,8609,0,w7,-1,0,8609,-1.0,4121.0,-1,Available,100,110,-1,,-1,w5,0,2015-07-01 00:00:00,-1,Contract,-1,-1,3693,-1,338689,0,0,0,0,0,0,0,0,0,0,0,-1,-1,-1,0,4121,True,False,0,0,0,0,0,0
2015-06-26,2015-06-26 00:00:00,BP,Channel: 50 - Commercial,CUYAHOGA OH - BUCKEYE (PLANT 9178),PREMIUM,-1,3746,0,-1,1,0,-1,8609,0,w7,-1,0,8609,-1.0,4121.0,-1,Available,100,110,-1,,-1,w5,0,2015-07-01 00:00:00,-1,Contract,-1,-1,3693,-1,368997,0,0,0,0,0,0,0,0,0,0,0,-1,-1,-1,0,4121,True,False,0,0,0,0,0,0
2015-06-27,2015-06-27 00:00:00,BP,Channel: 50 - Commercial,CUYAHOGA OH - BUCKEYE (PLANT 9178),PREMIUM,-1,3746,0,-1,1,0,-1,8609,0,w7,-1,0,8609,-1.0,4121.0,-1,Available,100,110,-1,,-1,w5,0,2015-07-01 00:00:00,-1,Contract,-1,-1,3693,-1,396079,0,0,0,0,0,0,0,0,0,0,0,-1,-1,-1,0,4121,True,False,0,0,0,0,0,0
2015-06-28,2015-06-28 00:00:00,BP,Channel: 50 - Commercial,CUYAHOGA OH - BUCKEYE (PLANT 9178),PREMIUM,-1,3746,0,-1,1,0,-1,8609,0,w7,-1,0,8609,-1.0,4121.0,-1,Available,100,110,-1,,-1,w5,0,2015-07-01 00:00:00,-1,Contract,-1,-1,3693,-1,420440,0,0,0,0,0,0,0,0,0,0,0,-1,-1,-1,0,4121,True,False,0,0,0,0,0,0
2015-06-29,2015-06-29 00:00:00,BP,Channel: 50 - Commercial,CUYAHOGA OH - BUCKEYE (PLANT 9178),PREMIUM,-1,3746,0,-1,1,0,-1,8609,0,w7,-1,0,8609,-1.0,4121.0,-1,Available,100,110,-1,,-1,w5,0,2015-07-01 00:00:00,-1,Contract,-1,-1,3693,-1,451256,0,0,0,0,0,0,0,0,0,0,0,-1,-1,-1,0,4121,True,False,0,0,0,0,0,0
2015-06-30,2015-06-30 00:00:00,BP,Channel: 50 - Commercial,CUYAHOGA OH - BUCKEYE (PLANT 9178),PREMIUM,-1,3746,0,-1,1,0,-1,8609,0,w7,-1,0,8609,-1.0,4121.0,-1,Available,100,110,-1,,-1,w5,0,2015-07-01 00:00:00,-1,Contract,-1,-1,3693,-1,477920,0,0,0,0,0,0,0,0,0,0,0,-1,-1,-1,0,4121,True,False,0,0,0,0,0,0
