,date,supplier_name,account_type,supplier_terminal_name,product_name,base_gallons_Daily,base_gallons_Weekly,lifted_gallons_daily_flag,lifted_gallons_daily_modified,Modified_WeeksByLiftedGallons,lifted_gallons_modified_WeeksByLiftedGallons,lifted_gallons_Daily,Lifted_actual_weekly,lifted_gallons_weekly_flag,WeeksByLiftedGallons,lifted_gallonsWeekly_modified_aposteriori,Modified_LiftedGallonsaposteriori,lifted_gallons_Weekly,beginning_gallons_Daily,beginning_gallons_Weekly,en_allocation_status_Daily,en_allocation_status_Weekly,percentage_allocation_Daily,percentage_allocation_Weekly,alerts_ratability_Daily,alerts_ratability_Weekly,next_refresh_date_Daily,Week_switch,Modified_NRD,next_refresh_date_Weekly,en_account_type_Daily,en_account_type_Weekly,NRB_Daily,next_refresh_base_gallons_Daily,next_refresh_base_gallons_Weekly,staging_id_Daily,staging_id_Weekly,base_gallons_Monthly,Lifted_actual_monthly,lifted_gallons_monthly_flag,lifted_gallons_Monthly,beginning_gallons_Monthly,en_allocation_status_Monthly,percentage_allocation_Monthly,alerts_ratability_Monthly,next_refresh_date_Monthly,NRB_Monthly,next_refresh_base_gallons_Monthly,base_gallons_Daily_Reconciled,base_gallons_Monthly_Reconciled,beginning_gallons_Daily_Reconciled,beginning_gallons_Monthly_Reconciled,beginning_gallons_Weekly_Reconciled,sanityWeekly_CumulativeDaily_WeeksByLiftedGallons,sanityWeekly_CumulativeDaily_NextRefreshDate,computedWeekly,sanityComputedWeekly,computedMonthly,sanityComputedMonthly,sanityMonthly_CumulativeDaily_WeeksByLiftedGallons,sanityMonthly_CumulativeDaily_WeeksByNextRefreshDate
2015-06-01,2015-06-01 00:00:00,BP,Channel: 50 - Commercial,CUYAHOGA OH - BUCKEYE (PLANT 9178),DIESEL,37200,260400,0,-1,0,-1,-1,-1,0,w1,-1,0,-1,74400.0,286440.0,-1,-1,100,100,-1,-1,-1,w1,1,2015-06-03 00:00:00,-1,-1,37200,-1,-1,-1,-1,0,-1,0,-1,0,-1,100,-1,-1,0,-1,74400,-1,37200,0,260400,True,True,0,0,0,0,1,1
2015-06-02,2015-06-02 00:00:00,BP,Channel: 50 - Commercial,CUYAHOGA OH - BUCKEYE (PLANT 9178),DIESEL,37200,260400,0,7506,0,7506,7506,265300,0,w1,7506,0,265300,74400.0,286440.0,Available,Available,200,110,,,06/03 00:00:00 EDT,w1,0,2015-06-03 00:00:00,Contract,Contract,37200,37200,260400,41,42,0,0,0,0,0,0,0,0,0,0,0,37200,-1,74400,0,286440,False,False,0,0,0,0,0,0
2015-06-03,2015-06-03 00:00:00,BP,Channel: 50 - Commercial,CUYAHOGA OH - BUCKEYE (PLANT 9178),DIESEL,37200,260400,3,75633,0,15204,15204,15204,0,w2,15204,0,15204,74400.0,286440.0,Available,Available,200,110,,,06/04 00:00:00 EDT,w2,0,2015-06-10 00:00:00,Contract,Contract,37200,37200,260400,6036,6037,0,0,0,0,0,0,0,0,0,0,0,37200,-1,74400,0,286440,True,False,0,0,0,0,0,0
2015-06-04,2015-06-04 00:00:00,BP,Channel: 50 - Commercial,CUYAHOGA OH - BUCKEYE (PLANT 9178),DIESEL,37200,260400,3,90844,1,83244,22815,98448,0,w2,22815,0,98448,74400.0,286440.0,Available,Available,200,110,,,06/05 00:00:00 EDT,w2,0,2015-06-10 00:00:00,Contract,Contract,37200,37200,260400,8781,8782,0,0,0,0,0,0,0,0,0,0,0,37200,-1,74400,0,286440,True,False,0,0,0,0,0,0
2015-06-05,2015-06-05 00:00:00,BP,Channel: 50 - Commercial,CUYAHOGA OH - BUCKEYE (PLANT 9178),DIESEL,37200,260400,0,7603,1,75632,7603,174080,0,w2,7603,0,174080,74400.0,286440.0,Available,Available,200,110,,,06/06 00:00:00 EDT,w2,0,2015-06-10 00:00:00,Contract,Contract,37200,37200,260400,11463,11464,0,0,0,0,0,0,0,0,0,0,0,37200,-1,74400,0,286440,True,True,0,0,0,0,0,0
2015-06-06,2015-06-06 00:00:00,BP,Channel: 50 - Commercial,CUYAHOGA OH - BUCKEYE (PLANT 9178),DIESEL,37200,260400,0,-1,0,-1,-1,-1,0,w3,-1,0,-1,74400.0,286440.0,-1,-1,100,100,-1,-1,-1,w2,1,2015-06-10 00:00:00,-1,-1,37200,-1,-1,-1,-1,0,-1,0,-1,0,-1,100,-1,-1,0,-1,74400,-1,37200,0,260400,True,False,0,0,0,0,0,0
2015-06-07,2015-06-07 00:00:00,BP,Channel: 50 - Commercial,CUYAHOGA OH - BUCKEYE (PLANT 9178),DIESEL,37200,260400,0,-1,0,-1,-1,-1,0,w3,-1,0,-1,74400.0,286440.0,-1,-1,100,100,-1,-1,-1,w2,1,2015-06-10 00:00:00,-1,-1,37200,-1,-1,-1,-1,0,-1,0,-1,0,-1,100,-1,-1,0,-1,74400,-1,37200,0,260400,False,False,0,0,0,0,0,0
2015-06-08,2015-06-08 00:00:00,BP,Channel: 50 - Commercial,CUYAHOGA OH - BUCKEYE (PLANT 9178),DIESEL,37200,260400,0,0,0,0,0,257127,0,w3,0,0,257127,74400.0,286440.0,Available,Available,200,110,,,06/09 00:00:00 EDT,w2,0,2015-06-10 00:00:00,Contract,Contract,37200,37200,260400,13953,13954,0,0,0,0,0,0,0,0,0,0,0,37200,-1,74400,0,286440,False,False,0,0,0,0,0,0
2015-06-09,2015-06-09 00:00:00,BP,Channel: 50 - Commercial,CUYAHOGA OH - BUCKEYE (PLANT 9178),DIESEL,37200,260400,0,-1,0,-1,-1,-1,0,w4,-1,0,-1,74400.0,286440.0,-1,-1,100,100,-1,-1,-1,w2,1,2015-06-10 00:00:00,-1,-1,37200,-1,-1,-1,-1,0,-1,0,-1,0,-1,100,-1,-1,0,-1,74400,-1,37200,0,260400,True,False,0,0,0,0,0,0
2015-06-10,2015-06-10 00:00:00,BP,Channel: 50 - Commercial,CUYAHOGA OH - BUCKEYE (PLANT 9178),DIESEL,37200,260400,3,60660,0,0,0,0,0,w4,0,0,0,74400.0,286440.0,Available,Available,200,110,,,06/11 00:00:00 EDT,w3,0,2015-06-17 00:00:00,Contract,Contract,37200,37200,260400,20588,20589,0,0,0,0,0,0,0,0,0,0,0,37200,-1,74400,0,286440,False,False,60660,True,0,0,0,0
2015-06-11,2015-06-11 00:00:00,BP,Channel: 50 - Commercial,CUYAHOGA OH - BUCKEYE (PLANT 9178),DIESEL,37200,260400,0,37901,1,98561,37901,98561,0,w4,37901,0,98561,74400.0,286440.0,Available,Available,200,110,,,06/12 00:00:00 EDT,w3,0,2015-06-17 00:00:00,Contract,Contract,37200,37200,260400,23363,23364,0,0,0,0,0,0,0,0,0,0,0,37200,-1,74400,0,286440,False,True,98561,True,0,0,0,0
2015-06-12,2015-06-12 00:00:00,BP,Channel: 50 - Commercial,CUYAHOGA OH - BUCKEYE (PLANT 9178),DIESEL,37200,260400,4,91245,0,-1,-1,-1,4,w5,-1,0,189806,74400.0,286440.0,-1,-1,100,100,-1,-1,-1,w3,1,2015-06-17 00:00:00,-1,-1,37200,-1,-1,-1,-1,0,-1,0,-1,0,-1,100,-1,-1,0,-1,74400,-1,37200,0,260400,True,True,189806,True,0,0,0,0
2015-06-13,2015-06-13 00:00:00,BP,Channel: 50 - Commercial,CUYAHOGA OH - BUCKEYE (PLANT 9178),DIESEL,37200,260400,3,15105,0,15105,15105,204911,0,w5,15105,0,204911,74400.0,286440.0,Available,Available,200,110,,,06/14 00:00:00 EDT,w3,0,2015-06-17 00:00:00,Contract,Contract,37200,37200,260400,51047,51048,0,0,0,0,0,0,0,0,0,0,0,37200,-1,74400,0,286440,False,True,204911,True,0,0,0,0
2015-06-14,2015-06-14 00:00:00,BP,Channel: 50 - Commercial,CUYAHOGA OH - BUCKEYE (PLANT 9178),DIESEL,37200,260400,3,19842,0,19842,19842,224753,0,w5,19842,0,224753,74400.0,286440.0,Available,Available,200,110,,,06/15 00:00:00 EDT,w3,0,2015-06-17 00:00:00,Contract,Contract,37200,37200,260400,70831,70832,0,0,0,0,0,0,0,0,0,0,0,37200,-1,74400,0,286440,False,True,224753,True,0,0,0,0
2015-06-15,2015-06-15 00:00:00,BP,Channel: 50 - Commercial,CUYAHOGA OH - BUCKEYE (PLANT 9178),DIESEL,37200,260400,3,60679,0,60679,60679,285432,0,w5,60679,0,285432,74400.0,286440.0,Available,Available,200,110,,,06/16 00:00:00 EDT,w3,0,2015-06-17 00:00:00,Contract,Contract,37200,37200,260400,101453,101454,0,0,0,0,0,0,0,0,0,0,0,37200,-1,74400,0,286440,False,True,285432,True,0,0,0,0
2015-06-16,2015-06-16 00:00:00,BP,Channel: 50 - Commercial,CUYAHOGA OH - BUCKEYE (PLANT 9178),DIESEL,37200,260400,0,15203,0,15203,15203,300635,0,w5,15203,0,300635,74400.0,286440.0,Out,Out,200,110,,,06/17 00:00:00 EDT,w3,0,2015-06-17 00:00:00,Contract,Contract,37200,37200,260400,123669,123670,0,0,0,0,0,0,0,0,0,0,0,37200,-1,74400,0,286440,False,True,300635,True,0,0,0,0
2015-06-17,2015-06-17 00:00:00,BP,Channel: 50 - Commercial,CUYAHOGA OH - BUCKEYE (PLANT 9178),DIESEL,37200,260400,3,75815,0,75815,75815,75815,0,w6,75815,0,75815,74400.0,286440.0,Out,Out,200,110,,,06/18 00:00:00 EDT,w4,0,2015-06-24 00:00:00,Contract,Contract,37200,37200,260400,142277,142278,0,0,0,0,0,0,0,0,0,0,0,37200,-1,74400,0,286440,True,True,75815,True,0,0,0,0
2015-06-18,2015-06-18 00:00:00,BP,Channel: 50 - Commercial,CUYAHOGA OH - BUCKEYE (PLANT 9178),DIESEL,37200,260400,3,75929,0,75929,75929,151744,0,w6,75929,0,151744,74400.0,286440.0,Out,Out,200,110,,,06/19 00:00:00 EDT,w4,0,2015-06-24 00:00:00,Contract,Contract,37200,37200,260400,161075,161076,0,0,0,0,0,0,0,0,0,0,0,37200,-1,74400,0,286440,True,True,151744,True,0,0,0,0
2015-06-19,2015-06-19 00:00:00,BP,Channel: 50 - Commercial,CUYAHOGA OH - BUCKEYE (PLANT 9178),DIESEL,37200,260400,3,68141,0,68141,68141,219885,0,w6,68141,0,219885,74400.0,286440.0,Available,Available,200,110,,,06/20 00:00:00 EDT,w4,0,2015-06-24 00:00:00,Contract,Contract,37200,37200,260400,177479,177480,0,0,0,0,0,0,0,0,0,0,0,37200,-1,74400,0,286440,True,True,219885,True,0,0,0,0
2015-06-20,2015-06-20 00:00:00,BP,Channel: 50 - Commercial,CUYAHOGA OH - BUCKEYE (PLANT 9178),DIESEL,37200,260400,3,15399,0,15399,15399,235284,0,w6,15399,0,235284,74400.0,286440.0,Available,Available,200,110,,,06/21 00:00:00 EDT,w4,0,2015-06-24 00:00:00,Contract,Contract,37200,37200,260400,190952,190953,0,0,0,0,0,0,0,0,0,0,0,37200,-1,74400,0,286440,True,True,235284,True,0,0,0,0
2015-06-21,2015-06-21 00:00:00,BP,Channel: 50 - Commercial,CUYAHOGA OH - BUCKEYE (PLANT 9178),DIESEL,37200,260400,3,7604,0,7604,7604,242888,0,w6,7604,0,242888,74400.0,286440.0,Available,Available,200,110,,,06/22 00:00:00 EDT,w4,0,2015-06-24 00:00:00,Contract,Contract,37200,37200,260400,217294,217295,0,0,0,0,0,0,0,0,0,0,0,37200,-1,74400,0,286440,True,True,242888,True,0,0,0,0
2015-06-22,2015-06-22 00:00:00,BP,Channel: 50 - Commercial,CUYAHOGA OH - BUCKEYE (PLANT 9178),DIESEL,37200,260400,3,37606,0,37606,37606,280494,0,w6,37606,0,280494,74400.0,286440.0,Available,Available,200,110,,,06/23 00:00:00 EDT,w4,0,2015-06-24 00:00:00,Contract,Contract,37200,37200,260400,239283,239284,0,0,0,0,0,0,0,0,0,0,0,37200,-1,74400,0,286440,True,True,280494,True,0,0,0,0
2015-06-23,2015-06-23 00:00:00,BP,Channel: 50 - Commercial,CUYAHOGA OH - BUCKEYE (PLANT 9178),DIESEL,37200,260400,0,15105,0,15105,15105,295599,0,w6,15105,0,295599,74400.0,286440.0,Out,Out,200,110,,,06/24 00:00:00 EDT,w4,0,2015-06-24 00:00:00,Contract,Contract,37200,37200,260400,278174,278175,0,0,0,0,0,0,0,0,0,0,0,37200,-1,74400,0,286440,True,True,295599,True,0,0,0,0
2015-06-24,2015-06-24 00:00:00,BP,Channel: 50 - Commercial,CUYAHOGA OH - BUCKEYE (PLANT 9178),DIESEL,37200,260400,3,0,0,0,0,0,0,w7,0,0,0,74400.0,286440.0,Available,Available,200,110,,,06/25 00:00:00 EDT,w5,0,2015-07-01 00:00:00,Contract,Contract,37200,37200,270968,307358,307359,0,0,0,0,0,0,0,0,0,0,0,37200,-1,74400,0,286440,True,True,0,True,0,0,0,0
2015-06-25,2015-06-25 00:00:00,BP,Channel: 50 - Commercial,CUYAHOGA OH - BUCKEYE (PLANT 9178),DIESEL,37200,260400,3,0,0,0,0,0,0,w7,0,0,0,74400.0,286440.0,Available,Available,200,110,,,06/26 00:00:00 EDT,w5,0,2015-07-01 00:00:00,Contract,Contract,37200,37200,270968,338687,338688,0,0,0,0,0,0,0,0,0,0,0,37200,-1,74400,0,286440,True,True,0,True,0,0,0,0
2015-06-26,2015-06-26 00:00:00,BP,Channel: 50 - Commercial,CUYAHOGA OH - BUCKEYE (PLANT 9178),DIESEL,37200,260400,3,74026,0,74026,74026,74026,0,w7,74026,0,74026,74400.0,286440.0,Available,Available,200,110,,,06/27 00:00:00 EDT,w5,0,2015-07-01 00:00:00,Contract,Contract,37200,37200,270968,368995,368996,0,0,0,0,0,0,0,0,0,0,0,37200,-1,74400,0,286440,True,True,74026,True,0,0,0,0
2015-06-27,2015-06-27 00:00:00,BP,Channel: 50 - Commercial,CUYAHOGA OH - BUCKEYE (PLANT 9178),DIESEL,37200,260400,3,60625,0,60625,60625,134651,0,w7,60625,0,134651,74400.0,286440.0,Available,Available,200,110,,,06/28 00:00:00 EDT,w5,0,2015-07-01 00:00:00,Contract,Contract,37200,37200,270968,396077,396078,0,0,0,0,0,0,0,0,0,0,0,37200,-1,74400,0,286440,True,True,134651,True,0,0,0,0
2015-06-28,2015-06-28 00:00:00,BP,Channel: 50 - Commercial,CUYAHOGA OH - BUCKEYE (PLANT 9178),DIESEL,37200,260400,3,15115,0,15115,15115,149766,0,w7,15115,0,149766,74400.0,286440.0,Available,Available,200,110,,,06/29 00:00:00 EDT,w5,0,2015-07-01 00:00:00,Contract,Contract,37200,37200,270968,420438,420439,0,0,0,0,0,0,0,0,0,0,0,37200,-1,74400,0,286440,True,True,149766,True,0,0,0,0
2015-06-29,2015-06-29 00:00:00,BP,Channel: 50 - Commercial,CUYAHOGA OH - BUCKEYE (PLANT 9178),DIESEL,37200,260400,3,60635,0,60635,60635,210401,0,w7,60635,0,210401,74400.0,286440.0,Available,Available,200,110,,,06/30 00:00:00 EDT,w5,0,2015-07-01 00:00:00,Contract,Contract,37200,37200,270968,451254,451255,0,0,0,0,0,0,0,0,0,0,0,37200,-1,74400,0,286440,True,True,210401,True,0,0,0,0
2015-06-30,2015-06-30 00:00:00,BP,Channel: 50 - Commercial,CUYAHOGA OH - BUCKEYE (PLANT 9178),DIESEL,37200,260400,0,53071,0,53071,53071,263472,0,w7,53071,0,263472,74400.0,286440.0,Available,Available,200,110,,,07/01 00:00:00 EDT,w5,0,2015-07-01 00:00:00,Contract,Contract,38710,38710,270968,477918,477919,0,0,0,0,0,0,0,0,0,0,0,37200,-1,74400,0,286440,True,True,263472,True,0,0,0,0
