,date,supplier_name,account_type,supplier_terminal_name,product_name,base_gallons_Daily,base_gallons_Weekly,lifted_gallons_daily_flag,lifted_gallons_daily_modified,Modified_WeeksByLiftedGallons,lifted_gallons_modified_WeeksByLiftedGallons,lifted_gallons_Daily,Lifted_actual_weekly,lifted_gallons_weekly_flag,WeeksByLiftedGallons,lifted_gallonsWeekly_modified_aposteriori,Modified_LiftedGallonsaposteriori,lifted_gallons_Weekly,beginning_gallons_Daily,beginning_gallons_Weekly,en_allocation_status_Daily,en_allocation_status_Weekly,percentage_allocation_Daily,percentage_allocation_Weekly,alerts_ratability_Daily,alerts_ratability_Weekly,next_refresh_date_Daily,Week_switch,Modified_NRD,next_refresh_date_Weekly,en_account_type_Daily,en_account_type_Weekly,NRB_Daily,next_refresh_base_gallons_Daily,next_refresh_base_gallons_Weekly,staging_id_Daily,staging_id_Weekly,base_gallons_Monthly,Lifted_actual_monthly,lifted_gallons_monthly_flag,lifted_gallons_Monthly,beginning_gallons_Monthly,en_allocation_status_Monthly,percentage_allocation_Monthly,alerts_ratability_Monthly,next_refresh_date_Monthly,NRB_Monthly,next_refresh_base_gallons_Monthly,base_gallons_Daily_Reconciled,base_gallons_Monthly_Reconciled,beginning_gallons_Daily_Reconciled,beginning_gallons_Monthly_Reconciled,beginning_gallons_Weekly_Reconciled,sanityWeekly_CumulativeDaily_WeeksByLiftedGallons,sanityWeekly_CumulativeDaily_NextRefreshDate,computedWeekly,sanityComputedWeekly,computedMonthly,sanityComputedMonthly,sanityMonthly_CumulativeDaily_WeeksByLiftedGallons,sanityMonthly_CumulativeDaily_WeeksByNextRefreshDate
2015-06-01,2015-06-01 00:00:00,BP,Channel: 50 - Commercial,CORALVILLE IA - MAGELLAN (PLANT 3385),DIESEL,-1,270968,0,-1,0,-1,-1,-1,0,w1,-1,0,-1,-1.0,298065.0,-1,-1,100,100,-1,-1,-1,w1,1,2015-06-03 00:00:00,-1,-1,-1,-1,-1,-1,-1,0,-1,0,-1,0,-1,100,-1,-1,0,-1,-1,-1,-1,0,270968,True,True,0,0,0,0,1,1
2015-06-02,2015-06-02 00:00:00,BP,Channel: 50 - Commercial,CORALVILLE IA - MAGELLAN (PLANT 3385),DIESEL,-1,270968,0,-1,0,-1,-1,59213,0,w1,-1,0,59213,-1.0,298065.0,-1,Available,100,110,-1,,-1,w1,0,2015-06-03 00:00:00,-1,Contract,-1,-1,270968,-1,40,0,0,0,0,0,0,0,0,0,0,0,-1,-1,-1,0,298065,False,False,0,0,0,0,0,0
2015-06-03,2015-06-03 00:00:00,BP,Channel: 50 - Commercial,CORALVILLE IA - MAGELLAN (PLANT 3385),DIESEL,-1,270968,3,0,1,0,-1,0,0,w2,-1,0,0,-1.0,298065.0,-1,Available,100,110,-1,,-1,w2,0,2015-06-10 00:00:00,-1,Contract,-1,-1,270968,-1,6035,0,0,0,0,0,0,0,0,0,0,0,-1,-1,-1,0,298065,True,True,0,0,0,0,0,0
2015-06-04,2015-06-04 00:00:00,BP,Channel: 50 - Commercial,CORALVILLE IA - MAGELLAN (PLANT 3385),DIESEL,-1,270968,0,-1,1,0,-1,0,0,w2,-1,0,0,-1.0,298065.0,-1,Available,100,110,-1,,-1,w2,0,2015-06-10 00:00:00,-1,Contract,-1,-1,270968,-1,8780,0,0,0,0,0,0,0,0,0,0,0,-1,-1,-1,0,298065,True,False,0,0,0,0,0,0
2015-06-05,2015-06-05 00:00:00,BP,Channel: 50 - Commercial,CORALVILLE IA - MAGELLAN (PLANT 3385),DIESEL,-1,270968,0,-1,1,7401,-1,7401,0,w2,-1,0,7401,-1.0,298065.0,-1,Available,100,110,-1,,-1,w2,0,2015-06-10 00:00:00,-1,Contract,-1,-1,270968,-1,11462,0,0,0,0,0,0,0,0,0,0,0,-1,-1,-1,0,298065,True,False,0,0,0,0,0,0
2015-06-06,2015-06-06 00:00:00,BP,Channel: 50 - Commercial,CORALVILLE IA - MAGELLAN (PLANT 3385),DIESEL,-1,270968,0,-1,0,-1,-1,-1,0,w3,-1,0,-1,-1.0,298065.0,-1,-1,100,100,-1,-1,-1,w2,1,2015-06-10 00:00:00,-1,-1,-1,-1,-1,-1,-1,0,-1,0,-1,0,-1,100,-1,-1,0,-1,-1,-1,-1,0,270968,True,False,0,0,0,0,0,0
2015-06-07,2015-06-07 00:00:00,BP,Channel: 50 - Commercial,CORALVILLE IA - MAGELLAN (PLANT 3385),DIESEL,-1,270968,0,-1,0,-1,-1,-1,0,w3,-1,0,-1,-1.0,298065.0,-1,-1,100,100,-1,-1,-1,w2,1,2015-06-10 00:00:00,-1,-1,-1,-1,-1,-1,-1,0,-1,0,-1,0,-1,100,-1,-1,0,-1,-1,-1,-1,0,270968,False,False,0,0,0,0,0,0
2015-06-08,2015-06-08 00:00:00,BP,Channel: 50 - Commercial,CORALVILLE IA - MAGELLAN (PLANT 3385),DIESEL,-1,270968,0,-1,0,-1,-1,29707,0,w3,-1,0,29707,-1.0,298065.0,-1,Available,100,110,-1,,-1,w2,0,2015-06-10 00:00:00,-1,Contract,-1,-1,270968,-1,13952,0,0,0,0,0,0,0,0,0,0,0,-1,-1,-1,0,298065,False,False,0,0,0,0,0,0
2015-06-09,2015-06-09 00:00:00,BP,Channel: 50 - Commercial,CORALVILLE IA - MAGELLAN (PLANT 3385),DIESEL,-1,270968,0,-1,0,-1,-1,-1,0,w4,-1,0,-1,-1.0,298065.0,-1,-1,100,100,-1,-1,-1,w2,1,2015-06-10 00:00:00,-1,-1,-1,-1,-1,-1,-1,0,-1,0,-1,0,-1,100,-1,-1,0,-1,-1,-1,-1,0,270968,True,False,0,0,0,0,0,0
2015-06-10,2015-06-10 00:00:00,BP,Channel: 50 - Commercial,CORALVILLE IA - MAGELLAN (PLANT 3385),DIESEL,-1,270968,0,-1,0,-1,-1,-1,0,w4,-1,0,-1,-1.0,298065.0,-1,-1,100,100,-1,-1,-1,w3,1,2015-06-17 00:00:00,-1,-1,-1,-1,-1,-1,-1,0,-1,0,-1,0,-1,100,-1,-1,0,-1,-1,-1,-1,0,270968,False,True,0,0,0,0,0,0
2015-06-11,2015-06-11 00:00:00,BP,Channel: 50 - Commercial,CORALVILLE IA - MAGELLAN (PLANT 3385),DIESEL,-1,270968,0,-1,0,-1,-1,-1,0,w4,-1,0,-1,-1.0,298065.0,-1,-1,100,100,-1,-1,-1,w3,1,2015-06-17 00:00:00,-1,-1,-1,-1,-1,-1,-1,0,-1,0,-1,0,-1,100,-1,-1,0,-1,-1,-1,-1,0,270968,False,False,0,0,0,0,0,0
2015-06-12,2015-06-12 00:00:00,BP,Channel: 50 - Commercial,CORALVILLE IA - MAGELLAN (PLANT 3385),DIESEL,-1,270968,0,-1,0,-1,-1,-1,0,w4,-1,0,-1,-1.0,298065.0,-1,-1,100,100,-1,-1,-1,w3,1,2015-06-17 00:00:00,-1,-1,-1,-1,-1,-1,-1,0,-1,0,-1,0,-1,100,-1,-1,0,-1,-1,-1,-1,0,270968,False,False,0,0,0,0,0,0
2015-06-13,2015-06-13 00:00:00,BP,Channel: 50 - Commercial,CORALVILLE IA - MAGELLAN (PLANT 3385),DIESEL,-1,270968,0,-1,0,-1,-1,0,0,w4,-1,0,0,-1.0,298065.0,-1,Available,100,110,-1,,-1,w3,0,2015-06-17 00:00:00,-1,Contract,-1,-1,270968,-1,51046,0,0,0,0,0,0,0,0,0,0,0,-1,-1,-1,0,298065,False,False,0,0,0,0,0,0
2015-06-14,2015-06-14 00:00:00,BP,Channel: 50 - Commercial,CORALVILLE IA - MAGELLAN (PLANT 3385),DIESEL,-1,270968,0,-1,1,0,-1,0,0,w4,-1,0,0,-1.0,298065.0,-1,Available,100,110,-1,,-1,w3,0,2015-06-17 00:00:00,-1,Contract,-1,-1,270968,-1,70830,0,0,0,0,0,0,0,0,0,0,0,-1,-1,-1,0,298065,False,False,0,0,0,0,0,0
2015-06-15,2015-06-15 00:00:00,BP,Channel: 50 - Commercial,CORALVILLE IA - MAGELLAN (PLANT 3385),DIESEL,-1,270968,0,-1,1,0,-1,0,0,w4,-1,0,0,-1.0,298065.0,-1,Available,100,110,-1,,-1,w3,0,2015-06-17 00:00:00,-1,Contract,-1,-1,270968,-1,101452,0,0,0,0,0,0,0,0,0,0,0,-1,-1,-1,0,298065,False,False,0,0,0,0,0,0
2015-06-16,2015-06-16 00:00:00,BP,Channel: 50 - Commercial,CORALVILLE IA - MAGELLAN (PLANT 3385),DIESEL,-1,270968,0,-1,1,0,-1,0,0,w4,-1,0,0,-1.0,298065.0,-1,Available,100,110,-1,,-1,w3,0,2015-06-17 00:00:00,-1,Contract,-1,-1,270968,-1,123668,0,0,0,0,0,0,0,0,0,0,0,-1,-1,-1,0,298065,False,False,0,0,0,0,0,0
2015-06-17,2015-06-17 00:00:00,BP,Channel: 50 - Commercial,CORALVILLE IA - MAGELLAN (PLANT 3385),DIESEL,-1,270968,3,0,1,0,-1,0,0,w4,-1,0,0,-1.0,298065.0,-1,Available,100,110,-1,,-1,w4,0,2015-06-24 00:00:00,-1,Contract,-1,-1,270968,-1,142276,0,0,0,0,0,0,0,0,0,0,0,-1,-1,-1,0,298065,False,True,0,0,0,0,0,0
2015-06-18,2015-06-18 00:00:00,BP,Channel: 50 - Commercial,CORALVILLE IA - MAGELLAN (PLANT 3385),DIESEL,-1,270968,0,-1,1,0,-1,0,0,w4,-1,0,0,-1.0,298065.0,-1,Available,100,110,-1,,-1,w4,0,2015-06-24 00:00:00,-1,Contract,-1,-1,270968,-1,161074,0,0,0,0,0,0,0,0,0,0,0,-1,-1,-1,0,298065,False,False,0,0,0,0,0,0
2015-06-19,2015-06-19 00:00:00,BP,Channel: 50 - Commercial,CORALVILLE IA - MAGELLAN (PLANT 3385),DIESEL,-1,270968,0,-1,1,0,-1,0,0,w4,-1,0,0,-1.0,298065.0,-1,Available,100,110,-1,,-1,w4,0,2015-06-24 00:00:00,-1,Contract,-1,-1,270968,-1,177478,0,0,0,0,0,0,0,0,0,0,0,-1,-1,-1,0,298065,False,False,0,0,0,0,0,0
2015-06-20,2015-06-20 00:00:00,BP,Channel: 50 - Commercial,CORALVILLE IA - MAGELLAN (PLANT 3385),DIESEL,-1,270968,0,-1,1,0,-1,0,0,w4,-1,0,0,-1.0,298065.0,-1,Available,100,110,-1,,-1,w4,0,2015-06-24 00:00:00,-1,Contract,-1,-1,270968,-1,190951,0,0,0,0,0,0,0,0,0,0,0,-1,-1,-1,0,298065,False,False,0,0,0,0,0,0
2015-06-21,2015-06-21 00:00:00,BP,Channel: 50 - Commercial,CORALVILLE IA - MAGELLAN (PLANT 3385),DIESEL,-1,270968,0,-1,1,0,-1,0,0,w4,-1,0,0,-1.0,298065.0,-1,Available,100,110,-1,,-1,w4,0,2015-06-24 00:00:00,-1,Contract,-1,-1,270968,-1,217293,0,0,0,0,0,0,0,0,0,0,0,-1,-1,-1,0,298065,False,False,0,0,0,0,0,0
2015-06-22,2015-06-22 00:00:00,BP,Channel: 50 - Commercial,CORALVILLE IA - MAGELLAN (PLANT 3385),DIESEL,-1,270968,0,-1,1,0,-1,0,0,w4,-1,0,0,-1.0,298065.0,-1,Available,100,110,-1,,-1,w4,0,2015-06-24 00:00:00,-1,Contract,-1,-1,270968,-1,239282,0,0,0,0,0,0,0,0,0,0,0,-1,-1,-1,0,298065,False,False,0,0,0,0,0,0
2015-06-23,2015-06-23 00:00:00,BP,Channel: 50 - Commercial,CORALVILLE IA - MAGELLAN (PLANT 3385),DIESEL,-1,270968,0,-1,1,0,-1,0,0,w4,-1,0,0,-1.0,298065.0,-1,Available,100,110,-1,,-1,w4,0,2015-06-24 00:00:00,-1,Contract,-1,-1,270968,-1,278173,0,0,0,0,0,0,0,0,0,0,0,-1,-1,-1,0,298065,False,False,0,0,0,0,0,0
2015-06-24,2015-06-24 00:00:00,BP,Channel: 50 - Commercial,CORALVILLE IA - MAGELLAN (PLANT 3385),DIESEL,-1,270968,3,0,1,0,-1,0,0,w4,-1,0,0,-1.0,298065.0,-1,Available,100,110,-1,,-1,w5,0,2015-07-01 00:00:00,-1,Contract,-1,-1,270968,-1,307357,0,0,0,0,0,0,0,0,0,0,0,-1,-1,-1,0,298065,False,True,0,0,0,0,0,0
2015-06-25,2015-06-25 00:00:00,BP,Channel: 50 - Commercial,CORALVILLE IA - MAGELLAN (PLANT 3385),DIESEL,-1,270968,0,-1,1,0,-1,0,0,w4,-1,0,0,-1.0,298065.0,-1,Available,100,110,-1,,-1,w5,0,2015-07-01 00:00:00,-1,Contract,-1,-1,270968,-1,338686,0,0,0,0,0,0,0,0,0,0,0,-1,-1,-1,0,298065,False,False,0,0,0,0,0,0
2015-06-26,2015-06-26 00:00:00,BP,Channel: 50 - Commercial,CORALVILLE IA - MAGELLAN (PLANT 3385),DIESEL,-1,270968,0,-1,1,0,-1,0,0,w4,-1,0,0,-1.0,298065.0,-1,Available,100,110,-1,,-1,w5,0,2015-07-01 00:00:00,-1,Contract,-1,-1,270968,-1,368994,0,0,0,0,0,0,0,0,0,0,0,-1,-1,-1,0,298065,False,False,0,0,0,0,0,0
2015-06-27,2015-06-27 00:00:00,BP,Channel: 50 - Commercial,CORALVILLE IA - MAGELLAN (PLANT 3385),DIESEL,-1,270968,0,-1,1,0,-1,0,0,w4,-1,0,0,-1.0,298065.0,-1,Available,100,110,-1,,-1,w5,0,2015-07-01 00:00:00,-1,Contract,-1,-1,270968,-1,396076,0,0,0,0,0,0,0,0,0,0,0,-1,-1,-1,0,298065,False,False,0,0,0,0,0,0
2015-06-28,2015-06-28 00:00:00,BP,Channel: 50 - Commercial,CORALVILLE IA - MAGELLAN (PLANT 3385),DIESEL,-1,270968,0,-1,1,0,-1,0,0,w4,-1,0,0,-1.0,298065.0,-1,Available,100,110,-1,,-1,w5,0,2015-07-01 00:00:00,-1,Contract,-1,-1,270968,-1,420437,0,0,0,0,0,0,0,0,0,0,0,-1,-1,-1,0,298065,False,False,0,0,0,0,0,0
2015-06-29,2015-06-29 00:00:00,BP,Channel: 50 - Commercial,CORALVILLE IA - MAGELLAN (PLANT 3385),DIESEL,-1,270968,0,-1,1,0,-1,0,0,w4,-1,0,0,-1.0,298065.0,-1,Available,100,110,-1,,-1,w5,0,2015-07-01 00:00:00,-1,Contract,-1,-1,270968,-1,451253,0,0,0,0,0,0,0,0,0,0,0,-1,-1,-1,0,298065,False,False,0,0,0,0,0,0
2015-06-30,2015-06-30 00:00:00,BP,Channel: 50 - Commercial,CORALVILLE IA - MAGELLAN (PLANT 3385),DIESEL,-1,270968,0,-1,0,-1,-1,-1,0,w5,-1,0,-1,-1.0,298065.0,-1,-1,100,100,-1,-1,-1,w5,1,2015-07-01 00:00:00,-1,-1,-1,-1,-1,-1,-1,0,-1,0,-1,0,-1,100,-1,-1,0,-1,-1,-1,-1,0,270968,True,False,0,0,0,0,0,0
