,date,supplier_name,account_type,supplier_terminal_name,product_name,base_gallons_Daily,base_gallons_Weekly,lifted_gallons_daily_flag,lifted_gallons_daily_modified,Modified_WeeksByLiftedGallons,lifted_gallons_modified_WeeksByLiftedGallons,lifted_gallons_Daily,Lifted_actual_weekly,lifted_gallons_weekly_flag,WeeksByLiftedGallons,lifted_gallonsWeekly_modified_aposteriori,Modified_LiftedGallonsaposteriori,lifted_gallons_Weekly,beginning_gallons_Daily,beginning_gallons_Weekly,en_allocation_status_Daily,en_allocation_status_Weekly,percentage_allocation_Daily,percentage_allocation_Weekly,alerts_ratability_Daily,alerts_ratability_Weekly,next_refresh_date_Daily,Week_switch,Modified_NRD,next_refresh_date_Weekly,en_account_type_Daily,en_account_type_Weekly,NRB_Daily,next_refresh_base_gallons_Daily,next_refresh_base_gallons_Weekly,staging_id_Daily,staging_id_Weekly,base_gallons_Monthly,Lifted_actual_monthly,lifted_gallons_monthly_flag,lifted_gallons_Monthly,beginning_gallons_Monthly,en_allocation_status_Monthly,percentage_allocation_Monthly,alerts_ratability_Monthly,next_refresh_date_Monthly,NRB_Monthly,next_refresh_base_gallons_Monthly,base_gallons_Daily_Reconciled,base_gallons_Monthly_Reconciled,beginning_gallons_Daily_Reconciled,beginning_gallons_Monthly_Reconciled,beginning_gallons_Weekly_Reconciled,sanityWeekly_CumulativeDaily_WeeksByLiftedGallons,sanityWeekly_CumulativeDaily_NextRefreshDate,computedWeekly,sanityComputedWeekly,computedMonthly,sanityComputedMonthly,sanityMonthly_CumulativeDaily_WeeksByLiftedGallons,sanityMonthly_CumulativeDaily_WeeksByNextRefreshDate
2015-06-01,2015-06-01 00:00:00,BP,Channel: 50 - Commercial,RIVER ROUGE MI - BUCKEYE (PLANT 9123),REGULAR,33990,237931,0,-1,0,-1,-1,-1,0,w1,-1,0,-1,67980.0,237931.0,-1,-1,100,100,-1,-1,-1,w1,1,2015-06-03 00:00:00,-1,-1,33990,-1,-1,-1,-1,0,-1,0,-1,0,-1,100,-1,-1,0,-1,67980,-1,33990,0,237931,True,True,0,0,0,0,1,1
2015-06-02,2015-06-02 00:00:00,BP,Channel: 50 - Commercial,RIVER ROUGE MI - BUCKEYE (PLANT 9123),REGULAR,33990,237931,0,12001,0,12001,12001,240327,0,w1,12001,0,240327,67980.0,261724.0,Available,Available,200,110,,,06/03 00:00:00 EDT,w1,0,2015-06-03 00:00:00,Contract,Contract,33990,33990,237931,60,61,0,0,0,0,0,0,0,0,0,0,0,33990,-1,67980,0,261724,False,False,0,0,0,0,0,0
2015-06-03,2015-06-03 00:00:00,BP,Channel: 50 - Commercial,RIVER ROUGE MI - BUCKEYE (PLANT 9123),REGULAR,33990,237931,3,41101,0,0,0,0,0,w2,0,0,0,67980.0,237931.0,Available,Available,200,100,,,06/04 00:00:00 EDT,w2,0,2015-06-10 00:00:00,Contract,Contract,33990,33990,237931,6055,6056,0,0,0,0,0,0,0,0,0,0,0,33990,-1,67980,0,237931,True,False,0,0,0,0,0,0
2015-06-04,2015-06-04 00:00:00,BP,Channel: 50 - Commercial,RIVER ROUGE MI - BUCKEYE (PLANT 9123),REGULAR,33990,237931,3,53595,1,55603,14502,55603,0,w2,14502,0,55603,67980.0,237931.0,Available,Available,200,100,,,06/05 00:00:00 EDT,w2,0,2015-06-10 00:00:00,Contract,Contract,33990,33990,237931,8795,8796,0,0,0,0,0,0,0,0,0,0,0,33990,-1,67980,0,237931,True,False,0,0,0,0,0,0
2015-06-05,2015-06-05 00:00:00,BP,Channel: 50 - Commercial,RIVER ROUGE MI - BUCKEYE (PLANT 9123),REGULAR,33990,237931,0,24298,1,63391,24298,118994,0,w2,24298,0,118994,67980.0,237931.0,Available,Available,200,100,,,06/06 00:00:00 EDT,w2,0,2015-06-10 00:00:00,Contract,Contract,33990,33990,237931,11477,11478,0,0,0,0,0,0,0,0,0,0,0,33990,-1,67980,0,237931,True,True,0,0,0,0,0,0
2015-06-06,2015-06-06 00:00:00,BP,Channel: 50 - Commercial,RIVER ROUGE MI - BUCKEYE (PLANT 9123),REGULAR,33990,237931,0,-1,0,-1,-1,-1,0,w3,-1,0,-1,67980.0,237931.0,-1,-1,100,100,-1,-1,-1,w2,1,2015-06-10 00:00:00,-1,-1,33990,-1,-1,-1,-1,0,-1,0,-1,0,-1,100,-1,-1,0,-1,67980,-1,33990,0,237931,True,False,0,0,0,0,0,0
2015-06-07,2015-06-07 00:00:00,BP,Channel: 50 - Commercial,RIVER ROUGE MI - BUCKEYE (PLANT 9123),REGULAR,33990,237931,0,-1,0,-1,-1,-1,0,w3,-1,0,-1,67980.0,237931.0,-1,-1,100,100,-1,-1,-1,w2,1,2015-06-10 00:00:00,-1,-1,33990,-1,-1,-1,-1,0,-1,0,-1,0,-1,100,-1,-1,0,-1,67980,-1,33990,0,237931,False,False,0,0,0,0,0,0
2015-06-08,2015-06-08 00:00:00,BP,Channel: 50 - Commercial,RIVER ROUGE MI - BUCKEYE (PLANT 9123),REGULAR,33990,237931,0,0,0,0,0,246748,0,w3,0,0,246748,67980.0,237931.0,Out,Out,200,100,,,06/09 00:00:00 EDT,w2,0,2015-06-10 00:00:00,Contract,Contract,33990,33990,237931,13971,13972,0,0,0,0,0,0,0,0,0,0,0,33990,-1,67980,0,237931,False,False,0,0,0,0,0,0
2015-06-09,2015-06-09 00:00:00,BP,Channel: 50 - Commercial,RIVER ROUGE MI - BUCKEYE (PLANT 9123),REGULAR,33990,237931,0,-1,0,-1,-1,-1,0,w4,-1,0,-1,67980.0,237931.0,-1,-1,100,100,-1,-1,-1,w2,1,2015-06-10 00:00:00,-1,-1,33990,-1,-1,-1,-1,0,-1,0,-1,0,-1,100,-1,-1,0,-1,67980,-1,33990,0,237931,True,False,0,0,0,0,0,0
2015-06-10,2015-06-10 00:00:00,BP,Channel: 50 - Commercial,RIVER ROUGE MI - BUCKEYE (PLANT 9123),REGULAR,33990,237931,3,0,0,0,0,0,0,w4,0,0,0,67980.0,237931.0,Available,Available,200,100,,,06/11 00:00:00 EDT,w3,0,2015-06-17 00:00:00,Contract,Contract,33990,33990,237931,20606,20607,0,0,0,0,0,0,0,0,0,0,0,33990,-1,67980,0,237931,False,True,0,True,0,0,0,0
2015-06-11,2015-06-11 00:00:00,BP,Channel: 50 - Commercial,RIVER ROUGE MI - BUCKEYE (PLANT 9123),REGULAR,33990,237931,0,0,0,0,0,0,0,w4,0,0,0,67980.0,237931.0,Available,Available,200,100,,,06/12 00:00:00 EDT,w3,0,2015-06-17 00:00:00,Contract,Contract,33990,33990,237931,23381,23382,0,0,0,0,0,0,0,0,0,0,0,33990,-1,67980,0,237931,False,True,0,True,0,0,0,0
2015-06-12,2015-06-12 00:00:00,BP,Channel: 50 - Commercial,RIVER ROUGE MI - BUCKEYE (PLANT 9123),REGULAR,33990,237931,4,105521,0,-1,-1,-1,4,w5,-1,0,105521,67980.0,237931.0,-1,-1,100,100,-1,-1,-1,w3,1,2015-06-17 00:00:00,-1,-1,33990,-1,-1,-1,-1,0,-1,0,-1,0,-1,100,-1,-1,0,-1,67980,-1,33990,0,237931,True,True,105521,True,0,0,0,0
2015-06-13,2015-06-13 00:00:00,BP,Channel: 50 - Commercial,RIVER ROUGE MI - BUCKEYE (PLANT 9123),REGULAR,33990,237931,3,41855,0,41855,41855,147376,0,w5,41855,0,147376,67980.0,237931.0,Available,Available,200,100,,,06/14 00:00:00 EDT,w3,0,2015-06-17 00:00:00,Contract,Contract,33990,33990,237931,51065,51066,0,0,0,0,0,0,0,0,0,0,0,33990,-1,67980,0,237931,False,True,147376,True,0,0,0,0
2015-06-14,2015-06-14 00:00:00,BP,Channel: 50 - Commercial,RIVER ROUGE MI - BUCKEYE (PLANT 9123),REGULAR,33990,237931,3,56898,0,56898,56898,204274,0,w5,56898,0,204274,67980.0,237931.0,Available,Available,200,100,,,06/15 00:00:00 EDT,w3,0,2015-06-17 00:00:00,Contract,Contract,33990,33990,237931,70849,70850,0,0,0,0,0,0,0,0,0,0,0,33990,-1,67980,0,237931,False,True,204274,True,0,0,0,0
2015-06-15,2015-06-15 00:00:00,BP,Channel: 50 - Commercial,RIVER ROUGE MI - BUCKEYE (PLANT 9123),REGULAR,33990,237931,3,25101,0,25101,25101,229375,0,w5,25101,0,229375,67980.0,237931.0,Available,Available,200,100,,,06/16 00:00:00 EDT,w3,0,2015-06-17 00:00:00,Contract,Contract,33990,33990,237931,101467,101468,0,0,0,0,0,0,0,0,0,0,0,33990,-1,67980,0,237931,False,True,229375,True,0,0,0,0
2015-06-16,2015-06-16 00:00:00,BP,Channel: 50 - Commercial,RIVER ROUGE MI - BUCKEYE (PLANT 9123),REGULAR,33990,237931,0,9998,0,9998,9998,239373,0,w5,9998,0,239373,67980.0,237931.0,Out,Out,200,100,,,06/17 00:00:00 EDT,w3,0,2015-06-17 00:00:00,Contract,Contract,33990,33990,237931,123684,123685,0,0,0,0,0,0,0,0,0,0,0,33990,-1,67980,0,237931,False,True,239373,True,0,0,0,0
2015-06-17,2015-06-17 00:00:00,BP,Channel: 50 - Commercial,RIVER ROUGE MI - BUCKEYE (PLANT 9123),REGULAR,33990,237931,3,71365,0,71365,71365,71365,0,w6,71365,0,71365,67980.0,237931.0,Out,Out,200,100,,,06/18 00:00:00 EDT,w4,0,2015-06-24 00:00:00,Contract,Contract,33990,33990,237931,142292,142293,0,0,0,0,0,0,0,0,0,0,0,33990,-1,67980,0,237931,True,True,71365,True,0,0,0,0
2015-06-18,2015-06-18 00:00:00,BP,Channel: 50 - Commercial,RIVER ROUGE MI - BUCKEYE (PLANT 9123),REGULAR,33990,237931,3,49197,0,49197,49197,120562,0,w6,49197,0,120562,67980.0,237931.0,Available,Available,200,100,,,06/19 00:00:00 EDT,w4,0,2015-06-24 00:00:00,Contract,Contract,33990,33990,237931,161090,161091,0,0,0,0,0,0,0,0,0,0,0,33990,-1,67980,0,237931,True,True,120562,True,0,0,0,0
2015-06-19,2015-06-19 00:00:00,BP,Channel: 50 - Commercial,RIVER ROUGE MI - BUCKEYE (PLANT 9123),REGULAR,33990,237931,3,42396,0,42396,42396,162958,0,w6,42396,0,162958,67980.0,237931.0,Available,Available,200,100,,,06/20 00:00:00 EDT,w4,0,2015-06-24 00:00:00,Contract,Contract,33990,33990,237931,177494,177495,0,0,0,0,0,0,0,0,0,0,0,33990,-1,67980,0,237931,True,True,162958,True,0,0,0,0
2015-06-20,2015-06-20 00:00:00,BP,Channel: 50 - Commercial,RIVER ROUGE MI - BUCKEYE (PLANT 9123),REGULAR,33990,237931,3,54295,0,54295,54295,217253,0,w6,54295,0,217253,67980.0,237931.0,Available,Available,200,100,,,06/21 00:00:00 EDT,w4,0,2015-06-24 00:00:00,Contract,Contract,33990,33990,237931,190970,190971,0,0,0,0,0,0,0,0,0,0,0,33990,-1,67980,0,237931,True,True,217253,True,0,0,0,0
2015-06-21,2015-06-21 00:00:00,BP,Channel: 50 - Commercial,RIVER ROUGE MI - BUCKEYE (PLANT 9123),REGULAR,33990,237931,3,22406,0,22406,22406,239659,0,w6,22406,0,239659,67980.0,237931.0,Out,Out,200,100,,,06/22 00:00:00 EDT,w4,0,2015-06-24 00:00:00,Contract,Contract,33990,33990,237931,217312,217313,0,0,0,0,0,0,0,0,0,0,0,33990,-1,67980,0,237931,True,True,239659,True,0,0,0,0
2015-06-22,2015-06-22 00:00:00,BP,Channel: 50 - Commercial,RIVER ROUGE MI - BUCKEYE (PLANT 9123),REGULAR,33990,237931,3,6809,0,6809,6809,246468,0,w6,6809,0,246468,67980.0,261724.0,Available,Available,200,110,,,06/23 00:00:00 EDT,w4,0,2015-06-24 00:00:00,Contract,Contract,33990,33990,237931,239297,239298,0,0,0,0,0,0,0,0,0,0,0,33990,-1,67980,0,261724,True,True,246468,True,0,0,0,0
2015-06-23,2015-06-23 00:00:00,BP,Channel: 50 - Commercial,RIVER ROUGE MI - BUCKEYE (PLANT 9123),REGULAR,33990,237931,0,13396,0,13396,13396,259864,0,w6,13396,0,259864,67980.0,261724.0,Available,Available,200,110,,,06/24 00:00:00 EDT,w4,0,2015-06-24 00:00:00,Contract,Contract,33990,33990,237931,278188,278189,0,0,0,0,0,0,0,0,0,0,0,33990,-1,67980,0,261724,True,True,259864,True,0,0,0,0
2015-06-24,2015-06-24 00:00:00,BP,Channel: 50 - Commercial,RIVER ROUGE MI - BUCKEYE (PLANT 9123),REGULAR,33990,237931,3,25895,0,25895,25895,25895,0,w7,25895,0,25895,67980.0,261724.0,Available,Available,200,110,,,06/25 00:00:00 EDT,w5,0,2015-07-01 00:00:00,Contract,Contract,33990,33990,233439,307372,307373,0,0,0,0,0,0,0,0,0,0,0,33990,-1,67980,0,261724,True,True,25895,True,0,0,0,0
2015-06-25,2015-06-25 00:00:00,BP,Channel: 50 - Commercial,RIVER ROUGE MI - BUCKEYE (PLANT 9123),REGULAR,33990,237931,3,36098,0,36098,36098,61993,0,w7,36098,0,61993,67980.0,261724.0,Available,Available,200,110,,,06/26 00:00:00 EDT,w5,0,2015-07-01 00:00:00,Contract,Contract,33990,33990,233439,338702,338703,0,0,0,0,0,0,0,0,0,0,0,33990,-1,67980,0,261724,True,True,61993,True,0,0,0,0
2015-06-26,2015-06-26 00:00:00,BP,Channel: 50 - Commercial,RIVER ROUGE MI - BUCKEYE (PLANT 9123),REGULAR,33990,237931,3,61599,0,61599,61599,123592,0,w7,61599,0,123592,67980.0,261724.0,Available,Available,200,110,,,06/27 00:00:00 EDT,w5,0,2015-07-01 00:00:00,Contract,Contract,33990,33990,233439,369010,369011,0,0,0,0,0,0,0,0,0,0,0,33990,-1,67980,0,261724,True,True,123592,True,0,0,0,0
2015-06-27,2015-06-27 00:00:00,BP,Channel: 50 - Commercial,RIVER ROUGE MI - BUCKEYE (PLANT 9123),REGULAR,33990,237931,3,26395,0,26395,26395,149987,0,w7,26395,0,149987,67980.0,261724.0,Available,Available,200,110,,,06/28 00:00:00 EDT,w5,0,2015-07-01 00:00:00,Contract,Contract,33990,33990,233439,396092,396093,0,0,0,0,0,0,0,0,0,0,0,33990,-1,67980,0,261724,True,True,149987,True,0,0,0,0
2015-06-28,2015-06-28 00:00:00,BP,Channel: 50 - Commercial,RIVER ROUGE MI - BUCKEYE (PLANT 9123),REGULAR,33990,237931,3,32404,0,32404,32404,182391,0,w7,32404,0,182391,67980.0,261724.0,Available,Available,200,110,,,06/29 00:00:00 EDT,w5,0,2015-07-01 00:00:00,Contract,Contract,33990,33990,233439,420456,420457,0,0,0,0,0,0,0,0,0,0,0,33990,-1,67980,0,261724,True,True,182391,True,0,0,0,0
2015-06-29,2015-06-29 00:00:00,BP,Channel: 50 - Commercial,RIVER ROUGE MI - BUCKEYE (PLANT 9123),REGULAR,33990,237931,3,25002,0,25002,25002,207393,0,w7,25002,0,207393,67980.0,261724.0,Available,Available,200,110,,,06/30 00:00:00 EDT,w5,0,2015-07-01 00:00:00,Contract,Contract,33990,33990,233439,451272,451273,0,0,0,0,0,0,0,0,0,0,0,33990,-1,67980,0,261724,True,True,207393,True,0,0,0,0
2015-06-30,2015-06-30 00:00:00,BP,Channel: 50 - Commercial,RIVER ROUGE MI - BUCKEYE (PLANT 9123),REGULAR,33990,237931,0,32401,0,32401,32401,239794,0,w7,32401,0,239794,67980.0,261724.0,Available,Available,200,110,,,07/01 00:00:00 EDT,w5,0,2015-07-01 00:00:00,Contract,Contract,33348,33348,233439,477934,477935,0,0,0,0,0,0,0,0,0,0,0,33990,-1,67980,0,261724,True,True,239794,True,0,0,0,0
