,date,supplier_name,account_type,supplier_terminal_name,product_name,base_gallons_Daily,base_gallons_Monthly,base_gallons_Weekly,lifted_gallons_daily_flag,lifted_gallons_daily_modified,Modified_WeeksByLiftedGallons,lifted_gallons_modified_WeeksByLiftedGallons,lifted_gallons_Daily,Lifted_actual_monthly,lifted_gallons_monthly_flag,lifted_gallons_Monthly,Lifted_actual_weekly,lifted_gallons_weekly_flag,WeeksByLiftedGallons,lifted_gallonsWeekly_modified_aposteriori,Modified_LiftedGallonsaposteriori,lifted_gallons_Weekly,beginning_gallons_Daily,beginning_gallons_Monthly,beginning_gallons_Weekly,en_allocation_status_Daily,en_allocation_status_Monthly,en_allocation_status_Weekly,percentage_allocation_Daily,percentage_allocation_Monthly,percentage_allocation_Weekly,alerts_ratability_Daily,alerts_ratability_Monthly,alerts_ratability_Weekly,next_refresh_date_Daily,next_refresh_date_Monthly,Week_switch,Modified_NRD,next_refresh_date_Weekly,en_account_type_Daily,en_account_type_Monthly,en_account_type_Weekly,staging_id_Daily,staging_id_Monthly,staging_id_Weekly,base_gallons_Daily_Reconciled,base_gallons_Monthly_Reconciled,base_gallons_Weekly_Reconciled,beginning_gallons_Daily_Reconciled,beginning_gallons_Monthly_Reconciled,beginning_gallons_Weekly_Reconciled,sanityWeekly_CumulativeDaily_WeeksByLiftedGallons,sanityWeekly_CumulativeDaily_NextRefreshDate,computedWeekly,computedMonthly,sanityComputedMonthly,sanityMonthly_CumulativeDaily_WeeksByLiftedGallons,sanityMonthly_CumulativeDaily_WeeksByNextRefreshDate
2015-06-01,2015-06-01 00:00:00,Exxon,PILOT TRAVEL CENTERS LLC 103637 IW,MEMPHIS TN (MOC) - 00QE,Reg CBOB<9,5107,-1,35746,0,-1,0,-1,-1,-1,0,-1,-1,0,w1,-1,0,-1,2043,-1,14298,-1,-1,-1,100,100,100,-1,-1,-1,-1,-1,w1,1,2015-06-04 00:00:00,-1,-1,-1,-1,-1,-1,2043,-1,14298,5107,-1,35746,True,True,0,0,0,1,1
2015-06-02,2015-06-02 00:00:00,Exxon,PILOT TRAVEL CENTERS LLC 103637 IW,MEMPHIS TN (MOC) - 00QE,Reg CBOB<9,5107,-1,35746,0,0,0,0,0,-1,0,-1,-1,0,w1,0,0,-1,2043,-1,14298,Available,-1,-1,125,100,100,Below Trend,-1,-1,06/03 00:00:00 CDT,-1,w1,1,2015-06-04 00:00:00,Contract,-1,-1,279,-1,-1,1634,-1,14298,6384,-1,35746,True,True,0,0,0,1,1
2015-06-03,2015-06-03 00:00:00,Exxon,PILOT TRAVEL CENTERS LLC 103637 IW,MEMPHIS TN (MOC) - 00QE,Reg CBOB<9,5107,-1,35746,0,0,0,0,0,-1,0,-1,-1,0,w1,0,0,-1,2043,-1,14298,Available,-1,-1,125,100,100,Below Trend,-1,-1,06/04 00:00:00 CDT,-1,w1,1,2015-06-04 00:00:00,Contract,-1,-1,5992,-1,-1,1634,-1,14298,6384,-1,35746,True,True,0,0,0,1,1
2015-06-04,2015-06-04 00:00:00,Exxon,PILOT TRAVEL CENTERS LLC 103637 IW,MEMPHIS TN (MOC) - 00QE,Reg CBOB<9,5107,-1,35746,0,8500,0,8500,8500,-1,0,-1,-1,0,w1,8500,0,-1,2043,-1,14298,Out,-1,-1,125,100,100,Above Trend,-1,-1,06/05 00:00:00 CDT,-1,w2,1,2015-06-11 00:00:00,Contract,-1,-1,8707,-1,-1,1634,-1,14298,6384,-1,35746,False,False,0,0,0,0,0
2015-06-05,2015-06-05 00:00:00,Exxon,PILOT TRAVEL CENTERS LLC 103637 IW,MEMPHIS TN (MOC) - 00QE,Reg CBOB<9,5107,-1,35746,0,0,0,0,0,-1,0,-1,-1,0,w1,0,0,-1,2043,-1,14298,Available,-1,-1,125,100,100,Below Trend,-1,-1,06/06 00:00:00 CDT,-1,w2,1,2015-06-11 00:00:00,Contract,-1,-1,12602,-1,-1,1634,-1,14298,6384,-1,35746,False,False,0,0,0,0,0
2015-06-06,2015-06-06 00:00:00,Exxon,PILOT TRAVEL CENTERS LLC 103637 IW,MEMPHIS TN (MOC) - 00QE,Reg CBOB<9,5107,-1,35746,0,-1,0,-1,-1,-1,0,-1,-1,0,w1,-1,0,-1,2043,-1,14298,-1,-1,-1,100,100,100,-1,-1,-1,-1,-1,w2,1,2015-06-11 00:00:00,-1,-1,-1,-1,-1,-1,2043,-1,14298,5107,-1,35746,False,False,0,0,0,0,0
2015-06-07,2015-06-07 00:00:00,Exxon,PILOT TRAVEL CENTERS LLC 103637 IW,MEMPHIS TN (MOC) - 00QE,Reg CBOB<9,5107,-1,35746,0,-1,0,-1,-1,-1,0,-1,-1,0,w1,-1,0,-1,2043,-1,14298,-1,-1,-1,100,100,100,-1,-1,-1,-1,-1,w2,1,2015-06-11 00:00:00,-1,-1,-1,-1,-1,-1,2043,-1,14298,5107,-1,35746,False,False,0,0,0,0,0
2015-06-08,2015-06-08 00:00:00,Exxon,PILOT TRAVEL CENTERS LLC 103637 IW,MEMPHIS TN (MOC) - 00QE,Reg CBOB<9,5107,-1,35746,0,8300,0,8300,8300,-1,0,-1,-1,0,w1,8300,0,-1,2043,-1,14298,Out,-1,-1,100,100,100,Above Trend,-1,-1,06/08 00:00:00 CDT,-1,w2,1,2015-06-11 00:00:00,Contract,-1,-1,15219,-1,-1,2043,-1,14298,5107,-1,35746,False,False,0,0,0,0,0
2015-06-09,2015-06-09 00:00:00,Exxon,PILOT TRAVEL CENTERS LLC 103637 IW,MEMPHIS TN (MOC) - 00QE,Reg CBOB<9,5107,-1,35746,0,0,0,0,0,-1,0,-1,-1,0,w1,0,0,-1,2043,-1,14298,Available,-1,-1,100,100,100,Below Trend,-1,-1,06/10 00:00:00 CDT,-1,w2,1,2015-06-11 00:00:00,Contract,-1,-1,17959,-1,-1,2043,-1,14298,5107,-1,35746,False,False,0,0,0,0,0
2015-06-10,2015-06-10 00:00:00,Exxon,PILOT TRAVEL CENTERS LLC 103637 IW,MEMPHIS TN (MOC) - 00QE,Reg CBOB<9,5107,-1,35746,0,0,0,0,0,-1,0,-1,-1,0,w1,0,0,-1,2043,-1,14298,Available,-1,-1,60,100,100,Below Trend,-1,-1,06/11 00:00:00 CDT,-1,w2,1,2015-06-11 00:00:00,Contract,-1,-1,20829,-1,-1,3405,-1,14298,3064,-1,35746,False,False,0,0,0,0,0
2015-06-11,2015-06-11 00:00:00,Exxon,PILOT TRAVEL CENTERS LLC 103637 IW,MEMPHIS TN (MOC) - 00QE,Reg CBOB<9,5107,-1,35746,0,0,0,0,0,-1,0,-1,0,0,w1,0,0,0,3064,-1,35746,Available,-1,Available,60,100,100,Below Trend,-1,Below Trend,06/12 00:00:00 CDT,-1,w3,0,2015-06-18 00:00:00,Contract,-1,Contract,22295,-1,22296,5107,-1,35746,3064,-1,35746,False,True,0,0,0,0,0
2015-06-12,2015-06-12 00:00:00,Exxon,PILOT TRAVEL CENTERS LLC 103637 IW,MEMPHIS TN (MOC) - 00QE,Reg CBOB<9,5107,-1,35746,4,7600,0,-1,-1,-1,0,-1,-1,4,w2,-1,0,7600,2043,-1,14298,-1,-1,-1,100,100,100,-1,-1,-1,-1,-1,w3,1,2015-06-18 00:00:00,-1,-1,-1,-1,-1,-1,2043,-1,14298,5107,-1,35746,True,True,7600,0,0,0,0
2015-06-13,2015-06-13 00:00:00,Exxon,PILOT TRAVEL CENTERS LLC 103637 IW,MEMPHIS TN (MOC) - 00QE,Reg CBOB<9,5107,-1,35746,0,7900,0,7900,7900,-1,0,-1,15500,0,w2,7900,0,15500,3064,-1,35746,Out,-1,Out,60,100,100,Above Trend,-1,On Track,06/14 00:00:00 CDT,-1,w3,0,2015-06-18 00:00:00,Contract,-1,Contract,51161,-1,51162,5107,-1,35746,3064,-1,35746,False,True,15500,0,0,0,0
2015-06-14,2015-06-14 00:00:00,Exxon,PILOT TRAVEL CENTERS LLC 103637 IW,MEMPHIS TN (MOC) - 00QE,Reg CBOB<9,5107,-1,35746,0,0,0,0,0,-1,0,-1,15500,0,w2,0,0,15500,3064,-1,35746,Available,-1,Available,60,100,100,Below Trend,-1,Below Trend,06/15 00:00:00 CDT,-1,w3,0,2015-06-18 00:00:00,Contract,-1,Contract,70945,-1,70946,5107,-1,35746,3064,-1,35746,False,True,15500,0,0,0,0
2015-06-15,2015-06-15 00:00:00,Exxon,PILOT TRAVEL CENTERS LLC 103637 IW,MEMPHIS TN (MOC) - 00QE,Reg CBOB<9,5107,-1,35746,0,0,0,0,0,-1,0,-1,15500,0,w2,0,0,15500,3064,-1,35746,Available,-1,Available,60,100,100,Below Trend,-1,Below Trend,06/16 00:00:00 CDT,-1,w3,0,2015-06-18 00:00:00,Contract,-1,Contract,100228,-1,100229,5107,-1,35746,3064,-1,35746,False,True,15500,0,0,0,0
2015-06-16,2015-06-16 00:00:00,Exxon,PILOT TRAVEL CENTERS LLC 103637 IW,MEMPHIS TN (MOC) - 00QE,Reg CBOB<9,5107,-1,35746,0,8500,0,8500,8500,-1,0,-1,24000,0,w2,8500,0,24000,3064,-1,35746,Out,-1,Out,60,100,100,Above Trend,-1,Below Trend,06/17 00:00:00 CDT,-1,w3,0,2015-06-18 00:00:00,Contract,-1,Contract,122092,-1,122093,5107,-1,35746,3064,-1,35746,False,True,24000,0,0,0,0
2015-06-17,2015-06-17 00:00:00,Exxon,PILOT TRAVEL CENTERS LLC 103637 IW,MEMPHIS TN (MOC) - 00QE,Reg CBOB<9,5107,-1,35746,0,8500,0,8500,8500,-1,0,-1,32500,0,w2,8500,0,32500,3064,-1,35746,Out,-1,Out,60,100,100,Above Trend,-1,On Track,06/18 00:00:00 CDT,-1,w3,0,2015-06-18 00:00:00,Contract,-1,Contract,140699,-1,140700,5107,-1,35746,3064,-1,35746,False,True,32500,0,0,0,0
2015-06-18,2015-06-18 00:00:00,Exxon,PILOT TRAVEL CENTERS LLC 103637 IW,MEMPHIS TN (MOC) - 00QE,Reg CBOB<9,5107,-1,35746,0,8800,0,8800,8800,-1,0,-1,8800,0,w3,8800,0,8800,3064,-1,35746,Out,-1,Out,60,100,100,Above Trend,-1,Above Trend,06/19 00:00:00 CDT,-1,w4,0,2015-06-25 00:00:00,Contract,-1,Contract,159438,-1,159439,5107,-1,35746,3064,-1,35746,True,True,8800,0,0,0,0
2015-06-19,2015-06-19 00:00:00,Exxon,PILOT TRAVEL CENTERS LLC 103637 IW,MEMPHIS TN (MOC) - 00QE,Reg CBOB<9,5107,-1,35746,0,8400,0,8400,8400,-1,0,-1,17200,0,w3,8400,0,17200,3064,-1,35746,Out,-1,Out,60,100,100,Above Trend,-1,Above Trend,06/20 00:00:00 CDT,-1,w4,0,2015-06-25 00:00:00,Contract,-1,Contract,176128,-1,176129,5107,-1,35746,3064,-1,35746,True,True,17200,0,0,0,0
2015-06-20,2015-06-20 00:00:00,Exxon,PILOT TRAVEL CENTERS LLC 103637 IW,MEMPHIS TN (MOC) - 00QE,Reg CBOB<9,5107,-1,35746,0,0,0,0,0,-1,0,-1,17200,0,w3,0,0,17200,2043,-1,14298,Out,-1,Out,40,100,40,Below Trend,-1,Above Trend,06/21 00:00:00 CDT,-1,w4,0,2015-06-25 00:00:00,Contract,-1,Contract,190624,-1,190625,5108,-1,35745,2043,-1,14298,True,True,17200,0,0,0,0
2015-06-21,2015-06-21 00:00:00,Exxon,PILOT TRAVEL CENTERS LLC 103637 IW,MEMPHIS TN (MOC) - 00QE,Reg CBOB<9,5107,-1,35746,0,0,0,0,0,-1,0,-1,17200,0,w3,0,0,17200,2043,-1,14298,Out,-1,Out,40,100,40,Below Trend,-1,Above Trend,06/22 00:00:00 CDT,-1,w4,0,2015-06-25 00:00:00,Contract,-1,Contract,216039,-1,216040,5108,-1,35745,2043,-1,14298,True,True,17200,0,0,0,0
2015-06-22,2015-06-22 00:00:00,Exxon,PILOT TRAVEL CENTERS LLC 103637 IW,MEMPHIS TN (MOC) - 00QE,Reg CBOB<9,5107,-1,35746,0,0,0,0,0,-1,0,-1,17200,0,w3,0,0,17200,2043,-1,14298,Out,-1,Out,40,100,40,Below Trend,-1,Above Trend,06/23 00:00:00 CDT,-1,w4,0,2015-06-25 00:00:00,Contract,-1,Contract,238700,-1,238701,5108,-1,35745,2043,-1,14298,True,True,17200,0,0,0,0
2015-06-23,2015-06-23 00:00:00,Exxon,PILOT TRAVEL CENTERS LLC 103637 IW,MEMPHIS TN (MOC) - 00QE,Reg CBOB<9,5107,-1,35746,0,0,0,0,0,-1,0,-1,17200,0,w3,0,0,17200,2043,-1,14298,Out,-1,Out,40,100,40,Below Trend,-1,Above Trend,06/24 00:00:00 CDT,-1,w4,0,2015-06-25 00:00:00,Contract,-1,Contract,276441,-1,276442,5108,-1,35745,2043,-1,14298,True,True,17200,0,0,0,0
2015-06-24,2015-06-24 00:00:00,Exxon,PILOT TRAVEL CENTERS LLC 103637 IW,MEMPHIS TN (MOC) - 00QE,Reg CBOB<9,5107,-1,35746,0,0,0,0,0,-1,0,-1,17200,0,w3,0,0,17200,2043,-1,14298,Out,-1,Out,40,100,40,Below Trend,-1,Above Trend,06/25 00:00:00 CDT,-1,w4,0,2015-06-25 00:00:00,Contract,-1,Contract,307027,-1,307028,5108,-1,35745,2043,-1,14298,True,True,17200,0,0,0,0
2015-06-25,2015-06-25 00:00:00,Exxon,PILOT TRAVEL CENTERS LLC 103637 IW,MEMPHIS TN (MOC) - 00QE,Reg CBOB<9,5107,-1,35746,0,8550,0,8550,8550,-1,0,-1,8550,0,w4,8550,0,8550,2043,-1,14298,Out,-1,Out,40,100,40,Above Trend,-1,Above Trend,06/26 00:00:00 CDT,-1,w5,0,2015-07-02 00:00:00,Contract,-1,Contract,338453,-1,338454,5108,-1,35745,2043,-1,14298,True,True,8550,0,0,0,0
2015-06-26,2015-06-26 00:00:00,Exxon,PILOT TRAVEL CENTERS LLC 103637 IW,MEMPHIS TN (MOC) - 00QE,Reg CBOB<9,5107,-1,35746,0,7300,1,-1,7300,-1,0,-1,-1,0,w5,7300,0,-1,2043,-1,14298,Out,-1,-1,100,100,100,Above Trend,-1,-1,06/27 00:00:00 CDT,-1,w5,1,2015-07-02 00:00:00,Contract,-1,-1,367766,-1,-1,2043,-1,14298,5107,-1,35746,True,False,15850,0,0,0,0
2015-06-27,2015-06-27 00:00:00,Exxon,PILOT TRAVEL CENTERS LLC 103637 IW,MEMPHIS TN (MOC) - 00QE,Reg CBOB<9,5107,-1,35746,0,7300,0,7300,7300,-1,0,-1,-1,0,w5,7300,0,-1,2043,-1,14298,Out,-1,-1,100,100,100,Above Trend,-1,-1,06/28 00:00:00 CDT,-1,w5,1,2015-07-02 00:00:00,Contract,-1,-1,393031,-1,-1,2043,-1,14298,5107,-1,35746,False,False,23150,0,0,0,0
2015-06-28,2015-06-28 00:00:00,Exxon,PILOT TRAVEL CENTERS LLC 103637 IW,MEMPHIS TN (MOC) - 00QE,Reg CBOB<9,5107,-1,35746,0,0,0,0,0,-1,0,-1,-1,0,w5,0,0,-1,2043,-1,14298,Available,-1,-1,100,100,100,Below Trend,-1,-1,06/29 00:00:00 CDT,-1,w5,1,2015-07-02 00:00:00,Contract,-1,-1,419082,-1,-1,2043,-1,14298,5107,-1,35746,False,False,23150,0,0,0,0
2015-06-29,2015-06-29 00:00:00,Exxon,PILOT TRAVEL CENTERS LLC 103637 IW,MEMPHIS TN (MOC) - 00QE,Reg CBOB<9,5107,-1,35746,0,8500,0,8500,8500,-1,0,-1,-1,0,w5,8500,0,-1,2043,-1,14298,Out,-1,-1,100,100,100,Above Trend,-1,-1,06/30 00:00:00 CDT,-1,w5,1,2015-07-02 00:00:00,Contract,-1,-1,449897,-1,-1,2043,-1,14298,5107,-1,35746,False,False,31650,0,0,0,0
2015-06-30,2015-06-30 00:00:00,Exxon,PILOT TRAVEL CENTERS LLC 103637 IW,MEMPHIS TN (MOC) - 00QE,Reg CBOB<9,5107,-1,35746,0,0,0,0,0,-1,0,-1,-1,0,w5,0,0,-1,2043,-1,14298,Available,-1,-1,125,100,100,Below Trend,-1,-1,07/01 00:00:00 CDT,-1,w5,1,2015-07-02 00:00:00,Contract,-1,-1,476564,-1,-1,1634,-1,14298,6384,-1,35746,False,False,31650,0,0,0,0
