,date,supplier_name,account_type,supplier_terminal_name,product_name,base_gallons_Daily,base_gallons_Monthly,base_gallons_Weekly,lifted_gallons_daily_flag,lifted_gallons_daily_modified,Modified_WeeksByLiftedGallons,lifted_gallons_modified_WeeksByLiftedGallons,lifted_gallons_Daily,Lifted_actual_monthly,lifted_gallons_monthly_flag,lifted_gallons_Monthly,Lifted_actual_weekly,lifted_gallons_weekly_flag,WeeksByLiftedGallons,lifted_gallonsWeekly_modified_aposteriori,Modified_LiftedGallonsaposteriori,lifted_gallons_Weekly,beginning_gallons_Daily,beginning_gallons_Monthly,beginning_gallons_Weekly,en_allocation_status_Daily,en_allocation_status_Monthly,en_allocation_status_Weekly,percentage_allocation_Daily_actual,percentage_allocation_Daily,percentage_allocation_Monthly_actual,percentage_allocation_Monthly,percentage_allocation_Weekly_actual,percentage_allocation_Weekly,alerts_ratability_Daily,alerts_ratability_Monthly,alerts_ratability_Weekly,next_refresh_date_Daily,next_refresh_date_Monthly,Week_switch,Modified_NRD,next_refresh_date_Weekly,en_account_type_Daily,en_account_type_Monthly,en_account_type_Weekly,NRB_Daily,next_refresh_base_gallons_Daily,NRB_Monthly,next_refresh_base_gallons_Monthly,next_refresh_base_gallons_Weekly,remaining_gallons_Daily,remaining_gallons_Monthly,remaining_gallons_Weekly,additional_gallons_allowed_Daily,additional_gallons_allowed_Monthly,additional_gallons_allowed_Weekly,additional_gallons_remaining_Daily,additional_gallons_remaining_Monthly,additional_gallons_remaining_Weekly,staging_id_Daily,staging_id_Monthly,staging_id_Weekly,base_gallons_Daily_Reconciled,base_gallons_Monthly_Reconciled,base_gallons_Weekly_Reconciled,beginning_gallons_Daily_Reconciled,beginning_gallons_Monthly_Reconciled,beginning_gallons_Weekly_Reconciled,sanityWeekly_CumulativeDaily_WeeksByLiftedGallons,sanityWeekly_CumulativeDaily_NextRefreshDate,computedWeekly,computedMonthly,sanityComputedMonthly,remaining_gallons_Daily_Reconciled,remaining_gallons_Monthly_Reconciled,remaining_gallons_Weekly_Reconciled,additional_gallons_remaining_Daily_Reconciled,additional_gallons_remaining_Monthly_Reconciled,additional_gallons_remaining_Weekly_Reconciled,sanityMonthly_CumulativeDaily_WeeksByLiftedGallons,sanityMonthly_CumulativeDaily_WeeksByNextRefreshDate
2015-06-01,2015-06-01 00:00:00,Exxon,PILOT TRAVEL CENTERS LLC 103637 IW,COLTON CA KM TP - 00WM,Premium Conventional / E10,1642,-1,17864,0,-1,0,-1,-1,-1,0,-1,-1,0,w1,-1,0,-1,2463,-1,25010,-1,-1,-1,-1,-1,-1,100,-1,-1,-1,-1,-1,-1,-1,w1,1,2015-06-04 00:00:00,-1,-1,-1,2552,-1,-1,-1,-1,-1,-1,-1,-1,-1,-1,-1,-1,-1,-1,-1,-1,-246300,-1,-2501000,-17,-1,-179,True,True,0,0,0,2464,-1,25011,-1,-1,-1,1,1
2015-06-02,2015-06-02 00:00:00,Exxon,PILOT TRAVEL CENTERS LLC 103637 IW,COLTON CA KM TP - 00WM,Premium Conventional / E10,2552,-1,17864,0,0,0,0,0,-1,0,-1,15625,0,w1,0,0,15625,3828,-1,25010,Available,-1,Available,150%,150,-1,100,140%,140,Below Trend,-1,On Track,06/03 00:00:00 PDT,-1,w1,0,2015-06-04 00:00:00,Contract,-1,Contract,2552,2552,-1,-1,17864,3828,-1,9385,0,-1,0,0,-1,0,261,-1,262,2500,-1,17800,3828,-1,25009,False,False,0,0,0,3828,-1,9385,-1,-1,-1,1,1
2015-06-03,2015-06-03 00:00:00,Exxon,PILOT TRAVEL CENTERS LLC 103637 IW,COLTON CA KM TP - 00WM,Premium Conventional / E10,2552,-1,17864,3,1801,1,1801,800,-1,0,-1,17426,0,w1,800,0,17426,3828,-1,25010,Available,-1,Available,150%,150,-1,100,140%,140,On Track,-1,Below Trend,06/04 00:00:00 PDT,-1,w1,0,2015-06-04 00:00:00,Contract,-1,Contract,2552,2552,-1,-1,17864,3028,-1,7584,0,-1,0,0,-1,0,5974,-1,5975,2500,-1,17800,3828,-1,25009,False,False,0,0,0,2027,-1,7584,-1,-1,-1,0,0
2015-06-04,2015-06-04 00:00:00,Exxon,PILOT TRAVEL CENTERS LLC 103637 IW,COLTON CA KM TP - 00WM,Premium Conventional / E10,2552,-1,17864,0,0,0,0,0,-1,0,-1,0,0,w2,0,0,0,3828,-1,25010,Available,-1,Available,150%,150,-1,100,140%,140,Below Trend,-1,Below Trend,06/05 00:00:00 PDT,-1,w2,0,2015-06-11 00:00:00,Contract,-1,Contract,2552,2552,-1,-1,17864,3828,-1,25010,0,-1,0,0,-1,0,8687,-1,8688,2500,-1,17800,3828,-1,25009,True,True,0,0,0,3828,-1,25010,-1,-1,-1,0,0
2015-06-05,2015-06-05 00:00:00,Exxon,PILOT TRAVEL CENTERS LLC 103637 IW,COLTON CA KM TP - 00WM,Premium Conventional / E10,2552,-1,17864,3,1210,1,1210,0,-1,0,-1,1210,0,w2,0,0,1210,3828,-1,25010,Available,-1,Available,150%,150,-1,100,140%,140,Below Trend,-1,Below Trend,06/06 00:00:00 PDT,-1,w2,0,2015-06-11 00:00:00,Contract,-1,Contract,1642,2552,-1,-1,17864,3828,-1,23800,0,-1,0,0,-1,0,12582,-1,12583,2500,-1,17800,3828,-1,25009,True,True,0,0,0,2618,-1,23800,-1,-1,-1,0,0
2015-06-06,2015-06-06 00:00:00,Exxon,PILOT TRAVEL CENTERS LLC 103637 IW,COLTON CA KM TP - 00WM,Premium Conventional / E10,1642,-1,17864,0,-1,0,-1,-1,-1,0,-1,-1,0,w3,-1,0,-1,2463,-1,25010,-1,-1,-1,-1,150,-1,100,-1,140,-1,-1,-1,-1,-1,w2,1,2015-06-11 00:00:00,-1,-1,-1,1642,-1,-1,-1,-1,-1,-1,-1,-1,-1,-1,-1,-1,-1,-1,-1,-1,1600,-1,17800,2463,-1,25009,True,False,0,0,0,2464,-1,25011,-1,-1,-1,0,0
2015-06-07,2015-06-07 00:00:00,Exxon,PILOT TRAVEL CENTERS LLC 103637 IW,COLTON CA KM TP - 00WM,Premium Conventional / E10,1642,-1,17864,0,-1,0,-1,-1,-1,0,-1,-1,0,w3,-1,0,-1,2463,-1,25010,-1,-1,-1,-1,150,-1,100,-1,140,-1,-1,-1,-1,-1,w2,1,2015-06-11 00:00:00,-1,-1,-1,2552,-1,-1,-1,-1,-1,-1,-1,-1,-1,-1,-1,-1,-1,-1,-1,-1,1600,-1,17800,2463,-1,25009,False,False,0,0,0,2464,-1,25011,-1,-1,-1,0,0
2015-06-08,2015-06-08 00:00:00,Exxon,PILOT TRAVEL CENTERS LLC 103637 IW,COLTON CA KM TP - 00WM,Premium Conventional / E10,2552,-1,17864,0,4600,0,4600,4600,-1,0,-1,10915,0,w3,4600,0,10915,3828,-1,25010,Out,-1,Out,150%,150,-1,100,140%,140,Above Trend,-1,Below Trend,06/08 00:00:00 PDT,-1,w2,0,2015-06-11 00:00:00,Contract,-1,Contract,2552,2552,-1,-1,17864,-772,-1,14095,0,-1,0,0,-1,0,15199,-1,15200,2500,-1,17800,3828,-1,25009,False,False,0,0,0,-772,-1,14095,-1,-1,-1,0,0
2015-06-09,2015-06-09 00:00:00,Exxon,PILOT TRAVEL CENTERS LLC 103637 IW,COLTON CA KM TP - 00WM,Premium Conventional / E10,2552,-1,17864,3,1200,1,1200,0,-1,0,-1,12115,0,w3,0,0,12115,3828,-1,25010,Available,-1,Available,150%,150,-1,100,140%,140,Below Trend,-1,Below Trend,06/10 00:00:00 PDT,-1,w2,0,2015-06-11 00:00:00,Contract,-1,Contract,2552,2552,-1,-1,17864,3828,-1,12895,0,-1,0,0,-1,0,17941,-1,17942,2500,-1,17800,3828,-1,25009,False,False,0,0,0,2628,-1,12895,-1,-1,-1,0,0
2015-06-10,2015-06-10 00:00:00,Exxon,PILOT TRAVEL CENTERS LLC 103637 IW,COLTON CA KM TP - 00WM,Premium Conventional / E10,2552,-1,17864,0,0,0,0,0,-1,0,-1,12115,0,w3,0,0,12115,3828,-1,25010,Available,-1,Available,150%,150,-1,100,140%,140,Below Trend,-1,Below Trend,06/10 00:00:00 PDT,-1,w2,0,2015-06-11 00:00:00,Contract,-1,Contract,2552,2552,-1,-1,17864,3828,-1,12895,0,-1,0,0,-1,0,20812,-1,20813,2500,-1,17800,3828,-1,25009,False,False,0,0,0,3828,-1,12895,-1,-1,-1,0,0
2015-06-11,2015-06-11 00:00:00,Exxon,PILOT TRAVEL CENTERS LLC 103637 IW,COLTON CA KM TP - 00WM,Premium Conventional / E10,2552,-1,17864,0,0,0,0,0,-1,0,-1,0,0,w4,0,0,0,3828,-1,25010,Available,-1,Available,150%,150,-1,100,140%,140,Below Trend,-1,Below Trend,06/12 00:00:00 PDT,-1,w3,0,2015-06-18 00:00:00,Contract,-1,Contract,1642,2552,-1,-1,17864,3828,-1,25010,0,-1,0,0,-1,0,22279,-1,22280,2500,-1,17800,3828,-1,25009,True,True,0,0,0,3828,-1,25010,-1,-1,-1,0,0
2015-06-12,2015-06-12 00:00:00,Exxon,PILOT TRAVEL CENTERS LLC 103637 IW,COLTON CA KM TP - 00WM,Premium Conventional / E10,1642,-1,17864,4,4303,0,-1,-1,-1,0,-1,-1,4,w5,-1,0,4303,2463,-1,25010,-1,-1,-1,-1,150,-1,100,-1,140,-1,-1,-1,-1,-1,w3,1,2015-06-18 00:00:00,-1,-1,-1,2552,-1,-1,-1,-1,-1,-1,-1,-1,-1,-1,-1,-1,-1,-1,-1,-1,1600,-1,17800,2463,-1,25009,True,True,4303,0,0,-1840,-1,20707,-1,-1,-1,0,0
2015-06-13,2015-06-13 00:00:00,Exxon,PILOT TRAVEL CENTERS LLC 103637 IW,COLTON CA KM TP - 00WM,Premium Conventional / E10,2552,-1,17864,0,6008,0,6008,6008,-1,0,-1,10311,0,w5,6008,0,10311,3828,-1,25010,Out,-1,Out,150%,150,-1,100,140%,140,Above Trend,-1,On Track,06/14 00:00:00 PDT,-1,w3,0,2015-06-18 00:00:00,Contract,-1,Contract,2552,2552,-1,-1,17864,-2180,-1,14699,0,-1,0,0,-1,0,51143,-1,51144,2500,-1,17800,3828,-1,25009,False,True,10311,0,0,-2180,-1,14699,-1,-1,-1,0,0
2015-06-14,2015-06-14 00:00:00,Exxon,PILOT TRAVEL CENTERS LLC 103637 IW,COLTON CA KM TP - 00WM,Premium Conventional / E10,2552,-1,17864,0,4298,0,4298,4298,-1,0,-1,14609,0,w5,4298,0,14609,3828,-1,25010,Out,-1,Out,150%,150,-1,100,140%,140,Above Trend,-1,On Track,06/15 00:00:00 PDT,-1,w3,0,2015-06-18 00:00:00,Contract,-1,Contract,2552,2552,-1,-1,17864,-470,-1,10401,0,-1,0,0,-1,0,70927,-1,70928,2500,-1,17800,3828,-1,25009,False,True,14609,0,0,-470,-1,10401,-1,-1,-1,0,0
2015-06-15,2015-06-15 00:00:00,Exxon,PILOT TRAVEL CENTERS LLC 103637 IW,COLTON CA KM TP - 00WM,Premium Conventional / E10,2552,-1,17864,0,2604,0,2604,2604,-1,0,-1,17213,0,w5,2604,0,17213,3828,-1,25010,Available,-1,Available,150%,150,-1,100,140%,140,Below Trend,-1,On Track,06/16 00:00:00 PDT,-1,w3,0,2015-06-18 00:00:00,Contract,-1,Contract,2552,2552,-1,-1,17864,1224,-1,7797,0,-1,0,0,-1,0,100210,-1,100211,2500,-1,17800,3828,-1,25009,False,True,17213,0,0,1224,-1,7797,-1,-1,-1,0,0
2015-06-16,2015-06-16 00:00:00,Exxon,PILOT TRAVEL CENTERS LLC 103637 IW,COLTON CA KM TP - 00WM,Premium Conventional / E10,2552,-1,17864,0,2001,0,2001,2001,-1,0,-1,19214,0,w5,2001,0,19214,3828,-1,25010,Available,-1,Available,150%,150,-1,100,140%,140,Below Trend,-1,On Track,06/17 00:00:00 PDT,-1,w3,0,2015-06-18 00:00:00,Contract,-1,Contract,2552,2552,-1,-1,17864,1827,-1,5796,0,-1,0,0,-1,0,122075,-1,122076,2500,-1,17800,3828,-1,25009,False,True,19214,0,0,1827,-1,5796,-1,-1,-1,0,0
2015-06-17,2015-06-17 00:00:00,Exxon,PILOT TRAVEL CENTERS LLC 103637 IW,COLTON CA KM TP - 00WM,Premium Conventional / E10,2552,-1,17864,0,3504,0,3504,3504,-1,0,-1,22718,0,w5,3504,0,22718,3828,-1,25010,Available,-1,Available,150%,150,-1,100,140%,140,On Track,-1,On Track,06/18 00:00:00 PDT,-1,w3,0,2015-06-18 00:00:00,Contract,-1,Contract,2552,2552,-1,-1,17864,324,-1,2292,0,-1,0,0,-1,0,140682,-1,140683,2500,-1,17800,3828,-1,25009,False,True,22718,0,0,324,-1,2292,-1,-1,-1,0,0
2015-06-18,2015-06-18 00:00:00,Exxon,PILOT TRAVEL CENTERS LLC 103637 IW,COLTON CA KM TP - 00WM,Premium Conventional / E10,2552,-1,17864,0,2817,0,2817,2817,-1,0,-1,2817,0,w6,2817,0,2817,3828,-1,25010,Available,-1,Available,150%,150,-1,100,140%,140,On Track,-1,On Track,06/19 00:00:00 PDT,-1,w4,0,2015-06-25 00:00:00,Contract,-1,Contract,2552,2552,-1,-1,17864,1011,-1,22193,0,-1,0,0,-1,0,159417,-1,159418,2500,-1,17800,3828,-1,25009,True,True,2817,0,0,1011,-1,22193,-1,-1,-1,0,0
2015-06-19,2015-06-19 00:00:00,Exxon,PILOT TRAVEL CENTERS LLC 103637 IW,COLTON CA KM TP - 00WM,Premium Conventional / E10,2552,-1,17864,0,0,0,0,0,-1,0,-1,2817,0,w6,0,0,2817,3828,-1,25010,Available,-1,Available,150%,150,-1,100,140%,140,Below Trend,-1,Below Trend,06/20 00:00:00 PDT,-1,w4,0,2015-06-25 00:00:00,Contract,-1,Contract,2552,2552,-1,-1,17864,3828,-1,22193,0,-1,0,0,-1,0,176107,-1,176108,2500,-1,17800,3828,-1,25009,True,True,2817,0,0,3828,-1,22193,-1,-1,-1,0,0
2015-06-20,2015-06-20 00:00:00,Exxon,PILOT TRAVEL CENTERS LLC 103637 IW,COLTON CA KM TP - 00WM,Premium Conventional / E10,2552,-1,17864,0,4097,0,4097,4097,-1,0,-1,6914,0,w6,4097,0,6914,3828,-1,25010,Out,-1,Out,150%,150,-1,100,140%,140,Above Trend,-1,Below Trend,06/21 00:00:00 PDT,-1,w4,0,2015-06-25 00:00:00,Contract,-1,Contract,2552,2552,-1,-1,17864,-269,-1,18096,0,-1,0,0,-1,0,190603,-1,190604,2500,-1,17800,3828,-1,25009,True,True,6914,0,0,-269,-1,18096,-1,-1,-1,0,0
2015-06-21,2015-06-21 00:00:00,Exxon,PILOT TRAVEL CENTERS LLC 103637 IW,COLTON CA KM TP - 00WM,Premium Conventional / E10,2552,-1,17864,0,4600,0,4600,4600,-1,0,-1,11514,0,w6,4600,0,11514,3828,-1,25010,Out,-1,Out,150%,150,-1,100,140%,140,Above Trend,-1,On Track,06/22 00:00:00 PDT,-1,w4,0,2015-06-25 00:00:00,Contract,-1,Contract,2552,2552,-1,-1,17864,-772,-1,13496,0,-1,0,0,-1,0,216018,-1,216019,2500,-1,17800,3828,-1,25009,True,True,11514,0,0,-772,-1,13496,-1,-1,-1,0,0
2015-06-22,2015-06-22 00:00:00,Exxon,PILOT TRAVEL CENTERS LLC 103637 IW,COLTON CA KM TP - 00WM,Premium Conventional / E10,2552,-1,17864,0,2401,0,2401,2401,-1,0,-1,13915,0,w6,2401,0,13915,3828,-1,25010,Available,-1,Available,150%,150,-1,100,140%,140,Below Trend,-1,Below Trend,06/23 00:00:00 PDT,-1,w4,0,2015-06-25 00:00:00,Contract,-1,Contract,2552,2552,-1,-1,17864,1427,-1,11095,0,-1,0,0,-1,0,238679,-1,238680,2500,-1,17800,3828,-1,25009,True,True,13915,0,0,1427,-1,11095,-1,-1,-1,0,0
2015-06-23,2015-06-23 00:00:00,Exxon,PILOT TRAVEL CENTERS LLC 103637 IW,COLTON CA KM TP - 00WM,Premium Conventional / E10,2552,-1,17864,0,1000,0,1000,1000,-1,0,-1,14915,0,w6,1000,0,14915,3828,-1,25010,Available,-1,Available,150%,150,-1,100,140%,140,Below Trend,-1,Below Trend,06/24 00:00:00 PDT,-1,w4,0,2015-06-25 00:00:00,Contract,-1,Contract,2552,2552,-1,-1,17864,2828,-1,10095,0,-1,0,0,-1,0,276420,-1,276421,2500,-1,17800,3828,-1,25009,True,True,14915,0,0,2828,-1,10095,-1,-1,-1,0,0
2015-06-24,2015-06-24 00:00:00,Exxon,PILOT TRAVEL CENTERS LLC 103637 IW,COLTON CA KM TP - 00WM,Premium Conventional / E10,2552,-1,17864,0,0,0,0,0,-1,0,-1,14915,0,w6,0,0,14915,3828,-1,25010,Available,-1,Available,150%,150,-1,100,140%,140,Below Trend,-1,Below Trend,06/25 00:00:00 PDT,-1,w4,0,2015-06-25 00:00:00,Contract,-1,Contract,2552,2552,-1,-1,17864,3828,-1,10095,0,-1,0,0,-1,0,307006,-1,307007,2500,-1,17800,3828,-1,25009,True,True,14915,0,0,3828,-1,10095,-1,-1,-1,0,0
2015-06-25,2015-06-25 00:00:00,Exxon,PILOT TRAVEL CENTERS LLC 103637 IW,COLTON CA KM TP - 00WM,Premium Conventional / E10,2552,-1,17864,0,1200,0,1200,1200,-1,0,-1,1200,0,w7,1200,0,1200,3828,-1,25010,Available,-1,Available,150%,150,-1,100,140%,140,Below Trend,-1,Below Trend,06/26 00:00:00 PDT,-1,w5,0,2015-07-02 00:00:00,Contract,-1,Contract,2552,2552,-1,-1,17864,2628,-1,23810,0,-1,0,0,-1,0,338432,-1,338433,2500,-1,17800,3828,-1,25009,True,True,1200,0,0,2628,-1,23810,-1,-1,-1,0,0
2015-06-26,2015-06-26 00:00:00,Exxon,PILOT TRAVEL CENTERS LLC 103637 IW,COLTON CA KM TP - 00WM,Premium Conventional / E10,2552,-1,17864,0,1897,0,1897,1897,-1,0,-1,3097,0,w7,1897,0,3097,3828,-1,25010,Available,-1,Available,150%,150,-1,100,140%,140,Below Trend,-1,Below Trend,06/27 00:00:00 PDT,-1,w5,0,2015-07-02 00:00:00,Contract,-1,Contract,2552,2552,-1,-1,17864,1931,-1,21913,0,-1,0,0,-1,0,367748,-1,367749,2500,-1,17800,3828,-1,25009,True,True,3097,0,0,1931,-1,21913,-1,-1,-1,0,0
2015-06-27,2015-06-27 00:00:00,Exxon,PILOT TRAVEL CENTERS LLC 103637 IW,COLTON CA KM TP - 00WM,Premium Conventional / E10,2552,-1,17864,3,8300,1,8300,7100,-1,0,-1,11397,0,w7,7100,0,11397,3828,-1,25010,Out,-1,Out,150%,150,-1,100,140%,140,Above Trend,-1,On Track,06/28 00:00:00 PDT,-1,w5,0,2015-07-02 00:00:00,Contract,-1,Contract,2552,2552,-1,-1,17864,-3272,-1,13613,0,-1,0,0,-1,0,393013,-1,393014,2500,-1,17800,3828,-1,25009,True,True,11397,0,0,-4472,-1,13613,-1,-1,-1,0,0
2015-06-28,2015-06-28 00:00:00,Exxon,PILOT TRAVEL CENTERS LLC 103637 IW,COLTON CA KM TP - 00WM,Premium Conventional / E10,2552,-1,17864,0,2002,0,2002,2002,-1,0,-1,13399,0,w7,2002,0,13399,3828,-1,25010,Available,-1,Available,150%,150,-1,100,140%,140,Below Trend,-1,On Track,06/29 00:00:00 PDT,-1,w5,0,2015-07-02 00:00:00,Contract,-1,Contract,2552,2552,-1,-1,17864,1826,-1,11611,0,-1,0,0,-1,0,419064,-1,419065,2500,-1,17800,3828,-1,25009,True,True,13399,0,0,1826,-1,11611,-1,-1,-1,0,0
2015-06-29,2015-06-29 00:00:00,Exxon,PILOT TRAVEL CENTERS LLC 103637 IW,COLTON CA KM TP - 00WM,Premium Conventional / E10,2552,-1,17864,0,4303,0,4303,4303,-1,0,-1,17702,0,w7,4303,0,17702,3828,-1,25010,Out,-1,Out,150%,150,-1,100,140%,140,Above Trend,-1,On Track,06/30 00:00:00 PDT,-1,w5,0,2015-07-02 00:00:00,Contract,-1,Contract,1642,1642,-1,-1,11491,-475,-1,7308,0,-1,0,0,-1,0,449879,-1,449880,2500,-1,17800,3828,-1,25009,True,True,17702,0,0,-475,-1,7308,-1,-1,-1,0,0
2015-06-30,2015-06-30 00:00:00,Exxon,PILOT TRAVEL CENTERS LLC 103637 IW,COLTON CA KM TP - 00WM,Premium Conventional / E10,1642,-1,17864,0,1003,0,1003,1003,-1,0,-1,18705,0,w7,1003,0,18705,2463,-1,25010,Available,-1,Available,150%,150,-1,100,140%,140,Below Trend,-1,On Track,07/01 00:00:00 PDT,-1,w5,0,2015-07-02 00:00:00,Contract,-1,Contract,1642,1642,-1,-1,11491,1460,-1,6305,0,-1,0,0,-1,0,476544,-1,476545,1600,-1,17800,2463,-1,25009,True,True,18705,0,0,1460,-1,6305,-1,-1,-1,0,0
