,date,supplier_name,account_type,supplier_terminal_name,product_name,base_gallons_Daily,base_gallons_Monthly,base_gallons_Weekly,lifted_gallons_daily_flag,lifted_gallons_daily_modified,Modified_WeeksByLiftedGallons,lifted_gallons_modified_WeeksByLiftedGallons,lifted_gallons_Daily,Lifted_actual_monthly,lifted_gallons_monthly_flag,lifted_gallons_Monthly,Lifted_actual_weekly,lifted_gallons_weekly_flag,WeeksByLiftedGallons,lifted_gallonsWeekly_modified_aposteriori,Modified_LiftedGallonsaposteriori,lifted_gallons_Weekly,beginning_gallons_Daily,beginning_gallons_Monthly,beginning_gallons_Weekly,en_allocation_status_Daily,en_allocation_status_Monthly,en_allocation_status_Weekly,percentage_allocation_Daily_actual,percentage_allocation_Daily,percentage_allocation_Monthly_actual,percentage_allocation_Monthly,percentage_allocation_Weekly_actual,percentage_allocation_Weekly,alerts_ratability_Daily,alerts_ratability_Monthly,alerts_ratability_Weekly,next_refresh_date_Daily,next_refresh_date_Monthly,Week_switch,Modified_NRD,next_refresh_date_Weekly,en_account_type_Daily,en_account_type_Monthly,en_account_type_Weekly,NRB_Daily,next_refresh_base_gallons_Daily,NRB_Monthly,next_refresh_base_gallons_Monthly,next_refresh_base_gallons_Weekly,remaining_gallons_Daily,remaining_gallons_Monthly,remaining_gallons_Weekly,additional_gallons_allowed_Daily,additional_gallons_allowed_Monthly,additional_gallons_allowed_Weekly,additional_gallons_remaining_Daily,additional_gallons_remaining_Monthly,additional_gallons_remaining_Weekly,staging_id_Daily,staging_id_Monthly,staging_id_Weekly,base_gallons_Daily_Reconciled,base_gallons_Monthly_Reconciled,base_gallons_Weekly_Reconciled,beginning_gallons_Daily_Reconciled,beginning_gallons_Monthly_Reconciled,beginning_gallons_Weekly_Reconciled,sanityWeekly_CumulativeDaily_WeeksByLiftedGallons,sanityWeekly_CumulativeDaily_NextRefreshDate,computedWeekly,computedMonthly,sanityComputedMonthly,remaining_gallons_Daily_Reconciled,remaining_gallons_Monthly_Reconciled,remaining_gallons_Weekly_Reconciled,additional_gallons_remaining_Daily_Reconciled,additional_gallons_remaining_Monthly_Reconciled,additional_gallons_remaining_Weekly_Reconciled,sanityMonthly_CumulativeDaily_WeeksByLiftedGallons,sanityMonthly_CumulativeDaily_WeeksByNextRefreshDate
2015-06-01,2015-06-01 00:00:00,Exxon,PILOT TRAVEL CENTERS LLC 103637 IW,HAMMOND IN (MOC) - 00DH,Prem RFG,4855,-1,33982,0,-1,0,-1,-1,-1,0,-1,-1,0,w1,-1,0,-1,4855,-1,47575,-1,-1,-1,-1,-1,-1,100,-1,-1,-1,-1,-1,-1,-1,w1,1,2015-06-04 00:00:00,-1,-1,-1,4855,-1,-1,-1,-1,-1,-1,-1,-1,-1,-1,-1,-1,-1,-1,-1,-1,-485500,-1,-4757500,-49,-1,-340,True,True,0,0,0,4856,-1,47576,-1,-1,-1,1,1
2015-06-02,2015-06-02 00:00:00,Exxon,PILOT TRAVEL CENTERS LLC 103637 IW,HAMMOND IN (MOC) - 00DH,Prem RFG,4855,-1,33982,0,0,0,0,0,-1,0,-1,-1,0,w1,0,0,-1,4855,-1,47575,Available,-1,-1,100%,100,-1,100,-1,-1,Below Trend,-1,-1,06/03 00:00:00 EDT,-1,w1,1,2015-06-04 00:00:00,Contract,-1,-1,4855,4855,-1,-1,-1,4855,-1,-1,0,-1,-1,0,-1,-1,268,-1,-1,4800,-1,-4757500,4855,-1,-340,True,True,0,0,0,4855,-1,47576,-1,-1,-1,1,1
2015-06-03,2015-06-03 00:00:00,Exxon,PILOT TRAVEL CENTERS LLC 103637 IW,HAMMOND IN (MOC) - 00DH,Prem RFG,4855,-1,33982,0,3500,0,3500,3500,-1,0,-1,-1,0,w1,3500,0,-1,4855,-1,47575,Available,-1,-1,100%,100,-1,100,-1,-1,Above Trend,-1,-1,06/04 00:00:00 EDT,-1,w1,1,2015-06-04 00:00:00,Contract,-1,-1,4855,4855,-1,-1,-1,1355,-1,-1,0,-1,-1,0,-1,-1,5981,-1,-1,4800,-1,-4757500,4855,-1,-340,False,False,0,0,0,1355,-1,47576,-1,-1,-1,0,0
2015-06-04,2015-06-04 00:00:00,Exxon,PILOT TRAVEL CENTERS LLC 103637 IW,HAMMOND IN (MOC) - 00DH,Prem RFG,4855,-1,33982,0,1200,0,1200,1200,-1,0,-1,1200,0,w1,1200,0,1200,7283,-1,47575,Available,-1,Available,150%,150,-1,100,140%,140,Below Trend,-1,Below Trend,06/05 00:00:00 EDT,-1,w2,0,2015-06-11 00:00:00,Contract,-1,Contract,4855,4855,-1,-1,33982,6083,-1,46375,0,-1,0,0,-1,0,8694,-1,8695,4800,-1,33900,7282,-1,47574,False,True,0,0,0,6083,-1,46375,-1,-1,-1,0,0
2015-06-05,2015-06-05 00:00:00,Exxon,PILOT TRAVEL CENTERS LLC 103637 IW,HAMMOND IN (MOC) - 00DH,Prem RFG,4855,-1,33982,3,7055,1,7055,0,-1,0,-1,8255,0,w1,0,0,8255,7283,-1,47575,Available,-1,Available,150%,150,-1,100,140%,140,Below Trend,-1,On Track,06/06 00:00:00 EDT,-1,w2,0,2015-06-11 00:00:00,Contract,-1,Contract,4855,4855,-1,-1,33982,7283,-1,40292,0,-1,973,1500,-1,1500,12589,-1,12590,4800,-1,33900,7282,-1,47574,False,True,0,0,0,228,-1,39320,-1,-1,-1,0,0
2015-06-06,2015-06-06 00:00:00,Exxon,PILOT TRAVEL CENTERS LLC 103637 IW,HAMMOND IN (MOC) - 00DH,Prem RFG,4855,-1,33982,0,-1,0,-1,-1,-1,0,-1,-1,0,w2,-1,0,-1,4855,-1,47575,-1,-1,-1,-1,150,-1,100,-1,140,-1,-1,-1,-1,-1,w2,1,2015-06-11 00:00:00,-1,-1,-1,4855,-1,-1,-1,-1,-1,-1,-1,-1,-1,-1,-1,-1,-1,-1,-1,-1,3200,-1,33900,7282,-1,47574,True,False,0,0,0,4856,-1,47576,-1,-1,-1,0,0
2015-06-07,2015-06-07 00:00:00,Exxon,PILOT TRAVEL CENTERS LLC 103637 IW,HAMMOND IN (MOC) - 00DH,Prem RFG,4855,-1,33982,0,-1,0,-1,-1,-1,0,-1,-1,0,w2,-1,0,-1,4855,-1,47575,-1,-1,-1,-1,150,-1,100,-1,140,-1,-1,-1,-1,-1,w2,1,2015-06-11 00:00:00,-1,-1,-1,4855,-1,-1,-1,-1,-1,-1,-1,-1,-1,-1,-1,-1,-1,-1,-1,-1,3200,-1,33900,7282,-1,47574,False,False,0,0,0,4856,-1,47576,-1,-1,-1,0,0
2015-06-08,2015-06-08 00:00:00,Exxon,PILOT TRAVEL CENTERS LLC 103637 IW,HAMMOND IN (MOC) - 00DH,Prem RFG,4855,-1,33982,0,0,0,0,0,-1,0,-1,14408,0,w2,0,0,14408,7283,-1,47575,Available,-1,Available,150%,150,-1,100,140%,140,Below Trend,-1,Below Trend,06/09 00:00:00 EDT,-1,w2,0,2015-06-11 00:00:00,Contract,-1,Contract,4855,4855,-1,-1,33982,7283,-1,34139,0,-1,973,0,-1,0,15206,-1,15207,4800,-1,33900,7282,-1,47574,False,False,0,0,0,7283,-1,33167,-1,-1,-1,0,0
2015-06-09,2015-06-09 00:00:00,Exxon,PILOT TRAVEL CENTERS LLC 103637 IW,HAMMOND IN (MOC) - 00DH,Prem RFG,4855,-1,33982,3,12303,1,12303,8700,-1,0,-1,26711,0,w2,8700,0,26711,7283,-1,47575,Out,-1,Out,150%,150,-1,100,140%,140,Above Trend,-1,Below Trend,06/10 00:00:00 EDT,-1,w2,0,2015-06-11 00:00:00,Contract,-1,Contract,4855,4855,-1,-1,33982,-1418,-1,21836,0,-1,973,0,-1,0,17948,-1,17949,4800,-1,33900,7282,-1,47574,False,False,0,0,0,-5020,-1,20864,-1,-1,-1,0,0
2015-06-10,2015-06-10 00:00:00,Exxon,PILOT TRAVEL CENTERS LLC 103637 IW,HAMMOND IN (MOC) - 00DH,Prem RFG,4855,-1,33982,0,0,0,0,0,-1,0,-1,26711,0,w2,0,0,26711,7283,-1,47575,Available,-1,Available,150%,150,-1,100,140%,140,Below Trend,-1,Below Trend,06/11 00:00:00 EDT,-1,w2,0,2015-06-11 00:00:00,Contract,-1,Contract,4855,4855,-1,-1,33982,7283,-1,21836,0,-1,973,0,-1,0,20819,-1,20820,4800,-1,33900,7282,-1,47574,False,False,0,0,0,7283,-1,20864,-1,-1,-1,0,0
2015-06-11,2015-06-11 00:00:00,Exxon,PILOT TRAVEL CENTERS LLC 103637 IW,HAMMOND IN (MOC) - 00DH,Prem RFG,4855,-1,33982,0,1202,0,1202,1202,-1,0,-1,1202,0,w3,1202,0,1202,7283,-1,47575,Available,-1,Available,150%,150,-1,100,140%,140,Below Trend,-1,Below Trend,06/12 00:00:00 EDT,-1,w3,0,2015-06-18 00:00:00,Contract,-1,Contract,4855,4855,-1,-1,33982,6081,-1,46373,0,-1,0,0,-1,0,22285,-1,22286,4800,-1,33900,7282,-1,47574,True,True,1202,0,0,6081,-1,46373,-1,-1,-1,0,0
2015-06-12,2015-06-12 00:00:00,Exxon,PILOT TRAVEL CENTERS LLC 103637 IW,HAMMOND IN (MOC) - 00DH,Prem RFG,4855,-1,33982,4,9001,0,-1,-1,-1,0,-1,-1,4,w4,-1,0,10203,4855,-1,47575,-1,-1,-1,-1,150,-1,100,-1,140,-1,-1,-1,-1,-1,w3,1,2015-06-18 00:00:00,-1,-1,-1,4855,-1,-1,-1,-1,-1,-1,-1,-1,-1,-1,-1,-1,-1,-1,-1,-1,3200,-1,33900,7282,-1,47574,True,True,10203,0,0,-4146,-1,37372,-1,-1,-1,0,0
2015-06-13,2015-06-13 00:00:00,Exxon,PILOT TRAVEL CENTERS LLC 103637 IW,HAMMOND IN (MOC) - 00DH,Prem RFG,4855,-1,33982,0,2405,0,2405,2405,-1,0,-1,12608,0,w4,2405,0,12608,7283,-1,47575,Available,-1,Available,150%,150,-1,100,140%,140,Below Trend,-1,Below Trend,06/14 00:00:00 EDT,-1,w3,0,2015-06-18 00:00:00,Contract,-1,Contract,4855,4855,-1,-1,33982,4878,-1,34967,0,-1,0,0,-1,0,51151,-1,51152,4800,-1,33900,7282,-1,47574,False,True,12608,0,0,4878,-1,34967,-1,-1,-1,0,0
2015-06-14,2015-06-14 00:00:00,Exxon,PILOT TRAVEL CENTERS LLC 103637 IW,HAMMOND IN (MOC) - 00DH,Prem RFG,4855,-1,33982,0,3603,0,3603,3603,-1,0,-1,16211,0,w4,3603,0,16211,7283,-1,47575,Available,-1,Available,150%,150,-1,100,140%,140,Below Trend,-1,Below Trend,06/15 00:00:00 EDT,-1,w3,0,2015-06-18 00:00:00,Contract,-1,Contract,4855,4855,-1,-1,33982,3680,-1,31364,0,-1,0,0,-1,0,70935,-1,70936,4800,-1,33900,7282,-1,47574,False,True,16211,0,0,3680,-1,31364,-1,-1,-1,0,0
2015-06-15,2015-06-15 00:00:00,Exxon,PILOT TRAVEL CENTERS LLC 103637 IW,HAMMOND IN (MOC) - 00DH,Prem RFG,4855,-1,33982,0,3900,0,3900,3900,-1,0,-1,20111,0,w4,3900,0,20111,7283,-1,47575,Available,-1,Available,150%,150,-1,100,140%,140,Below Trend,-1,Below Trend,06/16 00:00:00 EDT,-1,w3,0,2015-06-18 00:00:00,Contract,-1,Contract,4855,4855,-1,-1,33982,3383,-1,27464,0,-1,0,0,-1,0,100218,-1,100219,4800,-1,33900,7282,-1,47574,False,True,20111,0,0,3383,-1,27464,-1,-1,-1,0,0
2015-06-16,2015-06-16 00:00:00,Exxon,PILOT TRAVEL CENTERS LLC 103637 IW,HAMMOND IN (MOC) - 00DH,Prem RFG,4855,-1,33982,0,3300,0,3300,3300,-1,0,-1,23411,0,w4,3300,0,23411,7283,-1,47575,Available,-1,Available,150%,150,-1,100,140%,140,Below Trend,-1,Below Trend,06/17 00:00:00 EDT,-1,w3,0,2015-06-18 00:00:00,Contract,-1,Contract,4855,4855,-1,-1,33982,3983,-1,24164,0,-1,0,0,-1,0,122082,-1,122083,4800,-1,33900,7282,-1,47574,False,True,23411,0,0,3983,-1,24164,-1,-1,-1,0,0
2015-06-17,2015-06-17 00:00:00,Exxon,PILOT TRAVEL CENTERS LLC 103637 IW,HAMMOND IN (MOC) - 00DH,Prem RFG,4855,-1,33982,0,4800,0,4800,4800,-1,0,-1,28211,0,w4,4800,0,28211,7283,-1,47575,Available,-1,Available,150%,150,-1,100,140%,140,Below Trend,-1,Below Trend,06/18 00:00:00 EDT,-1,w3,0,2015-06-18 00:00:00,Contract,-1,Contract,4855,4855,-1,-1,33982,2483,-1,19364,0,-1,0,0,-1,0,140689,-1,140690,4800,-1,33900,7282,-1,47574,False,True,28211,0,0,2483,-1,19364,-1,-1,-1,0,0
2015-06-18,2015-06-18 00:00:00,Exxon,PILOT TRAVEL CENTERS LLC 103637 IW,HAMMOND IN (MOC) - 00DH,Prem RFG,4855,-1,33982,0,1200,0,1200,1200,-1,0,-1,1200,0,w5,1200,0,1200,7283,-1,47575,Available,-1,Available,150%,150,-1,100,140%,140,Below Trend,-1,Below Trend,06/19 00:00:00 EDT,-1,w4,0,2015-06-25 00:00:00,Contract,-1,Contract,4855,4855,-1,-1,33982,6083,-1,46375,0,-1,0,0,-1,0,159424,-1,159425,4800,-1,33900,7282,-1,47574,True,True,1200,0,0,6083,-1,46375,-1,-1,-1,0,0
2015-06-19,2015-06-19 00:00:00,Exxon,PILOT TRAVEL CENTERS LLC 103637 IW,HAMMOND IN (MOC) - 00DH,Prem RFG,4855,-1,33982,0,9010,0,9010,9010,-1,0,-1,10210,0,w5,9010,0,10210,7283,-1,47575,Out,-1,Out,150%,150,-1,100,140%,140,Above Trend,-1,Below Trend,06/20 00:00:00 EDT,-1,w4,0,2015-06-25 00:00:00,Contract,-1,Contract,4855,4855,-1,-1,33982,-1728,-1,37365,0,-1,0,0,-1,0,176114,-1,176115,4800,-1,33900,7282,-1,47574,True,True,10210,0,0,-1727,-1,37365,-1,-1,-1,0,0
2015-06-20,2015-06-20 00:00:00,Exxon,PILOT TRAVEL CENTERS LLC 103637 IW,HAMMOND IN (MOC) - 00DH,Prem RFG,4855,-1,33982,0,9200,0,9200,9200,-1,0,-1,19410,0,w5,9200,0,19410,7283,-1,47575,Out,-1,Out,150%,150,-1,100,140%,140,Above Trend,-1,On Track,06/21 00:00:00 EDT,-1,w4,0,2015-06-25 00:00:00,Contract,-1,Contract,4855,4855,-1,-1,33982,-1918,-1,28165,0,-1,0,0,-1,0,190610,-1,190611,4800,-1,33900,7282,-1,47574,True,True,19410,0,0,-1917,-1,28165,-1,-1,-1,0,0
2015-06-21,2015-06-21 00:00:00,Exxon,PILOT TRAVEL CENTERS LLC 103637 IW,HAMMOND IN (MOC) - 00DH,Prem RFG,4855,-1,33982,0,1100,0,1100,1100,-1,0,-1,20510,0,w5,1100,0,20510,7283,-1,47575,Available,-1,Available,150%,150,-1,100,140%,140,Below Trend,-1,Below Trend,06/22 00:00:00 EDT,-1,w4,0,2015-06-25 00:00:00,Contract,-1,Contract,4855,4855,-1,-1,33982,6183,-1,27065,0,-1,0,0,-1,0,216025,-1,216026,4800,-1,33900,7282,-1,47574,True,True,20510,0,0,6183,-1,27065,-1,-1,-1,0,0
2015-06-22,2015-06-22 00:00:00,Exxon,PILOT TRAVEL CENTERS LLC 103637 IW,HAMMOND IN (MOC) - 00DH,Prem RFG,4855,-1,33982,0,8675,0,8675,8675,-1,0,-1,29185,0,w5,8675,0,29185,7283,-1,47575,Out,-1,Out,150%,150,-1,100,140%,140,On Track,-1,On Track,06/23 00:00:00 EDT,-1,w4,0,2015-06-25 00:00:00,Contract,-1,Contract,4855,4855,-1,-1,33982,-1393,-1,18390,0,-1,0,0,-1,0,238686,-1,238687,4800,-1,33900,7282,-1,47574,True,True,29185,0,0,-1392,-1,18390,-1,-1,-1,0,0
2015-06-23,2015-06-23 00:00:00,Exxon,PILOT TRAVEL CENTERS LLC 103637 IW,HAMMOND IN (MOC) - 00DH,Prem RFG,4855,-1,33982,0,3408,0,3408,3408,-1,0,-1,32593,0,w5,3408,0,32593,7283,-1,47575,Available,-1,Available,150%,150,-1,100,140%,140,Below Trend,-1,Below Trend,06/24 00:00:00 EDT,-1,w4,0,2015-06-25 00:00:00,Contract,-1,Contract,4855,4855,-1,-1,33982,3875,-1,14982,0,-1,0,0,-1,0,276427,-1,276428,4800,-1,33900,7282,-1,47574,True,True,32593,0,0,3875,-1,14982,-1,-1,-1,0,0
2015-06-24,2015-06-24 00:00:00,Exxon,PILOT TRAVEL CENTERS LLC 103637 IW,HAMMOND IN (MOC) - 00DH,Prem RFG,4855,-1,33982,0,8500,0,8500,8500,-1,0,-1,41093,0,w5,8500,0,41093,7283,-1,47575,Out,-1,Out,150%,150,-1,100,140%,140,On Track,-1,On Track,06/25 00:00:00 EDT,-1,w4,0,2015-06-25 00:00:00,Contract,-1,Contract,4855,4855,-1,-1,33982,-1218,-1,6482,0,-1,0,0,-1,0,307013,-1,307014,4800,-1,33900,7282,-1,47574,True,True,41093,0,0,-1217,-1,6482,-1,-1,-1,0,0
2015-06-25,2015-06-25 00:00:00,Exxon,PILOT TRAVEL CENTERS LLC 103637 IW,HAMMOND IN (MOC) - 00DH,Prem RFG,4855,-1,33982,0,1203,0,1203,1203,-1,0,-1,1203,0,w6,1203,0,1203,7283,-1,47575,Available,-1,Available,150%,150,-1,100,140%,140,Below Trend,-1,Below Trend,06/26 00:00:00 EDT,-1,w5,0,2015-07-02 00:00:00,Contract,-1,Contract,4855,4855,-1,-1,33982,6080,-1,46372,0,-1,0,0,-1,0,338439,-1,338440,4800,-1,33900,7282,-1,47574,True,True,1203,0,0,6080,-1,46372,-1,-1,-1,0,0
2015-06-26,2015-06-26 00:00:00,Exxon,PILOT TRAVEL CENTERS LLC 103637 IW,HAMMOND IN (MOC) - 00DH,Prem RFG,4855,-1,33982,0,15100,0,15100,15100,-1,0,-1,16303,0,w6,15100,0,16303,7283,-1,47575,Out,-1,Out,150%,150,-1,100,140%,140,Above Trend,-1,Above Trend,06/27 00:00:00 EDT,-1,w5,0,2015-07-02 00:00:00,Contract,-1,Contract,4855,4855,-1,-1,33982,-7818,-1,31272,0,-1,0,0,-1,0,367755,-1,367756,4800,-1,33900,7282,-1,47574,True,True,16303,0,0,-7817,-1,31272,-1,-1,-1,0,0
2015-06-27,2015-06-27 00:00:00,Exxon,PILOT TRAVEL CENTERS LLC 103637 IW,HAMMOND IN (MOC) - 00DH,Prem RFG,4855,-1,33982,0,1100,0,1100,1100,-1,0,-1,17403,0,w6,1100,0,17403,7283,-1,47575,Available,-1,Available,150%,150,-1,100,140%,140,Below Trend,-1,On Track,06/28 00:00:00 EDT,-1,w5,0,2015-07-02 00:00:00,Contract,-1,Contract,4855,4855,-1,-1,33982,6183,-1,30172,0,-1,0,0,-1,0,393020,-1,393021,4800,-1,33900,7282,-1,47574,True,True,17403,0,0,6183,-1,30172,-1,-1,-1,0,0
2015-06-28,2015-06-28 00:00:00,Exxon,PILOT TRAVEL CENTERS LLC 103637 IW,HAMMOND IN (MOC) - 00DH,Prem RFG,4855,-1,33982,0,3700,0,3700,3700,-1,0,-1,21103,0,w6,3700,0,21103,7283,-1,47575,Available,-1,Available,150%,150,-1,100,140%,140,Below Trend,-1,Below Trend,06/29 00:00:00 EDT,-1,w5,0,2015-07-02 00:00:00,Contract,-1,Contract,4855,4855,-1,-1,33982,3583,-1,26472,0,-1,0,0,-1,0,419071,-1,419072,4800,-1,33900,7282,-1,47574,True,True,21103,0,0,3583,-1,26472,-1,-1,-1,0,0
2015-06-29,2015-06-29 00:00:00,Exxon,PILOT TRAVEL CENTERS LLC 103637 IW,HAMMOND IN (MOC) - 00DH,Prem RFG,4855,-1,33982,0,1203,0,1203,1203,-1,0,-1,22306,0,w6,1203,0,22306,7283,-1,47575,Available,-1,Available,150%,150,-1,100,140%,140,Below Trend,-1,Below Trend,06/30 00:00:00 EDT,-1,w5,0,2015-07-02 00:00:00,Contract,-1,Contract,5181,5181,-1,-1,36265,6080,-1,25269,0,-1,0,0,-1,0,449886,-1,449887,4800,-1,33900,7282,-1,47574,True,True,22306,0,0,6080,-1,25269,-1,-1,-1,0,0
2015-06-30,2015-06-30 00:00:00,Exxon,PILOT TRAVEL CENTERS LLC 103637 IW,HAMMOND IN (MOC) - 00DH,Prem RFG,5181,-1,33982,0,800,0,800,800,-1,0,-1,23106,0,w6,800,0,23106,7772,-1,47575,Available,-1,Available,150%,150,-1,100,140%,140,Below Trend,-1,Below Trend,07/01 00:00:00 EDT,-1,w5,0,2015-07-02 00:00:00,Contract,-1,Contract,5181,5181,-1,-1,36265,6972,-1,24469,0,-1,0,0,-1,0,476551,-1,476552,5100,-1,33900,7771,-1,47574,True,True,23106,0,0,6972,-1,24469,-1,-1,-1,0,0
