,date,supplier_name,account_type,supplier_terminal_name,product_name,base_gallons_Daily,base_gallons_Weekly,lifted_gallons_daily_flag,lifted_gallons_daily_modified,Modified_WeeksByLiftedGallons,lifted_gallons_modified_WeeksByLiftedGallons,lifted_gallons_Daily,Lifted_actual_weekly,lifted_gallons_weekly_flag,WeeksByLiftedGallons,lifted_gallonsWeekly_modified_aposteriori,Modified_LiftedGallonsaposteriori,lifted_gallons_Weekly,beginning_gallons_Daily,beginning_gallons_Weekly,en_allocation_status_Daily,en_allocation_status_Weekly,percentage_allocation_Daily_actual,percentage_allocation_Daily,percentage_allocation_Weekly_actual,percentage_allocation_Weekly,alerts_ratability_Daily,alerts_ratability_Weekly,next_refresh_date_Daily,Week_switch,Modified_NRD,next_refresh_date_Weekly,en_account_type_Daily,en_account_type_Weekly,NRB_Daily,next_refresh_base_gallons_Daily,next_refresh_base_gallons_Weekly,remaining_gallons_Daily,remaining_gallons_Weekly,additional_gallons_allowed_Daily,additional_gallons_allowed_Weekly,additional_gallons_remaining_Daily,additional_gallons_remaining_Weekly,staging_id_Daily,staging_id_Weekly,execution_date_Daily,execution_date_Weekly,base_gallons_Monthly,Lifted_actual_monthly,lifted_gallons_monthly_flag,lifted_gallons_Monthly,beginning_gallons_Monthly,en_allocation_status_Monthly,percentage_allocation_Monthly_actual,percentage_allocation_Monthly,alerts_ratability_Monthly,next_refresh_date_Monthly,NRB_Monthly,next_refresh_base_gallons_Monthly,remaining_gallons_Monthly,additional_gallons_allowed_Monthly,additional_gallons_remaining_Monthly,execution_date_Monthly,base_gallons_Daily_Reconciled,base_gallons_Monthly_Reconciled,base_gallons_Weekly_Reconciled,beginning_gallons_Daily_Reconciled,beginning_gallons_Monthly_Reconciled,beginning_gallons_Weekly_Reconciled,sanityWeekly_CumulativeDaily_WeeksByLiftedGallons,sanityWeekly_CumulativeDaily_NextRefreshDate,computedWeekly,sanityComputedWeekly,computedMonthly,sanityComputedMonthly,remaining_gallons_Daily_Reconciled,remaining_gallons_Monthly_Reconciled,remaining_gallons_Weekly_Reconciled,additional_gallons_remaining_Daily_Reconciled,additional_gallons_remaining_Monthly_Reconciled,additional_gallons_remaining_Weekly_Reconciled,sanityMonthly_CumulativeDaily_WeeksByLiftedGallons,sanityMonthly_CumulativeDaily_WeeksByNextRefreshDate
2015-07-01,2015-07-01 00:00:00,BP,Channel: 50 - Commercial,CEDAR RAPIDS IA - BUCKEYE (PLANT 9120),DIESEL,41290,289032,3,59298,0,59298,59298,59298,0,w1,59298,0,59298,82580.0,317935.0,Available,Available,200%,200,110%,110,-1,-1,07/02 00:00:00 CDT,w1,0,2015-07-08 00:00:00,Contract,Contract,41290,41290,289032,23282,258637,0,0,0,0,508151,508152,2015-07-01 23:48:47,2015-07-01 23:48:47,0,0,0,0,0,0,0,0,0,0,0,0,0,0,0,,41290,0,289032,82580.0,0,317935.0,True,True,59298,True,0,0,23282,0,258637,-1,-1,-1,0,0
2015-07-02,2015-07-02 00:00:00,BP,Channel: 50 - Commercial,CEDAR RAPIDS IA - BUCKEYE (PLANT 9120),DIESEL,41290,289032,3,59209,0,44410,44410,103708,0,w1,44410,0,103708,82580.0,317935.0,Available,Available,200%,200,110%,110,-1,-1,07/03 00:00:00 CDT,w1,0,2015-07-08 00:00:00,Contract,Contract,41290,41290,289032,38170,214227,0,0,0,0,528376,528377,2015-07-02 14:50:06,2015-07-02 14:50:06,0,0,0,0,0,0,0,0,0,0,0,0,0,0,0,,41290,0,289032,82580.0,0,317935.0,True,False,118507,True,0,0,23371,0,214227,-1,-1,-1,0,0
2015-07-03,2015-07-03 00:00:00,BP,Channel: 50 - Commercial,CEDAR RAPIDS IA - BUCKEYE (PLANT 9120),DIESEL,41290,289032,3,14899,1,29698,14899,133406,0,w1,14899,0,133406,82580.0,317935.0,Available,Available,200%,200,110%,110,-1,-1,07/04 00:00:00 CDT,w1,0,2015-07-08 00:00:00,Contract,Contract,41290,41290,289032,67681,184529,0,0,0,0,535994,535995,2015-07-03 09:24:29,2015-07-03 09:24:29,0,0,0,0,0,0,0,0,0,0,0,0,0,0,0,,41290,0,289032,82580.0,0,317935.0,True,True,133406,True,0,0,67681,0,184529,-1,-1,-1,0,0
2015-07-04,2015-07-04 00:00:00,BP,Channel: 50 - Commercial,CEDAR RAPIDS IA - BUCKEYE (PLANT 9120),DIESEL,41290,289032,3,23398,0,15599,15599,149005,0,w1,15599,0,149005,82580.0,317935.0,Available,Available,200%,200,110%,110,-1,-1,07/05 00:00:00 CDT,w1,0,2015-07-08 00:00:00,Contract,Contract,41290,41290,289032,66981,168930,0,0,0,0,542279,542280,2015-07-04 08:44:50,2015-07-04 08:44:50,0,0,0,0,0,0,0,0,0,0,0,0,0,0,0,,41290,0,289032,82580.0,0,317935.0,True,False,156804,True,0,0,59182,0,168930,-1,-1,-1,0,0
2015-07-05,2015-07-05 00:00:00,BP,Channel: 50 - Commercial,CEDAR RAPIDS IA - BUCKEYE (PLANT 9120),DIESEL,41290,289032,3,22299,1,15198,7399,164203,0,w1,7399,0,164203,82580.0,317935.0,Available,Available,200%,200,110%,110,-1,-1,07/06 00:00:00 CDT,w1,0,2015-07-08 00:00:00,Contract,Contract,41290,41290,289032,75181,153732,0,0,0,0,548722,548723,2015-07-05 08:45:00,2015-07-05 08:45:00,0,0,0,0,0,0,0,0,0,0,0,0,0,0,0,,41290,0,289032,82580.0,0,317935.0,True,False,179103,True,0,0,60281,0,153732,-1,-1,-1,0,0
2015-07-06,2015-07-06 00:00:00,BP,Channel: 50 - Commercial,CEDAR RAPIDS IA - BUCKEYE (PLANT 9120),DIESEL,41290,289032,3,14799,1,22300,7400,186503,0,w1,7400,0,186503,82580.0,317935.0,Available,Available,200%,200,110%,110,-1,-1,07/07 00:00:00 CDT,w1,0,2015-07-08 00:00:00,Contract,Contract,41290,41290,289032,75180,131432,0,0,0,0,555038,555039,2015-07-06 08:46:04,2015-07-06 08:46:04,0,0,0,0,0,0,0,0,0,0,0,0,0,0,0,,41290,0,289032,82580.0,0,317935.0,True,False,193902,True,0,0,67781,0,131432,-1,-1,-1,0,0
2015-07-07,2015-07-07 00:00:00,BP,Channel: 50 - Commercial,CEDAR RAPIDS IA - BUCKEYE (PLANT 9120),DIESEL,41290,289032,0,37101,1,44500,37101,231003,0,w1,37101,0,231003,82580.0,317935.0,Available,Available,200%,200,110%,110,-1,-1,07/08 00:00:00 CDT,w1,0,2015-07-08 00:00:00,Contract,Contract,41290,41290,289032,45479,86932,0,0,0,0,568051,568052,2015-07-07 22:45:48,2015-07-07 22:45:48,0,0,0,0,0,0,0,0,0,0,0,0,0,0,0,,41290,0,289032,82580.0,0,317935.0,True,True,231003,True,0,0,45479,0,86932,-1,-1,-1,0,0
2015-07-08,2015-07-08 00:00:00,BP,Channel: 50 - Commercial,CEDAR RAPIDS IA - BUCKEYE (PLANT 9120),DIESEL,41290,289032,0,22199,0,22199,22199,22199,0,w2,22199,0,22199,82580.0,317935.0,Available,Available,200%,200,110%,110,-1,-1,07/09 00:00:00 CDT,w2,0,2015-07-15 00:00:00,Contract,Contract,41290,41290,289032,60381,295736,0,0,0,0,578073,578074,2015-07-08 14:02:06,2015-07-08 14:02:06,0,0,0,0,0,0,0,0,0,0,0,0,0,0,0,,41290,0,289032,82580.0,0,317935.0,True,True,0,0,0,0,60381,0,295736,-1,-1,-1,0,0
2015-07-09,2015-07-09 00:00:00,BP,Channel: 50 - Commercial,CEDAR RAPIDS IA - BUCKEYE (PLANT 9120),DIESEL,-1,-1,4,59198,0,-1,-1,-1,4,w3,-1,0,81397,-1.0,-1.0,-1,-1,-1,200,-1,110,-1,-1,-1,w2,1,2015-07-15 00:00:00,-1,-1,41290,-1,-1,-1,-1,-1,-1,-1,-1,-1,-1,2015-07-09 00:00:00,2015-07-09 00:00:00,-1,-1,0,-1,-1,-1,-1,0,-1,-1,0,-1,-1,-1,-1,2015-07-09 00:00:00,41290,0,289032,82580.0,0,317935.0,True,True,0,0,0,0,-1,-1,-1,-1,-1,-1,0,0
2015-07-10,2015-07-10 00:00:00,BP,Channel: 50 - Commercial,CEDAR RAPIDS IA - BUCKEYE (PLANT 9120),DIESEL,41290,289032,3,52161,0,52161,52161,133558,0,w3,52161,0,133558,82580.0,317935.0,Available,Available,200%,200,110%,110,-1,-1,07/11 00:00:00 CDT,w2,0,2015-07-15 00:00:00,Contract,Contract,41290,41290,289032,30419,184377,0,0,0,0,609040,609041,2015-07-10 23:51:03,2015-07-10 23:51:03,0,0,0,0,0,0,0,0,0,0,0,0,0,0,0,,41290,0,289032,82580.0,0,317935.0,False,True,0,0,0,0,30419,0,184377,-1,-1,-1,0,0
2015-07-11,2015-07-11 00:00:00,BP,Channel: 50 - Commercial,CEDAR RAPIDS IA - BUCKEYE (PLANT 9120),DIESEL,41290,289032,0,22199,0,22199,22199,155757,0,w3,22199,0,155757,82580.0,317935.0,Available,Available,200%,200,110%,110,-1,-1,07/12 00:00:00 CDT,w2,0,2015-07-15 00:00:00,Contract,Contract,41290,41290,289032,60381,162178,0,0,0,0,639280,639281,2015-07-11 23:51:11,2015-07-11 23:51:11,0,0,0,0,0,0,0,0,0,0,0,0,0,0,0,,41290,0,289032,82580.0,0,317935.0,False,True,0,0,0,0,60381,0,162178,-1,-1,-1,0,0
2015-07-12,2015-07-12 00:00:00,BP,Channel: 50 - Commercial,CEDAR RAPIDS IA - BUCKEYE (PLANT 9120),DIESEL,-1,-1,0,-1,0,-1,-1,-1,0,w4,-1,0,-1,-1.0,-1.0,-1,-1,-1,200,-1,110,-1,-1,-1,w2,1,2015-07-15 00:00:00,-1,-1,41290,-1,-1,-1,-1,-1,-1,-1,-1,-1,-1,2015-07-12 00:00:00,2015-07-12 00:00:00,-1,-1,0,-1,-1,-1,-1,0,-1,-1,0,-1,-1,-1,-1,2015-07-12 00:00:00,41290,0,289032,82580.0,0,317935.0,True,False,0,0,0,0,-1,-1,-1,-1,-1,-1,0,0
2015-07-13,2015-07-13 00:00:00,BP,Channel: 50 - Commercial,CEDAR RAPIDS IA - BUCKEYE (PLANT 9120),DIESEL,-1,-1,0,-1,0,-1,-1,-1,0,w4,-1,0,-1,-1.0,-1.0,-1,-1,-1,200,-1,110,-1,-1,-1,w2,1,2015-07-15 00:00:00,-1,-1,41290,-1,-1,-1,-1,-1,-1,-1,-1,-1,-1,2015-07-13 00:00:00,2015-07-13 00:00:00,-1,-1,0,-1,-1,-1,-1,0,-1,-1,0,-1,-1,-1,-1,2015-07-13 00:00:00,-1,-1,-1,-1.0,-1,-1.0,False,False,0,0,0,0,-1,-1,-1,-1,-1,-1,0,0
2015-07-14,2015-07-14 00:00:00,BP,Channel: 50 - Commercial,CEDAR RAPIDS IA - BUCKEYE (PLANT 9120),DIESEL,41290,289032,0,52189,0,52189,52189,282450,0,w4,52189,0,282450,82580.0,317935.0,Available,Available,200%,200,110%,110,-1,-1,07/15 00:00:00 CDT,w2,0,2015-07-15 00:00:00,Contract,Contract,41290,41290,289032,30391,35485,8000,8000,8000,8000,731157,731158,2015-07-14 23:51:07,2015-07-14 23:51:07,0,0,0,0,0,0,0,0,0,0,0,0,0,0,0,,41290,0,289032,82580.0,0,317935.0,False,False,0,0,0,0,30391,0,35485,-1,-1,-1,0,0
2015-07-15,2015-07-15 00:00:00,BP,Channel: 50 - Commercial,CEDAR RAPIDS IA - BUCKEYE (PLANT 9120),DIESEL,41290,289032,3,44497,0,44497,44497,44497,0,w5,44497,0,44497,82580.0,317935.0,Available,Available,200%,200,110%,110,-1,-1,07/16 00:00:00 CDT,w3,0,2015-07-22 00:00:00,Contract,Contract,41290,41290,289032,38083,273438,0,0,0,0,756377,756378,2015-07-15 23:51:06,2015-07-15 23:51:06,0,0,0,0,0,0,0,0,0,0,0,0,0,0,0,,41290,0,289032,82580.0,0,317935.0,True,True,44497,True,0,0,38083,0,273438,-1,-1,-1,0,0
2015-07-16,2015-07-16 00:00:00,BP,Channel: 50 - Commercial,CEDAR RAPIDS IA - BUCKEYE (PLANT 9120),DIESEL,41290,289032,3,66797,0,66797,66797,111294,0,w5,66797,0,111294,82580.0,317935.0,Available,Available,200%,200,110%,110,-1,-1,07/17 00:00:00 CDT,w3,0,2015-07-22 00:00:00,Contract,Contract,41290,41290,289032,15783,206641,0,0,0,0,789679,789680,2015-07-16 23:50:59,2015-07-16 23:50:59,0,0,0,0,0,0,0,0,0,0,0,0,0,0,0,,41290,0,289032,82580.0,0,317935.0,True,True,111294,True,0,0,15783,0,206641,-1,-1,-1,0,0
2015-07-17,2015-07-17 00:00:00,BP,Channel: 50 - Commercial,CEDAR RAPIDS IA - BUCKEYE (PLANT 9120),DIESEL,41290,289032,3,59378,0,44678,44678,155972,0,w5,44678,0,155972,82580.0,317935.0,Available,Available,200%,200,110%,110,-1,-1,07/18 00:00:00 CDT,w3,0,2015-07-22 00:00:00,Contract,Contract,41290,41290,289032,37902,161963,0,0,0,0,821703,821704,2015-07-17 23:50:59,2015-07-17 23:50:59,0,0,0,0,0,0,0,0,0,0,0,0,0,0,0,,41290,0,289032,82580.0,0,317935.0,True,False,170672,True,0,0,23202,0,161963,-1,-1,-1,0,0
2015-07-18,2015-07-18 00:00:00,BP,Channel: 50 - Commercial,CEDAR RAPIDS IA - BUCKEYE (PLANT 9120),DIESEL,41290,289032,3,67798,1,82498,67798,238470,0,w5,67798,0,238470,82580.0,317935.0,Available,Available,200%,200,110%,110,-1,-1,07/19 00:00:00 CDT,w3,0,2015-07-22 00:00:00,Contract,Contract,41290,41290,289032,14782,79465,0,0,0,0,852165,852166,2015-07-18 23:51:06,2015-07-18 23:51:06,0,0,0,0,0,0,0,0,0,0,0,0,0,0,0,,41290,0,289032,82580.0,0,317935.0,True,True,238470,True,0,0,14782,0,79465,-1,-1,-1,0,0
2015-07-19,2015-07-19 00:00:00,BP,Channel: 50 - Commercial,CEDAR RAPIDS IA - BUCKEYE (PLANT 9120),DIESEL,41290,289032,3,59216,0,59216,59216,297686,0,w5,59216,0,297686,82580.0,317935.0,Available,Available,200%,200,110%,110,-1,-1,07/20 00:00:00 CDT,w3,0,2015-07-22 00:00:00,Contract,Contract,41290,41290,289032,23364,20249,0,0,0,0,883426,883427,2015-07-19 23:50:58,2015-07-19 23:50:58,0,0,0,0,0,0,0,0,0,0,0,0,0,0,0,,41290,0,289032,82580.0,0,317935.0,True,True,297686,True,0,0,23364,0,20249,-1,-1,-1,0,0
2015-07-20,2015-07-20 00:00:00,BP,Channel: 50 - Commercial,CEDAR RAPIDS IA - BUCKEYE (PLANT 9120),DIESEL,41290,289032,3,29800,0,29800,29800,327486,0,w5,29800,0,327486,82580.0,317935.0,Out,Out,200%,200,110%,110,-1,-1,07/21 00:00:00 CDT,w3,0,2015-07-22 00:00:00,Contract,Contract,41290,41290,289032,62331,0,8000,8000,1551,1551,913792,913793,2015-07-20 23:51:08,2015-07-20 23:51:08,0,0,0,0,0,0,0,0,0,0,0,0,0,0,0,,41290,0,289032,82580.0,0,317935.0,True,True,327486,True,0,0,52780,0,-9551,-1,-1,8000,0,0
2015-07-21,2015-07-21 00:00:00,BP,Channel: 50 - Commercial,CEDAR RAPIDS IA - BUCKEYE (PLANT 9120),DIESEL,41290,289032,0,0,0,0,0,327486,0,w5,0,0,327486,82580.0,317935.0,Out,Out,200%,200,110%,110,-1,-1,07/22 00:00:00 CDT,w3,0,2015-07-22 00:00:00,Contract,Contract,41290,41290,289032,82580,0,8000,8000,1551,1551,934333,934334,2015-07-21 16:49:46,2015-07-21 16:49:46,0,0,0,0,0,0,0,0,0,0,0,0,0,0,0,,41290,0,289032,82580.0,0,317935.0,True,True,327486,True,0,0,82580,0,-9551,-1,-1,8000,0,0
2015-07-22,2015-07-22 00:00:00,BP,Channel: 50 - Commercial,CEDAR RAPIDS IA - BUCKEYE (PLANT 9120),DIESEL,41290,289032,3,0,0,0,0,0,0,w6,0,0,0,82580.0,317935.0,Available,Available,200%,200,110%,110,-1,-1,07/23 00:00:00 CDT,w4,0,2015-07-29 00:00:00,Contract,Contract,41290,41290,289032,82580,317935,0,0,0,0,976409,976410,2015-07-22 23:51:08,2015-07-22 23:51:08,0,0,0,0,0,0,0,0,0,0,0,0,0,0,0,,41290,0,289032,82580.0,0,317935.0,True,True,0,0,0,0,82580,0,317935,-1,-1,-1,0,0
2015-07-23,2015-07-23 00:00:00,BP,Channel: 50 - Commercial,CEDAR RAPIDS IA - BUCKEYE (PLANT 9120),DIESEL,41290,289032,0,0,0,0,0,0,0,w6,0,0,0,82580.0,317935.0,Available,Available,200%,200,110%,110,-1,-1,07/24 00:00:00 CDT,w4,0,2015-07-29 00:00:00,Contract,Contract,41290,41290,289032,82580,317935,0,0,0,0,994618,994619,2015-07-23 16:49:16,2015-07-23 16:49:16,0,0,0,0,0,0,0,0,0,0,0,0,0,0,0,,41290,0,289032,82580.0,0,317935.0,True,True,0,0,0,0,82580,0,317935,-1,-1,-1,0,0
2015-07-24,2015-07-24 00:00:00,BP,Channel: 50 - Commercial,CEDAR RAPIDS IA - BUCKEYE (PLANT 9120),DIESEL,-1,-1,0,-1,0,-1,-1,-1,0,w7,-1,0,-1,-1.0,-1.0,-1,-1,-1,200,-1,110,-1,-1,-1,w4,1,2015-07-29 00:00:00,-1,-1,41290,-1,-1,-1,-1,-1,-1,-1,-1,-1,-1,2015-07-24 00:00:00,2015-07-24 00:00:00,-1,-1,0,-1,-1,-1,-1,0,-1,-1,0,-1,-1,-1,-1,2015-07-24 00:00:00,41290,0,289032,82580.0,0,317935.0,True,True,0,0,0,0,-1,-1,-1,-1,-1,-1,0,0
2015-07-25,2015-07-25 00:00:00,BP,Channel: 50 - Commercial,CEDAR RAPIDS IA - BUCKEYE (PLANT 9120),DIESEL,-1,-1,0,-1,0,-1,-1,-1,0,w7,-1,0,-1,-1.0,-1.0,-1,-1,-1,200,-1,110,-1,-1,-1,w4,1,2015-07-29 00:00:00,-1,-1,41290,-1,-1,-1,-1,-1,-1,-1,-1,-1,-1,2015-07-25 00:00:00,2015-07-25 00:00:00,-1,-1,0,-1,-1,-1,-1,0,-1,-1,0,-1,-1,-1,-1,2015-07-25 00:00:00,-1,-1,-1,-1.0,-1,-1.0,False,False,0,0,0,0,-1,-1,-1,-1,-1,-1,0,0
2015-07-26,2015-07-26 00:00:00,BP,Channel: 50 - Commercial,CEDAR RAPIDS IA - BUCKEYE (PLANT 9120),DIESEL,-1,-1,0,-1,0,-1,-1,-1,0,w7,-1,0,-1,-1.0,-1.0,-1,-1,-1,200,-1,110,-1,-1,-1,w4,1,2015-07-29 00:00:00,-1,-1,41290,-1,-1,-1,-1,-1,-1,-1,-1,-1,-1,2015-07-26 00:00:00,2015-07-26 00:00:00,-1,-1,0,-1,-1,-1,-1,0,-1,-1,0,-1,-1,-1,-1,2015-07-26 00:00:00,-1,-1,-1,-1.0,-1,-1.0,False,False,0,0,0,0,-1,-1,-1,-1,-1,-1,0,0
2015-07-27,2015-07-27 00:00:00,BP,Channel: 50 - Commercial,CEDAR RAPIDS IA - BUCKEYE (PLANT 9120),DIESEL,-1,-1,0,-1,0,-1,-1,-1,0,w7,-1,0,-1,-1.0,-1.0,-1,-1,-1,200,-1,110,-1,-1,-1,w4,1,2015-07-29 00:00:00,-1,-1,41290,-1,-1,-1,-1,-1,-1,-1,-1,-1,-1,2015-07-27 00:00:00,2015-07-27 00:00:00,-1,-1,0,-1,-1,-1,-1,0,-1,-1,0,-1,-1,-1,-1,2015-07-27 00:00:00,-1,-1,-1,-1.0,-1,-1.0,False,False,0,0,0,0,-1,-1,-1,-1,-1,-1,0,0
2015-07-28,2015-07-28 00:00:00,BP,Channel: 50 - Commercial,CEDAR RAPIDS IA - BUCKEYE (PLANT 9120),DIESEL,-1,-1,0,-1,0,-1,-1,-1,0,w7,-1,0,-1,-1.0,-1.0,-1,-1,-1,200,-1,110,-1,-1,-1,w4,1,2015-07-29 00:00:00,-1,-1,41290,-1,-1,-1,-1,-1,-1,-1,-1,-1,-1,2015-07-28 00:00:00,2015-07-28 00:00:00,-1,-1,0,-1,-1,-1,-1,0,-1,-1,0,-1,-1,-1,-1,2015-07-28 00:00:00,-1,-1,-1,-1.0,-1,-1.0,False,False,0,0,0,0,-1,-1,-1,-1,-1,-1,0,0
2015-07-29,2015-07-29 00:00:00,BP,Channel: 50 - Commercial,CEDAR RAPIDS IA - BUCKEYE (PLANT 9120),DIESEL,-1,-1,0,-1,0,-1,-1,-1,0,w7,-1,0,-1,-1.0,-1.0,-1,-1,-1,200,-1,110,-1,-1,-1,w5,1,2015-08-05 00:00:00,-1,-1,41290,-1,-1,-1,-1,-1,-1,-1,-1,-1,-1,2015-07-29 00:00:00,2015-07-29 00:00:00,-1,-1,0,-1,-1,-1,-1,0,-1,-1,0,-1,-1,-1,-1,2015-07-29 00:00:00,-1,-1,-1,-1.0,-1,-1.0,False,True,0,0,0,0,-1,-1,-1,-1,-1,-1,0,0
2015-07-30,2015-07-30 00:00:00,BP,Channel: 50 - Commercial,CEDAR RAPIDS IA - BUCKEYE (PLANT 9120),DIESEL,-1,-1,0,-1,0,-1,-1,-1,0,w7,-1,0,-1,-1.0,-1.0,-1,-1,-1,200,-1,110,-1,-1,-1,w5,1,2015-08-05 00:00:00,-1,-1,41290,-1,-1,-1,-1,-1,-1,-1,-1,-1,-1,2015-07-30 00:00:00,2015-07-30 00:00:00,-1,-1,0,-1,-1,-1,-1,0,-1,-1,0,-1,-1,-1,-1,2015-07-30 00:00:00,-1,-1,-1,-1.0,-1,-1.0,False,False,0,0,0,0,-1,-1,-1,-1,-1,-1,0,0
2015-07-31,2015-07-31 00:00:00,BP,Channel: 50 - Commercial,CEDAR RAPIDS IA - BUCKEYE (PLANT 9120),DIESEL,-1,-1,0,-1,0,-1,-1,-1,0,w7,-1,0,-1,-1.0,-1.0,-1,-1,-1,200,-1,110,-1,-1,-1,w5,1,2015-08-05 00:00:00,-1,-1,41290,-1,-1,-1,-1,-1,-1,-1,-1,-1,-1,2015-07-31 00:00:00,2015-07-31 00:00:00,-1,-1,0,-1,-1,-1,-1,0,-1,-1,0,-1,-1,-1,-1,2015-07-31 00:00:00,-1,-1,-1,-1.0,-1,-1.0,False,False,0,0,0,0,-1,-1,-1,-1,-1,-1,0,0
