,date,supplier_name,account_type,supplier_terminal_name,product_name,base_gallons_Daily,base_gallons_Weekly,lifted_gallons_daily_flag,lifted_gallons_daily_modified,Modified_WeeksByLiftedGallons,lifted_gallons_modified_WeeksByLiftedGallons,lifted_gallons_Daily,Lifted_actual_weekly,lifted_gallons_weekly_flag,WeeksByLiftedGallons,lifted_gallonsWeekly_modified_aposteriori,Modified_LiftedGallonsaposteriori,lifted_gallons_Weekly,beginning_gallons_Daily,beginning_gallons_Weekly,en_allocation_status_Daily,en_allocation_status_Weekly,percentage_allocation_Daily_actual,percentage_allocation_Daily,percentage_allocation_Weekly_actual,percentage_allocation_Weekly,alerts_ratability_Daily,alerts_ratability_Weekly,next_refresh_date_Daily,Week_switch,Modified_NRD,next_refresh_date_Weekly,en_account_type_Daily,en_account_type_Weekly,NRB_Daily,next_refresh_base_gallons_Daily,next_refresh_base_gallons_Weekly,remaining_gallons_Daily,remaining_gallons_Weekly,additional_gallons_allowed_Daily,additional_gallons_allowed_Weekly,additional_gallons_remaining_Daily,additional_gallons_remaining_Weekly,staging_id_Daily,staging_id_Weekly,execution_date_Daily,execution_date_Weekly,base_gallons_Monthly,Lifted_actual_monthly,lifted_gallons_monthly_flag,lifted_gallons_Monthly,beginning_gallons_Monthly,en_allocation_status_Monthly,percentage_allocation_Monthly_actual,percentage_allocation_Monthly,alerts_ratability_Monthly,next_refresh_date_Monthly,NRB_Monthly,next_refresh_base_gallons_Monthly,remaining_gallons_Monthly,additional_gallons_allowed_Monthly,additional_gallons_remaining_Monthly,execution_date_Monthly,base_gallons_Daily_Reconciled,base_gallons_Monthly_Reconciled,base_gallons_Weekly_Reconciled,beginning_gallons_Daily_Reconciled,beginning_gallons_Monthly_Reconciled,beginning_gallons_Weekly_Reconciled,sanityWeekly_CumulativeDaily_WeeksByLiftedGallons,sanityWeekly_CumulativeDaily_NextRefreshDate,computedWeekly,sanityComputedWeekly,computedMonthly,sanityComputedMonthly,remaining_gallons_Daily_Reconciled,remaining_gallons_Monthly_Reconciled,remaining_gallons_Weekly_Reconciled,additional_gallons_remaining_Daily_Reconciled,additional_gallons_remaining_Monthly_Reconciled,additional_gallons_remaining_Weekly_Reconciled,sanityMonthly_CumulativeDaily_WeeksByLiftedGallons,sanityMonthly_CumulativeDaily_WeeksByNextRefreshDate
2015-07-01,2015-07-01 00:00:00,BP,Channel: 50 - Commercial,RIVER ROUGE MI - BUCKEYE (PLANT 9123),PREMIUM,-1,14948,3,0,1,0,-1,0,0,w1,-1,0,0,-1.0,16443.0,-1,Available,-1,100,110%,110,-1,-1,-1,w1,0,2015-07-08 00:00:00,-1,Contract,-1,-1,14948,-1,16443,-1,0,-1,0,-1,508166,-1,2015-07-01 23:48:47,0,0,0,0,0,0,0,0,0,0,0,0,0,0,0,,-1,0,14948,-1.0,0,16442.0,True,True,0,0,0,0,-1,0,16443,-1,-1,-1,1,1
2015-07-02,2015-07-02 00:00:00,BP,Channel: 50 - Commercial,RIVER ROUGE MI - BUCKEYE (PLANT 9123),PREMIUM,-1,14948,0,-1,1,2798,-1,2798,0,w1,-1,0,2798,-1.0,16443.0,-1,Available,-1,100,110%,110,-1,-1,-1,w1,0,2015-07-08 00:00:00,-1,Contract,-1,-1,14948,-1,13645,-1,0,-1,0,-1,528391,-1,2015-07-02 14:50:06,0,0,0,0,0,0,0,0,0,0,0,0,0,0,0,,-1,0,14948,-1.0,0,16442.0,True,False,0,0,0,0,-1,0,13645,-1,-1,-1,0,0
2015-07-03,2015-07-03 00:00:00,BP,Channel: 50 - Commercial,RIVER ROUGE MI - BUCKEYE (PLANT 9123),PREMIUM,-1,14948,0,-1,1,0,-1,2798,0,w1,-1,0,2798,-1.0,16443.0,-1,Available,-1,100,110%,110,-1,-1,-1,w1,0,2015-07-08 00:00:00,-1,Contract,-1,-1,14948,-1,13645,-1,0,-1,0,-1,536009,-1,2015-07-03 09:24:29,0,0,0,0,0,0,0,0,0,0,0,0,0,0,0,,-1,0,14948,-1.0,0,16442.0,True,False,0,0,0,0,-1,0,13645,-1,-1,-1,0,0
2015-07-04,2015-07-04 00:00:00,BP,Channel: 50 - Commercial,RIVER ROUGE MI - BUCKEYE (PLANT 9123),PREMIUM,-1,14948,0,-1,1,1201,-1,3999,0,w1,-1,0,3999,-1.0,16443.0,-1,Available,-1,100,110%,110,-1,-1,-1,w1,0,2015-07-08 00:00:00,-1,Contract,-1,-1,14948,-1,12444,-1,0,-1,0,-1,542297,-1,2015-07-04 08:44:50,0,0,0,0,0,0,0,0,0,0,0,0,0,0,0,,-1,0,14948,-1.0,0,16442.0,True,False,0,0,0,0,-1,0,12444,-1,-1,-1,0,0
2015-07-05,2015-07-05 00:00:00,BP,Channel: 50 - Commercial,RIVER ROUGE MI - BUCKEYE (PLANT 9123),PREMIUM,-1,14948,0,-1,1,1199,-1,5198,0,w1,-1,0,5198,-1.0,16443.0,-1,Available,-1,100,110%,110,-1,-1,-1,w1,0,2015-07-08 00:00:00,-1,Contract,-1,-1,14948,-1,11245,-1,0,-1,0,-1,548741,-1,2015-07-05 08:45:00,0,0,0,0,0,0,0,0,0,0,0,0,0,0,0,,-1,0,14948,-1.0,0,16442.0,True,False,0,0,0,0,-1,0,11245,-1,-1,-1,0,0
2015-07-06,2015-07-06 00:00:00,BP,Channel: 50 - Commercial,RIVER ROUGE MI - BUCKEYE (PLANT 9123),PREMIUM,-1,14948,0,-1,1,3199,-1,8397,0,w1,-1,0,8397,-1.0,16443.0,-1,Available,-1,100,110%,110,-1,-1,-1,w1,0,2015-07-08 00:00:00,-1,Contract,-1,-1,14948,-1,8046,-1,0,-1,0,-1,555054,-1,2015-07-06 08:46:04,0,0,0,0,0,0,0,0,0,0,0,0,0,0,0,,-1,0,14948,-1.0,0,16442.0,True,False,0,0,0,0,-1,0,8046,-1,-1,-1,0,0
2015-07-07,2015-07-07 00:00:00,BP,Channel: 50 - Commercial,RIVER ROUGE MI - BUCKEYE (PLANT 9123),PREMIUM,-1,14948,0,-1,1,2001,-1,10398,0,w1,-1,0,10398,-1.0,16443.0,-1,Available,-1,100,110%,110,-1,-1,-1,w1,0,2015-07-08 00:00:00,-1,Contract,-1,-1,14948,-1,6045,-1,0,-1,0,-1,568067,-1,2015-07-07 22:45:48,0,0,0,0,0,0,0,0,0,0,0,0,0,0,0,,-1,0,14948,-1.0,0,16442.0,True,False,0,0,0,0,-1,0,6045,-1,-1,-1,0,0
2015-07-08,2015-07-08 00:00:00,BP,Channel: 50 - Commercial,RIVER ROUGE MI - BUCKEYE (PLANT 9123),PREMIUM,-1,14948,3,2001,1,2001,-1,2001,0,w2,-1,0,2001,-1.0,16443.0,-1,Available,-1,100,110%,110,-1,-1,-1,w2,0,2015-07-15 00:00:00,-1,Contract,-1,-1,14948,-1,14442,-1,0,-1,0,-1,578089,-1,2015-07-08 14:02:06,0,0,0,0,0,0,0,0,0,0,0,0,0,0,0,,-1,0,14948,-1.0,0,16442.0,True,True,0,0,0,0,-1,0,14442,-1,-1,-1,0,0
2015-07-09,2015-07-09 00:00:00,BP,Channel: 50 - Commercial,RIVER ROUGE MI - BUCKEYE (PLANT 9123),PREMIUM,-1,-1,0,-1,0,-1,-1,-1,0,w3,-1,0,-1,-1.0,-1.0,-1,-1,-1,100,-1,110,-1,-1,-1,w2,1,2015-07-15 00:00:00,-1,-1,-1,-1,-1,-1,-1,-1,-1,-1,-1,-1,-1,2015-07-09 00:00:00,2015-07-09 00:00:00,-1,-1,0,-1,-1,-1,-1,0,-1,-1,0,-1,-1,-1,-1,2015-07-09 00:00:00,-1,0,14948,-1.0,0,16442.0,True,False,0,0,0,0,-1,-1,-1,-1,-1,-1,0,0
2015-07-10,2015-07-10 00:00:00,BP,Channel: 50 - Commercial,RIVER ROUGE MI - BUCKEYE (PLANT 9123),PREMIUM,-1,14948,0,-1,0,-1,-1,9399,0,w3,-1,0,9399,-1.0,16443.0,-1,Available,-1,100,110%,110,-1,-1,-1,w2,0,2015-07-15 00:00:00,-1,Contract,-1,-1,14948,-1,7044,-1,0,-1,0,-1,609059,-1,2015-07-10 23:51:03,0,0,0,0,0,0,0,0,0,0,0,0,0,0,0,,-1,0,14948,-1.0,0,16442.0,False,False,0,0,0,0,-1,0,7044,-1,-1,-1,0,0
2015-07-11,2015-07-11 00:00:00,BP,Channel: 50 - Commercial,RIVER ROUGE MI - BUCKEYE (PLANT 9123),PREMIUM,-1,14948,0,-1,1,0,-1,9399,0,w3,-1,0,9399,-1.0,16443.0,-1,Available,-1,100,110%,110,-1,-1,-1,w2,0,2015-07-15 00:00:00,-1,Contract,-1,-1,14948,-1,7044,-1,0,-1,0,-1,639299,-1,2015-07-11 23:51:11,0,0,0,0,0,0,0,0,0,0,0,0,0,0,0,,-1,0,14948,-1.0,0,16442.0,False,False,0,0,0,0,-1,0,7044,-1,-1,-1,0,0
2015-07-12,2015-07-12 00:00:00,BP,Channel: 50 - Commercial,RIVER ROUGE MI - BUCKEYE (PLANT 9123),PREMIUM,-1,-1,0,-1,0,-1,-1,-1,0,w4,-1,0,-1,-1.0,-1.0,-1,-1,-1,100,-1,110,-1,-1,-1,w2,1,2015-07-15 00:00:00,-1,-1,-1,-1,-1,-1,-1,-1,-1,-1,-1,-1,-1,2015-07-12 00:00:00,2015-07-12 00:00:00,-1,-1,0,-1,-1,-1,-1,0,-1,-1,0,-1,-1,-1,-1,2015-07-12 00:00:00,-1,0,14948,-1.0,0,16442.0,True,False,0,0,0,0,-1,-1,-1,-1,-1,-1,0,0
2015-07-13,2015-07-13 00:00:00,BP,Channel: 50 - Commercial,RIVER ROUGE MI - BUCKEYE (PLANT 9123),PREMIUM,-1,-1,0,-1,0,-1,-1,-1,0,w4,-1,0,-1,-1.0,-1.0,-1,-1,-1,100,-1,110,-1,-1,-1,w2,1,2015-07-15 00:00:00,-1,-1,-1,-1,-1,-1,-1,-1,-1,-1,-1,-1,-1,2015-07-13 00:00:00,2015-07-13 00:00:00,-1,-1,0,-1,-1,-1,-1,0,-1,-1,0,-1,-1,-1,-1,2015-07-13 00:00:00,-1,-1,-1,-1.0,-1,-1.0,False,False,0,0,0,0,-1,-1,-1,-1,-1,-1,0,0
2015-07-14,2015-07-14 00:00:00,BP,Channel: 50 - Commercial,RIVER ROUGE MI - BUCKEYE (PLANT 9123),PREMIUM,-1,14948,0,-1,0,-1,-1,9399,0,w4,-1,0,9399,-1.0,16443.0,-1,Available,-1,100,110%,110,-1,-1,-1,w2,0,2015-07-15 00:00:00,-1,Contract,-1,-1,14948,-1,7044,-1,0,-1,0,-1,731174,-1,2015-07-14 23:51:07,0,0,0,0,0,0,0,0,0,0,0,0,0,0,0,,-1,0,14948,-1.0,0,16442.0,False,False,0,0,0,0,-1,0,7044,-1,-1,-1,0,0
2015-07-15,2015-07-15 00:00:00,BP,Channel: 50 - Commercial,RIVER ROUGE MI - BUCKEYE (PLANT 9123),PREMIUM,-1,14948,3,0,1,0,-1,0,0,w5,-1,0,0,-1.0,16443.0,-1,Available,-1,100,110%,110,-1,-1,-1,w3,0,2015-07-22 00:00:00,-1,Contract,-1,-1,14948,-1,16443,-1,0,-1,0,-1,756392,-1,2015-07-15 23:51:06,0,0,0,0,0,0,0,0,0,0,0,0,0,0,0,,-1,0,14948,-1.0,0,16442.0,True,True,0,0,0,0,-1,0,16443,-1,-1,-1,0,0
2015-07-16,2015-07-16 00:00:00,BP,Channel: 50 - Commercial,RIVER ROUGE MI - BUCKEYE (PLANT 9123),PREMIUM,-1,14948,0,-1,1,1999,-1,1999,0,w5,-1,0,1999,-1.0,16443.0,-1,Available,-1,100,110%,110,-1,-1,-1,w3,0,2015-07-22 00:00:00,-1,Contract,-1,-1,14948,-1,14444,-1,0,-1,0,-1,789694,-1,2015-07-16 23:50:59,0,0,0,0,0,0,0,0,0,0,0,0,0,0,0,,-1,0,14948,-1.0,0,16442.0,True,False,0,0,0,0,-1,0,14444,-1,-1,-1,0,0
2015-07-17,2015-07-17 00:00:00,BP,Channel: 50 - Commercial,RIVER ROUGE MI - BUCKEYE (PLANT 9123),PREMIUM,-1,14948,0,-1,1,0,-1,1999,0,w5,-1,0,1999,-1.0,16443.0,-1,Available,-1,100,110%,110,-1,-1,-1,w3,0,2015-07-22 00:00:00,-1,Contract,-1,-1,14948,-1,14444,-1,0,-1,0,-1,821722,-1,2015-07-17 23:50:59,0,0,0,0,0,0,0,0,0,0,0,0,0,0,0,,-1,0,14948,-1.0,0,16442.0,True,False,0,0,0,0,-1,0,14444,-1,-1,-1,0,0
2015-07-18,2015-07-18 00:00:00,BP,Channel: 50 - Commercial,RIVER ROUGE MI - BUCKEYE (PLANT 9123),PREMIUM,-1,14948,0,-1,1,0,-1,1999,0,w5,-1,0,1999,-1.0,16443.0,-1,Available,-1,100,110%,110,-1,-1,-1,w3,0,2015-07-22 00:00:00,-1,Contract,-1,-1,14948,-1,14444,-1,0,-1,0,-1,852184,-1,2015-07-18 23:51:06,0,0,0,0,0,0,0,0,0,0,0,0,0,0,0,,-1,0,14948,-1.0,0,16442.0,True,False,0,0,0,0,-1,0,14444,-1,-1,-1,0,0
2015-07-19,2015-07-19 00:00:00,BP,Channel: 50 - Commercial,RIVER ROUGE MI - BUCKEYE (PLANT 9123),PREMIUM,-1,14948,0,-1,1,4000,-1,5999,0,w5,-1,0,5999,-1.0,16443.0,-1,Available,-1,100,110%,110,-1,-1,-1,w3,0,2015-07-22 00:00:00,-1,Contract,-1,-1,14948,-1,10444,-1,0,-1,0,-1,883445,-1,2015-07-19 23:50:58,0,0,0,0,0,0,0,0,0,0,0,0,0,0,0,,-1,0,14948,-1.0,0,16442.0,True,False,0,0,0,0,-1,0,10444,-1,-1,-1,0,0
2015-07-20,2015-07-20 00:00:00,BP,Channel: 50 - Commercial,RIVER ROUGE MI - BUCKEYE (PLANT 9123),PREMIUM,-1,14948,0,-1,1,1999,-1,7998,0,w5,-1,0,7998,-1.0,16443.0,-1,Available,-1,100,110%,110,-1,-1,-1,w3,0,2015-07-22 00:00:00,-1,Contract,-1,-1,14948,-1,8445,-1,0,-1,0,-1,913810,-1,2015-07-20 23:51:08,0,0,0,0,0,0,0,0,0,0,0,0,0,0,0,,-1,0,14948,-1.0,0,16442.0,True,False,0,0,0,0,-1,0,8445,-1,-1,-1,0,0
2015-07-21,2015-07-21 00:00:00,BP,Channel: 50 - Commercial,RIVER ROUGE MI - BUCKEYE (PLANT 9123),PREMIUM,-1,14948,0,-1,1,4799,-1,12797,0,w5,-1,0,12797,-1.0,16443.0,-1,Available,-1,100,110%,110,-1,-1,-1,w3,0,2015-07-22 00:00:00,-1,Contract,-1,-1,14948,-1,3646,-1,8000,-1,8000,-1,934351,-1,2015-07-21 16:49:46,0,0,0,0,0,0,0,0,0,0,0,0,0,0,0,,-1,0,14948,-1.0,0,16442.0,True,False,0,0,0,0,-1,0,3646,-1,-1,-1,0,0
2015-07-22,2015-07-22 00:00:00,BP,Channel: 50 - Commercial,RIVER ROUGE MI - BUCKEYE (PLANT 9123),PREMIUM,-1,14948,3,3400,1,3400,-1,3400,0,w6,-1,0,3400,-1.0,16443.0,-1,Available,-1,100,110%,110,-1,-1,-1,w4,0,2015-07-29 00:00:00,-1,Contract,-1,-1,14948,-1,13043,-1,0,-1,0,-1,976423,-1,2015-07-22 23:51:08,0,0,0,0,0,0,0,0,0,0,0,0,0,0,0,,-1,0,14948,-1.0,0,16442.0,True,True,0,0,0,0,-1,0,13043,-1,-1,-1,0,0
2015-07-23,2015-07-23 00:00:00,BP,Channel: 50 - Commercial,RIVER ROUGE MI - BUCKEYE (PLANT 9123),PREMIUM,-1,14948,0,-1,1,0,-1,3400,0,w6,-1,0,3400,-1.0,16443.0,-1,Available,-1,100,110%,110,-1,-1,-1,w4,0,2015-07-29 00:00:00,-1,Contract,-1,-1,14948,-1,13043,-1,0,-1,0,-1,994632,-1,2015-07-23 16:49:16,0,0,0,0,0,0,0,0,0,0,0,0,0,0,0,,-1,0,14948,-1.0,0,16442.0,True,False,0,0,0,0,-1,0,13043,-1,-1,-1,0,0
2015-07-24,2015-07-24 00:00:00,BP,Channel: 50 - Commercial,RIVER ROUGE MI - BUCKEYE (PLANT 9123),PREMIUM,-1,-1,0,-1,0,-1,-1,-1,0,w7,-1,0,-1,-1.0,-1.0,-1,-1,-1,100,-1,110,-1,-1,-1,w4,1,2015-07-29 00:00:00,-1,-1,-1,-1,-1,-1,-1,-1,-1,-1,-1,-1,-1,2015-07-24 00:00:00,2015-07-24 00:00:00,-1,-1,0,-1,-1,-1,-1,0,-1,-1,0,-1,-1,-1,-1,2015-07-24 00:00:00,-1,0,14948,-1.0,0,16442.0,True,False,0,0,0,0,-1,-1,-1,-1,-1,-1,0,0
2015-07-25,2015-07-25 00:00:00,BP,Channel: 50 - Commercial,RIVER ROUGE MI - BUCKEYE (PLANT 9123),PREMIUM,-1,-1,0,-1,0,-1,-1,-1,0,w7,-1,0,-1,-1.0,-1.0,-1,-1,-1,100,-1,110,-1,-1,-1,w4,1,2015-07-29 00:00:00,-1,-1,-1,-1,-1,-1,-1,-1,-1,-1,-1,-1,-1,2015-07-25 00:00:00,2015-07-25 00:00:00,-1,-1,0,-1,-1,-1,-1,0,-1,-1,0,-1,-1,-1,-1,2015-07-25 00:00:00,-1,-1,-1,-1.0,-1,-1.0,False,False,0,0,0,0,-1,-1,-1,-1,-1,-1,0,0
2015-07-26,2015-07-26 00:00:00,BP,Channel: 50 - Commercial,RIVER ROUGE MI - BUCKEYE (PLANT 9123),PREMIUM,-1,-1,0,-1,0,-1,-1,-1,0,w7,-1,0,-1,-1.0,-1.0,-1,-1,-1,100,-1,110,-1,-1,-1,w4,1,2015-07-29 00:00:00,-1,-1,-1,-1,-1,-1,-1,-1,-1,-1,-1,-1,-1,2015-07-26 00:00:00,2015-07-26 00:00:00,-1,-1,0,-1,-1,-1,-1,0,-1,-1,0,-1,-1,-1,-1,2015-07-26 00:00:00,-1,-1,-1,-1.0,-1,-1.0,False,False,0,0,0,0,-1,-1,-1,-1,-1,-1,0,0
2015-07-27,2015-07-27 00:00:00,BP,Channel: 50 - Commercial,RIVER ROUGE MI - BUCKEYE (PLANT 9123),PREMIUM,-1,-1,0,-1,0,-1,-1,-1,0,w7,-1,0,-1,-1.0,-1.0,-1,-1,-1,100,-1,110,-1,-1,-1,w4,1,2015-07-29 00:00:00,-1,-1,-1,-1,-1,-1,-1,-1,-1,-1,-1,-1,-1,2015-07-27 00:00:00,2015-07-27 00:00:00,-1,-1,0,-1,-1,-1,-1,0,-1,-1,0,-1,-1,-1,-1,2015-07-27 00:00:00,-1,-1,-1,-1.0,-1,-1.0,False,False,0,0,0,0,-1,-1,-1,-1,-1,-1,0,0
2015-07-28,2015-07-28 00:00:00,BP,Channel: 50 - Commercial,RIVER ROUGE MI - BUCKEYE (PLANT 9123),PREMIUM,-1,-1,0,-1,0,-1,-1,-1,0,w7,-1,0,-1,-1.0,-1.0,-1,-1,-1,100,-1,110,-1,-1,-1,w4,1,2015-07-29 00:00:00,-1,-1,-1,-1,-1,-1,-1,-1,-1,-1,-1,-1,-1,2015-07-28 00:00:00,2015-07-28 00:00:00,-1,-1,0,-1,-1,-1,-1,0,-1,-1,0,-1,-1,-1,-1,2015-07-28 00:00:00,-1,-1,-1,-1.0,-1,-1.0,False,False,0,0,0,0,-1,-1,-1,-1,-1,-1,0,0
2015-07-29,2015-07-29 00:00:00,BP,Channel: 50 - Commercial,RIVER ROUGE MI - BUCKEYE (PLANT 9123),PREMIUM,-1,-1,0,-1,0,-1,-1,-1,0,w7,-1,0,-1,-1.0,-1.0,-1,-1,-1,100,-1,110,-1,-1,-1,w5,1,2015-08-05 00:00:00,-1,-1,-1,-1,-1,-1,-1,-1,-1,-1,-1,-1,-1,2015-07-29 00:00:00,2015-07-29 00:00:00,-1,-1,0,-1,-1,-1,-1,0,-1,-1,0,-1,-1,-1,-1,2015-07-29 00:00:00,-1,-1,-1,-1.0,-1,-1.0,False,True,0,0,0,0,-1,-1,-1,-1,-1,-1,0,0
2015-07-30,2015-07-30 00:00:00,BP,Channel: 50 - Commercial,RIVER ROUGE MI - BUCKEYE (PLANT 9123),PREMIUM,-1,-1,0,-1,0,-1,-1,-1,0,w7,-1,0,-1,-1.0,-1.0,-1,-1,-1,100,-1,110,-1,-1,-1,w5,1,2015-08-05 00:00:00,-1,-1,-1,-1,-1,-1,-1,-1,-1,-1,-1,-1,-1,2015-07-30 00:00:00,2015-07-30 00:00:00,-1,-1,0,-1,-1,-1,-1,0,-1,-1,0,-1,-1,-1,-1,2015-07-30 00:00:00,-1,-1,-1,-1.0,-1,-1.0,False,False,0,0,0,0,-1,-1,-1,-1,-1,-1,0,0
2015-07-31,2015-07-31 00:00:00,BP,Channel: 50 - Commercial,RIVER ROUGE MI - BUCKEYE (PLANT 9123),PREMIUM,-1,-1,0,-1,0,-1,-1,-1,0,w7,-1,0,-1,-1.0,-1.0,-1,-1,-1,100,-1,110,-1,-1,-1,w5,1,2015-08-05 00:00:00,-1,-1,-1,-1,-1,-1,-1,-1,-1,-1,-1,-1,-1,2015-07-31 00:00:00,2015-07-31 00:00:00,-1,-1,0,-1,-1,-1,-1,0,-1,-1,0,-1,-1,-1,-1,2015-07-31 00:00:00,-1,-1,-1,-1.0,-1,-1.0,False,False,0,0,0,0,-1,-1,-1,-1,-1,-1,0,0
