,date,supplier_name,account_type,supplier_terminal_name,product_name,base_gallons_Daily,base_gallons_Weekly,lifted_gallons_daily_flag,lifted_gallons_daily_modified,Modified_WeeksByLiftedGallons,lifted_gallons_modified_WeeksByLiftedGallons,lifted_gallons_Daily,Lifted_actual_weekly,lifted_gallons_weekly_flag,WeeksByLiftedGallons,lifted_gallonsWeekly_modified_aposteriori,Modified_LiftedGallonsaposteriori,lifted_gallons_Weekly,beginning_gallons_Daily,beginning_gallons_Weekly,en_allocation_status_Daily,en_allocation_status_Weekly,percentage_allocation_Daily_actual,percentage_allocation_Daily,percentage_allocation_Weekly_actual,percentage_allocation_Weekly,alerts_ratability_Daily,alerts_ratability_Weekly,next_refresh_date_Daily,Week_switch,Modified_NRD,next_refresh_date_Weekly,en_account_type_Daily,en_account_type_Weekly,NRB_Daily,next_refresh_base_gallons_Daily,next_refresh_base_gallons_Weekly,remaining_gallons_Daily,remaining_gallons_Weekly,additional_gallons_allowed_Daily,additional_gallons_allowed_Weekly,additional_gallons_remaining_Daily,additional_gallons_remaining_Weekly,staging_id_Daily,staging_id_Weekly,execution_date_Daily,execution_date_Weekly,base_gallons_Monthly,Lifted_actual_monthly,lifted_gallons_monthly_flag,lifted_gallons_Monthly,beginning_gallons_Monthly,en_allocation_status_Monthly,percentage_allocation_Monthly_actual,percentage_allocation_Monthly,alerts_ratability_Monthly,next_refresh_date_Monthly,NRB_Monthly,next_refresh_base_gallons_Monthly,remaining_gallons_Monthly,additional_gallons_allowed_Monthly,additional_gallons_remaining_Monthly,execution_date_Monthly,base_gallons_Daily_Reconciled,base_gallons_Monthly_Reconciled,base_gallons_Weekly_Reconciled,beginning_gallons_Daily_Reconciled,beginning_gallons_Monthly_Reconciled,beginning_gallons_Weekly_Reconciled,sanityWeekly_CumulativeDaily_WeeksByLiftedGallons,sanityWeekly_CumulativeDaily_NextRefreshDate,computedWeekly,sanityComputedWeekly,computedMonthly,sanityComputedMonthly,remaining_gallons_Daily_Reconciled,remaining_gallons_Monthly_Reconciled,remaining_gallons_Weekly_Reconciled,additional_gallons_remaining_Daily_Reconciled,additional_gallons_remaining_Monthly_Reconciled,additional_gallons_remaining_Weekly_Reconciled,sanityMonthly_CumulativeDaily_WeeksByLiftedGallons,sanityMonthly_CumulativeDaily_WeeksByNextRefreshDate
2015-07-01,2015-07-01 00:00:00,BP,Channel: 50 - Commercial,CORALVILLE IA - MAGELLAN (PLANT 3385),DIESEL,-1,-1,0,-1,0,-1,-1,-1,0,w1,-1,0,-1,-1.0,-1.0,-1,-1,-1,100,-1,-1,-1,-1,-1,w1,1,2015-07-08 00:00:00,-1,-1,-1,-1,-1,-1,-1,-1,-1,-1,-1,-1,-1,2015-07-01 00:00:00,2015-07-01 00:00:00,-1,-1,0,-1,-1,-1,-1,-1,-1,-1,0,-1,-1,-1,-1,2015-07-01 00:00:00,-1,-1,-1,-1.0,-1,-1.0,False,True,0,0,0,0,-1,-1,-1,-1,-1,-1,1,1
2015-07-02,2015-07-02 00:00:00,BP,Channel: 50 - Commercial,CORALVILLE IA - MAGELLAN (PLANT 3385),DIESEL,-1,-1,0,-1,0,-1,-1,-1,0,w1,-1,0,-1,-1.0,-1.0,-1,-1,-1,100,-1,-1,-1,-1,-1,w1,1,2015-07-08 00:00:00,-1,-1,-1,-1,-1,-1,-1,-1,-1,-1,-1,-1,-1,2015-07-02 00:00:00,2015-07-02 00:00:00,-1,-1,0,-1,-1,-1,-1,-1,-1,-1,0,-1,-1,-1,-1,2015-07-02 00:00:00,-1,-1,-1,-1.0,-1,-1.0,False,False,0,0,0,0,-1,-1,-1,-1,-1,-1,0,0
2015-07-03,2015-07-03 00:00:00,BP,Channel: 50 - Commercial,CORALVILLE IA - MAGELLAN (PLANT 3385),DIESEL,-1,-1,0,-1,0,-1,-1,-1,0,w1,-1,0,-1,-1.0,-1.0,-1,-1,-1,100,-1,-1,-1,-1,-1,w1,1,2015-07-08 00:00:00,-1,-1,-1,-1,-1,-1,-1,-1,-1,-1,-1,-1,-1,2015-07-03 00:00:00,2015-07-03 00:00:00,-1,-1,0,-1,-1,-1,-1,-1,-1,-1,0,-1,-1,-1,-1,2015-07-03 00:00:00,-1,-1,-1,-1.0,-1,-1.0,False,False,0,0,0,0,-1,-1,-1,-1,-1,-1,0,0
2015-07-04,2015-07-04 00:00:00,BP,Channel: 50 - Commercial,CORALVILLE IA - MAGELLAN (PLANT 3385),DIESEL,-1,-1,0,-1,0,-1,-1,-1,0,w1,-1,0,-1,-1.0,-1.0,-1,-1,-1,100,-1,-1,-1,-1,-1,w1,1,2015-07-08 00:00:00,-1,-1,-1,-1,-1,-1,-1,-1,-1,-1,-1,-1,-1,2015-07-04 00:00:00,2015-07-04 00:00:00,-1,-1,0,-1,-1,-1,-1,-1,-1,-1,0,-1,-1,-1,-1,2015-07-04 00:00:00,-1,-1,-1,-1.0,-1,-1.0,False,False,0,0,0,0,-1,-1,-1,-1,-1,-1,0,0
2015-07-05,2015-07-05 00:00:00,BP,Channel: 50 - Commercial,CORALVILLE IA - MAGELLAN (PLANT 3385),DIESEL,-1,270968,0,-1,0,-1,-1,0,0,w1,-1,0,0,-1.0,298065.0,-1,Available,-1,100,110%,110,-1,-1,-1,w1,0,2015-07-08 00:00:00,-1,Contract,-1,-1,270968,-1,298065,-1,0,-1,0,-1,548724,-1,2015-07-05 08:45:00,0,0,0,0,0,0,0,0,0,0,0,0,0,0,0,,-1,0,270968,-1.0,0,298064.0,False,False,0,0,0,0,-1,0,298065,-1,-1,-1,0,0
2015-07-06,2015-07-06 00:00:00,BP,Channel: 50 - Commercial,CORALVILLE IA - MAGELLAN (PLANT 3385),DIESEL,-1,270968,0,-1,1,0,-1,0,0,w1,-1,0,0,-1.0,298065.0,-1,Available,-1,100,110%,110,-1,-1,-1,w1,0,2015-07-08 00:00:00,-1,Contract,-1,-1,270968,-1,298065,-1,0,-1,0,-1,555040,-1,2015-07-06 08:46:04,0,0,0,0,0,0,0,0,0,0,0,0,0,0,0,,-1,0,270968,-1.0,0,298064.0,False,False,0,0,0,0,-1,0,298065,-1,-1,-1,0,0
2015-07-07,2015-07-07 00:00:00,BP,Channel: 50 - Commercial,CORALVILLE IA - MAGELLAN (PLANT 3385),DIESEL,-1,270968,0,-1,1,0,-1,0,0,w1,-1,0,0,-1.0,298065.0,-1,Available,-1,100,110%,110,-1,-1,-1,w1,0,2015-07-08 00:00:00,-1,Contract,-1,-1,270968,-1,298065,-1,0,-1,0,-1,568053,-1,2015-07-07 22:45:48,0,0,0,0,0,0,0,0,0,0,0,0,0,0,0,,-1,0,270968,-1.0,0,298064.0,False,False,0,0,0,0,-1,0,298065,-1,-1,-1,0,0
2015-07-08,2015-07-08 00:00:00,BP,Channel: 50 - Commercial,CORALVILLE IA - MAGELLAN (PLANT 3385),DIESEL,-1,270968,3,7401,1,7401,-1,7401,0,w1,-1,0,7401,-1.0,298065.0,-1,Available,-1,100,110%,110,-1,-1,-1,w2,0,2015-07-15 00:00:00,-1,Contract,-1,-1,270968,-1,290664,-1,0,-1,0,-1,578075,-1,2015-07-08 14:02:06,0,0,0,0,0,0,0,0,0,0,0,0,0,0,0,,-1,0,270968,-1.0,0,298064.0,False,True,0,0,0,0,-1,0,290664,-1,-1,-1,0,0
2015-07-09,2015-07-09 00:00:00,BP,Channel: 50 - Commercial,CORALVILLE IA - MAGELLAN (PLANT 3385),DIESEL,-1,-1,0,-1,0,-1,-1,-1,0,w2,-1,0,-1,-1.0,-1.0,-1,-1,-1,100,-1,110,-1,-1,-1,w2,1,2015-07-15 00:00:00,-1,-1,-1,-1,-1,-1,-1,-1,-1,-1,-1,-1,-1,2015-07-09 00:00:00,2015-07-09 00:00:00,-1,-1,0,-1,-1,-1,-1,0,-1,-1,0,-1,-1,-1,-1,2015-07-09 00:00:00,-1,0,270968,-1.0,0,298064.0,True,False,0,0,0,0,-1,-1,-1,-1,-1,-1,0,0
2015-07-10,2015-07-10 00:00:00,BP,Channel: 50 - Commercial,CORALVILLE IA - MAGELLAN (PLANT 3385),DIESEL,-1,270968,0,-1,0,-1,-1,7401,0,w2,-1,0,7401,-1.0,298065.0,-1,Available,-1,100,110%,110,-1,-1,-1,w2,0,2015-07-15 00:00:00,-1,Contract,-1,-1,270968,-1,290664,-1,0,-1,0,-1,609042,-1,2015-07-10 23:51:03,0,0,0,0,0,0,0,0,0,0,0,0,0,0,0,,-1,0,270968,-1.0,0,298064.0,False,False,0,0,0,0,-1,0,290664,-1,-1,-1,0,0
2015-07-11,2015-07-11 00:00:00,BP,Channel: 50 - Commercial,CORALVILLE IA - MAGELLAN (PLANT 3385),DIESEL,-1,270968,0,-1,1,0,-1,7401,0,w2,-1,0,7401,-1.0,298065.0,-1,Available,-1,100,110%,110,-1,-1,-1,w2,0,2015-07-15 00:00:00,-1,Contract,-1,-1,270968,-1,290664,-1,0,-1,0,-1,639282,-1,2015-07-11 23:51:11,0,0,0,0,0,0,0,0,0,0,0,0,0,0,0,,-1,0,270968,-1.0,0,298064.0,False,False,0,0,0,0,-1,0,290664,-1,-1,-1,0,0
2015-07-12,2015-07-12 00:00:00,BP,Channel: 50 - Commercial,CORALVILLE IA - MAGELLAN (PLANT 3385),DIESEL,-1,-1,0,-1,0,-1,-1,-1,0,w3,-1,0,-1,-1.0,-1.0,-1,-1,-1,100,-1,110,-1,-1,-1,w2,1,2015-07-15 00:00:00,-1,-1,-1,-1,-1,-1,-1,-1,-1,-1,-1,-1,-1,2015-07-12 00:00:00,2015-07-12 00:00:00,-1,-1,0,-1,-1,-1,-1,0,-1,-1,0,-1,-1,-1,-1,2015-07-12 00:00:00,-1,0,270968,-1.0,0,298064.0,True,False,0,0,0,0,-1,-1,-1,-1,-1,-1,0,0
2015-07-13,2015-07-13 00:00:00,BP,Channel: 50 - Commercial,CORALVILLE IA - MAGELLAN (PLANT 3385),DIESEL,-1,-1,0,-1,0,-1,-1,-1,0,w3,-1,0,-1,-1.0,-1.0,-1,-1,-1,100,-1,110,-1,-1,-1,w2,1,2015-07-15 00:00:00,-1,-1,-1,-1,-1,-1,-1,-1,-1,-1,-1,-1,-1,2015-07-13 00:00:00,2015-07-13 00:00:00,-1,-1,0,-1,-1,-1,-1,0,-1,-1,0,-1,-1,-1,-1,2015-07-13 00:00:00,-1,-1,-1,-1.0,-1,-1.0,False,False,0,0,0,0,-1,-1,-1,-1,-1,-1,0,0
2015-07-14,2015-07-14 00:00:00,BP,Channel: 50 - Commercial,CORALVILLE IA - MAGELLAN (PLANT 3385),DIESEL,-1,-1,0,-1,0,-1,-1,-1,0,w3,-1,0,-1,-1.0,-1.0,-1,-1,-1,100,-1,110,-1,-1,-1,w2,1,2015-07-15 00:00:00,-1,-1,-1,-1,-1,-1,-1,-1,-1,-1,-1,-1,-1,2015-07-14 00:00:00,2015-07-14 00:00:00,-1,-1,0,-1,-1,-1,-1,0,-1,-1,0,-1,-1,-1,-1,2015-07-14 00:00:00,-1,-1,-1,-1.0,-1,-1.0,False,False,0,0,0,0,-1,-1,-1,-1,-1,-1,0,0
2015-07-15,2015-07-15 00:00:00,BP,Channel: 50 - Commercial,CORALVILLE IA - MAGELLAN (PLANT 3385),DIESEL,-1,-1,0,-1,0,-1,-1,-1,0,w3,-1,0,-1,-1.0,-1.0,-1,-1,-1,100,-1,110,-1,-1,-1,w3,1,2015-07-22 00:00:00,-1,-1,-1,-1,-1,-1,-1,-1,-1,-1,-1,-1,-1,2015-07-15 00:00:00,2015-07-15 00:00:00,-1,-1,0,-1,-1,-1,-1,0,-1,-1,0,-1,-1,-1,-1,2015-07-15 00:00:00,-1,-1,-1,-1.0,-1,-1.0,False,True,0,0,0,0,-1,-1,-1,-1,-1,-1,0,0
2015-07-16,2015-07-16 00:00:00,BP,Channel: 50 - Commercial,CORALVILLE IA - MAGELLAN (PLANT 3385),DIESEL,-1,-1,0,-1,0,-1,-1,-1,0,w3,-1,0,-1,-1.0,-1.0,-1,-1,-1,100,-1,110,-1,-1,-1,w3,1,2015-07-22 00:00:00,-1,-1,-1,-1,-1,-1,-1,-1,-1,-1,-1,-1,-1,2015-07-16 00:00:00,2015-07-16 00:00:00,-1,-1,0,-1,-1,-1,-1,0,-1,-1,0,-1,-1,-1,-1,2015-07-16 00:00:00,-1,-1,-1,-1.0,-1,-1.0,False,False,0,0,0,0,-1,-1,-1,-1,-1,-1,0,0
2015-07-17,2015-07-17 00:00:00,BP,Channel: 50 - Commercial,CORALVILLE IA - MAGELLAN (PLANT 3385),DIESEL,-1,-1,0,-1,0,-1,-1,-1,0,w3,-1,0,-1,-1.0,-1.0,-1,-1,-1,100,-1,110,-1,-1,-1,w3,1,2015-07-22 00:00:00,-1,-1,-1,-1,-1,-1,-1,-1,-1,-1,-1,-1,-1,2015-07-17 00:00:00,2015-07-17 00:00:00,-1,-1,0,-1,-1,-1,-1,0,-1,-1,0,-1,-1,-1,-1,2015-07-17 00:00:00,-1,-1,-1,-1.0,-1,-1.0,False,False,0,0,0,0,-1,-1,-1,-1,-1,-1,0,0
2015-07-18,2015-07-18 00:00:00,BP,Channel: 50 - Commercial,CORALVILLE IA - MAGELLAN (PLANT 3385),DIESEL,-1,-1,0,-1,0,-1,-1,-1,0,w3,-1,0,-1,-1.0,-1.0,-1,-1,-1,100,-1,110,-1,-1,-1,w3,1,2015-07-22 00:00:00,-1,-1,-1,-1,-1,-1,-1,-1,-1,-1,-1,-1,-1,2015-07-18 00:00:00,2015-07-18 00:00:00,-1,-1,0,-1,-1,-1,-1,0,-1,-1,0,-1,-1,-1,-1,2015-07-18 00:00:00,-1,-1,-1,-1.0,-1,-1.0,False,False,0,0,0,0,-1,-1,-1,-1,-1,-1,0,0
2015-07-19,2015-07-19 00:00:00,BP,Channel: 50 - Commercial,CORALVILLE IA - MAGELLAN (PLANT 3385),DIESEL,-1,-1,0,-1,0,-1,-1,-1,0,w3,-1,0,-1,-1.0,-1.0,-1,-1,-1,100,-1,110,-1,-1,-1,w3,1,2015-07-22 00:00:00,-1,-1,-1,-1,-1,-1,-1,-1,-1,-1,-1,-1,-1,2015-07-19 00:00:00,2015-07-19 00:00:00,-1,-1,0,-1,-1,-1,-1,0,-1,-1,0,-1,-1,-1,-1,2015-07-19 00:00:00,-1,-1,-1,-1.0,-1,-1.0,False,False,0,0,0,0,-1,-1,-1,-1,-1,-1,0,0
2015-07-20,2015-07-20 00:00:00,BP,Channel: 50 - Commercial,CORALVILLE IA - MAGELLAN (PLANT 3385),DIESEL,-1,-1,0,-1,0,-1,-1,-1,0,w3,-1,0,-1,-1.0,-1.0,-1,-1,-1,100,-1,110,-1,-1,-1,w3,1,2015-07-22 00:00:00,-1,-1,-1,-1,-1,-1,-1,-1,-1,-1,-1,-1,-1,2015-07-20 00:00:00,2015-07-20 00:00:00,-1,-1,0,-1,-1,-1,-1,0,-1,-1,0,-1,-1,-1,-1,2015-07-20 00:00:00,-1,-1,-1,-1.0,-1,-1.0,False,False,0,0,0,0,-1,-1,-1,-1,-1,-1,0,0
2015-07-21,2015-07-21 00:00:00,BP,Channel: 50 - Commercial,CORALVILLE IA - MAGELLAN (PLANT 3385),DIESEL,-1,270968,0,-1,0,-1,-1,0,0,w3,-1,0,0,-1.0,298065.0,-1,Available,-1,100,110%,110,-1,-1,-1,w3,0,2015-07-22 00:00:00,-1,Contract,-1,-1,270968,-1,298065,-1,0,-1,0,-1,934335,-1,2015-07-21 16:49:46,0,0,0,0,0,0,0,0,0,0,0,0,0,0,0,,-1,0,270968,-1.0,0,298064.0,False,False,0,0,0,0,-1,0,298065,-1,-1,-1,0,0
2015-07-22,2015-07-22 00:00:00,BP,Channel: 50 - Commercial,CORALVILLE IA - MAGELLAN (PLANT 3385),DIESEL,-1,270968,3,44607,1,44607,-1,44607,0,w3,-1,0,44607,-1.0,298065.0,-1,Available,-1,100,110%,110,-1,-1,-1,w4,0,2015-07-29 00:00:00,-1,Contract,-1,-1,270968,-1,253458,-1,0,-1,0,-1,976411,-1,2015-07-22 23:51:08,0,0,0,0,0,0,0,0,0,0,0,0,0,0,0,,-1,0,270968,-1.0,0,298064.0,False,True,0,0,0,0,-1,0,253458,-1,-1,-1,0,0
2015-07-23,2015-07-23 00:00:00,BP,Channel: 50 - Commercial,CORALVILLE IA - MAGELLAN (PLANT 3385),DIESEL,-1,270968,0,-1,1,30805,-1,75412,0,w3,-1,0,75412,-1.0,298065.0,-1,Available,-1,100,110%,110,-1,-1,-1,w4,0,2015-07-29 00:00:00,-1,Contract,-1,-1,270968,-1,222653,-1,0,-1,0,-1,994620,-1,2015-07-23 16:49:16,0,0,0,0,0,0,0,0,0,0,0,0,0,0,0,,-1,0,270968,-1.0,0,298064.0,False,False,0,0,0,0,-1,0,222653,-1,-1,-1,0,0
2015-07-24,2015-07-24 00:00:00,BP,Channel: 50 - Commercial,CORALVILLE IA - MAGELLAN (PLANT 3385),DIESEL,-1,-1,0,-1,0,-1,-1,-1,0,w4,-1,0,-1,-1.0,-1.0,-1,-1,-1,100,-1,110,-1,-1,-1,w4,1,2015-07-29 00:00:00,-1,-1,-1,-1,-1,-1,-1,-1,-1,-1,-1,-1,-1,2015-07-24 00:00:00,2015-07-24 00:00:00,-1,-1,0,-1,-1,-1,-1,0,-1,-1,0,-1,-1,-1,-1,2015-07-24 00:00:00,-1,0,270968,-1.0,0,298064.0,True,False,0,0,0,0,-1,-1,-1,-1,-1,-1,0,0
2015-07-25,2015-07-25 00:00:00,BP,Channel: 50 - Commercial,CORALVILLE IA - MAGELLAN (PLANT 3385),DIESEL,-1,-1,0,-1,0,-1,-1,-1,0,w4,-1,0,-1,-1.0,-1.0,-1,-1,-1,100,-1,110,-1,-1,-1,w4,1,2015-07-29 00:00:00,-1,-1,-1,-1,-1,-1,-1,-1,-1,-1,-1,-1,-1,2015-07-25 00:00:00,2015-07-25 00:00:00,-1,-1,0,-1,-1,-1,-1,0,-1,-1,0,-1,-1,-1,-1,2015-07-25 00:00:00,-1,-1,-1,-1.0,-1,-1.0,False,False,0,0,0,0,-1,-1,-1,-1,-1,-1,0,0
2015-07-26,2015-07-26 00:00:00,BP,Channel: 50 - Commercial,CORALVILLE IA - MAGELLAN (PLANT 3385),DIESEL,-1,-1,0,-1,0,-1,-1,-1,0,w4,-1,0,-1,-1.0,-1.0,-1,-1,-1,100,-1,110,-1,-1,-1,w4,1,2015-07-29 00:00:00,-1,-1,-1,-1,-1,-1,-1,-1,-1,-1,-1,-1,-1,2015-07-26 00:00:00,2015-07-26 00:00:00,-1,-1,0,-1,-1,-1,-1,0,-1,-1,0,-1,-1,-1,-1,2015-07-26 00:00:00,-1,-1,-1,-1.0,-1,-1.0,False,False,0,0,0,0,-1,-1,-1,-1,-1,-1,0,0
2015-07-27,2015-07-27 00:00:00,BP,Channel: 50 - Commercial,CORALVILLE IA - MAGELLAN (PLANT 3385),DIESEL,-1,-1,0,-1,0,-1,-1,-1,0,w4,-1,0,-1,-1.0,-1.0,-1,-1,-1,100,-1,110,-1,-1,-1,w4,1,2015-07-29 00:00:00,-1,-1,-1,-1,-1,-1,-1,-1,-1,-1,-1,-1,-1,2015-07-27 00:00:00,2015-07-27 00:00:00,-1,-1,0,-1,-1,-1,-1,0,-1,-1,0,-1,-1,-1,-1,2015-07-27 00:00:00,-1,-1,-1,-1.0,-1,-1.0,False,False,0,0,0,0,-1,-1,-1,-1,-1,-1,0,0
2015-07-28,2015-07-28 00:00:00,BP,Channel: 50 - Commercial,CORALVILLE IA - MAGELLAN (PLANT 3385),DIESEL,-1,-1,0,-1,0,-1,-1,-1,0,w4,-1,0,-1,-1.0,-1.0,-1,-1,-1,100,-1,110,-1,-1,-1,w4,1,2015-07-29 00:00:00,-1,-1,-1,-1,-1,-1,-1,-1,-1,-1,-1,-1,-1,2015-07-28 00:00:00,2015-07-28 00:00:00,-1,-1,0,-1,-1,-1,-1,0,-1,-1,0,-1,-1,-1,-1,2015-07-28 00:00:00,-1,-1,-1,-1.0,-1,-1.0,False,False,0,0,0,0,-1,-1,-1,-1,-1,-1,0,0
2015-07-29,2015-07-29 00:00:00,BP,Channel: 50 - Commercial,CORALVILLE IA - MAGELLAN (PLANT 3385),DIESEL,-1,-1,0,-1,0,-1,-1,-1,0,w4,-1,0,-1,-1.0,-1.0,-1,-1,-1,100,-1,110,-1,-1,-1,w5,1,2015-08-05 00:00:00,-1,-1,-1,-1,-1,-1,-1,-1,-1,-1,-1,-1,-1,2015-07-29 00:00:00,2015-07-29 00:00:00,-1,-1,0,-1,-1,-1,-1,0,-1,-1,0,-1,-1,-1,-1,2015-07-29 00:00:00,-1,-1,-1,-1.0,-1,-1.0,False,True,0,0,0,0,-1,-1,-1,-1,-1,-1,0,0
2015-07-30,2015-07-30 00:00:00,BP,Channel: 50 - Commercial,CORALVILLE IA - MAGELLAN (PLANT 3385),DIESEL,-1,-1,0,-1,0,-1,-1,-1,0,w4,-1,0,-1,-1.0,-1.0,-1,-1,-1,100,-1,110,-1,-1,-1,w5,1,2015-08-05 00:00:00,-1,-1,-1,-1,-1,-1,-1,-1,-1,-1,-1,-1,-1,2015-07-30 00:00:00,2015-07-30 00:00:00,-1,-1,0,-1,-1,-1,-1,0,-1,-1,0,-1,-1,-1,-1,2015-07-30 00:00:00,-1,-1,-1,-1.0,-1,-1.0,False,False,0,0,0,0,-1,-1,-1,-1,-1,-1,0,0
2015-07-31,2015-07-31 00:00:00,BP,Channel: 50 - Commercial,CORALVILLE IA - MAGELLAN (PLANT 3385),DIESEL,-1,-1,0,-1,0,-1,-1,-1,0,w4,-1,0,-1,-1.0,-1.0,-1,-1,-1,100,-1,110,-1,-1,-1,w5,1,2015-08-05 00:00:00,-1,-1,-1,-1,-1,-1,-1,-1,-1,-1,-1,-1,-1,2015-07-31 00:00:00,2015-07-31 00:00:00,-1,-1,0,-1,-1,-1,-1,0,-1,-1,0,-1,-1,-1,-1,2015-07-31 00:00:00,-1,-1,-1,-1.0,-1,-1.0,False,False,0,0,0,0,-1,-1,-1,-1,-1,-1,0,0
