,date,supplier_name,account_type,supplier_terminal_name,product_name,base_gallons_Daily,base_gallons_Monthly,base_gallons_Weekly,lifted_gallons_daily_flag,lifted_gallons_daily_modified,Modified_WeeksByLiftedGallons,lifted_gallons_modified_WeeksByLiftedGallons,lifted_gallons_Daily,Lifted_actual_monthly,lifted_gallons_monthly_flag,lifted_gallons_Monthly,Lifted_actual_weekly,lifted_gallons_weekly_flag,WeeksByLiftedGallons,lifted_gallonsWeekly_modified_aposteriori,Modified_LiftedGallonsaposteriori,lifted_gallons_Weekly,beginning_gallons_Daily,beginning_gallons_Monthly,beginning_gallons_Weekly,en_allocation_status_Daily,en_allocation_status_Monthly,en_allocation_status_Weekly,percentage_allocation_Daily,percentage_allocation_Monthly,percentage_allocation_Weekly,alerts_ratability_Daily,alerts_ratability_Monthly,alerts_ratability_Weekly,next_refresh_date_Daily,next_refresh_date_Monthly,Week_switch,Modified_NRD,next_refresh_date_Weekly,en_account_type_Daily,en_account_type_Monthly,en_account_type_Weekly,staging_id_Daily,staging_id_Monthly,staging_id_Weekly,base_gallons_Daily_Reconciled,base_gallons_Monthly_Reconciled,base_gallons_Weekly_Reconciled,beginning_gallons_Daily_Reconciled,beginning_gallons_Monthly_Reconciled,beginning_gallons_Weekly_Reconciled,sanityWeekly_CumulativeDaily_WeeksByLiftedGallons,sanityWeekly_CumulativeDaily_NextRefreshDate,computedWeekly,computedMonthly,sanityComputedMonthly,sanityMonthly_CumulativeDaily_WeeksByLiftedGallons,sanityMonthly_CumulativeDaily_WeeksByNextRefreshDate
2015-08-01,2015-08-01 00:00:00,Exxon,PILOT TRAVEL CENTERS LLC 103637 WS,GLENDIVE MT CENEX EX - 02PT,ULSD,5562,-1,141129,0,-1,0,-1,-1,-1,0,-1,-1,0,w1,-1,0,-1,8343,-1,197581,-1,-1,-1,100,100,100,-1,-1,-1,-1,-1,w1,1,2015-08-06 00:00:00,-1,-1,-1,-1,-1,-1,8343,-1,197581,5562,-1,141129,True,True,0,0,0,1,1
2015-08-02,2015-08-02 00:00:00,Exxon,PILOT TRAVEL CENTERS LLC 103637 WS,GLENDIVE MT CENEX EX - 02PT,ULSD,5562,-1,141129,0,-1,0,-1,-1,-1,0,-1,-1,0,w1,-1,0,-1,8343,-1,197581,-1,-1,-1,100,100,100,-1,-1,-1,-1,-1,w1,1,2015-08-06 00:00:00,-1,-1,-1,-1,-1,-1,8343,-1,197581,5562,-1,141129,False,False,0,0,0,0,0
2015-08-03,2015-08-03 00:00:00,Exxon,PILOT TRAVEL CENTERS LLC 103637 WS,GLENDIVE MT CENEX EX - 02PT,ULSD,5562,-1,141129,0,-1,0,-1,-1,-1,0,-1,-1,0,w1,-1,0,-1,8343,-1,197581,-1,-1,-1,100,100,100,-1,-1,-1,-1,-1,w1,1,2015-08-06 00:00:00,-1,-1,-1,-1,-1,-1,8343,-1,197581,5562,-1,141129,False,False,0,0,0,0,0
2015-08-04,2015-08-04 00:00:00,Exxon,PILOT TRAVEL CENTERS LLC 103637 WS,GLENDIVE MT CENEX EX - 02PT,ULSD,5562,-1,141129,0,-1,0,-1,-1,-1,0,-1,-1,0,w1,-1,0,-1,8343,-1,197581,-1,-1,-1,100,100,100,-1,-1,-1,-1,-1,w1,1,2015-08-06 00:00:00,-1,-1,-1,-1,-1,-1,8343,-1,197581,5562,-1,141129,False,False,0,0,0,0,0
2015-08-05,2015-08-05 00:00:00,Exxon,PILOT TRAVEL CENTERS LLC 103637 WS,GLENDIVE MT CENEX EX - 02PT,ULSD,5562,-1,141129,0,-1,0,-1,-1,-1,0,-1,-1,0,w1,-1,0,-1,8343,-1,197581,-1,-1,-1,100,100,100,-1,-1,-1,-1,-1,w1,1,2015-08-06 00:00:00,-1,-1,-1,-1,-1,-1,8343,-1,197581,5562,-1,141129,False,False,0,0,0,0,0
2015-08-06,2015-08-06 00:00:00,Exxon,PILOT TRAVEL CENTERS LLC 103637 WS,GLENDIVE MT CENEX EX - 02PT,ULSD,5562,-1,141129,0,-1,0,-1,-1,-1,0,-1,-1,0,w1,-1,0,-1,8343,-1,197581,-1,-1,-1,100,100,100,-1,-1,-1,-1,-1,w2,1,2015-08-13 00:00:00,-1,-1,-1,-1,-1,-1,8343,-1,197581,5562,-1,141129,False,True,0,0,0,0,0
2015-08-07,2015-08-07 00:00:00,Exxon,PILOT TRAVEL CENTERS LLC 103637 WS,GLENDIVE MT CENEX EX - 02PT,ULSD,5562,-1,141129,0,-1,0,-1,-1,-1,0,-1,-1,0,w1,-1,0,-1,8343,-1,197581,-1,-1,-1,100,100,100,-1,-1,-1,-1,-1,w2,1,2015-08-13 00:00:00,-1,-1,-1,-1,-1,-1,8343,-1,197581,5562,-1,141129,False,False,0,0,0,0,0
2015-08-08,2015-08-08 00:00:00,Exxon,PILOT TRAVEL CENTERS LLC 103637 WS,GLENDIVE MT CENEX EX - 02PT,ULSD,5562,-1,141129,0,-1,0,-1,-1,-1,0,-1,-1,0,w1,-1,0,-1,8343,-1,197581,-1,-1,-1,100,100,100,-1,-1,-1,-1,-1,w2,1,2015-08-13 00:00:00,-1,-1,-1,-1,-1,-1,8343,-1,197581,5562,-1,141129,False,False,0,0,0,0,0
2015-08-09,2015-08-09 00:00:00,Exxon,PILOT TRAVEL CENTERS LLC 103637 WS,GLENDIVE MT CENEX EX - 02PT,ULSD,5562,-1,141129,0,-1,0,-1,-1,-1,0,-1,-1,0,w1,-1,0,-1,8343,-1,197581,-1,-1,-1,100,100,100,-1,-1,-1,-1,-1,w2,1,2015-08-13 00:00:00,-1,-1,-1,-1,-1,-1,8343,-1,197581,5562,-1,141129,False,False,0,0,0,0,0
2015-08-10,2015-08-10 00:00:00,Exxon,PILOT TRAVEL CENTERS LLC 103637 WS,GLENDIVE MT CENEX EX - 02PT,ULSD,5562,-1,141129,0,-1,0,-1,-1,-1,0,-1,-1,0,w1,-1,0,-1,8343,-1,197581,-1,-1,-1,100,100,100,-1,-1,-1,-1,-1,w2,1,2015-08-13 00:00:00,-1,-1,-1,-1,-1,-1,8343,-1,197581,5562,-1,141129,False,False,0,0,0,0,0
2015-08-11,2015-08-11 00:00:00,Exxon,PILOT TRAVEL CENTERS LLC 103637 WS,GLENDIVE MT CENEX EX - 02PT,ULSD,5562,-1,141129,0,-1,0,-1,-1,-1,0,-1,-1,0,w1,-1,0,-1,8343,-1,197581,-1,-1,-1,100,100,100,-1,-1,-1,-1,-1,w2,1,2015-08-13 00:00:00,-1,-1,-1,-1,-1,-1,8343,-1,197581,5562,-1,141129,False,False,0,0,0,0,0
2015-08-12,2015-08-12 00:00:00,Exxon,PILOT TRAVEL CENTERS LLC 103637 WS,GLENDIVE MT CENEX EX - 02PT,ULSD,5562,-1,141129,0,-1,0,-1,-1,-1,0,-1,-1,0,w1,-1,0,-1,8343,-1,197581,-1,-1,-1,100,100,100,-1,-1,-1,-1,-1,w2,1,2015-08-13 00:00:00,-1,-1,-1,-1,-1,-1,8343,-1,197581,5562,-1,141129,False,False,0,0,0,0,0
2015-08-13,2015-08-13 00:00:00,Exxon,PILOT TRAVEL CENTERS LLC 103637 WS,GLENDIVE MT CENEX EX - 02PT,ULSD,5562,-1,141129,0,-1,0,-1,-1,-1,0,-1,-1,0,w1,-1,0,-1,8343,-1,197581,-1,-1,-1,100,100,100,-1,-1,-1,-1,-1,w3,1,2015-08-20 00:00:00,-1,-1,-1,-1,-1,-1,8343,-1,197581,5562,-1,141129,False,True,0,0,0,0,0
2015-08-14,2015-08-14 00:00:00,Exxon,PILOT TRAVEL CENTERS LLC 103637 WS,GLENDIVE MT CENEX EX - 02PT,ULSD,5562,-1,141129,0,-1,0,-1,-1,-1,0,-1,-1,0,w1,-1,0,-1,8343,-1,197581,-1,-1,-1,100,100,100,-1,-1,-1,-1,-1,w3,1,2015-08-20 00:00:00,-1,-1,-1,-1,-1,-1,8343,-1,197581,5562,-1,141129,False,False,0,0,0,0,0
2015-08-15,2015-08-15 00:00:00,Exxon,PILOT TRAVEL CENTERS LLC 103637 WS,GLENDIVE MT CENEX EX - 02PT,ULSD,5562,-1,141129,0,-1,0,-1,-1,-1,0,-1,-1,0,w1,-1,0,-1,8343,-1,197581,-1,-1,-1,100,100,100,-1,-1,-1,-1,-1,w3,1,2015-08-20 00:00:00,-1,-1,-1,-1,-1,-1,8343,-1,197581,5562,-1,141129,False,False,0,0,0,0,0
2015-08-16,2015-08-16 00:00:00,Exxon,PILOT TRAVEL CENTERS LLC 103637 WS,GLENDIVE MT CENEX EX - 02PT,ULSD,5562,-1,141129,0,-1,0,-1,-1,-1,0,-1,-1,0,w1,-1,0,-1,8343,-1,197581,-1,-1,-1,100,100,100,-1,-1,-1,-1,-1,w3,1,2015-08-20 00:00:00,-1,-1,-1,-1,-1,-1,8343,-1,197581,5562,-1,141129,False,False,0,0,0,0,0
2015-08-17,2015-08-17 00:00:00,Exxon,PILOT TRAVEL CENTERS LLC 103637 WS,GLENDIVE MT CENEX EX - 02PT,ULSD,5562,-1,141129,0,-1,0,-1,-1,-1,0,-1,-1,0,w1,-1,0,-1,8343,-1,197581,-1,-1,-1,100,100,100,-1,-1,-1,-1,-1,w3,1,2015-08-20 00:00:00,-1,-1,-1,-1,-1,-1,8343,-1,197581,5562,-1,141129,False,False,0,0,0,0,0
2015-08-18,2015-08-18 00:00:00,Exxon,PILOT TRAVEL CENTERS LLC 103637 WS,GLENDIVE MT CENEX EX - 02PT,ULSD,5562,-1,141129,0,9205,0,9205,9205,-1,0,-1,-1,0,w1,9205,0,-1,8343,-1,197581,Available,-1,-1,100,100,100,Below Trend,-1,-1,08/19 00:00:00 MDT,-1,w3,1,2015-08-20 00:00:00,Contract,-1,-1,1871324,-1,-1,8343,-1,197581,5562,-1,141129,False,False,0,0,0,0,0
2015-08-19,2015-08-19 00:00:00,Exxon,PILOT TRAVEL CENTERS LLC 103637 WS,GLENDIVE MT CENEX EX - 02PT,ULSD,5562,-1,141129,0,18400,0,18400,18400,-1,0,-1,-1,0,w1,18400,0,-1,8343,-1,197581,Available,-1,-1,100,100,100,On Track,-1,-1,08/20 00:00:00 MDT,-1,w3,1,2015-08-20 00:00:00,Contract,-1,-1,1903536,-1,-1,8343,-1,197581,5562,-1,141129,False,False,0,0,0,0,0
2015-08-20,2015-08-20 00:00:00,Exxon,PILOT TRAVEL CENTERS LLC 103637 WS,GLENDIVE MT CENEX EX - 02PT,ULSD,5562,-1,141129,0,18400,0,18400,18400,-1,0,-1,-1,0,w1,18400,0,-1,8343,-1,197581,Available,-1,-1,100,100,100,On Track,-1,-1,08/21 00:00:00 MDT,-1,w4,1,2015-08-27 00:00:00,Contract,-1,-1,1946139,-1,-1,8343,-1,197581,5562,-1,141129,False,False,18400,0,0,0,0
2015-08-21,2015-08-21 00:00:00,Exxon,PILOT TRAVEL CENTERS LLC 103637 WS,GLENDIVE MT CENEX EX - 02PT,ULSD,5562,-1,141129,0,0,0,0,0,-1,0,-1,-1,0,w1,0,0,-1,8343,-1,197581,Available,-1,-1,100,100,100,Below Trend,-1,-1,08/22 00:00:00 MDT,-1,w4,1,2015-08-27 00:00:00,Contract,-1,-1,1985396,-1,-1,8343,-1,197581,5562,-1,141129,False,False,18400,0,0,0,0
2015-08-22,2015-08-22 00:00:00,Exxon,PILOT TRAVEL CENTERS LLC 103637 WS,GLENDIVE MT CENEX EX - 02PT,ULSD,5562,-1,141129,0,0,0,0,0,-1,0,-1,-1,0,w1,0,0,-1,8343,-1,197581,Available,-1,-1,100,100,100,Below Trend,-1,-1,08/23 00:00:00 MDT,-1,w4,1,2015-08-27 00:00:00,Contract,-1,-1,2022869,-1,-1,8343,-1,197581,5562,-1,141129,False,False,18400,0,0,0,0
2015-08-23,2015-08-23 00:00:00,Exxon,PILOT TRAVEL CENTERS LLC 103637 WS,GLENDIVE MT CENEX EX - 02PT,ULSD,5562,-1,141129,0,0,0,0,0,-1,0,-1,-1,0,w1,0,0,-1,8343,-1,197581,Available,-1,-1,100,100,100,Below Trend,-1,-1,08/24 00:00:00 MDT,-1,w4,1,2015-08-27 00:00:00,Contract,-1,-1,2058904,-1,-1,8343,-1,197581,5562,-1,141129,False,False,18400,0,0,0,0
2015-08-24,2015-08-24 00:00:00,Exxon,PILOT TRAVEL CENTERS LLC 103637 WS,GLENDIVE MT CENEX EX - 02PT,ULSD,5562,-1,141129,0,0,0,0,0,-1,0,-1,-1,0,w1,0,0,-1,8343,-1,197581,Available,-1,-1,125,100,100,Below Trend,-1,-1,08/25 00:00:00 MDT,-1,w4,1,2015-08-27 00:00:00,Contract,-1,-1,2096951,-1,-1,6674,-1,197581,6953,-1,141129,False,False,18400,0,0,0,0
2015-08-25,2015-08-25 00:00:00,Exxon,PILOT TRAVEL CENTERS LLC 103637 WS,GLENDIVE MT CENEX EX - 02PT,ULSD,5562,-1,141129,0,0,0,0,0,-1,0,-1,-1,0,w1,0,0,-1,8343,-1,197581,Available,-1,-1,125,100,100,Below Trend,-1,-1,08/26 00:00:00 MDT,-1,w4,1,2015-08-27 00:00:00,Contract,-1,-1,2127949,-1,-1,6674,-1,197581,6953,-1,141129,False,False,18400,0,0,0,0
2015-08-26,2015-08-26 00:00:00,Exxon,PILOT TRAVEL CENTERS LLC 103637 WS,GLENDIVE MT CENEX EX - 02PT,ULSD,20161,-1,141129,0,0,0,0,0,-1,0,-1,18400,0,w1,0,0,18400,30242,-1,197581,Available,-1,Available,150,100,140,Below Trend,-1,Below Trend,08/27 00:00:00 MDT,-1,w4,0,2015-08-27 00:00:00,Contract,-1,Contract,2155537,-1,2155538,20161,-1,141129,30242,-1,197581,False,True,18400,0,0,0,0
2015-08-27,2015-08-27 00:00:00,Exxon,PILOT TRAVEL CENTERS LLC 103637 WS,GLENDIVE MT CENEX EX - 02PT,ULSD,20161,-1,141129,0,18400,1,0,18400,-1,0,-1,18400,0,w1,18400,0,18400,30242,-1,197581,Available,-1,Available,150,100,140,Below Trend,-1,Below Trend,08/28 00:00:00 MDT,-1,w5,0,2015-09-03 00:00:00,Contract,-1,Contract,2182746,-1,2182747,20161,-1,141129,30242,-1,197581,False,True,18400,0,0,0,0
2015-08-28,2015-08-28 00:00:00,Exxon,PILOT TRAVEL CENTERS LLC 103637 WS,GLENDIVE MT CENEX EX - 02PT,ULSD,20161,-1,141129,0,0,0,0,0,-1,0,-1,18400,0,w1,0,0,18400,30242,-1,197581,Available,-1,Available,150,100,140,Below Trend,-1,Below Trend,08/29 00:00:00 MDT,-1,w5,0,2015-09-03 00:00:00,Contract,-1,Contract,2190870,-1,2190871,20161,-1,141129,30242,-1,197581,False,True,18400,0,0,0,0
2015-08-29,2015-08-29 00:00:00,Exxon,PILOT TRAVEL CENTERS LLC 103637 WS,GLENDIVE MT CENEX EX - 02PT,ULSD,20161,-1,141129,3,27700,1,27700,9100,-1,0,-1,46100,0,w1,9100,0,46100,30242,-1,197581,Available,-1,Available,150,100,140,Below Trend,-1,Below Trend,08/30 00:00:00 MDT,-1,w5,0,2015-09-03 00:00:00,Contract,-1,Contract,2240420,-1,2240421,20161,-1,141129,30242,-1,197581,False,True,46100,0,0,0,0
2015-08-30,2015-08-30 00:00:00,Exxon,PILOT TRAVEL CENTERS LLC 103637 WS,GLENDIVE MT CENEX EX - 02PT,ULSD,20161,-1,141129,0,18401,0,18401,18401,-1,0,-1,64501,0,w1,18401,0,64501,30242,-1,197581,Available,-1,Available,150,100,140,Above Trend,-1,Below Trend,08/31 00:00:00 MDT,-1,w5,0,2015-09-03 00:00:00,Contract,-1,Contract,2248389,-1,2248390,20161,-1,141129,30242,-1,197581,False,True,64501,0,0,0,0
2015-08-31,2015-08-31 00:00:00,Exxon,PILOT TRAVEL CENTERS LLC 103637 WS,GLENDIVE MT CENEX EX - 02PT,ULSD,5562,-1,141129,0,0,0,0,0,-1,0,-1,64501,0,w1,0,0,64501,8343,-1,197581,Available,-1,Available,150,100,140,Below Trend,-1,Below Trend,09/01 00:00:00 MDT,-1,w5,0,2015-09-03 00:00:00,Contract,-1,Contract,2292725,-1,2292726,5562,-1,141129,8343,-1,197581,False,True,64501,0,0,0,0
