,date,supplier_name,account_type,supplier_terminal_name,product_name,base_gallons_Daily,base_gallons_Monthly,base_gallons_Weekly,lifted_gallons_daily_flag,lifted_gallons_daily_modified,Modified_WeeksByLiftedGallons,lifted_gallons_modified_WeeksByLiftedGallons,lifted_gallons_Daily,Lifted_actual_monthly,lifted_gallons_monthly_flag,lifted_gallons_Monthly,Lifted_actual_weekly,lifted_gallons_weekly_flag,WeeksByLiftedGallons,lifted_gallonsWeekly_modified_aposteriori,Modified_LiftedGallonsaposteriori,lifted_gallons_Weekly,beginning_gallons_Daily,beginning_gallons_Monthly,beginning_gallons_Weekly,en_allocation_status_Daily,en_allocation_status_Monthly,en_allocation_status_Weekly,percentage_allocation_Daily,percentage_allocation_Monthly,percentage_allocation_Weekly,alerts_ratability_Daily,alerts_ratability_Monthly,alerts_ratability_Weekly,next_refresh_date_Daily,next_refresh_date_Monthly,Week_switch,Modified_NRD,next_refresh_date_Weekly,en_account_type_Daily,en_account_type_Monthly,en_account_type_Weekly,staging_id_Daily,staging_id_Monthly,staging_id_Weekly,base_gallons_Daily_Reconciled,base_gallons_Monthly_Reconciled,base_gallons_Weekly_Reconciled,beginning_gallons_Daily_Reconciled,beginning_gallons_Monthly_Reconciled,beginning_gallons_Weekly_Reconciled,sanityWeekly_CumulativeDaily_WeeksByLiftedGallons,sanityWeekly_CumulativeDaily_NextRefreshDate,computedWeekly,computedMonthly,sanityComputedMonthly,sanityMonthly_CumulativeDaily_WeeksByLiftedGallons,sanityMonthly_CumulativeDaily_WeeksByNextRefreshDate
2015-08-01,2015-08-01 00:00:00,Exxon,PILOT TRAVEL CENTERS LLC 103637 WS,BATON ROUGE LA (MOC) - 00CE,Prem CG DS,660,-1,4622,0,-1,0,-1,-1,-1,0,-1,-1,0,w1,-1,0,-1,990,-1,6471,-1,-1,-1,100,100,100,-1,-1,-1,-1,-1,w1,1,2015-08-06 00:00:00,-1,-1,-1,-1,-1,-1,990,-1,6471,660,-1,4622,True,True,0,0,0,1,1
2015-08-02,2015-08-02 00:00:00,Exxon,PILOT TRAVEL CENTERS LLC 103637 WS,BATON ROUGE LA (MOC) - 00CE,Prem CG DS,660,-1,4622,0,-1,0,-1,-1,-1,0,-1,-1,0,w1,-1,0,-1,990,-1,6471,-1,-1,-1,100,100,100,-1,-1,-1,-1,-1,w1,1,2015-08-06 00:00:00,-1,-1,-1,-1,-1,-1,990,-1,6471,660,-1,4622,False,False,0,0,0,0,0
2015-08-03,2015-08-03 00:00:00,Exxon,PILOT TRAVEL CENTERS LLC 103637 WS,BATON ROUGE LA (MOC) - 00CE,Prem CG DS,660,-1,4622,0,-1,0,-1,-1,-1,0,-1,-1,0,w1,-1,0,-1,990,-1,6471,-1,-1,-1,100,100,100,-1,-1,-1,-1,-1,w1,1,2015-08-06 00:00:00,-1,-1,-1,-1,-1,-1,990,-1,6471,660,-1,4622,False,False,0,0,0,0,0
2015-08-04,2015-08-04 00:00:00,Exxon,PILOT TRAVEL CENTERS LLC 103637 WS,BATON ROUGE LA (MOC) - 00CE,Prem CG DS,660,-1,4622,0,-1,0,-1,-1,-1,0,-1,-1,0,w1,-1,0,-1,990,-1,6471,-1,-1,-1,100,100,100,-1,-1,-1,-1,-1,w1,1,2015-08-06 00:00:00,-1,-1,-1,-1,-1,-1,990,-1,6471,660,-1,4622,False,False,0,0,0,0,0
2015-08-05,2015-08-05 00:00:00,Exxon,PILOT TRAVEL CENTERS LLC 103637 WS,BATON ROUGE LA (MOC) - 00CE,Prem CG DS,660,-1,4622,0,-1,0,-1,-1,-1,0,-1,-1,0,w1,-1,0,-1,990,-1,6471,-1,-1,-1,100,100,100,-1,-1,-1,-1,-1,w1,1,2015-08-06 00:00:00,-1,-1,-1,-1,-1,-1,990,-1,6471,660,-1,4622,False,False,0,0,0,0,0
2015-08-06,2015-08-06 00:00:00,Exxon,PILOT TRAVEL CENTERS LLC 103637 WS,BATON ROUGE LA (MOC) - 00CE,Prem CG DS,660,-1,4622,0,-1,0,-1,-1,-1,0,-1,-1,0,w1,-1,0,-1,990,-1,6471,-1,-1,-1,100,100,100,-1,-1,-1,-1,-1,w2,1,2015-08-13 00:00:00,-1,-1,-1,-1,-1,-1,990,-1,6471,660,-1,4622,False,True,0,0,0,0,0
2015-08-07,2015-08-07 00:00:00,Exxon,PILOT TRAVEL CENTERS LLC 103637 WS,BATON ROUGE LA (MOC) - 00CE,Prem CG DS,660,-1,4622,0,-1,0,-1,-1,-1,0,-1,-1,0,w1,-1,0,-1,990,-1,6471,-1,-1,-1,100,100,100,-1,-1,-1,-1,-1,w2,1,2015-08-13 00:00:00,-1,-1,-1,-1,-1,-1,990,-1,6471,660,-1,4622,False,False,0,0,0,0,0
2015-08-08,2015-08-08 00:00:00,Exxon,PILOT TRAVEL CENTERS LLC 103637 WS,BATON ROUGE LA (MOC) - 00CE,Prem CG DS,660,-1,4622,0,-1,0,-1,-1,-1,0,-1,-1,0,w1,-1,0,-1,990,-1,6471,-1,-1,-1,100,100,100,-1,-1,-1,-1,-1,w2,1,2015-08-13 00:00:00,-1,-1,-1,-1,-1,-1,990,-1,6471,660,-1,4622,False,False,0,0,0,0,0
2015-08-09,2015-08-09 00:00:00,Exxon,PILOT TRAVEL CENTERS LLC 103637 WS,BATON ROUGE LA (MOC) - 00CE,Prem CG DS,660,-1,4622,0,-1,0,-1,-1,-1,0,-1,-1,0,w1,-1,0,-1,990,-1,6471,-1,-1,-1,100,100,100,-1,-1,-1,-1,-1,w2,1,2015-08-13 00:00:00,-1,-1,-1,-1,-1,-1,990,-1,6471,660,-1,4622,False,False,0,0,0,0,0
2015-08-10,2015-08-10 00:00:00,Exxon,PILOT TRAVEL CENTERS LLC 103637 WS,BATON ROUGE LA (MOC) - 00CE,Prem CG DS,660,-1,4622,0,-1,0,-1,-1,-1,0,-1,-1,0,w1,-1,0,-1,990,-1,6471,-1,-1,-1,100,100,100,-1,-1,-1,-1,-1,w2,1,2015-08-13 00:00:00,-1,-1,-1,-1,-1,-1,990,-1,6471,660,-1,4622,False,False,0,0,0,0,0
2015-08-11,2015-08-11 00:00:00,Exxon,PILOT TRAVEL CENTERS LLC 103637 WS,BATON ROUGE LA (MOC) - 00CE,Prem CG DS,660,-1,4622,0,-1,0,-1,-1,-1,0,-1,-1,0,w1,-1,0,-1,990,-1,6471,-1,-1,-1,100,100,100,-1,-1,-1,-1,-1,w2,1,2015-08-13 00:00:00,-1,-1,-1,-1,-1,-1,990,-1,6471,660,-1,4622,False,False,0,0,0,0,0
2015-08-12,2015-08-12 00:00:00,Exxon,PILOT TRAVEL CENTERS LLC 103637 WS,BATON ROUGE LA (MOC) - 00CE,Prem CG DS,660,-1,4622,0,-1,0,-1,-1,-1,0,-1,-1,0,w1,-1,0,-1,990,-1,6471,-1,-1,-1,100,100,100,-1,-1,-1,-1,-1,w2,1,2015-08-13 00:00:00,-1,-1,-1,-1,-1,-1,990,-1,6471,660,-1,4622,False,False,0,0,0,0,0
2015-08-13,2015-08-13 00:00:00,Exxon,PILOT TRAVEL CENTERS LLC 103637 WS,BATON ROUGE LA (MOC) - 00CE,Prem CG DS,660,-1,4622,0,-1,0,-1,-1,-1,0,-1,-1,0,w1,-1,0,-1,990,-1,6471,-1,-1,-1,100,100,100,-1,-1,-1,-1,-1,w3,1,2015-08-20 00:00:00,-1,-1,-1,-1,-1,-1,990,-1,6471,660,-1,4622,False,True,0,0,0,0,0
2015-08-14,2015-08-14 00:00:00,Exxon,PILOT TRAVEL CENTERS LLC 103637 WS,BATON ROUGE LA (MOC) - 00CE,Prem CG DS,660,-1,4622,0,-1,0,-1,-1,-1,0,-1,-1,0,w1,-1,0,-1,990,-1,6471,-1,-1,-1,100,100,100,-1,-1,-1,-1,-1,w3,1,2015-08-20 00:00:00,-1,-1,-1,-1,-1,-1,990,-1,6471,660,-1,4622,False,False,0,0,0,0,0
2015-08-15,2015-08-15 00:00:00,Exxon,PILOT TRAVEL CENTERS LLC 103637 WS,BATON ROUGE LA (MOC) - 00CE,Prem CG DS,660,-1,4622,0,-1,0,-1,-1,-1,0,-1,-1,0,w1,-1,0,-1,990,-1,6471,-1,-1,-1,100,100,100,-1,-1,-1,-1,-1,w3,1,2015-08-20 00:00:00,-1,-1,-1,-1,-1,-1,990,-1,6471,660,-1,4622,False,False,0,0,0,0,0
2015-08-16,2015-08-16 00:00:00,Exxon,PILOT TRAVEL CENTERS LLC 103637 WS,BATON ROUGE LA (MOC) - 00CE,Prem CG DS,660,-1,4622,0,-1,0,-1,-1,-1,0,-1,-1,0,w1,-1,0,-1,990,-1,6471,-1,-1,-1,100,100,100,-1,-1,-1,-1,-1,w3,1,2015-08-20 00:00:00,-1,-1,-1,-1,-1,-1,990,-1,6471,660,-1,4622,False,False,0,0,0,0,0
2015-08-17,2015-08-17 00:00:00,Exxon,PILOT TRAVEL CENTERS LLC 103637 WS,BATON ROUGE LA (MOC) - 00CE,Prem CG DS,660,-1,4622,0,-1,0,-1,-1,-1,0,-1,-1,0,w1,-1,0,-1,990,-1,6471,-1,-1,-1,100,100,100,-1,-1,-1,-1,-1,w3,1,2015-08-20 00:00:00,-1,-1,-1,-1,-1,-1,990,-1,6471,660,-1,4622,False,False,0,0,0,0,0
2015-08-18,2015-08-18 00:00:00,Exxon,PILOT TRAVEL CENTERS LLC 103637 WS,BATON ROUGE LA (MOC) - 00CE,Prem CG DS,660,-1,4622,0,0,0,0,0,-1,0,-1,2300,0,w1,0,0,2300,990,-1,6471,Available,-1,Available,150,100,140,Below Trend,-1,Below Trend,08/19 00:00:00 CDT,-1,w3,0,2015-08-20 00:00:00,Contract,-1,Contract,1871310,-1,1871311,660,-1,4622,990,-1,6471,False,False,0,0,0,0,0
2015-08-19,2015-08-19 00:00:00,Exxon,PILOT TRAVEL CENTERS LLC 103637 WS,BATON ROUGE LA (MOC) - 00CE,Prem CG DS,660,-1,4622,0,0,0,0,0,-1,0,-1,2300,0,w1,0,0,2300,990,-1,6471,Available,-1,Available,150,100,140,Below Trend,-1,Below Trend,08/20 00:00:00 CDT,-1,w3,0,2015-08-20 00:00:00,Contract,-1,Contract,1903522,-1,1903523,660,-1,4622,990,-1,6471,False,False,0,0,0,0,0
2015-08-20,2015-08-20 00:00:00,Exxon,PILOT TRAVEL CENTERS LLC 103637 WS,BATON ROUGE LA (MOC) - 00CE,Prem CG DS,660,-1,4622,0,0,0,0,0,-1,0,-1,0,0,w2,0,0,0,990,-1,6471,Available,-1,Available,150,100,140,Below Trend,-1,Below Trend,08/21 00:00:00 CDT,-1,w4,0,2015-08-27 00:00:00,Contract,-1,Contract,1946125,-1,1946126,660,-1,4622,990,-1,6471,True,True,0,0,0,0,0
2015-08-21,2015-08-21 00:00:00,Exxon,PILOT TRAVEL CENTERS LLC 103637 WS,BATON ROUGE LA (MOC) - 00CE,Prem CG DS,660,-1,4622,0,0,0,0,0,-1,0,-1,0,0,w2,0,0,0,990,-1,6471,Available,-1,Available,150,100,140,Below Trend,-1,Below Trend,08/22 00:00:00 CDT,-1,w4,0,2015-08-27 00:00:00,Contract,-1,Contract,1985382,-1,1985383,660,-1,4622,990,-1,6471,True,True,0,0,0,0,0
2015-08-22,2015-08-22 00:00:00,Exxon,PILOT TRAVEL CENTERS LLC 103637 WS,BATON ROUGE LA (MOC) - 00CE,Prem CG DS,660,-1,4622,0,0,0,0,0,-1,0,-1,0,0,w2,0,0,0,990,-1,6471,Available,-1,Available,150,100,140,Below Trend,-1,Below Trend,08/23 00:00:00 CDT,-1,w4,0,2015-08-27 00:00:00,Contract,-1,Contract,2022855,-1,2022856,660,-1,4622,990,-1,6471,True,True,0,0,0,0,0
2015-08-23,2015-08-23 00:00:00,Exxon,PILOT TRAVEL CENTERS LLC 103637 WS,BATON ROUGE LA (MOC) - 00CE,Prem CG DS,660,-1,4622,0,0,0,0,0,-1,0,-1,0,0,w2,0,0,0,990,-1,6471,Available,-1,Available,150,100,140,Below Trend,-1,Below Trend,08/24 00:00:00 CDT,-1,w4,0,2015-08-27 00:00:00,Contract,-1,Contract,2058890,-1,2058891,660,-1,4622,990,-1,6471,True,True,0,0,0,0,0
2015-08-24,2015-08-24 00:00:00,Exxon,PILOT TRAVEL CENTERS LLC 103637 WS,BATON ROUGE LA (MOC) - 00CE,Prem CG DS,660,-1,4622,0,0,0,0,0,-1,0,-1,0,0,w2,0,0,0,990,-1,6471,Available,-1,Available,150,100,140,Below Trend,-1,Below Trend,08/25 00:00:00 CDT,-1,w4,0,2015-08-27 00:00:00,Contract,-1,Contract,2096937,-1,2096938,660,-1,4622,990,-1,6471,True,True,0,0,0,0,0
2015-08-25,2015-08-25 00:00:00,Exxon,PILOT TRAVEL CENTERS LLC 103637 WS,BATON ROUGE LA (MOC) - 00CE,Prem CG DS,660,-1,4622,0,0,0,0,0,-1,0,-1,0,0,w2,0,0,0,990,-1,6471,Available,-1,Available,150,100,140,Below Trend,-1,Below Trend,08/26 00:00:00 CDT,-1,w4,0,2015-08-27 00:00:00,Contract,-1,Contract,2127935,-1,2127936,660,-1,4622,990,-1,6471,True,True,0,0,0,0,0
2015-08-26,2015-08-26 00:00:00,Exxon,PILOT TRAVEL CENTERS LLC 103637 WS,BATON ROUGE LA (MOC) - 00CE,Prem CG DS,660,-1,4622,0,3100,0,3100,3100,-1,0,-1,3100,0,w2,3100,0,3100,990,-1,6471,Out,-1,Out,150,100,140,Above Trend,-1,Below Trend,08/27 00:00:00 CDT,-1,w4,0,2015-08-27 00:00:00,Contract,-1,Contract,2155523,-1,2155524,660,-1,4622,990,-1,6471,True,True,3100,0,0,0,0
2015-08-27,2015-08-27 00:00:00,Exxon,PILOT TRAVEL CENTERS LLC 103637 WS,BATON ROUGE LA (MOC) - 00CE,Prem CG DS,660,-1,4622,0,0,0,0,0,-1,0,-1,0,0,w3,0,0,0,990,-1,6471,Available,-1,Available,150,100,140,Below Trend,-1,Below Trend,08/28 00:00:00 CDT,-1,w5,0,2015-09-03 00:00:00,Contract,-1,Contract,2182732,-1,2182733,660,-1,4622,990,-1,6471,True,True,0,0,0,0,0
2015-08-28,2015-08-28 00:00:00,Exxon,PILOT TRAVEL CENTERS LLC 103637 WS,BATON ROUGE LA (MOC) - 00CE,Prem CG DS,660,-1,4622,0,0,0,0,0,-1,0,-1,0,0,w3,0,0,0,990,-1,6471,Available,-1,Available,150,100,140,Below Trend,-1,Below Trend,08/29 00:00:00 CDT,-1,w5,0,2015-09-03 00:00:00,Contract,-1,Contract,2190856,-1,2190857,660,-1,4622,990,-1,6471,True,True,0,0,0,0,0
2015-08-29,2015-08-29 00:00:00,Exxon,PILOT TRAVEL CENTERS LLC 103637 WS,BATON ROUGE LA (MOC) - 00CE,Prem CG DS,660,-1,4622,0,0,0,0,0,-1,0,-1,0,0,w3,0,0,0,990,-1,6471,Available,-1,Available,150,100,140,Below Trend,-1,Below Trend,08/30 00:00:00 CDT,-1,w5,0,2015-09-03 00:00:00,Contract,-1,Contract,2240406,-1,2240407,660,-1,4622,990,-1,6471,True,True,0,0,0,0,0
2015-08-30,2015-08-30 00:00:00,Exxon,PILOT TRAVEL CENTERS LLC 103637 WS,BATON ROUGE LA (MOC) - 00CE,Prem CG DS,660,-1,4622,0,0,0,0,0,-1,0,-1,0,0,w3,0,0,0,990,-1,6471,Available,-1,Available,150,100,140,Below Trend,-1,Below Trend,08/31 00:00:00 CDT,-1,w5,0,2015-09-03 00:00:00,Contract,-1,Contract,2248375,-1,2248376,660,-1,4622,990,-1,6471,True,True,0,0,0,0,0
2015-08-31,2015-08-31 00:00:00,Exxon,PILOT TRAVEL CENTERS LLC 103637 WS,BATON ROUGE LA (MOC) - 00CE,Prem CG DS,660,-1,4622,0,1800,0,1800,1800,-1,0,-1,1800,0,w3,1800,0,1800,990,-1,6471,Out,-1,Out,150,100,140,Above Trend,-1,Below Trend,09/01 00:00:00 CDT,-1,w5,0,2015-09-03 00:00:00,Contract,-1,Contract,2292711,-1,2292712,660,-1,4622,990,-1,6471,True,True,1800,0,0,0,0
