,date,supplier_name,account_type,supplier_terminal_name,product_name,base_gallons_Daily,base_gallons_Weekly,lifted_gallons_daily_flag,lifted_gallons_daily_modified,Modified_WeeksByLiftedGallons,lifted_gallons_modified_WeeksByLiftedGallons,lifted_gallons_Daily,Lifted_actual_weekly,lifted_gallons_weekly_flag,WeeksByLiftedGallons,lifted_gallonsWeekly_modified_aposteriori,Modified_LiftedGallonsaposteriori,lifted_gallons_Weekly,beginning_gallons_Daily,beginning_gallons_Weekly,en_allocation_status_Daily,en_allocation_status_Weekly,percentage_allocation_Daily,percentage_allocation_Weekly,alerts_ratability_Daily,alerts_ratability_Weekly,next_refresh_date_Daily,Week_switch,Modified_NRD,next_refresh_date_Weekly,en_account_type_Daily,en_account_type_Weekly,NRB_Daily,next_refresh_base_gallons_Daily,next_refresh_base_gallons_Weekly,remaining_gallons_Daily,remaining_gallons_Weekly,additional_gallons_allowed_Daily,additional_gallons_allowed_Weekly,additional_gallons_remaining_Daily,additional_gallons_remaining_Weekly,staging_id_Daily,staging_id_Weekly,base_gallons_Monthly,Lifted_actual_monthly,lifted_gallons_monthly_flag,lifted_gallons_Monthly,beginning_gallons_Monthly,en_allocation_status_Monthly,percentage_allocation_Monthly,alerts_ratability_Monthly,next_refresh_date_Monthly,NRB_Monthly,next_refresh_base_gallons_Monthly,remaining_gallons_Monthly,additional_gallons_allowed_Monthly,additional_gallons_remaining_Monthly,base_gallons_Daily_Reconciled,base_gallons_Monthly_Reconciled,beginning_gallons_Daily_Reconciled,beginning_gallons_Monthly_Reconciled,beginning_gallons_Weekly_Reconciled,sanityWeekly_CumulativeDaily_WeeksByLiftedGallons,sanityWeekly_CumulativeDaily_NextRefreshDate,computedWeekly,sanityComputedWeekly,computedMonthly,sanityComputedMonthly,remaining_gallons_Daily_Reconciled,remaining_gallons_Monthly_Reconciled,remaining_gallons_Weekly_Reconciled,additional_gallons_remaining_Daily_Reconciled,additional_gallons_remaining_Monthly_Reconciled,additional_gallons_remaining_Weekly_Reconciled,sanityMonthly_CumulativeDaily_WeeksByLiftedGallons,sanityMonthly_CumulativeDaily_WeeksByNextRefreshDate
2015-08-01,2015-08-01 00:00:00,BP,Channel: 50 - Commercial,INDIANAPOLIS IN - BP (PLANT 0452),PREMIUM,2355,16486,0,-1,0,-1,-1,-1,0,w1,-1,0,-1,3533,16486,-1,-1,100,100,-1,-1,-1,w1,1,2015-08-05 00:00:00,-1,-1,2355,-1,-1,-1,-1,-1,-1,-1,-1,-1,-1,0,-1,0,-1,0,-1,100,-1,-1,0,-1,-1,-1,-1,3533,-1,2355,0,16486,False,False,0,0,0,0,3534,1,16487,-1,-1,-1,1,1
2015-08-02,2015-08-02 00:00:00,BP,Channel: 50 - Commercial,INDIANAPOLIS IN - BP (PLANT 0452),PREMIUM,2355,16486,0,-1,0,-1,-1,-1,0,w1,-1,0,-1,3533,16486,-1,-1,100,100,-1,-1,-1,w1,1,2015-08-05 00:00:00,-1,-1,2355,-1,-1,-1,-1,-1,-1,-1,-1,-1,-1,0,-1,0,-1,0,-1,100,-1,-1,0,-1,-1,-1,-1,3533,-1,2355,0,16486,False,False,0,0,0,0,3534,1,16487,-1,-1,-1,0,0
2015-08-03,2015-08-03 00:00:00,BP,Channel: 50 - Commercial,INDIANAPOLIS IN - BP (PLANT 0452),PREMIUM,2355,16486,0,-1,0,-1,-1,-1,0,w1,-1,0,-1,3533,16486,-1,-1,100,100,-1,-1,-1,w1,1,2015-08-05 00:00:00,-1,-1,2355,-1,-1,-1,-1,-1,-1,-1,-1,-1,-1,0,-1,0,-1,0,-1,100,-1,-1,0,-1,-1,-1,-1,3533,-1,2355,0,16486,False,False,0,0,0,0,3534,1,16487,-1,-1,-1,0,0
2015-08-04,2015-08-04 00:00:00,BP,Channel: 50 - Commercial,INDIANAPOLIS IN - BP (PLANT 0452),PREMIUM,2355,16486,0,-1,0,-1,-1,-1,0,w1,-1,0,-1,3533,16486,-1,-1,100,100,-1,-1,-1,w1,1,2015-08-05 00:00:00,-1,-1,2355,-1,-1,-1,-1,-1,-1,-1,-1,-1,-1,0,-1,0,-1,0,-1,100,-1,-1,0,-1,-1,-1,-1,3533,-1,2355,0,16486,False,False,0,0,0,0,3534,1,16487,-1,-1,-1,0,0
2015-08-05,2015-08-05 00:00:00,BP,Channel: 50 - Commercial,INDIANAPOLIS IN - BP (PLANT 0452),PREMIUM,2355,16486,0,-1,0,-1,-1,-1,0,w1,-1,0,-1,3533,16486,-1,-1,100,100,-1,-1,-1,w2,1,2015-08-12 00:00:00,-1,-1,2355,-1,-1,-1,-1,-1,-1,-1,-1,-1,-1,0,-1,0,-1,0,-1,100,-1,-1,0,-1,-1,-1,-1,3533,-1,2355,0,16486,False,True,0,0,0,0,3534,1,16487,-1,-1,-1,0,0
2015-08-06,2015-08-06 00:00:00,BP,Channel: 50 - Commercial,INDIANAPOLIS IN - BP (PLANT 0452),PREMIUM,-1,16486,0,-1,0,-1,-1,6908,0,w1,-1,0,6908,-1,18135,-1,Available,100,110,-1,,-1,w2,0,2015-08-12 00:00:00,-1,Contract,2355,-1,16486,-1,11227,-1,0,-1,0,-1,1427184,0,0,0,0,0,0,0,0,0,0,0,0,0,0,-1,-1,-1,0,18135,False,False,0,0,0,0,-1,0,11227,-1,-1,-1,0,0
2015-08-07,2015-08-07 00:00:00,BP,Channel: 50 - Commercial,INDIANAPOLIS IN - BP (PLANT 0452),PREMIUM,-1,16486,0,-1,1,3284,-1,10192,0,w1,-1,0,10192,-1,18135,-1,Available,100,110,-1,,-1,w2,0,2015-08-12 00:00:00,-1,Contract,2355,-1,16486,-1,7943,-1,0,-1,0,-1,1462909,0,0,0,0,0,0,0,0,0,0,0,0,0,0,-1,-1,-1,0,18135,False,False,0,0,0,0,-1,0,7943,-1,-1,-1,0,0
2015-08-08,2015-08-08 00:00:00,BP,Channel: 50 - Commercial,INDIANAPOLIS IN - BP (PLANT 0452),PREMIUM,-1,16486,0,-1,1,6902,-1,17094,0,w1,-1,0,17094,-1,18135,-1,Available,100,110,-1,,-1,w2,0,2015-08-12 00:00:00,-1,Contract,2355,-1,16486,-1,1041,-1,0,-1,0,-1,1497196,0,0,0,0,0,0,0,0,0,0,0,0,0,0,-1,-1,-1,0,18135,False,False,0,0,0,0,-1,0,1041,-1,-1,-1,0,0
2015-08-09,2015-08-09 00:00:00,BP,Channel: 50 - Commercial,INDIANAPOLIS IN - BP (PLANT 0452),PREMIUM,-1,16486,0,-1,1,1200,-1,18294,0,w1,-1,0,18294,-1,18135,-1,Out,100,110,-1,,-1,w2,0,2015-08-12 00:00:00,-1,Contract,2355,-1,16486,-1,-159,-1,0,-1,0,-1,1531137,0,0,0,0,0,0,0,0,0,0,0,0,0,0,-1,-1,-1,0,18135,False,False,0,0,0,0,-1,0,-159,-1,-1,-1,0,0
2015-08-10,2015-08-10 00:00:00,BP,Channel: 50 - Commercial,INDIANAPOLIS IN - BP (PLANT 0452),PREMIUM,-1,16486,0,-1,1,0,-1,18294,0,w1,-1,0,18294,-1,18135,-1,Available,100,110,-1,,-1,w2,0,2015-08-12 00:00:00,-1,Contract,2355,-1,16486,-1,-159,-1,8000,-1,8000,-1,1564244,0,0,0,0,0,0,0,0,0,0,0,0,0,0,-1,-1,-1,0,18135,False,False,0,0,0,0,-1,0,-159,-1,-1,8000,0,0
2015-08-11,2015-08-11 00:00:00,BP,Channel: 50 - Commercial,INDIANAPOLIS IN - BP (PLANT 0452),PREMIUM,-1,16486,0,-1,1,1199,-1,19493,0,w1,-1,0,19493,-1,18135,-1,Available,100,110,-1,,-1,w2,0,2015-08-12 00:00:00,-1,Contract,2355,-1,16486,-1,-159,-1,8000,-1,6801,-1,1586377,0,0,0,0,0,0,0,0,0,0,0,0,0,0,-1,-1,-1,0,18135,False,False,0,0,0,0,-1,0,-1358,-1,-1,8000,0,0
2015-08-12,2015-08-12 00:00:00,BP,Channel: 50 - Commercial,INDIANAPOLIS IN - BP (PLANT 0452),PREMIUM,2355,16486,3,1199,0,1199,1199,1199,0,w2,1199,0,1199,3533,16486,Available,Available,150,100,,,08/13 00:00:00 EDT,w3,0,2015-08-19 00:00:00,Contract,Contract,2355,2355,16486,2334,15287,0,0,0,0,1636481,1636482,0,0,0,0,0,0,0,0,0,0,0,0,0,0,2355,-1,3533,0,16486,True,True,1199,True,0,0,2334,0,15287,-1,-1,-1,0,0
2015-08-13,2015-08-13 00:00:00,BP,Channel: 50 - Commercial,INDIANAPOLIS IN - BP (PLANT 0452),PREMIUM,2355,16486,3,1199,0,1199,1199,2398,0,w2,1199,0,2398,3533,16486,Available,Available,150,100,,,08/14 00:00:00 EDT,w3,0,2015-08-19 00:00:00,Contract,Contract,2355,2355,16486,2334,14088,0,0,0,0,1676415,1676416,0,0,0,0,0,0,0,0,0,0,0,0,0,0,2355,-1,3533,0,16486,True,True,2398,True,0,0,2334,0,14088,-1,-1,-1,0,0
2015-08-14,2015-08-14 00:00:00,BP,Channel: 50 - Commercial,INDIANAPOLIS IN - BP (PLANT 0452),PREMIUM,2355,16486,3,2400,0,2400,2400,4798,0,w2,2400,0,4798,3533,16486,Available,Available,150,100,,,08/15 00:00:00 EDT,w3,0,2015-08-19 00:00:00,Contract,Contract,2355,2355,16486,1133,11688,0,0,0,0,1716026,1716027,0,0,0,0,0,0,0,0,0,0,0,0,0,0,2355,-1,3533,0,16486,True,True,4798,True,0,0,1133,0,11688,-1,-1,-1,0,0
2015-08-15,2015-08-15 00:00:00,BP,Channel: 50 - Commercial,INDIANAPOLIS IN - BP (PLANT 0452),PREMIUM,2355,16486,3,0,0,0,0,4798,0,w2,0,0,4798,3533,16486,Available,Available,150,100,,,08/16 00:00:00 EDT,w3,0,2015-08-19 00:00:00,Contract,Contract,2355,2355,16486,3533,11688,0,0,0,0,1752190,1752191,0,0,0,0,0,0,0,0,0,0,0,0,0,0,2355,-1,3533,0,16486,True,True,4798,True,0,0,3533,0,11688,-1,-1,-1,0,0
2015-08-16,2015-08-16 00:00:00,BP,Channel: 50 - Commercial,INDIANAPOLIS IN - BP (PLANT 0452),PREMIUM,2355,16486,3,0,0,0,0,4798,0,w2,0,0,4798,3533,16486,Available,Available,150,100,,,08/17 00:00:00 EDT,w3,0,2015-08-19 00:00:00,Contract,Contract,2355,2355,16486,3533,11688,0,0,0,0,1790143,1790144,0,0,0,0,0,0,0,0,0,0,0,0,0,0,2355,-1,3533,0,16486,True,True,4798,True,0,0,3533,0,11688,-1,-1,-1,0,0
2015-08-17,2015-08-17 00:00:00,BP,Channel: 50 - Commercial,INDIANAPOLIS IN - BP (PLANT 0452),PREMIUM,2355,16486,3,1002,0,1002,1002,5800,0,w2,1002,0,5800,3533,16486,Available,Available,150,100,,,08/18 00:00:00 EDT,w3,0,2015-08-19 00:00:00,Contract,Contract,2355,2355,16486,2531,10686,0,0,0,0,1831148,1831149,0,0,0,0,0,0,0,0,0,0,0,0,0,0,2355,-1,3533,0,16486,True,True,5800,True,0,0,2531,0,10686,-1,-1,-1,0,0
2015-08-18,2015-08-18 00:00:00,BP,Channel: 50 - Commercial,INDIANAPOLIS IN - BP (PLANT 0452),PREMIUM,2355,16486,0,2906,0,2906,2906,8706,0,w2,2906,0,8706,3533,16486,Available,Available,150,100,,,08/19 00:00:00 EDT,w3,0,2015-08-19 00:00:00,Contract,Contract,2355,2355,16486,627,7780,0,0,0,0,1869546,1869547,0,0,0,0,0,0,0,0,0,0,0,0,0,0,2355,-1,3533,0,16486,True,True,8706,True,0,0,627,0,7780,-1,-1,-1,0,0
2015-08-19,2015-08-19 00:00:00,BP,Channel: 50 - Commercial,INDIANAPOLIS IN - BP (PLANT 0452),PREMIUM,2355,16486,3,1200,0,1200,1200,1200,0,w3,1200,0,1200,3533,16486,Available,Available,150,100,,,08/20 00:00:00 EDT,w4,0,2015-08-26 00:00:00,Contract,Contract,2355,2355,16486,2333,15286,0,0,0,0,1902045,1902046,0,0,0,0,0,0,0,0,0,0,0,0,0,0,2355,-1,3533,0,16486,True,True,1200,True,0,0,2333,0,15286,-1,-1,-1,0,0
2015-08-20,2015-08-20 00:00:00,BP,Channel: 50 - Commercial,INDIANAPOLIS IN - BP (PLANT 0452),PREMIUM,2355,16486,3,4399,0,4399,4399,5599,0,w3,4399,0,5599,3533,16486,Out,Out,150,100,,,08/21 00:00:00 EDT,w4,0,2015-08-26 00:00:00,Contract,Contract,2355,2355,16486,-867,10887,0,0,0,0,1944654,1944655,0,0,0,0,0,0,0,0,0,0,0,0,0,0,2355,-1,3533,0,16486,True,True,5599,True,0,0,-866,0,10887,-1,-1,-1,0,0
2015-08-21,2015-08-21 00:00:00,BP,Channel: 50 - Commercial,INDIANAPOLIS IN - BP (PLANT 0452),PREMIUM,2355,16486,3,0,0,0,0,5599,0,w3,0,0,5599,3533,16486,Available,Available,150,100,,,08/22 00:00:00 EDT,w4,0,2015-08-26 00:00:00,Contract,Contract,2355,2355,16486,3533,10887,0,0,0,0,1983497,1983498,0,0,0,0,0,0,0,0,0,0,0,0,0,0,2355,-1,3533,0,16486,True,True,5599,True,0,0,3533,0,10887,-1,-1,-1,0,0
2015-08-22,2015-08-22 00:00:00,BP,Channel: 50 - Commercial,INDIANAPOLIS IN - BP (PLANT 0452),PREMIUM,2355,16486,3,0,0,0,0,5599,0,w3,0,0,5599,3533,16486,Available,Available,150,100,,,08/23 00:00:00 EDT,w4,0,2015-08-26 00:00:00,Contract,Contract,2355,2355,16486,3533,10887,0,0,0,0,2021384,2021385,0,0,0,0,0,0,0,0,0,0,0,0,0,0,2355,-1,3533,0,16486,True,True,5599,True,0,0,3533,0,10887,-1,-1,-1,0,0
2015-08-23,2015-08-23 00:00:00,BP,Channel: 50 - Commercial,INDIANAPOLIS IN - BP (PLANT 0452),PREMIUM,2355,16486,3,5800,0,5800,5800,11399,0,w3,5800,0,11399,3533,16486,Out,Out,150,100,,,08/24 00:00:00 EDT,w4,0,2015-08-26 00:00:00,Contract,Contract,2355,2355,16486,-2268,5087,0,0,0,0,2057419,2057420,0,0,0,0,0,0,0,0,0,0,0,0,0,0,2355,-1,3533,0,16486,True,True,11399,True,0,0,-2267,0,5087,-1,-1,-1,0,0
2015-08-24,2015-08-24 00:00:00,BP,Channel: 50 - Commercial,INDIANAPOLIS IN - BP (PLANT 0452),PREMIUM,2355,16486,3,1202,0,1202,1202,12601,0,w3,1202,0,12601,3533,16486,Available,Available,150,100,,,08/25 00:00:00 EDT,w4,0,2015-08-26 00:00:00,Contract,Contract,2355,2355,16486,2331,3885,0,0,0,0,2095052,2095053,0,0,0,0,0,0,0,0,0,0,0,0,0,0,2355,-1,3533,0,16486,True,True,12601,True,0,0,2331,0,3885,-1,-1,-1,0,0
2015-08-25,2015-08-25 00:00:00,BP,Channel: 50 - Commercial,INDIANAPOLIS IN - BP (PLANT 0452),PREMIUM,2355,16486,0,1100,0,1100,1100,13701,0,w3,1100,0,13701,3533,18135,Available,Available,150,110,,,08/26 00:00:00 EDT,w4,0,2015-08-26 00:00:00,Contract,Contract,2355,2355,16486,2433,4434,0,0,0,0,2126177,2126178,0,0,0,0,0,0,0,0,0,0,0,0,0,0,2355,-1,3533,0,18135,True,True,13701,True,0,0,2433,0,4434,-1,-1,-1,0,0
2015-08-26,2015-08-26 00:00:00,BP,Channel: 50 - Commercial,INDIANAPOLIS IN - BP (PLANT 0452),PREMIUM,2355,16486,0,2404,0,2404,2404,2404,0,w4,2404,0,2404,3533,18135,Available,Available,150,110,,,08/27 00:00:00 EDT,w5,0,2015-09-02 00:00:00,Contract,Contract,2355,2355,17361,1129,15731,0,0,0,0,2153764,2153765,0,0,0,0,0,0,0,0,0,0,0,0,0,0,2355,-1,3533,0,18135,True,True,0,0,0,0,1129,0,15731,-1,-1,-1,0,0
2015-08-27,2015-08-27 00:00:00,BP,Channel: 50 - Commercial,INDIANAPOLIS IN - BP (PLANT 0452),PREMIUM,-1,16486,0,-1,1,1101,-1,3505,0,w4,-1,0,3505,-1,18135,-1,Available,100,110,-1,,-1,w5,0,2015-09-02 00:00:00,-1,Contract,2355,-1,17361,-1,14630,-1,0,-1,0,-1,2180973,0,0,0,0,0,0,0,0,0,0,0,0,0,0,-1,-1,-1,0,18135,True,False,0,0,0,0,-1,0,14630,-1,-1,-1,0,0
2015-08-28,2015-08-28 00:00:00,BP,Channel: 50 - Commercial,INDIANAPOLIS IN - BP (PLANT 0452),PREMIUM,-1,16486,0,-1,1,3600,-1,7105,0,w4,-1,0,7105,-1,18135,-1,Available,100,110,-1,,-1,w5,0,2015-09-02 00:00:00,-1,Contract,2355,-1,17361,-1,11030,-1,0,-1,0,-1,2211911,0,0,0,0,0,0,0,0,0,0,0,0,0,0,-1,-1,-1,0,18135,True,False,0,0,0,0,-1,0,11030,-1,-1,-1,0,0
2015-08-29,2015-08-29 00:00:00,BP,Channel: 50 - Commercial,INDIANAPOLIS IN - BP (PLANT 0452),PREMIUM,-1,16486,0,-1,1,5612,-1,12717,0,w4,-1,0,12717,-1,18135,-1,Available,100,110,-1,,-1,w5,0,2015-09-02 00:00:00,-1,Contract,2355,-1,17361,-1,5418,-1,0,-1,0,-1,2239060,0,0,0,0,0,0,0,0,0,0,0,0,0,0,-1,-1,-1,0,18135,True,False,0,0,0,0,-1,0,5418,-1,-1,-1,0,0
2015-08-30,2015-08-30 00:00:00,BP,Channel: 50 - Commercial,INDIANAPOLIS IN - BP (PLANT 0452),PREMIUM,-1,16486,0,-1,1,6007,-1,18724,0,w4,-1,0,18724,-1,18135,-1,Out,100,110,-1,,-1,w5,0,2015-09-02 00:00:00,-1,Contract,2355,-1,17361,-1,-589,-1,0,-1,0,-1,2265457,0,0,0,0,0,0,0,0,0,0,0,0,0,0,-1,-1,-1,0,18135,True,False,0,0,0,0,-1,0,-589,-1,-1,-1,0,0
2015-08-31,2015-08-31 00:00:00,BP,Channel: 50 - Commercial,INDIANAPOLIS IN - BP (PLANT 0452),PREMIUM,-1,16486,0,-1,1,3602,-1,22326,0,w4,-1,0,22326,-1,18135,-1,Available,100,110,-1,,-1,w5,0,2015-09-02 00:00:00,-1,Contract,2355,-1,17361,-1,-589,-1,8000,-1,4398,-1,2291620,0,0,0,0,0,0,0,0,0,0,0,0,0,0,-1,-1,-1,0,18135,True,False,0,0,0,0,-1,0,-4191,-1,-1,8000,0,0
