,date,supplier_name,account_type,supplier_terminal_name,product_name,base_gallons_Daily,base_gallons_Weekly,lifted_gallons_daily_flag,lifted_gallons_daily_modified,Modified_WeeksByLiftedGallons,lifted_gallons_modified_WeeksByLiftedGallons,lifted_gallons_Daily,Lifted_actual_weekly,lifted_gallons_weekly_flag,WeeksByLiftedGallons,lifted_gallonsWeekly_modified_aposteriori,Modified_LiftedGallonsaposteriori,lifted_gallons_Weekly,beginning_gallons_Daily,beginning_gallons_Weekly,en_allocation_status_Daily,en_allocation_status_Weekly,percentage_allocation_Daily,percentage_allocation_Weekly,alerts_ratability_Daily,alerts_ratability_Weekly,next_refresh_date_Daily,Week_switch,Modified_NRD,next_refresh_date_Weekly,en_account_type_Daily,en_account_type_Weekly,NRB_Daily,next_refresh_base_gallons_Daily,next_refresh_base_gallons_Weekly,remaining_gallons_Daily,remaining_gallons_Weekly,additional_gallons_allowed_Daily,additional_gallons_allowed_Weekly,additional_gallons_remaining_Daily,additional_gallons_remaining_Weekly,staging_id_Daily,staging_id_Weekly,base_gallons_Monthly,Lifted_actual_monthly,lifted_gallons_monthly_flag,lifted_gallons_Monthly,beginning_gallons_Monthly,en_allocation_status_Monthly,percentage_allocation_Monthly,alerts_ratability_Monthly,next_refresh_date_Monthly,NRB_Monthly,next_refresh_base_gallons_Monthly,remaining_gallons_Monthly,additional_gallons_allowed_Monthly,additional_gallons_remaining_Monthly,base_gallons_Daily_Reconciled,base_gallons_Monthly_Reconciled,beginning_gallons_Daily_Reconciled,beginning_gallons_Monthly_Reconciled,beginning_gallons_Weekly_Reconciled,sanityWeekly_CumulativeDaily_WeeksByLiftedGallons,sanityWeekly_CumulativeDaily_NextRefreshDate,computedWeekly,sanityComputedWeekly,computedMonthly,sanityComputedMonthly,remaining_gallons_Daily_Reconciled,remaining_gallons_Monthly_Reconciled,remaining_gallons_Weekly_Reconciled,additional_gallons_remaining_Daily_Reconciled,additional_gallons_remaining_Monthly_Reconciled,additional_gallons_remaining_Weekly_Reconciled,sanityMonthly_CumulativeDaily_WeeksByLiftedGallons,sanityMonthly_CumulativeDaily_WeeksByNextRefreshDate
2015-08-01,2015-08-01 00:00:00,BP,Channel: 50 - Commercial,WARREN OH - BUCKEYE (PLANT 9182),DIESEL,24194,169355,0,-1,0,-1,-1,-1,0,w1,-1,0,-1,48388,186291,-1,-1,100,100,-1,-1,-1,w1,1,2015-08-05 00:00:00,-1,-1,24194,-1,-1,-1,-1,-1,-1,-1,-1,-1,-1,0,-1,0,-1,0,-1,100,-1,-1,0,-1,-1,-1,-1,48388,-1,24194,0,169355,False,False,0,0,0,0,48389,1,186292,-1,-1,-1,1,1
2015-08-02,2015-08-02 00:00:00,BP,Channel: 50 - Commercial,WARREN OH - BUCKEYE (PLANT 9182),DIESEL,24194,169355,0,-1,0,-1,-1,-1,0,w1,-1,0,-1,48388,186291,-1,-1,100,100,-1,-1,-1,w1,1,2015-08-05 00:00:00,-1,-1,24194,-1,-1,-1,-1,-1,-1,-1,-1,-1,-1,0,-1,0,-1,0,-1,100,-1,-1,0,-1,-1,-1,-1,48388,-1,24194,0,169355,False,False,0,0,0,0,48389,1,186292,-1,-1,-1,0,0
2015-08-03,2015-08-03 00:00:00,BP,Channel: 50 - Commercial,WARREN OH - BUCKEYE (PLANT 9182),DIESEL,24194,169355,0,-1,0,-1,-1,-1,0,w1,-1,0,-1,48388,186291,-1,-1,100,100,-1,-1,-1,w1,1,2015-08-05 00:00:00,-1,-1,24194,-1,-1,-1,-1,-1,-1,-1,-1,-1,-1,0,-1,0,-1,0,-1,100,-1,-1,0,-1,-1,-1,-1,48388,-1,24194,0,169355,False,False,0,0,0,0,48389,1,186292,-1,-1,-1,0,0
2015-08-04,2015-08-04 00:00:00,BP,Channel: 50 - Commercial,WARREN OH - BUCKEYE (PLANT 9182),DIESEL,24194,169355,0,-1,0,-1,-1,-1,0,w1,-1,0,-1,48388,186291,-1,-1,100,100,-1,-1,-1,w1,1,2015-08-05 00:00:00,-1,-1,24194,-1,-1,-1,-1,-1,-1,-1,-1,-1,-1,0,-1,0,-1,0,-1,100,-1,-1,0,-1,-1,-1,-1,48388,-1,24194,0,169355,False,False,0,0,0,0,48389,1,186292,-1,-1,-1,0,0
2015-08-05,2015-08-05 00:00:00,BP,Channel: 50 - Commercial,WARREN OH - BUCKEYE (PLANT 9182),DIESEL,24194,169355,6,53316,0,-1,-1,-1,6,w1,-1,0,53316,48388,186291,-1,-1,100,100,-1,-1,-1,w2,1,2015-08-12 00:00:00,-1,-1,24194,-1,-1,-1,-1,-1,-1,-1,-1,-1,-1,0,-1,0,-1,0,-1,100,-1,-1,0,-1,-1,-1,-1,48388,-1,24194,0,169355,False,True,53316,True,0,0,-4928,1,132975,-1,-1,-1,0,0
2015-08-06,2015-08-06 00:00:00,BP,Channel: 50 - Commercial,WARREN OH - BUCKEYE (PLANT 9182),DIESEL,24194,169355,3,15300,0,15300,15300,68616,0,w1,15300,0,68616,48388,186291,Available,Available,200,110,,,08/07 00:00:00 EDT,w2,0,2015-08-12 00:00:00,Contract,Contract,24194,24194,169355,33088,117675,0,0,0,0,1427195,1427196,0,0,0,0,0,0,0,0,0,0,0,0,0,0,24194,-1,48388,0,186291,False,True,68616,True,0,0,33088,0,117675,-1,-1,-1,0,0
2015-08-07,2015-08-07 00:00:00,BP,Channel: 50 - Commercial,WARREN OH - BUCKEYE (PLANT 9182),DIESEL,24194,169355,3,7601,0,7601,7601,76217,0,w1,7601,0,76217,48388,186291,Available,Available,200,110,,,08/08 00:00:00 EDT,w2,0,2015-08-12 00:00:00,Contract,Contract,24194,24194,169355,40787,110074,0,0,0,0,1462920,1462921,0,0,0,0,0,0,0,0,0,0,0,0,0,0,24194,-1,48388,0,186291,False,True,76217,True,0,0,40787,0,110074,-1,-1,-1,0,0
2015-08-08,2015-08-08 00:00:00,BP,Channel: 50 - Commercial,WARREN OH - BUCKEYE (PLANT 9182),DIESEL,24194,169355,3,15414,0,15414,15414,91631,0,w1,15414,0,91631,48388,186291,Available,Available,200,110,,,08/09 00:00:00 EDT,w2,0,2015-08-12 00:00:00,Contract,Contract,24194,24194,169355,32974,94660,0,0,0,0,1497207,1497208,0,0,0,0,0,0,0,0,0,0,0,0,0,0,24194,-1,48388,0,186291,False,True,91631,True,0,0,32974,0,94660,-1,-1,-1,0,0
2015-08-09,2015-08-09 00:00:00,BP,Channel: 50 - Commercial,WARREN OH - BUCKEYE (PLANT 9182),DIESEL,24194,169355,3,14444,0,14444,14444,106075,0,w1,14444,0,106075,48388,186291,Available,Available,200,110,,,08/10 00:00:00 EDT,w2,0,2015-08-12 00:00:00,Contract,Contract,24194,24194,169355,33944,80216,0,0,0,0,1531148,1531149,0,0,0,0,0,0,0,0,0,0,0,0,0,0,24194,-1,48388,0,186291,False,True,106075,True,0,0,33944,0,80216,-1,-1,-1,0,0
2015-08-10,2015-08-10 00:00:00,BP,Channel: 50 - Commercial,WARREN OH - BUCKEYE (PLANT 9182),DIESEL,24194,169355,3,22800,0,22800,22800,128875,0,w1,22800,0,128875,48388,186291,Available,Available,200,110,,,08/11 00:00:00 EDT,w2,0,2015-08-12 00:00:00,Contract,Contract,24194,24194,169355,25588,57416,0,0,0,0,1564256,1564257,0,0,0,0,0,0,0,0,0,0,0,0,0,0,24194,-1,48388,0,186291,False,True,128875,True,0,0,25588,0,57416,-1,-1,-1,0,0
2015-08-11,2015-08-11 00:00:00,BP,Channel: 50 - Commercial,WARREN OH - BUCKEYE (PLANT 9182),DIESEL,24194,169355,0,23008,0,23008,23008,151883,0,w1,23008,0,151883,48388,186291,Available,Available,200,110,,,08/12 00:00:00 EDT,w2,0,2015-08-12 00:00:00,Contract,Contract,24194,24194,169355,25380,34408,8000,8000,8000,8000,1586389,1586390,0,0,0,0,0,0,0,0,0,0,0,0,0,0,24194,-1,48388,0,186291,False,True,151883,True,0,0,25380,0,34408,-1,-1,-1,0,0
2015-08-12,2015-08-12 00:00:00,BP,Channel: 50 - Commercial,WARREN OH - BUCKEYE (PLANT 9182),DIESEL,24194,169355,3,22548,0,22548,22548,22548,0,w2,22548,0,22548,48388,186291,Available,Available,200,110,,,08/13 00:00:00 EDT,w3,0,2015-08-19 00:00:00,Contract,Contract,24194,24194,169355,25840,163743,0,0,0,0,1636496,1636497,0,0,0,0,0,0,0,0,0,0,0,0,0,0,24194,-1,48388,0,186291,True,True,22548,True,0,0,25840,0,163743,-1,-1,-1,0,0
2015-08-13,2015-08-13 00:00:00,BP,Channel: 50 - Commercial,WARREN OH - BUCKEYE (PLANT 9182),DIESEL,24194,169355,3,22811,0,22811,22811,45359,0,w2,22811,0,45359,48388,186291,Available,Available,200,110,,,08/14 00:00:00 EDT,w3,0,2015-08-19 00:00:00,Contract,Contract,24194,24194,169355,25577,140932,0,0,0,0,1676429,1676430,0,0,0,0,0,0,0,0,0,0,0,0,0,0,24194,-1,48388,0,186291,True,True,45359,True,0,0,25577,0,140932,-1,-1,-1,0,0
2015-08-14,2015-08-14 00:00:00,BP,Channel: 50 - Commercial,WARREN OH - BUCKEYE (PLANT 9182),DIESEL,24194,169355,3,30203,0,30203,30203,75562,0,w2,30203,0,75562,48388,186291,Available,Available,200,110,,,08/15 00:00:00 EDT,w3,0,2015-08-19 00:00:00,Contract,Contract,24194,24194,169355,18185,110729,0,0,0,0,1716038,1716039,0,0,0,0,0,0,0,0,0,0,0,0,0,0,24194,-1,48388,0,186291,True,True,75562,True,0,0,18185,0,110729,-1,-1,-1,0,0
2015-08-15,2015-08-15 00:00:00,BP,Channel: 50 - Commercial,WARREN OH - BUCKEYE (PLANT 9182),DIESEL,24194,169355,3,0,0,0,0,75562,0,w2,0,0,75562,48388,186291,Available,Available,200,110,,,08/16 00:00:00 EDT,w3,0,2015-08-19 00:00:00,Contract,Contract,24194,24194,169355,48388,110729,0,0,0,0,1752202,1752203,0,0,0,0,0,0,0,0,0,0,0,0,0,0,24194,-1,48388,0,186291,True,True,75562,True,0,0,48388,0,110729,-1,-1,-1,0,0
2015-08-16,2015-08-16 00:00:00,BP,Channel: 50 - Commercial,WARREN OH - BUCKEYE (PLANT 9182),DIESEL,24194,169355,3,7601,0,7601,7601,83163,0,w2,7601,0,83163,48388,186291,Available,Available,200,110,,,08/17 00:00:00 EDT,w3,0,2015-08-19 00:00:00,Contract,Contract,24194,24194,169355,40787,103128,0,0,0,0,1790155,1790156,0,0,0,0,0,0,0,0,0,0,0,0,0,0,24194,-1,48388,0,186291,True,True,83163,True,0,0,40787,0,103128,-1,-1,-1,0,0
2015-08-17,2015-08-17 00:00:00,BP,Channel: 50 - Commercial,WARREN OH - BUCKEYE (PLANT 9182),DIESEL,24194,169355,3,22720,0,22720,22720,105883,0,w2,22720,0,105883,48388,186291,Available,Available,200,110,,,08/18 00:00:00 EDT,w3,0,2015-08-19 00:00:00,Contract,Contract,24194,24194,169355,25668,80408,0,0,0,0,1831168,1831169,0,0,0,0,0,0,0,0,0,0,0,0,0,0,24194,-1,48388,0,186291,True,True,105883,True,0,0,25668,0,80408,-1,-1,-1,0,0
2015-08-18,2015-08-18 00:00:00,BP,Channel: 50 - Commercial,WARREN OH - BUCKEYE (PLANT 9182),DIESEL,24194,169355,0,45402,0,45402,45402,151285,0,w2,45402,0,151285,48388,186291,Available,Available,200,110,,,08/19 00:00:00 EDT,w3,0,2015-08-19 00:00:00,Contract,Contract,24194,24194,169355,2986,35006,0,0,0,0,1869566,1869567,0,0,0,0,0,0,0,0,0,0,0,0,0,0,24194,-1,48388,0,186291,True,True,151285,True,0,0,2986,0,35006,-1,-1,-1,0,0
2015-08-19,2015-08-19 00:00:00,BP,Channel: 50 - Commercial,WARREN OH - BUCKEYE (PLANT 9182),DIESEL,24194,169355,3,30280,0,15154,15154,15154,0,w3,15154,0,15154,48388,186291,Available,Available,200,110,,,08/20 00:00:00 EDT,w4,0,2015-08-26 00:00:00,Contract,Contract,24194,24194,169355,33234,171137,0,0,0,0,1902065,1902066,0,0,0,0,0,0,0,0,0,0,0,0,0,0,24194,-1,48388,0,186291,True,False,30280,True,0,0,18108,0,171137,-1,-1,-1,0,0
2015-08-20,2015-08-20 00:00:00,BP,Channel: 50 - Commercial,WARREN OH - BUCKEYE (PLANT 9182),DIESEL,24194,169355,3,30451,1,37926,22800,53080,0,w3,22800,0,53080,48388,186291,Available,Available,200,110,,,08/21 00:00:00 EDT,w4,0,2015-08-26 00:00:00,Contract,Contract,24194,24194,169355,25588,133211,0,0,0,0,1944670,1944671,0,0,0,0,0,0,0,0,0,0,0,0,0,0,24194,-1,48388,0,186291,True,False,60731,True,0,0,17937,0,133211,-1,-1,-1,0,0
2015-08-21,2015-08-21 00:00:00,BP,Channel: 50 - Commercial,WARREN OH - BUCKEYE (PLANT 9182),DIESEL,24194,169355,3,37911,1,37962,30311,91042,0,w3,30311,0,91042,48388,186291,Available,Available,200,110,,,08/22 00:00:00 EDT,w4,0,2015-08-26 00:00:00,Contract,Contract,24194,24194,169355,18077,95249,0,0,0,0,1983513,1983514,0,0,0,0,0,0,0,0,0,0,0,0,0,0,24194,-1,48388,0,186291,True,False,98642,True,0,0,10477,0,95249,-1,-1,-1,0,0
2015-08-22,2015-08-22 00:00:00,BP,Channel: 50 - Commercial,WARREN OH - BUCKEYE (PLANT 9182),DIESEL,24194,169355,3,0,1,7600,0,98642,0,w3,0,0,98642,48388,186291,Available,Available,200,110,,,08/23 00:00:00 EDT,w4,0,2015-08-26 00:00:00,Contract,Contract,24194,24194,169355,48388,87649,0,0,0,0,2021400,2021401,0,0,0,0,0,0,0,0,0,0,0,0,0,0,24194,-1,48388,0,186291,True,True,98642,True,0,0,48388,0,87649,-1,-1,-1,0,0
2015-08-23,2015-08-23 00:00:00,BP,Channel: 50 - Commercial,WARREN OH - BUCKEYE (PLANT 9182),DIESEL,24194,169355,3,7600,0,7600,7600,106242,0,w3,7600,0,106242,48388,186291,Available,Available,200,110,,,08/24 00:00:00 EDT,w4,0,2015-08-26 00:00:00,Contract,Contract,24194,24194,169355,40788,80049,0,0,0,0,2057435,2057436,0,0,0,0,0,0,0,0,0,0,0,0,0,0,24194,-1,48388,0,186291,True,True,106242,True,0,0,40788,0,80049,-1,-1,-1,0,0
2015-08-24,2015-08-24 00:00:00,BP,Channel: 50 - Commercial,WARREN OH - BUCKEYE (PLANT 9182),DIESEL,24194,169355,3,15009,0,15009,15009,121251,0,w3,15009,0,121251,48388,186291,Available,Available,200,110,,,08/25 00:00:00 EDT,w4,0,2015-08-26 00:00:00,Contract,Contract,24194,24194,169355,33379,65040,0,0,0,0,2095068,2095069,0,0,0,0,0,0,0,0,0,0,0,0,0,0,24194,-1,48388,0,186291,True,True,121251,True,0,0,33379,0,65040,-1,-1,-1,0,0
2015-08-25,2015-08-25 00:00:00,BP,Channel: 50 - Commercial,WARREN OH - BUCKEYE (PLANT 9182),DIESEL,24194,169355,0,45614,0,45614,45614,166865,0,w3,45614,0,166865,48388,186291,Available,Available,200,110,,,08/26 00:00:00 EDT,w4,0,2015-08-26 00:00:00,Contract,Contract,24194,24194,169355,2774,19426,8000,8000,8000,8000,2126192,2126193,0,0,0,0,0,0,0,0,0,0,0,0,0,0,24194,-1,48388,0,186291,True,True,166865,True,0,0,2774,0,19426,-1,-1,-1,0,0
2015-08-26,2015-08-26 00:00:00,BP,Channel: 50 - Commercial,WARREN OH - BUCKEYE (PLANT 9182),DIESEL,24194,169355,3,37859,0,37859,37859,37859,0,w4,37859,0,37859,48388,186291,Available,Available,200,110,,,08/27 00:00:00 EDT,w5,0,2015-09-02 00:00:00,Contract,Contract,24194,24194,175000,10529,148432,0,0,0,0,2153779,2153780,0,0,0,0,0,0,0,0,0,0,0,0,0,0,24194,-1,48388,0,186291,True,True,37859,True,0,0,10529,0,148432,-1,-1,-1,0,0
2015-08-27,2015-08-27 00:00:00,BP,Channel: 50 - Commercial,WARREN OH - BUCKEYE (PLANT 9182),DIESEL,24194,169355,3,45613,0,45613,45613,83472,0,w4,45613,0,83472,48388,186291,Available,Available,200,110,,,08/28 00:00:00 EDT,w5,0,2015-09-02 00:00:00,Contract,Contract,24194,24194,175000,2775,102819,8000,8000,8000,8000,2180984,2180985,0,0,0,0,0,0,0,0,0,0,0,0,0,0,24194,-1,48388,0,186291,True,True,83472,True,0,0,2775,0,102819,-1,-1,-1,0,0
2015-08-28,2015-08-28 00:00:00,BP,Channel: 50 - Commercial,WARREN OH - BUCKEYE (PLANT 9182),DIESEL,24194,169355,3,15206,0,15206,15206,98678,0,w4,15206,0,98678,48388,186291,Available,Available,200,110,,,08/29 00:00:00 EDT,w5,0,2015-09-02 00:00:00,Contract,Contract,24194,24194,175000,33182,87613,8000,8000,8000,8000,2211922,2211923,0,0,0,0,0,0,0,0,0,0,0,0,0,0,24194,-1,48388,0,186291,True,True,98678,True,0,0,33182,0,87613,-1,-1,-1,0,0
2015-08-29,2015-08-29 00:00:00,BP,Channel: 50 - Commercial,WARREN OH - BUCKEYE (PLANT 9182),DIESEL,24194,169355,3,7606,0,7606,7606,106284,0,w4,7606,0,106284,48388,186291,Available,Available,200,110,,,08/30 00:00:00 EDT,w5,0,2015-09-02 00:00:00,Contract,Contract,24194,24194,175000,40782,80007,8000,8000,8000,8000,2239071,2239072,0,0,0,0,0,0,0,0,0,0,0,0,0,0,24194,-1,48388,0,186291,True,True,106284,True,0,0,40782,0,80007,-1,-1,-1,0,0
2015-08-30,2015-08-30 00:00:00,BP,Channel: 50 - Commercial,WARREN OH - BUCKEYE (PLANT 9182),DIESEL,24194,169355,3,23016,0,23016,23016,129300,0,w4,23016,0,129300,48388,186291,Available,Available,200,110,,,08/31 00:00:00 EDT,w5,0,2015-09-02 00:00:00,Contract,Contract,24194,24194,175000,25372,56991,8000,8000,8000,8000,2265468,2265469,0,0,0,0,0,0,0,0,0,0,0,0,0,0,24194,-1,48388,0,186291,True,True,129300,True,0,0,25372,0,56991,-1,-1,-1,0,0
2015-08-31,2015-08-31 00:00:00,BP,Channel: 50 - Commercial,WARREN OH - BUCKEYE (PLANT 9182),DIESEL,24194,169355,0,23111,0,23111,23111,152411,0,w4,23111,0,152411,48388,186291,Available,Available,200,110,,,09/01 00:00:00 EDT,w5,0,2015-09-02 00:00:00,Contract,Contract,24194,24194,175000,25277,33880,8000,8000,8000,8000,2291631,2291632,0,0,0,0,0,0,0,0,0,0,0,0,0,0,24194,-1,48388,0,186291,True,True,152411,True,0,0,25277,0,33880,-1,-1,-1,0,0
