,date,supplier_name,account_type,supplier_terminal_name,product_name,base_gallons_Daily,base_gallons_Weekly,lifted_gallons_daily_flag,lifted_gallons_daily_modified,Modified_WeeksByLiftedGallons,lifted_gallons_modified_WeeksByLiftedGallons,lifted_gallons_Daily,Lifted_actual_weekly,lifted_gallons_weekly_flag,WeeksByLiftedGallons,lifted_gallonsWeekly_modified_aposteriori,Modified_LiftedGallonsaposteriori,lifted_gallons_Weekly,beginning_gallons_Daily,beginning_gallons_Weekly,en_allocation_status_Daily,en_allocation_status_Weekly,percentage_allocation_Daily,percentage_allocation_Weekly,alerts_ratability_Daily,alerts_ratability_Weekly,next_refresh_date_Daily,Week_switch,Modified_NRD,next_refresh_date_Weekly,en_account_type_Daily,en_account_type_Weekly,NRB_Daily,next_refresh_base_gallons_Daily,next_refresh_base_gallons_Weekly,remaining_gallons_Daily,remaining_gallons_Weekly,additional_gallons_allowed_Daily,additional_gallons_allowed_Weekly,additional_gallons_remaining_Daily,additional_gallons_remaining_Weekly,staging_id_Daily,staging_id_Weekly,base_gallons_Monthly,Lifted_actual_monthly,lifted_gallons_monthly_flag,lifted_gallons_Monthly,beginning_gallons_Monthly,en_allocation_status_Monthly,percentage_allocation_Monthly,alerts_ratability_Monthly,next_refresh_date_Monthly,NRB_Monthly,next_refresh_base_gallons_Monthly,remaining_gallons_Monthly,additional_gallons_allowed_Monthly,additional_gallons_remaining_Monthly,base_gallons_Daily_Reconciled,base_gallons_Monthly_Reconciled,beginning_gallons_Daily_Reconciled,beginning_gallons_Monthly_Reconciled,beginning_gallons_Weekly_Reconciled,sanityWeekly_CumulativeDaily_WeeksByLiftedGallons,sanityWeekly_CumulativeDaily_NextRefreshDate,computedWeekly,sanityComputedWeekly,computedMonthly,sanityComputedMonthly,remaining_gallons_Daily_Reconciled,remaining_gallons_Monthly_Reconciled,remaining_gallons_Weekly_Reconciled,additional_gallons_remaining_Daily_Reconciled,additional_gallons_remaining_Monthly_Reconciled,additional_gallons_remaining_Weekly_Reconciled,sanityMonthly_CumulativeDaily_WeeksByLiftedGallons,sanityMonthly_CumulativeDaily_WeeksByNextRefreshDate
2015-08-01,2015-08-01 00:00:00,BP,Channel: 50 - Commercial,RIVER ROUGE MI - BUCKEYE (PLANT 9123),PREMIUM,2042,14292,0,-1,0,-1,-1,-1,0,w1,-1,0,-1,3063,14292,-1,-1,100,100,-1,-1,-1,w1,1,2015-08-05 00:00:00,-1,-1,2042,-1,-1,-1,-1,-1,-1,-1,-1,-1,-1,0,-1,0,-1,0,-1,100,-1,-1,0,-1,-1,-1,-1,3063,-1,2042,0,14292,False,False,0,0,0,0,3064,1,14293,-1,-1,-1,1,1
2015-08-02,2015-08-02 00:00:00,BP,Channel: 50 - Commercial,RIVER ROUGE MI - BUCKEYE (PLANT 9123),PREMIUM,2042,14292,0,-1,0,-1,-1,-1,0,w1,-1,0,-1,3063,14292,-1,-1,100,100,-1,-1,-1,w1,1,2015-08-05 00:00:00,-1,-1,2042,-1,-1,-1,-1,-1,-1,-1,-1,-1,-1,0,-1,0,-1,0,-1,100,-1,-1,0,-1,-1,-1,-1,3063,-1,2042,0,14292,False,False,0,0,0,0,3064,1,14293,-1,-1,-1,0,0
2015-08-03,2015-08-03 00:00:00,BP,Channel: 50 - Commercial,RIVER ROUGE MI - BUCKEYE (PLANT 9123),PREMIUM,2042,14292,0,-1,0,-1,-1,-1,0,w1,-1,0,-1,3063,14292,-1,-1,100,100,-1,-1,-1,w1,1,2015-08-05 00:00:00,-1,-1,2042,-1,-1,-1,-1,-1,-1,-1,-1,-1,-1,0,-1,0,-1,0,-1,100,-1,-1,0,-1,-1,-1,-1,3063,-1,2042,0,14292,False,False,0,0,0,0,3064,1,14293,-1,-1,-1,0,0
2015-08-04,2015-08-04 00:00:00,BP,Channel: 50 - Commercial,RIVER ROUGE MI - BUCKEYE (PLANT 9123),PREMIUM,2042,14292,0,-1,0,-1,-1,-1,0,w1,-1,0,-1,3063,14292,-1,-1,100,100,-1,-1,-1,w1,1,2015-08-05 00:00:00,-1,-1,2042,-1,-1,-1,-1,-1,-1,-1,-1,-1,-1,0,-1,0,-1,0,-1,100,-1,-1,0,-1,-1,-1,-1,3063,-1,2042,0,14292,False,False,0,0,0,0,3064,1,14293,-1,-1,-1,0,0
2015-08-05,2015-08-05 00:00:00,BP,Channel: 50 - Commercial,RIVER ROUGE MI - BUCKEYE (PLANT 9123),PREMIUM,2042,14292,0,-1,0,-1,-1,-1,0,w1,-1,0,-1,3063,14292,-1,-1,100,100,-1,-1,-1,w2,1,2015-08-12 00:00:00,-1,-1,2042,-1,-1,-1,-1,-1,-1,-1,-1,-1,-1,0,-1,0,-1,0,-1,100,-1,-1,0,-1,-1,-1,-1,3063,-1,2042,0,14292,False,True,0,0,0,0,3064,1,14293,-1,-1,-1,0,0
2015-08-06,2015-08-06 00:00:00,BP,Channel: 50 - Commercial,RIVER ROUGE MI - BUCKEYE (PLANT 9123),PREMIUM,-1,14292,0,-1,0,-1,-1,2998,0,w1,-1,0,2998,-1,15721,-1,Available,100,110,-1,,-1,w2,0,2015-08-12 00:00:00,-1,Contract,2042,-1,14292,-1,12723,-1,0,-1,0,-1,1427188,0,0,0,0,0,0,0,0,0,0,0,0,0,0,-1,-1,-1,0,15721,False,False,0,0,0,0,-1,0,12723,-1,-1,-1,0,0
2015-08-07,2015-08-07 00:00:00,BP,Channel: 50 - Commercial,RIVER ROUGE MI - BUCKEYE (PLANT 9123),PREMIUM,-1,14292,0,-1,1,3998,-1,6996,0,w1,-1,0,6996,-1,15721,-1,Available,100,110,-1,,-1,w2,0,2015-08-12 00:00:00,-1,Contract,2042,-1,14292,-1,8725,-1,0,-1,0,-1,1462913,0,0,0,0,0,0,0,0,0,0,0,0,0,0,-1,-1,-1,0,15721,False,False,0,0,0,0,-1,0,8725,-1,-1,-1,0,0
2015-08-08,2015-08-08 00:00:00,BP,Channel: 50 - Commercial,RIVER ROUGE MI - BUCKEYE (PLANT 9123),PREMIUM,-1,14292,0,-1,1,0,-1,6996,0,w1,-1,0,6996,-1,15721,-1,Available,100,110,-1,,-1,w2,0,2015-08-12 00:00:00,-1,Contract,2042,-1,14292,-1,8725,-1,0,-1,0,-1,1497200,0,0,0,0,0,0,0,0,0,0,0,0,0,0,-1,-1,-1,0,15721,False,False,0,0,0,0,-1,0,8725,-1,-1,-1,0,0
2015-08-09,2015-08-09 00:00:00,BP,Channel: 50 - Commercial,RIVER ROUGE MI - BUCKEYE (PLANT 9123),PREMIUM,-1,14292,0,-1,1,12197,-1,19193,0,w1,-1,0,19193,-1,15721,-1,Out,100,110,-1,,-1,w2,0,2015-08-12 00:00:00,-1,Contract,2042,-1,14292,-1,-3472,-1,0,-1,0,-1,1531141,0,0,0,0,0,0,0,0,0,0,0,0,0,0,-1,-1,-1,0,15721,False,False,0,0,0,0,-1,0,-3472,-1,-1,-1,0,0
2015-08-10,2015-08-10 00:00:00,BP,Channel: 50 - Commercial,RIVER ROUGE MI - BUCKEYE (PLANT 9123),PREMIUM,-1,14292,0,-1,1,0,-1,19193,0,w1,-1,0,19193,-1,15721,-1,Available,100,110,-1,,-1,w2,0,2015-08-12 00:00:00,-1,Contract,2042,-1,14292,-1,-3472,-1,8000,-1,8000,-1,1564249,0,0,0,0,0,0,0,0,0,0,0,0,0,0,-1,-1,-1,0,15721,False,False,0,0,0,0,-1,0,-3472,-1,-1,8000,0,0
2015-08-11,2015-08-11 00:00:00,BP,Channel: 50 - Commercial,RIVER ROUGE MI - BUCKEYE (PLANT 9123),PREMIUM,-1,14292,0,-1,1,3998,-1,23191,0,w1,-1,0,23191,-1,15721,-1,Available,100,110,-1,,-1,w2,0,2015-08-12 00:00:00,-1,Contract,2042,-1,14292,-1,-3472,-1,8000,-1,4002,-1,1586382,0,0,0,0,0,0,0,0,0,0,0,0,0,0,-1,-1,-1,0,15721,False,False,0,0,0,0,-1,0,-7470,-1,-1,8000,0,0
2015-08-12,2015-08-12 00:00:00,BP,Channel: 50 - Commercial,RIVER ROUGE MI - BUCKEYE (PLANT 9123),PREMIUM,2042,14292,3,3005,0,3005,3005,3005,0,w2,3005,0,3005,3063,14292,Available,Available,150,100,,,08/13 00:00:00 EDT,w3,0,2015-08-19 00:00:00,Contract,Contract,2042,2042,14292,58,11287,0,0,0,0,1636488,1636489,0,0,0,0,0,0,0,0,0,0,0,0,0,0,2042,-1,3063,0,14292,True,True,0,0,0,0,58,0,11287,-1,-1,-1,0,0
2015-08-13,2015-08-13 00:00:00,BP,Channel: 50 - Commercial,RIVER ROUGE MI - BUCKEYE (PLANT 9123),PREMIUM,2042,14292,0,0,0,0,0,3005,0,w2,0,0,3005,3063,14292,Available,Available,150,100,,,08/14 00:00:00 EDT,w3,0,2015-08-19 00:00:00,Contract,Contract,2042,2042,14292,3063,11287,0,0,0,0,1676421,1676422,0,0,0,0,0,0,0,0,0,0,0,0,0,0,2042,-1,3063,0,14292,True,True,0,0,0,0,3063,0,11287,-1,-1,-1,0,0
2015-08-14,2015-08-14 00:00:00,BP,Channel: 50 - Commercial,RIVER ROUGE MI - BUCKEYE (PLANT 9123),PREMIUM,-1,14292,0,-1,1,0,-1,3005,0,w2,-1,0,3005,-1,14292,-1,Available,100,100,-1,,-1,w3,0,2015-08-19 00:00:00,-1,Contract,2042,-1,14292,-1,11287,-1,0,-1,0,-1,1716032,0,0,0,0,0,0,0,0,0,0,0,0,0,0,-1,-1,-1,0,14292,True,False,0,0,0,0,-1,0,11287,-1,-1,-1,0,0
2015-08-15,2015-08-15 00:00:00,BP,Channel: 50 - Commercial,RIVER ROUGE MI - BUCKEYE (PLANT 9123),PREMIUM,-1,14292,0,-1,1,2799,-1,5804,0,w2,-1,0,5804,-1,14292,-1,Available,100,100,-1,,-1,w3,0,2015-08-19 00:00:00,-1,Contract,2042,-1,14292,-1,8488,-1,0,-1,0,-1,1752196,0,0,0,0,0,0,0,0,0,0,0,0,0,0,-1,-1,-1,0,14292,True,False,0,0,0,0,-1,0,8488,-1,-1,-1,0,0
2015-08-16,2015-08-16 00:00:00,BP,Channel: 50 - Commercial,RIVER ROUGE MI - BUCKEYE (PLANT 9123),PREMIUM,-1,14292,0,-1,1,5602,-1,11406,0,w2,-1,0,11406,-1,14292,-1,Available,100,100,-1,,-1,w3,0,2015-08-19 00:00:00,-1,Contract,2042,-1,14292,-1,2886,-1,0,-1,0,-1,1790149,0,0,0,0,0,0,0,0,0,0,0,0,0,0,-1,-1,-1,0,14292,True,False,0,0,0,0,-1,0,2886,-1,-1,-1,0,0
2015-08-17,2015-08-17 00:00:00,BP,Channel: 50 - Commercial,RIVER ROUGE MI - BUCKEYE (PLANT 9123),PREMIUM,2042,14292,3,4798,0,4798,4798,16204,0,w2,4798,0,16204,3063,14292,Out,Out,150,100,,,08/18 00:00:00 EDT,w3,0,2015-08-19 00:00:00,Contract,Contract,2042,2042,14292,-1735,-1912,0,0,0,0,1831160,1831161,0,0,0,0,0,0,0,0,0,0,0,0,0,0,2042,-1,3063,0,14292,True,False,0,0,0,0,-1735,0,-1912,-1,-1,-1,0,0
2015-08-18,2015-08-18 00:00:00,BP,Channel: 50 - Commercial,RIVER ROUGE MI - BUCKEYE (PLANT 9123),PREMIUM,2042,14292,0,0,0,0,0,16204,0,w2,0,0,16204,3063,15721,Out,Out,150,110,,,08/19 00:00:00 EDT,w3,0,2015-08-19 00:00:00,Contract,Contract,2042,2042,14292,3063,-483,0,0,0,0,1869558,1869559,0,0,0,0,0,0,0,0,0,0,0,0,0,0,2042,-1,3063,0,15721,True,False,0,0,0,0,3063,0,-483,-1,-1,-1,0,0
2015-08-19,2015-08-19 00:00:00,BP,Channel: 50 - Commercial,RIVER ROUGE MI - BUCKEYE (PLANT 9123),PREMIUM,2042,14292,3,2999,0,999,999,999,0,w3,999,0,999,3063,14292,Available,Available,150,100,,,08/20 00:00:00 EDT,w4,0,2015-08-26 00:00:00,Contract,Contract,2042,2042,14292,2064,13293,0,0,0,0,1902057,1902058,0,0,0,0,0,0,0,0,0,0,0,0,0,0,2042,-1,3063,0,14292,True,False,2999,True,0,0,64,0,13293,-1,-1,-1,0,0
2015-08-20,2015-08-20 00:00:00,BP,Channel: 50 - Commercial,RIVER ROUGE MI - BUCKEYE (PLANT 9123),PREMIUM,2042,14292,3,0,1,2000,0,2999,0,w3,0,0,2999,3063,14292,Available,Available,150,100,,,08/21 00:00:00 EDT,w4,0,2015-08-26 00:00:00,Contract,Contract,2042,2042,14292,3063,11293,0,0,0,0,1944662,1944663,0,0,0,0,0,0,0,0,0,0,0,0,0,0,2042,-1,3063,0,14292,True,True,2999,True,0,0,3063,0,11293,-1,-1,-1,0,0
2015-08-21,2015-08-21 00:00:00,BP,Channel: 50 - Commercial,RIVER ROUGE MI - BUCKEYE (PLANT 9123),PREMIUM,2042,14292,3,0,0,0,0,2999,0,w3,0,0,2999,3063,14292,Available,Available,150,100,,,08/22 00:00:00 EDT,w4,0,2015-08-26 00:00:00,Contract,Contract,2042,2042,14292,3063,11293,0,0,0,0,1983505,1983506,0,0,0,0,0,0,0,0,0,0,0,0,0,0,2042,-1,3063,0,14292,True,True,2999,True,0,0,3063,0,11293,-1,-1,-1,0,0
2015-08-22,2015-08-22 00:00:00,BP,Channel: 50 - Commercial,RIVER ROUGE MI - BUCKEYE (PLANT 9123),PREMIUM,2042,14292,3,0,0,0,0,2999,0,w3,0,0,2999,3063,14292,Available,Available,150,100,,,08/23 00:00:00 EDT,w4,0,2015-08-26 00:00:00,Contract,Contract,2042,2042,14292,3063,11293,0,0,0,0,2021392,2021393,0,0,0,0,0,0,0,0,0,0,0,0,0,0,2042,-1,3063,0,14292,True,True,2999,True,0,0,3063,0,11293,-1,-1,-1,0,0
2015-08-23,2015-08-23 00:00:00,BP,Channel: 50 - Commercial,RIVER ROUGE MI - BUCKEYE (PLANT 9123),PREMIUM,2042,14292,3,0,0,0,0,2999,0,w3,0,0,2999,3063,14292,Available,Available,150,100,,,08/24 00:00:00 EDT,w4,0,2015-08-26 00:00:00,Contract,Contract,2042,2042,14292,3063,11293,0,0,0,0,2057427,2057428,0,0,0,0,0,0,0,0,0,0,0,0,0,0,2042,-1,3063,0,14292,True,True,2999,True,0,0,3063,0,11293,-1,-1,-1,0,0
2015-08-24,2015-08-24 00:00:00,BP,Channel: 50 - Commercial,RIVER ROUGE MI - BUCKEYE (PLANT 9123),PREMIUM,2042,14292,3,0,0,0,0,2999,0,w3,0,0,2999,3063,14292,Available,Available,150,100,,,08/25 00:00:00 EDT,w4,0,2015-08-26 00:00:00,Contract,Contract,2042,2042,14292,3063,11293,0,0,0,0,2095060,2095061,0,0,0,0,0,0,0,0,0,0,0,0,0,0,2042,-1,3063,0,14292,True,True,2999,True,0,0,3063,0,11293,-1,-1,-1,0,0
2015-08-25,2015-08-25 00:00:00,BP,Channel: 50 - Commercial,RIVER ROUGE MI - BUCKEYE (PLANT 9123),PREMIUM,2042,14292,0,1998,0,1998,1998,4997,0,w3,1998,0,4997,3063,15721,Available,Available,150,110,,,08/26 00:00:00 EDT,w4,0,2015-08-26 00:00:00,Contract,Contract,2042,2042,14292,1065,10724,0,0,0,0,2126184,2126185,0,0,0,0,0,0,0,0,0,0,0,0,0,0,2042,-1,3063,0,15721,True,True,4997,True,0,0,1065,0,10724,-1,-1,-1,0,0
2015-08-26,2015-08-26 00:00:00,BP,Channel: 50 - Commercial,RIVER ROUGE MI - BUCKEYE (PLANT 9123),PREMIUM,2042,14292,0,0,0,0,0,0,0,w4,0,0,0,3063,15721,Available,Available,150,110,,,08/27 00:00:00 EDT,w5,0,2015-09-02 00:00:00,Contract,Contract,2042,2042,14789,3063,15721,0,0,0,0,2153771,2153772,0,0,0,0,0,0,0,0,0,0,0,0,0,0,2042,-1,3063,0,15721,True,True,0,0,0,0,3063,0,15721,-1,-1,-1,0,0
2015-08-27,2015-08-27 00:00:00,BP,Channel: 50 - Commercial,RIVER ROUGE MI - BUCKEYE (PLANT 9123),PREMIUM,-1,14292,0,-1,1,0,-1,0,0,w4,-1,0,0,-1,15721,-1,Available,100,110,-1,,-1,w5,0,2015-09-02 00:00:00,-1,Contract,2042,-1,14789,-1,15721,-1,0,-1,0,-1,2180977,0,0,0,0,0,0,0,0,0,0,0,0,0,0,-1,-1,-1,0,15721,True,False,0,0,0,0,-1,0,15721,-1,-1,-1,0,0
2015-08-28,2015-08-28 00:00:00,BP,Channel: 50 - Commercial,RIVER ROUGE MI - BUCKEYE (PLANT 9123),PREMIUM,-1,14292,0,-1,1,0,-1,0,0,w4,-1,0,0,-1,15721,-1,Available,100,110,-1,,-1,w5,0,2015-09-02 00:00:00,-1,Contract,2042,-1,14789,-1,15721,-1,0,-1,0,-1,2211915,0,0,0,0,0,0,0,0,0,0,0,0,0,0,-1,-1,-1,0,15721,True,False,0,0,0,0,-1,0,15721,-1,-1,-1,0,0
2015-08-29,2015-08-29 00:00:00,BP,Channel: 50 - Commercial,RIVER ROUGE MI - BUCKEYE (PLANT 9123),PREMIUM,-1,14292,0,-1,1,0,-1,0,0,w4,-1,0,0,-1,15721,-1,Available,100,110,-1,,-1,w5,0,2015-09-02 00:00:00,-1,Contract,2042,-1,14789,-1,15721,-1,0,-1,0,-1,2239064,0,0,0,0,0,0,0,0,0,0,0,0,0,0,-1,-1,-1,0,15721,True,False,0,0,0,0,-1,0,15721,-1,-1,-1,0,0
2015-08-30,2015-08-30 00:00:00,BP,Channel: 50 - Commercial,RIVER ROUGE MI - BUCKEYE (PLANT 9123),PREMIUM,-1,14292,0,-1,1,1999,-1,1999,0,w4,-1,0,1999,-1,15721,-1,Available,100,110,-1,,-1,w5,0,2015-09-02 00:00:00,-1,Contract,2042,-1,14789,-1,13722,-1,0,-1,0,-1,2265461,0,0,0,0,0,0,0,0,0,0,0,0,0,0,-1,-1,-1,0,15721,True,False,0,0,0,0,-1,0,13722,-1,-1,-1,0,0
2015-08-31,2015-08-31 00:00:00,BP,Channel: 50 - Commercial,RIVER ROUGE MI - BUCKEYE (PLANT 9123),PREMIUM,-1,14292,0,-1,1,7000,-1,8999,0,w4,-1,0,8999,-1,15721,-1,Available,100,110,-1,,-1,w5,0,2015-09-02 00:00:00,-1,Contract,2042,-1,14789,-1,6722,-1,0,-1,0,-1,2291624,0,0,0,0,0,0,0,0,0,0,0,0,0,0,-1,-1,-1,0,15721,True,False,0,0,0,0,-1,0,6722,-1,-1,-1,0,0
