,date,supplier_name,account_type,supplier_terminal_name,product_name,base_gallons_Daily,base_gallons_Weekly,lifted_gallons_daily_flag,lifted_gallons_daily_modified,Modified_WeeksByLiftedGallons,lifted_gallons_modified_WeeksByLiftedGallons,lifted_gallons_Daily,Lifted_actual_weekly,lifted_gallons_weekly_flag,WeeksByLiftedGallons,lifted_gallonsWeekly_modified_aposteriori,Modified_LiftedGallonsaposteriori,lifted_gallons_Weekly,beginning_gallons_Daily,beginning_gallons_Weekly,en_allocation_status_Daily,en_allocation_status_Weekly,percentage_allocation_Daily_actual,percentage_allocation_Daily,percentage_allocation_Weekly_actual,percentage_allocation_Weekly,alerts_ratability_Daily,alerts_ratability_Weekly,next_refresh_date_Daily,Week_switch,Modified_NRD,next_refresh_date_Weekly,en_account_type_Daily,en_account_type_Weekly,NRB_Daily,next_refresh_base_gallons_Daily,next_refresh_base_gallons_Weekly,remaining_gallons_Daily,remaining_gallons_Weekly,additional_gallons_allowed_Daily,additional_gallons_allowed_Weekly,additional_gallons_remaining_Daily,additional_gallons_remaining_Weekly,staging_id_Daily,staging_id_Weekly,base_gallons_Monthly,Lifted_actual_monthly,lifted_gallons_monthly_flag,lifted_gallons_Monthly,beginning_gallons_Monthly,en_allocation_status_Monthly,percentage_allocation_Monthly_actual,percentage_allocation_Monthly,alerts_ratability_Monthly,next_refresh_date_Monthly,NRB_Monthly,next_refresh_base_gallons_Monthly,remaining_gallons_Monthly,additional_gallons_allowed_Monthly,additional_gallons_remaining_Monthly,base_gallons_Daily_Reconciled,base_gallons_Monthly_Reconciled,base_gallons_Weekly_Reconciled,beginning_gallons_Daily_Reconciled,beginning_gallons_Monthly_Reconciled,beginning_gallons_Weekly_Reconciled,sanityWeekly_CumulativeDaily_WeeksByLiftedGallons,sanityWeekly_CumulativeDaily_NextRefreshDate,computedWeekly,computedMonthly,sanityComputedMonthly,remaining_gallons_Daily_Reconciled,remaining_gallons_Monthly_Reconciled,remaining_gallons_Weekly_Reconciled,additional_gallons_remaining_Daily_Reconciled,additional_gallons_remaining_Monthly_Reconciled,additional_gallons_remaining_Weekly_Reconciled,sanityMonthly_CumulativeDaily_WeeksByLiftedGallons,sanityMonthly_CumulativeDaily_WeeksByNextRefreshDate
2015-07-01,2015-07-01 00:00:00,BP,Channel: 50 - Commercial,RIVER ROUGE MI - BUCKEYE (PLANT 9123),REGULAR,33348,233439,0,0,0,0,0,0,0,w1,0,0,0,66696.0,256783.0,Available,Available,200%,200,110%,110,-1,-1,07/02 00:00:00 EDT,w1,0,2015-07-08 00:00:00,Contract,Contract,33348,33348,233439,66696,256783,0,0,0,0,508167,508168,0,0,0,0,0,0,0,0,0,0,0,0,0,0,0,33348,0,233439,66696,0,256782,True,True,0,0,1,66696,0,256783,-1,-1,-1,1,1
2015-07-02,2015-07-02 00:00:00,BP,Channel: 50 - Commercial,RIVER ROUGE MI - BUCKEYE (PLANT 9123),REGULAR,33348,233439,0,17999,0,17999,17999,17999,0,w1,17999,0,17999,66696.0,256783.0,Available,Available,200%,200,110%,110,-1,-1,07/03 00:00:00 EDT,w1,0,2015-07-08 00:00:00,Contract,Contract,33348,33348,233439,48697,238784,0,0,0,0,528392,528393,0,0,0,0,0,0,0,0,0,0,0,0,0,0,0,33348,0,233439,66696,0,256782,True,True,17999,0,0,48697,0,238784,-1,-1,-1,0,0
2015-07-03,2015-07-03 00:00:00,BP,Channel: 50 - Commercial,RIVER ROUGE MI - BUCKEYE (PLANT 9123),REGULAR,33348,233439,0,0,0,0,0,17999,0,w1,0,0,17999,66696.0,256783.0,Available,Available,200%,200,110%,110,-1,-1,07/04 00:00:00 EDT,w1,0,2015-07-08 00:00:00,Contract,Contract,33348,33348,233439,66696,238784,0,0,0,0,536010,536011,0,0,0,0,0,0,0,0,0,0,0,0,0,0,0,33348,0,233439,66696,0,256782,True,True,17999,0,0,66696,0,238784,-1,-1,-1,0,0
2015-07-04,2015-07-04 00:00:00,BP,Channel: 50 - Commercial,RIVER ROUGE MI - BUCKEYE (PLANT 9123),REGULAR,33348,233439,3,16900,1,16900,10501,34899,0,w1,10501,0,34899,66696.0,256783.0,Available,Available,200%,200,110%,110,-1,-1,07/05 00:00:00 EDT,w1,0,2015-07-08 00:00:00,Contract,Contract,33348,33348,233439,56195,221884,0,0,0,0,542298,542299,0,0,0,0,0,0,0,0,0,0,0,0,0,0,0,33348,0,233439,66696,0,256782,True,True,34899,0,0,49796,0,221884,-1,-1,-1,0,0
2015-07-05,2015-07-05 00:00:00,BP,Channel: 50 - Commercial,RIVER ROUGE MI - BUCKEYE (PLANT 9123),REGULAR,33348,233439,3,6902,1,6902,0,41801,0,w1,0,0,41801,66696.0,256783.0,Available,Available,200%,200,110%,110,-1,-1,07/06 00:00:00 EDT,w1,0,2015-07-08 00:00:00,Contract,Contract,33348,33348,233439,66696,214982,0,0,0,0,548742,548743,0,0,0,0,0,0,0,0,0,0,0,0,0,0,0,33348,0,233439,66696,0,256782,True,True,41801,0,0,59794,0,214982,-1,-1,-1,0,0
2015-07-06,2015-07-06 00:00:00,BP,Channel: 50 - Commercial,RIVER ROUGE MI - BUCKEYE (PLANT 9123),REGULAR,33348,233439,3,19195,1,19195,0,60996,0,w1,0,0,60996,66696.0,256783.0,Available,Available,200%,200,110%,110,-1,-1,07/07 00:00:00 EDT,w1,0,2015-07-08 00:00:00,Contract,Contract,33348,33348,233439,66696,195787,0,0,0,0,555055,555056,0,0,0,0,0,0,0,0,0,0,0,0,0,0,0,33348,0,233439,66696,0,256782,True,True,60996,0,0,47501,0,195787,-1,-1,-1,0,0
2015-07-07,2015-07-07 00:00:00,BP,Channel: 50 - Commercial,RIVER ROUGE MI - BUCKEYE (PLANT 9123),REGULAR,33348,233439,3,30705,1,30705,13403,91701,0,w1,13403,0,91701,66696.0,256783.0,Available,Available,200%,200,110%,110,-1,-1,07/08 00:00:00 EDT,w1,0,2015-07-08 00:00:00,Contract,Contract,33348,33348,233439,53293,165082,0,0,0,0,568068,568069,0,0,0,0,0,0,0,0,0,0,0,0,0,0,0,33348,0,233439,66696,0,256782,True,True,91701,0,0,35991,0,165082,-1,-1,-1,0,0
2015-07-08,2015-07-08 00:00:00,BP,Channel: 50 - Commercial,RIVER ROUGE MI - BUCKEYE (PLANT 9123),REGULAR,33348,233439,0,19403,0,19403,19403,19403,0,w2,19403,0,19403,66696.0,256783.0,Available,Available,200%,200,110%,110,-1,-1,07/09 00:00:00 EDT,w2,0,2015-07-15 00:00:00,Contract,Contract,33348,33348,233439,47293,237380,0,0,0,0,578090,578091,0,0,0,0,0,0,0,0,0,0,0,0,0,0,0,33348,0,233439,66696,0,256782,True,True,0,0,0,47293,0,237380,-1,-1,-1,0,0
2015-07-09,2015-07-09 00:00:00,BP,Channel: 50 - Commercial,RIVER ROUGE MI - BUCKEYE (PLANT 9123),REGULAR,33348,233439,4,64130,0,-1,-1,-1,4,w3,-1,0,83533,66696.0,256783.0,-1,-1,-1,200,-1,110,-1,-1,-1,w2,1,2015-07-15 00:00:00,-1,-1,33348,-1,-1,-1,-1,-1,-1,-1,-1,-1,-1,0,-1,0,-1,0,-1,-1,0,-1,-1,0,-1,-1,-1,-1,33348,0,233439,66696,0,256782,True,True,0,0,0,2566,1,173250,-1,-1,-1,0,0
2015-07-10,2015-07-10 00:00:00,BP,Channel: 50 - Commercial,RIVER ROUGE MI - BUCKEYE (PLANT 9123),REGULAR,33348,233439,0,31394,0,31394,31394,114927,0,w3,31394,0,114927,66696.0,256783.0,Available,Available,200%,200,110%,110,-1,-1,07/11 00:00:00 EDT,w2,0,2015-07-15 00:00:00,Contract,Contract,33348,33348,233439,35302,141856,0,0,0,0,609060,609061,0,0,0,0,0,0,0,0,0,0,0,0,0,0,0,33348,0,233439,66696,0,256782,False,True,0,0,0,35302,0,141856,-1,-1,-1,0,0
2015-07-11,2015-07-11 00:00:00,BP,Channel: 50 - Commercial,RIVER ROUGE MI - BUCKEYE (PLANT 9123),REGULAR,33348,233439,0,0,0,0,0,114927,0,w3,0,0,114927,66696.0,256783.0,Available,Available,200%,200,110%,110,-1,-1,07/12 00:00:00 EDT,w2,0,2015-07-15 00:00:00,Contract,Contract,33348,33348,233439,66696,141856,0,0,0,0,639300,639301,0,0,0,0,0,0,0,0,0,0,0,0,0,0,0,33348,0,233439,66696,0,256782,False,True,0,0,0,66696,0,141856,-1,-1,-1,0,0
2015-07-12,2015-07-12 00:00:00,BP,Channel: 50 - Commercial,RIVER ROUGE MI - BUCKEYE (PLANT 9123),REGULAR,33348,233439,0,-1,0,-1,-1,-1,0,w4,-1,0,-1,66696.0,256783.0,-1,-1,-1,200,-1,110,-1,-1,-1,w2,1,2015-07-15 00:00:00,-1,-1,33348,-1,-1,-1,-1,-1,-1,-1,-1,-1,-1,0,-1,0,-1,0,-1,-1,0,-1,-1,0,-1,-1,-1,-1,33348,0,233439,66696,0,256782,True,False,0,0,0,66697,1,256784,-1,-1,-1,0,0
2015-07-13,2015-07-13 00:00:00,BP,Channel: 50 - Commercial,RIVER ROUGE MI - BUCKEYE (PLANT 9123),REGULAR,33348,233439,0,-1,0,-1,-1,-1,0,w4,-1,0,-1,66696.0,256783.0,-1,-1,-1,200,-1,110,-1,-1,-1,w2,1,2015-07-15 00:00:00,-1,-1,33348,-1,-1,-1,-1,-1,-1,-1,-1,-1,-1,0,-1,0,-1,0,-1,-1,0,-1,-1,0,-1,-1,-1,-1,33348,0,233439,66696,0,256782,False,False,0,0,0,66697,1,256784,-1,-1,-1,0,0
2015-07-14,2015-07-14 00:00:00,BP,Channel: 50 - Commercial,RIVER ROUGE MI - BUCKEYE (PLANT 9123),REGULAR,33348,233439,0,0,0,0,0,162548,0,w4,0,0,162548,66696.0,256783.0,Available,Available,200%,200,110%,110,-1,-1,07/15 00:00:00 EDT,w2,0,2015-07-15 00:00:00,Contract,Contract,33348,33348,233439,66696,94235,0,0,0,0,731175,731176,0,0,0,0,0,0,0,0,0,0,0,0,0,0,0,33348,0,233439,66696,0,256782,False,False,0,0,0,66696,0,94235,-1,-1,-1,0,0
2015-07-15,2015-07-15 00:00:00,BP,Channel: 50 - Commercial,RIVER ROUGE MI - BUCKEYE (PLANT 9123),REGULAR,33348,233439,0,0,0,0,0,0,0,w5,0,0,0,66696.0,256783.0,Available,Available,200%,200,110%,110,-1,-1,07/16 00:00:00 EDT,w3,0,2015-07-22 00:00:00,Contract,Contract,33348,33348,233439,66696,256783,0,0,0,0,756393,756394,0,0,0,0,0,0,0,0,0,0,0,0,0,0,0,33348,0,233439,66696,0,256782,True,True,0,0,0,66696,0,256783,-1,-1,-1,0,0
2015-07-16,2015-07-16 00:00:00,BP,Channel: 50 - Commercial,RIVER ROUGE MI - BUCKEYE (PLANT 9123),REGULAR,33348,233439,0,28199,0,28199,28199,28199,0,w5,28199,0,28199,66696.0,256783.0,Available,Available,200%,200,110%,110,-1,-1,07/17 00:00:00 EDT,w3,0,2015-07-22 00:00:00,Contract,Contract,33348,33348,233439,38497,228584,0,0,0,0,789695,789696,0,0,0,0,0,0,0,0,0,0,0,0,0,0,0,33348,0,233439,66696,0,256782,True,True,28199,0,0,38497,0,228584,-1,-1,-1,0,0
2015-07-17,2015-07-17 00:00:00,BP,Channel: 50 - Commercial,RIVER ROUGE MI - BUCKEYE (PLANT 9123),REGULAR,33348,233439,0,43108,0,43108,43108,71307,0,w5,43108,0,71307,66696.0,256783.0,Available,Available,200%,200,110%,110,-1,-1,07/18 00:00:00 EDT,w3,0,2015-07-22 00:00:00,Contract,Contract,33348,33348,233439,23588,185476,0,0,0,0,821723,821724,0,0,0,0,0,0,0,0,0,0,0,0,0,0,0,33348,0,233439,66696,0,256782,True,True,71307,0,0,23588,0,185476,-1,-1,-1,0,0
2015-07-18,2015-07-18 00:00:00,BP,Channel: 50 - Commercial,RIVER ROUGE MI - BUCKEYE (PLANT 9123),REGULAR,33348,233439,0,19200,0,19200,19200,90507,0,w5,19200,0,90507,66696.0,256783.0,Available,Available,200%,200,110%,110,-1,-1,07/19 00:00:00 EDT,w3,0,2015-07-22 00:00:00,Contract,Contract,33348,33348,233439,47496,166276,0,0,0,0,852185,852186,0,0,0,0,0,0,0,0,0,0,0,0,0,0,0,33348,0,233439,66696,0,256782,True,True,90507,0,0,47496,0,166276,-1,-1,-1,0,0
2015-07-19,2015-07-19 00:00:00,BP,Channel: 50 - Commercial,RIVER ROUGE MI - BUCKEYE (PLANT 9123),REGULAR,33348,233439,0,33994,0,33994,33994,124501,0,w5,33994,0,124501,66696.0,256783.0,Available,Available,200%,200,110%,110,-1,-1,07/20 00:00:00 EDT,w3,0,2015-07-22 00:00:00,Contract,Contract,33348,33348,233439,32702,132282,0,0,0,0,883446,883447,0,0,0,0,0,0,0,0,0,0,0,0,0,0,0,33348,0,233439,66696,0,256782,True,True,124501,0,0,32702,0,132282,-1,-1,-1,0,0
2015-07-20,2015-07-20 00:00:00,BP,Channel: 50 - Commercial,RIVER ROUGE MI - BUCKEYE (PLANT 9123),REGULAR,33348,233439,0,44208,0,44208,44208,168709,0,w5,44208,0,168709,66696.0,256783.0,Available,Available,200%,200,110%,110,-1,-1,07/21 00:00:00 EDT,w3,0,2015-07-22 00:00:00,Contract,Contract,33348,33348,233439,22488,88074,0,0,0,0,913811,913812,0,0,0,0,0,0,0,0,0,0,0,0,0,0,0,33348,0,233439,66696,0,256782,True,True,168709,0,0,22488,0,88074,-1,-1,-1,0,0
2015-07-21,2015-07-21 00:00:00,BP,Channel: 50 - Commercial,RIVER ROUGE MI - BUCKEYE (PLANT 9123),REGULAR,33348,233439,0,33218,0,33218,33218,201927,0,w5,33218,0,201927,66696.0,256783.0,Available,Available,200%,200,110%,110,-1,-1,07/22 00:00:00 EDT,w3,0,2015-07-22 00:00:00,Contract,Contract,33348,33348,233439,33478,54856,8000,8000,8000,8000,934352,934353,0,0,0,0,0,0,0,0,0,0,0,0,0,0,0,33348,0,233439,66696,0,256782,True,True,201927,0,0,33478,0,54856,-1,-1,-1,0,0
2015-07-22,2015-07-22 00:00:00,BP,Channel: 50 - Commercial,RIVER ROUGE MI - BUCKEYE (PLANT 9123),REGULAR,33348,233439,0,64807,0,64807,64807,64807,0,w6,64807,0,64807,66696.0,256783.0,Available,Available,200%,200,110%,110,-1,-1,07/23 00:00:00 EDT,w4,0,2015-07-29 00:00:00,Contract,Contract,33348,33348,233439,1889,191976,8000,8000,8000,8000,976424,976425,0,0,0,0,0,0,0,0,0,0,0,0,0,0,0,33348,0,233439,66696,0,256782,True,True,0,0,0,1889,0,191976,-1,-1,-1,0,0
2015-07-23,2015-07-23 00:00:00,BP,Channel: 50 - Commercial,RIVER ROUGE MI - BUCKEYE (PLANT 9123),REGULAR,33348,233439,0,0,0,0,0,64807,0,w6,0,0,64807,66696.0,256783.0,Available,Available,200%,200,110%,110,-1,-1,07/24 00:00:00 EDT,w4,0,2015-07-29 00:00:00,Contract,Contract,33348,33348,233439,66696,191976,8000,8000,8000,8000,994633,994634,0,0,0,0,0,0,0,0,0,0,0,0,0,0,0,33348,0,233439,66696,0,256782,True,True,0,0,0,66696,0,191976,-1,-1,-1,0,0
2015-07-24,2015-07-24 00:00:00,BP,Channel: 50 - Commercial,RIVER ROUGE MI - BUCKEYE (PLANT 9123),REGULAR,33348,233439,0,-1,0,-1,-1,-1,0,w7,-1,0,-1,66696.0,256783.0,-1,-1,-1,200,-1,110,-1,-1,-1,w4,1,2015-07-29 00:00:00,-1,-1,33348,-1,-1,-1,-1,-1,-1,-1,-1,-1,-1,0,-1,0,-1,0,-1,-1,0,-1,-1,0,-1,-1,-1,-1,33348,0,233439,66696,0,256782,True,False,0,0,0,66697,1,256784,-1,-1,-1,0,0
2015-07-25,2015-07-25 00:00:00,BP,Channel: 50 - Commercial,RIVER ROUGE MI - BUCKEYE (PLANT 9123),REGULAR,33348,233439,0,-1,0,-1,-1,-1,0,w7,-1,0,-1,66696.0,256783.0,-1,-1,-1,200,-1,110,-1,-1,-1,w4,1,2015-07-29 00:00:00,-1,-1,33348,-1,-1,-1,-1,-1,-1,-1,-1,-1,-1,0,-1,0,-1,0,-1,-1,0,-1,-1,0,-1,-1,-1,-1,33348,0,233439,66696,0,256782,False,False,0,0,0,66697,1,256784,-1,-1,-1,0,0
2015-07-26,2015-07-26 00:00:00,BP,Channel: 50 - Commercial,RIVER ROUGE MI - BUCKEYE (PLANT 9123),REGULAR,33348,233439,0,-1,0,-1,-1,-1,0,w7,-1,0,-1,66696.0,256783.0,-1,-1,-1,200,-1,110,-1,-1,-1,w4,1,2015-07-29 00:00:00,-1,-1,33348,-1,-1,-1,-1,-1,-1,-1,-1,-1,-1,0,-1,0,-1,0,-1,-1,0,-1,-1,0,-1,-1,-1,-1,33348,0,233439,66696,0,256782,False,False,0,0,0,66697,1,256784,-1,-1,-1,0,0
2015-07-27,2015-07-27 00:00:00,BP,Channel: 50 - Commercial,RIVER ROUGE MI - BUCKEYE (PLANT 9123),REGULAR,33348,233439,0,-1,0,-1,-1,-1,0,w7,-1,0,-1,66696.0,256783.0,-1,-1,-1,200,-1,110,-1,-1,-1,w4,1,2015-07-29 00:00:00,-1,-1,33348,-1,-1,-1,-1,-1,-1,-1,-1,-1,-1,0,-1,0,-1,0,-1,-1,0,-1,-1,0,-1,-1,-1,-1,33348,0,233439,66696,0,256782,False,False,0,0,0,66697,1,256784,-1,-1,-1,0,0
2015-07-28,2015-07-28 00:00:00,BP,Channel: 50 - Commercial,RIVER ROUGE MI - BUCKEYE (PLANT 9123),REGULAR,33348,233439,0,-1,0,-1,-1,-1,0,w7,-1,0,-1,66696.0,256783.0,-1,-1,-1,200,-1,110,-1,-1,-1,w4,1,2015-07-29 00:00:00,-1,-1,33348,-1,-1,-1,-1,-1,-1,-1,-1,-1,-1,0,-1,0,-1,0,-1,-1,0,-1,-1,0,-1,-1,-1,-1,33348,0,233439,66696,0,256782,False,False,0,0,0,66697,1,256784,-1,-1,-1,0,0
2015-07-29,2015-07-29 00:00:00,BP,Channel: 50 - Commercial,RIVER ROUGE MI - BUCKEYE (PLANT 9123),REGULAR,33348,233439,0,-1,0,-1,-1,-1,0,w7,-1,0,-1,66696.0,256783.0,-1,-1,-1,200,-1,110,-1,-1,-1,w5,1,2015-08-05 00:00:00,-1,-1,33348,-1,-1,-1,-1,-1,-1,-1,-1,-1,-1,0,-1,0,-1,0,-1,-1,0,-1,-1,0,-1,-1,-1,-1,33348,0,233439,66696,0,256782,False,True,0,0,0,66697,1,256784,-1,-1,-1,0,0
2015-07-30,2015-07-30 00:00:00,BP,Channel: 50 - Commercial,RIVER ROUGE MI - BUCKEYE (PLANT 9123),REGULAR,33348,233439,0,-1,0,-1,-1,-1,0,w7,-1,0,-1,66696.0,256783.0,-1,-1,-1,200,-1,110,-1,-1,-1,w5,1,2015-08-05 00:00:00,-1,-1,33348,-1,-1,-1,-1,-1,-1,-1,-1,-1,-1,0,-1,0,-1,0,-1,-1,0,-1,-1,0,-1,-1,-1,-1,33348,0,233439,66696,0,256782,False,False,0,0,0,66697,1,256784,-1,-1,-1,0,0
2015-07-31,2015-07-31 00:00:00,BP,Channel: 50 - Commercial,RIVER ROUGE MI - BUCKEYE (PLANT 9123),REGULAR,33348,233439,0,-1,0,-1,-1,-1,0,w7,-1,0,-1,66696.0,256783.0,-1,-1,-1,200,-1,110,-1,-1,-1,w5,1,2015-08-05 00:00:00,-1,-1,33348,-1,-1,-1,-1,-1,-1,-1,-1,-1,-1,0,-1,0,-1,0,-1,-1,0,-1,-1,0,-1,-1,-1,-1,33348,0,233439,66696,0,256782,False,False,0,0,0,66697,1,256784,-1,-1,-1,0,0
