,date,supplier_name,account_type,supplier_terminal_name,product_name,base_gallons_Daily,base_gallons_Weekly,lifted_gallons_daily_flag,lifted_gallons_daily_modified,Modified_WeeksByLiftedGallons,lifted_gallons_modified_WeeksByLiftedGallons,lifted_gallons_Daily,Lifted_actual_weekly,lifted_gallons_weekly_flag,WeeksByLiftedGallons,lifted_gallonsWeekly_modified_aposteriori,Modified_LiftedGallonsaposteriori,lifted_gallons_Weekly,beginning_gallons_Daily,beginning_gallons_Weekly,en_allocation_status_Daily,en_allocation_status_Weekly,percentage_allocation_Daily_actual,percentage_allocation_Daily,percentage_allocation_Weekly_actual,percentage_allocation_Weekly,alerts_ratability_Daily,alerts_ratability_Weekly,next_refresh_date_Daily,Week_switch,Modified_NRD,next_refresh_date_Weekly,en_account_type_Daily,en_account_type_Weekly,NRB_Daily,next_refresh_base_gallons_Daily,next_refresh_base_gallons_Weekly,remaining_gallons_Daily,remaining_gallons_Weekly,additional_gallons_allowed_Daily,additional_gallons_allowed_Weekly,additional_gallons_remaining_Daily,additional_gallons_remaining_Weekly,staging_id_Daily,staging_id_Weekly,base_gallons_Monthly,Lifted_actual_monthly,lifted_gallons_monthly_flag,lifted_gallons_Monthly,beginning_gallons_Monthly,en_allocation_status_Monthly,percentage_allocation_Monthly_actual,percentage_allocation_Monthly,alerts_ratability_Monthly,next_refresh_date_Monthly,NRB_Monthly,next_refresh_base_gallons_Monthly,remaining_gallons_Monthly,additional_gallons_allowed_Monthly,additional_gallons_remaining_Monthly,base_gallons_Daily_Reconciled,base_gallons_Monthly_Reconciled,base_gallons_Weekly_Reconciled,beginning_gallons_Daily_Reconciled,beginning_gallons_Monthly_Reconciled,beginning_gallons_Weekly_Reconciled,sanityWeekly_CumulativeDaily_WeeksByLiftedGallons,sanityWeekly_CumulativeDaily_NextRefreshDate,computedWeekly,computedMonthly,sanityComputedMonthly,remaining_gallons_Daily_Reconciled,remaining_gallons_Monthly_Reconciled,remaining_gallons_Weekly_Reconciled,additional_gallons_remaining_Daily_Reconciled,additional_gallons_remaining_Monthly_Reconciled,additional_gallons_remaining_Weekly_Reconciled,sanityMonthly_CumulativeDaily_WeeksByLiftedGallons,sanityMonthly_CumulativeDaily_WeeksByNextRefreshDate
2015-07-01,2015-07-01 00:00:00,BP,Channel: 50 - Commercial,WHITING IN - BP (PLANT 0453),DIESEL,26774,187419,0,44512,0,44512,44512,44512,0,w1,44512,0,44512,53548.0,206161.0,Available,Available,200%,200,110%,110,-1,-1,07/02 00:00:00 CDT,w1,0,2015-07-08 00:00:00,Contract,Contract,26774,26774,187419,9036,161649,32000,32000,32000,32000,508175,508176,0,0,0,0,0,0,0,0,0,0,0,0,0,0,0,26774,0,187419,53548,0,206160,True,True,44512,0,0,9036,0,161649,-1,-1,-1,0,0
2015-07-02,2015-07-02 00:00:00,BP,Channel: 50 - Commercial,WHITING IN - BP (PLANT 0453),DIESEL,26774,187419,3,44719,1,44719,30024,89231,0,w1,30024,0,89231,53548.0,206161.0,Available,Available,200%,200,110%,110,-1,-1,07/03 00:00:00 CDT,w1,0,2015-07-08 00:00:00,Contract,Contract,26774,26774,187419,23524,122589,32000,32000,26341,26341,528400,528401,0,0,0,0,0,0,0,0,0,0,0,0,0,0,0,26774,0,187419,53548,0,206160,True,True,89231,0,0,8829,0,116930,-1,-1,-1,0,0
2015-07-03,2015-07-03 00:00:00,BP,Channel: 50 - Commercial,WHITING IN - BP (PLANT 0453),DIESEL,26774,187419,3,15101,1,15101,7597,104332,0,w1,7597,0,104332,53548.0,206161.0,Available,Available,200%,200,110%,110,-1,-1,07/04 00:00:00 CDT,w1,0,2015-07-08 00:00:00,Contract,Contract,26774,26774,187419,45951,107488,32000,32000,26341,26341,536018,536019,0,0,0,0,0,0,0,0,0,0,0,0,0,0,0,26774,0,187419,53548,0,206160,True,True,104332,0,0,38447,0,101829,-1,-1,-1,0,0
2015-07-04,2015-07-04 00:00:00,BP,Channel: 50 - Commercial,WHITING IN - BP (PLANT 0453),DIESEL,26774,187419,3,20900,1,20900,5997,125232,0,w1,5997,0,125232,53548.0,206161.0,Available,Available,200%,200,110%,110,-1,-1,07/05 00:00:00 CDT,w1,0,2015-07-08 00:00:00,Contract,Contract,26774,26774,187419,47551,86588,32000,32000,26341,26341,542306,542307,0,0,0,0,0,0,0,0,0,0,0,0,0,0,0,26774,0,187419,53548,0,206160,True,True,125232,0,0,32648,0,80929,-1,-1,-1,0,0
2015-07-05,2015-07-05 00:00:00,BP,Channel: 50 - Commercial,WHITING IN - BP (PLANT 0453),DIESEL,26774,187419,0,0,0,0,0,125232,0,w1,0,0,125232,53548.0,206161.0,Available,Available,200%,200,110%,110,-1,-1,07/06 00:00:00 CDT,w1,0,2015-07-08 00:00:00,Contract,Contract,26774,26774,187419,53548,86588,32000,32000,26341,26341,548750,548751,0,0,0,0,0,0,0,0,0,0,0,0,0,0,0,26774,0,187419,53548,0,206160,True,True,125232,0,0,53548,0,80929,-1,-1,-1,0,0
2015-07-06,2015-07-06 00:00:00,BP,Channel: 50 - Commercial,WHITING IN - BP (PLANT 0453),DIESEL,26774,187419,3,29741,1,29741,14852,154973,0,w1,14852,0,154973,53548.0,206161.0,Available,Available,200%,200,110%,110,-1,-1,07/07 00:00:00 CDT,w1,0,2015-07-08 00:00:00,Contract,Contract,26774,26774,187419,38696,56847,32000,32000,26341,26341,555063,555064,0,0,0,0,0,0,0,0,0,0,0,0,0,0,0,26774,0,187419,53548,0,206160,True,True,154973,0,0,23807,0,51188,-1,-1,-1,0,0
2015-07-07,2015-07-07 00:00:00,BP,Channel: 50 - Commercial,WHITING IN - BP (PLANT 0453),DIESEL,26774,187419,0,81334,0,81334,81334,236307,0,w1,81334,0,236307,53548.0,206161.0,Out,Out,200%,200,110%,110,-1,-1,07/08 00:00:00 CDT,w1,0,2015-07-08 00:00:00,Contract,Contract,26774,26774,187419,0,3299,32000,32000,1445,1445,568076,568077,0,0,0,0,0,0,0,0,0,0,0,0,0,0,0,26774,0,187419,53548,0,206160,True,True,236307,0,0,-27786,0,-30146,32000,-1,32000,0,0
2015-07-08,2015-07-08 00:00:00,BP,Channel: 50 - Commercial,WHITING IN - BP (PLANT 0453),DIESEL,26774,187419,0,37013,0,37013,37013,37013,0,w2,37013,0,37013,53548.0,206161.0,Available,Available,200%,200,110%,110,-1,-1,07/09 00:00:00 CDT,w2,0,2015-07-15 00:00:00,Contract,Contract,26774,26774,187419,16535,169148,0,0,0,0,578098,578099,0,0,0,0,0,0,0,0,0,0,0,0,0,0,0,26774,0,187419,53548,0,206160,True,True,0,0,0,16535,0,169148,-1,-1,-1,0,0
2015-07-09,2015-07-09 00:00:00,BP,Channel: 50 - Commercial,WHITING IN - BP (PLANT 0453),DIESEL,26774,187419,4,82025,0,-1,-1,-1,4,w3,-1,0,119038,53548.0,206161.0,-1,-1,-1,200,-1,110,-1,-1,-1,w2,1,2015-07-15 00:00:00,-1,-1,26774,-1,-1,-1,-1,-1,-1,-1,-1,-1,-1,0,-1,0,-1,0,-1,-1,0,-1,-1,0,-1,-1,-1,-1,26774,0,187419,53548,0,206160,True,True,0,0,0,-28477,1,87123,-1,-1,-1,0,0
2015-07-10,2015-07-10 00:00:00,BP,Channel: 50 - Commercial,WHITING IN - BP (PLANT 0453),DIESEL,26774,187419,0,29729,0,29729,29729,148767,0,w3,29729,0,148767,53548.0,206161.0,Available,Available,200%,200,110%,110,-1,-1,07/11 00:00:00 CDT,w2,0,2015-07-15 00:00:00,Contract,Contract,26774,26774,187419,23819,63469,32000,32000,25925,25925,609068,609069,0,0,0,0,0,0,0,0,0,0,0,0,0,0,0,26774,0,187419,53548,0,206160,False,True,0,0,0,23819,0,57394,-1,-1,-1,0,0
2015-07-11,2015-07-11 00:00:00,BP,Channel: 50 - Commercial,WHITING IN - BP (PLANT 0453),DIESEL,26774,187419,0,29607,0,29607,29607,178374,0,w3,29607,0,178374,53548.0,206161.0,Available,Available,200%,200,110%,110,-1,-1,07/12 00:00:00 CDT,w2,0,2015-07-15 00:00:00,Contract,Contract,26774,26774,187419,23941,33862,32000,32000,25925,25925,639308,639309,0,0,0,0,0,0,0,0,0,0,0,0,0,0,0,26774,0,187419,53548,0,206160,False,True,0,0,0,23941,0,27787,-1,-1,-1,0,0
2015-07-12,2015-07-12 00:00:00,BP,Channel: 50 - Commercial,WHITING IN - BP (PLANT 0453),DIESEL,26774,187419,0,-1,0,-1,-1,-1,0,w4,-1,0,-1,53548.0,206161.0,-1,-1,-1,200,-1,110,-1,-1,-1,w2,1,2015-07-15 00:00:00,-1,-1,26774,-1,-1,-1,-1,-1,-1,-1,-1,-1,-1,0,-1,0,-1,0,-1,-1,0,-1,-1,0,-1,-1,-1,-1,26774,0,187419,53548,0,206160,True,False,0,0,0,53549,1,206162,-1,-1,-1,0,0
2015-07-13,2015-07-13 00:00:00,BP,Channel: 50 - Commercial,WHITING IN - BP (PLANT 0453),DIESEL,26774,187419,0,-1,0,-1,-1,-1,0,w4,-1,0,-1,53548.0,206161.0,-1,-1,-1,200,-1,110,-1,-1,-1,w2,1,2015-07-15 00:00:00,-1,-1,26774,-1,-1,-1,-1,-1,-1,-1,-1,-1,-1,0,-1,0,-1,0,-1,-1,0,-1,-1,0,-1,-1,-1,-1,26774,0,187419,53548,0,206160,False,False,0,0,0,53549,1,206162,-1,-1,-1,0,0
2015-07-14,2015-07-14 00:00:00,BP,Channel: 50 - Commercial,WHITING IN - BP (PLANT 0453),DIESEL,26774,187419,0,14705,0,14705,14705,244927,0,w4,14705,0,244927,53548.0,206161.0,Out,Out,200%,200,110%,110,-1,-1,07/15 00:00:00 CDT,w2,0,2015-07-15 00:00:00,Contract,Contract,26774,26774,187419,53548,0,32000,32000,6767,6767,731183,731184,0,0,0,0,0,0,0,0,0,0,0,0,0,0,0,26774,0,187419,53548,0,206160,False,False,0,0,0,38843,0,-38766,-1,-1,32000,0,0
2015-07-15,2015-07-15 00:00:00,BP,Channel: 50 - Commercial,WHITING IN - BP (PLANT 0453),DIESEL,26774,187419,0,51523,0,51523,51523,51523,0,w5,51523,0,51523,53548.0,206161.0,Available,Available,200%,200,110%,110,-1,-1,07/16 00:00:00 CDT,w3,0,2015-07-22 00:00:00,Contract,Contract,26774,26774,187419,2025,154638,0,0,0,0,756401,756402,0,0,0,0,0,0,0,0,0,0,0,0,0,0,0,26774,0,187419,53548,0,206160,True,True,51523,0,0,2025,0,154638,-1,-1,-1,0,0
2015-07-16,2015-07-16 00:00:00,BP,Channel: 50 - Commercial,WHITING IN - BP (PLANT 0453),DIESEL,26774,187419,0,29815,0,29815,29815,81338,0,w5,29815,0,81338,53548.0,206161.0,Available,Available,200%,200,110%,110,-1,-1,07/17 00:00:00 CDT,w3,0,2015-07-22 00:00:00,Contract,Contract,26774,26774,187419,23733,124823,0,0,0,0,789703,789704,0,0,0,0,0,0,0,0,0,0,0,0,0,0,0,26774,0,187419,53548,0,206160,True,True,81338,0,0,23733,0,124823,-1,-1,-1,0,0
2015-07-17,2015-07-17 00:00:00,BP,Channel: 50 - Commercial,WHITING IN - BP (PLANT 0453),DIESEL,26774,187419,3,44199,1,44199,36696,125537,0,w5,36696,0,125537,53548.0,206161.0,Available,Available,200%,200,110%,110,-1,-1,07/18 00:00:00 CDT,w3,0,2015-07-22 00:00:00,Contract,Contract,26774,26774,187419,16852,80624,0,0,0,0,821731,821732,0,0,0,0,0,0,0,0,0,0,0,0,0,0,0,26774,0,187419,53548,0,206160,True,True,125537,0,0,9349,0,80624,-1,-1,-1,0,0
2015-07-18,2015-07-18 00:00:00,BP,Channel: 50 - Commercial,WHITING IN - BP (PLANT 0453),DIESEL,26774,187419,3,22507,1,22507,15006,148044,0,w5,15006,0,148044,53548.0,206161.0,Available,Available,200%,200,110%,110,-1,-1,07/19 00:00:00 CDT,w3,0,2015-07-22 00:00:00,Contract,Contract,26774,26774,187419,38542,58117,0,0,0,0,852193,852194,0,0,0,0,0,0,0,0,0,0,0,0,0,0,0,26774,0,187419,53548,0,206160,True,True,148044,0,0,31041,0,58117,-1,-1,-1,0,0
2015-07-19,2015-07-19 00:00:00,BP,Channel: 50 - Commercial,WHITING IN - BP (PLANT 0453),DIESEL,26774,187419,0,29033,0,29033,29033,177077,0,w5,29033,0,177077,53548.0,206161.0,Available,Available,200%,200,110%,110,-1,-1,07/20 00:00:00 CDT,w3,0,2015-07-22 00:00:00,Contract,Contract,26774,26774,187419,24515,29084,0,0,0,0,883454,883455,0,0,0,0,0,0,0,0,0,0,0,0,0,0,0,26774,0,187419,53548,0,206160,True,True,177077,0,0,24515,0,29084,-1,-1,-1,0,0
2015-07-20,2015-07-20 00:00:00,BP,Channel: 50 - Commercial,WHITING IN - BP (PLANT 0453),DIESEL,26774,187419,3,44777,1,44777,37342,221854,0,w5,37342,0,221854,53548.0,206161.0,Available,Available,200%,200,110%,110,-1,-1,07/21 00:00:00 CDT,w3,0,2015-07-22 00:00:00,Contract,Contract,26774,26774,187419,31899,0,32000,32000,16306,16306,913819,913820,0,0,0,0,0,0,0,0,0,0,0,0,0,0,0,26774,0,187419,53548,0,206160,True,True,221854,0,0,8771,0,-15693,-1,-1,32000,0,0
2015-07-21,2015-07-21 00:00:00,BP,Channel: 50 - Commercial,WHITING IN - BP (PLANT 0453),DIESEL,26774,187419,0,22415,0,22415,22415,244269,0,w5,22415,0,244269,53548.0,206161.0,Out,Out,200%,200,110%,110,-1,-1,07/22 00:00:00 CDT,w3,0,2015-07-22 00:00:00,Contract,Contract,26774,26774,187419,53548,0,32000,32000,6109,6109,934360,934361,0,0,0,0,0,0,0,0,0,0,0,0,0,0,0,26774,0,187419,53548,0,206160,True,True,244269,0,0,31133,0,-38108,-1,-1,32000,0,0
2015-07-22,2015-07-22 00:00:00,BP,Channel: 50 - Commercial,WHITING IN - BP (PLANT 0453),DIESEL,26774,187419,0,37010,0,37010,37010,37010,0,w6,37010,0,37010,53548.0,206161.0,Available,Available,200%,200,110%,110,-1,-1,07/23 00:00:00 CDT,w4,0,2015-07-29 00:00:00,Contract,Contract,26774,26774,187419,16538,169151,0,0,0,0,976432,976433,0,0,0,0,0,0,0,0,0,0,0,0,0,0,0,26774,0,187419,53548,0,206160,True,True,0,0,0,16538,0,169151,-1,-1,-1,0,0
2015-07-23,2015-07-23 00:00:00,BP,Channel: 50 - Commercial,WHITING IN - BP (PLANT 0453),DIESEL,26774,187419,0,37112,0,37112,37112,74122,0,w6,37112,0,74122,53548.0,206161.0,Available,Available,200%,200,110%,110,-1,-1,07/24 00:00:00 CDT,w4,0,2015-07-29 00:00:00,Contract,Contract,26774,26774,187419,16436,132039,0,0,0,0,994641,994642,0,0,0,0,0,0,0,0,0,0,0,0,0,0,0,26774,0,187419,53548,0,206160,True,True,0,0,0,16436,0,132039,-1,-1,-1,0,0
2015-07-24,2015-07-24 00:00:00,BP,Channel: 50 - Commercial,WHITING IN - BP (PLANT 0453),DIESEL,26774,187419,0,-1,0,-1,-1,-1,0,w7,-1,0,-1,53548.0,206161.0,-1,-1,-1,200,-1,110,-1,-1,-1,w4,1,2015-07-29 00:00:00,-1,-1,26774,-1,-1,-1,-1,-1,-1,-1,-1,-1,-1,0,-1,0,-1,0,-1,-1,0,-1,-1,0,-1,-1,-1,-1,26774,0,187419,53548,0,206160,True,False,0,0,0,53549,1,206162,-1,-1,-1,0,0
2015-07-25,2015-07-25 00:00:00,BP,Channel: 50 - Commercial,WHITING IN - BP (PLANT 0453),DIESEL,26774,187419,0,-1,0,-1,-1,-1,0,w7,-1,0,-1,53548.0,206161.0,-1,-1,-1,200,-1,110,-1,-1,-1,w4,1,2015-07-29 00:00:00,-1,-1,26774,-1,-1,-1,-1,-1,-1,-1,-1,-1,-1,0,-1,0,-1,0,-1,-1,0,-1,-1,0,-1,-1,-1,-1,26774,0,187419,53548,0,206160,False,False,0,0,0,53549,1,206162,-1,-1,-1,0,0
2015-07-26,2015-07-26 00:00:00,BP,Channel: 50 - Commercial,WHITING IN - BP (PLANT 0453),DIESEL,26774,187419,0,-1,0,-1,-1,-1,0,w7,-1,0,-1,53548.0,206161.0,-1,-1,-1,200,-1,110,-1,-1,-1,w4,1,2015-07-29 00:00:00,-1,-1,26774,-1,-1,-1,-1,-1,-1,-1,-1,-1,-1,0,-1,0,-1,0,-1,-1,0,-1,-1,0,-1,-1,-1,-1,26774,0,187419,53548,0,206160,False,False,0,0,0,53549,1,206162,-1,-1,-1,0,0
2015-07-27,2015-07-27 00:00:00,BP,Channel: 50 - Commercial,WHITING IN - BP (PLANT 0453),DIESEL,26774,187419,0,-1,0,-1,-1,-1,0,w7,-1,0,-1,53548.0,206161.0,-1,-1,-1,200,-1,110,-1,-1,-1,w4,1,2015-07-29 00:00:00,-1,-1,26774,-1,-1,-1,-1,-1,-1,-1,-1,-1,-1,0,-1,0,-1,0,-1,-1,0,-1,-1,0,-1,-1,-1,-1,26774,0,187419,53548,0,206160,False,False,0,0,0,53549,1,206162,-1,-1,-1,0,0
2015-07-28,2015-07-28 00:00:00,BP,Channel: 50 - Commercial,WHITING IN - BP (PLANT 0453),DIESEL,26774,187419,0,-1,0,-1,-1,-1,0,w7,-1,0,-1,53548.0,206161.0,-1,-1,-1,200,-1,110,-1,-1,-1,w4,1,2015-07-29 00:00:00,-1,-1,26774,-1,-1,-1,-1,-1,-1,-1,-1,-1,-1,0,-1,0,-1,0,-1,-1,0,-1,-1,0,-1,-1,-1,-1,26774,0,187419,53548,0,206160,False,False,0,0,0,53549,1,206162,-1,-1,-1,0,0
2015-07-29,2015-07-29 00:00:00,BP,Channel: 50 - Commercial,WHITING IN - BP (PLANT 0453),DIESEL,26774,187419,0,-1,0,-1,-1,-1,0,w7,-1,0,-1,53548.0,206161.0,-1,-1,-1,200,-1,110,-1,-1,-1,w5,1,2015-08-05 00:00:00,-1,-1,26774,-1,-1,-1,-1,-1,-1,-1,-1,-1,-1,0,-1,0,-1,0,-1,-1,0,-1,-1,0,-1,-1,-1,-1,26774,0,187419,53548,0,206160,False,True,0,0,0,53549,1,206162,-1,-1,-1,0,0
2015-07-30,2015-07-30 00:00:00,BP,Channel: 50 - Commercial,WHITING IN - BP (PLANT 0453),DIESEL,26774,187419,0,-1,0,-1,-1,-1,0,w7,-1,0,-1,53548.0,206161.0,-1,-1,-1,200,-1,110,-1,-1,-1,w5,1,2015-08-05 00:00:00,-1,-1,26774,-1,-1,-1,-1,-1,-1,-1,-1,-1,-1,0,-1,0,-1,0,-1,-1,0,-1,-1,0,-1,-1,-1,-1,26774,0,187419,53548,0,206160,False,False,0,0,0,53549,1,206162,-1,-1,-1,0,0
2015-07-31,2015-07-31 00:00:00,BP,Channel: 50 - Commercial,WHITING IN - BP (PLANT 0453),DIESEL,26774,187419,0,-1,0,-1,-1,-1,0,w7,-1,0,-1,53548.0,206161.0,-1,-1,-1,200,-1,110,-1,-1,-1,w5,1,2015-08-05 00:00:00,-1,-1,26774,-1,-1,-1,-1,-1,-1,-1,-1,-1,-1,0,-1,0,-1,0,-1,-1,0,-1,-1,0,-1,-1,-1,-1,26774,0,187419,53548,0,206160,False,False,0,0,0,53549,1,206162,-1,-1,-1,0,0
