,date,supplier_name,account_type,supplier_terminal_name,product_name,base_gallons_Daily,base_gallons_Weekly,lifted_gallons_daily_flag,lifted_gallons_daily_modified,Modified_WeeksByLiftedGallons,lifted_gallons_modified_WeeksByLiftedGallons,lifted_gallons_Daily,Lifted_actual_weekly,lifted_gallons_weekly_flag,WeeksByLiftedGallons,lifted_gallonsWeekly_modified_aposteriori,Modified_LiftedGallonsaposteriori,lifted_gallons_Weekly,beginning_gallons_Daily,beginning_gallons_Weekly,en_allocation_status_Daily,en_allocation_status_Weekly,percentage_allocation_Daily_actual,percentage_allocation_Daily,percentage_allocation_Weekly_actual,percentage_allocation_Weekly,alerts_ratability_Daily,alerts_ratability_Weekly,next_refresh_date_Daily,Week_switch,Modified_NRD,next_refresh_date_Weekly,en_account_type_Daily,en_account_type_Weekly,NRB_Daily,next_refresh_base_gallons_Daily,next_refresh_base_gallons_Weekly,remaining_gallons_Daily,remaining_gallons_Weekly,additional_gallons_allowed_Daily,additional_gallons_allowed_Weekly,additional_gallons_remaining_Daily,additional_gallons_remaining_Weekly,staging_id_Daily,staging_id_Weekly,base_gallons_Monthly,Lifted_actual_monthly,lifted_gallons_monthly_flag,lifted_gallons_Monthly,beginning_gallons_Monthly,en_allocation_status_Monthly,percentage_allocation_Monthly_actual,percentage_allocation_Monthly,alerts_ratability_Monthly,next_refresh_date_Monthly,NRB_Monthly,next_refresh_base_gallons_Monthly,remaining_gallons_Monthly,additional_gallons_allowed_Monthly,additional_gallons_remaining_Monthly,base_gallons_Daily_Reconciled,base_gallons_Monthly_Reconciled,base_gallons_Weekly_Reconciled,beginning_gallons_Daily_Reconciled,beginning_gallons_Monthly_Reconciled,beginning_gallons_Weekly_Reconciled,sanityWeekly_CumulativeDaily_WeeksByLiftedGallons,sanityWeekly_CumulativeDaily_NextRefreshDate,computedWeekly,computedMonthly,sanityComputedMonthly,remaining_gallons_Daily_Reconciled,remaining_gallons_Monthly_Reconciled,remaining_gallons_Weekly_Reconciled,additional_gallons_remaining_Daily_Reconciled,additional_gallons_remaining_Monthly_Reconciled,additional_gallons_remaining_Weekly_Reconciled,sanityMonthly_CumulativeDaily_WeeksByLiftedGallons,sanityMonthly_CumulativeDaily_WeeksByNextRefreshDate
2015-07-01,2015-07-01 00:00:00,BP,Channel: 50 - Commercial,INDIANAPOLIS IN - BP (PLANT 0452),PREMIUM,-1,14418,3,16752,1,16752,-1,16752,0,w1,-1,0,16752,-1.0,15860.0,-1,Available,-1,100,110%,110,-1,-1,-1,w1,0,2015-07-08 00:00:00,-1,Contract,-1,-1,14418,-1,0,-1,8000,-1,7107,-1,508160,0,0,0,0,0,0,0,0,0,0,0,0,0,0,0,-1,0,14418,-1.0,0,15859,True,True,16752,0,0,-1,0,-892,-1,-1,8000,0,0
2015-07-02,2015-07-02 00:00:00,BP,Channel: 50 - Commercial,INDIANAPOLIS IN - BP (PLANT 0452),PREMIUM,-1,14418,3,0,1,0,-1,16752,0,w1,-1,0,16752,-1.0,15860.0,-1,Available,-1,100,110%,110,-1,-1,-1,w1,0,2015-07-08 00:00:00,-1,Contract,-1,-1,14418,-1,0,-1,8000,-1,7107,-1,528385,0,0,0,0,0,0,0,0,0,0,0,0,0,0,0,-1,0,14418,-1.0,0,15859,True,True,16752,0,0,-1,0,-892,-1,-1,8000,0,0
2015-07-03,2015-07-03 00:00:00,BP,Channel: 50 - Commercial,INDIANAPOLIS IN - BP (PLANT 0452),PREMIUM,-1,14418,3,3200,1,3200,-1,19952,0,w1,-1,0,19952,-1.0,15860.0,-1,Available,-1,100,110%,110,-1,-1,-1,w1,0,2015-07-08 00:00:00,-1,Contract,-1,-1,14418,-1,0,-1,8000,-1,3907,-1,536003,0,0,0,0,0,0,0,0,0,0,0,0,0,0,0,-1,0,14418,-1.0,0,15859,True,True,19952,0,0,-1,0,-4092,-1,-1,8000,0,0
2015-07-04,2015-07-04 00:00:00,BP,Channel: 50 - Commercial,INDIANAPOLIS IN - BP (PLANT 0452),PREMIUM,-1,14418,3,1002,1,1002,-1,20954,0,w1,-1,0,20954,-1.0,15860.0,-1,Available,-1,100,110%,110,-1,-1,-1,w1,0,2015-07-08 00:00:00,-1,Contract,-1,-1,14418,-1,0,-1,8000,-1,2905,-1,542291,0,0,0,0,0,0,0,0,0,0,0,0,0,0,0,-1,0,14418,-1.0,0,15859,True,True,20954,0,0,-1,0,-5094,-1,-1,8000,0,0
2015-07-05,2015-07-05 00:00:00,BP,Channel: 50 - Commercial,INDIANAPOLIS IN - BP (PLANT 0452),PREMIUM,-1,14418,3,0,1,0,-1,20954,0,w1,-1,0,20954,-1.0,15860.0,-1,Available,-1,100,110%,110,-1,-1,-1,w1,0,2015-07-08 00:00:00,-1,Contract,-1,-1,14418,-1,0,-1,8000,-1,2905,-1,548735,0,0,0,0,0,0,0,0,0,0,0,0,0,0,0,-1,0,14418,-1.0,0,15859,True,True,20954,0,0,-1,0,-5094,-1,-1,8000,0,0
2015-07-06,2015-07-06 00:00:00,BP,Channel: 50 - Commercial,INDIANAPOLIS IN - BP (PLANT 0452),PREMIUM,-1,14418,3,3799,1,3799,-1,24753,0,w1,-1,0,24753,-1.0,15860.0,-1,Out,-1,100,110%,110,-1,-1,-1,w1,0,2015-07-08 00:00:00,-1,Contract,-1,-1,14418,-1,0,-1,8000,-1,894,-1,555048,0,0,0,0,0,0,0,0,0,0,0,0,0,0,0,-1,0,14418,-1.0,0,15859,True,True,24753,0,0,-1,0,-8893,-1,-1,8000,0,0
2015-07-07,2015-07-07 00:00:00,BP,Channel: 50 - Commercial,INDIANAPOLIS IN - BP (PLANT 0452),PREMIUM,-1,14418,3,0,1,0,-1,24753,0,w1,-1,0,24753,-1.0,15860.0,-1,Out,-1,100,110%,110,-1,-1,-1,w1,0,2015-07-08 00:00:00,-1,Contract,-1,-1,14418,-1,0,-1,8000,-1,894,-1,568061,0,0,0,0,0,0,0,0,0,0,0,0,0,0,0,-1,0,14418,-1.0,0,15859,True,True,24753,0,0,-1,0,-8893,-1,-1,8000,0,0
2015-07-08,2015-07-08 00:00:00,BP,Channel: 50 - Commercial,INDIANAPOLIS IN - BP (PLANT 0452),PREMIUM,-1,14418,3,3000,1,3000,-1,3000,0,w2,-1,0,3000,-1.0,15860.0,-1,Available,-1,100,110%,110,-1,-1,-1,w2,0,2015-07-15 00:00:00,-1,Contract,-1,-1,14418,-1,12860,-1,0,-1,0,-1,578083,0,0,0,0,0,0,0,0,0,0,0,0,0,0,0,-1,0,14418,-1.0,0,15859,True,True,0,0,0,-1,0,12860,-1,-1,-1,0,0
2015-07-09,2015-07-09 00:00:00,BP,Channel: 50 - Commercial,INDIANAPOLIS IN - BP (PLANT 0452),PREMIUM,-1,14418,0,-1,0,-1,-1,-1,0,w3,-1,0,-1,-1.0,15860.0,-1,-1,-1,100,-1,110,-1,-1,-1,w2,1,2015-07-15 00:00:00,-1,-1,-1,-1,-1,-1,-1,-1,-1,-1,-1,-1,-1,0,-1,0,-1,0,-1,-1,0,-1,-1,0,-1,-1,-1,-1,-1,0,14418,-1.0,0,15859,True,False,0,0,0,-1,1,15861,-1,-1,-1,0,0
2015-07-10,2015-07-10 00:00:00,BP,Channel: 50 - Commercial,INDIANAPOLIS IN - BP (PLANT 0452),PREMIUM,-1,14418,0,-1,0,-1,-1,9855,0,w3,-1,0,9855,-1.0,15860.0,-1,Available,-1,100,110%,110,-1,-1,-1,w2,0,2015-07-15 00:00:00,-1,Contract,-1,-1,14418,-1,6005,-1,0,-1,0,-1,609053,0,0,0,0,0,0,0,0,0,0,0,0,0,0,0,-1,0,14418,-1.0,0,15859,False,False,0,0,0,-1,0,6005,-1,-1,-1,0,0
2015-07-11,2015-07-11 00:00:00,BP,Channel: 50 - Commercial,INDIANAPOLIS IN - BP (PLANT 0452),PREMIUM,-1,14418,3,0,1,0,-1,9855,0,w3,-1,0,9855,-1.0,15860.0,-1,Available,-1,100,110%,110,-1,-1,-1,w2,0,2015-07-15 00:00:00,-1,Contract,-1,-1,14418,-1,6005,-1,0,-1,0,-1,639293,0,0,0,0,0,0,0,0,0,0,0,0,0,0,0,-1,0,14418,-1.0,0,15859,False,False,0,0,0,-1,0,6005,-1,-1,-1,0,0
2015-07-12,2015-07-12 00:00:00,BP,Channel: 50 - Commercial,INDIANAPOLIS IN - BP (PLANT 0452),PREMIUM,-1,14418,0,-1,0,-1,-1,-1,0,w4,-1,0,-1,-1.0,15860.0,-1,-1,-1,100,-1,110,-1,-1,-1,w2,1,2015-07-15 00:00:00,-1,-1,-1,-1,-1,-1,-1,-1,-1,-1,-1,-1,-1,0,-1,0,-1,0,-1,-1,0,-1,-1,0,-1,-1,-1,-1,-1,0,14418,-1.0,0,15859,True,False,0,0,0,-1,1,15861,-1,-1,-1,0,0
2015-07-13,2015-07-13 00:00:00,BP,Channel: 50 - Commercial,INDIANAPOLIS IN - BP (PLANT 0452),PREMIUM,-1,14418,0,-1,0,-1,-1,-1,0,w4,-1,0,-1,-1.0,15860.0,-1,-1,-1,100,-1,110,-1,-1,-1,w2,1,2015-07-15 00:00:00,-1,-1,-1,-1,-1,-1,-1,-1,-1,-1,-1,-1,-1,0,-1,0,-1,0,-1,-1,0,-1,-1,0,-1,-1,-1,-1,-1,0,14418,-1.0,0,15859,False,False,0,0,0,-1,1,15861,-1,-1,-1,0,0
2015-07-14,2015-07-14 00:00:00,BP,Channel: 50 - Commercial,INDIANAPOLIS IN - BP (PLANT 0452),PREMIUM,-1,14418,0,-1,0,-1,-1,12261,0,w4,-1,0,12261,-1.0,15860.0,-1,Available,-1,100,110%,110,-1,-1,-1,w2,0,2015-07-15 00:00:00,-1,Contract,-1,-1,14418,-1,3599,-1,8000,-1,8000,-1,731166,0,0,0,0,0,0,0,0,0,0,0,0,0,0,0,-1,0,14418,-1.0,0,15859,False,False,0,0,0,-1,0,3599,-1,-1,-1,0,0
2015-07-15,2015-07-15 00:00:00,BP,Channel: 50 - Commercial,INDIANAPOLIS IN - BP (PLANT 0452),PREMIUM,-1,14418,3,0,1,0,-1,0,0,w5,-1,0,0,-1.0,15860.0,-1,Available,-1,100,110%,110,-1,-1,-1,w3,0,2015-07-22 00:00:00,-1,Contract,-1,-1,14418,-1,15860,-1,0,-1,0,-1,756386,0,0,0,0,0,0,0,0,0,0,0,0,0,0,0,-1,0,14418,-1.0,0,15859,True,True,0,0,0,-1,0,15860,-1,-1,-1,0,0
2015-07-16,2015-07-16 00:00:00,BP,Channel: 50 - Commercial,INDIANAPOLIS IN - BP (PLANT 0452),PREMIUM,-1,14418,3,1000,1,1000,-1,1000,0,w5,-1,0,1000,-1.0,15860.0,-1,Available,-1,100,110%,110,-1,-1,-1,w3,0,2015-07-22 00:00:00,-1,Contract,-1,-1,14418,-1,14860,-1,0,-1,0,-1,789688,0,0,0,0,0,0,0,0,0,0,0,0,0,0,0,-1,0,14418,-1.0,0,15859,True,True,1000,0,0,-1,0,14860,-1,-1,-1,0,0
2015-07-17,2015-07-17 00:00:00,BP,Channel: 50 - Commercial,INDIANAPOLIS IN - BP (PLANT 0452),PREMIUM,-1,14418,3,6701,1,6701,-1,7701,0,w5,-1,0,7701,-1.0,15860.0,-1,Available,-1,100,110%,110,-1,-1,-1,w3,0,2015-07-22 00:00:00,-1,Contract,-1,-1,14418,-1,8159,-1,0,-1,0,-1,821716,0,0,0,0,0,0,0,0,0,0,0,0,0,0,0,-1,0,14418,-1.0,0,15859,True,True,7701,0,0,-1,0,8159,-1,-1,-1,0,0
2015-07-18,2015-07-18 00:00:00,BP,Channel: 50 - Commercial,INDIANAPOLIS IN - BP (PLANT 0452),PREMIUM,-1,14418,3,6004,1,6004,-1,13705,0,w5,-1,0,13705,-1.0,15860.0,-1,Available,-1,100,110%,110,-1,-1,-1,w3,0,2015-07-22 00:00:00,-1,Contract,-1,-1,14418,-1,2155,-1,0,-1,0,-1,852178,0,0,0,0,0,0,0,0,0,0,0,0,0,0,0,-1,0,14418,-1.0,0,15859,True,True,13705,0,0,-1,0,2155,-1,-1,-1,0,0
2015-07-19,2015-07-19 00:00:00,BP,Channel: 50 - Commercial,INDIANAPOLIS IN - BP (PLANT 0452),PREMIUM,-1,14418,3,1872,1,1872,-1,15577,0,w5,-1,0,15577,-1.0,15860.0,-1,Available,-1,100,110%,110,-1,-1,-1,w3,0,2015-07-22 00:00:00,-1,Contract,-1,-1,14418,-1,283,-1,0,-1,0,-1,883439,0,0,0,0,0,0,0,0,0,0,0,0,0,0,0,-1,0,14418,-1.0,0,15859,True,True,15577,0,0,-1,0,283,-1,-1,-1,0,0
2015-07-20,2015-07-20 00:00:00,BP,Channel: 50 - Commercial,INDIANAPOLIS IN - BP (PLANT 0452),PREMIUM,-1,14418,3,6883,1,6883,-1,22460,0,w5,-1,0,22460,-1.0,15860.0,-1,Available,-1,100,110%,110,-1,-1,-1,w3,0,2015-07-22 00:00:00,-1,Contract,-1,-1,14418,-1,-1917,-1,8000,-1,3317,-1,913804,0,0,0,0,0,0,0,0,0,0,0,0,0,0,0,-1,0,14418,-1.0,0,15859,True,True,22460,0,0,-1,0,-6600,-1,-1,8000,0,0
2015-07-21,2015-07-21 00:00:00,BP,Channel: 50 - Commercial,INDIANAPOLIS IN - BP (PLANT 0452),PREMIUM,-1,14418,3,0,1,0,-1,22460,0,w5,-1,0,22460,-1.0,15860.0,-1,Available,-1,100,110%,110,-1,-1,-1,w3,0,2015-07-22 00:00:00,-1,Contract,-1,-1,14418,-1,-1917,-1,8000,-1,3317,-1,934343,0,0,0,0,0,0,0,0,0,0,0,0,0,0,0,-1,0,14418,-1.0,0,15859,True,True,22460,0,0,-1,0,-6600,-1,-1,8000,0,0
2015-07-22,2015-07-22 00:00:00,BP,Channel: 50 - Commercial,INDIANAPOLIS IN - BP (PLANT 0452),PREMIUM,-1,14418,3,0,1,0,-1,0,0,w6,-1,0,0,-1.0,15860.0,-1,Available,-1,100,110%,110,-1,-1,-1,w4,0,2015-07-29 00:00:00,-1,Contract,-1,-1,14418,-1,15860,-1,0,-1,0,-1,976419,0,0,0,0,0,0,0,0,0,0,0,0,0,0,0,-1,0,14418,-1.0,0,15859,True,True,0,0,0,-1,0,15860,-1,-1,-1,0,0
2015-07-23,2015-07-23 00:00:00,BP,Channel: 50 - Commercial,INDIANAPOLIS IN - BP (PLANT 0452),PREMIUM,-1,14418,3,0,1,0,-1,0,0,w6,-1,0,0,-1.0,15860.0,-1,Available,-1,100,110%,110,-1,-1,-1,w4,0,2015-07-29 00:00:00,-1,Contract,-1,-1,14418,-1,15860,-1,0,-1,0,-1,994628,0,0,0,0,0,0,0,0,0,0,0,0,0,0,0,-1,0,14418,-1.0,0,15859,True,True,0,0,0,-1,0,15860,-1,-1,-1,0,0
2015-07-24,2015-07-24 00:00:00,BP,Channel: 50 - Commercial,INDIANAPOLIS IN - BP (PLANT 0452),PREMIUM,-1,14418,0,-1,0,-1,-1,-1,0,w7,-1,0,-1,-1.0,15860.0,-1,-1,-1,100,-1,110,-1,-1,-1,w4,1,2015-07-29 00:00:00,-1,-1,-1,-1,-1,-1,-1,-1,-1,-1,-1,-1,-1,0,-1,0,-1,0,-1,-1,0,-1,-1,0,-1,-1,-1,-1,-1,0,14418,-1.0,0,15859,True,True,0,0,0,-1,1,15861,-1,-1,-1,0,0
2015-07-25,2015-07-25 00:00:00,BP,Channel: 50 - Commercial,INDIANAPOLIS IN - BP (PLANT 0452),PREMIUM,-1,14418,0,-1,0,-1,-1,-1,0,w7,-1,0,-1,-1.0,15860.0,-1,-1,-1,100,-1,110,-1,-1,-1,w4,1,2015-07-29 00:00:00,-1,-1,-1,-1,-1,-1,-1,-1,-1,-1,-1,-1,-1,0,-1,0,-1,0,-1,-1,0,-1,-1,0,-1,-1,-1,-1,-1,0,14418,-1.0,0,15859,False,False,0,0,0,-1,1,15861,-1,-1,-1,0,0
2015-07-26,2015-07-26 00:00:00,BP,Channel: 50 - Commercial,INDIANAPOLIS IN - BP (PLANT 0452),PREMIUM,-1,14418,0,-1,0,-1,-1,-1,0,w7,-1,0,-1,-1.0,15860.0,-1,-1,-1,100,-1,110,-1,-1,-1,w4,1,2015-07-29 00:00:00,-1,-1,-1,-1,-1,-1,-1,-1,-1,-1,-1,-1,-1,0,-1,0,-1,0,-1,-1,0,-1,-1,0,-1,-1,-1,-1,-1,0,14418,-1.0,0,15859,False,False,0,0,0,-1,1,15861,-1,-1,-1,0,0
2015-07-27,2015-07-27 00:00:00,BP,Channel: 50 - Commercial,INDIANAPOLIS IN - BP (PLANT 0452),PREMIUM,-1,14418,0,-1,0,-1,-1,-1,0,w7,-1,0,-1,-1.0,15860.0,-1,-1,-1,100,-1,110,-1,-1,-1,w4,1,2015-07-29 00:00:00,-1,-1,-1,-1,-1,-1,-1,-1,-1,-1,-1,-1,-1,0,-1,0,-1,0,-1,-1,0,-1,-1,0,-1,-1,-1,-1,-1,0,14418,-1.0,0,15859,False,False,0,0,0,-1,1,15861,-1,-1,-1,0,0
2015-07-28,2015-07-28 00:00:00,BP,Channel: 50 - Commercial,INDIANAPOLIS IN - BP (PLANT 0452),PREMIUM,-1,14418,0,-1,0,-1,-1,-1,0,w7,-1,0,-1,-1.0,15860.0,-1,-1,-1,100,-1,110,-1,-1,-1,w4,1,2015-07-29 00:00:00,-1,-1,-1,-1,-1,-1,-1,-1,-1,-1,-1,-1,-1,0,-1,0,-1,0,-1,-1,0,-1,-1,0,-1,-1,-1,-1,-1,0,14418,-1.0,0,15859,False,False,0,0,0,-1,1,15861,-1,-1,-1,0,0
2015-07-29,2015-07-29 00:00:00,BP,Channel: 50 - Commercial,INDIANAPOLIS IN - BP (PLANT 0452),PREMIUM,-1,14418,0,-1,0,-1,-1,-1,0,w7,-1,0,-1,-1.0,15860.0,-1,-1,-1,100,-1,110,-1,-1,-1,w5,1,2015-08-05 00:00:00,-1,-1,-1,-1,-1,-1,-1,-1,-1,-1,-1,-1,-1,0,-1,0,-1,0,-1,-1,0,-1,-1,0,-1,-1,-1,-1,-1,0,14418,-1.0,0,15859,False,True,0,0,0,-1,1,15861,-1,-1,-1,0,0
2015-07-30,2015-07-30 00:00:00,BP,Channel: 50 - Commercial,INDIANAPOLIS IN - BP (PLANT 0452),PREMIUM,-1,14418,0,-1,0,-1,-1,-1,0,w7,-1,0,-1,-1.0,15860.0,-1,-1,-1,100,-1,110,-1,-1,-1,w5,1,2015-08-05 00:00:00,-1,-1,-1,-1,-1,-1,-1,-1,-1,-1,-1,-1,-1,0,-1,0,-1,0,-1,-1,0,-1,-1,0,-1,-1,-1,-1,-1,0,14418,-1.0,0,15859,False,False,0,0,0,-1,1,15861,-1,-1,-1,0,0
2015-07-31,2015-07-31 00:00:00,BP,Channel: 50 - Commercial,INDIANAPOLIS IN - BP (PLANT 0452),PREMIUM,-1,14418,0,-1,0,-1,-1,-1,0,w7,-1,0,-1,-1.0,15860.0,-1,-1,-1,100,-1,110,-1,-1,-1,w5,1,2015-08-05 00:00:00,-1,-1,-1,-1,-1,-1,-1,-1,-1,-1,-1,-1,-1,0,-1,0,-1,0,-1,-1,0,-1,-1,0,-1,-1,-1,-1,-1,0,14418,-1.0,0,15859,False,False,0,0,0,-1,1,15861,-1,-1,-1,0,0
