,date,supplier_name,account_type,supplier_terminal_name,product_name,base_gallons_Daily,base_gallons_Weekly,lifted_gallons_daily_flag,lifted_gallons_daily_modified,Modified_WeeksByLiftedGallons,lifted_gallons_modified_WeeksByLiftedGallons,lifted_gallons_Daily,Lifted_actual_weekly,lifted_gallons_weekly_flag,WeeksByLiftedGallons,lifted_gallonsWeekly_modified_aposteriori,Modified_LiftedGallonsaposteriori,lifted_gallons_Weekly,beginning_gallons_Daily,beginning_gallons_Weekly,en_allocation_status_Daily,en_allocation_status_Weekly,percentage_allocation_Daily_actual,percentage_allocation_Daily,percentage_allocation_Weekly_actual,percentage_allocation_Weekly,alerts_ratability_Daily,alerts_ratability_Weekly,next_refresh_date_Daily,Week_switch,Modified_NRD,next_refresh_date_Weekly,en_account_type_Daily,en_account_type_Weekly,NRB_Daily,next_refresh_base_gallons_Daily,next_refresh_base_gallons_Weekly,remaining_gallons_Daily,remaining_gallons_Weekly,additional_gallons_allowed_Daily,additional_gallons_allowed_Weekly,additional_gallons_remaining_Daily,additional_gallons_remaining_Weekly,staging_id_Daily,staging_id_Weekly,base_gallons_Monthly,Lifted_actual_monthly,lifted_gallons_monthly_flag,lifted_gallons_Monthly,beginning_gallons_Monthly,en_allocation_status_Monthly,percentage_allocation_Monthly_actual,percentage_allocation_Monthly,alerts_ratability_Monthly,next_refresh_date_Monthly,NRB_Monthly,next_refresh_base_gallons_Monthly,remaining_gallons_Monthly,additional_gallons_allowed_Monthly,additional_gallons_remaining_Monthly,base_gallons_Daily_Reconciled,base_gallons_Monthly_Reconciled,base_gallons_Weekly_Reconciled,beginning_gallons_Daily_Reconciled,beginning_gallons_Monthly_Reconciled,beginning_gallons_Weekly_Reconciled,sanityWeekly_CumulativeDaily_WeeksByLiftedGallons,sanityWeekly_CumulativeDaily_NextRefreshDate,computedWeekly,computedMonthly,sanityComputedMonthly,remaining_gallons_Daily_Reconciled,remaining_gallons_Monthly_Reconciled,remaining_gallons_Weekly_Reconciled,additional_gallons_remaining_Daily_Reconciled,additional_gallons_remaining_Monthly_Reconciled,additional_gallons_remaining_Weekly_Reconciled,sanityMonthly_CumulativeDaily_WeeksByLiftedGallons,sanityMonthly_CumulativeDaily_WeeksByNextRefreshDate
2015-07-01,2015-07-01 00:00:00,BP,Channel: 50 - Commercial,SOUTH BEND IN - BUCKEYE (PLANT 9121),DIESEL,73548,514839,0,111814,0,111814,111814,111814,0,w1,111814,0,111814,147096.0,566323.0,Available,Available,200%,200,110%,110,-1,-1,07/02 00:00:00 EDT,w1,0,2015-07-08 00:00:00,Contract,Contract,73548,73548,514839,35282,454509,8000,8000,8000,8000,508171,508172,0,0,0,0,0,0,0,0,0,0,0,0,0,0,0,73548,0,514839,147096,0,566322,True,True,111814,0,0,35282,0,454509,-1,-1,-1,0,0
2015-07-02,2015-07-02 00:00:00,BP,Channel: 50 - Commercial,SOUTH BEND IN - BUCKEYE (PLANT 9121),DIESEL,73548,514839,0,52305,0,52305,52305,164119,0,w1,52305,0,164119,147096.0,566323.0,Available,Available,200%,200,110%,110,-1,-1,07/03 00:00:00 EDT,w1,0,2015-07-08 00:00:00,Contract,Contract,73548,73548,514839,94791,402204,8000,8000,8000,8000,528396,528397,0,0,0,0,0,0,0,0,0,0,0,0,0,0,0,73548,0,514839,147096,0,566322,True,True,164119,0,0,94791,0,402204,-1,-1,-1,0,0
2015-07-03,2015-07-03 00:00:00,BP,Channel: 50 - Commercial,SOUTH BEND IN - BUCKEYE (PLANT 9121),DIESEL,73548,514839,3,29912,1,29912,7402,194031,0,w1,7402,0,194031,147096.0,566323.0,Available,Available,200%,200,110%,110,-1,-1,07/04 00:00:00 EDT,w1,0,2015-07-08 00:00:00,Contract,Contract,73548,73548,514839,139694,372292,8000,8000,8000,8000,536014,536015,0,0,0,0,0,0,0,0,0,0,0,0,0,0,0,73548,0,514839,147096,0,566322,True,True,194031,0,0,117184,0,372292,-1,-1,-1,0,0
2015-07-04,2015-07-04 00:00:00,BP,Channel: 50 - Commercial,SOUTH BEND IN - BUCKEYE (PLANT 9121),DIESEL,73548,514839,3,29604,1,29604,0,223635,0,w1,0,0,223635,147096.0,566323.0,Available,Available,200%,200,110%,110,-1,-1,07/05 00:00:00 EDT,w1,0,2015-07-08 00:00:00,Contract,Contract,73548,73548,514839,147096,342688,8000,8000,8000,8000,542302,542303,0,0,0,0,0,0,0,0,0,0,0,0,0,0,0,73548,0,514839,147096,0,566322,True,True,223635,0,0,117492,0,342688,-1,-1,-1,0,0
2015-07-05,2015-07-05 00:00:00,BP,Channel: 50 - Commercial,SOUTH BEND IN - BUCKEYE (PLANT 9121),DIESEL,73548,514839,3,7302,1,7302,0,230937,0,w1,0,0,230937,147096.0,566323.0,Available,Available,200%,200,110%,110,-1,-1,07/06 00:00:00 EDT,w1,0,2015-07-08 00:00:00,Contract,Contract,73548,73548,514839,147096,335386,8000,8000,8000,8000,548746,548747,0,0,0,0,0,0,0,0,0,0,0,0,0,0,0,73548,0,514839,147096,0,566322,True,True,230937,0,0,139794,0,335386,-1,-1,-1,0,0
2015-07-06,2015-07-06 00:00:00,BP,Channel: 50 - Commercial,SOUTH BEND IN - BUCKEYE (PLANT 9121),DIESEL,73548,514839,0,7498,0,7498,7498,238435,0,w1,7498,0,238435,147096.0,566323.0,Available,Available,200%,200,110%,110,-1,-1,07/07 00:00:00 EDT,w1,0,2015-07-08 00:00:00,Contract,Contract,73548,73548,514839,139598,327888,8000,8000,8000,8000,555059,555060,0,0,0,0,0,0,0,0,0,0,0,0,0,0,0,73548,0,514839,147096,0,566322,True,True,238435,0,0,139598,0,327888,-1,-1,-1,0,0
2015-07-07,2015-07-07 00:00:00,BP,Channel: 50 - Commercial,SOUTH BEND IN - BUCKEYE (PLANT 9121),DIESEL,73548,514839,3,82211,1,82211,44813,320646,0,w1,44813,0,320646,147096.0,566323.0,Available,Available,200%,200,110%,110,-1,-1,07/08 00:00:00 EDT,w1,0,2015-07-08 00:00:00,Contract,Contract,73548,73548,514839,102283,245677,8000,8000,8000,8000,568072,568073,0,0,0,0,0,0,0,0,0,0,0,0,0,0,0,73548,0,514839,147096,0,566322,True,True,320646,0,0,64885,0,245677,-1,-1,-1,0,0
2015-07-08,2015-07-08 00:00:00,BP,Channel: 50 - Commercial,SOUTH BEND IN - BUCKEYE (PLANT 9121),DIESEL,73548,514839,0,45025,0,45025,45025,45025,0,w2,45025,0,45025,147096.0,566323.0,Available,Available,200%,200,110%,110,-1,-1,07/09 00:00:00 EDT,w2,0,2015-07-15 00:00:00,Contract,Contract,73548,73548,514839,102071,521298,0,0,0,0,578094,578095,0,0,0,0,0,0,0,0,0,0,0,0,0,0,0,73548,0,514839,147096,0,566322,True,True,0,0,0,102071,0,521298,-1,-1,-1,0,0
2015-07-09,2015-07-09 00:00:00,BP,Channel: 50 - Commercial,SOUTH BEND IN - BUCKEYE (PLANT 9121),DIESEL,73548,514839,4,82384,0,-1,-1,-1,4,w3,-1,0,127409,147096.0,566323.0,-1,-1,-1,200,-1,110,-1,-1,-1,w2,1,2015-07-15 00:00:00,-1,-1,73548,-1,-1,-1,-1,-1,-1,-1,-1,-1,-1,0,-1,0,-1,0,-1,-1,0,-1,-1,0,-1,-1,-1,-1,73548,0,514839,147096,0,566322,True,True,0,0,0,64712,1,438914,-1,-1,-1,0,0
2015-07-10,2015-07-10 00:00:00,BP,Channel: 50 - Commercial,SOUTH BEND IN - BUCKEYE (PLANT 9121),DIESEL,73548,514839,0,82311,0,82311,82311,209720,0,w3,82311,0,209720,147096.0,566323.0,Available,Available,200%,200,110%,110,-1,-1,07/11 00:00:00 EDT,w2,0,2015-07-15 00:00:00,Contract,Contract,73548,73548,514839,64785,356603,0,0,0,0,609064,609065,0,0,0,0,0,0,0,0,0,0,0,0,0,0,0,73548,0,514839,147096,0,566322,False,True,0,0,0,64785,0,356603,-1,-1,-1,0,0
2015-07-11,2015-07-11 00:00:00,BP,Channel: 50 - Commercial,SOUTH BEND IN - BUCKEYE (PLANT 9121),DIESEL,73548,514839,0,51918,0,51918,51918,261638,0,w3,51918,0,261638,147096.0,566323.0,Available,Available,200%,200,110%,110,-1,-1,07/12 00:00:00 EDT,w2,0,2015-07-15 00:00:00,Contract,Contract,73548,73548,514839,95178,304685,0,0,0,0,639304,639305,0,0,0,0,0,0,0,0,0,0,0,0,0,0,0,73548,0,514839,147096,0,566322,False,True,0,0,0,95178,0,304685,-1,-1,-1,0,0
2015-07-12,2015-07-12 00:00:00,BP,Channel: 50 - Commercial,SOUTH BEND IN - BUCKEYE (PLANT 9121),DIESEL,73548,514839,0,-1,0,-1,-1,-1,0,w4,-1,0,-1,147096.0,566323.0,-1,-1,-1,200,-1,110,-1,-1,-1,w2,1,2015-07-15 00:00:00,-1,-1,73548,-1,-1,-1,-1,-1,-1,-1,-1,-1,-1,0,-1,0,-1,0,-1,-1,0,-1,-1,0,-1,-1,-1,-1,73548,0,514839,147096,0,566322,True,False,0,0,0,147097,1,566324,-1,-1,-1,0,0
2015-07-13,2015-07-13 00:00:00,BP,Channel: 50 - Commercial,SOUTH BEND IN - BUCKEYE (PLANT 9121),DIESEL,73548,514839,0,-1,0,-1,-1,-1,0,w4,-1,0,-1,147096.0,566323.0,-1,-1,-1,200,-1,110,-1,-1,-1,w2,1,2015-07-15 00:00:00,-1,-1,73548,-1,-1,-1,-1,-1,-1,-1,-1,-1,-1,0,-1,0,-1,0,-1,-1,0,-1,-1,0,-1,-1,-1,-1,73548,0,514839,147096,0,566322,False,False,0,0,0,147097,1,566324,-1,-1,-1,0,0
2015-07-14,2015-07-14 00:00:00,BP,Channel: 50 - Commercial,SOUTH BEND IN - BUCKEYE (PLANT 9121),DIESEL,73548,514839,0,52012,0,52012,52012,381154,0,w4,52012,0,381154,147096.0,566323.0,Available,Available,200%,200,110%,110,-1,-1,07/15 00:00:00 EDT,w2,0,2015-07-15 00:00:00,Contract,Contract,73548,73548,514839,95084,185169,0,0,0,0,731179,731180,0,0,0,0,0,0,0,0,0,0,0,0,0,0,0,73548,0,514839,147096,0,566322,False,False,0,0,0,95084,0,185169,-1,-1,-1,0,0
2015-07-15,2015-07-15 00:00:00,BP,Channel: 50 - Commercial,SOUTH BEND IN - BUCKEYE (PLANT 9121),DIESEL,73548,514839,0,95937,0,95937,95937,95937,0,w5,95937,0,95937,147096.0,566323.0,Available,Available,200%,200,110%,110,-1,-1,07/16 00:00:00 EDT,w3,0,2015-07-22 00:00:00,Contract,Contract,73548,73548,514839,51159,470386,0,0,0,0,756397,756398,0,0,0,0,0,0,0,0,0,0,0,0,0,0,0,73548,0,514839,147096,0,566322,True,True,95937,0,0,51159,0,470386,-1,-1,-1,0,0
2015-07-16,2015-07-16 00:00:00,BP,Channel: 50 - Commercial,SOUTH BEND IN - BUCKEYE (PLANT 9121),DIESEL,73548,514839,0,96814,0,96814,96814,192751,0,w5,96814,0,192751,147096.0,566323.0,Available,Available,200%,200,110%,110,-1,-1,07/17 00:00:00 EDT,w3,0,2015-07-22 00:00:00,Contract,Contract,73548,73548,514839,50282,373572,0,0,0,0,789699,789700,0,0,0,0,0,0,0,0,0,0,0,0,0,0,0,73548,0,514839,147096,0,566322,True,True,192751,0,0,50282,0,373572,-1,-1,-1,0,0
2015-07-17,2015-07-17 00:00:00,BP,Channel: 50 - Commercial,SOUTH BEND IN - BUCKEYE (PLANT 9121),DIESEL,73548,514839,0,82227,0,82227,82227,274978,0,w5,82227,0,274978,147096.0,566323.0,Available,Available,200%,200,110%,110,-1,-1,07/18 00:00:00 EDT,w3,0,2015-07-22 00:00:00,Contract,Contract,73548,73548,514839,64869,291345,0,0,0,0,821727,821728,0,0,0,0,0,0,0,0,0,0,0,0,0,0,0,73548,0,514839,147096,0,566322,True,True,274978,0,0,64869,0,291345,-1,-1,-1,0,0
2015-07-18,2015-07-18 00:00:00,BP,Channel: 50 - Commercial,SOUTH BEND IN - BUCKEYE (PLANT 9121),DIESEL,73548,514839,0,29811,0,29811,29811,304789,0,w5,29811,0,304789,147096.0,566323.0,Available,Available,200%,200,110%,110,-1,-1,07/19 00:00:00 EDT,w3,0,2015-07-22 00:00:00,Contract,Contract,73548,73548,514839,117285,261534,0,0,0,0,852189,852190,0,0,0,0,0,0,0,0,0,0,0,0,0,0,0,73548,0,514839,147096,0,566322,True,True,304789,0,0,117285,0,261534,-1,-1,-1,0,0
2015-07-19,2015-07-19 00:00:00,BP,Channel: 50 - Commercial,SOUTH BEND IN - BUCKEYE (PLANT 9121),DIESEL,73548,514839,0,36498,0,36498,36498,341287,0,w5,36498,0,341287,147096.0,566323.0,Available,Available,200%,200,110%,110,-1,-1,07/20 00:00:00 EDT,w3,0,2015-07-22 00:00:00,Contract,Contract,73548,73548,514839,110598,225036,0,0,0,0,883450,883451,0,0,0,0,0,0,0,0,0,0,0,0,0,0,0,73548,0,514839,147096,0,566322,True,True,341287,0,0,110598,0,225036,-1,-1,-1,0,0
2015-07-20,2015-07-20 00:00:00,BP,Channel: 50 - Commercial,SOUTH BEND IN - BUCKEYE (PLANT 9121),DIESEL,73548,514839,0,67000,0,67000,67000,408287,0,w5,67000,0,408287,147096.0,566323.0,Available,Available,200%,200,110%,110,-1,-1,07/21 00:00:00 EDT,w3,0,2015-07-22 00:00:00,Contract,Contract,73548,73548,514839,80096,158036,0,0,0,0,913815,913816,0,0,0,0,0,0,0,0,0,0,0,0,0,0,0,73548,0,514839,147096,0,566322,True,True,408287,0,0,80096,0,158036,-1,-1,-1,0,0
2015-07-21,2015-07-21 00:00:00,BP,Channel: 50 - Commercial,SOUTH BEND IN - BUCKEYE (PLANT 9121),DIESEL,73548,514839,0,66892,0,66892,66892,475179,0,w5,66892,0,475179,147096.0,566323.0,Available,Available,200%,200,110%,110,-1,-1,07/22 00:00:00 EDT,w3,0,2015-07-22 00:00:00,Contract,Contract,73548,73548,514839,80204,91144,8000,8000,8000,8000,934356,934357,0,0,0,0,0,0,0,0,0,0,0,0,0,0,0,73548,0,514839,147096,0,566322,True,True,475179,0,0,80204,0,91144,-1,-1,-1,0,0
2015-07-22,2015-07-22 00:00:00,BP,Channel: 50 - Commercial,SOUTH BEND IN - BUCKEYE (PLANT 9121),DIESEL,73548,514839,0,79153,0,79153,79153,79153,0,w6,79153,0,79153,147096.0,566323.0,Available,Available,200%,200,110%,110,-1,-1,07/23 00:00:00 EDT,w4,0,2015-07-29 00:00:00,Contract,Contract,73548,73548,514839,67943,487170,0,0,0,0,976428,976429,0,0,0,0,0,0,0,0,0,0,0,0,0,0,0,73548,0,514839,147096,0,566322,True,True,0,0,0,67943,0,487170,-1,-1,-1,0,0
2015-07-23,2015-07-23 00:00:00,BP,Channel: 50 - Commercial,SOUTH BEND IN - BUCKEYE (PLANT 9121),DIESEL,73548,514839,0,52497,0,52497,52497,131650,0,w6,52497,0,131650,147096.0,566323.0,Available,Available,200%,200,110%,110,-1,-1,07/24 00:00:00 EDT,w4,0,2015-07-29 00:00:00,Contract,Contract,73548,73548,514839,94599,434673,0,0,0,0,994637,994638,0,0,0,0,0,0,0,0,0,0,0,0,0,0,0,73548,0,514839,147096,0,566322,True,True,0,0,0,94599,0,434673,-1,-1,-1,0,0
2015-07-24,2015-07-24 00:00:00,BP,Channel: 50 - Commercial,SOUTH BEND IN - BUCKEYE (PLANT 9121),DIESEL,73548,514839,0,-1,0,-1,-1,-1,0,w7,-1,0,-1,147096.0,566323.0,-1,-1,-1,200,-1,110,-1,-1,-1,w4,1,2015-07-29 00:00:00,-1,-1,73548,-1,-1,-1,-1,-1,-1,-1,-1,-1,-1,0,-1,0,-1,0,-1,-1,0,-1,-1,0,-1,-1,-1,-1,73548,0,514839,147096,0,566322,True,False,0,0,0,147097,1,566324,-1,-1,-1,0,0
2015-07-25,2015-07-25 00:00:00,BP,Channel: 50 - Commercial,SOUTH BEND IN - BUCKEYE (PLANT 9121),DIESEL,73548,514839,0,-1,0,-1,-1,-1,0,w7,-1,0,-1,147096.0,566323.0,-1,-1,-1,200,-1,110,-1,-1,-1,w4,1,2015-07-29 00:00:00,-1,-1,73548,-1,-1,-1,-1,-1,-1,-1,-1,-1,-1,0,-1,0,-1,0,-1,-1,0,-1,-1,0,-1,-1,-1,-1,73548,0,514839,147096,0,566322,False,False,0,0,0,147097,1,566324,-1,-1,-1,0,0
2015-07-26,2015-07-26 00:00:00,BP,Channel: 50 - Commercial,SOUTH BEND IN - BUCKEYE (PLANT 9121),DIESEL,73548,514839,0,-1,0,-1,-1,-1,0,w7,-1,0,-1,147096.0,566323.0,-1,-1,-1,200,-1,110,-1,-1,-1,w4,1,2015-07-29 00:00:00,-1,-1,73548,-1,-1,-1,-1,-1,-1,-1,-1,-1,-1,0,-1,0,-1,0,-1,-1,0,-1,-1,0,-1,-1,-1,-1,73548,0,514839,147096,0,566322,False,False,0,0,0,147097,1,566324,-1,-1,-1,0,0
2015-07-27,2015-07-27 00:00:00,BP,Channel: 50 - Commercial,SOUTH BEND IN - BUCKEYE (PLANT 9121),DIESEL,73548,514839,0,-1,0,-1,-1,-1,0,w7,-1,0,-1,147096.0,566323.0,-1,-1,-1,200,-1,110,-1,-1,-1,w4,1,2015-07-29 00:00:00,-1,-1,73548,-1,-1,-1,-1,-1,-1,-1,-1,-1,-1,0,-1,0,-1,0,-1,-1,0,-1,-1,0,-1,-1,-1,-1,73548,0,514839,147096,0,566322,False,False,0,0,0,147097,1,566324,-1,-1,-1,0,0
2015-07-28,2015-07-28 00:00:00,BP,Channel: 50 - Commercial,SOUTH BEND IN - BUCKEYE (PLANT 9121),DIESEL,73548,514839,0,-1,0,-1,-1,-1,0,w7,-1,0,-1,147096.0,566323.0,-1,-1,-1,200,-1,110,-1,-1,-1,w4,1,2015-07-29 00:00:00,-1,-1,73548,-1,-1,-1,-1,-1,-1,-1,-1,-1,-1,0,-1,0,-1,0,-1,-1,0,-1,-1,0,-1,-1,-1,-1,73548,0,514839,147096,0,566322,False,False,0,0,0,147097,1,566324,-1,-1,-1,0,0
2015-07-29,2015-07-29 00:00:00,BP,Channel: 50 - Commercial,SOUTH BEND IN - BUCKEYE (PLANT 9121),DIESEL,73548,514839,0,-1,0,-1,-1,-1,0,w7,-1,0,-1,147096.0,566323.0,-1,-1,-1,200,-1,110,-1,-1,-1,w5,1,2015-08-05 00:00:00,-1,-1,73548,-1,-1,-1,-1,-1,-1,-1,-1,-1,-1,0,-1,0,-1,0,-1,-1,0,-1,-1,0,-1,-1,-1,-1,73548,0,514839,147096,0,566322,False,True,0,0,0,147097,1,566324,-1,-1,-1,0,0
2015-07-30,2015-07-30 00:00:00,BP,Channel: 50 - Commercial,SOUTH BEND IN - BUCKEYE (PLANT 9121),DIESEL,73548,514839,0,-1,0,-1,-1,-1,0,w7,-1,0,-1,147096.0,566323.0,-1,-1,-1,200,-1,110,-1,-1,-1,w5,1,2015-08-05 00:00:00,-1,-1,73548,-1,-1,-1,-1,-1,-1,-1,-1,-1,-1,0,-1,0,-1,0,-1,-1,0,-1,-1,0,-1,-1,-1,-1,73548,0,514839,147096,0,566322,False,False,0,0,0,147097,1,566324,-1,-1,-1,0,0
2015-07-31,2015-07-31 00:00:00,BP,Channel: 50 - Commercial,SOUTH BEND IN - BUCKEYE (PLANT 9121),DIESEL,73548,514839,0,-1,0,-1,-1,-1,0,w7,-1,0,-1,147096.0,566323.0,-1,-1,-1,200,-1,110,-1,-1,-1,w5,1,2015-08-05 00:00:00,-1,-1,73548,-1,-1,-1,-1,-1,-1,-1,-1,-1,-1,0,-1,0,-1,0,-1,-1,0,-1,-1,0,-1,-1,-1,-1,73548,0,514839,147096,0,566322,False,False,0,0,0,147097,1,566324,-1,-1,-1,0,0
