,date,supplier_name,account_type,supplier_terminal_name,product_name,base_gallons_Daily,base_gallons_Weekly,lifted_gallons_daily_flag,lifted_gallons_daily_modified,Modified_WeeksByLiftedGallons,lifted_gallons_modified_WeeksByLiftedGallons,lifted_gallons_Daily,Lifted_actual_weekly,lifted_gallons_weekly_flag,WeeksByLiftedGallons,lifted_gallonsWeekly_modified_aposteriori,Modified_LiftedGallonsaposteriori,lifted_gallons_Weekly,beginning_gallons_Daily,beginning_gallons_Weekly,en_allocation_status_Daily,en_allocation_status_Weekly,percentage_allocation_Daily_actual,percentage_allocation_Daily,percentage_allocation_Weekly_actual,percentage_allocation_Weekly,alerts_ratability_Daily,alerts_ratability_Weekly,next_refresh_date_Daily,Week_switch,Modified_NRD,next_refresh_date_Weekly,en_account_type_Daily,en_account_type_Weekly,NRB_Daily,next_refresh_base_gallons_Daily,next_refresh_base_gallons_Weekly,remaining_gallons_Daily,remaining_gallons_Weekly,additional_gallons_allowed_Daily,additional_gallons_allowed_Weekly,additional_gallons_remaining_Daily,additional_gallons_remaining_Weekly,staging_id_Daily,staging_id_Weekly,base_gallons_Monthly,Lifted_actual_monthly,lifted_gallons_monthly_flag,lifted_gallons_Monthly,beginning_gallons_Monthly,en_allocation_status_Monthly,percentage_allocation_Monthly_actual,percentage_allocation_Monthly,alerts_ratability_Monthly,next_refresh_date_Monthly,NRB_Monthly,next_refresh_base_gallons_Monthly,remaining_gallons_Monthly,additional_gallons_allowed_Monthly,additional_gallons_remaining_Monthly,base_gallons_Daily_Reconciled,base_gallons_Monthly_Reconciled,base_gallons_Weekly_Reconciled,beginning_gallons_Daily_Reconciled,beginning_gallons_Monthly_Reconciled,beginning_gallons_Weekly_Reconciled,sanityWeekly_CumulativeDaily_WeeksByLiftedGallons,sanityWeekly_CumulativeDaily_NextRefreshDate,computedWeekly,computedMonthly,sanityComputedMonthly,remaining_gallons_Daily_Reconciled,remaining_gallons_Monthly_Reconciled,remaining_gallons_Weekly_Reconciled,additional_gallons_remaining_Daily_Reconciled,additional_gallons_remaining_Monthly_Reconciled,additional_gallons_remaining_Weekly_Reconciled,sanityMonthly_CumulativeDaily_WeeksByLiftedGallons,sanityMonthly_CumulativeDaily_WeeksByNextRefreshDate
2015-07-01,2015-07-01 00:00:00,BP,Channel: 50 - Commercial,INDIANAPOLIS IN - BP (PLANT 0452),DIESEL,258065,1806452,0,390398,0,390398,390398,390398,0,w1,390398,0,390398,516130.0,1987097.0,Available,Available,200%,200,110%,110,-1,-1,07/02 00:00:00 EDT,w1,0,2015-07-08 00:00:00,Contract,Contract,258065,258065,1806452,125732,1596699,0,0,0,0,508158,508159,0,0,0,0,0,0,0,0,0,0,0,0,0,0,0,258065,0,1806452,516130,0,1987097,True,True,390398,0,0,125732,0,1596699,-1,-1,-1,0,0
2015-07-02,2015-07-02 00:00:00,BP,Channel: 50 - Commercial,INDIANAPOLIS IN - BP (PLANT 0452),DIESEL,258065,1806452,0,164734,0,164734,164734,555132,0,w1,164734,0,555132,516130.0,1987097.0,Available,Available,200%,200,110%,110,-1,-1,07/03 00:00:00 EDT,w1,0,2015-07-08 00:00:00,Contract,Contract,258065,258065,1806452,351396,1431965,0,0,0,0,528383,528384,0,0,0,0,0,0,0,0,0,0,0,0,0,0,0,258065,0,1806452,516130,0,1987097,True,True,555132,0,0,351396,0,1431965,-1,-1,-1,0,0
2015-07-03,2015-07-03 00:00:00,BP,Channel: 50 - Commercial,INDIANAPOLIS IN - BP (PLANT 0452),DIESEL,258065,1806452,3,121740,1,121740,39192,676872,0,w1,39192,0,676872,516130.0,1987097.0,Available,Available,200%,200,110%,110,-1,-1,07/04 00:00:00 EDT,w1,0,2015-07-08 00:00:00,Contract,Contract,258065,258065,1806452,476938,1310225,0,0,0,0,536001,536002,0,0,0,0,0,0,0,0,0,0,0,0,0,0,0,258065,0,1806452,516130,0,1987097,True,True,676872,0,0,394390,0,1310225,-1,-1,-1,0,0
2015-07-04,2015-07-04 00:00:00,BP,Channel: 50 - Commercial,INDIANAPOLIS IN - BP (PLANT 0452),DIESEL,258065,1806452,3,141150,1,141150,43838,818022,0,w1,43838,0,818022,516130.0,1987097.0,Available,Available,200%,200,110%,110,-1,-1,07/05 00:00:00 EDT,w1,0,2015-07-08 00:00:00,Contract,Contract,258065,258065,1806452,472292,1169075,0,0,0,0,542289,542290,0,0,0,0,0,0,0,0,0,0,0,0,0,0,0,258065,0,1806452,516130,0,1987097,True,True,818022,0,0,374980,0,1169075,-1,-1,-1,0,0
2015-07-05,2015-07-05 00:00:00,BP,Channel: 50 - Commercial,INDIANAPOLIS IN - BP (PLANT 0452),DIESEL,258065,1806452,3,54891,1,54891,36968,872913,0,w1,36968,0,872913,516130.0,1987097.0,Available,Available,200%,200,110%,110,-1,-1,07/06 00:00:00 EDT,w1,0,2015-07-08 00:00:00,Contract,Contract,258065,258065,1806452,479162,1114184,0,0,0,0,548733,548734,0,0,0,0,0,0,0,0,0,0,0,0,0,0,0,258065,0,1806452,516130,0,1987097,True,True,872913,0,0,461239,0,1114184,-1,-1,-1,0,0
2015-07-06,2015-07-06 00:00:00,BP,Channel: 50 - Commercial,INDIANAPOLIS IN - BP (PLANT 0452),DIESEL,258065,1806452,3,159954,1,159954,85474,1032867,0,w1,85474,0,1032867,516130.0,1987097.0,Available,Available,200%,200,110%,110,-1,-1,07/07 00:00:00 EDT,w1,0,2015-07-08 00:00:00,Contract,Contract,258065,258065,1806452,430656,954230,0,0,0,0,555046,555047,0,0,0,0,0,0,0,0,0,0,0,0,0,0,0,258065,0,1806452,516130,0,1987097,True,True,1032867,0,0,356176,0,954230,-1,-1,-1,0,0
2015-07-07,2015-07-07 00:00:00,BP,Channel: 50 - Commercial,INDIANAPOLIS IN - BP (PLANT 0452),DIESEL,258065,1806452,3,459556,1,459556,336476,1492423,0,w1,336476,0,1492423,516130.0,1987097.0,Available,Available,200%,200,110%,110,-1,-1,07/08 00:00:00 EDT,w1,0,2015-07-08 00:00:00,Contract,Contract,258065,258065,1806452,179654,494674,0,0,0,0,568059,568060,0,0,0,0,0,0,0,0,0,0,0,0,0,0,0,258065,0,1806452,516130,0,1987097,True,True,1492423,0,0,56574,0,494674,-1,-1,-1,0,0
2015-07-08,2015-07-08 00:00:00,BP,Channel: 50 - Commercial,INDIANAPOLIS IN - BP (PLANT 0452),DIESEL,258065,1806452,0,240139,0,240139,240139,240139,0,w2,240139,0,240139,516130.0,1987097.0,Available,Available,200%,200,110%,110,-1,-1,07/09 00:00:00 EDT,w2,0,2015-07-15 00:00:00,Contract,Contract,258065,258065,1806452,275991,1746958,0,0,0,0,578081,578082,0,0,0,0,0,0,0,0,0,0,0,0,0,0,0,258065,0,1806452,516130,0,1987097,True,True,0,0,0,275991,0,1746958,-1,-1,-1,0,0
2015-07-09,2015-07-09 00:00:00,BP,Channel: 50 - Commercial,INDIANAPOLIS IN - BP (PLANT 0452),DIESEL,258065,1806452,4,369678,0,-1,-1,-1,4,w3,-1,0,609817,516130.0,1987097.0,-1,-1,-1,200,-1,110,-1,-1,-1,w2,1,2015-07-15 00:00:00,-1,-1,258065,-1,-1,-1,-1,-1,-1,-1,-1,-1,-1,0,-1,0,-1,0,-1,-1,0,-1,-1,0,-1,-1,-1,-1,258065,0,1806452,516130,0,1987097,True,True,0,0,0,146452,1,1377280,-1,-1,-1,0,0
2015-07-10,2015-07-10 00:00:00,BP,Channel: 50 - Commercial,INDIANAPOLIS IN - BP (PLANT 0452),DIESEL,258065,1806452,0,198278,0,198278,198278,808095,0,w3,198278,0,808095,516130.0,1987097.0,Available,Available,200%,200,110%,110,-1,-1,07/11 00:00:00 EDT,w2,0,2015-07-15 00:00:00,Contract,Contract,258065,258065,1806452,317852,1179002,0,0,0,0,609051,609052,0,0,0,0,0,0,0,0,0,0,0,0,0,0,0,258065,0,1806452,516130,0,1987097,False,True,0,0,0,317852,0,1179002,-1,-1,-1,0,0
2015-07-11,2015-07-11 00:00:00,BP,Channel: 50 - Commercial,INDIANAPOLIS IN - BP (PLANT 0452),DIESEL,258065,1806452,0,166429,0,166429,166429,974524,0,w3,166429,0,974524,516130.0,1987097.0,Available,Available,200%,200,110%,110,-1,-1,07/12 00:00:00 EDT,w2,0,2015-07-15 00:00:00,Contract,Contract,258065,258065,1806452,349701,1012573,0,0,0,0,639291,639292,0,0,0,0,0,0,0,0,0,0,0,0,0,0,0,258065,0,1806452,516130,0,1987097,False,True,0,0,0,349701,0,1012573,-1,-1,-1,0,0
2015-07-12,2015-07-12 00:00:00,BP,Channel: 50 - Commercial,INDIANAPOLIS IN - BP (PLANT 0452),DIESEL,258065,1806452,0,-1,0,-1,-1,-1,0,w4,-1,0,-1,516130.0,1987097.0,-1,-1,-1,200,-1,110,-1,-1,-1,w2,1,2015-07-15 00:00:00,-1,-1,258065,-1,-1,-1,-1,-1,-1,-1,-1,-1,-1,0,-1,0,-1,0,-1,-1,0,-1,-1,0,-1,-1,-1,-1,258065,0,1806452,516130,0,1987097,True,False,0,0,0,516131,1,1987098,-1,-1,-1,0,0
2015-07-13,2015-07-13 00:00:00,BP,Channel: 50 - Commercial,INDIANAPOLIS IN - BP (PLANT 0452),DIESEL,258065,1806452,0,-1,0,-1,-1,-1,0,w4,-1,0,-1,516130.0,1987097.0,-1,-1,-1,200,-1,110,-1,-1,-1,w2,1,2015-07-15 00:00:00,-1,-1,258065,-1,-1,-1,-1,-1,-1,-1,-1,-1,-1,0,-1,0,-1,0,-1,-1,0,-1,-1,0,-1,-1,-1,-1,258065,0,1806452,516130,0,1987097,False,False,0,0,0,516131,1,1987098,-1,-1,-1,0,0
2015-07-14,2015-07-14 00:00:00,BP,Channel: 50 - Commercial,INDIANAPOLIS IN - BP (PLANT 0452),DIESEL,258065,1806452,0,14849,0,14849,14849,1288895,0,w4,14849,0,1288895,516130.0,1987097.0,Available,Available,200%,200,110%,110,-1,-1,07/15 00:00:00 EDT,w2,0,2015-07-15 00:00:00,Contract,Contract,258065,258065,1806452,501281,698202,0,0,0,0,731164,731165,0,0,0,0,0,0,0,0,0,0,0,0,0,0,0,258065,0,1806452,516130,0,1987097,False,False,0,0,0,501281,0,698202,-1,-1,-1,0,0
2015-07-15,2015-07-15 00:00:00,BP,Channel: 50 - Commercial,INDIANAPOLIS IN - BP (PLANT 0452),DIESEL,258065,1806452,0,312457,0,312457,312457,312457,0,w5,312457,0,312457,516130.0,1987097.0,Available,Available,200%,200,110%,110,-1,-1,07/16 00:00:00 EDT,w3,0,2015-07-22 00:00:00,Contract,Contract,258065,258065,1806452,203673,1674640,0,0,0,0,756384,756385,0,0,0,0,0,0,0,0,0,0,0,0,0,0,0,258065,0,1806452,516130,0,1987097,True,True,312457,0,0,203673,0,1674640,-1,-1,-1,0,0
2015-07-16,2015-07-16 00:00:00,BP,Channel: 50 - Commercial,INDIANAPOLIS IN - BP (PLANT 0452),DIESEL,258065,1806452,0,304642,0,304642,304642,617099,0,w5,304642,0,617099,516130.0,1987097.0,Available,Available,200%,200,110%,110,-1,-1,07/17 00:00:00 EDT,w3,0,2015-07-22 00:00:00,Contract,Contract,258065,258065,1806452,211488,1369998,0,0,0,0,789686,789687,0,0,0,0,0,0,0,0,0,0,0,0,0,0,0,258065,0,1806452,516130,0,1987097,True,True,617099,0,0,211488,0,1369998,-1,-1,-1,0,0
2015-07-17,2015-07-17 00:00:00,BP,Channel: 50 - Commercial,INDIANAPOLIS IN - BP (PLANT 0452),DIESEL,258065,1806452,0,197280,0,197280,197280,814379,0,w5,197280,0,814379,516130.0,1987097.0,Available,Available,200%,200,110%,110,-1,-1,07/18 00:00:00 EDT,w3,0,2015-07-22 00:00:00,Contract,Contract,258065,258065,1806452,318850,1172718,0,0,0,0,821714,821715,0,0,0,0,0,0,0,0,0,0,0,0,0,0,0,258065,0,1806452,516130,0,1987097,True,True,814379,0,0,318850,0,1172718,-1,-1,-1,0,0
2015-07-18,2015-07-18 00:00:00,BP,Channel: 50 - Commercial,INDIANAPOLIS IN - BP (PLANT 0452),DIESEL,258065,1806452,0,128135,0,128135,128135,942514,0,w5,128135,0,942514,516130.0,1987097.0,Available,Available,200%,200,110%,110,-1,-1,07/19 00:00:00 EDT,w3,0,2015-07-22 00:00:00,Contract,Contract,258065,258065,1806452,387995,1044583,0,0,0,0,852176,852177,0,0,0,0,0,0,0,0,0,0,0,0,0,0,0,258065,0,1806452,516130,0,1987097,True,True,942514,0,0,387995,0,1044583,-1,-1,-1,0,0
2015-07-19,2015-07-19 00:00:00,BP,Channel: 50 - Commercial,INDIANAPOLIS IN - BP (PLANT 0452),DIESEL,258065,1806452,0,144711,0,144711,144711,1087225,0,w5,144711,0,1087225,516130.0,1987097.0,Available,Available,200%,200,110%,110,-1,-1,07/20 00:00:00 EDT,w3,0,2015-07-22 00:00:00,Contract,Contract,258065,258065,1806452,371419,899872,0,0,0,0,883437,883438,0,0,0,0,0,0,0,0,0,0,0,0,0,0,0,258065,0,1806452,516130,0,1987097,True,True,1087225,0,0,371419,0,899872,-1,-1,-1,0,0
2015-07-20,2015-07-20 00:00:00,BP,Channel: 50 - Commercial,INDIANAPOLIS IN - BP (PLANT 0452),DIESEL,258065,1806452,0,295130,0,295130,295130,1382355,0,w5,295130,0,1382355,516130.0,1987097.0,Available,Available,200%,200,110%,110,-1,-1,07/21 00:00:00 EDT,w3,0,2015-07-22 00:00:00,Contract,Contract,258065,258065,1806452,221000,604742,0,0,0,0,913802,913803,0,0,0,0,0,0,0,0,0,0,0,0,0,0,0,258065,0,1806452,516130,0,1987097,True,True,1382355,0,0,221000,0,604742,-1,-1,-1,0,0
2015-07-21,2015-07-21 00:00:00,BP,Channel: 50 - Commercial,INDIANAPOLIS IN - BP (PLANT 0452),DIESEL,258065,1806452,0,275059,0,275059,275059,1657414,0,w5,275059,0,1657414,516130.0,1987097.0,Available,Available,200%,200,110%,110,-1,-1,07/22 00:00:00 EDT,w3,0,2015-07-22 00:00:00,Contract,Contract,258065,258065,1806452,241071,329683,32000,32000,32000,32000,934341,934342,0,0,0,0,0,0,0,0,0,0,0,0,0,0,0,258065,0,1806452,516130,0,1987097,True,True,1657414,0,0,241071,0,329683,-1,-1,-1,0,0
2015-07-22,2015-07-22 00:00:00,BP,Channel: 50 - Commercial,INDIANAPOLIS IN - BP (PLANT 0452),DIESEL,258065,1806452,0,328979,0,328979,328979,328979,0,w6,328979,0,328979,516130.0,1987097.0,Available,Available,200%,200,110%,110,-1,-1,07/23 00:00:00 EDT,w4,0,2015-07-29 00:00:00,Contract,Contract,258065,258065,1806452,187151,1658118,0,0,0,0,976417,976418,0,0,0,0,0,0,0,0,0,0,0,0,0,0,0,258065,0,1806452,516130,0,1987097,True,True,0,0,0,187151,0,1658118,-1,-1,-1,0,0
2015-07-23,2015-07-23 00:00:00,BP,Channel: 50 - Commercial,INDIANAPOLIS IN - BP (PLANT 0452),DIESEL,258065,1806452,0,190779,0,190779,190779,519758,0,w6,190779,0,519758,516130.0,1987097.0,Available,Available,200%,200,110%,110,-1,-1,07/24 00:00:00 EDT,w4,0,2015-07-29 00:00:00,Contract,Contract,258065,258065,1806452,325351,1467339,0,0,0,0,994626,994627,0,0,0,0,0,0,0,0,0,0,0,0,0,0,0,258065,0,1806452,516130,0,1987097,True,True,0,0,0,325351,0,1467339,-1,-1,-1,0,0
2015-07-24,2015-07-24 00:00:00,BP,Channel: 50 - Commercial,INDIANAPOLIS IN - BP (PLANT 0452),DIESEL,258065,1806452,0,-1,0,-1,-1,-1,0,w7,-1,0,-1,516130.0,1987097.0,-1,-1,-1,200,-1,110,-1,-1,-1,w4,1,2015-07-29 00:00:00,-1,-1,258065,-1,-1,-1,-1,-1,-1,-1,-1,-1,-1,0,-1,0,-1,0,-1,-1,0,-1,-1,0,-1,-1,-1,-1,258065,0,1806452,516130,0,1987097,True,False,0,0,0,516131,1,1987098,-1,-1,-1,0,0
2015-07-25,2015-07-25 00:00:00,BP,Channel: 50 - Commercial,INDIANAPOLIS IN - BP (PLANT 0452),DIESEL,258065,1806452,0,-1,0,-1,-1,-1,0,w7,-1,0,-1,516130.0,1987097.0,-1,-1,-1,200,-1,110,-1,-1,-1,w4,1,2015-07-29 00:00:00,-1,-1,258065,-1,-1,-1,-1,-1,-1,-1,-1,-1,-1,0,-1,0,-1,0,-1,-1,0,-1,-1,0,-1,-1,-1,-1,258065,0,1806452,516130,0,1987097,False,False,0,0,0,516131,1,1987098,-1,-1,-1,0,0
2015-07-26,2015-07-26 00:00:00,BP,Channel: 50 - Commercial,INDIANAPOLIS IN - BP (PLANT 0452),DIESEL,258065,1806452,0,-1,0,-1,-1,-1,0,w7,-1,0,-1,516130.0,1987097.0,-1,-1,-1,200,-1,110,-1,-1,-1,w4,1,2015-07-29 00:00:00,-1,-1,258065,-1,-1,-1,-1,-1,-1,-1,-1,-1,-1,0,-1,0,-1,0,-1,-1,0,-1,-1,0,-1,-1,-1,-1,258065,0,1806452,516130,0,1987097,False,False,0,0,0,516131,1,1987098,-1,-1,-1,0,0
2015-07-27,2015-07-27 00:00:00,BP,Channel: 50 - Commercial,INDIANAPOLIS IN - BP (PLANT 0452),DIESEL,258065,1806452,0,-1,0,-1,-1,-1,0,w7,-1,0,-1,516130.0,1987097.0,-1,-1,-1,200,-1,110,-1,-1,-1,w4,1,2015-07-29 00:00:00,-1,-1,258065,-1,-1,-1,-1,-1,-1,-1,-1,-1,-1,0,-1,0,-1,0,-1,-1,0,-1,-1,0,-1,-1,-1,-1,258065,0,1806452,516130,0,1987097,False,False,0,0,0,516131,1,1987098,-1,-1,-1,0,0
2015-07-28,2015-07-28 00:00:00,BP,Channel: 50 - Commercial,INDIANAPOLIS IN - BP (PLANT 0452),DIESEL,258065,1806452,0,-1,0,-1,-1,-1,0,w7,-1,0,-1,516130.0,1987097.0,-1,-1,-1,200,-1,110,-1,-1,-1,w4,1,2015-07-29 00:00:00,-1,-1,258065,-1,-1,-1,-1,-1,-1,-1,-1,-1,-1,0,-1,0,-1,0,-1,-1,0,-1,-1,0,-1,-1,-1,-1,258065,0,1806452,516130,0,1987097,False,False,0,0,0,516131,1,1987098,-1,-1,-1,0,0
2015-07-29,2015-07-29 00:00:00,BP,Channel: 50 - Commercial,INDIANAPOLIS IN - BP (PLANT 0452),DIESEL,258065,1806452,0,-1,0,-1,-1,-1,0,w7,-1,0,-1,516130.0,1987097.0,-1,-1,-1,200,-1,110,-1,-1,-1,w5,1,2015-08-05 00:00:00,-1,-1,258065,-1,-1,-1,-1,-1,-1,-1,-1,-1,-1,0,-1,0,-1,0,-1,-1,0,-1,-1,0,-1,-1,-1,-1,258065,0,1806452,516130,0,1987097,False,True,0,0,0,516131,1,1987098,-1,-1,-1,0,0
2015-07-30,2015-07-30 00:00:00,BP,Channel: 50 - Commercial,INDIANAPOLIS IN - BP (PLANT 0452),DIESEL,258065,1806452,0,-1,0,-1,-1,-1,0,w7,-1,0,-1,516130.0,1987097.0,-1,-1,-1,200,-1,110,-1,-1,-1,w5,1,2015-08-05 00:00:00,-1,-1,258065,-1,-1,-1,-1,-1,-1,-1,-1,-1,-1,0,-1,0,-1,0,-1,-1,0,-1,-1,0,-1,-1,-1,-1,258065,0,1806452,516130,0,1987097,False,False,0,0,0,516131,1,1987098,-1,-1,-1,0,0
2015-07-31,2015-07-31 00:00:00,BP,Channel: 50 - Commercial,INDIANAPOLIS IN - BP (PLANT 0452),DIESEL,258065,1806452,0,-1,0,-1,-1,-1,0,w7,-1,0,-1,516130.0,1987097.0,-1,-1,-1,200,-1,110,-1,-1,-1,w5,1,2015-08-05 00:00:00,-1,-1,258065,-1,-1,-1,-1,-1,-1,-1,-1,-1,-1,0,-1,0,-1,0,-1,-1,0,-1,-1,0,-1,-1,-1,-1,258065,0,1806452,516130,0,1987097,False,False,0,0,0,516131,1,1987098,-1,-1,-1,0,0
