,date,supplier_name,account_type,supplier_terminal_name,product_name,base_gallons_Daily,base_gallons_Weekly,lifted_gallons_daily_flag,lifted_gallons_daily_modified,Modified_WeeksByLiftedGallons,lifted_gallons_modified_WeeksByLiftedGallons,lifted_gallons_Daily,Lifted_actual_weekly,lifted_gallons_weekly_flag,WeeksByLiftedGallons,lifted_gallonsWeekly_modified_aposteriori,Modified_LiftedGallonsaposteriori,lifted_gallons_Weekly,beginning_gallons_Daily,beginning_gallons_Weekly,en_allocation_status_Daily,en_allocation_status_Weekly,percentage_allocation_Daily_actual,percentage_allocation_Daily,percentage_allocation_Weekly_actual,percentage_allocation_Weekly,alerts_ratability_Daily,alerts_ratability_Weekly,next_refresh_date_Daily,Week_switch,Modified_NRD,next_refresh_date_Weekly,en_account_type_Daily,en_account_type_Weekly,NRB_Daily,next_refresh_base_gallons_Daily,next_refresh_base_gallons_Weekly,remaining_gallons_Daily,remaining_gallons_Weekly,additional_gallons_allowed_Daily,additional_gallons_allowed_Weekly,additional_gallons_remaining_Daily,additional_gallons_remaining_Weekly,staging_id_Daily,staging_id_Weekly,base_gallons_Monthly,Lifted_actual_monthly,lifted_gallons_monthly_flag,lifted_gallons_Monthly,beginning_gallons_Monthly,en_allocation_status_Monthly,percentage_allocation_Monthly_actual,percentage_allocation_Monthly,alerts_ratability_Monthly,next_refresh_date_Monthly,NRB_Monthly,next_refresh_base_gallons_Monthly,remaining_gallons_Monthly,additional_gallons_allowed_Monthly,additional_gallons_remaining_Monthly,base_gallons_Daily_Reconciled,base_gallons_Monthly_Reconciled,base_gallons_Weekly_Reconciled,beginning_gallons_Daily_Reconciled,beginning_gallons_Monthly_Reconciled,beginning_gallons_Weekly_Reconciled,sanityWeekly_CumulativeDaily_WeeksByLiftedGallons,sanityWeekly_CumulativeDaily_NextRefreshDate,computedWeekly,computedMonthly,sanityComputedMonthly,remaining_gallons_Daily_Reconciled,remaining_gallons_Monthly_Reconciled,remaining_gallons_Weekly_Reconciled,additional_gallons_remaining_Daily_Reconciled,additional_gallons_remaining_Monthly_Reconciled,additional_gallons_remaining_Weekly_Reconciled,sanityMonthly_CumulativeDaily_WeeksByLiftedGallons,sanityMonthly_CumulativeDaily_WeeksByNextRefreshDate
2015-07-01,2015-07-01 00:00:00,BP,Channel: 50 - Commercial,WARREN OH - BUCKEYE (PLANT 9182),DIESEL,24194,169355,0,61116,0,61116,61116,61116,0,w1,61116,0,61116,48388.0,186291.0,Out,Out,200%,200,110%,110,-1,-1,07/02 00:00:00 EDT,w1,0,2015-07-08 00:00:00,Contract,Contract,24194,24194,169355,0,137903,8000,8000,4728,4728,508173,508174,0,0,0,0,0,0,0,0,0,0,0,0,0,0,0,24194,0,169355,48388,0,186290,True,True,61116,0,0,-12728,0,125175,8000,-1,-1,0,0
2015-07-02,2015-07-02 00:00:00,BP,Channel: 50 - Commercial,WARREN OH - BUCKEYE (PLANT 9182),DIESEL,24194,169355,0,30507,0,30507,30507,91623,0,w1,30507,0,91623,48388.0,186291.0,Available,Available,200%,200,110%,110,-1,-1,07/03 00:00:00 EDT,w1,0,2015-07-08 00:00:00,Contract,Contract,24194,24194,169355,17881,107396,8000,8000,4728,4728,528398,528399,0,0,0,0,0,0,0,0,0,0,0,0,0,0,0,24194,0,169355,48388,0,186290,True,True,91623,0,0,17881,0,94668,-1,-1,-1,0,0
2015-07-03,2015-07-03 00:00:00,BP,Channel: 50 - Commercial,WARREN OH - BUCKEYE (PLANT 9182),DIESEL,24194,169355,3,22707,1,22707,15204,114330,0,w1,15204,0,114330,48388.0,186291.0,Available,Available,200%,200,110%,110,-1,-1,07/04 00:00:00 EDT,w1,0,2015-07-08 00:00:00,Contract,Contract,24194,24194,169355,33184,84689,8000,8000,4728,4728,536016,536017,0,0,0,0,0,0,0,0,0,0,0,0,0,0,0,24194,0,169355,48388,0,186290,True,True,114330,0,0,25681,0,71961,-1,-1,-1,0,0
2015-07-04,2015-07-04 00:00:00,BP,Channel: 50 - Commercial,WARREN OH - BUCKEYE (PLANT 9182),DIESEL,24194,169355,0,0,0,0,0,114330,0,w1,0,0,114330,48388.0,186291.0,Available,Available,200%,200,110%,110,-1,-1,07/05 00:00:00 EDT,w1,0,2015-07-08 00:00:00,Contract,Contract,24194,24194,169355,48388,84689,8000,8000,4728,4728,542304,542305,0,0,0,0,0,0,0,0,0,0,0,0,0,0,0,24194,0,169355,48388,0,186290,True,True,114330,0,0,48388,0,71961,-1,-1,-1,0,0
2015-07-05,2015-07-05 00:00:00,BP,Channel: 50 - Commercial,WARREN OH - BUCKEYE (PLANT 9182),DIESEL,24194,169355,0,0,0,0,0,114330,0,w1,0,0,114330,48388.0,186291.0,Available,Available,200%,200,110%,110,-1,-1,07/06 00:00:00 EDT,w1,0,2015-07-08 00:00:00,Contract,Contract,24194,24194,169355,48388,84689,8000,8000,4728,4728,548748,548749,0,0,0,0,0,0,0,0,0,0,0,0,0,0,0,24194,0,169355,48388,0,186290,True,True,114330,0,0,48388,0,71961,-1,-1,-1,0,0
2015-07-06,2015-07-06 00:00:00,BP,Channel: 50 - Commercial,WARREN OH - BUCKEYE (PLANT 9182),DIESEL,24194,169355,3,23011,1,23011,15206,137341,0,w1,15206,0,137341,48388.0,186291.0,Available,Available,200%,200,110%,110,-1,-1,07/07 00:00:00 EDT,w1,0,2015-07-08 00:00:00,Contract,Contract,24194,24194,169355,33182,61678,8000,8000,4728,4728,555061,555062,0,0,0,0,0,0,0,0,0,0,0,0,0,0,0,24194,0,169355,48388,0,186290,True,True,137341,0,0,25377,0,48950,-1,-1,-1,0,0
2015-07-07,2015-07-07 00:00:00,BP,Channel: 50 - Commercial,WARREN OH - BUCKEYE (PLANT 9182),DIESEL,24194,169355,3,60837,1,60837,45825,198178,0,w1,45825,0,198178,48388.0,186291.0,Available,Available,200%,200,110%,110,-1,-1,07/08 00:00:00 EDT,w1,0,2015-07-08 00:00:00,Contract,Contract,24194,24194,169355,2563,841,8000,8000,4728,4728,568074,568075,0,0,0,0,0,0,0,0,0,0,0,0,0,0,0,24194,0,169355,48388,0,186290,True,True,198178,0,0,-12449,0,-11887,8000,-1,8000,0,0
2015-07-08,2015-07-08 00:00:00,BP,Channel: 50 - Commercial,WARREN OH - BUCKEYE (PLANT 9182),DIESEL,24194,169355,0,0,0,0,0,0,0,w2,0,0,0,48388.0,186291.0,Available,Available,200%,200,110%,110,-1,-1,07/09 00:00:00 EDT,w2,0,2015-07-15 00:00:00,Contract,Contract,24194,24194,169355,48388,186291,0,0,0,0,578096,578097,0,0,0,0,0,0,0,0,0,0,0,0,0,0,0,24194,0,169355,48388,0,186290,True,True,0,0,0,48388,0,186291,-1,-1,-1,0,0
2015-07-09,2015-07-09 00:00:00,BP,Channel: 50 - Commercial,WARREN OH - BUCKEYE (PLANT 9182),DIESEL,24194,169355,4,30610,0,-1,-1,-1,4,w3,-1,0,30610,48388.0,186291.0,-1,-1,-1,200,-1,110,-1,-1,-1,w2,1,2015-07-15 00:00:00,-1,-1,24194,-1,-1,-1,-1,-1,-1,-1,-1,-1,-1,0,-1,0,-1,0,-1,-1,0,-1,-1,0,-1,-1,-1,-1,24194,0,169355,48388,0,186290,True,True,0,0,0,17778,1,155681,-1,-1,-1,0,0
2015-07-10,2015-07-10 00:00:00,BP,Channel: 50 - Commercial,WARREN OH - BUCKEYE (PLANT 9182),DIESEL,24194,169355,0,22816,0,22816,22816,53426,0,w3,22816,0,53426,48388.0,186291.0,Available,Available,200%,200,110%,110,-1,-1,07/11 00:00:00 EDT,w2,0,2015-07-15 00:00:00,Contract,Contract,24194,24194,169355,25572,132865,0,0,0,0,609066,609067,0,0,0,0,0,0,0,0,0,0,0,0,0,0,0,24194,0,169355,48388,0,186290,False,True,0,0,0,25572,0,132865,-1,-1,-1,0,0
2015-07-11,2015-07-11 00:00:00,BP,Channel: 50 - Commercial,WARREN OH - BUCKEYE (PLANT 9182),DIESEL,24194,169355,0,7808,0,7808,7808,61234,0,w3,7808,0,61234,48388.0,186291.0,Available,Available,200%,200,110%,110,-1,-1,07/12 00:00:00 EDT,w2,0,2015-07-15 00:00:00,Contract,Contract,24194,24194,169355,40580,125057,0,0,0,0,639306,639307,0,0,0,0,0,0,0,0,0,0,0,0,0,0,0,24194,0,169355,48388,0,186290,False,True,0,0,0,40580,0,125057,-1,-1,-1,0,0
2015-07-12,2015-07-12 00:00:00,BP,Channel: 50 - Commercial,WARREN OH - BUCKEYE (PLANT 9182),DIESEL,24194,169355,0,-1,0,-1,-1,-1,0,w4,-1,0,-1,48388.0,186291.0,-1,-1,-1,200,-1,110,-1,-1,-1,w2,1,2015-07-15 00:00:00,-1,-1,24194,-1,-1,-1,-1,-1,-1,-1,-1,-1,-1,0,-1,0,-1,0,-1,-1,0,-1,-1,0,-1,-1,-1,-1,24194,0,169355,48388,0,186290,True,False,0,0,0,48389,1,186292,-1,-1,-1,0,0
2015-07-13,2015-07-13 00:00:00,BP,Channel: 50 - Commercial,WARREN OH - BUCKEYE (PLANT 9182),DIESEL,24194,169355,0,-1,0,-1,-1,-1,0,w4,-1,0,-1,48388.0,186291.0,-1,-1,-1,200,-1,110,-1,-1,-1,w2,1,2015-07-15 00:00:00,-1,-1,24194,-1,-1,-1,-1,-1,-1,-1,-1,-1,-1,0,-1,0,-1,0,-1,-1,0,-1,-1,0,-1,-1,-1,-1,24194,0,169355,48388,0,186290,False,False,0,0,0,48389,1,186292,-1,-1,-1,0,0
2015-07-14,2015-07-14 00:00:00,BP,Channel: 50 - Commercial,WARREN OH - BUCKEYE (PLANT 9182),DIESEL,24194,169355,0,53025,0,53025,53025,175339,0,w4,53025,0,175339,48388.0,186291.0,Available,Available,200%,200,110%,110,-1,-1,07/15 00:00:00 EDT,w2,0,2015-07-15 00:00:00,Contract,Contract,24194,24194,169355,0,15589,8000,8000,3363,3363,731181,731182,0,0,0,0,0,0,0,0,0,0,0,0,0,0,0,24194,0,169355,48388,0,186290,False,False,0,0,0,-4637,0,10952,8000,-1,-1,0,0
2015-07-15,2015-07-15 00:00:00,BP,Channel: 50 - Commercial,WARREN OH - BUCKEYE (PLANT 9182),DIESEL,24194,169355,0,45272,0,45272,45272,45272,0,w5,45272,0,45272,48388.0,186291.0,Available,Available,200%,200,110%,110,-1,-1,07/16 00:00:00 EDT,w3,0,2015-07-22 00:00:00,Contract,Contract,24194,24194,169355,3116,141019,0,0,0,0,756399,756400,0,0,0,0,0,0,0,0,0,0,0,0,0,0,0,24194,0,169355,48388,0,186290,True,True,45272,0,0,3116,0,141019,-1,-1,-1,0,0
2015-07-16,2015-07-16 00:00:00,BP,Channel: 50 - Commercial,WARREN OH - BUCKEYE (PLANT 9182),DIESEL,24194,169355,0,22607,0,22607,22607,67879,0,w5,22607,0,67879,48388.0,186291.0,Available,Available,200%,200,110%,110,-1,-1,07/17 00:00:00 EDT,w3,0,2015-07-22 00:00:00,Contract,Contract,24194,24194,169355,25781,118412,0,0,0,0,789701,789702,0,0,0,0,0,0,0,0,0,0,0,0,0,0,0,24194,0,169355,48388,0,186290,True,True,67879,0,0,25781,0,118412,-1,-1,-1,0,0
2015-07-17,2015-07-17 00:00:00,BP,Channel: 50 - Commercial,WARREN OH - BUCKEYE (PLANT 9182),DIESEL,24194,169355,0,37927,0,37927,37927,105806,0,w5,37927,0,105806,48388.0,186291.0,Available,Available,200%,200,110%,110,-1,-1,07/18 00:00:00 EDT,w3,0,2015-07-22 00:00:00,Contract,Contract,24194,24194,169355,10461,80485,0,0,0,0,821729,821730,0,0,0,0,0,0,0,0,0,0,0,0,0,0,0,24194,0,169355,48388,0,186290,True,True,105806,0,0,10461,0,80485,-1,-1,-1,0,0
2015-07-18,2015-07-18 00:00:00,BP,Channel: 50 - Commercial,WARREN OH - BUCKEYE (PLANT 9182),DIESEL,24194,169355,0,38040,0,38040,38040,143846,0,w5,38040,0,143846,48388.0,186291.0,Available,Available,200%,200,110%,110,-1,-1,07/19 00:00:00 EDT,w3,0,2015-07-22 00:00:00,Contract,Contract,24194,24194,169355,10348,42445,0,0,0,0,852191,852192,0,0,0,0,0,0,0,0,0,0,0,0,0,0,0,24194,0,169355,48388,0,186290,True,True,143846,0,0,10348,0,42445,-1,-1,-1,0,0
2015-07-19,2015-07-19 00:00:00,BP,Channel: 50 - Commercial,WARREN OH - BUCKEYE (PLANT 9182),DIESEL,24194,169355,0,22608,0,22608,22608,166454,0,w5,22608,0,166454,48388.0,186291.0,Available,Available,200%,200,110%,110,-1,-1,07/20 00:00:00 EDT,w3,0,2015-07-22 00:00:00,Contract,Contract,24194,24194,169355,25780,19837,0,0,0,0,883452,883453,0,0,0,0,0,0,0,0,0,0,0,0,0,0,0,24194,0,169355,48388,0,186290,True,True,166454,0,0,25780,0,19837,-1,-1,-1,0,0
2015-07-20,2015-07-20 00:00:00,BP,Channel: 50 - Commercial,WARREN OH - BUCKEYE (PLANT 9182),DIESEL,24194,169355,0,30626,0,30626,30626,197080,0,w5,30626,0,197080,48388.0,186291.0,Out,Out,200%,200,110%,110,-1,-1,07/21 00:00:00 EDT,w3,0,2015-07-22 00:00:00,Contract,Contract,24194,24194,169355,28552,0,8000,8000,2790,2790,913817,913818,0,0,0,0,0,0,0,0,0,0,0,0,0,0,0,24194,0,169355,48388,0,186290,True,True,197080,0,0,17762,0,-10789,-1,-1,8000,0,0
2015-07-21,2015-07-21 00:00:00,BP,Channel: 50 - Commercial,WARREN OH - BUCKEYE (PLANT 9182),DIESEL,24194,169355,0,0,0,0,0,197080,0,w5,0,0,197080,48388.0,186291.0,Out,Out,200%,200,110%,110,-1,-1,07/22 00:00:00 EDT,w3,0,2015-07-22 00:00:00,Contract,Contract,24194,24194,169355,48388,0,8000,8000,2790,2790,934358,934359,0,0,0,0,0,0,0,0,0,0,0,0,0,0,0,24194,0,169355,48388,0,186290,True,True,197080,0,0,48388,0,-10789,-1,-1,8000,0,0
2015-07-22,2015-07-22 00:00:00,BP,Channel: 50 - Commercial,WARREN OH - BUCKEYE (PLANT 9182),DIESEL,24194,169355,0,45526,0,45526,45526,45526,0,w6,45526,0,45526,48388.0,186291.0,Available,Available,200%,200,110%,110,-1,-1,07/23 00:00:00 EDT,w4,0,2015-07-29 00:00:00,Contract,Contract,24194,24194,169355,2862,140765,0,0,0,0,976430,976431,0,0,0,0,0,0,0,0,0,0,0,0,0,0,0,24194,0,169355,48388,0,186290,True,True,0,0,0,2862,0,140765,-1,-1,-1,0,0
2015-07-23,2015-07-23 00:00:00,BP,Channel: 50 - Commercial,WARREN OH - BUCKEYE (PLANT 9182),DIESEL,24194,169355,0,37718,0,37718,37718,83244,0,w6,37718,0,83244,48388.0,186291.0,Available,Available,200%,200,110%,110,-1,-1,07/24 00:00:00 EDT,w4,0,2015-07-29 00:00:00,Contract,Contract,24194,24194,169355,10670,103047,0,0,0,0,994639,994640,0,0,0,0,0,0,0,0,0,0,0,0,0,0,0,24194,0,169355,48388,0,186290,True,True,0,0,0,10670,0,103047,-1,-1,-1,0,0
2015-07-24,2015-07-24 00:00:00,BP,Channel: 50 - Commercial,WARREN OH - BUCKEYE (PLANT 9182),DIESEL,24194,169355,0,-1,0,-1,-1,-1,0,w7,-1,0,-1,48388.0,186291.0,-1,-1,-1,200,-1,110,-1,-1,-1,w4,1,2015-07-29 00:00:00,-1,-1,24194,-1,-1,-1,-1,-1,-1,-1,-1,-1,-1,0,-1,0,-1,0,-1,-1,0,-1,-1,0,-1,-1,-1,-1,24194,0,169355,48388,0,186290,True,False,0,0,0,48389,1,186292,-1,-1,-1,0,0
2015-07-25,2015-07-25 00:00:00,BP,Channel: 50 - Commercial,WARREN OH - BUCKEYE (PLANT 9182),DIESEL,24194,169355,0,-1,0,-1,-1,-1,0,w7,-1,0,-1,48388.0,186291.0,-1,-1,-1,200,-1,110,-1,-1,-1,w4,1,2015-07-29 00:00:00,-1,-1,24194,-1,-1,-1,-1,-1,-1,-1,-1,-1,-1,0,-1,0,-1,0,-1,-1,0,-1,-1,0,-1,-1,-1,-1,24194,0,169355,48388,0,186290,False,False,0,0,0,48389,1,186292,-1,-1,-1,0,0
2015-07-26,2015-07-26 00:00:00,BP,Channel: 50 - Commercial,WARREN OH - BUCKEYE (PLANT 9182),DIESEL,24194,169355,0,-1,0,-1,-1,-1,0,w7,-1,0,-1,48388.0,186291.0,-1,-1,-1,200,-1,110,-1,-1,-1,w4,1,2015-07-29 00:00:00,-1,-1,24194,-1,-1,-1,-1,-1,-1,-1,-1,-1,-1,0,-1,0,-1,0,-1,-1,0,-1,-1,0,-1,-1,-1,-1,24194,0,169355,48388,0,186290,False,False,0,0,0,48389,1,186292,-1,-1,-1,0,0
2015-07-27,2015-07-27 00:00:00,BP,Channel: 50 - Commercial,WARREN OH - BUCKEYE (PLANT 9182),DIESEL,24194,169355,0,-1,0,-1,-1,-1,0,w7,-1,0,-1,48388.0,186291.0,-1,-1,-1,200,-1,110,-1,-1,-1,w4,1,2015-07-29 00:00:00,-1,-1,24194,-1,-1,-1,-1,-1,-1,-1,-1,-1,-1,0,-1,0,-1,0,-1,-1,0,-1,-1,0,-1,-1,-1,-1,24194,0,169355,48388,0,186290,False,False,0,0,0,48389,1,186292,-1,-1,-1,0,0
2015-07-28,2015-07-28 00:00:00,BP,Channel: 50 - Commercial,WARREN OH - BUCKEYE (PLANT 9182),DIESEL,24194,169355,0,-1,0,-1,-1,-1,0,w7,-1,0,-1,48388.0,186291.0,-1,-1,-1,200,-1,110,-1,-1,-1,w4,1,2015-07-29 00:00:00,-1,-1,24194,-1,-1,-1,-1,-1,-1,-1,-1,-1,-1,0,-1,0,-1,0,-1,-1,0,-1,-1,0,-1,-1,-1,-1,24194,0,169355,48388,0,186290,False,False,0,0,0,48389,1,186292,-1,-1,-1,0,0
2015-07-29,2015-07-29 00:00:00,BP,Channel: 50 - Commercial,WARREN OH - BUCKEYE (PLANT 9182),DIESEL,24194,169355,0,-1,0,-1,-1,-1,0,w7,-1,0,-1,48388.0,186291.0,-1,-1,-1,200,-1,110,-1,-1,-1,w5,1,2015-08-05 00:00:00,-1,-1,24194,-1,-1,-1,-1,-1,-1,-1,-1,-1,-1,0,-1,0,-1,0,-1,-1,0,-1,-1,0,-1,-1,-1,-1,24194,0,169355,48388,0,186290,False,True,0,0,0,48389,1,186292,-1,-1,-1,0,0
2015-07-30,2015-07-30 00:00:00,BP,Channel: 50 - Commercial,WARREN OH - BUCKEYE (PLANT 9182),DIESEL,24194,169355,0,-1,0,-1,-1,-1,0,w7,-1,0,-1,48388.0,186291.0,-1,-1,-1,200,-1,110,-1,-1,-1,w5,1,2015-08-05 00:00:00,-1,-1,24194,-1,-1,-1,-1,-1,-1,-1,-1,-1,-1,0,-1,0,-1,0,-1,-1,0,-1,-1,0,-1,-1,-1,-1,24194,0,169355,48388,0,186290,False,False,0,0,0,48389,1,186292,-1,-1,-1,0,0
2015-07-31,2015-07-31 00:00:00,BP,Channel: 50 - Commercial,WARREN OH - BUCKEYE (PLANT 9182),DIESEL,24194,169355,0,-1,0,-1,-1,-1,0,w7,-1,0,-1,48388.0,186291.0,-1,-1,-1,200,-1,110,-1,-1,-1,w5,1,2015-08-05 00:00:00,-1,-1,24194,-1,-1,-1,-1,-1,-1,-1,-1,-1,-1,0,-1,0,-1,0,-1,-1,0,-1,-1,0,-1,-1,-1,-1,24194,0,169355,48388,0,186290,False,False,0,0,0,48389,1,186292,-1,-1,-1,0,0
