,date,supplier_name,account_type,supplier_terminal_name,product_name,base_gallons_Daily,base_gallons_Monthly,base_gallons_Weekly,lifted_gallons_daily_flag,lifted_gallons_daily_modified,Modified_WeeksByLiftedGallons,lifted_gallons_modified_WeeksByLiftedGallons,lifted_gallons_Daily,Lifted_actual_monthly,lifted_gallons_monthly_flag,lifted_gallons_Monthly,Lifted_actual_weekly,lifted_gallons_weekly_flag,WeeksByLiftedGallons,lifted_gallonsWeekly_modified_aposteriori,Modified_LiftedGallonsaposteriori,lifted_gallons_Weekly,beginning_gallons_Daily,beginning_gallons_Monthly,beginning_gallons_Weekly,en_allocation_status_Daily,en_allocation_status_Monthly,en_allocation_status_Weekly,percentage_allocation_Daily_actual,percentage_allocation_Daily,percentage_allocation_Monthly_actual,percentage_allocation_Monthly,percentage_allocation_Weekly_actual,percentage_allocation_Weekly,alerts_ratability_Daily,alerts_ratability_Monthly,alerts_ratability_Weekly,next_refresh_date_Daily,next_refresh_date_Monthly,Week_switch,Modified_NRD,next_refresh_date_Weekly,en_account_type_Daily,en_account_type_Monthly,en_account_type_Weekly,NRB_Daily,next_refresh_base_gallons_Daily,NRB_Monthly,next_refresh_base_gallons_Monthly,next_refresh_base_gallons_Weekly,remaining_gallons_Daily,remaining_gallons_Monthly,remaining_gallons_Weekly,additional_gallons_allowed_Daily,additional_gallons_allowed_Monthly,additional_gallons_allowed_Weekly,additional_gallons_remaining_Daily,additional_gallons_remaining_Monthly,additional_gallons_remaining_Weekly,staging_id_Daily,staging_id_Monthly,staging_id_Weekly,execution_date_Daily,execution_date_Monthly,execution_date_Weekly,base_gallons_Daily_Reconciled,base_gallons_Monthly_Reconciled,base_gallons_Weekly_Reconciled,beginning_gallons_Daily_Reconciled,beginning_gallons_Monthly_Reconciled,beginning_gallons_Weekly_Reconciled,sanityWeekly_CumulativeDaily_WeeksByLiftedGallons,sanityWeekly_CumulativeDaily_NextRefreshDate,computedWeekly,sanityComputedWeekly,computedMonthly,sanityComputedMonthly,remaining_gallons_Daily_Reconciled,remaining_gallons_Monthly_Reconciled,remaining_gallons_Weekly_Reconciled,additional_gallons_remaining_Daily_Reconciled,additional_gallons_remaining_Monthly_Reconciled,additional_gallons_remaining_Weekly_Reconciled,Ratability_Monthly,Ratability_Daily,Ratability_Weekly,sanityMonthly_CumulativeDaily_WeeksByLiftedGallons,sanityMonthly_CumulativeDaily_WeeksByNextRefreshDate
2015-08-01,2015-08-01 00:00:00,Chevron,PILOT TRAVEL CENTERS LLC : CHV7460761,1043 MONTEBELLO CA TRM CHEVRON,DIESEL #2,29666,919634,207659,1,60542,3,68142,60542,60542,0,60542,234741,1,w1,60542,0,60542,59332,1011597,259574,Out,Available,Low,200%,200,110%,110,125%,125,Above Trend,Above Trend,Above Trend,08/02 00:00:00 PDT,09/01 00:00:00 PDT,w1,0,2015-08-05 00:00:00,Contract,Contract,Contract,29666,29666,919634,919634,207659,-1210,951055,24833,0,0,0,0,0,0,1272203,1272205,1272204,2015-08-01 23:48:04,2015-08-01 23:48:04,2015-08-01 23:48:04,29600,919600,207600,59332,1011597,259573,True,False,60542,True,60542,True,-1210,951055,199032,-1,-1,-1,204.0,267.0,0,0,1
2015-08-02,2015-08-02 00:00:00,Chevron,PILOT TRAVEL CENTERS LLC : CHV7460761,1043 MONTEBELLO CA TRM CHEVRON,DIESEL #2,29666,919634,207659,1,15202,0,15202,15202,75744,0,75744,249943,1,w1,15202,0,75744,59332,1011597,259574,Available,Available,Low,200%,200,110%,110,125%,125,On Target,Above Trend,Above Trend,08/03 00:00:00 PDT,09/01 00:00:00 PDT,w1,0,2015-08-05 00:00:00,Contract,Contract,Contract,29666,29666,919634,919634,207659,44130,935853,9631,0,0,0,0,0,0,1303026,1303028,1303027,2015-08-02 23:50:23,2015-08-02 23:50:23,2015-08-02 23:50:23,29600,919600,207600,59332,1011597,259573,True,False,75744,True,75744,True,44130,935853,183830,-1,-1,-1,128.0,0.0,0,0,1
2015-08-03,2015-08-03 00:00:00,Chevron,PILOT TRAVEL CENTERS LLC : CHV7460761,1043 MONTEBELLO CA TRM CHEVRON,DIESEL #2,29666,919634,207659,1,15302,0,15302,15302,91046,0,91046,265245,1,w1,15302,0,91046,59332,1011597,259574,Available,Available,Out,200%,200,110%,110,125%,125,On Target,Above Trend,Above Trend,08/04 00:00:00 PDT,09/01 00:00:00 PDT,w1,0,2015-08-05 00:00:00,Contract,Contract,Contract,29666,29666,919634,919634,207659,44030,920551,-5671,0,0,0,0,0,0,1331481,1331483,1331482,2015-08-03 23:47:51,2015-08-03 23:47:51,2015-08-03 23:47:51,29600,919600,207600,59332,1011597,259573,True,False,91046,True,91046,True,44030,920551,168528,-1,-1,-1,102.0,0.0,0,0,1
2015-08-04,2015-08-04 00:00:00,Chevron,PILOT TRAVEL CENTERS LLC : CHV7460761,1043 MONTEBELLO CA TRM CHEVRON,DIESEL #2,29666,919634,207659,1,30400,0,22800,22800,113846,0,113846,288045,1,w1,22800,0,121446,59332,1011597,259574,Available,Available,Out,200%,200,110%,110,125%,125,On Target,Above Trend,Above Trend,08/05 00:00:00 PDT,09/01 00:00:00 PDT,w1,0,2015-08-05 00:00:00,Contract,Contract,Contract,29666,29666,919634,919634,207659,36532,897751,-28471,30000,30000,30000,7200,7200,7200,1361664,1361666,1361665,2015-08-04 23:47:43,2015-08-04 23:47:43,2015-08-04 23:47:43,29600,919600,207600,59332,1011597,259573,True,False,121446,True,121446,True,28932,897751,138128,-1,-1,-1,96.0,133.0,0,0,0
2015-08-05,2015-08-05 00:00:00,Chevron,PILOT TRAVEL CENTERS LLC : CHV7460761,1043 MONTEBELLO CA TRM CHEVRON,DIESEL #2,29666,919634,207659,1,53301,0,45601,45601,167047,0,167047,45601,1,w2,45601,0,53301,59332,1011597,259574,Limited,Available,Available,200%,200,110%,110,125%,125,Above Trend,Above Trend,Above Trend,08/06 00:00:00 PDT,09/01 00:00:00 PDT,w2,0,2015-08-12 00:00:00,Contract,Contract,Contract,29666,29666,919634,919634,207659,13731,844550,213973,0,0,0,0,0,0,1390149,1390151,1390150,2015-08-05 20:47:54,2015-08-05 20:47:54,2015-08-05 20:47:54,29600,919600,207600,59332,1011597,259573,True,True,53301,True,174747,True,6031,844550,206273,-1,-1,-1,113.0,133.0,0,1,0
2015-08-06,2015-08-06 00:00:00,Chevron,PILOT TRAVEL CENTERS LLC : CHV7460761,1043 MONTEBELLO CA TRM CHEVRON,DIESEL #2,29666,919634,207659,1,60715,1,68415,60715,235462,0,235462,114016,1,w2,60715,0,114016,59332,1011597,259574,Out,Available,Available,200%,200,110%,110,125%,125,Above Trend,Above Trend,Above Trend,08/07 00:00:00 PDT,09/01 00:00:00 PDT,w2,0,2015-08-12 00:00:00,Contract,Contract,Contract,29666,29666,919634,919634,207659,-1383,776135,145558,0,0,0,0,0,0,1427021,1427023,1427022,2015-08-06 23:48:02,2015-08-06 23:48:02,2015-08-06 23:48:02,29600,919600,207600,59332,1011597,259573,True,True,114016,True,235462,True,-1383,776135,145558,-1,-1,-1,132.0,267.0,0,1,1
2015-08-07,2015-08-07 00:00:00,Chevron,PILOT TRAVEL CENTERS LLC : CHV7460761,1043 MONTEBELLO CA TRM CHEVRON,DIESEL #2,29666,919634,207659,1,14688,0,14688,14688,250150,0,250150,128704,1,w2,14688,0,128704,59332,1011597,259574,Available,Available,Available,200%,200,110%,110,125%,125,On Target,Above Trend,Above Trend,08/08 00:00:00 PDT,09/01 00:00:00 PDT,w2,0,2015-08-12 00:00:00,Contract,Contract,Contract,29666,29666,919634,919634,207659,44644,761447,130870,0,0,0,0,0,0,1461533,1461535,1461534,2015-08-07 23:48:53,2015-08-07 23:48:53,2015-08-07 23:48:53,29600,919600,207600,59332,1011597,259573,True,True,128704,True,250150,True,44644,761447,130870,-1,-1,-1,120.0,0.0,0,1,1
2015-08-08,2015-08-08 00:00:00,Chevron,PILOT TRAVEL CENTERS LLC : CHV7460761,1043 MONTEBELLO CA TRM CHEVRON,DIESEL #2,29666,919634,207659,1,45282,0,37682,37682,287832,0,287832,166386,1,w2,37682,0,173986,59332,1011597,259574,Available,Available,Available,200%,200,110%,110,125%,125,On Target,Above Trend,Above Trend,08/09 00:00:00 PDT,09/01 00:00:00 PDT,w2,0,2015-08-12 00:00:00,Contract,Contract,Contract,29666,29666,919634,919634,207659,21650,723765,93188,0,0,0,0,0,0,1495822,1495824,1495823,2015-08-08 23:47:48,2015-08-08 23:47:48,2015-08-08 23:47:48,29600,919600,207600,59332,1011597,259573,True,True,173986,True,295432,True,14050,723765,85588,-1,-1,-1,121.0,133.0,0,1,0
2015-08-09,2015-08-09 00:00:00,Chevron,PILOT TRAVEL CENTERS LLC : CHV7460761,1043 MONTEBELLO CA TRM CHEVRON,DIESEL #2,29666,919634,207659,1,7600,1,7600,0,295432,0,295432,173986,1,w2,0,0,181586,59332,1011597,259574,Available,Available,Available,200%,200,110%,110,125%,125,Below Trend,Above Trend,Above Trend,08/10 00:00:00 PDT,09/01 00:00:00 PDT,w2,0,2015-08-12 00:00:00,Contract,Contract,Contract,29666,29666,919634,919634,207659,59332,716165,85588,0,0,0,0,0,0,1529507,1529509,1529508,2015-08-09 23:48:51,2015-08-09 23:48:51,2015-08-09 23:48:51,29600,919600,207600,59332,1011597,259573,True,True,181586,True,303032,True,51732,716165,77988,-1,-1,-1,111.0,0.0,0,1,0
2015-08-10,2015-08-10 00:00:00,Chevron,PILOT TRAVEL CENTERS LLC : CHV7460761,1043 MONTEBELLO CA TRM CHEVRON,DIESEL #2,29666,919634,207659,1,22798,1,22797,15197,318229,0,318229,196783,1,w2,15197,0,204384,59332,1011597,259574,Available,Available,Limited,200%,200,110%,110,125%,125,On Target,Above Trend,Above Trend,08/11 00:00:00 PDT,09/01 00:00:00 PDT,w2,0,2015-08-12 00:00:00,Contract,Contract,Contract,29666,29666,919634,919634,207659,44135,693368,62791,0,0,0,0,0,0,1562614,1562616,1562615,2015-08-10 23:48:52,2015-08-10 23:48:52,2015-08-10 23:48:52,29600,919600,207600,59332,1011597,259573,True,True,204384,True,325830,True,36534,693368,55190,-1,-1,-1,107.0,0.0,0,1,0
2015-08-11,2015-08-11 00:00:00,Chevron,PILOT TRAVEL CENTERS LLC : CHV7460761,1043 MONTEBELLO CA TRM CHEVRON,DIESEL #2,29666,919634,207659,1,38105,1,30503,22902,348732,0,348732,227286,1,w2,22902,0,242489,59332,1011597,259574,Available,Available,Low,200%,200,110%,110,125%,125,On Target,Above Trend,Above Trend,08/12 00:00:00 PDT,09/01 00:00:00 PDT,w2,0,2015-08-12 00:00:00,Contract,Contract,Contract,29666,29666,919634,919634,207659,36430,662865,32288,0,0,0,0,0,0,1584747,1584749,1584748,2015-08-11 14:49:02,2015-08-11 14:49:02,2015-08-11 14:49:02,29600,919600,207600,59332,1011597,259573,True,True,242489,True,363935,True,21227,662865,17085,-1,-1,-1,107.0,200.0,100,1,0
2015-08-12,2015-08-12 00:00:00,Chevron,PILOT TRAVEL CENTERS LLC : CHV7460761,1043 MONTEBELLO CA TRM CHEVRON,DIESEL #2,29666,919634,207659,1,30204,0,30204,30204,394139,0,394139,30204,1,w3,30204,0,30204,29666,919634,207659,Out,Available,Available,100%,100,100%,100,100%,100,Above Trend,Above Trend,Above Trend,08/13 00:00:00 PDT,09/01 00:00:00 PDT,w3,0,2015-08-19 00:00:00,Contract,Contract,Contract,29666,29666,919634,919634,207659,-538,525495,177455,0,0,0,0,0,0,1634859,1634861,1634860,2015-08-12 23:49:07,2015-08-12 23:49:07,2015-08-12 23:49:07,29600,919600,207600,29666,919634,207659,True,True,30204,True,394139,True,-538,525495,177455,-1,-1,-1,111.0,133.0,0,0,1
2015-08-13,2015-08-13 00:00:00,Chevron,PILOT TRAVEL CENTERS LLC : CHV7460761,1043 MONTEBELLO CA TRM CHEVRON,DIESEL #2,29666,919634,207659,1,53097,0,45498,45498,439637,0,439637,75702,1,w3,45498,0,83301,59332,1011597,259574,Limited,Available,Available,200%,200,110%,110,125%,125,Above Trend,Above Trend,Above Trend,08/14 00:00:00 PDT,09/01 00:00:00 PDT,w3,0,2015-08-19 00:00:00,Contract,Contract,Contract,29666,29666,919634,919634,207659,13834,571960,183872,0,0,0,0,0,0,1674789,1674791,1674790,2015-08-13 23:49:07,2015-08-13 23:49:07,2015-08-13 23:49:07,29600,919600,207600,59332,1011597,259573,True,True,83301,True,447236,True,6235,571960,176273,-1,-1,-1,114.0,133.0,0,0,0
2015-08-14,2015-08-14 00:00:00,Chevron,PILOT TRAVEL CENTERS LLC : CHV7460761,1043 MONTEBELLO CA TRM CHEVRON,DIESEL #2,29666,919634,207659,1,22802,1,22800,15201,462437,0,462437,98502,1,w3,15201,0,106103,59332,1011597,259574,Available,Available,Available,200%,200,110%,110,125%,125,On Target,Above Trend,Above Trend,08/15 00:00:00 PDT,09/01 00:00:00 PDT,w3,0,2015-08-19 00:00:00,Contract,Contract,Contract,29666,29666,919634,919634,207659,44131,549160,161072,0,0,0,0,0,0,1714401,1714403,1714402,2015-08-14 23:49:00,2015-08-14 23:49:00,2015-08-14 23:49:00,29600,919600,207600,59332,1011597,259573,True,True,106103,True,470038,True,36530,549160,153471,-1,-1,-1,111.0,0.0,0,0,0
2015-08-15,2015-08-15 00:00:00,Chevron,PILOT TRAVEL CENTERS LLC : CHV7460761,1043 MONTEBELLO CA TRM CHEVRON,DIESEL #2,29666,919634,207659,1,15001,1,22602,15001,485039,0,485039,121104,1,w3,15001,0,121104,59332,1011597,259574,Available,Available,Available,200%,200,110%,110,125%,125,On Target,Above Trend,Above Trend,08/16 00:00:00 PDT,09/01 00:00:00 PDT,w3,0,2015-08-19 00:00:00,Contract,Contract,Contract,29666,29666,919634,919634,207659,44331,526558,138470,0,0,0,0,0,0,1746770,1746772,1746771,2015-08-15 19:34:18,2015-08-15 19:34:18,2015-08-15 19:34:18,29600,919600,207600,59332,1011597,259573,True,True,121104,True,485039,True,44331,526558,138470,-1,-1,-1,109.0,0.0,0,0,1
2015-08-16,2015-08-16 00:00:00,Chevron,PILOT TRAVEL CENTERS LLC : CHV7460761,1043 MONTEBELLO CA TRM CHEVRON,DIESEL #2,29666,919634,207659,1,38197,0,38197,38197,523236,0,523236,159301,1,w3,38197,0,159301,59332,1011597,259574,Available,Available,Available,200%,200,110%,110,125%,125,On Target,Above Trend,Above Trend,08/17 00:00:00 PDT,09/01 00:00:00 PDT,w3,0,2015-08-19 00:00:00,Contract,Contract,Contract,29666,29666,919634,919634,207659,21135,488361,100273,0,0,0,0,0,0,1788517,1788519,1788518,2015-08-16 23:49:17,2015-08-16 23:49:17,2015-08-16 23:49:17,29600,919600,207600,59332,1011597,259573,True,True,159301,True,523236,True,21135,488361,100273,-1,-1,-1,110.0,133.0,0,0,1
2015-08-17,2015-08-17 00:00:00,Chevron,PILOT TRAVEL CENTERS LLC : CHV7460761,1043 MONTEBELLO CA TRM CHEVRON,DIESEL #2,29666,919634,207659,1,30499,0,7700,7700,530936,0,530936,167001,1,w3,7700,0,189800,59332,1011597,259574,Available,Available,Available,200%,200,110%,110,125%,125,On Target,Above Trend,Above Trend,08/18 00:00:00 PDT,09/01 00:00:00 PDT,w3,0,2015-08-19 00:00:00,Contract,Contract,Contract,29666,29666,919634,919634,207659,51632,480661,92573,0,0,0,0,0,0,1800570,1800572,1800571,2015-08-17 06:50:02,2015-08-17 06:50:02,2015-08-17 06:50:02,29600,919600,207600,59332,1011597,259573,True,True,189800,True,553735,True,28833,480661,69774,-1,-1,-1,105.0,400.0,0,0,0
2015-08-18,2015-08-18 00:00:00,Chevron,PILOT TRAVEL CENTERS LLC : CHV7460761,1043 MONTEBELLO CA TRM CHEVRON,DIESEL #2,29666,919634,207659,1,45602,1,45600,22801,576536,0,576536,212601,1,w3,22801,0,235402,59332,1011597,259574,Available,Available,Low,200%,200,110%,110,125%,125,On Target,Above Trend,Above Trend,08/19 00:00:00 PDT,09/01 00:00:00 PDT,w3,0,2015-08-19 00:00:00,Contract,Contract,Contract,29666,29666,919634,919634,207659,36531,435061,46973,0,0,0,0,0,0,1871173,1871175,1871174,2015-08-18 23:51:43,2015-08-18 23:51:43,2015-08-18 23:51:43,29600,919600,207600,59332,1011597,259573,True,True,235402,True,599337,True,13730,435061,24172,-1,-1,-1,108.0,133.0,100,0,0
2015-08-19,2015-08-19 00:00:00,Chevron,PILOT TRAVEL CENTERS LLC : CHV7460761,1043 MONTEBELLO CA TRM CHEVRON,DIESEL #2,29666,919634,207659,1,30197,0,22498,22498,621835,0,621835,22498,1,w4,22498,0,30197,59332,1011597,259574,Available,Available,Available,200%,200,110%,110,125%,125,On Target,Above Trend,On Target,08/20 00:00:00 PDT,09/01 00:00:00 PDT,w4,0,2015-08-26 00:00:00,Contract,Contract,Contract,29666,29666,919634,919634,207659,36834,389762,237076,0,0,0,0,0,0,1906829,1906831,1906830,2015-08-19 23:49:00,2015-08-19 23:49:00,2015-08-19 23:49:00,29600,919600,207600,59332,1011597,259573,True,True,30197,True,629534,True,29135,389762,229377,-1,-1,-1,110.0,133.0,0,0,0
2015-08-20,2015-08-20 00:00:00,Chevron,PILOT TRAVEL CENTERS LLC : CHV7460761,1043 MONTEBELLO CA TRM CHEVRON,DIESEL #2,29666,919634,207659,1,30305,1,30403,22704,652238,0,652238,52901,1,w4,22704,0,60502,59332,1011597,259574,Available,Available,Available,200%,200,110%,110,125%,125,On Target,Above Trend,On Target,08/21 00:00:00 PDT,09/01 00:00:00 PDT,w4,0,2015-08-26 00:00:00,Contract,Contract,Contract,29666,29666,919634,919634,207659,36628,359359,206673,0,0,0,0,0,0,1944996,1944998,1944997,2015-08-20 23:49:04,2015-08-20 23:49:04,2015-08-20 23:49:04,29600,919600,207600,59332,1011597,259573,True,True,60502,True,659839,True,29027,359359,199072,-1,-1,-1,110.0,133.0,0,0,0
2015-08-21,2015-08-21 00:00:00,Chevron,PILOT TRAVEL CENTERS LLC : CHV7460761,1043 MONTEBELLO CA TRM CHEVRON,DIESEL #2,29666,919634,207659,1,45499,1,7601,0,659839,0,659839,60502,1,w4,0,0,106001,59332,1011597,259574,Available,Available,Available,200%,200,110%,110,125%,125,Below Trend,Above Trend,On Target,08/22 00:00:00 PDT,09/01 00:00:00 PDT,w4,0,2015-08-26 00:00:00,Contract,Contract,Contract,29666,29666,919634,919634,207659,59332,351758,199072,0,0,0,0,0,0,1949046,1949048,1949047,2015-08-21 03:48:56,2015-08-21 03:48:56,2015-08-21 03:48:56,29600,919600,207600,59332,1011597,259573,True,True,106001,True,705338,True,13833,351758,153573,-1,-1,-1,106.0,0.0,0,0,0
2015-08-22,2015-08-22 00:00:00,Chevron,PILOT TRAVEL CENTERS LLC : CHV7460761,1043 MONTEBELLO CA TRM CHEVRON,DIESEL #2,29666,919634,207659,1,37902,1,75801,30302,735640,0,735640,136303,1,w4,30302,0,143903,59332,1011597,259574,Available,Limited,Available,200%,200,110%,110,125%,125,On Target,Above Trend,Above Trend,08/23 00:00:00 PDT,09/01 00:00:00 PDT,w4,0,2015-08-26 00:00:00,Contract,Contract,Contract,29666,29666,919634,919634,207659,29030,275957,123271,0,0,0,0,0,0,2021726,2021728,2021727,2015-08-22 23:49:07,2015-08-22 23:49:07,2015-08-22 23:49:07,29600,919600,207600,59332,1011597,259573,True,True,143903,True,743240,True,21430,275957,115671,-1,-1,-1,113.0,133.0,0,0,0
2015-08-23,2015-08-23 00:00:00,Chevron,PILOT TRAVEL CENTERS LLC : CHV7460761,1043 MONTEBELLO CA TRM CHEVRON,DIESEL #2,29666,919634,207659,1,15200,1,22800,15200,758440,0,758440,159103,1,w4,15200,0,159103,59332,1011597,259574,Available,Limited,Available,200%,200,110%,110,125%,125,On Target,Above Trend,Above Trend,08/24 00:00:00 PDT,09/01 00:00:00 PDT,w4,0,2015-08-26 00:00:00,Contract,Contract,Contract,29666,29666,919634,919634,207659,44132,253157,100471,0,0,0,0,0,0,2057506,2057508,2057507,2015-08-23 23:48:50,2015-08-23 23:48:50,2015-08-23 23:48:50,29600,919600,207600,59332,1011597,259573,True,True,159103,True,758440,True,44132,253157,100471,-1,-1,-1,111.0,0.0,0,0,1
2015-08-24,2015-08-24 00:00:00,Chevron,PILOT TRAVEL CENTERS LLC : CHV7460761,1043 MONTEBELLO CA TRM CHEVRON,DIESEL #2,29666,919634,207659,1,22800,0,0,0,758440,0,758440,159103,1,w4,0,0,181903,59332,1011597,259574,Available,Limited,Available,200%,200,110%,110,125%,125,Below Trend,Above Trend,Above Trend,08/25 00:00:00 PDT,09/01 00:00:00 PDT,w4,0,2015-08-26 00:00:00,Contract,Contract,Contract,29666,29666,919634,919634,207659,59332,253157,100471,0,0,0,0,0,0,2071154,2071156,2071155,2015-08-24 09:26:21,2015-08-24 09:26:21,2015-08-24 09:26:21,29600,919600,207600,59332,1011597,259573,True,True,181903,True,781240,True,36532,253157,77671,-1,-1,-1,107.0,0.0,0,0,0
2015-08-25,2015-08-25 00:00:00,Chevron,PILOT TRAVEL CENTERS LLC : CHV7460761,1043 MONTEBELLO CA TRM CHEVRON,DIESEL #2,29666,919634,207659,1,38001,1,53201,30401,811641,0,811641,212304,1,w4,30401,0,219904,59332,1011597,259574,Available,Low,Low,200%,200,110%,110,125%,125,On Target,Above Trend,Above Trend,08/26 00:00:00 PDT,09/01 00:00:00 PDT,w4,0,2015-08-26 00:00:00,Contract,Contract,Contract,29666,29666,919634,919634,207659,28931,199956,47270,0,0,0,0,0,0,2126520,2126522,2126521,2015-08-25 23:49:06,2015-08-25 23:49:06,2015-08-25 23:49:06,29600,919600,207600,59332,1011597,259573,True,True,219904,True,819241,True,21331,199956,39670,-1,-1,-1,109.0,133.0,100,0,0
2015-08-26,2015-08-26 00:00:00,Chevron,PILOT TRAVEL CENTERS LLC : CHV7460761,1043 MONTEBELLO CA TRM CHEVRON,DIESEL #2,29666,919634,207659,1,60702,0,45503,45503,864744,0,864744,45503,1,w5,45503,0,60702,59332,1011597,259574,Limited,Low,Available,200%,200,110%,110,125%,125,Above Trend,Above Trend,Above Trend,08/27 00:00:00 PDT,09/01 00:00:00 PDT,w5,0,2015-09-02 00:00:00,Contract,Contract,Contract,29666,29666,919634,919634,207659,13829,146853,214071,0,0,0,0,0,0,2153853,2153855,2153854,2015-08-26 23:49:01,2015-08-26 23:49:01,2015-08-26 23:49:01,29600,919600,207600,59332,1011597,259573,True,True,60702,True,879943,True,-1370,146853,198872,-1,-1,-1,112.0,267.0,0,0,0
2015-08-27,2015-08-27 00:00:00,Chevron,PILOT TRAVEL CENTERS LLC : CHV7460761,1043 MONTEBELLO CA TRM CHEVRON,DIESEL #2,29666,919634,207659,1,53101,1,60700,45501,925444,0,925444,106203,1,w5,45501,0,113803,59332,1011597,259574,Limited,Low,Available,200%,200,110%,110,125%,125,Above Trend,Above Trend,Above Trend,08/28 00:00:00 PDT,09/01 00:00:00 PDT,w5,0,2015-09-02 00:00:00,Contract,Contract,Contract,29666,29666,919634,919634,207659,13831,86153,153371,0,0,0,0,0,0,2181317,2181319,2181318,2015-08-27 23:49:14,2015-08-27 23:49:14,2015-08-27 23:49:14,29600,919600,207600,59332,1011597,259573,True,True,113803,True,933044,True,6231,86153,145771,-1,-1,-1,116.0,133.0,0,0,0
2015-08-28,2015-08-28 00:00:00,Chevron,PILOT TRAVEL CENTERS LLC : CHV7460761,1043 MONTEBELLO CA TRM CHEVRON,DIESEL #2,29666,919634,207659,1,37798,1,37797,30197,963241,0,963241,144000,1,w5,30197,0,151601,59332,1011597,259574,Available,Low,Available,200%,200,110%,110,125%,125,On Target,Above Trend,Above Trend,08/29 00:00:00 PDT,09/01 00:00:00 PDT,w5,0,2015-09-02 00:00:00,Contract,Contract,Contract,29666,29666,919634,901357,207659,29135,48356,115574,0,0,0,0,0,0,2212255,2212257,2212256,2015-08-28 23:49:15,2015-08-28 23:49:15,2015-08-28 23:49:15,29600,919600,207600,59332,1011597,259573,True,True,151601,True,970842,True,21534,48356,107973,-1,-1,-1,116.0,133.0,0,0,0
2015-08-29,2015-08-29 00:00:00,Chevron,PILOT TRAVEL CENTERS LLC : CHV7460761,1043 MONTEBELLO CA TRM CHEVRON,DIESEL #2,29666,919634,207659,1,22700,1,22701,15100,985942,0,985942,166701,1,w5,15100,0,174301,59332,1011597,259574,Available,Low,Available,200%,200,110%,110,125%,125,On Target,Above Trend,Above Trend,08/30 00:00:00 PDT,09/01 00:00:00 PDT,w5,0,2015-09-02 00:00:00,Contract,Contract,Contract,29666,29666,919634,901357,207659,44232,25655,92873,0,0,0,0,0,0,2238895,2238897,2238896,2015-08-29 23:49:48,2015-08-29 23:49:48,2015-08-29 23:49:48,29600,919600,207600,59332,1011597,259573,True,True,174301,True,993542,True,36632,25655,85273,-1,-1,-1,115.0,0.0,0,0,0
2015-08-30,2015-08-30 00:00:00,Chevron,PILOT TRAVEL CENTERS LLC : CHV7460761,1043 MONTEBELLO CA TRM CHEVRON,DIESEL #2,29666,919634,207659,1,22799,1,30399,22799,1016341,0,1016341,197100,1,w5,22799,0,197100,59332,1011597,259574,Available,Out,Limited,200%,200,110%,110,125%,125,On Target,Above Trend,Above Trend,08/31 00:00:00 PDT,09/01 00:00:00 PDT,w5,0,2015-09-02 00:00:00,Contract,Contract,Contract,29666,29666,919634,901357,207659,36533,-4744,62474,0,0,0,0,0,0,2265546,2265548,2265547,2015-08-30 23:49:56,2015-08-30 23:49:56,2015-08-30 23:49:56,29600,919600,207600,59332,1011597,259573,True,True,197100,True,1016341,True,36533,-4744,62474,-1,-1,-1,114.0,0.0,0,0,1
2015-08-31,2015-08-31 00:00:00,Chevron,PILOT TRAVEL CENTERS LLC : CHV7460761,1043 MONTEBELLO CA TRM CHEVRON,DIESEL #2,29666,919634,207659,1,0,0,0,0,1016341,0,1016341,197100,1,w5,0,0,197100,59332,1011597,259574,Available,Out,Limited,200%,200,110%,110,125%,125,Below Trend,Above Trend,Above Trend,09/01 00:00:00 PDT,09/01 00:00:00 PDT,w5,0,2015-09-02 00:00:00,Contract,Contract,Contract,29666,29666,901357,901357,207659,59332,-4744,62474,0,0,0,0,0,0,2291200,2291202,2291201,2015-08-31 23:49:57,2015-08-31 23:49:57,2015-08-31 23:49:57,29600,919600,207600,59332,1011597,259573,True,True,197100,True,1016341,True,59332,-4744,62474,-1,-1,-1,111.0,0.0,0,0,1
