,date,supplier_name,account_type,supplier_terminal_name,product_name,base_gallons_Daily,base_gallons_Monthly,base_gallons_Weekly,lifted_gallons_daily_flag,lifted_gallons_daily_modified,Modified_WeeksByLiftedGallons,lifted_gallons_modified_WeeksByLiftedGallons,lifted_gallons_Daily,Lifted_actual_monthly,lifted_gallons_monthly_flag,lifted_gallons_Monthly,Lifted_actual_weekly,lifted_gallons_weekly_flag,WeeksByLiftedGallons,lifted_gallonsWeekly_modified_aposteriori,Modified_LiftedGallonsaposteriori,lifted_gallons_Weekly,beginning_gallons_Daily,beginning_gallons_Monthly,beginning_gallons_Weekly,en_allocation_status_Daily,en_allocation_status_Monthly,en_allocation_status_Weekly,percentage_allocation_Daily_actual,percentage_allocation_Daily,percentage_allocation_Monthly_actual,percentage_allocation_Monthly,percentage_allocation_Weekly_actual,percentage_allocation_Weekly,alerts_ratability_Daily,alerts_ratability_Monthly,alerts_ratability_Weekly,next_refresh_date_Daily,next_refresh_date_Monthly,Week_switch,Modified_NRD,next_refresh_date_Weekly,en_account_type_Daily,en_account_type_Monthly,en_account_type_Weekly,NRB_Daily,next_refresh_base_gallons_Daily,NRB_Monthly,next_refresh_base_gallons_Monthly,next_refresh_base_gallons_Weekly,remaining_gallons_Daily,remaining_gallons_Monthly,remaining_gallons_Weekly,additional_gallons_allowed_Daily,additional_gallons_allowed_Monthly,additional_gallons_allowed_Weekly,additional_gallons_remaining_Daily,additional_gallons_remaining_Monthly,additional_gallons_remaining_Weekly,staging_id_Daily,staging_id_Monthly,staging_id_Weekly,execution_date_Daily,execution_date_Monthly,execution_date_Weekly,base_gallons_Daily_Reconciled,base_gallons_Monthly_Reconciled,base_gallons_Weekly_Reconciled,beginning_gallons_Daily_Reconciled,beginning_gallons_Monthly_Reconciled,beginning_gallons_Weekly_Reconciled,sanityWeekly_CumulativeDaily_WeeksByLiftedGallons,sanityWeekly_CumulativeDaily_NextRefreshDate,computedWeekly,sanityComputedWeekly,computedMonthly,sanityComputedMonthly,remaining_gallons_Daily_Reconciled,remaining_gallons_Monthly_Reconciled,remaining_gallons_Weekly_Reconciled,additional_gallons_remaining_Daily_Reconciled,additional_gallons_remaining_Monthly_Reconciled,additional_gallons_remaining_Weekly_Reconciled,Ratability_Monthly,Ratability_Daily,Ratability_Weekly,sanityMonthly_CumulativeDaily_WeeksByLiftedGallons,sanityMonthly_CumulativeDaily_WeeksByNextRefreshDate
2015-08-01,2015-08-01 00:00:00,Chevron,PILOT TRAVEL CENTERS LLC : CHV7460761,1046 SAN DIEGO CA TRM CHEVRON,DIESEL #2,20338,630466,142363,1,7600,0,7600,7600,7600,0,7600,61276,1,w1,7600,0,7600,40676,693513,142363,Available,Available,Available,200%,200,110%,110,100%,100,On Target,On Target,On Target,08/02 00:00:00 PDT,09/01 00:00:00 PDT,w1,0,2015-08-05 00:00:00,Contract,Contract,Contract,20338,20338,630466,630466,142363,33076,685913,81087,0,0,0,0,0,0,1272209,1272211,1272210,2015-08-01 23:48:04,2015-08-01 23:48:04,2015-08-01 23:48:04,20300,630400,142300,40676,693512,142363,True,False,7600,True,7600,True,33076,685913,134763,-1,-1,-1,37.0,0.0,0,1,1
2015-08-02,2015-08-02 00:00:00,Chevron,PILOT TRAVEL CENTERS LLC : CHV7460761,1046 SAN DIEGO CA TRM CHEVRON,DIESEL #2,20338,630466,142363,1,7601,0,7601,7601,15201,0,15201,68877,1,w1,7601,0,15201,40676,693513,142363,Available,Available,Available,200%,200,110%,110,100%,100,On Target,On Target,On Target,08/03 00:00:00 PDT,09/01 00:00:00 PDT,w1,0,2015-08-05 00:00:00,Contract,Contract,Contract,20338,20338,630466,630466,142363,33075,678312,73486,0,0,0,0,0,0,1303032,1303034,1303033,2015-08-02 23:50:23,2015-08-02 23:50:23,2015-08-02 23:50:23,20300,630400,142300,40676,693512,142363,True,False,15201,True,15201,True,33075,678312,127162,-1,-1,-1,37.0,0.0,0,1,1
2015-08-03,2015-08-03 00:00:00,Chevron,PILOT TRAVEL CENTERS LLC : CHV7460761,1046 SAN DIEGO CA TRM CHEVRON,DIESEL #2,20338,630466,142363,1,22834,0,22834,22834,38035,0,38035,91711,1,w1,22834,0,38035,40676,693513,142363,Available,Available,Available,200%,200,110%,110,100%,100,On Target,On Target,On Target,08/04 00:00:00 PDT,09/01 00:00:00 PDT,w1,0,2015-08-05 00:00:00,Contract,Contract,Contract,20338,20338,630466,630466,142363,17842,655478,50652,0,0,0,0,0,0,1331487,1331489,1331488,2015-08-03 23:47:51,2015-08-03 23:47:51,2015-08-03 23:47:51,20300,630400,142300,40676,693512,142363,True,False,38035,True,38035,True,17842,655478,104328,-1,-1,-1,62.0,133.0,0,1,1
2015-08-04,2015-08-04 00:00:00,Chevron,PILOT TRAVEL CENTERS LLC : CHV7460761,1046 SAN DIEGO CA TRM CHEVRON,DIESEL #2,20338,630466,142363,1,15212,0,7612,7612,45647,0,45647,99323,1,w1,7612,0,53247,40676,693513,142363,Available,Available,Available,200%,200,110%,110,100%,100,On Target,On Target,On Target,08/05 00:00:00 PDT,09/01 00:00:00 PDT,w1,0,2015-08-05 00:00:00,Contract,Contract,Contract,20338,20338,630466,630466,142363,33064,647866,43040,0,0,0,0,0,0,1361670,1361672,1361671,2015-08-04 23:47:43,2015-08-04 23:47:43,2015-08-04 23:47:43,20300,630400,142300,40676,693512,142363,True,False,53247,True,53247,True,25464,647866,89116,-1,-1,-1,56.0,0.0,0,1,0
2015-08-05,2015-08-05 00:00:00,Chevron,PILOT TRAVEL CENTERS LLC : CHV7460761,1046 SAN DIEGO CA TRM CHEVRON,DIESEL #2,20338,630466,142363,1,22834,0,22834,22834,76081,0,76081,22834,1,w2,22834,0,22834,40676,693513,142363,Available,Available,Available,200%,200,110%,110,100%,100,On Target,On Target,Above Trend,08/06 00:00:00 PDT,09/01 00:00:00 PDT,w2,0,2015-08-12 00:00:00,Contract,Contract,Contract,20338,20338,630466,630466,142363,17842,617432,119529,0,0,0,0,0,0,1390155,1390157,1390156,2015-08-05 20:47:54,2015-08-05 20:47:54,2015-08-05 20:47:54,20300,630400,142300,40676,693512,142363,True,True,22834,True,76081,True,17842,617432,119529,-1,-1,-1,75.0,133.0,0,0,1
2015-08-06,2015-08-06 00:00:00,Chevron,PILOT TRAVEL CENTERS LLC : CHV7460761,1046 SAN DIEGO CA TRM CHEVRON,DIESEL #2,20338,630466,142363,1,22830,0,22830,22830,98911,0,98911,45664,1,w2,22830,0,45664,40676,693513,142363,Available,Available,Available,200%,200,110%,110,100%,100,On Target,On Target,Above Trend,08/07 00:00:00 PDT,09/01 00:00:00 PDT,w2,0,2015-08-12 00:00:00,Contract,Contract,Contract,20338,20338,630466,630466,142363,17846,594602,96699,0,0,0,0,0,0,1427027,1427029,1427028,2015-08-06 23:48:02,2015-08-06 23:48:02,2015-08-06 23:48:02,20300,630400,142300,40676,693512,142363,True,True,45664,True,98911,True,17846,594602,96699,-1,-1,-1,81.0,133.0,0,0,1
2015-08-07,2015-08-07 00:00:00,Chevron,PILOT TRAVEL CENTERS LLC : CHV7460761,1046 SAN DIEGO CA TRM CHEVRON,DIESEL #2,20338,630466,142363,1,15211,0,15211,15211,114122,0,114122,60875,1,w2,15211,0,60875,40676,693513,142363,Available,Available,Available,200%,200,110%,110,100%,100,On Target,On Target,Above Trend,08/08 00:00:00 PDT,09/01 00:00:00 PDT,w2,0,2015-08-12 00:00:00,Contract,Contract,Contract,20338,20338,630466,630466,142363,25465,579391,81488,0,0,0,0,0,0,1461539,1461541,1461540,2015-08-07 23:48:53,2015-08-07 23:48:53,2015-08-07 23:48:53,20300,630400,142300,40676,693512,142363,True,True,60875,True,114122,True,25465,579391,81488,-1,-1,-1,80.0,0.0,0,0,1
2015-08-08,2015-08-08 00:00:00,Chevron,PILOT TRAVEL CENTERS LLC : CHV7460761,1046 SAN DIEGO CA TRM CHEVRON,DIESEL #2,20338,630466,142363,1,15500,0,15500,15500,129622,0,129622,76375,1,w2,15500,0,76375,40676,693513,142363,Available,Available,Available,200%,200,110%,110,100%,100,On Target,On Target,Above Trend,08/09 00:00:00 PDT,09/01 00:00:00 PDT,w2,0,2015-08-12 00:00:00,Contract,Contract,Contract,20338,20338,630466,630466,142363,25176,563891,65988,0,0,0,0,0,0,1495828,1495830,1495829,2015-08-08 23:47:48,2015-08-08 23:47:48,2015-08-08 23:47:48,20300,630400,142300,40676,693512,142363,True,True,76375,True,129622,True,25176,563891,65988,-1,-1,-1,80.0,0.0,0,0,1
2015-08-09,2015-08-09 00:00:00,Chevron,PILOT TRAVEL CENTERS LLC : CHV7460761,1046 SAN DIEGO CA TRM CHEVRON,DIESEL #2,20338,630466,142363,1,7600,0,7600,7600,137222,0,137222,83975,1,w2,7600,0,83975,40676,693513,142363,Available,Available,Available,200%,200,110%,110,100%,100,On Target,On Target,Above Trend,08/10 00:00:00 PDT,09/01 00:00:00 PDT,w2,0,2015-08-12 00:00:00,Contract,Contract,Contract,20338,20338,630466,630466,142363,33076,556291,58388,0,0,0,0,0,0,1529513,1529515,1529514,2015-08-09 23:48:51,2015-08-09 23:48:51,2015-08-09 23:48:51,20300,630400,142300,40676,693512,142363,True,True,83975,True,137222,True,33076,556291,58388,-1,-1,-1,75.0,0.0,0,0,1
2015-08-10,2015-08-10 00:00:00,Chevron,PILOT TRAVEL CENTERS LLC : CHV7460761,1046 SAN DIEGO CA TRM CHEVRON,DIESEL #2,20338,630466,142363,1,22831,0,22831,22831,160053,0,160053,106806,1,w2,22831,0,106806,40676,693513,142363,Available,Available,Limited,200%,200,110%,110,100%,100,On Target,On Target,Above Trend,08/11 00:00:00 PDT,09/01 00:00:00 PDT,w2,0,2015-08-12 00:00:00,Contract,Contract,Contract,20338,20338,630466,630466,142363,17845,533460,35557,0,0,0,0,0,0,1562620,1562622,1562621,2015-08-10 23:48:52,2015-08-10 23:48:52,2015-08-10 23:48:52,20300,630400,142300,40676,693512,142363,True,True,106806,True,160053,True,17845,533460,35557,-1,-1,-1,79.0,133.0,0,0,1
2015-08-11,2015-08-11 00:00:00,Chevron,PILOT TRAVEL CENTERS LLC : CHV7460761,1046 SAN DIEGO CA TRM CHEVRON,DIESEL #2,20338,630466,142363,1,22835,0,22835,22835,182888,0,182888,129641,1,w2,22835,0,129641,40676,693513,142363,Available,Available,Low,200%,200,110%,110,100%,100,Above Trend,On Target,Above Trend,08/12 00:00:00 PDT,09/01 00:00:00 PDT,w2,0,2015-08-12 00:00:00,Contract,Contract,Contract,20338,20338,630466,630466,142363,17841,510625,12722,0,0,0,0,0,0,1584753,1584755,1584754,2015-08-11 14:49:02,2015-08-11 14:49:02,2015-08-11 14:49:02,20300,630400,142300,40676,693512,142363,True,True,129641,True,182888,True,17841,510625,12722,-1,-1,-1,82.0,200.0,0,0,1
2015-08-12,2015-08-12 00:00:00,Chevron,PILOT TRAVEL CENTERS LLC : CHV7460761,1046 SAN DIEGO CA TRM CHEVRON,DIESEL #2,20338,630466,142363,1,22836,0,22836,22836,205724,0,205724,22836,1,w3,22836,0,22836,40676,693513,142363,Available,Available,Available,200%,200,110%,110,100%,100,On Target,On Target,Above Trend,08/13 00:00:00 PDT,09/01 00:00:00 PDT,w3,0,2015-08-19 00:00:00,Contract,Contract,Contract,20338,20338,630466,630466,142363,17840,487789,119527,0,0,0,0,0,0,1634865,1634867,1634866,2015-08-12 23:49:07,2015-08-12 23:49:07,2015-08-12 23:49:07,20300,630400,142300,40676,693512,142363,True,True,22836,True,205724,True,17840,487789,119527,-1,-1,-1,84.0,133.0,0,0,1
2015-08-13,2015-08-13 00:00:00,Chevron,PILOT TRAVEL CENTERS LLC : CHV7460761,1046 SAN DIEGO CA TRM CHEVRON,DIESEL #2,20338,630466,142363,1,22829,0,22829,22829,228553,0,228553,45665,1,w3,22829,0,45665,40676,693513,142363,Available,Available,Available,200%,200,110%,110,100%,100,On Target,On Target,Above Trend,08/14 00:00:00 PDT,09/01 00:00:00 PDT,w3,0,2015-08-19 00:00:00,Contract,Contract,Contract,20338,20338,630466,630466,142363,17847,464960,96698,0,0,0,0,0,0,1674795,1674797,1674796,2015-08-13 23:49:07,2015-08-13 23:49:07,2015-08-13 23:49:07,20300,630400,142300,40676,693512,142363,True,True,45665,True,228553,True,17847,464960,96698,-1,-1,-1,86.0,133.0,0,0,1
2015-08-14,2015-08-14 00:00:00,Chevron,PILOT TRAVEL CENTERS LLC : CHV7460761,1046 SAN DIEGO CA TRM CHEVRON,DIESEL #2,20338,630466,142363,1,22820,0,22820,22820,251373,0,251373,68485,1,w3,22820,0,68485,40676,693513,142363,Available,Available,Available,200%,200,110%,110,100%,100,On Target,Above Trend,Above Trend,08/15 00:00:00 PDT,09/01 00:00:00 PDT,w3,0,2015-08-19 00:00:00,Contract,Contract,Contract,20338,20338,630466,630466,142363,17856,442140,73878,0,0,0,0,0,0,1714407,1714409,1714408,2015-08-14 23:49:00,2015-08-14 23:49:00,2015-08-14 23:49:00,20300,630400,142300,40676,693512,142363,True,True,68485,True,251373,True,17856,442140,73878,-1,-1,-1,88.0,133.0,0,0,1
2015-08-15,2015-08-15 00:00:00,Chevron,PILOT TRAVEL CENTERS LLC : CHV7460761,1046 SAN DIEGO CA TRM CHEVRON,DIESEL #2,20338,630466,142363,1,15200,0,7600,7600,258973,0,258973,76085,1,w3,7600,0,83685,40676,693513,142363,Available,Available,Available,200%,200,110%,110,100%,100,On Target,On Target,Above Trend,08/16 00:00:00 PDT,09/01 00:00:00 PDT,w3,0,2015-08-19 00:00:00,Contract,Contract,Contract,20338,20338,630466,630466,142363,33076,434540,66278,0,0,0,0,0,0,1746776,1746778,1746777,2015-08-15 19:34:18,2015-08-15 19:34:18,2015-08-15 19:34:18,20300,630400,142300,40676,693512,142363,True,True,83685,True,266573,True,25476,434540,58678,-1,-1,-1,85.0,0.0,0,0,0
2015-08-16,2015-08-16 00:00:00,Chevron,PILOT TRAVEL CENTERS LLC : CHV7460761,1046 SAN DIEGO CA TRM CHEVRON,DIESEL #2,20338,630466,142363,1,7601,1,15201,7601,274174,0,274174,91286,1,w3,7601,0,91286,40676,693513,142363,Available,Available,Available,200%,200,110%,110,100%,100,On Target,On Target,Above Trend,08/17 00:00:00 PDT,09/01 00:00:00 PDT,w3,0,2015-08-19 00:00:00,Contract,Contract,Contract,20338,20338,630466,630466,142363,33075,419339,51077,0,0,0,0,0,0,1788523,1788525,1788524,2015-08-16 23:49:17,2015-08-16 23:49:17,2015-08-16 23:49:17,20300,630400,142300,40676,693512,142363,True,True,91286,True,274174,True,33075,419339,51077,-1,-1,-1,84.0,0.0,0,0,1
2015-08-17,2015-08-17 00:00:00,Chevron,PILOT TRAVEL CENTERS LLC : CHV7460761,1046 SAN DIEGO CA TRM CHEVRON,DIESEL #2,20338,630466,142363,1,22832,0,0,0,274174,0,274174,91286,1,w3,0,0,114118,40676,693513,142363,Available,Available,Available,200%,200,110%,110,100%,100,Below Trend,On Target,Above Trend,08/18 00:00:00 PDT,09/01 00:00:00 PDT,w3,0,2015-08-19 00:00:00,Contract,Contract,Contract,20338,20338,630466,630466,142363,40676,419339,51077,0,0,0,0,0,0,1800576,1800578,1800577,2015-08-17 06:50:02,2015-08-17 06:50:02,2015-08-17 06:50:02,20300,630400,142300,40676,693512,142363,True,True,114118,True,297006,True,17844,419339,28245,-1,-1,-1,79.0,400.0,0,0,0
2015-08-18,2015-08-18 00:00:00,Chevron,PILOT TRAVEL CENTERS LLC : CHV7460761,1046 SAN DIEGO CA TRM CHEVRON,DIESEL #2,20338,630466,142363,1,30445,1,53277,30445,327451,0,327451,144563,1,w3,30445,0,144563,40676,693513,142363,Limited,Available,Out,200%,200,110%,110,100%,100,Above Trend,Above Trend,Above Trend,08/19 00:00:00 PDT,09/01 00:00:00 PDT,w3,0,2015-08-19 00:00:00,Contract,Contract,Contract,20338,20338,630466,630466,142363,10231,366062,-2200,0,0,0,0,0,0,1871179,1871181,1871180,2015-08-18 23:51:43,2015-08-18 23:51:43,2015-08-18 23:51:43,20300,630400,142300,40676,693512,142363,True,True,144563,True,327451,True,10231,366062,-2200,-1,-1,-1,89.0,133.0,100,0,1
2015-08-19,2015-08-19 00:00:00,Chevron,PILOT TRAVEL CENTERS LLC : CHV7460761,1046 SAN DIEGO CA TRM CHEVRON,DIESEL #2,20338,630466,142363,1,22836,0,22836,22836,350287,0,350287,22836,1,w4,22836,0,22836,40676,693513,142363,Available,Available,Available,200%,200,110%,110,100%,100,On Target,Above Trend,Above Trend,08/20 00:00:00 PDT,09/01 00:00:00 PDT,w4,0,2015-08-26 00:00:00,Contract,Contract,Contract,20338,20338,630466,630466,142363,17840,343226,119527,0,0,0,0,0,0,1906835,1906837,1906836,2015-08-19 23:49:00,2015-08-19 23:49:00,2015-08-19 23:49:00,20300,630400,142300,40676,693512,142363,True,True,22836,True,350287,True,17840,343226,119527,-1,-1,-1,91.0,133.0,0,0,1
2015-08-20,2015-08-20 00:00:00,Chevron,PILOT TRAVEL CENTERS LLC : CHV7460761,1046 SAN DIEGO CA TRM CHEVRON,DIESEL #2,20338,630466,142363,1,22835,0,22835,22835,373122,0,373122,45671,1,w4,22835,0,45671,40676,693513,142363,Available,Available,Available,200%,200,110%,110,100%,100,On Target,Above Trend,Above Trend,08/21 00:00:00 PDT,09/01 00:00:00 PDT,w4,0,2015-08-26 00:00:00,Contract,Contract,Contract,20338,20338,630466,630466,142363,17841,320391,96692,0,0,0,0,0,0,1945002,1945004,1945003,2015-08-20 23:49:04,2015-08-20 23:49:04,2015-08-20 23:49:04,20300,630400,142300,40676,693512,142363,True,True,45671,True,373122,True,17841,320391,96692,-1,-1,-1,92.0,133.0,0,0,1
2015-08-21,2015-08-21 00:00:00,Chevron,PILOT TRAVEL CENTERS LLC : CHV7460761,1046 SAN DIEGO CA TRM CHEVRON,DIESEL #2,20338,630466,142363,1,15222,0,0,0,373122,0,373122,45671,1,w4,0,0,60893,40676,693513,142363,Available,Available,Available,200%,200,110%,110,100%,100,Below Trend,Above Trend,Above Trend,08/22 00:00:00 PDT,09/01 00:00:00 PDT,w4,0,2015-08-26 00:00:00,Contract,Contract,Contract,20338,20338,630466,630466,142363,40676,320391,96692,0,0,0,0,0,0,1949052,1949054,1949053,2015-08-21 03:48:56,2015-08-21 03:48:56,2015-08-21 03:48:56,20300,630400,142300,40676,693512,142363,True,True,60893,True,388344,True,25454,320391,81470,-1,-1,-1,87.0,0.0,0,0,0
2015-08-22,2015-08-22 00:00:00,Chevron,PILOT TRAVEL CENTERS LLC : CHV7460761,1046 SAN DIEGO CA TRM CHEVRON,DIESEL #2,20338,630466,142363,1,15201,1,30423,15201,403545,0,403545,76094,1,w4,15201,0,76094,40676,693513,142363,Available,Available,Available,200%,200,110%,110,100%,100,On Target,Above Trend,Above Trend,08/23 00:00:00 PDT,09/01 00:00:00 PDT,w4,0,2015-08-26 00:00:00,Contract,Contract,Contract,20338,20338,630466,630466,142363,25475,289968,66269,0,0,0,0,0,0,2021732,2021734,2021733,2015-08-22 23:49:07,2015-08-22 23:49:07,2015-08-22 23:49:07,20300,630400,142300,40676,693512,142363,True,True,76094,True,403545,True,25475,289968,66269,-1,-1,-1,90.0,0.0,0,0,1
2015-08-23,2015-08-23 00:00:00,Chevron,PILOT TRAVEL CENTERS LLC : CHV7460761,1046 SAN DIEGO CA TRM CHEVRON,DIESEL #2,20338,630466,142363,1,0,0,0,0,403545,0,403545,76094,1,w4,0,0,76094,40676,693513,142363,Available,Available,Available,200%,200,110%,110,100%,100,Below Trend,On Target,On Target,08/24 00:00:00 PDT,09/01 00:00:00 PDT,w4,0,2015-08-26 00:00:00,Contract,Contract,Contract,20338,20338,630466,630466,142363,40676,289968,66269,0,0,0,0,0,0,2057512,2057514,2057513,2015-08-23 23:48:50,2015-08-23 23:48:50,2015-08-23 23:48:50,20300,630400,142300,40676,693512,142363,True,True,76094,True,403545,True,40676,289968,66269,-1,-1,-1,86.0,0.0,0,0,1
2015-08-24,2015-08-24 00:00:00,Chevron,PILOT TRAVEL CENTERS LLC : CHV7460761,1046 SAN DIEGO CA TRM CHEVRON,DIESEL #2,20338,630466,142363,1,22834,0,7612,7612,411157,0,411157,83706,1,w4,7612,0,98928,40676,693513,142363,Available,Available,Available,200%,200,110%,110,100%,100,On Target,On Target,On Target,08/25 00:00:00 PDT,09/01 00:00:00 PDT,w4,0,2015-08-26 00:00:00,Contract,Contract,Contract,20338,20338,630466,630466,142363,33064,282356,58657,0,0,0,0,0,0,2071160,2071162,2071161,2015-08-24 09:26:21,2015-08-24 09:26:21,2015-08-24 09:26:21,20300,630400,142300,40676,693512,142363,True,True,98928,True,426379,True,17842,282356,43435,-1,-1,-1,84.0,400.0,0,0,0
2015-08-25,2015-08-25 00:00:00,Chevron,PILOT TRAVEL CENTERS LLC : CHV7460761,1046 SAN DIEGO CA TRM CHEVRON,DIESEL #2,20338,630466,142363,1,22830,1,38052,22830,449209,0,449209,121758,1,w4,22830,0,121758,40676,693513,142363,Available,Available,Low,200%,200,110%,110,100%,100,On Target,Above Trend,Above Trend,08/26 00:00:00 PDT,09/01 00:00:00 PDT,w4,0,2015-08-26 00:00:00,Contract,Contract,Contract,20338,20338,630466,630466,142363,17846,244304,20605,0,0,0,0,0,0,2126529,2126531,2126530,2015-08-25 23:49:06,2015-08-25 23:49:06,2015-08-25 23:49:06,20300,630400,142300,40676,693512,142363,True,True,121758,True,449209,True,17846,244304,20605,-1,-1,-1,88.0,133.0,0,0,1
2015-08-26,2015-08-26 00:00:00,Chevron,PILOT TRAVEL CENTERS LLC : CHV7460761,1046 SAN DIEGO CA TRM CHEVRON,DIESEL #2,20338,630466,142363,1,22836,0,22836,22836,472045,0,472045,22836,1,w5,22836,0,22836,40676,693513,142363,Available,Available,Available,200%,200,110%,110,100%,100,On Target,Above Trend,Above Trend,08/27 00:00:00 PDT,09/01 00:00:00 PDT,w5,0,2015-09-02 00:00:00,Contract,Contract,Contract,20338,20338,630466,630466,142363,17840,221468,119527,0,0,0,0,0,0,2153862,2153864,2153863,2015-08-26 23:49:01,2015-08-26 23:49:01,2015-08-26 23:49:01,20300,630400,142300,40676,693512,142363,True,True,22836,True,472045,True,17840,221468,119527,-1,-1,-1,89.0,133.0,0,0,1
2015-08-27,2015-08-27 00:00:00,Chevron,PILOT TRAVEL CENTERS LLC : CHV7460761,1046 SAN DIEGO CA TRM CHEVRON,DIESEL #2,20338,630466,142363,1,22829,0,22829,22829,494874,0,494874,45665,1,w5,22829,0,45665,40676,693513,142363,Available,Limited,Available,200%,200,110%,110,100%,100,On Target,Above Trend,Above Trend,08/28 00:00:00 PDT,09/01 00:00:00 PDT,w5,0,2015-09-02 00:00:00,Contract,Contract,Contract,20338,20338,630466,630466,142363,17847,198639,96698,0,0,0,0,0,0,2181326,2181328,2181327,2015-08-27 23:49:14,2015-08-27 23:49:14,2015-08-27 23:49:14,20300,630400,142300,40676,693512,142363,True,True,45665,True,494874,True,17847,198639,96698,-1,-1,-1,90.0,133.0,0,0,1
2015-08-28,2015-08-28 00:00:00,Chevron,PILOT TRAVEL CENTERS LLC : CHV7460761,1046 SAN DIEGO CA TRM CHEVRON,DIESEL #2,20338,630466,142363,1,30448,0,30448,30448,525322,0,525322,76113,1,w5,30448,0,76113,40676,693513,142363,Limited,Limited,Available,200%,200,110%,110,100%,100,Above Trend,Above Trend,Above Trend,08/29 00:00:00 PDT,09/01 00:00:00 PDT,w5,0,2015-09-02 00:00:00,Contract,Contract,Contract,20338,20338,630466,461284,142363,10228,168191,66250,0,0,0,0,0,0,2212264,2212266,2212265,2015-08-28 23:49:15,2015-08-28 23:49:15,2015-08-28 23:49:15,20300,630400,142300,40676,693512,142363,True,True,76113,True,525322,True,10228,168191,66250,-1,-1,-1,92.0,133.0,0,0,1
2015-08-29,2015-08-29 00:00:00,Chevron,PILOT TRAVEL CENTERS LLC : CHV7460761,1046 SAN DIEGO CA TRM CHEVRON,DIESEL #2,20338,630466,142363,1,0,0,0,0,525322,0,525322,76113,1,w5,0,0,76113,40676,693513,142363,Available,Limited,Available,200%,200,110%,110,100%,100,Below Trend,Above Trend,Above Trend,08/30 00:00:00 PDT,09/01 00:00:00 PDT,w5,0,2015-09-02 00:00:00,Contract,Contract,Contract,20338,20338,630466,461284,142363,40676,168191,66250,0,0,0,0,0,0,2238904,2238906,2238905,2015-08-29 23:49:48,2015-08-29 23:49:48,2015-08-29 23:49:48,20300,630400,142300,40676,693512,142363,True,True,76113,True,525322,True,40676,168191,66250,-1,-1,-1,89.0,0.0,0,0,1
2015-08-30,2015-08-30 00:00:00,Chevron,PILOT TRAVEL CENTERS LLC : CHV7460761,1046 SAN DIEGO CA TRM CHEVRON,DIESEL #2,20338,630466,142363,1,7603,0,7603,7603,532925,0,532925,83716,1,w5,7603,0,83716,40676,693513,142363,Available,Limited,Available,200%,200,110%,110,100%,100,On Target,On Target,Above Trend,08/31 00:00:00 PDT,09/01 00:00:00 PDT,w5,0,2015-09-02 00:00:00,Contract,Contract,Contract,20338,20338,630466,461284,142363,33073,160588,58647,0,0,0,0,0,0,2265555,2265557,2265556,2015-08-30 23:49:56,2015-08-30 23:49:56,2015-08-30 23:49:56,20300,630400,142300,40676,693512,142363,True,True,83716,True,532925,True,33073,160588,58647,-1,-1,-1,87.0,0.0,0,0,1
2015-08-31,2015-08-31 00:00:00,Chevron,PILOT TRAVEL CENTERS LLC : CHV7460761,1046 SAN DIEGO CA TRM CHEVRON,DIESEL #2,20338,630466,142363,1,22833,0,22833,22833,555758,0,555758,106549,1,w5,22833,0,106549,40676,693513,142363,Available,Low,Limited,200%,200,110%,110,100%,100,Above Trend,Above Trend,Above Trend,09/01 00:00:00 PDT,09/01 00:00:00 PDT,w5,0,2015-09-02 00:00:00,Contract,Contract,Contract,20338,20338,461284,461284,142363,17843,137755,35814,0,0,0,0,0,0,2291209,2291211,2291210,2015-08-31 23:49:57,2015-08-31 23:49:57,2015-08-31 23:49:57,20300,630400,142300,40676,693512,142363,True,True,106549,True,555758,True,17843,137755,35814,-1,-1,-1,88.0,133.0,0,0,1
