,date,supplier_name,account_type,supplier_terminal_name,product_name,base_gallons_Daily,base_gallons_Monthly,base_gallons_Weekly,lifted_gallons_daily_flag,lifted_gallons_daily_modified,Modified_WeeksByLiftedGallons,lifted_gallons_modified_WeeksByLiftedGallons,lifted_gallons_Daily,Lifted_actual_monthly,lifted_gallons_monthly_flag,lifted_gallons_Monthly,Lifted_actual_weekly,lifted_gallons_weekly_flag,WeeksByLiftedGallons,lifted_gallonsWeekly_modified_aposteriori,Modified_LiftedGallonsaposteriori,lifted_gallons_Weekly,beginning_gallons_Daily,beginning_gallons_Monthly,beginning_gallons_Weekly,en_allocation_status_Daily,en_allocation_status_Monthly,en_allocation_status_Weekly,percentage_allocation_Daily_actual,percentage_allocation_Daily,percentage_allocation_Monthly_actual,percentage_allocation_Monthly,percentage_allocation_Weekly_actual,percentage_allocation_Weekly,alerts_ratability_Daily,alerts_ratability_Monthly,alerts_ratability_Weekly,next_refresh_date_Daily,next_refresh_date_Monthly,Week_switch,Modified_NRD,next_refresh_date_Weekly,en_account_type_Daily,en_account_type_Monthly,en_account_type_Weekly,NRB_Daily,next_refresh_base_gallons_Daily,NRB_Monthly,next_refresh_base_gallons_Monthly,next_refresh_base_gallons_Weekly,remaining_gallons_Daily,remaining_gallons_Monthly,remaining_gallons_Weekly,additional_gallons_allowed_Daily,additional_gallons_allowed_Monthly,additional_gallons_allowed_Weekly,additional_gallons_remaining_Daily,additional_gallons_remaining_Monthly,additional_gallons_remaining_Weekly,staging_id_Daily,staging_id_Monthly,staging_id_Weekly,execution_date_Daily,execution_date_Monthly,execution_date_Weekly,base_gallons_Daily_Reconciled,base_gallons_Monthly_Reconciled,base_gallons_Weekly_Reconciled,beginning_gallons_Daily_Reconciled,beginning_gallons_Monthly_Reconciled,beginning_gallons_Weekly_Reconciled,sanityWeekly_CumulativeDaily_WeeksByLiftedGallons,sanityWeekly_CumulativeDaily_NextRefreshDate,computedWeekly,sanityComputedWeekly,computedMonthly,sanityComputedMonthly,remaining_gallons_Daily_Reconciled,remaining_gallons_Monthly_Reconciled,remaining_gallons_Weekly_Reconciled,additional_gallons_remaining_Daily_Reconciled,additional_gallons_remaining_Monthly_Reconciled,additional_gallons_remaining_Weekly_Reconciled,Ratability_Monthly,Ratability_Daily,Ratability_Weekly,sanityMonthly_CumulativeDaily_WeeksByLiftedGallons,sanityMonthly_CumulativeDaily_WeeksByNextRefreshDate
2015-08-01,2015-08-01 00:00:00,Chevron,PILOT TRAVEL CENTERS LLC : CHV7460761,3351 PHOENIX AZ TRM KINDER MORGAN,DIESEL #2,14236,441304,99649,1,4000,0,4000,4000,4000,0,4000,41451,1,w1,4000,0,4000,28472,485434,124561,Available,Available,Available,200%,200,110%,110,125%,125,Below Trend,On Target,On Target,08/02 00:00:00 MDT,09/01 00:00:00 MDT,w1,0,2015-08-05 00:00:00,Contract,Contract,Contract,14236,14236,441304,441304,99649,24472,481434,83110,0,0,0,0,0,0,1272257,1272259,1272258,2015-08-01 23:48:04,2015-08-01 23:48:04,2015-08-01 23:48:04,14200,441300,99600,28472,485434,124561,True,False,4000,True,4000,True,24472,481434,120561,-1,-1,-1,28.0,0.0,0,1,1
2015-08-02,2015-08-02 00:00:00,Chevron,PILOT TRAVEL CENTERS LLC : CHV7460761,3351 PHOENIX AZ TRM KINDER MORGAN,DIESEL #2,14236,441304,99649,1,7401,0,7401,7401,11401,0,11401,48852,1,w1,7401,0,11401,28472,485434,124561,Available,Available,Available,200%,200,110%,110,125%,125,On Target,On Target,On Target,08/03 00:00:00 MDT,09/01 00:00:00 MDT,w1,0,2015-08-05 00:00:00,Contract,Contract,Contract,14236,14236,441304,441304,99649,21071,474033,75709,0,0,0,0,0,0,1303080,1303082,1303081,2015-08-02 23:50:23,2015-08-02 23:50:23,2015-08-02 23:50:23,14200,441300,99600,28472,485434,124561,True,False,11401,True,11401,True,21071,474033,113160,-1,-1,-1,40.0,0.0,0,1,1
2015-08-03,2015-08-03 00:00:00,Chevron,PILOT TRAVEL CENTERS LLC : CHV7460761,3351 PHOENIX AZ TRM KINDER MORGAN,DIESEL #2,14236,441304,99649,1,29404,0,29404,29404,40805,0,40805,78256,1,w1,29404,0,40805,28472,485434,124561,Out,Available,Available,200%,200,110%,110,125%,125,Above Trend,Above Trend,On Target,08/04 00:00:00 MDT,09/01 00:00:00 MDT,w1,0,2015-08-05 00:00:00,Contract,Contract,Contract,14236,14236,441304,441304,99649,-932,444629,46305,0,0,0,0,0,0,1331535,1331537,1331536,2015-08-03 23:47:51,2015-08-03 23:47:51,2015-08-03 23:47:51,14200,441300,99600,28472,485434,124561,True,False,40805,True,40805,True,-932,444629,83756,-1,-1,-1,96.0,267.0,0,1,1
2015-08-04,2015-08-04 00:00:00,Chevron,PILOT TRAVEL CENTERS LLC : CHV7460761,3351 PHOENIX AZ TRM KINDER MORGAN,DIESEL #2,14236,441304,99649,1,29462,0,29462,29462,70267,0,70267,107718,1,w1,29462,0,70267,28472,485434,124561,Available,Available,Limited,200%,200,110%,110,125%,125,Above Trend,Above Trend,Above Trend,08/05 00:00:00 MDT,09/01 00:00:00 MDT,w1,0,2015-08-05 00:00:00,Contract,Contract,Contract,14236,14236,441304,441304,99649,-990,415167,16843,22500,22500,22500,22500,22500,22500,1361718,1361720,1361719,2015-08-04 23:47:43,2015-08-04 23:47:43,2015-08-04 23:47:43,14200,441300,99600,28472,485434,124561,True,False,70267,True,70267,True,-990,415167,54294,22500,-1,-1,123.0,267.0,0,1,1
2015-08-05,2015-08-05 00:00:00,Chevron,PILOT TRAVEL CENTERS LLC : CHV7460761,3351 PHOENIX AZ TRM KINDER MORGAN,DIESEL #2,14236,441304,99649,1,20750,0,13300,13300,83567,0,83567,13300,1,w2,13300,0,20750,28472,485434,124561,Available,Available,Available,200%,200,110%,110,125%,125,On Target,Above Trend,Above Trend,08/06 00:00:00 MDT,09/01 00:00:00 MDT,w2,0,2015-08-12 00:00:00,Contract,Contract,Contract,14236,14236,441304,441304,99649,15172,401867,111261,22500,22500,22500,22500,22500,22500,1390203,1390205,1390204,2015-08-05 20:47:54,2015-08-05 20:47:54,2015-08-05 20:47:54,14200,441300,99600,28472,485434,124561,True,True,20750,True,91017,True,7722,401867,103811,-1,-1,-1,117.0,133.0,0,1,0
2015-08-06,2015-08-06 00:00:00,Chevron,PILOT TRAVEL CENTERS LLC : CHV7460761,3351 PHOENIX AZ TRM KINDER MORGAN,DIESEL #2,14236,441304,99649,1,7500,1,14950,7500,98517,0,98517,28250,1,w2,7500,0,28250,28472,485434,124561,Available,Available,Available,200%,200,110%,110,125%,125,On Target,Above Trend,Above Trend,08/07 00:00:00 MDT,09/01 00:00:00 MDT,w2,0,2015-08-12 00:00:00,Contract,Contract,Contract,14236,14236,441304,441304,99649,20972,386917,96311,0,0,0,0,0,0,1427075,1427077,1427076,2015-08-06 23:48:02,2015-08-06 23:48:02,2015-08-06 23:48:02,14200,441300,99600,28472,485434,124561,True,True,28250,True,98517,True,20972,386917,96311,-1,-1,-1,115.0,0.0,0,1,1
2015-08-07,2015-08-07 00:00:00,Chevron,PILOT TRAVEL CENTERS LLC : CHV7460761,3351 PHOENIX AZ TRM KINDER MORGAN,DIESEL #2,14236,441304,99649,1,14875,0,14875,14875,113392,0,113392,43125,1,w2,14875,0,43125,28472,485434,124561,Available,Available,Available,200%,200,110%,110,125%,125,On Target,Above Trend,Above Trend,08/08 00:00:00 MDT,09/01 00:00:00 MDT,w2,0,2015-08-12 00:00:00,Contract,Contract,Contract,14236,14236,441304,441304,99649,13597,372042,81436,0,0,0,0,0,0,1461587,1461589,1461588,2015-08-07 23:48:53,2015-08-07 23:48:53,2015-08-07 23:48:53,14200,441300,99600,28472,485434,124561,True,True,43125,True,113392,True,13597,372042,81436,-1,-1,-1,114.0,133.0,0,1,1
2015-08-08,2015-08-08 00:00:00,Chevron,PILOT TRAVEL CENTERS LLC : CHV7460761,3351 PHOENIX AZ TRM KINDER MORGAN,DIESEL #2,14236,441304,99649,1,19000,0,19000,19000,132392,0,132392,62125,1,w2,19000,0,62125,28472,485434,124561,Available,Available,Available,200%,200,110%,110,125%,125,On Target,Above Trend,Above Trend,08/09 00:00:00 MDT,09/01 00:00:00 MDT,w2,0,2015-08-12 00:00:00,Contract,Contract,Contract,14236,14236,441304,441304,99649,9472,353042,62436,0,0,0,0,0,0,1495876,1495878,1495877,2015-08-08 23:47:48,2015-08-08 23:47:48,2015-08-08 23:47:48,14200,441300,99600,28472,485434,124561,True,True,62125,True,132392,True,9472,353042,62436,-1,-1,-1,116.0,133.0,0,1,1
2015-08-09,2015-08-09 00:00:00,Chevron,PILOT TRAVEL CENTERS LLC : CHV7460761,3351 PHOENIX AZ TRM KINDER MORGAN,DIESEL #2,14236,441304,99649,1,11500,0,11500,11500,143892,0,143892,73625,1,w2,11500,0,73625,28472,485434,124561,Available,Available,Available,200%,200,110%,110,125%,125,On Target,Above Trend,Above Trend,08/10 00:00:00 MDT,09/01 00:00:00 MDT,w2,0,2015-08-12 00:00:00,Contract,Contract,Contract,14236,14236,441304,441304,99649,16972,341542,50936,0,0,0,0,0,0,1529561,1529563,1529562,2015-08-09 23:48:51,2015-08-09 23:48:51,2015-08-09 23:48:51,14200,441300,99600,28472,485434,124561,True,True,73625,True,143892,True,16972,341542,50936,-1,-1,-1,112.0,0.0,0,1,1
2015-08-10,2015-08-10 00:00:00,Chevron,PILOT TRAVEL CENTERS LLC : CHV7460761,3351 PHOENIX AZ TRM KINDER MORGAN,DIESEL #2,14236,441304,99649,1,7500,0,7500,7500,151392,0,151392,81125,1,w2,7500,0,81125,28472,485434,124561,Available,Available,Available,200%,200,110%,110,125%,125,On Target,Above Trend,On Target,08/11 00:00:00 MDT,09/01 00:00:00 MDT,w2,0,2015-08-12 00:00:00,Contract,Contract,Contract,14236,14236,441304,441304,99649,20972,334042,43436,0,0,0,0,0,0,1562668,1562670,1562669,2015-08-10 23:48:52,2015-08-10 23:48:52,2015-08-10 23:48:52,14200,441300,99600,28472,485434,124561,True,True,81125,True,151392,True,20972,334042,43436,-1,-1,-1,106.0,0.0,0,1,1
2015-08-11,2015-08-11 00:00:00,Chevron,PILOT TRAVEL CENTERS LLC : CHV7460761,3351 PHOENIX AZ TRM KINDER MORGAN,DIESEL #2,14236,441304,99649,1,7503,0,7503,7503,158895,0,158895,88628,1,w2,7503,0,88628,28472,485434,124561,Available,Available,Limited,200%,200,110%,110,125%,125,On Target,Above Trend,On Target,08/12 00:00:00 MDT,09/01 00:00:00 MDT,w2,0,2015-08-12 00:00:00,Contract,Contract,Contract,14236,14236,441304,441304,99649,20969,326539,35933,0,0,0,0,0,0,1584801,1584803,1584802,2015-08-11 14:49:02,2015-08-11 14:49:02,2015-08-11 14:49:02,14200,441300,99600,28472,485434,124561,True,True,88628,True,158895,True,20969,326539,35933,-1,-1,-1,101.0,0.0,0,1,1
2015-08-12,2015-08-12 00:00:00,Chevron,PILOT TRAVEL CENTERS LLC : CHV7460761,3351 PHOENIX AZ TRM KINDER MORGAN,DIESEL #2,14236,441304,99649,1,16781,0,16781,16781,175676,0,175676,16781,1,w3,16781,0,16781,28472,485434,124561,Available,Available,Available,200%,200,110%,110,125%,125,On Target,Above Trend,Above Trend,08/13 00:00:00 MDT,09/01 00:00:00 MDT,w3,0,2015-08-19 00:00:00,Contract,Contract,Contract,14236,14236,441304,441304,99649,11691,309758,107780,0,0,0,0,0,0,1634913,1634915,1634914,2015-08-12 23:49:07,2015-08-12 23:49:07,2015-08-12 23:49:07,14200,441300,99600,28472,485434,124561,True,True,16781,True,175676,True,11691,309758,107780,-1,-1,-1,103.0,133.0,0,1,1
2015-08-13,2015-08-13 00:00:00,Chevron,PILOT TRAVEL CENTERS LLC : CHV7460761,3351 PHOENIX AZ TRM KINDER MORGAN,DIESEL #2,14236,441304,99649,1,7000,0,7000,7000,182676,0,182676,23781,1,w3,7000,0,23781,28472,485434,124561,Available,Available,Available,200%,200,110%,110,125%,125,On Target,Above Trend,On Target,08/14 00:00:00 MDT,09/01 00:00:00 MDT,w3,0,2015-08-19 00:00:00,Contract,Contract,Contract,14236,14236,441304,441304,99649,21472,302758,100780,0,0,0,0,0,0,1674843,1674845,1674844,2015-08-13 23:49:07,2015-08-13 23:49:07,2015-08-13 23:49:07,14200,441300,99600,28472,485434,124561,True,True,23781,True,182676,True,21472,302758,100780,-1,-1,-1,99.0,0.0,0,1,1
2015-08-14,2015-08-14 00:00:00,Chevron,PILOT TRAVEL CENTERS LLC : CHV7460761,3351 PHOENIX AZ TRM KINDER MORGAN,DIESEL #2,14236,441304,99649,1,7400,0,7400,7400,190076,0,190076,31181,1,w3,7400,0,31181,28472,485434,124561,Available,Available,Available,200%,200,110%,110,125%,125,On Target,Above Trend,On Target,08/15 00:00:00 MDT,09/01 00:00:00 MDT,w3,0,2015-08-19 00:00:00,Contract,Contract,Contract,14236,14236,441304,441304,99649,21072,295358,93380,0,0,0,0,0,0,1714455,1714457,1714456,2015-08-14 23:49:00,2015-08-14 23:49:00,2015-08-14 23:49:00,14200,441300,99600,28472,485434,124561,True,True,31181,True,190076,True,21072,295358,93380,-1,-1,-1,95.0,0.0,0,1,1
2015-08-15,2015-08-15 00:00:00,Chevron,PILOT TRAVEL CENTERS LLC : CHV7460761,3351 PHOENIX AZ TRM KINDER MORGAN,DIESEL #2,14236,441304,99649,1,0,0,0,0,190076,0,190076,31181,1,w3,0,0,31181,28472,485434,124561,Available,Available,Available,200%,200,110%,110,125%,125,Below Trend,Above Trend,On Target,08/16 00:00:00 MDT,09/01 00:00:00 MDT,w3,0,2015-08-19 00:00:00,Contract,Contract,Contract,14236,14236,441304,441304,99649,28472,295358,93380,0,0,0,0,0,0,1746824,1746826,1746825,2015-08-15 19:34:18,2015-08-15 19:34:18,2015-08-15 19:34:18,14200,441300,99600,28472,485434,124561,True,True,31181,True,190076,True,28472,295358,93380,-1,-1,-1,89.0,0.0,0,1,1
2015-08-16,2015-08-16 00:00:00,Chevron,PILOT TRAVEL CENTERS LLC : CHV7460761,3351 PHOENIX AZ TRM KINDER MORGAN,DIESEL #2,14236,441304,99649,1,7500,0,7500,7500,197576,0,197576,38681,1,w3,7500,0,38681,28472,485434,124561,Available,Available,Available,200%,200,110%,110,125%,125,On Target,On Target,On Target,08/17 00:00:00 MDT,09/01 00:00:00 MDT,w3,0,2015-08-19 00:00:00,Contract,Contract,Contract,14236,14236,441304,441304,99649,20972,287858,85880,0,0,0,0,0,0,1788571,1788573,1788572,2015-08-16 23:49:17,2015-08-16 23:49:17,2015-08-16 23:49:17,14200,441300,99600,28472,485434,124561,True,True,38681,True,197576,True,20972,287858,85880,-1,-1,-1,87.0,0.0,0,1,1
2015-08-17,2015-08-17 00:00:00,Chevron,PILOT TRAVEL CENTERS LLC : CHV7460761,3351 PHOENIX AZ TRM KINDER MORGAN,DIESEL #2,14236,441304,99649,1,7450,0,0,0,197576,0,197576,38681,1,w3,0,0,46131,28472,485434,124561,Available,Available,Available,200%,200,110%,110,125%,125,Below Trend,On Target,On Target,08/18 00:00:00 MDT,09/01 00:00:00 MDT,w3,0,2015-08-19 00:00:00,Contract,Contract,Contract,14236,14236,441304,441304,99649,28472,287858,85880,0,0,0,0,0,0,1800624,1800626,1800625,2015-08-17 06:50:02,2015-08-17 06:50:02,2015-08-17 06:50:02,14200,441300,99600,28472,485434,124561,True,True,46131,True,205026,True,21022,287858,78430,-1,-1,-1,82.0,0.0,0,1,0
2015-08-18,2015-08-18 00:00:00,Chevron,PILOT TRAVEL CENTERS LLC : CHV7460761,3351 PHOENIX AZ TRM KINDER MORGAN,DIESEL #2,14236,441304,99649,1,14400,1,21850,14400,219426,0,219426,60531,1,w3,14400,0,60531,28472,485434,124561,Available,Available,Available,200%,200,110%,110,125%,125,On Target,On Target,On Target,08/19 00:00:00 MDT,09/01 00:00:00 MDT,w3,0,2015-08-19 00:00:00,Contract,Contract,Contract,14236,14236,441304,441304,99649,14072,266008,64030,0,0,0,0,0,0,1871227,1871229,1871228,2015-08-18 23:51:43,2015-08-18 23:51:43,2015-08-18 23:51:43,14200,441300,99600,28472,485434,124561,True,True,60531,True,219426,True,14072,266008,64030,-1,-1,-1,86.0,133.0,0,1,1
2015-08-19,2015-08-19 00:00:00,Chevron,PILOT TRAVEL CENTERS LLC : CHV7460761,3351 PHOENIX AZ TRM KINDER MORGAN,DIESEL #2,14236,441304,99649,1,15108,0,15108,15108,234534,0,234534,15108,1,w4,15108,0,15108,28472,485434,124561,Available,Available,Available,200%,200,110%,110,125%,125,On Target,On Target,Above Trend,08/20 00:00:00 MDT,09/01 00:00:00 MDT,w4,0,2015-08-26 00:00:00,Contract,Contract,Contract,14236,14236,441304,441304,99649,13364,250900,109453,0,0,0,0,0,0,1906883,1906885,1906884,2015-08-19 23:49:00,2015-08-19 23:49:00,2015-08-19 23:49:00,14200,441300,99600,28472,485434,124561,True,True,15108,True,234534,True,13364,250900,109453,-1,-1,-1,87.0,133.0,0,1,1
2015-08-20,2015-08-20 00:00:00,Chevron,PILOT TRAVEL CENTERS LLC : CHV7460761,3351 PHOENIX AZ TRM KINDER MORGAN,DIESEL #2,14236,441304,99649,1,22200,0,22200,22200,256734,0,256734,37308,1,w4,22200,0,37308,28472,485434,124561,Limited,Available,Available,200%,200,110%,110,125%,125,Above Trend,Above Trend,Above Trend,08/21 00:00:00 MDT,09/01 00:00:00 MDT,w4,0,2015-08-26 00:00:00,Contract,Contract,Contract,14236,14236,441304,441304,99649,6272,228700,87253,0,0,0,0,0,0,1945050,1945052,1945051,2015-08-20 23:49:04,2015-08-20 23:49:04,2015-08-20 23:49:04,14200,441300,99600,28472,485434,124561,True,True,37308,True,256734,True,6272,228700,87253,-1,-1,-1,90.0,133.0,0,1,1
2015-08-21,2015-08-21 00:00:00,Chevron,PILOT TRAVEL CENTERS LLC : CHV7460761,3351 PHOENIX AZ TRM KINDER MORGAN,DIESEL #2,14236,441304,99649,1,14250,0,0,0,256734,0,256734,37308,1,w4,0,0,51558,28472,485434,124561,Available,Available,Available,200%,200,110%,110,125%,125,Below Trend,Above Trend,Above Trend,08/22 00:00:00 MDT,09/01 00:00:00 MDT,w4,0,2015-08-26 00:00:00,Contract,Contract,Contract,14236,14236,441304,441304,99649,28472,228700,87253,0,0,0,0,0,0,1949100,1949102,1949101,2015-08-21 03:48:56,2015-08-21 03:48:56,2015-08-21 03:48:56,14200,441300,99600,28472,485434,124561,True,True,51558,True,270984,True,14222,228700,73003,-1,-1,-1,86.0,0.0,0,1,0
2015-08-22,2015-08-22 00:00:00,Chevron,PILOT TRAVEL CENTERS LLC : CHV7460761,3351 PHOENIX AZ TRM KINDER MORGAN,DIESEL #2,14236,441304,99649,1,15005,1,29255,15005,285989,0,285989,66563,1,w4,15005,0,66563,28472,485434,124561,Available,Available,Available,200%,200,110%,110,125%,125,On Target,Above Trend,Above Trend,08/23 00:00:00 MDT,09/01 00:00:00 MDT,w4,0,2015-08-26 00:00:00,Contract,Contract,Contract,14236,14236,441304,441304,99649,13467,199445,57998,0,0,0,0,0,0,2021780,2021782,2021781,2015-08-22 23:49:07,2015-08-22 23:49:07,2015-08-22 23:49:07,14200,441300,99600,28472,485434,124561,True,True,66563,True,285989,True,13467,199445,57998,-1,-1,-1,91.0,133.0,0,1,1
2015-08-23,2015-08-23 00:00:00,Chevron,PILOT TRAVEL CENTERS LLC : CHV7460761,3351 PHOENIX AZ TRM KINDER MORGAN,DIESEL #2,14236,441304,99649,1,7501,0,7501,7501,293490,0,293490,74064,1,w4,7501,0,74064,28472,485434,124561,Available,Available,Available,200%,200,110%,110,125%,125,On Target,Above Trend,Above Trend,08/24 00:00:00 MDT,09/01 00:00:00 MDT,w4,0,2015-08-26 00:00:00,Contract,Contract,Contract,14236,14236,441304,441304,99649,20971,191944,50497,0,0,0,0,0,0,2057560,2057562,2057561,2015-08-23 23:48:50,2015-08-23 23:48:50,2015-08-23 23:48:50,14200,441300,99600,28472,485434,124561,True,True,74064,True,293490,True,20971,191944,50497,-1,-1,-1,90.0,0.0,0,1,1
2015-08-24,2015-08-24 00:00:00,Chevron,PILOT TRAVEL CENTERS LLC : CHV7460761,3351 PHOENIX AZ TRM KINDER MORGAN,DIESEL #2,14236,441304,99649,1,15500,0,0,0,293490,0,293490,74064,1,w4,0,0,89564,28472,485434,124561,Available,Available,Available,200%,200,110%,110,125%,125,Below Trend,Above Trend,On Target,08/25 00:00:00 MDT,09/01 00:00:00 MDT,w4,0,2015-08-26 00:00:00,Contract,Contract,Contract,14236,14236,441304,441304,99649,28472,191944,50497,0,0,0,0,0,0,2071208,2071210,2071209,2015-08-24 09:26:21,2015-08-24 09:26:21,2015-08-24 09:26:21,14200,441300,99600,28472,485434,124561,True,True,89564,True,308990,True,12972,191944,34997,-1,-1,-1,86.0,400.0,0,1,0
2015-08-25,2015-08-25 00:00:00,Chevron,PILOT TRAVEL CENTERS LLC : CHV7460761,3351 PHOENIX AZ TRM KINDER MORGAN,DIESEL #2,14236,441304,99649,1,29902,1,45402,29902,338892,0,338892,119466,1,w4,29902,0,119466,28472,485434,124561,Out,Available,Low,200%,200,110%,110,125%,125,Above Trend,Above Trend,Above Trend,08/26 00:00:00 MDT,09/01 00:00:00 MDT,w4,0,2015-08-26 00:00:00,Contract,Contract,Contract,14236,14236,441304,441304,99649,-1430,146542,5095,0,0,0,0,0,0,2126577,2126579,2126578,2015-08-25 23:49:06,2015-08-25 23:49:06,2015-08-25 23:49:06,14200,441300,99600,28472,485434,124561,True,True,119466,True,338892,True,-1430,146542,5095,-1,-1,-1,95.0,267.0,100,1,1
2015-08-26,2015-08-26 00:00:00,Chevron,PILOT TRAVEL CENTERS LLC : CHV7460761,3351 PHOENIX AZ TRM KINDER MORGAN,DIESEL #2,14236,441304,99649,1,7500,0,7500,7500,346392,0,346392,7500,1,w5,7500,0,7500,28472,485434,124561,Available,Limited,Available,200%,200,110%,110,125%,125,On Target,Above Trend,On Target,08/27 00:00:00 MDT,09/01 00:00:00 MDT,w5,0,2015-09-02 00:00:00,Contract,Contract,Contract,14236,14236,441304,441304,99649,20972,139042,117061,0,0,0,0,0,0,2153910,2153912,2153911,2015-08-26 23:49:01,2015-08-26 23:49:01,2015-08-26 23:49:01,14200,441300,99600,28472,485434,124561,True,True,7500,True,346392,True,20972,139042,117061,-1,-1,-1,94.0,0.0,0,1,1
2015-08-27,2015-08-27 00:00:00,Chevron,PILOT TRAVEL CENTERS LLC : CHV7460761,3351 PHOENIX AZ TRM KINDER MORGAN,DIESEL #2,14236,441304,99649,1,29100,0,29100,29100,375492,0,375492,36600,1,w5,29100,0,36600,28472,485434,124561,Out,Limited,Available,200%,200,110%,110,125%,125,Above Trend,Above Trend,Above Trend,08/28 00:00:00 MDT,09/01 00:00:00 MDT,w5,0,2015-09-02 00:00:00,Contract,Contract,Contract,14236,14236,441304,441304,99649,-628,109942,87961,0,0,0,0,0,0,2181374,2181376,2181375,2015-08-27 23:49:14,2015-08-27 23:49:14,2015-08-27 23:49:14,14200,441300,99600,28472,485434,124561,True,True,36600,True,375492,True,-628,109942,87961,-1,-1,-1,98.0,267.0,0,1,1
2015-08-28,2015-08-28 00:00:00,Chevron,PILOT TRAVEL CENTERS LLC : CHV7460761,3351 PHOENIX AZ TRM KINDER MORGAN,DIESEL #2,14236,441304,99649,1,7300,0,7300,7300,382792,0,382792,43900,1,w5,7300,0,43900,28472,485434,124561,Available,Limited,Available,200%,200,110%,110,125%,125,On Target,Above Trend,Above Trend,08/29 00:00:00 MDT,09/01 00:00:00 MDT,w5,0,2015-09-02 00:00:00,Contract,Contract,Contract,14236,14236,441304,521341,99649,21172,102642,80661,0,0,0,0,0,0,2212312,2212314,2212313,2015-08-28 23:49:15,2015-08-28 23:49:15,2015-08-28 23:49:15,14200,441300,99600,28472,485434,124561,True,True,43900,True,382792,True,21172,102642,80661,-1,-1,-1,96.0,0.0,0,1,1
2015-08-29,2015-08-29 00:00:00,Chevron,PILOT TRAVEL CENTERS LLC : CHV7460761,3351 PHOENIX AZ TRM KINDER MORGAN,DIESEL #2,14236,441304,99649,1,11400,0,11400,11400,394192,0,394192,55300,1,w5,11400,0,55300,28472,485434,124561,Available,Low,Available,200%,200,110%,110,125%,125,On Target,Above Trend,On Target,08/30 00:00:00 MDT,09/01 00:00:00 MDT,w5,0,2015-09-02 00:00:00,Contract,Contract,Contract,14236,14236,441304,521341,99649,17072,91242,69261,0,0,0,0,0,0,2238952,2238954,2238953,2015-08-29 23:49:48,2015-08-29 23:49:48,2015-08-29 23:49:48,14200,441300,99600,28472,485434,124561,True,True,55300,True,394192,True,17072,91242,69261,-1,-1,-1,95.0,0.0,0,1,1
2015-08-30,2015-08-30 00:00:00,Chevron,PILOT TRAVEL CENTERS LLC : CHV7460761,3351 PHOENIX AZ TRM KINDER MORGAN,DIESEL #2,14236,441304,99649,1,0,0,0,0,394192,0,394192,55300,1,w5,0,0,55300,28472,485434,124561,Available,Low,Available,200%,200,110%,110,125%,125,Below Trend,Above Trend,On Target,08/31 00:00:00 MDT,09/01 00:00:00 MDT,w5,0,2015-09-02 00:00:00,Contract,Contract,Contract,14236,14236,441304,521341,99649,28472,91242,69261,0,0,0,0,0,0,2265603,2265605,2265604,2015-08-30 23:49:56,2015-08-30 23:49:56,2015-08-30 23:49:56,14200,441300,99600,28472,485434,124561,True,True,55300,True,394192,True,28472,91242,69261,-1,-1,-1,92.0,0.0,0,1,1
2015-08-31,2015-08-31 00:00:00,Chevron,PILOT TRAVEL CENTERS LLC : CHV7460761,3351 PHOENIX AZ TRM KINDER MORGAN,DIESEL #2,14236,441304,99649,1,18600,0,18600,18600,412792,0,412792,73900,1,w5,18600,0,73900,14236,485434,124561,Out,Low,Available,100%,100,110%,110,125%,125,Above Trend,Above Trend,On Target,09/01 00:00:00 MDT,09/01 00:00:00 MDT,w5,0,2015-09-02 00:00:00,Contract,Contract,Contract,14236,14236,521341,521341,99649,-4364,72642,50661,0,0,0,0,0,0,2291257,2291259,2291258,2015-08-31 23:49:57,2015-08-31 23:49:57,2015-08-31 23:49:57,14200,441300,99600,14236,485434,124561,True,True,73900,True,412792,True,-4364,72642,50661,-1,-1,-1,94.0,133.0,0,1,1
