,date,supplier_name,account_type,supplier_terminal_name,product_name,base_gallons_Daily,base_gallons_Monthly,base_gallons_Weekly,lifted_gallons_daily_flag,lifted_gallons_daily_modified,Modified_WeeksByLiftedGallons,lifted_gallons_modified_WeeksByLiftedGallons,lifted_gallons_Daily,Lifted_actual_monthly,lifted_gallons_monthly_flag,lifted_gallons_Monthly,Lifted_actual_weekly,lifted_gallons_weekly_flag,WeeksByLiftedGallons,lifted_gallonsWeekly_modified_aposteriori,Modified_LiftedGallonsaposteriori,lifted_gallons_Weekly,beginning_gallons_Daily,beginning_gallons_Monthly,beginning_gallons_Weekly,en_allocation_status_Daily,en_allocation_status_Monthly,en_allocation_status_Weekly,percentage_allocation_Daily_actual,percentage_allocation_Daily,percentage_allocation_Monthly_actual,percentage_allocation_Monthly,percentage_allocation_Weekly_actual,percentage_allocation_Weekly,alerts_ratability_Daily,alerts_ratability_Monthly,alerts_ratability_Weekly,next_refresh_date_Daily,next_refresh_date_Monthly,Week_switch,Modified_NRD,next_refresh_date_Weekly,en_account_type_Daily,en_account_type_Monthly,en_account_type_Weekly,NRB_Daily,next_refresh_base_gallons_Daily,NRB_Monthly,next_refresh_base_gallons_Monthly,next_refresh_base_gallons_Weekly,remaining_gallons_Daily,remaining_gallons_Monthly,remaining_gallons_Weekly,additional_gallons_allowed_Daily,additional_gallons_allowed_Monthly,additional_gallons_allowed_Weekly,additional_gallons_remaining_Daily,additional_gallons_remaining_Monthly,additional_gallons_remaining_Weekly,staging_id_Daily,staging_id_Monthly,staging_id_Weekly,execution_date_Daily,execution_date_Monthly,execution_date_Weekly,base_gallons_Daily_Reconciled,base_gallons_Monthly_Reconciled,base_gallons_Weekly_Reconciled,beginning_gallons_Daily_Reconciled,beginning_gallons_Monthly_Reconciled,beginning_gallons_Weekly_Reconciled,sanityWeekly_CumulativeDaily_WeeksByLiftedGallons,sanityWeekly_CumulativeDaily_NextRefreshDate,computedWeekly,sanityComputedWeekly,computedMonthly,sanityComputedMonthly,remaining_gallons_Daily_Reconciled,remaining_gallons_Monthly_Reconciled,remaining_gallons_Weekly_Reconciled,additional_gallons_remaining_Daily_Reconciled,additional_gallons_remaining_Monthly_Reconciled,additional_gallons_remaining_Weekly_Reconciled,Ratability_Monthly,Ratability_Daily,Ratability_Weekly,sanityMonthly_CumulativeDaily_WeeksByLiftedGallons,sanityMonthly_CumulativeDaily_WeeksByNextRefreshDate
2015-08-01,2015-08-01 00:00:00,Chevron,PILOT TRAVEL CENTERS LLC : CHV7460761,1002 TRACY CA TRM CHEVRON,DIESEL #2,24914,772348,174401,1,7653,0,7653,7653,7653,0,7653,115396,1,w1,7653,0,7653,37371,849583,218001,Available,Available,Available,150%,150,110%,110,125%,125,On Target,On Target,Above Trend,08/02 00:00:00 PDT,09/01 00:00:00 PDT,w1,0,2015-08-05 00:00:00,Contract,Contract,Contract,24914,24914,772348,772348,174401,29718,841930,102605,0,0,0,0,0,0,1272182,1272184,1272183,2015-08-01 23:48:04,2015-08-01 23:48:04,2015-08-01 23:48:04,24900,772300,174400,37371,849582,218001,True,False,7653,True,7653,True,29718,841930,210348,-1,-1,-1,31.0,0.0,0,1,1
2015-08-02,2015-08-02 00:00:00,Chevron,PILOT TRAVEL CENTERS LLC : CHV7460761,1002 TRACY CA TRM CHEVRON,DIESEL #2,24914,772348,174401,1,15508,0,15508,15508,23161,0,23161,130904,1,w1,15508,0,23161,37371,849583,218001,Available,Available,Available,150%,150,110%,110,125%,125,On Target,On Target,Above Trend,08/03 00:00:00 PDT,09/01 00:00:00 PDT,w1,0,2015-08-05 00:00:00,Contract,Contract,Contract,24914,24914,772348,772348,174401,21863,826422,87097,0,0,0,0,0,0,1303005,1303007,1303006,2015-08-02 23:50:23,2015-08-02 23:50:23,2015-08-02 23:50:23,24900,772300,174400,37371,849582,218001,True,False,23161,True,23161,True,21863,826422,194840,-1,-1,-1,46.0,0.0,0,1,1
2015-08-03,2015-08-03 00:00:00,Chevron,PILOT TRAVEL CENTERS LLC : CHV7460761,1002 TRACY CA TRM CHEVRON,DIESEL #2,24914,772348,174401,1,30811,0,30811,30811,53972,0,53972,161715,1,w1,30811,0,53972,37371,849583,218001,Low,Available,Limited,150%,150,110%,110,125%,125,Above Trend,On Target,Above Trend,08/04 00:00:00 PDT,09/01 00:00:00 PDT,w1,0,2015-08-05 00:00:00,Contract,Contract,Contract,24914,24914,772348,772348,174401,6560,795611,56286,0,0,0,0,0,0,1331460,1331462,1331461,2015-08-03 23:47:51,2015-08-03 23:47:51,2015-08-03 23:47:51,24900,772300,174400,37371,849582,218001,True,False,53972,True,53972,True,6560,795611,164029,-1,-1,-1,72.0,133.0,0,1,1
2015-08-04,2015-08-04 00:00:00,Chevron,PILOT TRAVEL CENTERS LLC : CHV7460761,1002 TRACY CA TRM CHEVRON,DIESEL #2,24914,772348,174401,1,38517,0,38517,38517,92489,0,92489,200232,1,w1,38517,0,92489,37371,849583,218001,Out,Available,Low,150%,150,110%,110,125%,125,Above Trend,Above Trend,Above Trend,08/05 00:00:00 PDT,09/01 00:00:00 PDT,w1,0,2015-08-05 00:00:00,Contract,Contract,Contract,24914,24914,772348,772348,174401,-1146,757094,17769,0,0,0,0,0,0,1361643,1361645,1361644,2015-08-04 23:47:43,2015-08-04 23:47:43,2015-08-04 23:47:43,24900,772300,174400,37371,849582,218001,True,False,92489,True,92489,True,-1146,757094,125512,-1,-1,-1,93.0,133.0,0,1,1
2015-08-05,2015-08-05 00:00:00,Chevron,PILOT TRAVEL CENTERS LLC : CHV7460761,1002 TRACY CA TRM CHEVRON,DIESEL #2,24914,772348,174401,1,38613,0,38613,38613,131102,0,131102,38613,1,w2,38613,0,38613,37371,849583,218001,Out,Available,Available,150%,150,110%,110,125%,125,Above Trend,Above Trend,Above Trend,08/06 00:00:00 PDT,09/01 00:00:00 PDT,w2,0,2015-08-12 00:00:00,Contract,Contract,Contract,24914,24914,772348,772348,174401,-1242,718481,179388,0,0,0,0,0,0,1390128,1390130,1390129,2015-08-05 20:47:54,2015-08-05 20:47:54,2015-08-05 20:47:54,24900,772300,174400,37371,849582,218001,True,True,38613,True,131102,True,-1242,718481,179388,-1,-1,-1,105.0,133.0,0,1,1
2015-08-06,2015-08-06 00:00:00,Chevron,PILOT TRAVEL CENTERS LLC : CHV7460761,1002 TRACY CA TRM CHEVRON,DIESEL #2,24914,772348,174401,1,15406,0,15406,15406,146508,0,146508,54019,1,w2,15406,0,54019,37371,849583,218001,Available,Available,Available,150%,150,110%,110,125%,125,On Target,Above Trend,Above Trend,08/07 00:00:00 PDT,09/01 00:00:00 PDT,w2,0,2015-08-12 00:00:00,Contract,Contract,Contract,24914,24914,772348,772348,174401,21965,703075,163982,0,0,0,0,0,0,1427000,1427002,1427001,2015-08-06 23:48:02,2015-08-06 23:48:02,2015-08-06 23:48:02,24900,772300,174400,37371,849582,218001,True,True,54019,True,146508,True,21965,703075,163982,-1,-1,-1,98.0,0.0,0,1,1
2015-08-07,2015-08-07 00:00:00,Chevron,PILOT TRAVEL CENTERS LLC : CHV7460761,1002 TRACY CA TRM CHEVRON,DIESEL #2,24914,772348,174401,1,0,0,0,0,146508,0,146508,54019,1,w2,0,0,54019,37371,849583,218001,Available,Available,Available,150%,150,110%,110,125%,125,Below Trend,On Target,On Target,08/08 00:00:00 PDT,09/01 00:00:00 PDT,w2,0,2015-08-12 00:00:00,Contract,Contract,Contract,24914,24914,772348,772348,174401,37371,703075,163982,0,0,0,0,0,0,1461512,1461514,1461513,2015-08-07 23:48:53,2015-08-07 23:48:53,2015-08-07 23:48:53,24900,772300,174400,37371,849582,218001,True,True,54019,True,146508,True,37371,703075,163982,-1,-1,-1,84.0,0.0,0,1,1
2015-08-08,2015-08-08 00:00:00,Chevron,PILOT TRAVEL CENTERS LLC : CHV7460761,1002 TRACY CA TRM CHEVRON,DIESEL #2,24914,772348,174401,1,7655,0,7655,7655,154163,0,154163,61674,1,w2,7655,0,61674,37371,849583,218001,Available,Available,Available,150%,150,110%,110,125%,125,On Target,On Target,On Target,08/09 00:00:00 PDT,09/01 00:00:00 PDT,w2,0,2015-08-12 00:00:00,Contract,Contract,Contract,24914,24914,772348,772348,174401,29716,695420,156327,0,0,0,0,0,0,1495801,1495803,1495802,2015-08-08 23:47:48,2015-08-08 23:47:48,2015-08-08 23:47:48,24900,772300,174400,37371,849582,218001,True,True,61674,True,154163,True,29716,695420,156327,-1,-1,-1,77.0,0.0,0,1,1
2015-08-09,2015-08-09 00:00:00,Chevron,PILOT TRAVEL CENTERS LLC : CHV7460761,1002 TRACY CA TRM CHEVRON,DIESEL #2,24914,772348,174401,1,7802,0,7802,7802,161965,0,161965,69476,1,w2,7802,0,69476,37371,849583,218001,Available,Available,Available,150%,150,110%,110,125%,125,On Target,On Target,On Target,08/10 00:00:00 PDT,09/01 00:00:00 PDT,w2,0,2015-08-12 00:00:00,Contract,Contract,Contract,24914,24914,772348,772348,174401,29569,687618,148525,0,0,0,0,0,0,1529486,1529488,1529487,2015-08-09 23:48:51,2015-08-09 23:48:51,2015-08-09 23:48:51,24900,772300,174400,37371,849582,218001,True,True,69476,True,161965,True,29569,687618,148525,-1,-1,-1,72.0,0.0,0,1,1
2015-08-10,2015-08-10 00:00:00,Chevron,PILOT TRAVEL CENTERS LLC : CHV7460761,1002 TRACY CA TRM CHEVRON,DIESEL #2,24914,772348,174401,1,30808,0,30808,30808,192773,0,192773,100284,1,w2,30808,0,100284,37371,849583,218001,Low,Available,Available,150%,150,110%,110,125%,125,Above Trend,On Target,On Target,08/11 00:00:00 PDT,09/01 00:00:00 PDT,w2,0,2015-08-12 00:00:00,Contract,Contract,Contract,24914,24914,772348,772348,174401,6563,656810,117717,0,0,0,0,0,0,1562593,1562595,1562594,2015-08-10 23:48:52,2015-08-10 23:48:52,2015-08-10 23:48:52,24900,772300,174400,37371,849582,218001,True,True,100284,True,192773,True,6563,656810,117717,-1,-1,-1,77.0,133.0,0,1,1
2015-08-11,2015-08-11 00:00:00,Chevron,PILOT TRAVEL CENTERS LLC : CHV7460761,1002 TRACY CA TRM CHEVRON,DIESEL #2,24914,772348,174401,1,42018,0,34315,34315,227088,0,227088,134599,1,w2,34315,0,142302,37371,849583,218001,Low,Available,Available,150%,150,110%,110,125%,125,Above Trend,On Target,On Target,08/12 00:00:00 PDT,09/01 00:00:00 PDT,w2,0,2015-08-12 00:00:00,Contract,Contract,Contract,24914,24914,772348,772348,174401,3056,622495,83402,0,0,0,0,0,0,1584726,1584728,1584727,2015-08-11 14:49:02,2015-08-11 14:49:02,2015-08-11 14:49:02,24900,772300,174400,37371,849582,218001,True,True,142302,True,234791,True,-4647,622495,75699,-1,-1,-1,83.0,200.0,0,1,0
2015-08-12,2015-08-12 00:00:00,Chevron,PILOT TRAVEL CENTERS LLC : CHV7460761,1002 TRACY CA TRM CHEVRON,DIESEL #2,24914,772348,174401,1,38709,0,38709,38709,273500,0,273500,38709,1,w3,38709,0,38709,37371,849583,218001,Out,Available,Available,150%,150,110%,110,125%,125,Above Trend,Above Trend,Above Trend,08/13 00:00:00 PDT,09/01 00:00:00 PDT,w3,0,2015-08-19 00:00:00,Contract,Contract,Contract,24914,24914,772348,772348,174401,-1338,576083,179292,0,0,0,0,0,0,1634838,1634840,1634839,2015-08-12 23:49:07,2015-08-12 23:49:07,2015-08-12 23:49:07,24900,772300,174400,37371,849582,218001,True,True,38709,True,273500,True,-1338,576083,179292,-1,-1,-1,91.0,133.0,0,0,1
2015-08-13,2015-08-13 00:00:00,Chevron,PILOT TRAVEL CENTERS LLC : CHV7460761,1002 TRACY CA TRM CHEVRON,DIESEL #2,24914,772348,174401,1,30908,0,30908,30908,304408,0,304408,69617,1,w3,30908,0,69617,37371,849583,218001,Low,Available,Available,150%,150,110%,110,125%,125,Above Trend,Above Trend,Above Trend,08/14 00:00:00 PDT,09/01 00:00:00 PDT,w3,0,2015-08-19 00:00:00,Contract,Contract,Contract,24914,24914,772348,772348,174401,6463,545175,148384,0,0,0,0,0,0,1674768,1674770,1674769,2015-08-13 23:49:07,2015-08-13 23:49:07,2015-08-13 23:49:07,24900,772300,174400,37371,849582,218001,True,True,69617,True,304408,True,6463,545175,148384,-1,-1,-1,94.0,133.0,0,0,1
2015-08-14,2015-08-14 00:00:00,Chevron,PILOT TRAVEL CENTERS LLC : CHV7460761,1002 TRACY CA TRM CHEVRON,DIESEL #2,24914,772348,174401,1,30811,0,30811,30811,335219,0,335219,100428,1,w3,30811,0,100428,49828,849583,218001,Available,Available,Available,200%,200,110%,110,125%,125,On Target,Above Trend,Above Trend,08/15 00:00:00 PDT,09/01 00:00:00 PDT,w3,0,2015-08-19 00:00:00,Contract,Contract,Contract,24914,24914,772348,772348,174401,19017,514364,117573,0,0,0,0,0,0,1714380,1714382,1714381,2015-08-14 23:49:00,2015-08-14 23:49:00,2015-08-14 23:49:00,24900,772300,174400,49828,849582,218001,True,True,100428,True,335219,True,19017,514364,117573,-1,-1,-1,96.0,133.0,0,0,1
2015-08-15,2015-08-15 00:00:00,Chevron,PILOT TRAVEL CENTERS LLC : CHV7460761,1002 TRACY CA TRM CHEVRON,DIESEL #2,24914,772348,174401,1,15360,0,7655,7655,342874,0,342874,108083,1,w3,7655,0,115788,49828,849583,218001,Available,Available,Available,200%,200,110%,110,125%,125,On Target,Above Trend,Above Trend,08/16 00:00:00 PDT,09/01 00:00:00 PDT,w3,0,2015-08-19 00:00:00,Contract,Contract,Contract,24914,24914,772348,772348,174401,42173,506709,109918,0,0,0,0,0,0,1746749,1746751,1746750,2015-08-15 19:34:18,2015-08-15 19:34:18,2015-08-15 19:34:18,24900,772300,174400,49828,849582,218001,True,True,115788,True,350579,True,34468,506709,102213,-1,-1,-1,92.0,0.0,0,0,0
2015-08-16,2015-08-16 00:00:00,Chevron,PILOT TRAVEL CENTERS LLC : CHV7460761,1002 TRACY CA TRM CHEVRON,DIESEL #2,24914,772348,174401,1,7503,1,15208,7503,358082,0,358082,123291,1,w3,7503,0,123291,49828,849583,218001,Available,Available,Available,200%,200,110%,110,125%,125,Below Trend,Above Trend,Above Trend,08/17 00:00:00 PDT,09/01 00:00:00 PDT,w3,0,2015-08-19 00:00:00,Contract,Contract,Contract,24914,24914,772348,772348,174401,42325,491501,94710,0,0,0,0,0,0,1788496,1788498,1788497,2015-08-16 23:49:17,2015-08-16 23:49:17,2015-08-16 23:49:17,24900,772300,174400,49828,849582,218001,True,True,123291,True,358082,True,42325,491501,94710,-1,-1,-1,90.0,0.0,0,0,1
2015-08-17,2015-08-17 00:00:00,Chevron,PILOT TRAVEL CENTERS LLC : CHV7460761,1002 TRACY CA TRM CHEVRON,DIESEL #2,24914,772348,174401,1,30812,0,7703,7703,365785,0,365785,130994,1,w3,7703,0,154103,49828,849583,218001,Available,Available,Available,200%,200,110%,110,125%,125,Above Trend,Above Trend,Above Trend,08/18 00:00:00 PDT,09/01 00:00:00 PDT,w3,0,2015-08-19 00:00:00,Contract,Contract,Contract,24914,24914,772348,772348,174401,42125,483798,87007,0,0,0,0,0,0,1800549,1800551,1800550,2015-08-17 06:50:02,2015-08-17 06:50:02,2015-08-17 06:50:02,24900,772300,174400,49828,849582,218001,True,True,154103,True,388894,True,19016,483798,63898,-1,-1,-1,86.0,400.0,0,0,0
2015-08-18,2015-08-18 00:00:00,Chevron,PILOT TRAVEL CENTERS LLC : CHV7460761,1002 TRACY CA TRM CHEVRON,DIESEL #2,24914,772348,174401,1,46215,1,69324,46215,435109,0,435109,200318,1,w3,46215,0,200318,49828,849583,218001,Low,Available,Low,200%,200,110%,110,125%,125,Above Trend,Above Trend,Above Trend,08/19 00:00:00 PDT,09/01 00:00:00 PDT,w3,0,2015-08-19 00:00:00,Contract,Contract,Contract,24914,24914,772348,772348,174401,3613,414474,17683,0,0,0,0,0,0,1871152,1871154,1871153,2015-08-18 23:51:43,2015-08-18 23:51:43,2015-08-18 23:51:43,24900,772300,174400,49828,849582,218001,True,True,200318,True,435109,True,3613,414474,17683,-1,-1,-1,97.0,133.0,100,0,1
2015-08-19,2015-08-19 00:00:00,Chevron,PILOT TRAVEL CENTERS LLC : CHV7460761,1002 TRACY CA TRM CHEVRON,DIESEL #2,24914,772348,174401,1,46211,0,46211,46211,481320,0,481320,46211,1,w4,46211,0,46211,49828,849583,218001,Low,Available,Available,200%,200,110%,110,125%,125,Above Trend,Above Trend,Above Trend,08/20 00:00:00 PDT,09/01 00:00:00 PDT,w4,0,2015-08-26 00:00:00,Contract,Contract,Contract,24914,24914,772348,772348,174401,3617,368263,171790,0,0,0,0,0,0,1906808,1906810,1906809,2015-08-19 23:49:00,2015-08-19 23:49:00,2015-08-19 23:49:00,24900,772300,174400,49828,849582,218001,True,True,46211,True,481320,True,3617,368263,171790,-1,-1,-1,102.0,133.0,0,0,1
2015-08-20,2015-08-20 00:00:00,Chevron,PILOT TRAVEL CENTERS LLC : CHV7460761,1002 TRACY CA TRM CHEVRON,DIESEL #2,24914,772348,174401,1,46218,0,38515,38515,519835,0,519835,84726,1,w4,38515,0,92429,49828,849583,218001,Limited,Available,Available,200%,200,110%,110,125%,125,Above Trend,Above Trend,Above Trend,08/21 00:00:00 PDT,09/01 00:00:00 PDT,w4,0,2015-08-26 00:00:00,Contract,Contract,Contract,24914,24914,772348,772348,174401,11313,329748,133275,0,0,0,0,0,0,1944975,1944977,1944976,2015-08-20 23:49:04,2015-08-20 23:49:04,2015-08-20 23:49:04,24900,772300,174400,49828,849582,218001,True,True,92429,True,527538,True,3610,329748,125572,-1,-1,-1,104.0,133.0,0,0,0
2015-08-21,2015-08-21 00:00:00,Chevron,PILOT TRAVEL CENTERS LLC : CHV7460761,1002 TRACY CA TRM CHEVRON,DIESEL #2,24914,772348,174401,1,38515,1,7703,0,527538,0,527538,92429,1,w4,0,0,130944,49828,849583,218001,Available,Available,Available,200%,200,110%,110,125%,125,Below Trend,Above Trend,Above Trend,08/22 00:00:00 PDT,09/01 00:00:00 PDT,w4,0,2015-08-26 00:00:00,Contract,Contract,Contract,24914,24914,772348,772348,174401,49828,322045,125572,0,0,0,0,0,0,1949025,1949027,1949026,2015-08-21 03:48:56,2015-08-21 03:48:56,2015-08-21 03:48:56,24900,772300,174400,49828,849582,218001,True,True,130944,True,566053,True,11313,322045,87057,-1,-1,-1,101.0,0.0,0,0,0
2015-08-22,2015-08-22 00:00:00,Chevron,PILOT TRAVEL CENTERS LLC : CHV7460761,1002 TRACY CA TRM CHEVRON,DIESEL #2,24914,772348,174401,1,7655,1,46170,7655,573708,0,573708,138599,1,w4,7655,0,138599,49828,849583,218001,Available,Available,Available,200%,200,110%,110,125%,125,Below Trend,Above Trend,Above Trend,08/23 00:00:00 PDT,09/01 00:00:00 PDT,w4,0,2015-08-26 00:00:00,Contract,Contract,Contract,24914,24914,772348,772348,174401,42173,275875,79402,0,0,0,0,0,0,2021705,2021707,2021706,2015-08-22 23:49:07,2015-08-22 23:49:07,2015-08-22 23:49:07,24900,772300,174400,49828,849582,218001,True,True,138599,True,573708,True,42173,275875,79402,-1,-1,-1,105.0,0.0,0,0,1
2015-08-23,2015-08-23 00:00:00,Chevron,PILOT TRAVEL CENTERS LLC : CHV7460761,1002 TRACY CA TRM CHEVRON,DIESEL #2,24914,772348,174401,1,7803,0,7803,7803,581511,0,581511,146402,1,w4,7803,0,146402,49828,849583,218001,Available,Available,Available,200%,200,110%,110,125%,125,Below Trend,Above Trend,Above Trend,08/24 00:00:00 PDT,09/01 00:00:00 PDT,w4,0,2015-08-26 00:00:00,Contract,Contract,Contract,24914,24914,772348,772348,174401,42025,268072,71599,0,0,0,0,0,0,2057485,2057487,2057486,2015-08-23 23:48:50,2015-08-23 23:48:50,2015-08-23 23:48:50,24900,772300,174400,49828,849582,218001,True,True,146402,True,581511,True,42025,268072,71599,-1,-1,-1,101.0,0.0,0,0,1
2015-08-24,2015-08-24 00:00:00,Chevron,PILOT TRAVEL CENTERS LLC : CHV7460761,1002 TRACY CA TRM CHEVRON,DIESEL #2,24914,772348,174401,1,30811,0,15406,15406,596917,0,596917,161808,1,w4,15406,0,177213,49828,849583,218001,Available,Limited,Limited,200%,200,110%,110,125%,125,Above Trend,Above Trend,Above Trend,08/25 00:00:00 PDT,09/01 00:00:00 PDT,w4,0,2015-08-26 00:00:00,Contract,Contract,Contract,24914,24914,772348,772348,174401,34422,252666,56193,0,0,0,0,0,0,2071133,2071135,2071134,2015-08-24 09:26:21,2015-08-24 09:26:21,2015-08-24 09:26:21,24900,772300,174400,49828,849582,218001,True,True,177213,True,612322,True,19017,252666,40788,-1,-1,-1,100.0,400.0,0,0,0
2015-08-25,2015-08-25 00:00:00,Chevron,PILOT TRAVEL CENTERS LLC : CHV7460761,1002 TRACY CA TRM CHEVRON,DIESEL #2,24914,772348,174401,1,46317,1,61722,46317,658639,0,658639,223530,1,w4,46317,0,223530,49828,849583,218001,Low,Limited,Out,200%,200,110%,110,125%,125,Above Trend,Above Trend,Above Trend,08/26 00:00:00 PDT,09/01 00:00:00 PDT,w4,0,2015-08-26 00:00:00,Contract,Contract,Contract,24914,24914,772348,772348,174401,3511,190944,-5529,0,0,0,0,0,0,2126499,2126501,2126500,2015-08-25 23:49:06,2015-08-25 23:49:06,2015-08-25 23:49:06,24900,772300,174400,49828,849582,218001,True,True,223530,True,658639,True,3511,190944,-5529,-1,-1,-1,106.0,133.0,100,0,1
2015-08-26,2015-08-26 00:00:00,Chevron,PILOT TRAVEL CENTERS LLC : CHV7460761,1002 TRACY CA TRM CHEVRON,DIESEL #2,24914,772348,174401,1,54017,0,54017,54017,712656,0,712656,54017,1,w5,54017,0,54017,49828,849583,218001,Out,Low,Available,200%,200,110%,110,125%,125,Above Trend,Above Trend,Above Trend,08/27 00:00:00 PDT,09/01 00:00:00 PDT,w5,0,2015-09-02 00:00:00,Contract,Contract,Contract,24914,24914,772348,772348,174401,-4189,136927,163984,0,0,0,0,0,0,2153832,2153834,2153833,2015-08-26 23:49:01,2015-08-26 23:49:01,2015-08-26 23:49:01,24900,772300,174400,49828,849582,218001,True,True,54017,True,712656,True,-4189,136927,163984,-1,-1,-1,110.0,267.0,0,0,1
2015-08-27,2015-08-27 00:00:00,Chevron,PILOT TRAVEL CENTERS LLC : CHV7460761,1002 TRACY CA TRM CHEVRON,DIESEL #2,24914,772348,174401,1,23110,0,15408,15408,728064,0,728064,69425,1,w5,15408,0,77127,49828,849583,218001,Available,Low,Available,200%,200,110%,110,125%,125,On Target,Above Trend,Above Trend,08/28 00:00:00 PDT,09/01 00:00:00 PDT,w5,0,2015-09-02 00:00:00,Contract,Contract,Contract,24914,24914,772348,772348,174401,34420,121519,148576,0,0,0,0,0,0,2181296,2181298,2181297,2015-08-27 23:49:14,2015-08-27 23:49:14,2015-08-27 23:49:14,24900,772300,174400,49828,849582,218001,True,True,77127,True,735766,True,26718,121519,140874,-1,-1,-1,108.0,0.0,0,0,0
2015-08-28,2015-08-28 00:00:00,Chevron,PILOT TRAVEL CENTERS LLC : CHV7460761,1002 TRACY CA TRM CHEVRON,DIESEL #2,24914,772348,174401,1,30808,1,38510,30808,766574,0,766574,107935,1,w5,30808,0,107935,49828,849583,218001,Available,Low,Available,200%,200,110%,110,125%,125,On Target,Above Trend,Above Trend,08/29 00:00:00 PDT,09/01 00:00:00 PDT,w5,0,2015-09-02 00:00:00,Contract,Contract,Contract,24914,24914,772348,882000,174401,19020,83009,110066,0,0,0,0,0,0,2212234,2212236,2212235,2015-08-28 23:49:15,2015-08-28 23:49:15,2015-08-28 23:49:15,24900,772300,174400,49828,849582,218001,True,True,107935,True,766574,True,19020,83009,110066,-1,-1,-1,110.0,133.0,0,0,1
2015-08-29,2015-08-29 00:00:00,Chevron,PILOT TRAVEL CENTERS LLC : CHV7460761,1002 TRACY CA TRM CHEVRON,DIESEL #2,24914,772348,174401,1,7652,0,7652,7652,774226,0,774226,115587,1,w5,7652,0,115587,49828,849583,218001,Available,Low,Available,200%,200,110%,110,125%,125,Below Trend,Above Trend,Above Trend,08/30 00:00:00 PDT,09/01 00:00:00 PDT,w5,0,2015-09-02 00:00:00,Contract,Contract,Contract,24914,24914,772348,882000,174401,42176,75357,102414,0,0,0,0,0,0,2238874,2238876,2238875,2015-08-29 23:49:48,2015-08-29 23:49:48,2015-08-29 23:49:48,24900,772300,174400,49828,849582,218001,True,True,115587,True,774226,True,42176,75357,102414,-1,-1,-1,107.0,0.0,0,0,1
2015-08-30,2015-08-30 00:00:00,Chevron,PILOT TRAVEL CENTERS LLC : CHV7460761,1002 TRACY CA TRM CHEVRON,DIESEL #2,24914,772348,174401,1,0,0,0,0,774226,0,774226,115587,1,w5,0,0,115587,49828,849583,218001,Available,Low,Available,200%,200,110%,110,125%,125,Below Trend,Above Trend,On Target,08/31 00:00:00 PDT,09/01 00:00:00 PDT,w5,0,2015-09-02 00:00:00,Contract,Contract,Contract,24914,24914,772348,882000,174401,49828,75357,102414,0,0,0,0,0,0,2265525,2265527,2265526,2015-08-30 23:49:56,2015-08-30 23:49:56,2015-08-30 23:49:56,24900,772300,174400,49828,849582,218001,True,True,115587,True,774226,True,49828,75357,102414,-1,-1,-1,104.0,0.0,0,0,1
2015-08-31,2015-08-31 00:00:00,Chevron,PILOT TRAVEL CENTERS LLC : CHV7460761,1002 TRACY CA TRM CHEVRON,DIESEL #2,24914,772348,174401,1,23206,0,23206,23206,797432,0,797432,138793,1,w5,23206,0,138793,49828,849583,218001,Available,Low,Available,200%,200,110%,110,125%,125,On Target,Above Trend,On Target,09/01 00:00:00 PDT,09/01 00:00:00 PDT,w5,0,2015-09-02 00:00:00,Contract,Contract,Contract,24914,24914,882000,882000,174401,26622,52151,79208,0,0,0,0,0,0,2291179,2291181,2291180,2015-08-31 23:49:57,2015-08-31 23:49:57,2015-08-31 23:49:57,24900,772300,174400,49828,849582,218001,True,True,138793,True,797432,True,26622,52151,79208,-1,-1,-1,103.0,0.0,0,0,1
