,date,supplier_name,account_type,supplier_terminal_name,product_name,base_gallons_Daily,base_gallons_Monthly,base_gallons_Weekly,lifted_gallons_daily_flag,lifted_gallons_daily_modified,Modified_WeeksByLiftedGallons,lifted_gallons_modified_WeeksByLiftedGallons,lifted_gallons_Daily,Lifted_actual_monthly,lifted_gallons_monthly_flag,lifted_gallons_Monthly,Lifted_actual_weekly,lifted_gallons_weekly_flag,WeeksByLiftedGallons,lifted_gallonsWeekly_modified_aposteriori,Modified_LiftedGallonsaposteriori,lifted_gallons_Weekly,beginning_gallons_Daily,beginning_gallons_Monthly,beginning_gallons_Weekly,en_allocation_status_Daily,en_allocation_status_Monthly,en_allocation_status_Weekly,percentage_allocation_Daily_actual,percentage_allocation_Daily,percentage_allocation_Monthly_actual,percentage_allocation_Monthly,percentage_allocation_Weekly_actual,percentage_allocation_Weekly,alerts_ratability_Daily,alerts_ratability_Monthly,alerts_ratability_Weekly,next_refresh_date_Daily,next_refresh_date_Monthly,Week_switch,Modified_NRD,next_refresh_date_Weekly,en_account_type_Daily,en_account_type_Monthly,en_account_type_Weekly,NRB_Daily,next_refresh_base_gallons_Daily,NRB_Monthly,next_refresh_base_gallons_Monthly,next_refresh_base_gallons_Weekly,remaining_gallons_Daily,remaining_gallons_Monthly,remaining_gallons_Weekly,additional_gallons_allowed_Daily,additional_gallons_allowed_Monthly,additional_gallons_allowed_Weekly,additional_gallons_remaining_Daily,additional_gallons_remaining_Monthly,additional_gallons_remaining_Weekly,staging_id_Daily,staging_id_Monthly,staging_id_Weekly,execution_date_Daily,execution_date_Monthly,execution_date_Weekly,base_gallons_Daily_Reconciled,base_gallons_Monthly_Reconciled,base_gallons_Weekly_Reconciled,beginning_gallons_Daily_Reconciled,beginning_gallons_Monthly_Reconciled,beginning_gallons_Weekly_Reconciled,sanityWeekly_CumulativeDaily_WeeksByLiftedGallons,sanityWeekly_CumulativeDaily_NextRefreshDate,computedWeekly,sanityComputedWeekly,computedMonthly,sanityComputedMonthly,remaining_gallons_Daily_Reconciled,remaining_gallons_Monthly_Reconciled,remaining_gallons_Weekly_Reconciled,additional_gallons_remaining_Daily_Reconciled,additional_gallons_remaining_Monthly_Reconciled,additional_gallons_remaining_Weekly_Reconciled,Ratability_Monthly,Ratability_Daily,Ratability_Weekly,sanityMonthly_CumulativeDaily_WeeksByLiftedGallons,sanityMonthly_CumulativeDaily_WeeksByNextRefreshDate
2015-08-01,2015-08-01 00:00:00,Chevron,PILOT TRAVEL CENTERS LLC : CHV7460761,1037 PASCAGOULA MS TRM CHEVRON,DIESEL #2,67868,2103902,475075,1,0,0,0,0,0,0,0,55872,1,w1,0,0,0,101802,2314292,593844,Available,Available,Available,150%,150,110%,110,125%,125,Below Trend,Below Trend,Below Trend,08/02 00:00:00 CDT,09/01 00:00:00 CDT,w1,0,2015-08-05 00:00:00,Contract,Contract,Contract,67868,67868,2103902,2103902,475075,101802,2314292,537972,0,0,0,0,0,0,1272197,1272199,1272198,2015-08-01 23:48:04,2015-08-01 23:48:04,2015-08-01 23:48:04,67800,2103900,475000,101802,2314292,593843,True,False,0,True,0,True,101802,2314292,593844,-1,-1,-1,0.0,0.0,0,1,1
2015-08-02,2015-08-02 00:00:00,Chevron,PILOT TRAVEL CENTERS LLC : CHV7460761,1037 PASCAGOULA MS TRM CHEVRON,DIESEL #2,67868,2103902,475075,1,0,0,0,0,0,0,0,55872,1,w1,0,0,0,101802,2314292,593844,Available,Available,Available,150%,150,110%,110,125%,125,Below Trend,Below Trend,Below Trend,08/03 00:00:00 CDT,09/01 00:00:00 CDT,w1,0,2015-08-05 00:00:00,Contract,Contract,Contract,67868,67868,2103902,2103902,475075,101802,2314292,537972,0,0,0,0,0,0,1303020,1303022,1303021,2015-08-02 23:50:23,2015-08-02 23:50:23,2015-08-02 23:50:23,67800,2103900,475000,101802,2314292,593843,True,False,0,True,0,True,101802,2314292,593844,-1,-1,-1,0.0,0.0,0,1,1
2015-08-03,2015-08-03 00:00:00,Chevron,PILOT TRAVEL CENTERS LLC : CHV7460761,1037 PASCAGOULA MS TRM CHEVRON,DIESEL #2,67868,2103902,475075,1,32277,0,32277,32277,32277,0,32277,88149,1,w1,32277,0,32277,101802,2314292,593844,Available,Available,Available,150%,150,110%,110,125%,125,On Target,Below Trend,Below Trend,08/04 00:00:00 CDT,09/01 00:00:00 CDT,w1,0,2015-08-05 00:00:00,Contract,Contract,Contract,67868,67868,2103902,2103902,475075,69525,2282015,505695,0,0,0,0,0,0,1331475,1331477,1331476,2015-08-03 23:47:51,2015-08-03 23:47:51,2015-08-03 23:47:51,67800,2103900,475000,101802,2314292,593843,True,False,32277,True,32277,True,69525,2282015,561567,-1,-1,-1,16.0,0.0,0,1,1
2015-08-04,2015-08-04 00:00:00,Chevron,PILOT TRAVEL CENTERS LLC : CHV7460761,1037 PASCAGOULA MS TRM CHEVRON,DIESEL #2,67868,2103902,475075,1,84413,0,76693,76693,108970,0,108970,164842,1,w1,76693,0,116690,101802,2314292,593844,Limited,Available,Available,150%,150,110%,110,125%,125,On Target,On Target,On Target,08/05 00:00:00 CDT,09/01 00:00:00 CDT,w1,0,2015-08-05 00:00:00,Contract,Contract,Contract,67868,67868,2103902,2103902,475075,25109,2205322,429002,0,0,0,0,0,0,1361658,1361660,1361659,2015-08-04 23:47:43,2015-08-04 23:47:43,2015-08-04 23:47:43,67800,2103900,475000,101802,2314292,593843,True,False,116690,True,116690,True,17389,2205322,477154,-1,-1,-1,40.0,133.0,0,1,0
2015-08-05,2015-08-05 00:00:00,Chevron,PILOT TRAVEL CENTERS LLC : CHV7460761,1037 PASCAGOULA MS TRM CHEVRON,DIESEL #2,67868,2103902,475075,1,108018,0,84981,84981,201671,0,201671,84981,1,w2,84981,0,108018,101802,2314292,593844,Low,Available,Available,150%,150,110%,110,125%,125,Above Trend,On Target,Above Trend,08/06 00:00:00 CDT,09/01 00:00:00 CDT,w2,0,2015-08-12 00:00:00,Contract,Contract,Contract,67868,67868,2103902,2103902,475075,16821,2112621,508863,0,0,0,0,0,0,1390143,1390145,1390144,2015-08-05 20:47:54,2015-08-05 20:47:54,2015-08-05 20:47:54,67800,2103900,475000,101802,2314292,593843,True,True,108018,True,224708,True,-6216,2112621,485826,-1,-1,-1,59.0,133.0,0,0,0
2015-08-06,2015-08-06 00:00:00,Chevron,PILOT TRAVEL CENTERS LLC : CHV7460761,1037 PASCAGOULA MS TRM CHEVRON,DIESEL #2,67868,2103902,475075,1,108179,1,131216,108179,332887,0,332887,216197,1,w2,108179,0,216197,101802,2314292,593844,Out,Available,Available,150%,150,110%,110,125%,125,Above Trend,On Target,Above Trend,08/07 00:00:00 CDT,09/01 00:00:00 CDT,w2,0,2015-08-12 00:00:00,Contract,Contract,Contract,67868,67868,2103902,2103902,475075,-6377,1981405,377647,0,0,0,0,0,0,1427015,1427017,1427016,2015-08-06 23:48:02,2015-08-06 23:48:02,2015-08-06 23:48:02,67800,2103900,475000,101802,2314292,593843,True,True,216197,True,332887,True,-6377,1981405,377647,-1,-1,-1,82.0,133.0,0,0,1
2015-08-07,2015-08-07 00:00:00,Chevron,PILOT TRAVEL CENTERS LLC : CHV7460761,1037 PASCAGOULA MS TRM CHEVRON,DIESEL #2,67868,2103902,475075,1,74685,0,74685,74685,407572,0,407572,290882,1,w2,74685,0,290882,101802,2314292,593844,Limited,Available,Available,150%,150,110%,110,125%,125,On Target,On Target,Above Trend,08/08 00:00:00 CDT,09/01 00:00:00 CDT,w2,0,2015-08-12 00:00:00,Contract,Contract,Contract,67868,67868,2103902,2103902,475075,27117,1906720,302962,0,0,0,0,0,0,1461527,1461529,1461528,2015-08-07 23:48:53,2015-08-07 23:48:53,2015-08-07 23:48:53,67800,2103900,475000,101802,2314292,593843,True,True,290882,True,407572,True,27117,1906720,302962,-1,-1,-1,86.0,133.0,0,0,1
2015-08-08,2015-08-08 00:00:00,Chevron,PILOT TRAVEL CENTERS LLC : CHV7460761,1037 PASCAGOULA MS TRM CHEVRON,DIESEL #2,67868,2103902,475075,1,54669,0,54669,54669,462241,0,462241,345551,1,w2,54669,0,345551,101802,2314292,593844,Available,Available,Available,150%,150,110%,110,125%,125,On Target,On Target,Above Trend,08/09 00:00:00 CDT,09/01 00:00:00 CDT,w2,0,2015-08-12 00:00:00,Contract,Contract,Contract,67868,67868,2103902,2103902,475075,47133,1852051,248293,0,0,0,0,0,0,1495816,1495818,1495817,2015-08-08 23:47:48,2015-08-08 23:47:48,2015-08-08 23:47:48,67800,2103900,475000,101802,2314292,593843,True,True,345551,True,462241,True,47133,1852051,248293,-1,-1,-1,85.0,0.0,0,0,1
2015-08-09,2015-08-09 00:00:00,Chevron,PILOT TRAVEL CENTERS LLC : CHV7460761,1037 PASCAGOULA MS TRM CHEVRON,DIESEL #2,67868,2103902,475075,1,64910,0,57302,57302,519543,0,519543,402853,1,w2,57302,0,410461,101802,2314292,593844,Available,Available,Available,150%,150,110%,110,125%,125,On Target,On Target,Above Trend,08/10 00:00:00 CDT,09/01 00:00:00 CDT,w2,0,2015-08-12 00:00:00,Contract,Contract,Contract,67868,67868,2103902,2103902,475075,44500,1794749,190991,0,0,0,0,0,0,1529501,1529503,1529502,2015-08-09 23:48:51,2015-08-09 23:48:51,2015-08-09 23:48:51,67800,2103900,475000,101802,2314292,593843,True,True,410461,True,527151,True,36892,1794749,183383,-1,-1,-1,85.0,0.0,0,0,0
2015-08-10,2015-08-10 00:00:00,Chevron,PILOT TRAVEL CENTERS LLC : CHV7460761,1037 PASCAGOULA MS TRM CHEVRON,DIESEL #2,67868,2103902,475075,1,74625,1,82233,74625,601776,0,601776,485086,1,w2,74625,0,485086,101802,2314292,593844,Limited,Available,Low,150%,150,110%,110,125%,125,On Target,Above Trend,Above Trend,08/11 00:00:00 CDT,09/01 00:00:00 CDT,w2,0,2015-08-12 00:00:00,Contract,Contract,Contract,67868,67868,2103902,2103902,475075,27177,1712516,108758,0,0,0,0,0,0,1562608,1562610,1562609,2015-08-10 23:48:52,2015-08-10 23:48:52,2015-08-10 23:48:52,67800,2103900,475000,101802,2314292,593843,True,True,485086,True,601776,True,27177,1712516,108758,-1,-1,-1,89.0,133.0,0,0,1
2015-08-11,2015-08-11 00:00:00,Chevron,PILOT TRAVEL CENTERS LLC : CHV7460761,1037 PASCAGOULA MS TRM CHEVRON,DIESEL #2,67868,2103902,475075,1,100424,0,54554,54554,656330,0,656330,539640,1,w2,54554,0,585510,101802,2314292,593844,Available,Available,Low,150%,150,110%,110,125%,125,Above Trend,Above Trend,Above Trend,08/12 00:00:00 CDT,09/01 00:00:00 CDT,w2,0,2015-08-12 00:00:00,Contract,Contract,Contract,67868,67868,2103902,2103902,475075,47248,1657962,54204,0,0,0,0,0,0,1584741,1584743,1584742,2015-08-11 14:49:02,2015-08-11 14:49:02,2015-08-11 14:49:02,67800,2103900,475000,101802,2314292,593843,True,True,585510,True,702200,True,1378,1657962,8334,-1,-1,-1,88.0,200.0,100,0,0
2015-08-12,2015-08-12 00:00:00,Chevron,PILOT TRAVEL CENTERS LLC : CHV7460761,1037 PASCAGOULA MS TRM CHEVRON,DIESEL #2,67868,2103902,475075,1,87823,0,80219,80219,782419,0,782419,80219,1,w3,80219,0,87823,101802,2314292,593844,Limited,Available,Available,150%,150,110%,110,125%,125,Above Trend,Above Trend,Above Trend,08/13 00:00:00 CDT,09/01 00:00:00 CDT,w3,0,2015-08-19 00:00:00,Contract,Contract,Contract,67868,67868,2103902,2103902,475075,21583,1531873,513625,0,0,0,0,0,0,1634853,1634855,1634854,2015-08-12 23:49:07,2015-08-12 23:49:07,2015-08-12 23:49:07,67800,2103900,475000,101802,2314292,593843,True,True,87823,True,790023,True,13979,1531873,506021,-1,-1,-1,96.0,133.0,0,0,0
2015-08-13,2015-08-13 00:00:00,Chevron,PILOT TRAVEL CENTERS LLC : CHV7460761,1037 PASCAGOULA MS TRM CHEVRON,DIESEL #2,67868,2103902,475075,1,85250,1,85139,77535,867558,0,867558,165358,1,w3,77535,0,173073,101802,2314292,593844,Limited,Available,Available,150%,150,110%,110,125%,125,On Target,Above Trend,Above Trend,08/14 00:00:00 CDT,09/01 00:00:00 CDT,w3,0,2015-08-19 00:00:00,Contract,Contract,Contract,67868,67868,2103902,2103902,475075,24267,1446734,428486,0,0,0,0,0,0,1674783,1674785,1674784,2015-08-13 23:49:07,2015-08-13 23:49:07,2015-08-13 23:49:07,67800,2103900,475000,101802,2314292,593843,True,True,173073,True,875273,True,16552,1446734,420771,-1,-1,-1,98.0,133.0,0,0,0
2015-08-14,2015-08-14 00:00:00,Chevron,PILOT TRAVEL CENTERS LLC : CHV7460761,1037 PASCAGOULA MS TRM CHEVRON,DIESEL #2,67868,2103902,475075,1,69383,1,77098,69383,944656,0,944656,242456,1,w3,69383,0,242456,101802,2314292,593844,Available,Available,Available,150%,150,110%,110,125%,125,On Target,Above Trend,Above Trend,08/15 00:00:00 CDT,09/01 00:00:00 CDT,w3,0,2015-08-19 00:00:00,Contract,Contract,Contract,67868,67868,2103902,2103902,475075,32419,1369636,351388,0,0,0,0,0,0,1714395,1714397,1714396,2015-08-14 23:49:00,2015-08-14 23:49:00,2015-08-14 23:49:00,67800,2103900,475000,101802,2314292,593843,True,True,242456,True,944656,True,32419,1369636,351388,-1,-1,-1,99.0,133.0,0,0,1
2015-08-15,2015-08-15 00:00:00,Chevron,PILOT TRAVEL CENTERS LLC : CHV7460761,1037 PASCAGOULA MS TRM CHEVRON,DIESEL #2,67868,2103902,475075,1,61881,0,58174,58174,1002830,0,1002830,300630,1,w3,58174,0,304337,101802,2314292,593844,Available,Available,Available,150%,150,110%,110,125%,125,On Target,Above Trend,Above Trend,08/16 00:00:00 CDT,09/01 00:00:00 CDT,w3,0,2015-08-19 00:00:00,Contract,Contract,Contract,67868,67868,2103902,2103902,475075,43628,1311462,293214,0,0,0,0,0,0,1746764,1746766,1746765,2015-08-15 19:34:18,2015-08-15 19:34:18,2015-08-15 19:34:18,67800,2103900,475000,101802,2314292,593843,True,True,304337,True,1006537,True,39921,1311462,289507,-1,-1,-1,99.0,0.0,0,0,0
2015-08-16,2015-08-16 00:00:00,Chevron,PILOT TRAVEL CENTERS LLC : CHV7460761,1037 PASCAGOULA MS TRM CHEVRON,DIESEL #2,67868,2103902,475075,1,98376,1,94479,90772,1097309,0,1097309,395109,1,w3,90772,0,402713,101802,2314292,593844,Low,Available,Available,150%,150,110%,110,125%,125,Above Trend,Above Trend,Above Trend,08/17 00:00:00 CDT,09/01 00:00:00 CDT,w3,0,2015-08-19 00:00:00,Contract,Contract,Contract,67868,67868,2103902,2103902,475075,11030,1216983,198735,0,0,0,0,0,0,1788511,1788513,1788512,2015-08-16 23:49:17,2015-08-16 23:49:17,2015-08-16 23:49:17,67800,2103900,475000,101802,2314292,593843,True,True,402713,True,1104913,True,3426,1216983,191131,-1,-1,-1,101.0,133.0,0,0,0
2015-08-17,2015-08-17 00:00:00,Chevron,PILOT TRAVEL CENTERS LLC : CHV7460761,1037 PASCAGOULA MS TRM CHEVRON,DIESEL #2,67868,2103902,475075,1,68358,1,18715,11111,1116024,0,1116024,413824,1,w3,11111,0,471071,101802,2314292,593844,Available,Available,Available,150%,150,110%,110,125%,125,On Target,Above Trend,Above Trend,08/18 00:00:00 CDT,09/01 00:00:00 CDT,w3,0,2015-08-19 00:00:00,Contract,Contract,Contract,67868,67868,2103902,2103902,475075,90691,1198268,180020,0,0,0,0,0,0,1800564,1800566,1800565,2015-08-17 06:50:02,2015-08-17 06:50:02,2015-08-17 06:50:02,67800,2103900,475000,101802,2314292,593843,True,True,471071,True,1173271,True,33444,1198268,122773,-1,-1,-1,97.0,400.0,0,0,0
2015-08-18,2015-08-18 00:00:00,Chevron,PILOT TRAVEL CENTERS LLC : CHV7460761,1037 PASCAGOULA MS TRM CHEVRON,DIESEL #2,67868,2103902,475075,1,103112,1,145041,87794,1261065,0,1261065,558865,1,w3,87794,0,574183,101802,2314292,593844,Low,Available,Low,150%,150,110%,110,125%,125,Above Trend,Above Trend,Above Trend,08/19 00:00:00 CDT,09/01 00:00:00 CDT,w3,0,2015-08-19 00:00:00,Contract,Contract,Contract,67868,67868,2103902,2103902,475075,14008,1053227,34979,0,0,0,0,0,0,1871167,1871169,1871168,2015-08-18 23:51:43,2015-08-18 23:51:43,2015-08-18 23:51:43,67800,2103900,475000,101802,2314292,593843,True,True,574183,True,1276383,True,-1310,1053227,19661,-1,-1,-1,103.0,133.0,100,0,0
2015-08-19,2015-08-19 00:00:00,Chevron,PILOT TRAVEL CENTERS LLC : CHV7460761,1037 PASCAGOULA MS TRM CHEVRON,DIESEL #2,67868,2103902,475075,1,103208,0,95602,95602,1371985,0,1371985,95602,1,w4,95602,0,103208,101802,2314292,593844,Low,Available,Available,150%,150,110%,110,125%,125,Above Trend,Above Trend,Above Trend,08/20 00:00:00 CDT,09/01 00:00:00 CDT,w4,0,2015-08-26 00:00:00,Contract,Contract,Contract,67868,67868,2103902,2103902,475075,6200,942307,498242,0,0,0,0,0,0,1906823,1906825,1906824,2015-08-19 23:49:00,2015-08-19 23:49:00,2015-08-19 23:49:00,67800,2103900,475000,101802,2314292,593843,True,True,103208,True,1379591,True,-1406,942307,490636,-1,-1,-1,106.0,133.0,0,0,0
2015-08-20,2015-08-20 00:00:00,Chevron,PILOT TRAVEL CENTERS LLC : CHV7460761,1037 PASCAGOULA MS TRM CHEVRON,DIESEL #2,67868,2103902,475075,1,87773,1,95379,87773,1467364,0,1467364,190981,1,w4,87773,0,190981,101802,2314292,593844,Low,Available,Available,150%,150,110%,110,125%,125,Above Trend,Above Trend,Above Trend,08/21 00:00:00 CDT,09/01 00:00:00 CDT,w4,0,2015-08-26 00:00:00,Contract,Contract,Contract,67868,67868,2103902,2103902,475075,14029,846928,402863,0,0,0,0,0,0,1944990,1944992,1944991,2015-08-20 23:49:04,2015-08-20 23:49:04,2015-08-20 23:49:04,67800,2103900,475000,101802,2314292,593843,True,True,190981,True,1467364,True,14029,846928,402863,-1,-1,-1,108.0,133.0,0,0,1
2015-08-21,2015-08-21 00:00:00,Chevron,PILOT TRAVEL CENTERS LLC : CHV7460761,1037 PASCAGOULA MS TRM CHEVRON,DIESEL #2,67868,2103902,475075,1,64494,0,15326,15326,1482690,0,1482690,206307,1,w4,15326,0,255475,101802,2314292,593844,Available,Available,Available,150%,150,110%,110,125%,125,Above Trend,Above Trend,Above Trend,08/22 00:00:00 CDT,09/01 00:00:00 CDT,w4,0,2015-08-26 00:00:00,Contract,Contract,Contract,67868,67868,2103902,2103902,475075,86476,831602,387537,0,0,0,0,0,0,1949040,1949042,1949041,2015-08-21 03:48:56,2015-08-21 03:48:56,2015-08-21 03:48:56,67800,2103900,475000,101802,2314292,593843,True,True,255475,True,1531858,True,37308,831602,338369,-1,-1,-1,104.0,0.0,0,0,0
2015-08-22,2015-08-22 00:00:00,Chevron,PILOT TRAVEL CENTERS LLC : CHV7460761,1037 PASCAGOULA MS TRM CHEVRON,DIESEL #2,67868,2103902,475075,1,58162,1,107330,58162,1590020,0,1590020,313637,1,w4,58162,0,313637,101802,2314292,593844,Available,Available,Available,150%,150,110%,110,125%,125,On Target,Above Trend,Above Trend,08/23 00:00:00 CDT,09/01 00:00:00 CDT,w4,0,2015-08-26 00:00:00,Contract,Contract,Contract,67868,67868,2103902,2103902,475075,43640,724272,280207,0,0,0,0,0,0,2021720,2021722,2021721,2015-08-22 23:49:07,2015-08-22 23:49:07,2015-08-22 23:49:07,67800,2103900,475000,101802,2314292,593843,True,True,313637,True,1590020,True,43640,724272,280207,-1,-1,-1,106.0,0.0,0,0,1
2015-08-23,2015-08-23 00:00:00,Chevron,PILOT TRAVEL CENTERS LLC : CHV7460761,1037 PASCAGOULA MS TRM CHEVRON,DIESEL #2,67868,2103902,475075,1,80413,0,80413,80413,1670433,0,1670433,394050,1,w4,80413,0,394050,101802,2314292,593844,Limited,Limited,Available,150%,150,110%,110,125%,125,Above Trend,Above Trend,Above Trend,08/24 00:00:00 CDT,09/01 00:00:00 CDT,w4,0,2015-08-26 00:00:00,Contract,Contract,Contract,67868,67868,2103902,2103902,475075,21389,643859,199794,0,0,0,0,0,0,2057500,2057502,2057501,2015-08-23 23:48:50,2015-08-23 23:48:50,2015-08-23 23:48:50,67800,2103900,475000,101802,2314292,593843,True,True,394050,True,1670433,True,21389,643859,199794,-1,-1,-1,107.0,133.0,0,0,1
2015-08-24,2015-08-24 00:00:00,Chevron,PILOT TRAVEL CENTERS LLC : CHV7460761,1037 PASCAGOULA MS TRM CHEVRON,DIESEL #2,67868,2103902,475075,1,67847,0,18747,18747,1689180,0,1689180,412797,1,w4,18747,0,461897,101802,2314292,593844,Available,Limited,Available,150%,150,110%,110,125%,125,On Target,Above Trend,Above Trend,08/25 00:00:00 CDT,09/01 00:00:00 CDT,w4,0,2015-08-26 00:00:00,Contract,Contract,Contract,67868,67868,2103902,2103902,475075,83055,625112,181047,0,0,0,0,0,0,2071148,2071150,2071149,2015-08-24 09:26:21,2015-08-24 09:26:21,2015-08-24 09:26:21,67800,2103900,475000,101802,2314292,593843,True,True,461897,True,1738280,True,33955,625112,131947,-1,-1,-1,104.0,400.0,0,0,0
2015-08-25,2015-08-25 00:00:00,Chevron,PILOT TRAVEL CENTERS LLC : CHV7460761,1037 PASCAGOULA MS TRM CHEVRON,DIESEL #2,67868,2103902,475075,1,70073,1,103642,54542,1792822,0,1792822,516439,1,w4,54542,0,531970,101802,2314292,593844,Available,Limited,Low,150%,150,110%,110,125%,125,On Target,Above Trend,Above Trend,08/26 00:00:00 CDT,09/01 00:00:00 CDT,w4,0,2015-08-26 00:00:00,Contract,Contract,Contract,67868,67868,2103902,2103902,475075,47260,521470,77405,0,0,0,0,0,0,2126514,2126516,2126515,2015-08-25 23:49:06,2015-08-25 23:49:06,2015-08-25 23:49:06,67800,2103900,475000,101802,2314292,593843,True,True,531970,True,1808353,True,31729,521470,61874,-1,-1,-1,106.0,133.0,100,0,0
2015-08-26,2015-08-26 00:00:00,Chevron,PILOT TRAVEL CENTERS LLC : CHV7460761,1037 PASCAGOULA MS TRM CHEVRON,DIESEL #2,67868,2103902,475075,1,95857,0,80320,80320,1888673,0,1888673,80320,1,w5,80320,0,95857,101802,2314292,593844,Limited,Low,Available,150%,150,110%,110,125%,125,Above Trend,Above Trend,Above Trend,08/27 00:00:00 CDT,09/01 00:00:00 CDT,w5,0,2015-09-02 00:00:00,Contract,Contract,Contract,67868,67868,2103902,2103902,475075,21482,425619,513524,0,0,0,0,0,0,2153847,2153849,2153848,2015-08-26 23:49:01,2015-08-26 23:49:01,2015-08-26 23:49:01,67800,2103900,475000,101802,2314292,593843,True,True,95857,True,1904210,True,5945,425619,497987,-1,-1,-1,107.0,133.0,0,0,0
2015-08-27,2015-08-27 00:00:00,Chevron,PILOT TRAVEL CENTERS LLC : CHV7460761,1037 PASCAGOULA MS TRM CHEVRON,DIESEL #2,67868,2103902,475075,1,42270,1,34789,19252,1923462,0,1923462,115109,1,w5,19252,0,138127,101802,2314292,593844,Available,Low,Available,150%,150,110%,110,125%,125,Below Trend,Above Trend,On Target,08/28 00:00:00 CDT,09/01 00:00:00 CDT,w5,0,2015-09-02 00:00:00,Contract,Contract,Contract,67868,67868,2103902,2190042,475075,82550,390830,478735,0,0,0,0,0,0,2181311,2181313,2181312,2015-08-27 23:49:14,2015-08-27 23:49:14,2015-08-27 23:49:14,67800,2103900,475000,101802,2314292,593843,True,True,138127,True,1946480,True,59532,390830,455717,-1,-1,-1,105.0,0.0,0,0,0
2015-08-28,2015-08-28 00:00:00,Chevron,PILOT TRAVEL CENTERS LLC : CHV7460761,1037 PASCAGOULA MS TRM CHEVRON,DIESEL #2,67868,2103902,475075,1,55766,1,78784,55766,2002246,0,2002246,193893,1,w5,55766,0,193893,101802,2314292,593844,Available,Low,Available,150%,150,110%,110,125%,125,On Target,Above Trend,On Target,08/29 00:00:00 CDT,09/01 00:00:00 CDT,w5,0,2015-09-02 00:00:00,Contract,Contract,Contract,67868,67868,2103902,2190042,475075,46036,312046,399951,0,0,0,0,0,0,2212249,2212251,2212250,2015-08-28 23:49:15,2015-08-28 23:49:15,2015-08-28 23:49:15,67800,2103900,475000,101802,2314292,593843,True,True,193893,True,2002246,True,46036,312046,399951,-1,-1,-1,105.0,0.0,0,0,1
2015-08-29,2015-08-29 00:00:00,Chevron,PILOT TRAVEL CENTERS LLC : CHV7460761,1037 PASCAGOULA MS TRM CHEVRON,DIESEL #2,67868,2103902,475075,1,0,0,0,0,2002246,0,2002246,193893,1,w5,0,0,193893,101802,2314292,593844,Available,Low,Available,150%,150,110%,110,125%,125,Below Trend,Above Trend,On Target,08/30 00:00:00 CDT,09/01 00:00:00 CDT,w5,0,2015-09-02 00:00:00,Contract,Contract,Contract,67868,67868,2103902,2190042,475075,101802,312046,399951,0,0,0,0,0,0,2238889,2238891,2238890,2015-08-29 23:49:48,2015-08-29 23:49:48,2015-08-29 23:49:48,67800,2103900,475000,101802,2314292,593843,True,True,193893,True,2002246,True,101802,312046,399951,-1,-1,-1,102.0,0.0,0,0,1
2015-08-30,2015-08-30 00:00:00,Chevron,PILOT TRAVEL CENTERS LLC : CHV7460761,1037 PASCAGOULA MS TRM CHEVRON,DIESEL #2,67868,2103902,475075,1,163626,0,0,0,2002246,0,2002246,193893,1,w5,0,0,357519,101802,2314292,593844,Available,Low,Available,150%,150,110%,110,125%,125,Below Trend,Above Trend,On Target,08/31 00:00:00 CDT,09/01 00:00:00 CDT,w5,0,2015-09-02 00:00:00,Contract,Contract,Contract,67868,67868,2103902,2190042,475075,101802,312046,399951,0,0,0,0,0,0,2265540,2265542,2265541,2015-08-30 23:49:56,2015-08-30 23:49:56,2015-08-30 23:49:56,67800,2103900,475000,101802,2314292,593843,True,True,357519,True,2165872,True,-61824,312046,236325,-1,-1,-1,98.0,267.0,0,0,0
2015-08-31,2015-08-31 00:00:00,Chevron,PILOT TRAVEL CENTERS LLC : CHV7460761,1037 PASCAGOULA MS TRM CHEVRON,DIESEL #2,67868,2103902,475075,1,60497,1,224123,60497,2226369,0,2226369,418016,1,w5,60497,0,418016,101802,2314292,593844,Available,Low,Limited,150%,150,110%,110,125%,125,On Target,Above Trend,Above Trend,09/01 00:00:00 CDT,09/01 00:00:00 CDT,w5,0,2015-09-02 00:00:00,Contract,Contract,Contract,67868,67868,2190042,2190042,475075,41305,87923,175828,0,0,0,0,0,0,2291194,2291196,2291195,2015-08-31 23:49:57,2015-08-31 23:49:57,2015-08-31 23:49:57,67800,2103900,475000,101802,2314292,593843,True,True,418016,True,2226369,True,41305,87923,175828,-1,-1,-1,106.0,0.0,0,0,1
