,date,supplier_name,account_type,supplier_terminal_name,product_name,base_gallons_Daily,base_gallons_Monthly,base_gallons_Weekly,lifted_gallons_daily_flag,lifted_gallons_daily_modified,Modified_WeeksByLiftedGallons,lifted_gallons_modified_WeeksByLiftedGallons,lifted_gallons_Daily,Lifted_actual_monthly,lifted_gallons_monthly_flag,lifted_gallons_Monthly,Lifted_actual_weekly,lifted_gallons_weekly_flag,WeeksByLiftedGallons,lifted_gallonsWeekly_modified_aposteriori,Modified_LiftedGallonsaposteriori,lifted_gallons_Weekly,beginning_gallons_Daily,beginning_gallons_Monthly,beginning_gallons_Weekly,en_allocation_status_Daily,en_allocation_status_Monthly,en_allocation_status_Weekly,percentage_allocation_Daily_actual,percentage_allocation_Daily,percentage_allocation_Monthly_actual,percentage_allocation_Monthly,percentage_allocation_Weekly_actual,percentage_allocation_Weekly,alerts_ratability_Daily,alerts_ratability_Monthly,alerts_ratability_Weekly,next_refresh_date_Daily,next_refresh_date_Monthly,Week_switch,Modified_NRD,next_refresh_date_Weekly,en_account_type_Daily,en_account_type_Monthly,en_account_type_Weekly,NRB_Daily,next_refresh_base_gallons_Daily,NRB_Monthly,next_refresh_base_gallons_Monthly,next_refresh_base_gallons_Weekly,remaining_gallons_Daily,remaining_gallons_Monthly,remaining_gallons_Weekly,additional_gallons_allowed_Daily,additional_gallons_allowed_Monthly,additional_gallons_allowed_Weekly,additional_gallons_remaining_Daily,additional_gallons_remaining_Monthly,additional_gallons_remaining_Weekly,staging_id_Daily,staging_id_Monthly,staging_id_Weekly,execution_date_Daily,execution_date_Monthly,execution_date_Weekly,base_gallons_Daily_Reconciled,base_gallons_Monthly_Reconciled,base_gallons_Weekly_Reconciled,beginning_gallons_Daily_Reconciled,beginning_gallons_Monthly_Reconciled,beginning_gallons_Weekly_Reconciled,sanityWeekly_CumulativeDaily_WeeksByLiftedGallons,sanityWeekly_CumulativeDaily_NextRefreshDate,computedWeekly,sanityComputedWeekly,computedMonthly,sanityComputedMonthly,remaining_gallons_Daily_Reconciled,remaining_gallons_Monthly_Reconciled,remaining_gallons_Weekly_Reconciled,additional_gallons_remaining_Daily_Reconciled,additional_gallons_remaining_Monthly_Reconciled,additional_gallons_remaining_Weekly_Reconciled,Ratability_Monthly,Ratability_Daily,Ratability_Weekly,sanityMonthly_CumulativeDaily_WeeksByLiftedGallons,sanityMonthly_CumulativeDaily_WeeksByNextRefreshDate
2015-07-01,2015-07-01 00:00:00,Chevron,PILOT TRAVEL CENTERS LLC : CHV7460761,1045 SALT LAKE CITY UT TRM CHEVRON,DIESEL #2,66622,2065271,466352,1,122768,0,113742,113742,113742,0,113742,113742,1,w1,113742,0,122768,133244,2271798,582940,Low,Available,Available,200%,200,110%,110,125%,125,Above Trend,Above Trend,Above Trend,07/02 00:00:00 MDT,08/01 00:00:00 MDT,w1,0,2015-07-08 00:00:00,Contract,Contract,Contract,66622,66622,2065271,2065271,466352,19502,2158056,469198,0,0,0,0,0,0,508013,508015,508014,2015-07-01 23:47:42,2015-07-01 23:47:42,2015-07-01 23:47:42,66600,2065200,466300,133244,2271798,582940,True,True,122768,True,122768,True,10476,2158056,460172,-1,-1,-1,171.0,133.0,0,1,0
2015-07-02,2015-07-02 00:00:00,Chevron,PILOT TRAVEL CENTERS LLC : CHV7460761,1045 SALT LAKE CITY UT TRM CHEVRON,DIESEL #2,66622,2065271,466352,1,108367,1,78167,69141,191909,0,191909,191909,1,w1,69141,0,231135,133244,2271798,582940,Limited,Available,Available,200%,200,110%,110,125%,125,Above Trend,Above Trend,Above Trend,07/03 00:00:00 MDT,08/01 00:00:00 MDT,w1,0,2015-07-08 00:00:00,Contract,Contract,Contract,66622,66622,2065271,2065271,466352,64103,2079889,391031,0,0,0,0,0,0,527088,527090,527089,2015-07-02 14:47:31,2015-07-02 14:47:31,2015-07-02 14:47:31,66600,2065200,466300,133244,2271798,582940,True,True,231135,True,231135,True,24877,2079889,351805,-1,-1,-1,144.0,200.0,0,1,0
2015-07-03,2015-07-03 00:00:00,Chevron,PILOT TRAVEL CENTERS LLC : CHV7460761,1045 SALT LAKE CITY UT TRM CHEVRON,DIESEL #2,66622,2065271,466352,1,97227,1,82958,43732,274867,0,274867,274867,1,w1,43732,0,328362,133244,2271798,582940,Available,Available,Available,200%,200,110%,110,125%,125,Above Trend,Above Trend,Above Trend,07/04 00:00:00 MDT,08/01 00:00:00 MDT,w1,0,2015-07-08 00:00:00,Contract,Contract,Contract,66622,66622,2065271,2065271,466352,89512,1996931,308073,0,0,0,0,0,0,534739,534741,534740,2015-07-03 09:22:08,2015-07-03 09:22:08,2015-07-03 09:22:08,66600,2065200,466300,133244,2271798,582940,True,True,328362,True,328362,True,36017,1996931,254578,-1,-1,-1,138.0,400.0,0,1,0
2015-07-04,2015-07-04 00:00:00,Chevron,PILOT TRAVEL CENTERS LLC : CHV7460761,1045 SALT LAKE CITY UT TRM CHEVRON,DIESEL #2,66622,2065271,466352,1,73517,1,66495,13000,341362,0,341362,341362,1,w1,13000,0,401879,133244,2271798,582940,Available,Available,Limited,200%,200,110%,110,125%,125,On Target,Above Trend,Above Trend,07/05 00:00:00 MDT,08/01 00:00:00 MDT,w1,0,2015-07-08 00:00:00,Contract,Contract,Contract,66622,66622,2065271,2065271,466352,120244,1930436,241578,0,0,0,0,0,0,540991,540993,540992,2015-07-04 08:42:40,2015-07-04 08:42:40,2015-07-04 08:42:40,66600,2065200,466300,133244,2271798,582940,True,True,401879,True,401879,True,59727,1930436,181061,-1,-1,-1,128.0,400.0,0,1,0
2015-07-05,2015-07-05 00:00:00,Chevron,PILOT TRAVEL CENTERS LLC : CHV7460761,1045 SALT LAKE CITY UT TRM CHEVRON,DIESEL #2,66622,2065271,466352,1,22502,1,71019,10502,412381,0,412381,412381,1,w1,10502,0,424381,133244,2271798,582940,Available,Available,Limited,200%,200,110%,110,125%,125,On Target,Above Trend,Above Trend,07/06 00:00:00 MDT,08/01 00:00:00 MDT,w1,0,2015-07-08 00:00:00,Contract,Contract,Contract,66622,66622,2065271,2065271,466352,122742,1859417,170559,0,0,0,0,0,0,547434,547436,547435,2015-07-05 08:42:30,2015-07-05 08:42:30,2015-07-05 08:42:30,66600,2065200,466300,133244,2271798,582940,True,True,424381,True,424381,True,110742,1859417,158559,-1,-1,-1,124.0,0.0,0,1,0
2015-07-06,2015-07-06 00:00:00,Chevron,PILOT TRAVEL CENTERS LLC : CHV7460761,1045 SALT LAKE CITY UT TRM CHEVRON,DIESEL #2,66622,2065271,466352,1,61220,1,24001,12001,436382,0,436382,436382,1,w1,12001,0,485601,133244,2271798,582940,Available,Available,Limited,200%,200,110%,110,125%,125,On Target,Above Trend,Above Trend,07/07 00:00:00 MDT,08/01 00:00:00 MDT,w1,0,2015-07-08 00:00:00,Contract,Contract,Contract,66622,66622,2065271,2065271,466352,121243,1835416,146558,0,0,0,0,0,0,553750,553752,553751,2015-07-06 08:43:29,2015-07-06 08:43:29,2015-07-06 08:43:29,66600,2065200,466300,133244,2271798,582940,True,True,485601,True,485601,True,72024,1835416,97339,-1,-1,-1,109.0,0.0,0,1,0
2015-07-07,2015-07-07 00:00:00,Chevron,PILOT TRAVEL CENTERS LLC : CHV7460761,1045 SALT LAKE CITY UT TRM CHEVRON,DIESEL #2,66622,2065271,466352,1,59516,1,108735,59516,545117,0,545117,545117,1,w1,59516,0,545117,133244,2271798,582940,Available,Available,Low,200%,200,110%,110,125%,125,On Target,Above Trend,Above Trend,07/08 00:00:00 MDT,08/01 00:00:00 MDT,w1,0,2015-07-08 00:00:00,Contract,Contract,Contract,66622,66622,2065271,2065271,466352,73728,1726681,37823,0,0,0,0,0,0,566763,566765,566764,2015-07-07 22:43:38,2015-07-07 22:43:38,2015-07-07 22:43:38,66600,2065200,466300,133244,2271798,582940,True,True,545117,True,545117,True,73728,1726681,37823,-1,-1,-1,117.0,0.0,100,1,1
2015-07-08,2015-07-08 00:00:00,Chevron,PILOT TRAVEL CENTERS LLC : CHV7460761,1045 SALT LAKE CITY UT TRM CHEVRON,DIESEL #2,66622,2065271,466352,0,46417,0,46417,46417,591534,0,591534,46417,0,w2,46417,0,46417,133244,2271798,582940,Available,Available,Available,200%,200,110%,110,125%,125,On Target,Above Trend,Above Trend,07/09 00:00:00 MDT,08/01 00:00:00 MDT,w2,0,2015-07-15 00:00:00,Contract,Contract,Contract,66622,66622,2065271,2065271,466352,86827,1680264,536523,0,0,0,0,0,0,576364,576366,576365,2015-07-08 12:43:31,2015-07-08 12:43:31,2015-07-08 12:43:31,66600,2065200,466300,133244,2271798,582940,True,True,46417,True,591534,True,86827,1680264,536523,-1,-1,-1,111.0,0.0,0,1,1
2015-07-09,2015-07-09 00:00:00,Chevron,PILOT TRAVEL CENTERS LLC : CHV7460761,1045 SALT LAKE CITY UT TRM CHEVRON,DIESEL #2,-1,-1,-1,2,121809,0,-1,-1,-1,2,713343,-1,2,w3,-1,0,168226,-1,-1,-1,-1,-1,-1,-1,200,-1,110,-1,125,-1,-1,-1,-1,-1,w2,1,2015-07-15 00:00:00,-1,-1,-1,66622,-1,2065271,-1,-1,-1,-1,-1,-1,-1,-1,-1,-1,-1,-1,-1,-1,2015-07-09 00:00:00,2015-07-09 00:00:00,2015-07-09 00:00:00,66600,2065200,466300,133244,2271798,582940,True,True,168226,True,713343,True,-1,-1,-1,-1,-1,-1,119.0,0.0,0,0,1
2015-07-10,2015-07-10 00:00:00,Chevron,PILOT TRAVEL CENTERS LLC : CHV7460761,1045 SALT LAKE CITY UT TRM CHEVRON,DIESEL #2,66622,2065271,466352,1,84003,0,84003,84003,797346,0,797346,252229,1,w3,84003,0,252229,133244,2271798,582940,Limited,Available,Available,200%,200,110%,110,125%,125,On Target,Above Trend,Above Trend,07/11 00:00:00 MDT,08/01 00:00:00 MDT,w2,0,2015-07-15 00:00:00,Contract,Contract,Contract,66622,66622,2065271,2065271,466352,49241,1474452,330711,0,0,0,0,0,0,609181,609183,609182,2015-07-10 23:51:23,2015-07-10 23:51:23,2015-07-10 23:51:23,66600,2065200,466300,133244,2271798,582940,False,True,252229,True,797346,True,49241,1474452,330711,-1,-1,-1,120.0,133.0,0,0,1
2015-07-11,2015-07-11 00:00:00,Chevron,PILOT TRAVEL CENTERS LLC : CHV7460761,1045 SALT LAKE CITY UT TRM CHEVRON,DIESEL #2,66622,2065271,466352,1,59529,0,47507,47507,844853,0,844853,299736,1,w3,47507,0,311758,133244,2271798,582940,Available,Available,Limited,200%,200,110%,110,125%,125,On Target,Above Trend,Above Trend,07/12 00:00:00 MDT,08/01 00:00:00 MDT,w2,0,2015-07-15 00:00:00,Contract,Contract,Contract,66622,66622,2065271,2065271,466352,85737,1426945,283204,0,0,0,0,0,0,637668,637670,637669,2015-07-11 23:48:31,2015-07-11 23:48:31,2015-07-11 23:48:31,66600,2065200,466300,133244,2271798,582940,False,True,311758,True,856875,True,73715,1426945,271182,-1,-1,-1,115.0,0.0,0,0,0
2015-07-12,2015-07-12 00:00:00,Chevron,PILOT TRAVEL CENTERS LLC : CHV7460761,1045 SALT LAKE CITY UT TRM CHEVRON,DIESEL #2,66622,2065271,466352,1,66509,1,68031,56009,912884,0,912884,367767,1,w3,56009,0,378267,133244,2271798,582940,Available,Available,Limited,200%,200,110%,110,125%,125,On Target,Above Trend,Above Trend,07/13 00:00:00 MDT,08/01 00:00:00 MDT,w2,0,2015-07-15 00:00:00,Contract,Contract,Contract,66622,66622,2065271,2065271,466352,77235,1358914,215173,0,0,0,0,0,0,667082,667084,667083,2015-07-12 23:48:33,2015-07-12 23:48:33,2015-07-12 23:48:33,66600,2065200,466300,133244,2271798,582940,False,True,378267,True,923384,True,66735,1358914,204673,-1,-1,-1,114.0,0.0,0,0,0
2015-07-13,2015-07-13 00:00:00,Chevron,PILOT TRAVEL CENTERS LLC : CHV7460761,1045 SALT LAKE CITY UT TRM CHEVRON,DIESEL #2,66622,2065271,466352,1,48000,1,58500,48000,971384,0,971384,426267,1,w3,48000,0,426267,133244,2271798,582940,Available,Available,Limited,200%,200,110%,110,125%,125,On Target,Above Trend,Above Trend,07/14 00:00:00 MDT,08/01 00:00:00 MDT,w2,0,2015-07-15 00:00:00,Contract,Contract,Contract,66622,66622,2065271,2065271,466352,85244,1300414,156673,0,0,0,0,0,0,697678,697680,697679,2015-07-13 23:48:40,2015-07-13 23:48:40,2015-07-13 23:48:40,66600,2065200,466300,133244,2271798,582940,False,True,426267,True,971384,True,85244,1300414,156673,-1,-1,-1,112.0,0.0,0,0,1
2015-07-14,2015-07-14 00:00:00,Chevron,PILOT TRAVEL CENTERS LLC : CHV7460761,1045 SALT LAKE CITY UT TRM CHEVRON,DIESEL #2,66622,2065271,466352,1,83514,0,83514,83514,1054898,0,1054898,509781,1,w3,83514,0,509781,133244,2271798,582940,Limited,Available,Low,200%,200,110%,110,125%,125,On Target,Above Trend,Above Trend,07/15 00:00:00 MDT,08/01 00:00:00 MDT,w2,0,2015-07-15 00:00:00,Contract,Contract,Contract,66622,66622,2065271,2065271,466352,49730,1216900,73159,0,0,0,0,0,0,729544,729546,729545,2015-07-14 23:48:42,2015-07-14 23:48:42,2015-07-14 23:48:42,66600,2065200,466300,133244,2271798,582940,False,True,509781,True,1054898,True,49730,1216900,73159,-1,-1,-1,113.0,133.0,100,0,1
2015-07-15,2015-07-15 00:00:00,Chevron,PILOT TRAVEL CENTERS LLC : CHV7460761,1045 SALT LAKE CITY UT TRM CHEVRON,DIESEL #2,66622,2065271,466352,1,38002,0,38002,38002,1092900,0,1092900,38002,1,w4,38002,0,38002,133244,2271798,582940,Available,Available,Available,200%,200,110%,110,125%,125,On Target,Above Trend,On Target,07/16 00:00:00 MDT,08/01 00:00:00 MDT,w3,0,2015-07-22 00:00:00,Contract,Contract,Contract,66622,66622,2065271,2065271,466352,95242,1178898,544938,0,0,0,0,0,0,755018,755020,755019,2015-07-15 23:48:31,2015-07-15 23:48:31,2015-07-15 23:48:31,66600,2065200,466300,133244,2271798,582940,True,True,38002,True,1092900,True,95242,1178898,544938,-1,-1,-1,109.0,0.0,0,0,1
2015-07-16,2015-07-16 00:00:00,Chevron,PILOT TRAVEL CENTERS LLC : CHV7460761,1045 SALT LAKE CITY UT TRM CHEVRON,DIESEL #2,66622,2065271,466352,1,58625,0,58625,58625,1151525,0,1151525,96627,1,w4,58625,0,96627,133244,2271798,582940,Available,Available,Available,200%,200,110%,110,125%,125,On Target,Above Trend,On Target,07/17 00:00:00 MDT,08/01 00:00:00 MDT,w3,0,2015-07-22 00:00:00,Contract,Contract,Contract,66622,66622,2065271,2065271,466352,74619,1120273,486313,0,0,0,0,0,0,788320,788322,788321,2015-07-16 23:48:44,2015-07-16 23:48:44,2015-07-16 23:48:44,66600,2065200,466300,133244,2271798,582940,True,True,96627,True,1151525,True,74619,1120273,486313,-1,-1,-1,108.0,0.0,0,0,1
2015-07-17,2015-07-17 00:00:00,Chevron,PILOT TRAVEL CENTERS LLC : CHV7460761,1045 SALT LAKE CITY UT TRM CHEVRON,DIESEL #2,66622,2065271,466352,1,76127,0,76127,76127,1227652,0,1227652,172754,1,w4,76127,0,172754,133244,2271798,582940,Limited,Limited,Available,200%,200,110%,110,125%,125,On Target,Above Trend,On Target,07/18 00:00:00 MDT,08/01 00:00:00 MDT,w3,0,2015-07-22 00:00:00,Contract,Contract,Contract,66622,66622,2065271,2065271,466352,57117,1044146,410186,0,0,0,0,0,0,820344,820346,820345,2015-07-17 23:48:44,2015-07-17 23:48:44,2015-07-17 23:48:44,66600,2065200,466300,133244,2271798,582940,True,True,172754,True,1227652,True,57117,1044146,410186,-1,-1,-1,108.0,133.0,0,0,1
2015-07-18,2015-07-18 00:00:00,Chevron,PILOT TRAVEL CENTERS LLC : CHV7460761,1045 SALT LAKE CITY UT TRM CHEVRON,DIESEL #2,66622,2065271,466352,1,69808,0,69808,69808,1297460,0,1297460,242562,1,w4,69808,0,242562,133244,2271798,582940,Limited,Limited,Available,200%,200,110%,110,125%,125,On Target,Above Trend,On Target,07/19 00:00:00 MDT,08/01 00:00:00 MDT,w3,0,2015-07-22 00:00:00,Contract,Contract,Contract,66622,66622,2065271,2065271,466352,63436,974338,340378,0,0,0,0,0,0,850806,850808,850807,2015-07-18 23:48:35,2015-07-18 23:48:35,2015-07-18 23:48:35,66600,2065200,466300,133244,2271798,582940,True,True,242562,True,1297460,True,63436,974338,340378,-1,-1,-1,108.0,133.0,0,0,1
2015-07-19,2015-07-19 00:00:00,Chevron,PILOT TRAVEL CENTERS LLC : CHV7460761,1045 SALT LAKE CITY UT TRM CHEVRON,DIESEL #2,66622,2065271,466352,1,60306,0,60306,60306,1357766,0,1357766,302868,1,w4,60306,0,302868,133244,2271798,582940,Available,Limited,Limited,200%,200,110%,110,125%,125,On Target,Above Trend,On Target,07/20 00:00:00 MDT,08/01 00:00:00 MDT,w3,0,2015-07-22 00:00:00,Contract,Contract,Contract,66622,66622,2065271,2065271,466352,72938,914032,280072,0,0,0,0,0,0,882067,882069,882068,2015-07-19 23:48:37,2015-07-19 23:48:37,2015-07-19 23:48:37,66600,2065200,466300,133244,2271798,582940,True,True,302868,True,1357766,True,72938,914032,280072,-1,-1,-1,107.0,0.0,0,0,1
2015-07-20,2015-07-20 00:00:00,Chevron,PILOT TRAVEL CENTERS LLC : CHV7460761,1045 SALT LAKE CITY UT TRM CHEVRON,DIESEL #2,66622,2065271,466352,1,48001,0,48001,48001,1405767,0,1405767,350869,1,w4,48001,0,350869,133244,2271798,582940,Available,Limited,Limited,200%,200,110%,110,125%,125,On Target,Above Trend,On Target,07/21 00:00:00 MDT,08/01 00:00:00 MDT,w3,0,2015-07-22 00:00:00,Contract,Contract,Contract,66622,66622,2065271,2065271,466352,85243,866031,232071,0,0,0,0,0,0,912433,912435,912434,2015-07-20 23:48:48,2015-07-20 23:48:48,2015-07-20 23:48:48,66600,2065200,466300,133244,2271798,582940,True,True,350869,True,1405767,True,85243,866031,232071,-1,-1,-1,106.0,0.0,0,0,1
2015-07-21,2015-07-21 00:00:00,Chevron,PILOT TRAVEL CENTERS LLC : CHV7460761,1045 SALT LAKE CITY UT TRM CHEVRON,DIESEL #2,66622,2065271,466352,1,56505,0,56505,56505,1462272,0,1462272,407374,1,w4,56505,0,407374,133244,2271798,582940,Available,Limited,Limited,200%,200,110%,110,125%,125,On Target,Above Trend,On Target,07/22 00:00:00 MDT,08/01 00:00:00 MDT,w3,0,2015-07-22 00:00:00,Contract,Contract,Contract,66622,66622,2065271,2065271,466352,76739,809526,175566,0,0,0,0,0,0,941620,941622,941621,2015-07-21 23:46:25,2015-07-21 23:46:25,2015-07-21 23:46:25,66600,2065200,466300,133244,2271798,582940,True,True,407374,True,1462272,True,76739,809526,175566,-1,-1,-1,105.0,0.0,0,0,1
2015-07-22,2015-07-22 00:00:00,Chevron,PILOT TRAVEL CENTERS LLC : CHV7460761,1045 SALT LAKE CITY UT TRM CHEVRON,DIESEL #2,66622,2065271,466352,1,25504,0,25504,25504,1487776,0,1487776,25504,1,w5,25504,0,25504,133244,2271798,582940,Available,Available,Available,200%,200,110%,110,125%,125,On Target,Above Trend,On Target,07/23 00:00:00 MDT,08/01 00:00:00 MDT,w4,0,2015-07-29 00:00:00,Contract,Contract,Contract,66622,66622,2065271,2065271,466352,107740,784022,557436,0,0,0,0,0,0,975049,975051,975050,2015-07-22 23:48:48,2015-07-22 23:48:48,2015-07-22 23:48:48,66600,2065200,466300,133244,2271798,582940,True,True,25504,True,1487776,True,107740,784022,557436,-1,-1,-1,102.0,0.0,0,0,1
2015-07-23,2015-07-23 00:00:00,Chevron,PILOT TRAVEL CENTERS LLC : CHV7460761,1045 SALT LAKE CITY UT TRM CHEVRON,DIESEL #2,66622,2065271,466352,1,59502,0,49000,49000,1536776,0,1536776,74504,1,w5,49000,0,85006,133244,2271798,582940,Available,Available,Available,200%,200,110%,110,125%,125,On Target,Above Trend,On Target,07/24 00:00:00 MDT,08/01 00:00:00 MDT,w4,0,2015-07-29 00:00:00,Contract,Contract,Contract,66622,66622,2065271,2065271,466352,84244,735022,508436,0,0,0,0,0,0,1002863,1002865,1002864,2015-07-23 23:47:40,2015-07-23 23:47:40,2015-07-23 23:47:40,66600,2065200,466300,133244,2271798,582940,True,True,85006,True,1547278,True,73742,735022,497934,-1,-1,-1,100.0,0.0,0,0,0
2015-07-24,2015-07-24 00:00:00,Chevron,PILOT TRAVEL CENTERS LLC : CHV7460761,1045 SALT LAKE CITY UT TRM CHEVRON,DIESEL #2,66622,2065271,466352,1,46512,1,57014,46512,1593790,0,1593790,131518,1,w5,46512,0,131518,133244,2271798,582940,Available,Limited,Available,200%,200,110%,110,125%,125,On Target,Above Trend,On Target,07/25 00:00:00 MDT,08/01 00:00:00 MDT,w4,0,2015-07-29 00:00:00,Contract,Contract,Contract,66622,66622,2065271,2065271,466352,86732,678008,451422,0,0,0,0,0,0,1033077,1033079,1033078,2015-07-24 23:47:41,2015-07-24 23:47:41,2015-07-24 23:47:41,66600,2065200,466300,133244,2271798,582940,True,True,131518,True,1593790,True,86732,678008,451422,-1,-1,-1,100.0,0.0,0,0,1
2015-07-25,2015-07-25 00:00:00,Chevron,PILOT TRAVEL CENTERS LLC : CHV7460761,1045 SALT LAKE CITY UT TRM CHEVRON,DIESEL #2,66622,2065271,466352,1,55716,0,55716,55716,1649506,0,1649506,187234,1,w5,55716,0,187234,133244,2271798,582940,Available,Limited,Available,200%,200,110%,110,125%,125,On Target,Above Trend,On Target,07/26 00:00:00 MDT,08/01 00:00:00 MDT,w4,0,2015-07-29 00:00:00,Contract,Contract,Contract,66622,66622,2065271,2065271,466352,77528,622292,395706,0,0,0,0,0,0,1062268,1062270,1062269,2015-07-25 23:47:58,2015-07-25 23:47:58,2015-07-25 23:47:58,66600,2065200,466300,133244,2271798,582940,True,True,187234,True,1649506,True,77528,622292,395706,-1,-1,-1,99.0,0.0,0,0,1
2015-07-26,2015-07-26 00:00:00,Chevron,PILOT TRAVEL CENTERS LLC : CHV7460761,1045 SALT LAKE CITY UT TRM CHEVRON,DIESEL #2,66622,2065271,466352,1,12500,0,12500,12500,1662006,0,1662006,199734,1,w5,12500,0,199734,133244,2271798,582940,Available,Limited,Available,200%,200,110%,110,125%,125,Below Trend,Above Trend,On Target,07/27 00:00:00 MDT,08/01 00:00:00 MDT,w4,0,2015-07-29 00:00:00,Contract,Contract,Contract,66622,66622,2065271,2065271,466352,120744,609792,383206,0,0,0,0,0,0,1092323,1092325,1092324,2015-07-26 23:47:58,2015-07-26 23:47:58,2015-07-26 23:47:58,66600,2065200,466300,133244,2271798,582940,True,True,199734,True,1662006,True,120744,609792,383206,-1,-1,-1,96.0,0.0,0,0,1
2015-07-27,2015-07-27 00:00:00,Chevron,PILOT TRAVEL CENTERS LLC : CHV7460761,1045 SALT LAKE CITY UT TRM CHEVRON,DIESEL #2,66622,2065271,466352,1,93506,0,83005,83005,1745011,0,1745011,282739,1,w5,83005,0,293240,133244,2271798,582940,Available,Limited,Available,200%,200,110%,110,125%,125,On Target,Above Trend,On Target,07/28 00:00:00 MDT,08/01 00:00:00 MDT,w4,0,2015-07-29 00:00:00,Contract,Contract,Contract,66622,66622,2065271,2065271,466352,50239,526787,300201,0,0,0,0,0,0,1122633,1122635,1122634,2015-07-27 23:48:00,2015-07-27 23:48:00,2015-07-27 23:48:00,66600,2065200,466300,133244,2271798,582940,True,True,293240,True,1755512,True,39738,526787,289700,-1,-1,-1,97.0,133.0,0,0,0
2015-07-28,2015-07-28 00:00:00,Chevron,PILOT TRAVEL CENTERS LLC : CHV7460761,1045 SALT LAKE CITY UT TRM CHEVRON,DIESEL #2,66622,2065271,466352,1,73509,1,84010,73509,1829021,0,1829021,366749,1,w5,73509,0,366749,133244,2271798,582940,Available,Low,Available,200%,200,110%,110,125%,125,On Target,Above Trend,On Target,07/29 00:00:00 MDT,08/01 00:00:00 MDT,w4,0,2015-07-29 00:00:00,Contract,Contract,Contract,66622,66622,2065271,2065271,466352,59735,442777,216191,0,0,0,0,0,0,1152943,1152945,1152944,2015-07-28 23:47:52,2015-07-28 23:47:52,2015-07-28 23:47:52,66600,2065200,466300,133244,2271798,582940,True,True,366749,True,1829021,True,59735,442777,216191,-1,-1,-1,98.0,133.0,0,0,1
2015-07-29,2015-07-29 00:00:00,Chevron,PILOT TRAVEL CENTERS LLC : CHV7460761,1045 SALT LAKE CITY UT TRM CHEVRON,DIESEL #2,66622,2065271,466352,1,38001,0,38001,38001,1867022,0,1867022,38001,1,w6,38001,0,38001,133244,2271798,582940,Available,Low,Available,200%,200,110%,110,125%,125,On Target,Above Trend,On Target,07/30 00:00:00 MDT,08/01 00:00:00 MDT,w5,0,2015-08-05 00:00:00,Contract,Contract,Contract,66622,66622,2065271,2079956,466352,95243,404776,544939,22500,22500,22500,22500,22500,22500,1183253,1183255,1183254,2015-07-29 23:47:39,2015-07-29 23:47:39,2015-07-29 23:47:39,66600,2065200,466300,133244,2271798,582940,True,True,38001,True,1867022,True,95243,404776,544939,-1,-1,-1,97.0,0.0,0,0,1
2015-07-30,2015-07-30 00:00:00,Chevron,PILOT TRAVEL CENTERS LLC : CHV7460761,1045 SALT LAKE CITY UT TRM CHEVRON,DIESEL #2,66622,2065271,466352,1,38300,0,38300,38300,1905322,0,1905322,76301,1,w6,38300,0,76301,133244,2271798,582940,Available,Low,Available,200%,200,110%,110,125%,125,On Target,Above Trend,On Target,07/31 00:00:00 MDT,08/01 00:00:00 MDT,w5,0,2015-08-05 00:00:00,Contract,Contract,Contract,66622,66622,2065271,2079956,466352,94944,366476,506639,0,0,0,0,0,0,1213563,1213565,1213564,2015-07-30 23:47:49,2015-07-30 23:47:49,2015-07-30 23:47:49,66600,2065200,466300,133244,2271798,582940,True,True,76301,True,1905322,True,94944,366476,506639,-1,-1,-1,95.0,0.0,0,0,1
2015-07-31,2015-07-31 00:00:00,Chevron,PILOT TRAVEL CENTERS LLC : CHV7460761,1045 SALT LAKE CITY UT TRM CHEVRON,DIESEL #2,66622,2065271,466352,1,76252,0,76252,76252,1981574,0,1981574,152553,1,w6,76252,0,152553,133244,2271798,582940,Available,Low,Available,200%,200,110%,110,125%,125,On Target,Above Trend,On Target,08/01 00:00:00 MDT,08/01 00:00:00 MDT,w5,0,2015-08-05 00:00:00,Contract,Contract,Contract,66622,66622,2079956,2079956,466352,56992,290224,430387,0,0,0,0,0,0,1243873,1243875,1243874,2015-07-31 23:47:47,2015-07-31 23:47:47,2015-07-31 23:47:47,66600,2065200,466300,133244,2271798,582940,True,True,152553,True,1981574,True,56992,290224,430387,-1,-1,-1,96.0,133.0,0,0,1
