,date,supplier_name,account_type,supplier_terminal_name,product_name,base_gallons_Daily,base_gallons_Monthly,base_gallons_Weekly,lifted_gallons_daily_flag,lifted_gallons_daily_modified,Modified_WeeksByLiftedGallons,lifted_gallons_modified_WeeksByLiftedGallons,lifted_gallons_Daily,Lifted_actual_monthly,lifted_gallons_monthly_flag,lifted_gallons_Monthly,Lifted_actual_weekly,lifted_gallons_weekly_flag,WeeksByLiftedGallons,lifted_gallonsWeekly_modified_aposteriori,Modified_LiftedGallonsaposteriori,lifted_gallons_Weekly,beginning_gallons_Daily,beginning_gallons_Monthly,beginning_gallons_Weekly,en_allocation_status_Daily,en_allocation_status_Monthly,en_allocation_status_Weekly,percentage_allocation_Daily_actual,percentage_allocation_Daily,percentage_allocation_Monthly_actual,percentage_allocation_Monthly,percentage_allocation_Weekly_actual,percentage_allocation_Weekly,alerts_ratability_Daily,alerts_ratability_Monthly,alerts_ratability_Weekly,next_refresh_date_Daily,next_refresh_date_Monthly,Week_switch,Modified_NRD,next_refresh_date_Weekly,en_account_type_Daily,en_account_type_Monthly,en_account_type_Weekly,NRB_Daily,next_refresh_base_gallons_Daily,NRB_Monthly,next_refresh_base_gallons_Monthly,next_refresh_base_gallons_Weekly,remaining_gallons_Daily,remaining_gallons_Monthly,remaining_gallons_Weekly,additional_gallons_allowed_Daily,additional_gallons_allowed_Monthly,additional_gallons_allowed_Weekly,additional_gallons_remaining_Daily,additional_gallons_remaining_Monthly,additional_gallons_remaining_Weekly,staging_id_Daily,staging_id_Monthly,staging_id_Weekly,execution_date_Daily,execution_date_Monthly,execution_date_Weekly,base_gallons_Daily_Reconciled,base_gallons_Monthly_Reconciled,base_gallons_Weekly_Reconciled,beginning_gallons_Daily_Reconciled,beginning_gallons_Monthly_Reconciled,beginning_gallons_Weekly_Reconciled,sanityWeekly_CumulativeDaily_WeeksByLiftedGallons,sanityWeekly_CumulativeDaily_NextRefreshDate,computedWeekly,sanityComputedWeekly,computedMonthly,sanityComputedMonthly,remaining_gallons_Daily_Reconciled,remaining_gallons_Monthly_Reconciled,remaining_gallons_Weekly_Reconciled,additional_gallons_remaining_Daily_Reconciled,additional_gallons_remaining_Monthly_Reconciled,additional_gallons_remaining_Weekly_Reconciled,Ratability_Monthly,Ratability_Daily,Ratability_Weekly,sanityMonthly_CumulativeDaily_WeeksByLiftedGallons,sanityMonthly_CumulativeDaily_WeeksByNextRefreshDate
2015-07-01,2015-07-01 00:00:00,Chevron,PILOT TRAVEL CENTERS LLC : CHV7460761,1002 TRACY CA TRM CHEVRON,DIESEL #2,43819,1358379,306731,1,69125,0,53720,53720,53720,0,53720,53720,1,w1,53720,0,69125,65729,1494217,383414,Low,Available,Available,150%,150,110%,110,125%,125,Above Trend,Above Trend,Above Trend,07/02 00:00:00 PDT,08/01 00:00:00 PDT,w1,0,2015-07-08 00:00:00,Contract,Contract,Contract,43819,43819,1358379,1358379,306731,12009,1440497,329694,0,0,0,0,0,0,507989,507991,507990,2015-07-01 23:47:42,2015-07-01 23:47:42,2015-07-01 23:47:42,43800,1358300,306700,65728,1494216,383413,True,True,69125,True,69125,True,-3396,1440497,314289,-1,-1,-1,123.0,133.0,0,1,0
2015-07-02,2015-07-02 00:00:00,Chevron,PILOT TRAVEL CENTERS LLC : CHV7460761,1002 TRACY CA TRM CHEVRON,DIESEL #2,43819,1358379,306731,1,38416,1,38414,23009,92134,0,92134,92134,1,w1,23009,0,107541,65729,1494217,383414,Available,Available,Available,150%,150,110%,110,125%,125,On Target,Above Trend,Above Trend,07/03 00:00:00 PDT,08/01 00:00:00 PDT,w1,0,2015-07-08 00:00:00,Contract,Contract,Contract,43819,43819,1358379,1358379,306731,42720,1402083,291280,0,0,0,0,0,0,527064,527066,527065,2015-07-02 14:47:31,2015-07-02 14:47:31,2015-07-02 14:47:31,43800,1358300,306700,65728,1494216,383413,True,True,107541,True,107541,True,27313,1402083,275873,-1,-1,-1,105.0,0.0,0,1,0
2015-07-03,2015-07-03 00:00:00,Chevron,PILOT TRAVEL CENTERS LLC : CHV7460761,1002 TRACY CA TRM CHEVRON,DIESEL #2,43819,1358379,306731,1,23105,1,23108,7701,115242,0,115242,115242,1,w1,7701,0,130646,65729,1494217,383414,Available,Available,Available,150%,150,110%,110,125%,125,On Target,Above Trend,Above Trend,07/04 00:00:00 PDT,08/01 00:00:00 PDT,w1,0,2015-07-08 00:00:00,Contract,Contract,Contract,43819,43819,1358379,1358379,306731,58028,1378975,268172,0,0,0,0,0,0,534715,534717,534716,2015-07-03 09:22:08,2015-07-03 09:22:08,2015-07-03 09:22:08,43800,1358300,306700,65728,1494216,383413,True,True,130646,True,130646,True,42624,1378975,252768,-1,-1,-1,88.0,0.0,0,1,0
2015-07-04,2015-07-04 00:00:00,Chevron,PILOT TRAVEL CENTERS LLC : CHV7460761,1002 TRACY CA TRM CHEVRON,DIESEL #2,43819,1358379,306731,1,7605,1,15404,0,130646,0,130646,130646,1,w1,0,0,138251,65729,1494217,383414,Available,Available,Available,150%,150,110%,110,125%,125,Below Trend,Above Trend,On Target,07/05 00:00:00 PDT,08/01 00:00:00 PDT,w1,0,2015-07-08 00:00:00,Contract,Contract,Contract,43819,43819,1358379,1358379,306731,65729,1363571,252768,0,0,0,0,0,0,540967,540969,540968,2015-07-04 08:42:40,2015-07-04 08:42:40,2015-07-04 08:42:40,43800,1358300,306700,65728,1494216,383413,True,True,138251,True,138251,True,58124,1363571,245163,-1,-1,-1,75.0,0.0,0,1,0
2015-07-05,2015-07-05 00:00:00,Chevron,PILOT TRAVEL CENTERS LLC : CHV7460761,1002 TRACY CA TRM CHEVRON,DIESEL #2,43819,1358379,306731,1,7802,1,7605,0,138251,0,138251,138251,1,w1,0,0,146053,65729,1494217,383414,Available,Available,Available,150%,150,110%,110,125%,125,Below Trend,On Target,On Target,07/06 00:00:00 PDT,08/01 00:00:00 PDT,w1,0,2015-07-08 00:00:00,Contract,Contract,Contract,43819,43819,1358379,1358379,306731,65729,1355966,245163,0,0,0,0,0,0,547410,547412,547411,2015-07-05 08:42:30,2015-07-05 08:42:30,2015-07-05 08:42:30,43800,1358300,306700,65728,1494216,383413,True,True,146053,True,146053,True,57927,1355966,237361,-1,-1,-1,63.0,0.0,0,1,0
2015-07-06,2015-07-06 00:00:00,Chevron,PILOT TRAVEL CENTERS LLC : CHV7460761,1002 TRACY CA TRM CHEVRON,DIESEL #2,43819,1358379,306731,1,46215,1,15504,7702,153755,0,153755,153755,1,w1,7702,0,192268,65729,1494217,383414,Available,Available,Available,150%,150,110%,110,125%,125,On Target,On Target,On Target,07/07 00:00:00 PDT,08/01 00:00:00 PDT,w1,0,2015-07-08 00:00:00,Contract,Contract,Contract,43819,43819,1358379,1358379,306731,58027,1340462,229659,0,0,0,0,0,0,553726,553728,553727,2015-07-06 08:43:29,2015-07-06 08:43:29,2015-07-06 08:43:29,43800,1358300,306700,65728,1494216,383413,True,True,192268,True,192268,True,19514,1340462,191146,-1,-1,-1,58.0,400.0,0,1,0
2015-07-07,2015-07-07 00:00:00,Chevron,PILOT TRAVEL CENTERS LLC : CHV7460761,1002 TRACY CA TRM CHEVRON,DIESEL #2,43819,1358379,306731,1,53923,1,84733,46220,238488,0,238488,238488,1,w1,46220,0,246191,65729,1494217,383414,Limited,Available,Limited,150%,150,110%,110,125%,125,Above Trend,On Target,On Target,07/08 00:00:00 PDT,08/01 00:00:00 PDT,w1,0,2015-07-08 00:00:00,Contract,Contract,Contract,43819,43819,1358379,1358379,306731,19509,1255729,144926,0,0,0,0,0,0,566739,566741,566740,2015-07-07 22:43:38,2015-07-07 22:43:38,2015-07-07 22:43:38,43800,1358300,306700,65728,1494216,383413,True,True,246191,True,246191,True,11806,1255729,137223,-1,-1,-1,78.0,133.0,0,1,0
2015-07-08,2015-07-08 00:00:00,Chevron,PILOT TRAVEL CENTERS LLC : CHV7460761,1002 TRACY CA TRM CHEVRON,DIESEL #2,43819,1358379,306731,0,23109,0,23109,23109,269300,0,269300,23109,0,w2,23109,0,23109,65729,1494217,383414,Available,Available,Available,150%,150,110%,110,125%,125,Above Trend,On Target,Above Trend,07/09 00:00:00 PDT,08/01 00:00:00 PDT,w2,0,2015-07-15 00:00:00,Contract,Contract,Contract,43819,43819,1358379,1358379,306731,42620,1224917,360305,0,0,0,0,0,0,576340,576342,576341,2015-07-08 12:43:31,2015-07-08 12:43:31,2015-07-08 12:43:31,43800,1358300,306700,65728,1494216,383413,True,True,23109,True,269300,True,42620,1224917,360305,-1,-1,-1,77.0,0.0,0,0,1
2015-07-09,2015-07-09 00:00:00,Chevron,PILOT TRAVEL CENTERS LLC : CHV7460761,1002 TRACY CA TRM CHEVRON,DIESEL #2,-1,-1,-1,2,61717,0,-1,-1,-1,2,331017,-1,2,w3,-1,0,84826,-1,-1,-1,-1,-1,-1,-1,150,-1,110,-1,125,-1,-1,-1,-1,-1,w2,1,2015-07-15 00:00:00,-1,-1,-1,43819,-1,1358379,-1,-1,-1,-1,-1,-1,-1,-1,-1,-1,-1,-1,-1,-1,2015-07-09 00:00:00,2015-07-09 00:00:00,2015-07-09 00:00:00,43800,1358300,306700,65728,1494216,383413,True,True,84826,True,331017,True,-1,-1,-1,-1,-1,-1,84.0,0.0,0,0,1
2015-07-10,2015-07-10 00:00:00,Chevron,PILOT TRAVEL CENTERS LLC : CHV7460761,1002 TRACY CA TRM CHEVRON,DIESEL #2,43819,1358379,306731,1,46217,0,38513,38513,369530,0,369530,123339,1,w3,38513,0,131043,65729,1494217,383414,Limited,Available,Available,150%,150,110%,110,125%,125,On Target,On Target,On Target,07/11 00:00:00 PDT,08/01 00:00:00 PDT,w2,0,2015-07-15 00:00:00,Contract,Contract,Contract,43819,43819,1358379,1358379,306731,27216,1124687,260075,0,0,0,0,0,0,609157,609159,609158,2015-07-10 23:51:23,2015-07-10 23:51:23,2015-07-10 23:51:23,43800,1358300,306700,65728,1494216,383413,False,True,131043,True,377234,True,19512,1124687,252371,-1,-1,-1,84.0,133.0,0,0,0
2015-07-11,2015-07-11 00:00:00,Chevron,PILOT TRAVEL CENTERS LLC : CHV7460761,1002 TRACY CA TRM CHEVRON,DIESEL #2,43819,1358379,306731,1,7654,1,15358,7654,384888,0,384888,138697,1,w3,7654,0,138697,65729,1494217,383414,Available,Available,Available,150%,150,110%,110,125%,125,Below Trend,On Target,On Target,07/12 00:00:00 PDT,08/01 00:00:00 PDT,w2,0,2015-07-15 00:00:00,Contract,Contract,Contract,43819,43819,1358379,1358379,306731,58075,1109329,244717,0,0,0,0,0,0,637644,637646,637645,2015-07-11 23:48:31,2015-07-11 23:48:31,2015-07-11 23:48:31,43800,1358300,306700,65728,1494216,383413,False,True,138697,True,384888,True,58075,1109329,244717,-1,-1,-1,80.0,0.0,0,0,1
2015-07-12,2015-07-12 00:00:00,Chevron,PILOT TRAVEL CENTERS LLC : CHV7460761,1002 TRACY CA TRM CHEVRON,DIESEL #2,43819,1358379,306731,1,15606,0,15606,15606,400494,0,400494,154303,1,w3,15606,0,154303,65729,1494217,383414,Available,Available,Available,150%,150,110%,110,125%,125,On Target,On Target,On Target,07/13 00:00:00 PDT,08/01 00:00:00 PDT,w2,0,2015-07-15 00:00:00,Contract,Contract,Contract,43819,43819,1358379,1358379,306731,50123,1093723,229111,0,0,0,0,0,0,667058,667060,667059,2015-07-12 23:48:33,2015-07-12 23:48:33,2015-07-12 23:48:33,43800,1358300,306700,65728,1494216,383413,False,True,154303,True,400494,True,50123,1093723,229111,-1,-1,-1,76.0,0.0,0,0,1
2015-07-13,2015-07-13 00:00:00,Chevron,PILOT TRAVEL CENTERS LLC : CHV7460761,1002 TRACY CA TRM CHEVRON,DIESEL #2,43819,1358379,306731,1,38514,0,38514,38514,439008,0,439008,192817,1,w3,38514,0,192817,65729,1494217,383414,Limited,Available,Available,150%,150,110%,110,125%,125,On Target,On Target,On Target,07/14 00:00:00 PDT,08/01 00:00:00 PDT,w2,0,2015-07-15 00:00:00,Contract,Contract,Contract,43819,43819,1358379,1358379,306731,27215,1055209,190597,0,0,0,0,0,0,697654,697656,697655,2015-07-13 23:48:40,2015-07-13 23:48:40,2015-07-13 23:48:40,43800,1358300,306700,65728,1494216,383413,False,True,192817,True,439008,True,27215,1055209,190597,-1,-1,-1,77.0,0.0,0,0,1
2015-07-14,2015-07-14 00:00:00,Chevron,PILOT TRAVEL CENTERS LLC : CHV7460761,1002 TRACY CA TRM CHEVRON,DIESEL #2,43819,1358379,306731,1,92343,0,92343,92343,531351,0,531351,285160,1,w3,92343,0,285160,65729,1494217,383414,Out,Available,Limited,150%,150,110%,110,125%,125,Above Trend,On Target,On Target,07/15 00:00:00 PDT,08/01 00:00:00 PDT,w2,0,2015-07-15 00:00:00,Contract,Contract,Contract,43819,43819,1358379,1358379,306731,-26615,962866,98254,22700,22700,22700,3915,3915,3915,729520,729522,729521,2015-07-14 23:48:42,2015-07-14 23:48:42,2015-07-14 23:48:42,43800,1358300,306700,65728,1494216,383413,False,True,285160,True,531351,True,-26614,962866,98254,22700,-1,-1,87.0,267.0,0,0,1
2015-07-15,2015-07-15 00:00:00,Chevron,PILOT TRAVEL CENTERS LLC : CHV7460761,1002 TRACY CA TRM CHEVRON,DIESEL #2,43819,1358379,306731,1,61720,0,61720,61720,593071,0,593071,61720,1,w4,61720,0,61720,65729,1494217,383414,Low,Available,Available,150%,150,110%,110,125%,125,Above Trend,Above Trend,Above Trend,07/16 00:00:00 PDT,08/01 00:00:00 PDT,w3,0,2015-07-22 00:00:00,Contract,Contract,Contract,43819,43819,1358379,1358379,306731,4009,901146,321694,0,0,0,0,0,0,754994,754996,754995,2015-07-15 23:48:31,2015-07-15 23:48:31,2015-07-15 23:48:31,43800,1358300,306700,65728,1494216,383413,True,True,61720,True,593071,True,4009,901146,321694,-1,-1,-1,90.0,133.0,0,0,1
2015-07-16,2015-07-16 00:00:00,Chevron,PILOT TRAVEL CENTERS LLC : CHV7460761,1002 TRACY CA TRM CHEVRON,DIESEL #2,43819,1358379,306731,1,38513,0,30812,30812,623883,0,623883,92532,1,w4,30812,0,100233,65729,1494217,383414,Available,Available,Available,150%,150,110%,110,125%,125,On Target,Above Trend,Above Trend,07/17 00:00:00 PDT,08/01 00:00:00 PDT,w3,0,2015-07-22 00:00:00,Contract,Contract,Contract,43819,43819,1358379,1358379,306731,34917,870334,290882,0,0,0,0,0,0,788296,788298,788297,2015-07-16 23:48:44,2015-07-16 23:48:44,2015-07-16 23:48:44,43800,1358300,306700,65728,1494216,383413,True,True,100233,True,631584,True,27216,870334,283181,-1,-1,-1,89.0,0.0,0,0,0
2015-07-17,2015-07-17 00:00:00,Chevron,PILOT TRAVEL CENTERS LLC : CHV7460761,1002 TRACY CA TRM CHEVRON,DIESEL #2,43819,1358379,306731,1,30812,1,38513,30812,662396,0,662396,131045,1,w4,30812,0,131045,65729,1494217,383414,Available,Available,Available,150%,150,110%,110,125%,125,On Target,Above Trend,Above Trend,07/18 00:00:00 PDT,08/01 00:00:00 PDT,w3,0,2015-07-22 00:00:00,Contract,Contract,Contract,43819,43819,1358379,1358379,306731,34917,831821,252369,0,0,0,0,0,0,820320,820322,820321,2015-07-17 23:48:44,2015-07-17 23:48:44,2015-07-17 23:48:44,43800,1358300,306700,65728,1494216,383413,True,True,131045,True,662396,True,34917,831821,252369,-1,-1,-1,89.0,0.0,0,0,1
2015-07-18,2015-07-18 00:00:00,Chevron,PILOT TRAVEL CENTERS LLC : CHV7460761,1002 TRACY CA TRM CHEVRON,DIESEL #2,43819,1358379,306731,1,7654,0,7654,7654,670050,0,670050,138699,1,w4,7654,0,138699,65729,1494217,383414,Available,Available,Available,150%,150,110%,110,125%,125,Below Trend,On Target,On Target,07/19 00:00:00 PDT,08/01 00:00:00 PDT,w3,0,2015-07-22 00:00:00,Contract,Contract,Contract,43819,43819,1358379,1358379,306731,58075,824167,244715,0,0,0,0,0,0,850782,850784,850783,2015-07-18 23:48:35,2015-07-18 23:48:35,2015-07-18 23:48:35,43800,1358300,306700,65728,1494216,383413,True,True,138699,True,670050,True,58075,824167,244715,-1,-1,-1,85.0,0.0,0,0,1
2015-07-19,2015-07-19 00:00:00,Chevron,PILOT TRAVEL CENTERS LLC : CHV7460761,1002 TRACY CA TRM CHEVRON,DIESEL #2,43819,1358379,306731,1,15603,0,15603,15603,685653,0,685653,154302,1,w4,15603,0,154302,65729,1494217,383414,Available,Available,Available,150%,150,110%,110,125%,125,On Target,On Target,On Target,07/20 00:00:00 PDT,08/01 00:00:00 PDT,w3,0,2015-07-22 00:00:00,Contract,Contract,Contract,43819,43819,1358379,1358379,306731,50126,808564,229112,0,0,0,0,0,0,882043,882045,882044,2015-07-19 23:48:37,2015-07-19 23:48:37,2015-07-19 23:48:37,43800,1358300,306700,65728,1494216,383413,True,True,154302,True,685653,True,50126,808564,229112,-1,-1,-1,82.0,0.0,0,0,1
2015-07-20,2015-07-20 00:00:00,Chevron,PILOT TRAVEL CENTERS LLC : CHV7460761,1002 TRACY CA TRM CHEVRON,DIESEL #2,43819,1358379,306731,1,53919,0,53919,53919,739572,0,739572,208221,1,w4,53919,0,208221,65729,1494217,383414,Low,Available,Limited,150%,150,110%,110,125%,125,Above Trend,On Target,On Target,07/21 00:00:00 PDT,08/01 00:00:00 PDT,w3,0,2015-07-22 00:00:00,Contract,Contract,Contract,43819,43819,1358379,1358379,306731,11810,754645,175193,0,0,0,0,0,0,912409,912411,912410,2015-07-20 23:48:48,2015-07-20 23:48:48,2015-07-20 23:48:48,43800,1358300,306700,65728,1494216,383413,True,True,208221,True,739572,True,11810,754645,175193,-1,-1,-1,84.0,133.0,0,0,1
2015-07-21,2015-07-21 00:00:00,Chevron,PILOT TRAVEL CENTERS LLC : CHV7460761,1002 TRACY CA TRM CHEVRON,DIESEL #2,43819,1358379,306731,1,31010,0,31010,31010,770582,0,770582,239231,1,w4,31010,0,239231,65729,1494217,383414,Available,Limited,Limited,150%,150,110%,110,125%,125,On Target,On Target,On Target,07/22 00:00:00 PDT,08/01 00:00:00 PDT,w3,0,2015-07-22 00:00:00,Contract,Contract,Contract,43819,43819,1358379,1358379,306731,34719,723635,144183,0,0,0,0,0,0,941596,941598,941597,2015-07-21 23:46:25,2015-07-21 23:46:25,2015-07-21 23:46:25,43800,1358300,306700,65728,1494216,383413,True,True,239231,True,770582,True,34719,723635,144183,-1,-1,-1,84.0,0.0,0,0,1
2015-07-22,2015-07-22 00:00:00,Chevron,PILOT TRAVEL CENTERS LLC : CHV7460761,1002 TRACY CA TRM CHEVRON,DIESEL #2,43819,1358379,306731,1,46218,0,46218,46218,816800,0,816800,46218,1,w5,46218,0,46218,65729,1494217,383414,Limited,Available,Available,150%,150,110%,110,125%,125,Above Trend,On Target,Above Trend,07/23 00:00:00 PDT,08/01 00:00:00 PDT,w4,0,2015-07-29 00:00:00,Contract,Contract,Contract,43819,43819,1358379,1358379,306731,19511,677417,337196,0,0,0,0,0,0,975025,975027,975026,2015-07-22 23:48:48,2015-07-22 23:48:48,2015-07-22 23:48:48,43800,1358300,306700,65728,1494216,383413,True,True,46218,True,816800,True,19511,677417,337196,-1,-1,-1,85.0,133.0,0,0,1
2015-07-23,2015-07-23 00:00:00,Chevron,PILOT TRAVEL CENTERS LLC : CHV7460761,1002 TRACY CA TRM CHEVRON,DIESEL #2,43819,1358379,306731,1,46316,0,46316,46316,863116,0,863116,92534,1,w5,46316,0,92534,65729,1494217,383414,Limited,Available,Available,150%,150,110%,110,125%,125,Above Trend,On Target,Above Trend,07/24 00:00:00 PDT,08/01 00:00:00 PDT,w4,0,2015-07-29 00:00:00,Contract,Contract,Contract,43819,43819,1358379,1358379,306731,19413,631101,290880,0,0,0,0,0,0,1002839,1002841,1002840,2015-07-23 23:47:40,2015-07-23 23:47:40,2015-07-23 23:47:40,43800,1358300,306700,65728,1494216,383413,True,True,92534,True,863116,True,19413,631101,290880,-1,-1,-1,86.0,133.0,0,0,1
2015-07-24,2015-07-24 00:00:00,Chevron,PILOT TRAVEL CENTERS LLC : CHV7460761,1002 TRACY CA TRM CHEVRON,DIESEL #2,43819,1358379,306731,1,46212,0,30806,30806,893922,0,893922,123340,1,w5,30806,0,138746,65729,1494217,383414,Available,Available,Available,150%,150,110%,110,125%,125,On Target,On Target,On Target,07/25 00:00:00 PDT,08/01 00:00:00 PDT,w4,0,2015-07-29 00:00:00,Contract,Contract,Contract,43819,43819,1358379,1358379,306731,34923,600295,260074,0,0,0,0,0,0,1033053,1033055,1033054,2015-07-24 23:47:41,2015-07-24 23:47:41,2015-07-24 23:47:41,43800,1358300,306700,65728,1494216,383413,True,True,138746,True,909328,True,19517,600295,244668,-1,-1,-1,85.0,133.0,0,0,0
2015-07-25,2015-07-25 00:00:00,Chevron,PILOT TRAVEL CENTERS LLC : CHV7460761,1002 TRACY CA TRM CHEVRON,DIESEL #2,43819,1358379,306731,1,7655,1,23061,7655,916983,0,916983,146401,1,w5,7655,0,146401,65729,1494217,383414,Available,Available,Available,150%,150,110%,110,125%,125,Below Trend,On Target,On Target,07/26 00:00:00 PDT,08/01 00:00:00 PDT,w4,0,2015-07-29 00:00:00,Contract,Contract,Contract,43819,43819,1358379,1358379,306731,58074,577234,237013,0,0,0,0,0,0,1062244,1062246,1062245,2015-07-25 23:47:58,2015-07-25 23:47:58,2015-07-25 23:47:58,43800,1358300,306700,65728,1494216,383413,True,True,146401,True,916983,True,58074,577234,237013,-1,-1,-1,84.0,0.0,0,0,1
2015-07-26,2015-07-26 00:00:00,Chevron,PILOT TRAVEL CENTERS LLC : CHV7460761,1002 TRACY CA TRM CHEVRON,DIESEL #2,43819,1358379,306731,1,23210,0,15606,15606,932589,0,932589,162007,1,w5,15606,0,169611,65729,1494217,383414,Available,Available,Available,150%,150,110%,110,125%,125,On Target,On Target,On Target,07/27 00:00:00 PDT,08/01 00:00:00 PDT,w4,0,2015-07-29 00:00:00,Contract,Contract,Contract,43819,43819,1358379,1358379,306731,50123,561628,221407,0,0,0,0,0,0,1092299,1092301,1092300,2015-07-26 23:47:58,2015-07-26 23:47:58,2015-07-26 23:47:58,43800,1358300,306700,65728,1494216,383413,True,True,169611,True,940193,True,42519,561628,213803,-1,-1,-1,82.0,0.0,0,0,0
2015-07-27,2015-07-27 00:00:00,Chevron,PILOT TRAVEL CENTERS LLC : CHV7460761,1002 TRACY CA TRM CHEVRON,DIESEL #2,43819,1358379,306731,1,30810,1,38414,30810,971003,0,971003,200421,1,w5,30810,0,200421,65729,1494217,383414,Available,Available,Available,150%,150,110%,110,125%,125,On Target,On Target,On Target,07/28 00:00:00 PDT,08/01 00:00:00 PDT,w4,0,2015-07-29 00:00:00,Contract,Contract,Contract,43819,43819,1358379,772348,306731,34919,523214,182993,0,0,0,0,0,0,1122609,1122611,1122610,2015-07-27 23:48:00,2015-07-27 23:48:00,2015-07-27 23:48:00,43800,1358300,306700,65728,1494216,383413,True,True,200421,True,971003,True,34919,523214,182993,-1,-1,-1,82.0,0.0,0,0,1
2015-07-28,2015-07-28 00:00:00,Chevron,PILOT TRAVEL CENTERS LLC : CHV7460761,1002 TRACY CA TRM CHEVRON,DIESEL #2,43819,1358379,306731,1,61672,0,61672,61672,1032675,0,1032675,262093,1,w5,61672,0,262093,65729,1494217,383414,Low,Available,Available,150%,150,110%,110,125%,125,Above Trend,On Target,On Target,07/29 00:00:00 PDT,08/01 00:00:00 PDT,w4,0,2015-07-29 00:00:00,Contract,Contract,Contract,43819,43819,1358379,772348,306731,4057,461542,121321,0,0,0,0,0,0,1152919,1152921,1152920,2015-07-28 23:47:52,2015-07-28 23:47:52,2015-07-28 23:47:52,43800,1358300,306700,65728,1494216,383413,True,True,262093,True,1032675,True,4057,461542,121321,-1,-1,-1,84.0,133.0,0,0,1
2015-07-29,2015-07-29 00:00:00,Chevron,PILOT TRAVEL CENTERS LLC : CHV7460761,1002 TRACY CA TRM CHEVRON,DIESEL #2,43819,1358379,306731,1,30811,0,30811,30811,1063486,0,1063486,30811,1,w6,30811,0,30811,65729,1494217,383414,Available,Limited,Available,150%,150,110%,110,125%,125,On Target,On Target,On Target,07/30 00:00:00 PDT,08/01 00:00:00 PDT,w5,0,2015-08-05 00:00:00,Contract,Contract,Contract,43819,43819,1358379,772348,306731,34918,430731,352603,0,0,0,0,0,0,1183229,1183231,1183230,2015-07-29 23:47:39,2015-07-29 23:47:39,2015-07-29 23:47:39,43800,1358300,306700,65728,1494216,383413,True,True,30811,True,1063486,True,34918,430731,352603,-1,-1,-1,84.0,0.0,0,0,1
2015-07-30,2015-07-30 00:00:00,Chevron,PILOT TRAVEL CENTERS LLC : CHV7460761,1002 TRACY CA TRM CHEVRON,DIESEL #2,43819,1358379,306731,1,61525,0,61525,61525,1125011,0,1125011,92336,1,w6,61525,0,92336,65729,1494217,383414,Low,Limited,Available,150%,150,110%,110,125%,125,Above Trend,On Target,Above Trend,07/31 00:00:00 PDT,08/01 00:00:00 PDT,w5,0,2015-08-05 00:00:00,Contract,Contract,Contract,43819,43819,1358379,772348,306731,4204,369206,291078,0,0,0,0,0,0,1213539,1213541,1213540,2015-07-30 23:47:49,2015-07-30 23:47:49,2015-07-30 23:47:49,43800,1358300,306700,65728,1494216,383413,True,True,92336,True,1125011,True,4204,369206,291078,-1,-1,-1,86.0,133.0,0,0,1
2015-07-31,2015-07-31 00:00:00,Chevron,PILOT TRAVEL CENTERS LLC : CHV7460761,1002 TRACY CA TRM CHEVRON,DIESEL #2,43819,1358379,306731,1,15407,0,15407,15407,1140418,0,1140418,107743,1,w6,15407,0,107743,65729,1494217,383414,Available,Limited,Available,150%,150,110%,110,125%,125,On Target,On Target,On Target,08/01 00:00:00 PDT,08/01 00:00:00 PDT,w5,0,2015-08-05 00:00:00,Contract,Contract,Contract,43819,43819,772348,772348,306731,50322,353799,275671,0,0,0,0,0,0,1243849,1243851,1243850,2015-07-31 23:47:47,2015-07-31 23:47:47,2015-07-31 23:47:47,43800,1358300,306700,65728,1494216,383413,True,True,107743,True,1140418,True,50322,353799,275671,-1,-1,-1,84.0,0.0,0,0,1
