,date,supplier_name,account_type,supplier_terminal_name,product_name,base_gallons_Daily,base_gallons_Monthly,base_gallons_Weekly,lifted_gallons_daily_flag,lifted_gallons_daily_modified,Modified_WeeksByLiftedGallons,lifted_gallons_modified_WeeksByLiftedGallons,lifted_gallons_Daily,Lifted_actual_monthly,lifted_gallons_monthly_flag,lifted_gallons_Monthly,Lifted_actual_weekly,lifted_gallons_weekly_flag,WeeksByLiftedGallons,lifted_gallonsWeekly_modified_aposteriori,Modified_LiftedGallonsaposteriori,lifted_gallons_Weekly,beginning_gallons_Daily,beginning_gallons_Monthly,beginning_gallons_Weekly,en_allocation_status_Daily,en_allocation_status_Monthly,en_allocation_status_Weekly,percentage_allocation_Daily_actual,percentage_allocation_Daily,percentage_allocation_Monthly_actual,percentage_allocation_Monthly,percentage_allocation_Weekly_actual,percentage_allocation_Weekly,alerts_ratability_Daily,alerts_ratability_Monthly,alerts_ratability_Weekly,next_refresh_date_Daily,next_refresh_date_Monthly,Week_switch,Modified_NRD,next_refresh_date_Weekly,en_account_type_Daily,en_account_type_Monthly,en_account_type_Weekly,NRB_Daily,next_refresh_base_gallons_Daily,NRB_Monthly,next_refresh_base_gallons_Monthly,next_refresh_base_gallons_Weekly,remaining_gallons_Daily,remaining_gallons_Monthly,remaining_gallons_Weekly,additional_gallons_allowed_Daily,additional_gallons_allowed_Monthly,additional_gallons_allowed_Weekly,additional_gallons_remaining_Daily,additional_gallons_remaining_Monthly,additional_gallons_remaining_Weekly,staging_id_Daily,staging_id_Monthly,staging_id_Weekly,execution_date_Daily,execution_date_Monthly,execution_date_Weekly,base_gallons_Daily_Reconciled,base_gallons_Monthly_Reconciled,base_gallons_Weekly_Reconciled,beginning_gallons_Daily_Reconciled,beginning_gallons_Monthly_Reconciled,beginning_gallons_Weekly_Reconciled,sanityWeekly_CumulativeDaily_WeeksByLiftedGallons,sanityWeekly_CumulativeDaily_NextRefreshDate,computedWeekly,sanityComputedWeekly,computedMonthly,sanityComputedMonthly,remaining_gallons_Daily_Reconciled,remaining_gallons_Monthly_Reconciled,remaining_gallons_Weekly_Reconciled,additional_gallons_remaining_Daily_Reconciled,additional_gallons_remaining_Monthly_Reconciled,additional_gallons_remaining_Weekly_Reconciled,Ratability_Monthly,Ratability_Daily,Ratability_Weekly,sanityMonthly_CumulativeDaily_WeeksByLiftedGallons,sanityMonthly_CumulativeDaily_WeeksByNextRefreshDate
2015-07-01,2015-07-01 00:00:00,Chevron,PILOT TRAVEL CENTERS LLC : CHV7460761,1043 MONTEBELLO CA TRM CHEVRON,DIESEL #2,38691,1199406,270834,1,45499,0,37899,37899,37899,0,37899,37899,1,w1,37899,0,45499,58037,1319347,338543,Limited,Available,Available,150%,150,110%,110,125%,125,On Target,Above Trend,Above Trend,07/02 00:00:00 PDT,08/01 00:00:00 PDT,w1,0,2015-07-08 00:00:00,Contract,Contract,Contract,38691,38691,1199406,1199406,270834,20138,1281448,300644,0,0,0,0,0,0,508010,508012,508011,2015-07-01 23:47:42,2015-07-01 23:47:42,2015-07-01 23:47:42,38600,1199400,270800,58036,1319346,338542,True,True,45499,True,45499,True,12538,1281448,293044,-1,-1,-1,98.0,133.0,0,1,0
2015-07-02,2015-07-02 00:00:00,Chevron,PILOT TRAVEL CENTERS LLC : CHV7460761,1043 MONTEBELLO CA TRM CHEVRON,DIESEL #2,38691,1199406,270834,1,37904,1,30304,22704,68203,0,68203,68203,1,w1,22704,0,83403,58037,1319347,338543,Available,Available,Available,150%,150,110%,110,125%,125,On Target,Above Trend,Above Trend,07/03 00:00:00 PDT,08/01 00:00:00 PDT,w1,0,2015-07-08 00:00:00,Contract,Contract,Contract,38691,38691,1199406,1199406,270834,35333,1251144,270340,0,0,0,0,0,0,527085,527087,527086,2015-07-02 14:47:31,2015-07-02 14:47:31,2015-07-02 14:47:31,38600,1199400,270800,58036,1319346,338542,True,True,83403,True,83403,True,20133,1251144,255140,-1,-1,-1,88.0,0.0,0,1,0
2015-07-03,2015-07-03 00:00:00,Chevron,PILOT TRAVEL CENTERS LLC : CHV7460761,1043 MONTEBELLO CA TRM CHEVRON,DIESEL #2,38691,1199406,270834,1,22803,1,22802,7602,91005,0,91005,91005,1,w1,7602,0,106206,58037,1319347,338543,Available,Available,Available,150%,150,110%,110,125%,125,On Target,Above Trend,Above Trend,07/04 00:00:00 PDT,08/01 00:00:00 PDT,w1,0,2015-07-08 00:00:00,Contract,Contract,Contract,38691,38691,1199406,1199406,270834,50435,1228342,247538,0,0,0,0,0,0,534736,534738,534737,2015-07-03 09:22:08,2015-07-03 09:22:08,2015-07-03 09:22:08,38600,1199400,270800,58036,1319346,338542,True,True,106206,True,106206,True,35234,1228342,232337,-1,-1,-1,78.0,0.0,0,1,0
2015-07-04,2015-07-04 00:00:00,Chevron,PILOT TRAVEL CENTERS LLC : CHV7460761,1043 MONTEBELLO CA TRM CHEVRON,DIESEL #2,38691,1199406,270834,1,15100,1,22702,7501,113707,0,113707,113707,1,w1,7501,0,121306,58037,1319347,338543,Available,Available,Available,150%,150,110%,110,125%,125,On Target,Above Trend,On Target,07/05 00:00:00 PDT,08/01 00:00:00 PDT,w1,0,2015-07-08 00:00:00,Contract,Contract,Contract,38691,38691,1199406,1199406,270834,50536,1205640,224836,0,0,0,0,0,0,540988,540990,540989,2015-07-04 08:42:40,2015-07-04 08:42:40,2015-07-04 08:42:40,38600,1199400,270800,58036,1319346,338542,True,True,121306,True,121306,True,42937,1205640,217237,-1,-1,-1,73.0,0.0,0,1,0
2015-07-05,2015-07-05 00:00:00,Chevron,PILOT TRAVEL CENTERS LLC : CHV7460761,1043 MONTEBELLO CA TRM CHEVRON,DIESEL #2,38691,1199406,270834,1,22702,1,15199,7600,128906,0,128906,128906,1,w1,7600,0,144008,58037,1319347,338543,Available,Available,Available,150%,150,110%,110,125%,125,On Target,On Target,On Target,07/06 00:00:00 PDT,08/01 00:00:00 PDT,w1,0,2015-07-08 00:00:00,Contract,Contract,Contract,38691,38691,1199406,1199406,270834,50437,1190441,209637,0,0,0,0,0,0,547431,547433,547432,2015-07-05 08:42:30,2015-07-05 08:42:30,2015-07-05 08:42:30,38600,1199400,270800,58036,1319346,338542,True,True,144008,True,144008,True,35335,1190441,194535,-1,-1,-1,67.0,0.0,0,1,0
2015-07-06,2015-07-06 00:00:00,Chevron,PILOT TRAVEL CENTERS LLC : CHV7460761,1043 MONTEBELLO CA TRM CHEVRON,DIESEL #2,38691,1199406,270834,1,22801,1,22701,7599,151607,0,151607,151607,1,w1,7599,0,166809,58037,1319347,338543,Available,Available,Available,150%,150,110%,110,125%,125,On Target,On Target,On Target,07/07 00:00:00 PDT,08/01 00:00:00 PDT,w1,0,2015-07-08 00:00:00,Contract,Contract,Contract,38691,38691,1199406,1199406,270834,50438,1167740,186936,0,0,0,0,0,0,553747,553749,553748,2015-07-06 08:43:29,2015-07-06 08:43:29,2015-07-06 08:43:29,38600,1199400,270800,58036,1319346,338542,True,True,166809,True,166809,True,35236,1167740,171734,-1,-1,-1,65.0,0.0,0,1,0
2015-07-07,2015-07-07 00:00:00,Chevron,PILOT TRAVEL CENTERS LLC : CHV7460761,1043 MONTEBELLO CA TRM CHEVRON,DIESEL #2,38691,1199406,270834,1,75797,1,75798,60596,227405,0,227405,227405,1,w1,60596,0,242606,58037,1319347,338543,Limited,Available,Limited,150%,150,110%,110,125%,125,Above Trend,On Target,On Target,07/08 00:00:00 PDT,08/01 00:00:00 PDT,w1,0,2015-07-08 00:00:00,Contract,Contract,Contract,38691,38691,1199406,1199406,270834,-2560,1091942,111138,23000,23000,23000,20440,20440,20440,566760,566762,566761,2015-07-07 22:43:38,2015-07-07 22:43:38,2015-07-07 22:43:38,38600,1199400,270800,58036,1319346,338542,True,True,242606,True,242606,True,-17760,1091942,95937,23000,-1,-1,84.0,133.0,0,1,0
2015-07-08,2015-07-08 00:00:00,Chevron,PILOT TRAVEL CENTERS LLC : CHV7460761,1043 MONTEBELLO CA TRM CHEVRON,DIESEL #2,38691,1199406,270834,0,23000,0,23000,23000,265606,0,265606,23000,0,w2,23000,0,23000,58037,1319347,338543,Available,Available,Available,150%,150,110%,110,125%,125,Above Trend,Above Trend,Above Trend,07/09 00:00:00 PDT,08/01 00:00:00 PDT,w2,0,2015-07-15 00:00:00,Contract,Contract,Contract,38691,38691,1199406,1199406,270834,35037,1053741,315543,0,0,0,0,0,0,576361,576363,576362,2015-07-08 12:43:31,2015-07-08 12:43:31,2015-07-08 12:43:31,38600,1199400,270800,58036,1319346,338542,True,True,23000,True,265606,True,35037,1053741,315543,-1,-1,-1,86.0,0.0,0,0,1
2015-07-09,2015-07-09 00:00:00,Chevron,PILOT TRAVEL CENTERS LLC : CHV7460761,1043 MONTEBELLO CA TRM CHEVRON,DIESEL #2,-1,-1,-1,2,53202,0,-1,-1,-1,2,318808,-1,2,w3,-1,0,76202,-1,-1,-1,-1,-1,-1,-1,150,-1,110,-1,125,-1,-1,-1,-1,-1,w2,1,2015-07-15 00:00:00,-1,-1,-1,38691,-1,1199406,-1,-1,-1,-1,-1,-1,-1,-1,-1,-1,-1,-1,-1,-1,2015-07-09 00:00:00,2015-07-09 00:00:00,2015-07-09 00:00:00,38600,1199400,270800,58036,1319346,338542,True,True,76202,True,318808,True,-1,-1,-1,-1,-1,-1,92.0,0.0,0,0,1
2015-07-10,2015-07-10 00:00:00,Chevron,PILOT TRAVEL CENTERS LLC : CHV7460761,1043 MONTEBELLO CA TRM CHEVRON,DIESEL #2,38691,1199406,270834,1,22803,0,22803,22803,341611,0,341611,99005,1,w3,22803,0,99005,42560,1319347,338543,Limited,Available,Available,110%,110,110%,110,125%,125,On Target,Above Trend,On Target,07/11 00:00:00 PDT,08/01 00:00:00 PDT,w2,0,2015-07-15 00:00:00,Contract,Contract,Contract,38691,38691,1199406,1199406,270834,19757,977736,239538,0,0,0,0,0,0,609178,609180,609179,2015-07-10 23:51:23,2015-07-10 23:51:23,2015-07-10 23:51:23,38600,1199400,270800,42560,1319346,338542,False,True,99005,True,341611,True,19757,977736,239538,-1,-1,-1,88.0,0.0,0,0,1
2015-07-11,2015-07-11 00:00:00,Chevron,PILOT TRAVEL CENTERS LLC : CHV7460761,1043 MONTEBELLO CA TRM CHEVRON,DIESEL #2,38691,1199406,270834,1,7600,0,0,0,341611,0,341611,99005,1,w3,0,0,106605,42560,1319347,338543,Available,Available,Available,110%,110,110%,110,125%,125,Below Trend,On Target,On Target,07/12 00:00:00 PDT,08/01 00:00:00 PDT,w2,0,2015-07-15 00:00:00,Contract,Contract,Contract,38691,38691,1199406,1199406,270834,42560,977736,239538,0,0,0,0,0,0,637665,637667,637666,2015-07-11 23:48:31,2015-07-11 23:48:31,2015-07-11 23:48:31,38600,1199400,270800,42560,1319346,338542,False,True,106605,True,349211,True,34960,977736,231938,-1,-1,-1,80.0,0.0,0,0,0
2015-07-12,2015-07-12 00:00:00,Chevron,PILOT TRAVEL CENTERS LLC : CHV7460761,1043 MONTEBELLO CA TRM CHEVRON,DIESEL #2,38691,1199406,270834,1,30511,1,30510,22910,372121,0,372121,129515,1,w3,22910,0,137116,42560,1319347,338543,Limited,Available,Available,110%,110,110%,110,125%,125,On Target,On Target,On Target,07/13 00:00:00 PDT,08/01 00:00:00 PDT,w2,0,2015-07-15 00:00:00,Contract,Contract,Contract,38691,38691,1199406,1199406,270834,19650,947226,209028,0,0,0,0,0,0,667079,667081,667080,2015-07-12 23:48:33,2015-07-12 23:48:33,2015-07-12 23:48:33,38600,1199400,270800,42560,1319346,338542,False,True,137116,True,379722,True,12049,947226,201427,-1,-1,-1,80.0,0.0,0,0,0
2015-07-13,2015-07-13 00:00:00,Chevron,PILOT TRAVEL CENTERS LLC : CHV7460761,1043 MONTEBELLO CA TRM CHEVRON,DIESEL #2,38691,1199406,270834,1,15199,1,15200,7599,387321,0,387321,144715,1,w3,7599,0,152315,42560,1319347,338543,Available,Available,Available,110%,110,110%,110,125%,125,On Target,On Target,On Target,07/14 00:00:00 PDT,08/01 00:00:00 PDT,w2,0,2015-07-15 00:00:00,Contract,Contract,Contract,38691,38691,1199406,1199406,270834,34961,932026,193828,0,0,0,0,0,0,697675,697677,697676,2015-07-13 23:48:40,2015-07-13 23:48:40,2015-07-13 23:48:40,38600,1199400,270800,42560,1319346,338542,False,True,152315,True,394921,True,27361,932026,186228,-1,-1,-1,77.0,0.0,0,0,0
2015-07-14,2015-07-14 00:00:00,Chevron,PILOT TRAVEL CENTERS LLC : CHV7460761,1043 MONTEBELLO CA TRM CHEVRON,DIESEL #2,38691,1199406,270834,1,38001,1,38001,30401,425322,0,425322,182716,1,w3,30401,0,190316,42560,1319347,338543,Limited,Available,Limited,110%,110,110%,110,125%,125,Above Trend,On Target,On Target,07/15 00:00:00 PDT,08/01 00:00:00 PDT,w2,0,2015-07-15 00:00:00,Contract,Contract,Contract,38691,38691,1199406,1199406,270834,12159,894025,155827,0,0,0,0,0,0,729541,729543,729542,2015-07-14 23:48:42,2015-07-14 23:48:42,2015-07-14 23:48:42,38600,1199400,270800,42560,1319346,338542,False,True,190316,True,432922,True,4559,894025,148227,-1,-1,-1,79.0,0.0,0,0,0
2015-07-15,2015-07-15 00:00:00,Chevron,PILOT TRAVEL CENTERS LLC : CHV7460761,1043 MONTEBELLO CA TRM CHEVRON,DIESEL #2,38691,1199406,270834,1,38001,0,30401,30401,463323,0,463323,30401,1,w4,30401,0,38001,77382,1319347,338543,Available,Available,Available,200%,200,110%,110,125%,125,On Target,On Target,On Target,07/16 00:00:00 PDT,08/01 00:00:00 PDT,w3,0,2015-07-22 00:00:00,Contract,Contract,Contract,38691,38691,1199406,1199406,270834,46981,856024,308142,0,0,0,0,0,0,755015,755017,755016,2015-07-15 23:48:31,2015-07-15 23:48:31,2015-07-15 23:48:31,38600,1199400,270800,77382,1319346,338542,True,True,38001,True,470923,True,39381,856024,300542,-1,-1,-1,80.0,0.0,0,0,0
2015-07-16,2015-07-16 00:00:00,Chevron,PILOT TRAVEL CENTERS LLC : CHV7460761,1043 MONTEBELLO CA TRM CHEVRON,DIESEL #2,38691,1199406,270834,1,45602,1,53202,45602,516525,0,516525,83603,1,w4,45602,0,83603,77382,1319347,338543,Limited,Available,Available,200%,200,110%,110,125%,125,On Target,On Target,Above Trend,07/17 00:00:00 PDT,08/01 00:00:00 PDT,w3,0,2015-07-22 00:00:00,Contract,Contract,Contract,38691,38691,1199406,1199406,270834,31780,802822,254940,0,0,0,0,0,0,788317,788319,788318,2015-07-16 23:48:44,2015-07-16 23:48:44,2015-07-16 23:48:44,38600,1199400,270800,77382,1319346,338542,True,True,83603,True,516525,True,31780,802822,254940,-1,-1,-1,83.0,133.0,0,0,1
2015-07-17,2015-07-17 00:00:00,Chevron,PILOT TRAVEL CENTERS LLC : CHV7460761,1043 MONTEBELLO CA TRM CHEVRON,DIESEL #2,38691,1199406,270834,1,15101,0,15101,15101,531626,0,531626,98704,1,w4,15101,0,98704,77382,1319347,338543,Available,Available,Available,200%,200,110%,110,125%,125,On Target,On Target,On Target,07/18 00:00:00 PDT,08/01 00:00:00 PDT,w3,0,2015-07-22 00:00:00,Contract,Contract,Contract,38691,38691,1199406,1199406,270834,62281,787721,239839,0,0,0,0,0,0,820341,820343,820342,2015-07-17 23:48:44,2015-07-17 23:48:44,2015-07-17 23:48:44,38600,1199400,270800,77382,1319346,338542,True,True,98704,True,531626,True,62281,787721,239839,-1,-1,-1,81.0,0.0,0,0,1
2015-07-18,2015-07-18 00:00:00,Chevron,PILOT TRAVEL CENTERS LLC : CHV7460761,1043 MONTEBELLO CA TRM CHEVRON,DIESEL #2,38691,1199406,270834,1,30400,0,22803,22803,554429,0,554429,121507,1,w4,22803,0,129104,77382,1319347,338543,Available,Available,Available,200%,200,110%,110,125%,125,On Target,On Target,On Target,07/19 00:00:00 PDT,08/01 00:00:00 PDT,w3,0,2015-07-22 00:00:00,Contract,Contract,Contract,38691,38691,1199406,1199406,270834,54579,764918,217036,0,0,0,0,0,0,850803,850805,850804,2015-07-18 23:48:35,2015-07-18 23:48:35,2015-07-18 23:48:35,38600,1199400,270800,77382,1319346,338542,True,True,129104,True,562026,True,46982,764918,209439,-1,-1,-1,80.0,0.0,0,0,0
2015-07-19,2015-07-19 00:00:00,Chevron,PILOT TRAVEL CENTERS LLC : CHV7460761,1043 MONTEBELLO CA TRM CHEVRON,DIESEL #2,38691,1199406,270834,1,22803,1,30400,22803,584829,0,584829,151907,1,w4,22803,0,151907,77382,1319347,338543,Available,Available,Available,200%,200,110%,110,125%,125,On Target,On Target,On Target,07/20 00:00:00 PDT,08/01 00:00:00 PDT,w3,0,2015-07-22 00:00:00,Contract,Contract,Contract,38691,38691,1199406,1199406,270834,54579,734518,186636,0,0,0,0,0,0,882064,882066,882065,2015-07-19 23:48:37,2015-07-19 23:48:37,2015-07-19 23:48:37,38600,1199400,270800,77382,1319346,338542,True,True,151907,True,584829,True,54579,734518,186636,-1,-1,-1,80.0,0.0,0,0,1
2015-07-20,2015-07-20 00:00:00,Chevron,PILOT TRAVEL CENTERS LLC : CHV7460761,1043 MONTEBELLO CA TRM CHEVRON,DIESEL #2,38691,1199406,270834,1,22699,0,7499,7499,592328,0,592328,159406,1,w4,7499,0,174606,77382,1319347,338543,Available,Available,Available,200%,200,110%,110,125%,125,Below Trend,On Target,On Target,07/21 00:00:00 PDT,08/01 00:00:00 PDT,w3,0,2015-07-22 00:00:00,Contract,Contract,Contract,38691,38691,1199406,1199406,270834,69883,727019,179137,0,0,0,0,0,0,912430,912432,912431,2015-07-20 23:48:48,2015-07-20 23:48:48,2015-07-20 23:48:48,38600,1199400,270800,77382,1319346,338542,True,True,174606,True,607528,True,54683,727019,163937,-1,-1,-1,77.0,0.0,0,0,0
2015-07-21,2015-07-21 00:00:00,Chevron,PILOT TRAVEL CENTERS LLC : CHV7460761,1043 MONTEBELLO CA TRM CHEVRON,DIESEL #2,38691,1199406,270834,1,30205,1,37806,22606,630134,0,630134,197212,1,w4,22606,0,204811,77382,1319347,338543,Available,Available,Limited,200%,200,110%,110,125%,125,On Target,On Target,On Target,07/22 00:00:00 PDT,08/01 00:00:00 PDT,w3,0,2015-07-22 00:00:00,Contract,Contract,Contract,38691,38691,1199406,1199406,270834,54776,689213,141331,0,0,0,0,0,0,941617,941619,941618,2015-07-21 23:46:25,2015-07-21 23:46:25,2015-07-21 23:46:25,38600,1199400,270800,77382,1319346,338542,True,True,204811,True,637733,True,47177,689213,133732,-1,-1,-1,78.0,0.0,0,0,0
2015-07-22,2015-07-22 00:00:00,Chevron,PILOT TRAVEL CENTERS LLC : CHV7460761,1043 MONTEBELLO CA TRM CHEVRON,DIESEL #2,38691,1199406,270834,1,45506,0,30305,30305,668038,0,668038,30305,1,w5,30305,0,45506,77382,1319347,338543,Available,Available,Available,200%,200,110%,110,125%,125,On Target,On Target,On Target,07/23 00:00:00 PDT,08/01 00:00:00 PDT,w4,0,2015-07-29 00:00:00,Contract,Contract,Contract,38691,38691,1199406,1199406,270834,47077,651309,308238,0,0,0,0,0,0,975046,975048,975047,2015-07-22 23:48:48,2015-07-22 23:48:48,2015-07-22 23:48:48,38600,1199400,270800,77382,1319346,338542,True,True,45506,True,683239,True,31876,651309,293037,-1,-1,-1,78.0,133.0,0,0,0
2015-07-23,2015-07-23 00:00:00,Chevron,PILOT TRAVEL CENTERS LLC : CHV7460761,1043 MONTEBELLO CA TRM CHEVRON,DIESEL #2,38691,1199406,270834,1,45004,1,60205,45004,728243,0,728243,90510,1,w5,45004,0,90510,77382,1319347,338543,Available,Available,Available,200%,200,110%,110,125%,125,On Target,On Target,Above Trend,07/24 00:00:00 PDT,08/01 00:00:00 PDT,w4,0,2015-07-29 00:00:00,Contract,Contract,Contract,38691,38691,1199406,1199406,270834,32378,591104,248033,0,0,0,0,0,0,1002860,1002862,1002861,2015-07-23 23:47:40,2015-07-23 23:47:40,2015-07-23 23:47:40,38600,1199400,270800,77382,1319346,338542,True,True,90510,True,728243,True,32378,591104,248033,-1,-1,-1,82.0,133.0,0,0,1
2015-07-24,2015-07-24 00:00:00,Chevron,PILOT TRAVEL CENTERS LLC : CHV7460761,1043 MONTEBELLO CA TRM CHEVRON,DIESEL #2,38691,1199406,270834,1,53101,0,37902,37902,766145,0,766145,128412,1,w5,37902,0,143611,77382,1319347,338543,Available,Available,Available,200%,200,110%,110,125%,125,On Target,On Target,Above Trend,07/25 00:00:00 PDT,08/01 00:00:00 PDT,w4,0,2015-07-29 00:00:00,Contract,Contract,Contract,38691,38691,1199406,1199406,270834,39480,553202,210131,0,0,0,0,0,0,1033074,1033076,1033075,2015-07-24 23:47:41,2015-07-24 23:47:41,2015-07-24 23:47:41,38600,1199400,270800,77382,1319346,338542,True,True,143611,True,781344,True,24281,553202,194932,-1,-1,-1,83.0,133.0,0,0,0
2015-07-25,2015-07-25 00:00:00,Chevron,PILOT TRAVEL CENTERS LLC : CHV7460761,1043 MONTEBELLO CA TRM CHEVRON,DIESEL #2,38691,1199406,270834,1,37850,1,45449,30250,811594,0,811594,173861,1,w5,30250,0,181461,77382,1319347,338543,Available,Available,Available,200%,200,110%,110,125%,125,On Target,On Target,Above Trend,07/26 00:00:00 PDT,08/01 00:00:00 PDT,w4,0,2015-07-29 00:00:00,Contract,Contract,Contract,38691,38691,1199406,1199406,270834,47132,507753,164682,0,0,0,0,0,0,1062265,1062267,1062266,2015-07-25 23:47:58,2015-07-25 23:47:58,2015-07-25 23:47:58,38600,1199400,270800,77382,1319346,338542,True,True,181461,True,819194,True,39532,507753,157082,-1,-1,-1,84.0,0.0,0,0,0
2015-07-26,2015-07-26 00:00:00,Chevron,PILOT TRAVEL CENTERS LLC : CHV7460761,1043 MONTEBELLO CA TRM CHEVRON,DIESEL #2,38691,1199406,270834,1,30598,1,30598,22998,842192,0,842192,204459,1,w5,22998,0,212059,77382,1319347,338543,Available,Available,Available,200%,200,110%,110,125%,125,On Target,On Target,Above Trend,07/27 00:00:00 PDT,08/01 00:00:00 PDT,w4,0,2015-07-29 00:00:00,Contract,Contract,Contract,38691,38691,1199406,1199406,270834,54384,477155,134084,0,0,0,0,0,0,1092320,1092322,1092321,2015-07-26 23:47:58,2015-07-26 23:47:58,2015-07-26 23:47:58,38600,1199400,270800,77382,1319346,338542,True,True,212059,True,849792,True,46784,477155,126484,-1,-1,-1,84.0,0.0,0,0,0
2015-07-27,2015-07-27 00:00:00,Chevron,PILOT TRAVEL CENTERS LLC : CHV7460761,1043 MONTEBELLO CA TRM CHEVRON,DIESEL #2,38691,1199406,270834,1,15101,1,22701,15101,864893,0,864893,227160,1,w5,15101,0,227160,77382,1319347,338543,Available,Available,Available,200%,200,110%,110,125%,125,On Target,On Target,On Target,07/28 00:00:00 PDT,08/01 00:00:00 PDT,w4,0,2015-07-29 00:00:00,Contract,Contract,Contract,38691,38691,1199406,919634,270834,62281,454454,111383,0,0,0,0,0,0,1122630,1122632,1122631,2015-07-27 23:48:00,2015-07-27 23:48:00,2015-07-27 23:48:00,38600,1199400,270800,77382,1319346,338542,True,True,227160,True,864893,True,62281,454454,111383,-1,-1,-1,83.0,0.0,0,0,1
2015-07-28,2015-07-28 00:00:00,Chevron,PILOT TRAVEL CENTERS LLC : CHV7460761,1043 MONTEBELLO CA TRM CHEVRON,DIESEL #2,38691,1199406,270834,1,30245,0,22801,22801,887694,0,887694,249961,1,w5,22801,0,257405,77382,1319347,338543,Available,Available,Limited,200%,200,110%,110,125%,125,On Target,On Target,On Target,07/29 00:00:00 PDT,08/01 00:00:00 PDT,w4,0,2015-07-29 00:00:00,Contract,Contract,Contract,38691,38691,1199406,919634,270834,54581,431653,88582,0,0,0,0,0,0,1152940,1152942,1152941,2015-07-28 23:47:52,2015-07-28 23:47:52,2015-07-28 23:47:52,38600,1199400,270800,77382,1319346,338542,True,True,257405,True,895138,True,47137,431653,81138,-1,-1,-1,82.0,0.0,0,0,0
2015-07-29,2015-07-29 00:00:00,Chevron,PILOT TRAVEL CENTERS LLC : CHV7460761,1043 MONTEBELLO CA TRM CHEVRON,DIESEL #2,38691,1199406,270834,1,68001,0,60401,60401,955539,0,955539,60401,1,w6,60401,0,68001,77382,1319347,338543,Limited,Limited,Available,200%,200,110%,110,125%,125,Above Trend,On Target,Above Trend,07/30 00:00:00 PDT,08/01 00:00:00 PDT,w5,0,2015-08-05 00:00:00,Contract,Contract,Contract,38691,38691,1199406,919634,270834,16981,363808,278142,0,0,0,0,0,0,1183250,1183252,1183251,2015-07-29 23:47:39,2015-07-29 23:47:39,2015-07-29 23:47:39,38600,1199400,270800,77382,1319346,338542,True,True,68001,True,963139,True,9381,363808,270542,-1,-1,-1,85.0,133.0,0,0,0
2015-07-30,2015-07-30 00:00:00,Chevron,PILOT TRAVEL CENTERS LLC : CHV7460761,1043 MONTEBELLO CA TRM CHEVRON,DIESEL #2,38691,1199406,270834,1,53001,1,53001,45401,1008540,0,1008540,113402,1,w6,45401,0,121002,77382,1319347,338543,Available,Limited,Available,200%,200,110%,110,125%,125,On Target,On Target,Above Trend,07/31 00:00:00 PDT,08/01 00:00:00 PDT,w5,0,2015-08-05 00:00:00,Contract,Contract,Contract,38691,38691,1199406,919634,270834,31981,310807,225141,0,0,0,0,0,0,1213560,1213562,1213561,2015-07-30 23:47:49,2015-07-30 23:47:49,2015-07-30 23:47:49,38600,1199400,270800,77382,1319346,338542,True,True,121002,True,1016140,True,24381,310807,217541,-1,-1,-1,87.0,133.0,0,0,0
2015-07-31,2015-07-31 00:00:00,Chevron,PILOT TRAVEL CENTERS LLC : CHV7460761,1043 MONTEBELLO CA TRM CHEVRON,DIESEL #2,38691,1199406,270834,1,45597,1,53197,45597,1061737,0,1061737,166599,1,w6,45597,0,166599,77382,1319347,338543,Available,Low,Available,200%,200,110%,110,125%,125,On Target,Above Trend,Above Trend,08/01 00:00:00 PDT,08/01 00:00:00 PDT,w5,0,2015-08-05 00:00:00,Contract,Contract,Contract,38691,38691,919634,919634,270834,31785,257610,171944,0,0,0,0,0,0,1243870,1243872,1243871,2015-07-31 23:47:47,2015-07-31 23:47:47,2015-07-31 23:47:47,38600,1199400,270800,77382,1319346,338542,True,True,166599,True,1061737,True,31785,257610,171944,-1,-1,-1,89.0,133.0,0,0,1
