,date,supplier_name,account_type,supplier_terminal_name,product_name,base_gallons_Daily,base_gallons_Monthly,base_gallons_Weekly,lifted_gallons_daily_flag,lifted_gallons_daily_modified,Modified_WeeksByLiftedGallons,lifted_gallons_modified_WeeksByLiftedGallons,lifted_gallons_Daily,Lifted_actual_monthly,lifted_gallons_monthly_flag,lifted_gallons_Monthly,Lifted_actual_weekly,lifted_gallons_weekly_flag,WeeksByLiftedGallons,lifted_gallonsWeekly_modified_aposteriori,Modified_LiftedGallonsaposteriori,lifted_gallons_Weekly,beginning_gallons_Daily,beginning_gallons_Monthly,beginning_gallons_Weekly,en_allocation_status_Daily,en_allocation_status_Monthly,en_allocation_status_Weekly,percentage_allocation_Daily_actual,percentage_allocation_Daily,percentage_allocation_Monthly_actual,percentage_allocation_Monthly,percentage_allocation_Weekly_actual,percentage_allocation_Weekly,alerts_ratability_Daily,alerts_ratability_Monthly,alerts_ratability_Weekly,next_refresh_date_Daily,next_refresh_date_Monthly,Week_switch,Modified_NRD,next_refresh_date_Weekly,en_account_type_Daily,en_account_type_Monthly,en_account_type_Weekly,NRB_Daily,next_refresh_base_gallons_Daily,NRB_Monthly,next_refresh_base_gallons_Monthly,next_refresh_base_gallons_Weekly,remaining_gallons_Daily,remaining_gallons_Monthly,remaining_gallons_Weekly,additional_gallons_allowed_Daily,additional_gallons_allowed_Monthly,additional_gallons_allowed_Weekly,additional_gallons_remaining_Daily,additional_gallons_remaining_Monthly,additional_gallons_remaining_Weekly,staging_id_Daily,staging_id_Monthly,staging_id_Weekly,execution_date_Daily,execution_date_Monthly,execution_date_Weekly,base_gallons_Daily_Reconciled,base_gallons_Monthly_Reconciled,base_gallons_Weekly_Reconciled,beginning_gallons_Daily_Reconciled,beginning_gallons_Monthly_Reconciled,beginning_gallons_Weekly_Reconciled,sanityWeekly_CumulativeDaily_WeeksByLiftedGallons,sanityWeekly_CumulativeDaily_NextRefreshDate,computedWeekly,sanityComputedWeekly,computedMonthly,sanityComputedMonthly,remaining_gallons_Daily_Reconciled,remaining_gallons_Monthly_Reconciled,remaining_gallons_Weekly_Reconciled,additional_gallons_remaining_Daily_Reconciled,additional_gallons_remaining_Monthly_Reconciled,additional_gallons_remaining_Weekly_Reconciled,Ratability_Monthly,Ratability_Daily,Ratability_Weekly,sanityMonthly_CumulativeDaily_WeeksByLiftedGallons,sanityMonthly_CumulativeDaily_WeeksByNextRefreshDate
2015-07-01,2015-07-01 00:00:00,Chevron,PILOT TRAVEL CENTERS LLC : CHV7460761,1046 SAN DIEGO CA TRM CHEVRON,DIESEL #2,21056,652730,147391,1,23223,0,23223,23223,23223,0,23223,23223,1,w1,23223,0,23223,42112,718003,147391,Limited,Available,Available,200%,200,110%,110,100%,100,On Target,Above Trend,Above Trend,07/02 00:00:00 PDT,08/01 00:00:00 PDT,w1,0,2015-07-08 00:00:00,Contract,Contract,Contract,21056,21056,652730,652730,147391,18889,694780,124168,0,0,0,0,0,0,508016,508018,508017,2015-07-01 23:47:42,2015-07-01 23:47:42,2015-07-01 23:47:42,21000,652700,147300,42112,718003,147391,True,True,23223,True,23223,True,18889,694780,124168,-1,-1,-1,110.0,133.0,0,1,1
2015-07-02,2015-07-02 00:00:00,Chevron,PILOT TRAVEL CENTERS LLC : CHV7460761,1046 SAN DIEGO CA TRM CHEVRON,DIESEL #2,21056,652730,147391,1,23434,0,23434,23434,46657,0,46657,46657,1,w1,23434,0,46657,42112,718003,147391,Limited,Available,Available,200%,200,110%,110,100%,100,Above Trend,Above Trend,Above Trend,07/03 00:00:00 PDT,08/01 00:00:00 PDT,w1,0,2015-07-08 00:00:00,Contract,Contract,Contract,21056,21056,652730,652730,147391,18678,671346,100734,0,0,0,0,0,0,527091,527093,527092,2015-07-02 14:47:31,2015-07-02 14:47:31,2015-07-02 14:47:31,21000,652700,147300,42112,718003,147391,True,True,46657,True,46657,True,18678,671346,100734,-1,-1,-1,111.0,200.0,0,1,1
2015-07-03,2015-07-03 00:00:00,Chevron,PILOT TRAVEL CENTERS LLC : CHV7460761,1046 SAN DIEGO CA TRM CHEVRON,DIESEL #2,21056,652730,147391,1,23435,0,7811,7811,54468,0,54468,54468,1,w1,7811,0,70092,42112,718003,147391,Available,Available,Available,200%,200,110%,110,100%,100,On Target,Above Trend,Above Trend,07/04 00:00:00 PDT,08/01 00:00:00 PDT,w1,0,2015-07-08 00:00:00,Contract,Contract,Contract,21056,21056,652730,652730,147391,34301,663535,92923,0,0,0,0,0,0,534742,534744,534743,2015-07-03 09:22:08,2015-07-03 09:22:08,2015-07-03 09:22:08,21000,652700,147300,42112,718003,147391,True,True,70092,True,70092,True,18677,663535,77299,-1,-1,-1,86.0,400.0,0,1,0
2015-07-04,2015-07-04 00:00:00,Chevron,PILOT TRAVEL CENTERS LLC : CHV7460761,1046 SAN DIEGO CA TRM CHEVRON,DIESEL #2,21056,652730,147391,1,0,1,15624,0,70092,0,70092,70092,1,w1,0,0,70092,42112,718003,147391,Available,Available,Available,200%,200,110%,110,100%,100,Below Trend,Above Trend,Above Trend,07/05 00:00:00 PDT,08/01 00:00:00 PDT,w1,0,2015-07-08 00:00:00,Contract,Contract,Contract,21056,21056,652730,652730,147391,42112,647911,77299,0,0,0,0,0,0,540994,540996,540995,2015-07-04 08:42:40,2015-07-04 08:42:40,2015-07-04 08:42:40,21000,652700,147300,42112,718003,147391,True,True,70092,True,70092,True,42112,647911,77299,-1,-1,-1,83.0,0.0,0,1,1
2015-07-05,2015-07-05 00:00:00,Chevron,PILOT TRAVEL CENTERS LLC : CHV7460761,1046 SAN DIEGO CA TRM CHEVRON,DIESEL #2,21056,652730,147391,1,7601,0,0,0,70092,0,70092,70092,1,w1,0,0,77693,42112,718003,147391,Available,Available,Available,200%,200,110%,110,100%,100,Below Trend,On Target,On Target,07/06 00:00:00 PDT,08/01 00:00:00 PDT,w1,0,2015-07-08 00:00:00,Contract,Contract,Contract,21056,21056,652730,652730,147391,42112,647911,77299,0,0,0,0,0,0,547437,547439,547438,2015-07-05 08:42:30,2015-07-05 08:42:30,2015-07-05 08:42:30,21000,652700,147300,42112,718003,147391,True,True,77693,True,77693,True,34511,647911,69698,-1,-1,-1,67.0,0.0,0,1,0
2015-07-06,2015-07-06 00:00:00,Chevron,PILOT TRAVEL CENTERS LLC : CHV7460761,1046 SAN DIEGO CA TRM CHEVRON,DIESEL #2,21056,652730,147391,1,23436,1,15412,7811,85504,0,85504,85504,1,w1,7811,0,101129,42112,718003,147391,Available,Available,Limited,200%,200,110%,110,100%,100,On Target,On Target,On Target,07/07 00:00:00 PDT,08/01 00:00:00 PDT,w1,0,2015-07-08 00:00:00,Contract,Contract,Contract,21056,21056,652730,652730,147391,34301,632499,61887,0,0,0,0,0,0,553753,553755,553754,2015-07-06 08:43:29,2015-07-06 08:43:29,2015-07-06 08:43:29,21000,652700,147300,42112,718003,147391,True,True,101129,True,101129,True,18676,632499,46262,-1,-1,-1,68.0,400.0,0,1,0
2015-07-07,2015-07-07 00:00:00,Chevron,PILOT TRAVEL CENTERS LLC : CHV7460761,1046 SAN DIEGO CA TRM CHEVRON,DIESEL #2,21056,652730,147391,1,23431,1,39056,23431,124560,0,124560,124560,1,w1,23431,0,124560,42112,718003,147391,Limited,Available,Low,200%,200,110%,110,100%,100,On Target,On Target,Above Trend,07/08 00:00:00 PDT,08/01 00:00:00 PDT,w1,0,2015-07-08 00:00:00,Contract,Contract,Contract,21056,21056,652730,652730,147391,18681,593443,22831,0,0,0,0,0,0,566766,566768,566767,2015-07-07 22:43:38,2015-07-07 22:43:38,2015-07-07 22:43:38,21000,652700,147300,42112,718003,147391,True,True,124560,True,124560,True,18681,593443,22831,-1,-1,-1,85.0,133.0,0,1,1
2015-07-08,2015-07-08 00:00:00,Chevron,PILOT TRAVEL CENTERS LLC : CHV7460761,1046 SAN DIEGO CA TRM CHEVRON,DIESEL #2,21056,652730,147391,0,15623,0,15623,15623,140183,0,140183,15623,0,w2,15623,0,15623,42112,718003,147391,Available,Available,Available,200%,200,110%,110,100%,100,Above Trend,Above Trend,Above Trend,07/09 00:00:00 PDT,08/01 00:00:00 PDT,w2,0,2015-07-15 00:00:00,Contract,Contract,Contract,21056,21056,652730,652730,147391,26489,577820,131768,0,0,0,0,0,0,576367,576369,576368,2015-07-08 12:43:31,2015-07-08 12:43:31,2015-07-08 12:43:31,21000,652700,147300,42112,718003,147391,True,True,15623,True,140183,True,26489,577820,131768,-1,-1,-1,83.0,0.0,0,1,1
2015-07-09,2015-07-09 00:00:00,Chevron,PILOT TRAVEL CENTERS LLC : CHV7460761,1046 SAN DIEGO CA TRM CHEVRON,DIESEL #2,-1,-1,-1,2,31241,0,-1,-1,-1,2,171424,-1,2,w3,-1,0,46864,-1,-1,-1,-1,-1,-1,-1,200,-1,110,-1,100,-1,-1,-1,-1,-1,w2,1,2015-07-15 00:00:00,-1,-1,-1,21056,-1,652730,-1,-1,-1,-1,-1,-1,-1,-1,-1,-1,-1,-1,-1,-1,2015-07-09 00:00:00,2015-07-09 00:00:00,2015-07-09 00:00:00,21000,652700,147300,42112,718003,147391,True,True,46864,True,171424,True,-1,-1,-1,-1,-1,-1,90.0,0.0,0,0,1
2015-07-10,2015-07-10 00:00:00,Chevron,PILOT TRAVEL CENTERS LLC : CHV7460761,1046 SAN DIEGO CA TRM CHEVRON,DIESEL #2,21056,652730,147391,1,23224,0,23224,23224,194648,0,194648,70088,1,w3,23224,0,70088,42112,718003,147391,Limited,Available,Available,200%,200,110%,110,100%,100,On Target,Above Trend,Above Trend,07/11 00:00:00 PDT,08/01 00:00:00 PDT,w2,0,2015-07-15 00:00:00,Contract,Contract,Contract,21056,21056,652730,652730,147391,18888,523355,77303,0,0,0,0,0,0,609184,609186,609185,2015-07-10 23:51:23,2015-07-10 23:51:23,2015-07-10 23:51:23,21000,652700,147300,42112,718003,147391,False,True,70088,True,194648,True,18888,523355,77303,-1,-1,-1,92.0,133.0,0,0,1
2015-07-11,2015-07-11 00:00:00,Chevron,PILOT TRAVEL CENTERS LLC : CHV7460761,1046 SAN DIEGO CA TRM CHEVRON,DIESEL #2,21056,652730,147391,1,15202,0,7602,7602,202250,0,202250,77690,1,w3,7602,0,85290,42112,718003,147391,Available,Available,Limited,200%,200,110%,110,100%,100,On Target,Above Trend,Above Trend,07/12 00:00:00 PDT,08/01 00:00:00 PDT,w2,0,2015-07-15 00:00:00,Contract,Contract,Contract,21056,21056,652730,652730,147391,34510,515753,69701,0,0,0,0,0,0,637671,637673,637672,2015-07-11 23:48:31,2015-07-11 23:48:31,2015-07-11 23:48:31,21000,652700,147300,42112,718003,147391,False,True,85290,True,209850,True,26910,515753,62101,-1,-1,-1,87.0,0.0,0,0,0
2015-07-12,2015-07-12 00:00:00,Chevron,PILOT TRAVEL CENTERS LLC : CHV7460761,1046 SAN DIEGO CA TRM CHEVRON,DIESEL #2,21056,652730,147391,1,0,1,7600,0,209850,0,209850,85290,1,w3,0,0,85290,42112,718003,147391,Available,Available,Limited,200%,200,110%,110,100%,100,Below Trend,On Target,Above Trend,07/13 00:00:00 PDT,08/01 00:00:00 PDT,w2,0,2015-07-15 00:00:00,Contract,Contract,Contract,21056,21056,652730,652730,147391,42112,508153,62101,0,0,0,0,0,0,667085,667087,667086,2015-07-12 23:48:33,2015-07-12 23:48:33,2015-07-12 23:48:33,21000,652700,147300,42112,718003,147391,False,True,85290,True,209850,True,42112,508153,62101,-1,-1,-1,83.0,0.0,0,0,1
2015-07-13,2015-07-13 00:00:00,Chevron,PILOT TRAVEL CENTERS LLC : CHV7460761,1046 SAN DIEGO CA TRM CHEVRON,DIESEL #2,21056,652730,147391,1,23432,0,23432,23432,233282,0,233282,108722,1,w3,23432,0,108722,42112,718003,147391,Limited,Available,Limited,200%,200,110%,110,100%,100,On Target,On Target,Above Trend,07/14 00:00:00 PDT,08/01 00:00:00 PDT,w2,0,2015-07-15 00:00:00,Contract,Contract,Contract,21056,21056,652730,652730,147391,18680,484721,38669,0,0,0,0,0,0,697681,697683,697682,2015-07-13 23:48:40,2015-07-13 23:48:40,2015-07-13 23:48:40,21000,652700,147300,42112,718003,147391,False,True,108722,True,233282,True,18680,484721,38669,-1,-1,-1,85.0,133.0,0,0,1
2015-07-14,2015-07-14 00:00:00,Chevron,PILOT TRAVEL CENTERS LLC : CHV7460761,1046 SAN DIEGO CA TRM CHEVRON,DIESEL #2,21056,652730,147391,1,23432,0,23432,23432,256714,0,256714,132154,1,w3,23432,0,132154,42112,718003,147391,Limited,Available,Low,200%,200,110%,110,100%,100,On Target,On Target,Above Trend,07/15 00:00:00 PDT,08/01 00:00:00 PDT,w2,0,2015-07-15 00:00:00,Contract,Contract,Contract,21056,21056,652730,652730,147391,18680,461289,15237,0,0,0,0,0,0,729547,729549,729548,2015-07-14 23:48:42,2015-07-14 23:48:42,2015-07-14 23:48:42,21000,652700,147300,42112,718003,147391,False,True,132154,True,256714,True,18680,461289,15237,-1,-1,-1,87.0,133.0,0,0,1
2015-07-15,2015-07-15 00:00:00,Chevron,PILOT TRAVEL CENTERS LLC : CHV7460761,1046 SAN DIEGO CA TRM CHEVRON,DIESEL #2,21056,652730,147391,1,31041,0,31041,31041,287755,0,287755,31041,1,w4,31041,0,31041,42112,718003,147391,Limited,Available,Available,200%,200,110%,110,100%,100,Above Trend,Above Trend,Above Trend,07/16 00:00:00 PDT,08/01 00:00:00 PDT,w3,0,2015-07-22 00:00:00,Contract,Contract,Contract,21056,21056,652730,652730,147391,11071,430248,116350,0,0,0,0,0,0,755021,755023,755022,2015-07-15 23:48:31,2015-07-15 23:48:31,2015-07-15 23:48:31,21000,652700,147300,42112,718003,147391,True,True,31041,True,287755,True,11071,430248,116350,-1,-1,-1,91.0,133.0,0,0,1
2015-07-16,2015-07-16 00:00:00,Chevron,PILOT TRAVEL CENTERS LLC : CHV7460761,1046 SAN DIEGO CA TRM CHEVRON,DIESEL #2,21056,652730,147391,1,7811,0,7811,7811,295566,0,295566,38852,1,w4,7811,0,38852,42112,718003,147391,Available,Available,Available,200%,200,110%,110,100%,100,On Target,Above Trend,Above Trend,07/17 00:00:00 PDT,08/01 00:00:00 PDT,w3,0,2015-07-22 00:00:00,Contract,Contract,Contract,21056,21056,652730,652730,147391,34301,422437,108539,0,0,0,0,0,0,788323,788325,788324,2015-07-16 23:48:44,2015-07-16 23:48:44,2015-07-16 23:48:44,21000,652700,147300,42112,718003,147391,True,True,38852,True,295566,True,34301,422437,108539,-1,-1,-1,88.0,0.0,0,0,1
2015-07-17,2015-07-17 00:00:00,Chevron,PILOT TRAVEL CENTERS LLC : CHV7460761,1046 SAN DIEGO CA TRM CHEVRON,DIESEL #2,21056,652730,147391,1,0,0,0,0,295566,0,295566,38852,1,w4,0,0,38852,42112,718003,147391,Available,Available,Available,200%,200,110%,110,100%,100,Below Trend,On Target,On Target,07/18 00:00:00 PDT,08/01 00:00:00 PDT,w3,0,2015-07-22 00:00:00,Contract,Contract,Contract,21056,21056,652730,652730,147391,42112,422437,108539,0,0,0,0,0,0,820347,820349,820348,2015-07-17 23:48:44,2015-07-17 23:48:44,2015-07-17 23:48:44,21000,652700,147300,42112,718003,147391,True,True,38852,True,295566,True,42112,422437,108539,-1,-1,-1,83.0,0.0,0,0,1
2015-07-18,2015-07-18 00:00:00,Chevron,PILOT TRAVEL CENTERS LLC : CHV7460761,1046 SAN DIEGO CA TRM CHEVRON,DIESEL #2,21056,652730,147391,1,15201,0,15201,15201,310767,0,310767,54053,1,w4,15201,0,54053,42112,718003,147391,Available,Available,Available,200%,200,110%,110,100%,100,On Target,On Target,On Target,07/19 00:00:00 PDT,08/01 00:00:00 PDT,w3,0,2015-07-22 00:00:00,Contract,Contract,Contract,21056,21056,652730,652730,147391,26911,407236,93338,0,0,0,0,0,0,850809,850811,850810,2015-07-18 23:48:35,2015-07-18 23:48:35,2015-07-18 23:48:35,21000,652700,147300,42112,718003,147391,True,True,54053,True,310767,True,26911,407236,93338,-1,-1,-1,82.0,0.0,0,0,1
2015-07-19,2015-07-19 00:00:00,Chevron,PILOT TRAVEL CENTERS LLC : CHV7460761,1046 SAN DIEGO CA TRM CHEVRON,DIESEL #2,21056,652730,147391,1,0,0,0,0,310767,0,310767,54053,1,w4,0,0,54053,42112,718003,147391,Available,Available,Available,200%,200,110%,110,100%,100,Below Trend,On Target,On Target,07/20 00:00:00 PDT,08/01 00:00:00 PDT,w3,0,2015-07-22 00:00:00,Contract,Contract,Contract,21056,21056,652730,652730,147391,42112,407236,93338,0,0,0,0,0,0,882070,882072,882071,2015-07-19 23:48:37,2015-07-19 23:48:37,2015-07-19 23:48:37,21000,652700,147300,42112,718003,147391,True,True,54053,True,310767,True,42112,407236,93338,-1,-1,-1,78.0,0.0,0,0,1
2015-07-20,2015-07-20 00:00:00,Chevron,PILOT TRAVEL CENTERS LLC : CHV7460761,1046 SAN DIEGO CA TRM CHEVRON,DIESEL #2,21056,652730,147391,1,15621,0,15621,15621,326388,0,326388,69674,1,w4,15621,0,69674,42112,718003,147391,Available,Available,Available,200%,200,110%,110,100%,100,On Target,On Target,On Target,07/21 00:00:00 PDT,08/01 00:00:00 PDT,w3,0,2015-07-22 00:00:00,Contract,Contract,Contract,21056,21056,652730,652730,147391,26491,391615,77717,0,0,0,0,0,0,912436,912438,912437,2015-07-20 23:48:48,2015-07-20 23:48:48,2015-07-20 23:48:48,21000,652700,147300,42112,718003,147391,True,True,69674,True,326388,True,26491,391615,77717,-1,-1,-1,78.0,0.0,0,0,1
2015-07-21,2015-07-21 00:00:00,Chevron,PILOT TRAVEL CENTERS LLC : CHV7460761,1046 SAN DIEGO CA TRM CHEVRON,DIESEL #2,21056,652730,147391,1,23431,0,23431,23431,349819,0,349819,93105,1,w4,23431,0,93105,42112,718003,147391,Limited,Available,Limited,200%,200,110%,110,100%,100,On Target,On Target,On Target,07/22 00:00:00 PDT,08/01 00:00:00 PDT,w3,0,2015-07-22 00:00:00,Contract,Contract,Contract,21056,21056,652730,652730,147391,18681,368184,54286,0,0,0,0,0,0,941623,941625,941624,2015-07-21 23:46:25,2015-07-21 23:46:25,2015-07-21 23:46:25,21000,652700,147300,42112,718003,147391,True,True,93105,True,349819,True,18681,368184,54286,-1,-1,-1,79.0,133.0,0,0,1
2015-07-22,2015-07-22 00:00:00,Chevron,PILOT TRAVEL CENTERS LLC : CHV7460761,1046 SAN DIEGO CA TRM CHEVRON,DIESEL #2,21056,652730,147391,1,31031,0,23431,23431,373250,0,373250,23431,1,w5,23431,0,31031,42112,718003,147391,Available,Available,Available,200%,200,110%,110,100%,100,On Target,On Target,Above Trend,07/23 00:00:00 PDT,08/01 00:00:00 PDT,w4,0,2015-07-29 00:00:00,Contract,Contract,Contract,21056,21056,652730,652730,147391,18681,344753,123960,0,0,0,0,0,0,975052,975054,975053,2015-07-22 23:48:48,2015-07-22 23:48:48,2015-07-22 23:48:48,21000,652700,147300,42112,718003,147391,True,True,31031,True,380850,True,11081,344753,116360,-1,-1,-1,81.0,133.0,0,0,0
2015-07-23,2015-07-23 00:00:00,Chevron,PILOT TRAVEL CENTERS LLC : CHV7460761,1046 SAN DIEGO CA TRM CHEVRON,DIESEL #2,21056,652730,147391,1,31242,1,38842,31242,412092,0,412092,62273,1,w5,31242,0,62273,42112,718003,147391,Limited,Available,Available,200%,200,110%,110,100%,100,Above Trend,On Target,Above Trend,07/24 00:00:00 PDT,08/01 00:00:00 PDT,w4,0,2015-07-29 00:00:00,Contract,Contract,Contract,21056,21056,652730,652730,147391,10870,305911,85118,0,0,0,0,0,0,1002866,1002868,1002867,2015-07-23 23:47:40,2015-07-23 23:47:40,2015-07-23 23:47:40,21000,652700,147300,42112,718003,147391,True,True,62273,True,412092,True,10870,305911,85118,-1,-1,-1,85.0,133.0,0,0,1
2015-07-24,2015-07-24 00:00:00,Chevron,PILOT TRAVEL CENTERS LLC : CHV7460761,1046 SAN DIEGO CA TRM CHEVRON,DIESEL #2,21056,652730,147391,1,23428,0,23428,23428,435520,0,435520,85701,1,w5,23428,0,85701,42112,718003,147391,Available,Available,Available,200%,200,110%,110,100%,100,On Target,On Target,Above Trend,07/25 00:00:00 PDT,08/01 00:00:00 PDT,w4,0,2015-07-29 00:00:00,Contract,Contract,Contract,21056,21056,652730,652730,147391,18684,282483,61690,0,0,0,0,0,0,1033080,1033082,1033081,2015-07-24 23:47:41,2015-07-24 23:47:41,2015-07-24 23:47:41,21000,652700,147300,42112,718003,147391,True,True,85701,True,435520,True,18684,282483,61690,-1,-1,-1,86.0,133.0,0,0,1
2015-07-25,2015-07-25 00:00:00,Chevron,PILOT TRAVEL CENTERS LLC : CHV7460761,1046 SAN DIEGO CA TRM CHEVRON,DIESEL #2,21056,652730,147391,1,7601,0,7601,7601,443121,0,443121,93302,1,w5,7601,0,93302,42112,718003,147391,Available,Available,Available,200%,200,110%,110,100%,100,On Target,On Target,Above Trend,07/26 00:00:00 PDT,08/01 00:00:00 PDT,w4,0,2015-07-29 00:00:00,Contract,Contract,Contract,21056,21056,652730,652730,147391,34511,274882,54089,0,0,0,0,0,0,1062271,1062273,1062272,2015-07-25 23:47:58,2015-07-25 23:47:58,2015-07-25 23:47:58,21000,652700,147300,42112,718003,147391,True,True,93302,True,443121,True,34511,274882,54089,-1,-1,-1,84.0,0.0,0,0,1
2015-07-26,2015-07-26 00:00:00,Chevron,PILOT TRAVEL CENTERS LLC : CHV7460761,1046 SAN DIEGO CA TRM CHEVRON,DIESEL #2,21056,652730,147391,1,7600,0,0,0,443121,0,443121,93302,1,w5,0,0,100902,42112,718003,147391,Available,Available,Available,200%,200,110%,110,100%,100,Below Trend,On Target,Above Trend,07/27 00:00:00 PDT,08/01 00:00:00 PDT,w4,0,2015-07-29 00:00:00,Contract,Contract,Contract,21056,21056,652730,652730,147391,42112,274882,54089,0,0,0,0,0,0,1092326,1092328,1092327,2015-07-26 23:47:58,2015-07-26 23:47:58,2015-07-26 23:47:58,21000,652700,147300,42112,718003,147391,True,True,100902,True,450721,True,34512,274882,46489,-1,-1,-1,81.0,0.0,0,0,0
2015-07-27,2015-07-27 00:00:00,Chevron,PILOT TRAVEL CENTERS LLC : CHV7460761,1046 SAN DIEGO CA TRM CHEVRON,DIESEL #2,21056,652730,147391,1,23433,1,31033,23433,474154,0,474154,124335,1,w5,23433,0,124335,42112,718003,147391,Available,Available,Low,200%,200,110%,110,100%,100,On Target,On Target,Above Trend,07/28 00:00:00 PDT,08/01 00:00:00 PDT,w4,0,2015-07-29 00:00:00,Contract,Contract,Contract,21056,21056,652730,630466,147391,18679,243849,23056,0,0,0,0,0,0,1122636,1122638,1122637,2015-07-27 23:48:00,2015-07-27 23:48:00,2015-07-27 23:48:00,21000,652700,147300,42112,718003,147391,True,True,124335,True,474154,True,18679,243849,23056,-1,-1,-1,83.0,133.0,0,0,1
2015-07-28,2015-07-28 00:00:00,Chevron,PILOT TRAVEL CENTERS LLC : CHV7460761,1046 SAN DIEGO CA TRM CHEVRON,DIESEL #2,21056,652730,147391,1,23433,0,23433,23433,497587,0,497587,147768,1,w5,23433,0,147768,42112,718003,147391,Available,Available,Out,200%,200,110%,110,100%,100,On Target,On Target,Above Trend,07/29 00:00:00 PDT,08/01 00:00:00 PDT,w4,0,2015-07-29 00:00:00,Contract,Contract,Contract,21056,21056,652730,630466,147391,18679,220416,-377,0,0,0,0,0,0,1152946,1152948,1152947,2015-07-28 23:47:52,2015-07-28 23:47:52,2015-07-28 23:47:52,21000,652700,147300,42112,718003,147391,True,True,147768,True,497587,True,18679,220416,-377,-1,-1,-1,84.0,133.0,100,0,1
2015-07-29,2015-07-29 00:00:00,Chevron,PILOT TRAVEL CENTERS LLC : CHV7460761,1046 SAN DIEGO CA TRM CHEVRON,DIESEL #2,21056,652730,147391,1,15622,0,15622,15622,513209,0,513209,15622,1,w6,15622,0,15622,42112,718003,147391,Available,Limited,Available,200%,200,110%,110,100%,100,On Target,On Target,Above Trend,07/30 00:00:00 PDT,08/01 00:00:00 PDT,w5,0,2015-08-05 00:00:00,Contract,Contract,Contract,21056,21056,652730,630466,147391,26490,204794,131769,0,0,0,0,0,0,1183256,1183258,1183257,2015-07-29 23:47:39,2015-07-29 23:47:39,2015-07-29 23:47:39,21000,652700,147300,42112,718003,147391,True,True,15622,True,513209,True,26490,204794,131769,-1,-1,-1,84.0,0.0,0,0,1
2015-07-30,2015-07-30 00:00:00,Chevron,PILOT TRAVEL CENTERS LLC : CHV7460761,1046 SAN DIEGO CA TRM CHEVRON,DIESEL #2,21056,652730,147391,1,15222,0,15222,15222,528431,0,528431,30844,1,w6,15222,0,30844,42112,718003,147391,Available,Limited,Available,200%,200,110%,110,100%,100,On Target,On Target,On Target,07/31 00:00:00 PDT,08/01 00:00:00 PDT,w5,0,2015-08-05 00:00:00,Contract,Contract,Contract,21056,21056,652730,630466,147391,26890,189572,116547,0,0,0,0,0,0,1213566,1213568,1213567,2015-07-30 23:47:49,2015-07-30 23:47:49,2015-07-30 23:47:49,21000,652700,147300,42112,718003,147391,True,True,30844,True,528431,True,26890,189572,116547,-1,-1,-1,84.0,0.0,0,0,1
2015-07-31,2015-07-31 00:00:00,Chevron,PILOT TRAVEL CENTERS LLC : CHV7460761,1046 SAN DIEGO CA TRM CHEVRON,DIESEL #2,21056,652730,147391,1,22832,0,22832,22832,551263,0,551263,53676,1,w6,22832,0,53676,42112,718003,147391,Available,Limited,Available,200%,200,110%,110,100%,100,On Target,On Target,Above Trend,08/01 00:00:00 PDT,08/01 00:00:00 PDT,w5,0,2015-08-05 00:00:00,Contract,Contract,Contract,21056,21056,630466,630466,147391,19280,166740,93715,0,0,0,0,0,0,1243876,1243878,1243877,2015-07-31 23:47:47,2015-07-31 23:47:47,2015-07-31 23:47:47,21000,652700,147300,42112,718003,147391,True,True,53676,True,551263,True,19280,166740,93715,-1,-1,-1,84.0,133.0,0,0,1
