,date,supplier_name,account_type,supplier_terminal_name,product_name,base_gallons_Daily,base_gallons_Weekly,lifted_gallons_daily_flag,lifted_gallons_daily_modified,Modified_WeeksByLiftedGallons,lifted_gallons_modified_WeeksByLiftedGallons,lifted_gallons_Daily,Lifted_actual_weekly,lifted_gallons_weekly_flag,WeeksByLiftedGallons,lifted_gallonsWeekly_modified_aposteriori,Modified_LiftedGallonsaposteriori,lifted_gallons_Weekly,beginning_gallons_Daily,beginning_gallons_Weekly,en_allocation_status_Daily,en_allocation_status_Weekly,percentage_allocation_Daily,percentage_allocation_Weekly,alerts_ratability_Daily,alerts_ratability_Weekly,next_refresh_date_Daily,Week_switch,Modified_NRD,next_refresh_date_Weekly,en_account_type_Daily,en_account_type_Weekly,next_refresh_base_gallons_Daily,next_refresh_base_gallons_Weekly,staging_id_Daily,staging_id_Weekly,base_gallons_Monthly,Lifted_actual_monthly,lifted_gallons_monthly_flag,lifted_gallons_Monthly,beginning_gallons_Monthly,en_allocation_status_Monthly,percentage_allocation_Monthly,alerts_ratability_Monthly,next_refresh_date_Monthly,next_refresh_base_gallons_Monthly,base_gallons_Daily_Reconciled,base_gallons_Monthly_Reconciled,beginning_gallons_Daily_Reconciled,beginning_gallons_Monthly_Reconciled,beginning_gallons_Weekly_Reconciled,sanityWeekly_CumulativeDaily_WeeksByLiftedGallons,sanityWeekly_CumulativeDaily_NextRefreshDate,computedWeekly,computedMonthly,sanityComputedMonthly,sanityMonthly_CumulativeDaily_WeeksByLiftedGallons,sanityMonthly_CumulativeDaily_WeeksByNextRefreshDate
2015-08-01,2015-08-01 00:00:00,BP,Channel: 50 - Commercial,EAST CHICAGO IN - BUCKEYE (PLANT 6410),REGULAR,5589,37832,0,-1,0,-1,-1,-1,0,w1,-1,0,-1,8384,39121,-1,-1,100,100,-1,-1,-1,w1,1,2015-08-05 00:00:00,-1,-1,-1,-1,-1,-1,0,-1,0,-1,0,-1,100,-1,-1,-1,8384,-1,5589,0,37832,False,False,0,0,0,1,1
2015-08-02,2015-08-02 00:00:00,BP,Channel: 50 - Commercial,EAST CHICAGO IN - BUCKEYE (PLANT 6410),REGULAR,5589,37832,0,-1,0,-1,-1,-1,0,w1,-1,0,-1,8384,39121,-1,-1,100,100,-1,-1,-1,w1,1,2015-08-05 00:00:00,-1,-1,-1,-1,-1,-1,0,-1,0,-1,0,-1,100,-1,-1,-1,8384,-1,5589,0,37832,False,False,0,0,0,0,0
2015-08-03,2015-08-03 00:00:00,BP,Channel: 50 - Commercial,EAST CHICAGO IN - BUCKEYE (PLANT 6410),REGULAR,5589,37832,0,-1,0,-1,-1,-1,0,w1,-1,0,-1,8384,39121,-1,-1,100,100,-1,-1,-1,w1,1,2015-08-05 00:00:00,-1,-1,-1,-1,-1,-1,0,-1,0,-1,0,-1,100,-1,-1,-1,8384,-1,5589,0,37832,False,False,0,0,0,0,0
2015-08-04,2015-08-04 00:00:00,BP,Channel: 50 - Commercial,EAST CHICAGO IN - BUCKEYE (PLANT 6410),REGULAR,5589,37832,0,-1,0,-1,-1,-1,0,w1,-1,0,-1,8384,39121,-1,-1,100,100,-1,-1,-1,w1,1,2015-08-05 00:00:00,-1,-1,-1,-1,-1,-1,0,-1,0,-1,0,-1,100,-1,-1,-1,8384,-1,5589,0,37832,False,False,0,0,0,0,0
2015-08-05,2015-08-05 00:00:00,BP,Channel: 50 - Commercial,EAST CHICAGO IN - BUCKEYE (PLANT 6410),REGULAR,5589,37832,0,-1,0,-1,-1,-1,0,w1,-1,0,-1,8384,39121,-1,-1,100,100,-1,-1,-1,w2,1,2015-08-12 00:00:00,-1,-1,-1,-1,-1,-1,0,-1,0,-1,0,-1,100,-1,-1,-1,8384,-1,5589,0,37832,False,True,0,0,0,0,0
2015-08-06,2015-08-06 00:00:00,BP,Channel: 50 - Commercial,EAST CHICAGO IN - BUCKEYE (PLANT 6410),REGULAR,-1,37832,0,-1,0,-1,-1,0,0,w1,-1,0,0,-1,41615,-1,Available,100,110,-1,,-1,w2,0,2015-08-12 00:00:00,-1,Contract,-1,37832,-1,1427181,0,0,0,0,0,0,0,0,0,0,-1,-1,-1,0,41615,False,False,0,0,0,0,0
2015-08-07,2015-08-07 00:00:00,BP,Channel: 50 - Commercial,EAST CHICAGO IN - BUCKEYE (PLANT 6410),REGULAR,-1,37832,3,0,1,0,-1,0,0,w1,-1,0,0,-1,41615,-1,Available,100,110,-1,,-1,w2,0,2015-08-12 00:00:00,-1,Contract,-1,37832,-1,1462906,0,0,0,0,0,0,0,0,0,0,-1,-1,-1,0,41615,False,False,0,0,0,0,0
2015-08-08,2015-08-08 00:00:00,BP,Channel: 50 - Commercial,EAST CHICAGO IN - BUCKEYE (PLANT 6410),REGULAR,-1,37832,3,0,1,0,-1,0,0,w1,-1,0,0,-1,41615,-1,Available,100,110,-1,,-1,w2,0,2015-08-12 00:00:00,-1,Contract,-1,37832,-1,1497193,0,0,0,0,0,0,0,0,0,0,-1,-1,-1,0,41615,False,False,0,0,0,0,0
2015-08-09,2015-08-09 00:00:00,BP,Channel: 50 - Commercial,EAST CHICAGO IN - BUCKEYE (PLANT 6410),REGULAR,-1,37832,3,0,1,0,-1,0,0,w1,-1,0,0,-1,41615,-1,Available,100,110,-1,,-1,w2,0,2015-08-12 00:00:00,-1,Contract,-1,37832,-1,1531134,0,0,0,0,0,0,0,0,0,0,-1,-1,-1,0,41615,False,False,0,0,0,0,0
2015-08-10,2015-08-10 00:00:00,BP,Channel: 50 - Commercial,EAST CHICAGO IN - BUCKEYE (PLANT 6410),REGULAR,-1,37832,3,0,1,0,-1,0,0,w1,-1,0,0,-1,41615,-1,Available,100,110,-1,,-1,w2,0,2015-08-12 00:00:00,-1,Contract,-1,37832,-1,1564241,0,0,0,0,0,0,0,0,0,0,-1,-1,-1,0,41615,False,False,0,0,0,0,0
2015-08-11,2015-08-11 00:00:00,BP,Channel: 50 - Commercial,EAST CHICAGO IN - BUCKEYE (PLANT 6410),REGULAR,-1,37832,3,0,1,0,-1,0,0,w1,-1,0,0,-1,41615,-1,Available,100,110,-1,,-1,w2,0,2015-08-12 00:00:00,-1,Contract,-1,37832,-1,1586374,0,0,0,0,0,0,0,0,0,0,-1,-1,-1,0,41615,False,False,0,0,0,0,0
2015-08-12,2015-08-12 00:00:00,BP,Channel: 50 - Commercial,EAST CHICAGO IN - BUCKEYE (PLANT 6410),REGULAR,5589,37832,0,-1,0,-1,-1,-1,0,w2,-1,0,-1,8384,39121,-1,-1,100,100,-1,-1,-1,w3,1,2015-08-19 00:00:00,-1,-1,-1,-1,-1,-1,0,-1,0,-1,0,-1,100,-1,-1,-1,8384,-1,5589,0,37832,True,True,0,0,0,0,0
2015-08-13,2015-08-13 00:00:00,BP,Channel: 50 - Commercial,EAST CHICAGO IN - BUCKEYE (PLANT 6410),REGULAR,5589,37832,0,-1,0,-1,-1,-1,0,w2,-1,0,-1,8384,39121,-1,-1,100,100,-1,-1,-1,w3,1,2015-08-19 00:00:00,-1,-1,-1,-1,-1,-1,0,-1,0,-1,0,-1,100,-1,-1,-1,8384,-1,5589,0,37832,False,False,0,0,0,0,0
2015-08-14,2015-08-14 00:00:00,BP,Channel: 50 - Commercial,EAST CHICAGO IN - BUCKEYE (PLANT 6410),REGULAR,5589,37832,0,-1,0,-1,-1,-1,0,w2,-1,0,-1,8384,39121,-1,-1,100,100,-1,-1,-1,w3,1,2015-08-19 00:00:00,-1,-1,-1,-1,-1,-1,0,-1,0,-1,0,-1,100,-1,-1,-1,8384,-1,5589,0,37832,False,False,0,0,0,0,0
2015-08-15,2015-08-15 00:00:00,BP,Channel: 50 - Commercial,EAST CHICAGO IN - BUCKEYE (PLANT 6410),REGULAR,5589,37832,0,-1,0,-1,-1,-1,0,w2,-1,0,-1,8384,39121,-1,-1,100,100,-1,-1,-1,w3,1,2015-08-19 00:00:00,-1,-1,-1,-1,-1,-1,0,-1,0,-1,0,-1,100,-1,-1,-1,8384,-1,5589,0,37832,False,False,0,0,0,0,0
2015-08-16,2015-08-16 00:00:00,BP,Channel: 50 - Commercial,EAST CHICAGO IN - BUCKEYE (PLANT 6410),REGULAR,5589,37832,0,-1,0,-1,-1,-1,0,w2,-1,0,-1,8384,39121,-1,-1,100,100,-1,-1,-1,w3,1,2015-08-19 00:00:00,-1,-1,-1,-1,-1,-1,0,-1,0,-1,0,-1,100,-1,-1,-1,8384,-1,5589,0,37832,False,False,0,0,0,0,0
2015-08-17,2015-08-17 00:00:00,BP,Channel: 50 - Commercial,EAST CHICAGO IN - BUCKEYE (PLANT 6410),REGULAR,5589,37832,0,-1,0,-1,-1,-1,0,w2,-1,0,-1,8384,39121,-1,-1,100,100,-1,-1,-1,w3,1,2015-08-19 00:00:00,-1,-1,-1,-1,-1,-1,0,-1,0,-1,0,-1,100,-1,-1,-1,8384,-1,5589,0,37832,False,False,0,0,0,0,0
2015-08-18,2015-08-18 00:00:00,BP,Channel: 50 - Commercial,EAST CHICAGO IN - BUCKEYE (PLANT 6410),REGULAR,5589,37832,0,-1,0,-1,-1,-1,0,w2,-1,0,-1,8384,39121,-1,-1,100,100,-1,-1,-1,w3,1,2015-08-19 00:00:00,-1,-1,-1,-1,-1,-1,0,-1,0,-1,0,-1,100,-1,-1,-1,8384,-1,5589,0,37832,False,False,0,0,0,0,0
2015-08-19,2015-08-19 00:00:00,BP,Channel: 50 - Commercial,EAST CHICAGO IN - BUCKEYE (PLANT 6410),REGULAR,5589,37832,6,0,0,-1,-1,-1,6,w2,-1,0,0,8384,39121,-1,-1,100,100,-1,-1,-1,w4,1,2015-08-26 00:00:00,-1,-1,-1,-1,-1,-1,0,-1,0,-1,0,-1,100,-1,-1,-1,8384,-1,5589,0,37832,False,True,0,0,0,0,0
2015-08-20,2015-08-20 00:00:00,BP,Channel: 50 - Commercial,EAST CHICAGO IN - BUCKEYE (PLANT 6410),REGULAR,5589,39121,0,0,0,0,0,0,0,w2,0,0,0,8384,39121,Available,Available,150,100,,,08/21 00:00:00 CDT,w4,0,2015-08-26 00:00:00,Contract,Contract,5589,39121,1944650,1944651,0,0,0,0,0,0,0,0,0,0,5589,-1,8384,0,39121,False,True,0,0,0,0,0
2015-08-21,2015-08-21 00:00:00,BP,Channel: 50 - Commercial,EAST CHICAGO IN - BUCKEYE (PLANT 6410),REGULAR,5589,39121,0,0,0,0,0,0,0,w2,0,0,0,8384,39121,Available,Available,150,100,,,08/22 00:00:00 CDT,w4,0,2015-08-26 00:00:00,Contract,Contract,5589,39121,1983493,1983494,0,0,0,0,0,0,0,0,0,0,5589,-1,8384,0,39121,False,True,0,0,0,0,0
2015-08-22,2015-08-22 00:00:00,BP,Channel: 50 - Commercial,EAST CHICAGO IN - BUCKEYE (PLANT 6410),REGULAR,5589,39121,0,8800,0,8800,8800,8800,0,w2,8800,0,8800,8384,39121,Out,Out,150,100,,,08/23 00:00:00 CDT,w4,0,2015-08-26 00:00:00,Contract,Contract,5589,39121,2021380,2021381,0,0,0,0,0,0,0,0,0,0,5589,-1,8384,0,39121,False,True,8800,0,0,0,0
2015-08-23,2015-08-23 00:00:00,BP,Channel: 50 - Commercial,EAST CHICAGO IN - BUCKEYE (PLANT 6410),REGULAR,5589,39121,0,0,0,0,0,8800,0,w2,0,0,8800,8384,39121,Available,Available,150,100,,,08/24 00:00:00 CDT,w4,0,2015-08-26 00:00:00,Contract,Contract,5589,39121,2057415,2057416,0,0,0,0,0,0,0,0,0,0,5589,-1,8384,0,39121,False,True,8800,0,0,0,0
2015-08-24,2015-08-24 00:00:00,BP,Channel: 50 - Commercial,EAST CHICAGO IN - BUCKEYE (PLANT 6410),REGULAR,5589,39121,0,8802,0,8802,8802,17602,0,w2,8802,0,17602,8384,39121,Out,Out,150,100,,,08/25 00:00:00 CDT,w4,0,2015-08-26 00:00:00,Contract,Contract,5589,39121,2095048,2095049,0,0,0,0,0,0,0,0,0,0,5589,-1,8384,0,39121,False,True,17602,0,0,0,0
2015-08-25,2015-08-25 00:00:00,BP,Channel: 50 - Commercial,EAST CHICAGO IN - BUCKEYE (PLANT 6410),REGULAR,5589,39121,0,0,0,0,0,17602,0,w2,0,0,17602,11178,43033,Available,Available,200,110,,,08/26 00:00:00 CDT,w4,0,2015-08-26 00:00:00,Contract,Contract,5589,39121,2126173,2126174,0,0,0,0,0,0,0,0,0,0,5589,-1,11178,0,43033,False,True,17602,0,0,0,0
2015-08-26,2015-08-26 00:00:00,BP,Channel: 50 - Commercial,EAST CHICAGO IN - BUCKEYE (PLANT 6410),REGULAR,5589,39121,0,7400,0,7400,7400,7400,0,w3,7400,0,7400,11178,43033,Available,Available,200,110,,,08/27 00:00:00 CDT,w5,0,2015-09-02 00:00:00,Contract,Contract,5589,39121,2153760,2153761,0,0,0,0,0,0,0,0,0,0,5589,-1,11178,0,43033,True,True,7400,0,0,0,0
2015-08-27,2015-08-27 00:00:00,BP,Channel: 50 - Commercial,EAST CHICAGO IN - BUCKEYE (PLANT 6410),REGULAR,5589,39121,0,0,0,0,0,7400,0,w3,0,0,7400,11178,43033,Available,Available,200,110,,,08/28 00:00:00 CDT,w5,0,2015-09-02 00:00:00,Contract,Contract,5589,39121,2180969,2180970,0,0,0,0,0,0,0,0,0,0,5589,-1,11178,0,43033,True,True,7400,0,0,0,0
2015-08-28,2015-08-28 00:00:00,BP,Channel: 50 - Commercial,EAST CHICAGO IN - BUCKEYE (PLANT 6410),REGULAR,5589,39121,0,0,0,0,0,7400,0,w3,0,0,7400,11178,43033,Available,Available,200,110,,,08/29 00:00:00 CDT,w5,0,2015-09-02 00:00:00,Contract,Contract,5589,39121,2211907,2211908,0,0,0,0,0,0,0,0,0,0,5589,-1,11178,0,43033,True,True,7400,0,0,0,0
2015-08-29,2015-08-29 00:00:00,BP,Channel: 50 - Commercial,EAST CHICAGO IN - BUCKEYE (PLANT 6410),REGULAR,5589,39121,0,7399,0,7399,7399,14799,0,w3,7399,0,14799,11178,43033,Available,Available,200,110,,,08/30 00:00:00 CDT,w5,0,2015-09-02 00:00:00,Contract,Contract,5589,39121,2239056,2239057,0,0,0,0,0,0,0,0,0,0,5589,-1,11178,0,43033,True,True,14799,0,0,0,0
2015-08-30,2015-08-30 00:00:00,BP,Channel: 50 - Commercial,EAST CHICAGO IN - BUCKEYE (PLANT 6410),REGULAR,5589,39121,0,7500,0,7500,7500,22299,0,w3,7500,0,22299,11178,43033,Available,Available,200,110,,,08/31 00:00:00 CDT,w5,0,2015-09-02 00:00:00,Contract,Contract,5589,39121,2265453,2265454,0,0,0,0,0,0,0,0,0,0,5589,-1,11178,0,43033,True,True,22299,0,0,0,0
2015-08-31,2015-08-31 00:00:00,BP,Channel: 50 - Commercial,EAST CHICAGO IN - BUCKEYE (PLANT 6410),REGULAR,5589,39121,0,4901,0,4901,4901,27200,0,w3,4901,0,27200,11178,43033,Available,Available,200,110,,,09/01 00:00:00 CDT,w5,0,2015-09-02 00:00:00,Contract,Contract,5589,39121,2291616,2291617,0,0,0,0,0,0,0,0,0,0,5589,-1,11178,0,43033,True,True,27200,0,0,0,0
