,date,supplier_name,account_type,supplier_terminal_name,product_name,base_gallons_Daily,base_gallons_Weekly,lifted_gallons_daily_flag,lifted_gallons_daily_modified,Modified_WeeksByLiftedGallons,lifted_gallons_modified_WeeksByLiftedGallons,lifted_gallons_Daily,Lifted_actual_weekly,lifted_gallons_weekly_flag,WeeksByLiftedGallons,lifted_gallonsWeekly_modified_aposteriori,Modified_LiftedGallonsaposteriori,lifted_gallons_Weekly,beginning_gallons_Daily,beginning_gallons_Weekly,en_allocation_status_Daily,en_allocation_status_Weekly,percentage_allocation_Daily,percentage_allocation_Weekly,alerts_ratability_Daily,alerts_ratability_Weekly,next_refresh_date_Daily,Week_switch,Modified_NRD,next_refresh_date_Weekly,en_account_type_Daily,en_account_type_Weekly,next_refresh_base_gallons_Daily,next_refresh_base_gallons_Weekly,staging_id_Daily,staging_id_Weekly,base_gallons_Monthly,Lifted_actual_monthly,lifted_gallons_monthly_flag,lifted_gallons_Monthly,beginning_gallons_Monthly,en_allocation_status_Monthly,percentage_allocation_Monthly,alerts_ratability_Monthly,next_refresh_date_Monthly,next_refresh_base_gallons_Monthly,base_gallons_Daily_Reconciled,base_gallons_Monthly_Reconciled,beginning_gallons_Daily_Reconciled,beginning_gallons_Monthly_Reconciled,beginning_gallons_Weekly_Reconciled,sanityWeekly_CumulativeDaily_WeeksByLiftedGallons,sanityWeekly_CumulativeDaily_NextRefreshDate,computedWeekly,computedMonthly,sanityComputedMonthly,sanityMonthly_CumulativeDaily_WeeksByLiftedGallons,sanityMonthly_CumulativeDaily_WeeksByNextRefreshDate
2015-08-01,2015-08-01 00:00:00,BP,Channel: 50 - Commercial,CORALVILLE IA - MAGELLAN (PLANT 3385),DIESEL,41290,270968,0,-1,0,-1,-1,-1,0,w1,-1,0,-1,61935,289032,-1,-1,100,100,-1,-1,-1,w1,1,2015-08-05 00:00:00,-1,-1,-1,-1,-1,-1,0,-1,0,-1,0,-1,100,-1,-1,-1,61935,-1,41290,0,270968,False,False,0,0,0,1,1
2015-08-02,2015-08-02 00:00:00,BP,Channel: 50 - Commercial,CORALVILLE IA - MAGELLAN (PLANT 3385),DIESEL,41290,270968,0,-1,0,-1,-1,-1,0,w1,-1,0,-1,61935,289032,-1,-1,100,100,-1,-1,-1,w1,1,2015-08-05 00:00:00,-1,-1,-1,-1,-1,-1,0,-1,0,-1,0,-1,100,-1,-1,-1,61935,-1,41290,0,270968,False,False,0,0,0,0,0
2015-08-03,2015-08-03 00:00:00,BP,Channel: 50 - Commercial,CORALVILLE IA - MAGELLAN (PLANT 3385),DIESEL,41290,270968,0,-1,0,-1,-1,-1,0,w1,-1,0,-1,61935,289032,-1,-1,100,100,-1,-1,-1,w1,1,2015-08-05 00:00:00,-1,-1,-1,-1,-1,-1,0,-1,0,-1,0,-1,100,-1,-1,-1,61935,-1,41290,0,270968,False,False,0,0,0,0,0
2015-08-04,2015-08-04 00:00:00,BP,Channel: 50 - Commercial,CORALVILLE IA - MAGELLAN (PLANT 3385),DIESEL,41290,270968,0,-1,0,-1,-1,-1,0,w1,-1,0,-1,61935,289032,-1,-1,100,100,-1,-1,-1,w1,1,2015-08-05 00:00:00,-1,-1,-1,-1,-1,-1,0,-1,0,-1,0,-1,100,-1,-1,-1,61935,-1,41290,0,270968,False,False,0,0,0,0,0
2015-08-05,2015-08-05 00:00:00,BP,Channel: 50 - Commercial,CORALVILLE IA - MAGELLAN (PLANT 3385),DIESEL,41290,270968,0,-1,0,-1,-1,-1,0,w1,-1,0,-1,61935,289032,-1,-1,100,100,-1,-1,-1,w2,1,2015-08-12 00:00:00,-1,-1,-1,-1,-1,-1,0,-1,0,-1,0,-1,100,-1,-1,-1,61935,-1,41290,0,270968,False,True,0,0,0,0,0
2015-08-06,2015-08-06 00:00:00,BP,Channel: 50 - Commercial,CORALVILLE IA - MAGELLAN (PLANT 3385),DIESEL,-1,270968,0,-1,0,-1,-1,0,0,w1,-1,0,0,-1,298065,-1,Available,100,110,-1,,-1,w2,0,2015-08-12 00:00:00,-1,Contract,-1,270968,-1,1427173,0,0,0,0,0,0,0,0,0,0,-1,-1,-1,0,298065,False,False,0,0,0,0,0
2015-08-07,2015-08-07 00:00:00,BP,Channel: 50 - Commercial,CORALVILLE IA - MAGELLAN (PLANT 3385),DIESEL,-1,270968,3,0,1,0,-1,0,0,w1,-1,0,0,-1,298065,-1,Available,100,110,-1,,-1,w2,0,2015-08-12 00:00:00,-1,Contract,-1,270968,-1,1462898,0,0,0,0,0,0,0,0,0,0,-1,-1,-1,0,298065,False,False,0,0,0,0,0
2015-08-08,2015-08-08 00:00:00,BP,Channel: 50 - Commercial,CORALVILLE IA - MAGELLAN (PLANT 3385),DIESEL,-1,270968,3,0,1,0,-1,0,0,w1,-1,0,0,-1,298065,-1,Available,100,110,-1,,-1,w2,0,2015-08-12 00:00:00,-1,Contract,-1,270968,-1,1497185,0,0,0,0,0,0,0,0,0,0,-1,-1,-1,0,298065,False,False,0,0,0,0,0
2015-08-09,2015-08-09 00:00:00,BP,Channel: 50 - Commercial,CORALVILLE IA - MAGELLAN (PLANT 3385),DIESEL,-1,270968,3,0,1,0,-1,0,0,w1,-1,0,0,-1,298065,-1,Available,100,110,-1,,-1,w2,0,2015-08-12 00:00:00,-1,Contract,-1,270968,-1,1531125,0,0,0,0,0,0,0,0,0,0,-1,-1,-1,0,298065,False,False,0,0,0,0,0
2015-08-10,2015-08-10 00:00:00,BP,Channel: 50 - Commercial,CORALVILLE IA - MAGELLAN (PLANT 3385),DIESEL,-1,270968,3,0,1,0,-1,0,0,w1,-1,0,0,-1,298065,-1,Available,100,110,-1,,-1,w2,0,2015-08-12 00:00:00,-1,Contract,-1,270968,-1,1564232,0,0,0,0,0,0,0,0,0,0,-1,-1,-1,0,298065,False,False,0,0,0,0,0
2015-08-11,2015-08-11 00:00:00,BP,Channel: 50 - Commercial,CORALVILLE IA - MAGELLAN (PLANT 3385),DIESEL,-1,270968,3,0,1,0,-1,0,0,w1,-1,0,0,-1,298065,-1,Available,100,110,-1,,-1,w2,0,2015-08-12 00:00:00,-1,Contract,-1,270968,-1,1586365,0,0,0,0,0,0,0,0,0,0,-1,-1,-1,0,298065,False,False,0,0,0,0,0
2015-08-12,2015-08-12 00:00:00,BP,Channel: 50 - Commercial,CORALVILLE IA - MAGELLAN (PLANT 3385),DIESEL,41290,289032,0,0,0,0,0,0,0,w1,0,0,0,61935,289032,Available,Available,150,100,,,08/13 00:00:00 CDT,w3,0,2015-08-19 00:00:00,Contract,Contract,41290,289032,1636471,1636472,0,0,0,0,0,0,0,0,0,0,41290,-1,61935,0,289032,False,True,0,0,0,0,0
2015-08-13,2015-08-13 00:00:00,BP,Channel: 50 - Commercial,CORALVILLE IA - MAGELLAN (PLANT 3385),DIESEL,41290,289032,0,0,0,0,0,0,0,w1,0,0,0,61935,289032,Available,Available,150,100,,,08/14 00:00:00 CDT,w3,0,2015-08-19 00:00:00,Contract,Contract,41290,289032,1676401,1676402,0,0,0,0,0,0,0,0,0,0,41290,-1,61935,0,289032,False,True,0,0,0,0,0
2015-08-14,2015-08-14 00:00:00,BP,Channel: 50 - Commercial,CORALVILLE IA - MAGELLAN (PLANT 3385),DIESEL,41290,289032,0,0,0,0,0,0,0,w1,0,0,0,61935,289032,Available,Available,150,100,,,08/15 00:00:00 CDT,w3,0,2015-08-19 00:00:00,Contract,Contract,41290,289032,1716014,1716015,0,0,0,0,0,0,0,0,0,0,41290,-1,61935,0,289032,False,True,0,0,0,0,0
2015-08-15,2015-08-15 00:00:00,BP,Channel: 50 - Commercial,CORALVILLE IA - MAGELLAN (PLANT 3385),DIESEL,41290,289032,0,0,0,0,0,0,0,w1,0,0,0,61935,289032,Available,Available,150,100,,,08/16 00:00:00 CDT,w3,0,2015-08-19 00:00:00,Contract,Contract,41290,289032,1752178,1752179,0,0,0,0,0,0,0,0,0,0,41290,-1,61935,0,289032,False,True,0,0,0,0,0
2015-08-16,2015-08-16 00:00:00,BP,Channel: 50 - Commercial,CORALVILLE IA - MAGELLAN (PLANT 3385),DIESEL,41290,289032,0,0,0,0,0,0,0,w1,0,0,0,61935,289032,Available,Available,150,100,,,08/17 00:00:00 CDT,w3,0,2015-08-19 00:00:00,Contract,Contract,41290,289032,1790130,1790131,0,0,0,0,0,0,0,0,0,0,41290,-1,61935,0,289032,False,True,0,0,0,0,0
2015-08-17,2015-08-17 00:00:00,BP,Channel: 50 - Commercial,CORALVILLE IA - MAGELLAN (PLANT 3385),DIESEL,41290,289032,0,23302,0,23302,23302,23302,0,w1,23302,0,23302,61935,289032,Available,Available,150,100,,,08/18 00:00:00 CDT,w3,0,2015-08-19 00:00:00,Contract,Contract,41290,289032,1831137,1831138,0,0,0,0,0,0,0,0,0,0,41290,-1,61935,0,289032,False,True,23302,0,0,0,0
2015-08-18,2015-08-18 00:00:00,BP,Channel: 50 - Commercial,CORALVILLE IA - MAGELLAN (PLANT 3385),DIESEL,41290,289032,0,52099,0,52099,52099,75401,0,w1,52099,0,75401,61935,317935,Available,Available,150,110,,,08/19 00:00:00 CDT,w3,0,2015-08-19 00:00:00,Contract,Contract,41290,289032,1869531,1869532,0,0,0,0,0,0,0,0,0,0,41290,-1,61935,0,317935,False,True,75401,0,0,0,0
2015-08-19,2015-08-19 00:00:00,BP,Channel: 50 - Commercial,CORALVILLE IA - MAGELLAN (PLANT 3385),DIESEL,41290,289032,0,44918,0,44918,44918,44918,0,w2,44918,0,44918,61935,317935,Available,Available,150,110,,,08/20 00:00:00 CDT,w4,0,2015-08-26 00:00:00,Contract,Contract,41290,289032,1902034,1902035,0,0,0,0,0,0,0,0,0,0,41290,-1,61935,0,317935,True,True,44918,0,0,0,0
2015-08-20,2015-08-20 00:00:00,BP,Channel: 50 - Commercial,CORALVILLE IA - MAGELLAN (PLANT 3385),DIESEL,41290,289032,3,74637,1,74637,67137,119555,0,w2,67137,0,119555,61935,317935,Out,Out,150,110,,,08/21 00:00:00 CDT,w4,0,2015-08-26 00:00:00,Contract,Contract,41290,289032,1944637,1944638,0,0,0,0,0,0,0,0,0,0,41290,-1,61935,0,317935,True,True,119555,0,0,0,0
2015-08-21,2015-08-21 00:00:00,BP,Channel: 50 - Commercial,CORALVILLE IA - MAGELLAN (PLANT 3385),DIESEL,41290,289032,0,68643,0,68643,68643,188198,0,w2,68643,0,188198,61935,317935,Out,Out,150,110,,,08/22 00:00:00 CDT,w4,0,2015-08-26 00:00:00,Contract,Contract,41290,289032,1983480,1983481,0,0,0,0,0,0,0,0,0,0,41290,-1,61935,0,317935,True,True,188198,0,0,0,0
2015-08-22,2015-08-22 00:00:00,BP,Channel: 50 - Commercial,CORALVILLE IA - MAGELLAN (PLANT 3385),DIESEL,41290,289032,0,47805,0,47805,47805,236003,0,w2,47805,0,236003,61935,317935,Available,Available,150,110,,,08/23 00:00:00 CDT,w4,0,2015-08-26 00:00:00,Contract,Contract,41290,289032,2021367,2021368,0,0,0,0,0,0,0,0,0,0,41290,-1,61935,0,317935,True,True,236003,0,0,0,0
2015-08-23,2015-08-23 00:00:00,BP,Channel: 50 - Commercial,CORALVILLE IA - MAGELLAN (PLANT 3385),DIESEL,41290,289032,0,22603,0,22603,22603,258606,0,w2,22603,0,258606,61935,317935,Available,Available,150,110,,,08/24 00:00:00 CDT,w4,0,2015-08-26 00:00:00,Contract,Contract,41290,289032,2057402,2057403,0,0,0,0,0,0,0,0,0,0,41290,-1,61935,0,317935,True,True,258606,0,0,0,0
2015-08-24,2015-08-24 00:00:00,BP,Channel: 50 - Commercial,CORALVILLE IA - MAGELLAN (PLANT 3385),DIESEL,41290,289032,0,18198,0,18198,18198,276804,0,w2,18198,0,276804,61935,317935,Available,Available,150,110,,,08/25 00:00:00 CDT,w4,0,2015-08-26 00:00:00,Contract,Contract,41290,289032,2095035,2095036,0,0,0,0,0,0,0,0,0,0,41290,-1,61935,0,317935,True,True,276804,0,0,0,0
2015-08-25,2015-08-25 00:00:00,BP,Channel: 50 - Commercial,CORALVILLE IA - MAGELLAN (PLANT 3385),DIESEL,41290,289032,0,47661,0,47661,47661,324465,0,w2,47661,0,324465,61935,317935,Out,Out,150,110,,,08/26 00:00:00 CDT,w4,0,2015-08-26 00:00:00,Contract,Contract,41290,289032,2126161,2126162,0,0,0,0,0,0,0,0,0,0,41290,-1,61935,0,317935,True,True,324465,0,0,0,0
2015-08-26,2015-08-26 00:00:00,BP,Channel: 50 - Commercial,CORALVILLE IA - MAGELLAN (PLANT 3385),DIESEL,41290,289032,0,67167,0,67167,67167,67167,0,w3,67167,0,67167,61935,317935,Out,Out,150,110,,,08/27 00:00:00 CDT,w5,0,2015-09-02 00:00:00,Contract,Contract,41290,289032,2153748,2153749,0,0,0,0,0,0,0,0,0,0,41290,-1,61935,0,317935,True,True,67167,0,0,0,0
2015-08-27,2015-08-27 00:00:00,BP,Channel: 50 - Commercial,CORALVILLE IA - MAGELLAN (PLANT 3385),DIESEL,41290,289032,0,66974,0,66974,66974,134141,0,w3,66974,0,134141,61935,317935,Out,Out,150,110,,,08/28 00:00:00 CDT,w5,0,2015-09-02 00:00:00,Contract,Contract,41290,289032,2180957,2180958,0,0,0,0,0,0,0,0,0,0,41290,-1,61935,0,317935,True,True,134141,0,0,0,0
2015-08-28,2015-08-28 00:00:00,BP,Channel: 50 - Commercial,CORALVILLE IA - MAGELLAN (PLANT 3385),DIESEL,41290,289032,0,63611,0,63611,63611,197752,0,w3,63611,0,197752,61935,317935,Out,Out,150,110,,,08/29 00:00:00 CDT,w5,0,2015-09-02 00:00:00,Contract,Contract,41290,289032,2211895,2211896,0,0,0,0,0,0,0,0,0,0,41290,-1,61935,0,317935,True,True,197752,0,0,0,0
2015-08-29,2015-08-29 00:00:00,BP,Channel: 50 - Commercial,CORALVILLE IA - MAGELLAN (PLANT 3385),DIESEL,41290,289032,0,63106,0,63106,63106,260858,0,w3,63106,0,260858,61935,317935,Out,Out,150,110,,,08/30 00:00:00 CDT,w5,0,2015-09-02 00:00:00,Contract,Contract,41290,289032,2239044,2239045,0,0,0,0,0,0,0,0,0,0,41290,-1,61935,0,317935,True,True,260858,0,0,0,0
2015-08-30,2015-08-30 00:00:00,BP,Channel: 50 - Commercial,CORALVILLE IA - MAGELLAN (PLANT 3385),DIESEL,41290,289032,0,37296,0,37296,37296,298154,0,w3,37296,0,298154,61935,317935,Available,Available,150,110,,,08/31 00:00:00 CDT,w5,0,2015-09-02 00:00:00,Contract,Contract,41290,289032,2265441,2265442,0,0,0,0,0,0,0,0,0,0,41290,-1,61935,0,317935,True,True,298154,0,0,0,0
2015-08-31,2015-08-31 00:00:00,BP,Channel: 50 - Commercial,CORALVILLE IA - MAGELLAN (PLANT 3385),DIESEL,41290,289032,0,7502,0,7502,7502,305656,0,w3,7502,0,305656,61935,317935,Available,Available,150,110,,,09/01 00:00:00 CDT,w5,0,2015-09-02 00:00:00,Contract,Contract,41290,289032,2291604,2291605,0,0,0,0,0,0,0,0,0,0,41290,-1,61935,0,317935,True,True,305656,0,0,0,0
