,date,supplier_name,account_type,supplier_terminal_name,product_name,base_gallons_Daily,base_gallons_Monthly,base_gallons_Weekly,lifted_gallons_daily_flag,lifted_gallons_daily_modified,Modified_WeeksByLiftedGallons,lifted_gallons_modified_WeeksByLiftedGallons,lifted_gallons_Daily,Lifted_actual_monthly,lifted_gallons_monthly_flag,lifted_gallons_Monthly,Lifted_actual_weekly,lifted_gallons_weekly_flag,WeeksByLiftedGallons,lifted_gallonsWeekly_modified_aposteriori,Modified_LiftedGallonsaposteriori,lifted_gallons_Weekly,beginning_gallons_Daily,beginning_gallons_Monthly,beginning_gallons_Weekly,en_allocation_status_Daily,en_allocation_status_Monthly,en_allocation_status_Weekly,percentage_allocation_Daily_actual,percentage_allocation_Daily,percentage_allocation_Monthly_actual,percentage_allocation_Monthly,percentage_allocation_Weekly_actual,percentage_allocation_Weekly,alerts_ratability_Daily,alerts_ratability_Monthly,alerts_ratability_Weekly,next_refresh_date_Daily,next_refresh_date_Monthly,Week_switch,Modified_NRD,next_refresh_date_Weekly,en_account_type_Daily,en_account_type_Monthly,en_account_type_Weekly,NRB_Daily,next_refresh_base_gallons_Daily,NRB_Monthly,next_refresh_base_gallons_Monthly,next_refresh_base_gallons_Weekly,remaining_gallons_Daily,remaining_gallons_Monthly,remaining_gallons_Weekly,additional_gallons_allowed_Daily,additional_gallons_allowed_Monthly,additional_gallons_allowed_Weekly,additional_gallons_remaining_Daily,additional_gallons_remaining_Monthly,additional_gallons_remaining_Weekly,staging_id_Daily,staging_id_Monthly,staging_id_Weekly,execution_date_Daily,execution_date_Monthly,execution_date_Weekly,base_gallons_Daily_Reconciled,base_gallons_Monthly_Reconciled,base_gallons_Weekly_Reconciled,beginning_gallons_Daily_Reconciled,beginning_gallons_Monthly_Reconciled,beginning_gallons_Weekly_Reconciled,sanityWeekly_CumulativeDaily_WeeksByLiftedGallons,sanityWeekly_CumulativeDaily_NextRefreshDate,computedWeekly,sanityComputedWeekly,computedMonthly,sanityComputedMonthly,remaining_gallons_Daily_Reconciled,remaining_gallons_Monthly_Reconciled,remaining_gallons_Weekly_Reconciled,additional_gallons_remaining_Daily_Reconciled,additional_gallons_remaining_Monthly_Reconciled,additional_gallons_remaining_Weekly_Reconciled,Ratability_Monthly,Ratability_Daily,Ratability_Weekly,sanityMonthly_CumulativeDaily_WeeksByLiftedGallons,sanityMonthly_CumulativeDaily_WeeksByNextRefreshDate
2015-07-01,2015-07-01 00:00:00,Holly,PILOT TRAVEL CENTERS LLC - PRODUCT,Woods Cross UT - HEP - 5000,Woods Cross Bio Diesel 5%,0.0,0.0,0.0,1,0,0,0,0,0,0,0,3502,1,w1,0,0,0,4839,100000,22581,Available,Available,Available,-1,100,-1,100,-1,100,-1,-1,-1,07/02 00:00:00 MDT,08/01 00:00:00 MDT,w1,0,2015-07-05 00:00:00,Contract,Contract,Contract,0.0,3226,0.0,100000,22581,4839,100000,19079,0,0,0,0,0,0,507914,507916,507915,2015-07-01 23:45:15,2015-07-01 23:45:15,2015-07-01 23:45:15,4800,100000,22500,0,0,0,True,False,0,True,0,True,4839,100000,22581,-1,-1,-1,0.0,0.0,0,1,1
2015-07-02,2015-07-02 00:00:00,Holly,PILOT TRAVEL CENTERS LLC - PRODUCT,Woods Cross UT - HEP - 5000,Woods Cross Bio Diesel 5%,0.0,0.0,0.0,1,0,0,0,0,0,0,0,3502,1,w1,0,0,0,4839,100000,22581,Available,Available,Available,-1,100,-1,100,-1,100,-1,-1,-1,07/03 00:00:00 MDT,08/01 00:00:00 MDT,w1,0,2015-07-05 00:00:00,Contract,Contract,Contract,0.0,3226,0.0,100000,22581,4839,100000,19079,0,0,0,0,0,0,526989,526991,526990,2015-07-02 14:45:11,2015-07-02 14:45:11,2015-07-02 14:45:11,4800,100000,22500,0,0,0,True,False,0,True,0,True,4839,100000,22581,-1,-1,-1,0.0,0.0,0,1,1
2015-07-03,2015-07-03 00:00:00,Holly,PILOT TRAVEL CENTERS LLC - PRODUCT,Woods Cross UT - HEP - 5000,Woods Cross Bio Diesel 5%,0.0,0.0,0.0,1,0,0,0,0,0,0,0,3502,1,w1,0,0,0,4839,100000,22581,Available,Available,Available,-1,100,-1,100,-1,100,-1,-1,-1,07/04 00:00:00 MDT,08/01 00:00:00 MDT,w1,0,2015-07-05 00:00:00,Contract,Contract,Contract,0.0,3226,0.0,100000,22581,4839,100000,19079,0,0,0,0,0,0,533553,533555,533554,2015-07-03 09:18:00,2015-07-03 09:18:00,2015-07-03 09:18:00,4800,100000,22500,0,0,0,True,False,0,True,0,True,4839,100000,22581,-1,-1,-1,0.0,0.0,0,1,1
2015-07-04,2015-07-04 00:00:00,Holly,PILOT TRAVEL CENTERS LLC - PRODUCT,Woods Cross UT - HEP - 5000,Woods Cross Bio Diesel 5%,0.0,0.0,0.0,1,0,0,0,0,0,0,0,3502,1,w1,0,0,0,4839,100000,22581,Available,Available,Available,-1,100,-1,100,-1,100,-1,-1,-1,07/05 00:00:00 MDT,08/01 00:00:00 MDT,w1,0,2015-07-05 00:00:00,Contract,Contract,Contract,0.0,3226,0.0,100000,22581,4839,100000,19079,0,0,0,0,0,0,540892,540894,540893,2015-07-04 08:40:10,2015-07-04 08:40:10,2015-07-04 08:40:10,4800,100000,22500,0,0,0,True,False,0,True,0,True,4839,100000,22581,-1,-1,-1,0.0,0.0,0,1,1
2015-07-05,2015-07-05 00:00:00,Holly,PILOT TRAVEL CENTERS LLC - PRODUCT,Woods Cross UT - HEP - 5000,Woods Cross Bio Diesel 5%,0.0,0.0,0.0,1,0,0,0,0,0,0,0,0,1,w2,0,0,0,4839,100000,22581,Available,Available,Available,-1,100,-1,100,-1,100,-1,-1,-1,07/06 00:00:00 MDT,08/01 00:00:00 MDT,w2,0,2015-07-12 00:00:00,Contract,Contract,Contract,0.0,3226,0.0,100000,22581,4839,100000,22581,0,0,0,0,0,0,547335,547337,547336,2015-07-05 08:40:10,2015-07-05 08:40:10,2015-07-05 08:40:10,4800,100000,22500,0,0,0,True,True,0,True,0,True,4839,100000,22581,-1,-1,-1,0.0,0.0,0,1,1
2015-07-06,2015-07-06 00:00:00,Holly,PILOT TRAVEL CENTERS LLC - PRODUCT,Woods Cross UT - HEP - 5000,Woods Cross Bio Diesel 5%,0.0,0.0,0.0,1,0,0,0,0,0,0,0,0,1,w2,0,0,0,4839,100000,22581,Available,Available,Available,-1,100,-1,100,-1,100,-1,-1,-1,07/07 00:00:00 MDT,08/01 00:00:00 MDT,w2,0,2015-07-12 00:00:00,Contract,Contract,Contract,0.0,3226,0.0,100000,22581,4839,100000,22581,0,0,0,0,0,0,553651,553653,553652,2015-07-06 08:41:08,2015-07-06 08:41:08,2015-07-06 08:41:08,4800,100000,22500,0,0,0,True,True,0,True,0,True,4839,100000,22581,-1,-1,-1,0.0,0.0,0,1,1
2015-07-07,2015-07-07 00:00:00,Holly,PILOT TRAVEL CENTERS LLC - PRODUCT,Woods Cross UT - HEP - 5000,Woods Cross Bio Diesel 5%,0.0,0.0,0.0,3,0,0,0,0,0,0,0,0,1,w2,0,0,0,4839,100000,22581,Available,Available,Available,-1,100,-1,100,-1,100,-1,-1,-1,07/08 00:00:00 MDT,08/01 00:00:00 MDT,w2,0,2015-07-12 00:00:00,Contract,Contract,Contract,0.0,3226,0.0,100000,22581,4839,100000,22581,0,0,0,0,0,0,566664,566666,566665,2015-07-07 22:41:08,2015-07-07 22:41:08,2015-07-07 22:41:08,4800,100000,22500,0,0,0,True,True,0,True,0,True,4839,100000,22581,-1,-1,-1,0.0,0.0,0,1,1
2015-07-08,2015-07-08 00:00:00,Holly,PILOT TRAVEL CENTERS LLC - PRODUCT,Woods Cross UT - HEP - 5000,Woods Cross Bio Diesel 5%,0.0,0.0,0.0,0,0,0,0,0,0,0,0,0,0,w2,0,0,0,4839,100000,22581,Available,Available,Available,-1,100,-1,100,-1,100,-1,-1,-1,07/09 00:00:00 MDT,08/01 00:00:00 MDT,w2,0,2015-07-12 00:00:00,Contract,Contract,Contract,3226.0,3226,100000.0,100000,22581,4839,100000,22581,0,0,0,0,0,0,576265,576267,576266,2015-07-08 12:41:06,2015-07-08 12:41:06,2015-07-08 12:41:06,4800,100000,22500,0,0,0,True,True,0,True,0,True,4839,100000,22581,-1,-1,-1,0.0,0.0,0,1,1
2015-07-09,2015-07-09 00:00:00,Holly,PILOT TRAVEL CENTERS LLC - PRODUCT,Woods Cross UT - HEP - 5000,Woods Cross Bio Diesel 5%,-1.0,-1.0,-1.0,2,0,0,-1,-1,-1,2,0,-1,2,w3,-1,0,0,-1,-1,-1,-1,-1,-1,-1,100,-1,100,-1,100,-1,-1,-1,-1,-1,w2,1,2015-07-12 00:00:00,-1,-1,-1,0.0,-1,0.0,-1,-1,-1,-1,-1,-1,-1,-1,-1,-1,-1,-1,-1,-1,2015-07-09 00:00:00,2015-07-09 00:00:00,2015-07-09 00:00:00,4800,100000,22500,0,0,0,True,True,0,True,0,True,-1,-1,-1,-1,-1,-1,0.0,0.0,0,0,1
2015-07-10,2015-07-10 00:00:00,Holly,PILOT TRAVEL CENTERS LLC - PRODUCT,Woods Cross UT - HEP - 5000,Woods Cross Bio Diesel 5%,0.0,0.0,0.0,1,0,0,0,0,0,0,0,0,1,w3,0,0,0,4839,100000,22581,Available,Available,Available,-1,100,-1,100,-1,100,-1,-1,-1,07/11 00:00:00 MDT,08/01 00:00:00 MDT,w2,0,2015-07-12 00:00:00,Contract,Contract,Contract,0.0,3226,0.0,100000,22581,4839,100000,22581,0,0,0,0,0,0,607582,607584,607583,2015-07-10 23:46:08,2015-07-10 23:46:08,2015-07-10 23:46:08,4800,100000,22500,0,0,0,False,True,0,True,0,True,4839,100000,22581,-1,-1,-1,0.0,0.0,0,0,1
2015-07-11,2015-07-11 00:00:00,Holly,PILOT TRAVEL CENTERS LLC - PRODUCT,Woods Cross UT - HEP - 5000,Woods Cross Bio Diesel 5%,0.0,0.0,0.0,1,0,0,0,0,0,0,0,0,1,w3,0,0,0,4839,100000,22581,Available,Available,Available,-1,100,-1,100,-1,100,-1,-1,-1,07/12 00:00:00 MDT,08/01 00:00:00 MDT,w2,0,2015-07-12 00:00:00,Contract,Contract,Contract,0.0,3226,0.0,100000,22581,4839,100000,22581,0,0,0,0,0,0,637632,637634,637633,2015-07-11 23:46:06,2015-07-11 23:46:06,2015-07-11 23:46:06,4800,100000,22500,0,0,0,False,True,0,True,0,True,4839,100000,22581,-1,-1,-1,0.0,0.0,0,0,1
2015-07-12,2015-07-12 00:00:00,Holly,PILOT TRAVEL CENTERS LLC - PRODUCT,Woods Cross UT - HEP - 5000,Woods Cross Bio Diesel 5%,0.0,0.0,0.0,1,0,0,0,0,0,0,0,0,1,w3,0,0,0,4839,100000,22581,Available,Available,Available,-1,100,-1,100,-1,100,-1,-1,-1,07/13 00:00:00 MDT,08/01 00:00:00 MDT,w3,0,2015-07-19 00:00:00,Contract,Contract,Contract,0.0,3226,0.0,100000,22581,4839,100000,22581,0,0,0,0,0,0,667046,667048,667047,2015-07-12 23:46:09,2015-07-12 23:46:09,2015-07-12 23:46:09,4800,100000,22500,0,0,0,False,True,0,True,0,True,4839,100000,22581,-1,-1,-1,0.0,0.0,0,0,1
2015-07-13,2015-07-13 00:00:00,Holly,PILOT TRAVEL CENTERS LLC - PRODUCT,Woods Cross UT - HEP - 5000,Woods Cross Bio Diesel 5%,0.0,0.0,0.0,1,0,0,0,0,0,0,0,0,1,w3,0,0,0,4839,100000,22581,Available,Available,Available,-1,100,-1,100,-1,100,-1,-1,-1,07/14 00:00:00 MDT,08/01 00:00:00 MDT,w3,0,2015-07-19 00:00:00,Contract,Contract,Contract,0.0,3226,0.0,100000,22581,4839,100000,22581,0,0,0,0,0,0,697642,697644,697643,2015-07-13 23:46:05,2015-07-13 23:46:05,2015-07-13 23:46:05,4800,100000,22500,0,0,0,False,True,0,True,0,True,4839,100000,22581,-1,-1,-1,0.0,0.0,0,0,1
2015-07-14,2015-07-14 00:00:00,Holly,PILOT TRAVEL CENTERS LLC - PRODUCT,Woods Cross UT - HEP - 5000,Woods Cross Bio Diesel 5%,0.0,0.0,0.0,1,0,0,0,0,0,0,0,0,1,w3,0,0,0,4839,100000,22581,Available,Available,Available,-1,100,-1,100,-1,100,-1,-1,-1,07/15 00:00:00 MDT,08/01 00:00:00 MDT,w3,0,2015-07-19 00:00:00,Contract,Contract,Contract,0.0,3226,0.0,100000,22581,4839,100000,22581,0,0,0,0,0,0,729506,729508,729507,2015-07-14 23:46:07,2015-07-14 23:46:07,2015-07-14 23:46:07,4800,100000,22500,0,0,0,False,True,0,True,0,True,4839,100000,22581,-1,-1,-1,0.0,0.0,0,0,1
2015-07-15,2015-07-15 00:00:00,Holly,PILOT TRAVEL CENTERS LLC - PRODUCT,Woods Cross UT - HEP - 5000,Woods Cross Bio Diesel 5%,0.0,0.0,0.0,1,0,0,0,0,0,0,0,0,1,w3,0,0,0,4839,100000,22581,Available,Available,Available,-1,100,-1,100,-1,100,-1,-1,-1,07/16 00:00:00 MDT,08/01 00:00:00 MDT,w3,0,2015-07-19 00:00:00,Contract,Contract,Contract,0.0,3226,0.0,100000,22581,4839,100000,22581,0,0,0,0,0,0,754980,754982,754981,2015-07-15 23:46:06,2015-07-15 23:46:06,2015-07-15 23:46:06,4800,100000,22500,0,0,0,False,True,0,True,0,True,4839,100000,22581,-1,-1,-1,0.0,0.0,0,0,1
2015-07-16,2015-07-16 00:00:00,Holly,PILOT TRAVEL CENTERS LLC - PRODUCT,Woods Cross UT - HEP - 5000,Woods Cross Bio Diesel 5%,0.0,0.0,0.0,1,0,0,0,0,0,0,0,0,1,w3,0,0,0,4839,100000,22581,Available,Available,Available,-1,100,-1,100,-1,100,-1,-1,-1,07/17 00:00:00 MDT,08/01 00:00:00 MDT,w3,0,2015-07-19 00:00:00,Contract,Contract,Contract,0.0,3226,0.0,100000,22581,4839,100000,22581,0,0,0,0,0,0,788282,788284,788283,2015-07-16 23:46:09,2015-07-16 23:46:09,2015-07-16 23:46:09,4800,100000,22500,0,0,0,False,True,0,True,0,True,4839,100000,22581,-1,-1,-1,0.0,0.0,0,0,1
2015-07-17,2015-07-17 00:00:00,Holly,PILOT TRAVEL CENTERS LLC - PRODUCT,Woods Cross UT - HEP - 5000,Woods Cross Bio Diesel 5%,0.0,0.0,0.0,1,0,0,0,0,0,0,0,0,1,w3,0,0,0,4839,100000,22581,Available,Available,Available,-1,100,-1,100,-1,100,-1,-1,-1,07/18 00:00:00 MDT,08/01 00:00:00 MDT,w3,0,2015-07-19 00:00:00,Contract,Contract,Contract,0.0,3226,0.0,100000,22581,4839,100000,22581,0,0,0,0,0,0,820306,820308,820307,2015-07-17 23:46:09,2015-07-17 23:46:09,2015-07-17 23:46:09,4800,100000,22500,0,0,0,False,True,0,True,0,True,4839,100000,22581,-1,-1,-1,0.0,0.0,0,0,1
2015-07-18,2015-07-18 00:00:00,Holly,PILOT TRAVEL CENTERS LLC - PRODUCT,Woods Cross UT - HEP - 5000,Woods Cross Bio Diesel 5%,0.0,0.0,0.0,1,0,0,0,0,0,0,0,0,1,w3,0,0,0,4839,100000,22581,Available,Available,Available,-1,100,-1,100,-1,100,-1,-1,-1,07/19 00:00:00 MDT,08/01 00:00:00 MDT,w3,0,2015-07-19 00:00:00,Contract,Contract,Contract,0.0,3226,0.0,100000,22581,4839,100000,22581,0,0,0,0,0,0,850768,850770,850769,2015-07-18 23:46:05,2015-07-18 23:46:05,2015-07-18 23:46:05,4800,100000,22500,0,0,0,False,True,0,True,0,True,4839,100000,22581,-1,-1,-1,0.0,0.0,0,0,1
2015-07-19,2015-07-19 00:00:00,Holly,PILOT TRAVEL CENTERS LLC - PRODUCT,Woods Cross UT - HEP - 5000,Woods Cross Bio Diesel 5%,0.0,0.0,0.0,1,0,0,0,0,0,0,0,0,1,w3,0,0,0,4839,100000,22581,Available,Available,Available,-1,100,-1,100,-1,100,-1,-1,-1,07/20 00:00:00 MDT,08/01 00:00:00 MDT,w4,0,2015-07-26 00:00:00,Contract,Contract,Contract,0.0,3226,0.0,100000,22581,4839,100000,22581,0,0,0,0,0,0,882029,882031,882030,2015-07-19 23:46:07,2015-07-19 23:46:07,2015-07-19 23:46:07,4800,100000,22500,0,0,0,False,True,0,True,0,True,4839,100000,22581,-1,-1,-1,0.0,0.0,0,0,1
2015-07-20,2015-07-20 00:00:00,Holly,PILOT TRAVEL CENTERS LLC - PRODUCT,Woods Cross UT - HEP - 5000,Woods Cross Bio Diesel 5%,0.0,0.0,0.0,1,0,0,0,0,0,0,0,0,1,w3,0,0,0,4839,100000,22581,Available,Available,Available,-1,100,-1,100,-1,100,-1,-1,-1,07/21 00:00:00 MDT,08/01 00:00:00 MDT,w4,0,2015-07-26 00:00:00,Contract,Contract,Contract,0.0,3226,0.0,100000,22581,4839,100000,22581,0,0,0,0,0,0,912364,912366,912365,2015-07-20 23:46:08,2015-07-20 23:46:08,2015-07-20 23:46:08,4800,100000,22500,0,0,0,False,True,0,True,0,True,4839,100000,22581,-1,-1,-1,0.0,0.0,0,0,1
2015-07-21,2015-07-21 00:00:00,Holly,PILOT TRAVEL CENTERS LLC - PRODUCT,Woods Cross UT - HEP - 5000,Woods Cross Bio Diesel 5%,0.0,0.0,0.0,1,0,0,0,0,0,0,0,0,1,w3,0,0,0,4839,100000,22581,Available,Available,Available,-1,100,-1,100,-1,100,-1,-1,-1,07/22 00:00:00 MDT,08/01 00:00:00 MDT,w4,0,2015-07-26 00:00:00,Contract,Contract,Contract,0.0,3226,0.0,100000,22581,4839,100000,22581,0,0,0,0,0,0,942859,942861,942860,2015-07-21 23:46:05,2015-07-21 23:46:05,2015-07-21 23:46:05,4800,100000,22500,0,0,0,False,True,0,True,0,True,4839,100000,22581,-1,-1,-1,0.0,0.0,0,0,1
2015-07-22,2015-07-22 00:00:00,Holly,PILOT TRAVEL CENTERS LLC - PRODUCT,Woods Cross UT - HEP - 5000,Woods Cross Bio Diesel 5%,0.0,0.0,0.0,1,0,0,0,0,0,0,0,0,1,w3,0,0,0,4839,100000,22581,Available,Available,Available,-1,100,-1,100,-1,100,-1,-1,-1,07/23 00:00:00 MDT,08/01 00:00:00 MDT,w4,0,2015-07-26 00:00:00,Contract,Contract,Contract,0.0,3226,0.0,100000,22581,4839,100000,22581,0,0,0,0,0,0,975011,975013,975012,2015-07-22 23:46:08,2015-07-22 23:46:08,2015-07-22 23:46:08,4800,100000,22500,0,0,0,False,True,0,True,0,True,4839,100000,22581,-1,-1,-1,0.0,0.0,0,0,1
2015-07-23,2015-07-23 00:00:00,Holly,PILOT TRAVEL CENTERS LLC - PRODUCT,Woods Cross UT - HEP - 5000,Woods Cross Bio Diesel 5%,0.0,0.0,0.0,1,0,0,0,0,0,0,0,0,1,w3,0,0,0,4839,100000,22581,Available,Available,Available,-1,100,-1,100,-1,100,-1,-1,-1,07/24 00:00:00 MDT,08/01 00:00:00 MDT,w4,0,2015-07-26 00:00:00,Contract,Contract,Contract,0.0,3226,0.0,100000,22581,4839,100000,22581,0,0,0,0,0,0,1002667,1002669,1002668,2015-07-23 23:45:10,2015-07-23 23:45:10,2015-07-23 23:45:10,4800,100000,22500,0,0,0,False,True,0,True,0,True,4839,100000,22581,-1,-1,-1,0.0,0.0,0,0,1
2015-07-24,2015-07-24 00:00:00,Holly,PILOT TRAVEL CENTERS LLC - PRODUCT,Woods Cross UT - HEP - 5000,Woods Cross Bio Diesel 5%,0.0,0.0,0.0,1,7515,0,7515,7515,7515,0,7515,7515,1,w3,7515,0,7515,4839,100000,22581,Out,Available,Available,-1,100,-1,100,-1,100,-1,-1,-1,07/25 00:00:00 MDT,08/01 00:00:00 MDT,w4,0,2015-07-26 00:00:00,Contract,Contract,Contract,0.0,3226,0.0,100000,22581,-2676,92485,15066,0,0,0,0,0,0,1032912,1032914,1032913,2015-07-24 23:45:11,2015-07-24 23:45:11,2015-07-24 23:45:11,4800,100000,22500,0,0,0,False,True,7515,True,7515,True,-2676,92485,15066,-1,-1,-1,10.0,133.0,0,0,1
2015-07-25,2015-07-25 00:00:00,Holly,PILOT TRAVEL CENTERS LLC - PRODUCT,Woods Cross UT - HEP - 5000,Woods Cross Bio Diesel 5%,0.0,0.0,0.0,1,0,0,0,0,7515,0,7515,7515,1,w3,0,0,7515,4839,100000,22581,Available,Available,Available,-1,100,-1,100,-1,100,-1,-1,-1,07/26 00:00:00 MDT,08/01 00:00:00 MDT,w4,0,2015-07-26 00:00:00,Contract,Contract,Contract,0.0,3226,0.0,100000,22581,4839,92485,15066,0,0,0,0,0,0,1062230,1062232,1062231,2015-07-25 23:45:07,2015-07-25 23:45:07,2015-07-25 23:45:07,4800,100000,22500,0,0,0,False,True,7515,True,7515,True,4839,92485,15066,-1,-1,-1,9.0,0.0,0,0,1
2015-07-26,2015-07-26 00:00:00,Holly,PILOT TRAVEL CENTERS LLC - PRODUCT,Woods Cross UT - HEP - 5000,Woods Cross Bio Diesel 5%,0.0,0.0,0.0,1,0,0,0,0,7515,0,7515,0,1,w4,0,0,0,4839,100000,22581,Available,Available,Available,-1,100,-1,100,-1,100,-1,-1,-1,07/27 00:00:00 MDT,08/01 00:00:00 MDT,w5,0,2015-08-02 00:00:00,Contract,Contract,Contract,0.0,3226,0.0,100000,22581,4839,92485,22581,0,0,0,0,0,0,1092285,1092287,1092286,2015-07-26 23:45:07,2015-07-26 23:45:07,2015-07-26 23:45:07,4800,100000,22500,0,0,0,True,True,0,True,7515,True,4839,92485,22581,-1,-1,-1,9.0,0.0,0,0,1
2015-07-27,2015-07-27 00:00:00,Holly,PILOT TRAVEL CENTERS LLC - PRODUCT,Woods Cross UT - HEP - 5000,Woods Cross Bio Diesel 5%,0.0,0.0,0.0,1,0,0,0,0,7515,0,7515,0,1,w4,0,0,0,4839,100000,22581,Available,Available,Available,-1,100,-1,100,-1,100,-1,-1,-1,07/28 00:00:00 MDT,08/01 00:00:00 MDT,w5,0,2015-08-02 00:00:00,Contract,Contract,Contract,0.0,3226,0.0,100000,22581,4839,92485,22581,0,0,0,0,0,0,1122595,1122597,1122596,2015-07-27 23:45:10,2015-07-27 23:45:10,2015-07-27 23:45:10,4800,100000,22500,0,0,0,True,True,0,True,7515,True,4839,92485,22581,-1,-1,-1,9.0,0.0,0,0,1
2015-07-28,2015-07-28 00:00:00,Holly,PILOT TRAVEL CENTERS LLC - PRODUCT,Woods Cross UT - HEP - 5000,Woods Cross Bio Diesel 5%,0.0,0.0,0.0,1,0,0,0,0,7515,0,7515,0,1,w4,0,0,0,4839,100000,22581,Available,Available,Available,-1,100,-1,100,-1,100,-1,-1,-1,07/29 00:00:00 MDT,08/01 00:00:00 MDT,w5,0,2015-08-02 00:00:00,Contract,Contract,Contract,0.0,3226,0.0,100000,22581,4839,92485,22581,0,0,0,0,0,0,1152905,1152907,1152906,2015-07-28 23:45:06,2015-07-28 23:45:06,2015-07-28 23:45:06,4800,100000,22500,0,0,0,True,True,0,True,7515,True,4839,92485,22581,-1,-1,-1,8.0,0.0,0,0,1
2015-07-29,2015-07-29 00:00:00,Holly,PILOT TRAVEL CENTERS LLC - PRODUCT,Woods Cross UT - HEP - 5000,Woods Cross Bio Diesel 5%,0.0,0.0,0.0,1,0,0,0,0,7515,0,7515,0,1,w4,0,0,0,4839,100000,22581,Available,Available,Available,-1,100,-1,100,-1,100,-1,-1,-1,07/30 00:00:00 MDT,08/01 00:00:00 MDT,w5,0,2015-08-02 00:00:00,Contract,Contract,Contract,0.0,3226,0.0,100000,22581,4839,92485,22581,0,0,0,0,0,0,1183215,1183217,1183216,2015-07-29 23:45:11,2015-07-29 23:45:11,2015-07-29 23:45:11,4800,100000,22500,0,0,0,True,True,0,True,7515,True,4839,92485,22581,-1,-1,-1,8.0,0.0,0,0,1
2015-07-30,2015-07-30 00:00:00,Holly,PILOT TRAVEL CENTERS LLC - PRODUCT,Woods Cross UT - HEP - 5000,Woods Cross Bio Diesel 5%,0.0,0.0,0.0,1,0,0,0,0,7515,0,7515,0,1,w4,0,0,0,4839,100000,22581,Available,Available,Available,-1,100,-1,100,-1,100,-1,-1,-1,07/31 00:00:00 MDT,08/01 00:00:00 MDT,w5,0,2015-08-02 00:00:00,Contract,Contract,Contract,0.0,3226,0.0,100000,22581,4839,92485,22581,0,0,0,0,0,0,1213525,1213527,1213526,2015-07-30 23:45:09,2015-07-30 23:45:09,2015-07-30 23:45:09,4800,100000,22500,0,0,0,True,True,0,True,7515,True,4839,92485,22581,-1,-1,-1,8.0,0.0,0,0,1
2015-07-31,2015-07-31 00:00:00,Holly,PILOT TRAVEL CENTERS LLC - PRODUCT,Woods Cross UT - HEP - 5000,Woods Cross Bio Diesel 5%,0.0,0.0,0.0,1,0,0,0,0,7515,0,7515,0,1,w4,0,0,0,4839,100000,22581,Available,Available,Available,-1,100,-1,100,-1,100,-1,-1,-1,08/01 00:00:00 MDT,08/01 00:00:00 MDT,w5,0,2015-08-02 00:00:00,Contract,Contract,Contract,3226.0,3226,100000.0,100000,22581,4839,92485,22581,0,0,0,0,0,0,1243837,1243839,1243838,2015-07-31 23:45:07,2015-07-31 23:45:07,2015-07-31 23:45:07,4800,100000,22500,0,0,0,True,True,0,True,7515,True,4839,92485,22581,-1,-1,-1,8.0,0.0,0,0,1
