,date,supplier_name,account_type,supplier_terminal_name,product_name,base_gallons_Daily,base_gallons_Monthly,base_gallons_Weekly,lifted_gallons_daily_flag,lifted_gallons_daily_modified,Modified_WeeksByLiftedGallons,lifted_gallons_modified_WeeksByLiftedGallons,lifted_gallons_Daily,Lifted_actual_monthly,lifted_gallons_monthly_flag,lifted_gallons_Monthly,Lifted_actual_weekly,lifted_gallons_weekly_flag,WeeksByLiftedGallons,lifted_gallonsWeekly_modified_aposteriori,Modified_LiftedGallonsaposteriori,lifted_gallons_Weekly,beginning_gallons_Daily,beginning_gallons_Monthly,beginning_gallons_Weekly,en_allocation_status_Daily,en_allocation_status_Monthly,en_allocation_status_Weekly,percentage_allocation_Daily_actual,percentage_allocation_Daily,percentage_allocation_Monthly_actual,percentage_allocation_Monthly,percentage_allocation_Weekly_actual,percentage_allocation_Weekly,alerts_ratability_Daily,alerts_ratability_Monthly,alerts_ratability_Weekly,next_refresh_date_Daily,next_refresh_date_Monthly,Week_switch,Modified_NRD,next_refresh_date_Weekly,en_account_type_Daily,en_account_type_Monthly,en_account_type_Weekly,NRB_Daily,next_refresh_base_gallons_Daily,NRB_Monthly,next_refresh_base_gallons_Monthly,next_refresh_base_gallons_Weekly,remaining_gallons_Daily,remaining_gallons_Monthly,remaining_gallons_Weekly,additional_gallons_allowed_Daily,additional_gallons_allowed_Monthly,additional_gallons_allowed_Weekly,additional_gallons_remaining_Daily,additional_gallons_remaining_Monthly,additional_gallons_remaining_Weekly,staging_id_Daily,staging_id_Monthly,staging_id_Weekly,execution_date_Daily,execution_date_Monthly,execution_date_Weekly,base_gallons_Daily_Reconciled,base_gallons_Monthly_Reconciled,base_gallons_Weekly_Reconciled,beginning_gallons_Daily_Reconciled,beginning_gallons_Monthly_Reconciled,beginning_gallons_Weekly_Reconciled,sanityWeekly_CumulativeDaily_WeeksByLiftedGallons,sanityWeekly_CumulativeDaily_NextRefreshDate,computedWeekly,sanityComputedWeekly,computedMonthly,sanityComputedMonthly,remaining_gallons_Daily_Reconciled,remaining_gallons_Monthly_Reconciled,remaining_gallons_Weekly_Reconciled,additional_gallons_remaining_Daily_Reconciled,additional_gallons_remaining_Monthly_Reconciled,additional_gallons_remaining_Weekly_Reconciled,Ratability_Monthly,Ratability_Daily,Ratability_Weekly,sanityMonthly_CumulativeDaily_WeeksByLiftedGallons,sanityMonthly_CumulativeDaily_WeeksByNextRefreshDate
2015-07-01,2015-07-01 00:00:00,Holly,PILOT TRAVEL CENTERS LLC - PRODUCT,Albuquerque NM - VEC - T109,V,0.0,0.0,0.0,1,0,0,0,0,0,0,0,0,1,w1,0,0,0,7000,1000000,300000,Available,Available,Available,-1,100,-1,100,-1,100,-1,-1,-1,07/02 00:00:00 MDT,08/01 00:00:00 MDT,w1,0,2015-07-07 00:00:00,Contract,Contract,Contract,0.0,7000,0.0,1000000,300000,7000,1000000,300000,0,0,0,0,0,0,507800,507802,507801,2015-07-01 23:45:15,2015-07-01 23:45:15,2015-07-01 23:45:15,7000,1000000,300000,0,0,0,True,True,0,True,0,True,7000,1000000,300000,-1,-1,-1,0.0,0.0,0,1,1
2015-07-02,2015-07-02 00:00:00,Holly,PILOT TRAVEL CENTERS LLC - PRODUCT,Albuquerque NM - VEC - T109,V,0.0,0.0,0.0,1,0,0,0,0,0,0,0,0,1,w1,0,0,0,7000,1000000,300000,Available,Available,Available,-1,100,-1,100,-1,100,-1,-1,-1,07/03 00:00:00 MDT,08/01 00:00:00 MDT,w1,0,2015-07-07 00:00:00,Contract,Contract,Contract,0.0,7000,0.0,1000000,300000,7000,1000000,300000,0,0,0,0,0,0,526875,526877,526876,2015-07-02 14:45:11,2015-07-02 14:45:11,2015-07-02 14:45:11,7000,1000000,300000,0,0,0,True,True,0,True,0,True,7000,1000000,300000,-1,-1,-1,0.0,0.0,0,1,1
2015-07-03,2015-07-03 00:00:00,Holly,PILOT TRAVEL CENTERS LLC - PRODUCT,Albuquerque NM - VEC - T109,V,0.0,0.0,0.0,1,7504,0,0,0,0,0,0,0,1,w1,0,0,7504,7000,1000000,300000,Available,Available,Available,-1,100,-1,100,-1,100,-1,-1,-1,07/04 00:00:00 MDT,08/01 00:00:00 MDT,w1,0,2015-07-07 00:00:00,Contract,Contract,Contract,0.0,7000,0.0,1000000,300000,7000,1000000,300000,0,0,0,0,0,0,533439,533441,533440,2015-07-03 09:18:00,2015-07-03 09:18:00,2015-07-03 09:18:00,7000,1000000,300000,0,0,0,True,True,7504,True,7504,True,-504,1000000,292496,-1,-1,-1,0.0,400.0,0,1,0
2015-07-04,2015-07-04 00:00:00,Holly,PILOT TRAVEL CENTERS LLC - PRODUCT,Albuquerque NM - VEC - T109,V,0.0,0.0,0.0,1,7700,1,7504,0,7504,0,7504,7504,1,w1,0,0,15204,7000,1000000,300000,Available,Available,Available,-1,100,-1,100,-1,100,-1,-1,-1,07/05 00:00:00 MDT,08/01 00:00:00 MDT,w1,0,2015-07-07 00:00:00,Contract,Contract,Contract,0.0,7000,0.0,1000000,300000,7000,992496,292496,0,0,0,0,0,0,540778,540780,540779,2015-07-04 08:40:10,2015-07-04 08:40:10,2015-07-04 08:40:10,7000,1000000,300000,0,0,0,True,True,15204,True,15204,True,-700,992496,284796,-1,-1,-1,6.0,400.0,0,1,0
2015-07-05,2015-07-05 00:00:00,Holly,PILOT TRAVEL CENTERS LLC - PRODUCT,Albuquerque NM - VEC - T109,V,0.0,0.0,0.0,1,7700,1,7700,0,15204,0,15204,15204,1,w1,0,0,22904,7000,1000000,300000,Available,Available,Available,-1,100,-1,100,-1,100,-1,-1,-1,07/06 00:00:00 MDT,08/01 00:00:00 MDT,w1,0,2015-07-07 00:00:00,Contract,Contract,Contract,0.0,7000,0.0,1000000,300000,7000,984796,284796,0,0,0,0,0,0,547221,547223,547222,2015-07-05 08:40:10,2015-07-05 08:40:10,2015-07-05 08:40:10,7000,1000000,300000,0,0,0,True,True,22904,True,22904,True,-700,984796,277096,-1,-1,-1,9.0,400.0,0,1,0
2015-07-06,2015-07-06 00:00:00,Holly,PILOT TRAVEL CENTERS LLC - PRODUCT,Albuquerque NM - VEC - T109,V,0.0,0.0,0.0,1,0,1,7700,0,22904,0,22904,22904,1,w1,0,0,22904,7000,1000000,300000,Available,Available,Available,-1,100,-1,100,-1,100,-1,-1,-1,07/07 00:00:00 MDT,08/01 00:00:00 MDT,w1,0,2015-07-07 00:00:00,Contract,Contract,Contract,0.0,7000,0.0,1000000,300000,7000,977096,277096,0,0,0,0,0,0,553537,553539,553538,2015-07-06 08:41:08,2015-07-06 08:41:08,2015-07-06 08:41:08,7000,1000000,300000,0,0,0,True,True,22904,True,22904,True,7000,977096,277096,-1,-1,-1,12.0,0.0,0,1,1
2015-07-07,2015-07-07 00:00:00,Holly,PILOT TRAVEL CENTERS LLC - PRODUCT,Albuquerque NM - VEC - T109,V,0.0,0.0,0.0,3,7700,0,7700,7700,30604,0,30604,7700,1,w2,7700,0,7700,7000,1000000,300000,Out,Available,Available,-1,100,-1,100,-1,100,-1,-1,-1,07/08 00:00:00 MDT,08/01 00:00:00 MDT,w2,0,2015-07-14 00:00:00,Contract,Contract,Contract,0.0,7000,0.0,1000000,300000,-700,969396,292300,0,0,0,0,0,0,566550,566552,566551,2015-07-07 22:41:08,2015-07-07 22:41:08,2015-07-07 22:41:08,7000,1000000,300000,0,0,0,True,True,7700,True,30604,True,-700,969396,292300,-1,-1,-1,14.0,133.0,0,1,1
2015-07-08,2015-07-08 00:00:00,Holly,PILOT TRAVEL CENTERS LLC - PRODUCT,Albuquerque NM - VEC - T109,V,0.0,0.0,0.0,0,0,0,0,0,30604,0,30604,7700,0,w2,0,0,7700,7000,1000000,300000,Available,Available,Available,-1,100,-1,100,-1,100,-1,-1,-1,07/09 00:00:00 MDT,08/01 00:00:00 MDT,w2,0,2015-07-14 00:00:00,Contract,Contract,Contract,7000.0,7000,1000000.0,1000000,300000,7000,969396,292300,0,0,0,0,0,0,576151,576153,576152,2015-07-08 12:41:06,2015-07-08 12:41:06,2015-07-08 12:41:06,7000,1000000,300000,0,0,0,True,True,7700,True,30604,True,7000,969396,292300,-1,-1,-1,12.0,0.0,0,1,1
2015-07-09,2015-07-09 00:00:00,Holly,PILOT TRAVEL CENTERS LLC - PRODUCT,Albuquerque NM - VEC - T109,V,-1.0,-1.0,-1.0,2,15204,0,-1,-1,-1,2,45808,-1,2,w3,-1,0,22904,-1,-1,-1,-1,-1,-1,-1,100,-1,100,-1,100,-1,-1,-1,-1,-1,w2,1,2015-07-14 00:00:00,-1,-1,-1,0.0,-1,0.0,-1,-1,-1,-1,-1,-1,-1,-1,-1,-1,-1,-1,-1,-1,2015-07-09 00:00:00,2015-07-09 00:00:00,2015-07-09 00:00:00,7000,1000000,300000,0,0,0,True,True,22904,True,45808,True,-1,-1,-1,-1,-1,-1,16.0,0.0,0,0,1
2015-07-10,2015-07-10 00:00:00,Holly,PILOT TRAVEL CENTERS LLC - PRODUCT,Albuquerque NM - VEC - T109,V,0.0,0.0,0.0,1,7701,0,7701,7701,53509,0,53509,30605,1,w3,7701,0,30605,7000,1000000,300000,Out,Available,Available,-1,100,-1,100,-1,100,-1,-1,-1,07/11 00:00:00 MDT,08/01 00:00:00 MDT,w2,0,2015-07-14 00:00:00,Contract,Contract,Contract,0.0,7000,0.0,1000000,300000,-701,946491,269395,0,0,0,0,0,0,607468,607470,607469,2015-07-10 23:46:08,2015-07-10 23:46:08,2015-07-10 23:46:08,7000,1000000,300000,0,0,0,False,True,30605,True,53509,True,-701,946491,269395,-1,-1,-1,17.0,133.0,0,0,1
2015-07-11,2015-07-11 00:00:00,Holly,PILOT TRAVEL CENTERS LLC - PRODUCT,Albuquerque NM - VEC - T109,V,0.0,0.0,0.0,1,0,0,0,0,53509,0,53509,30605,1,w3,0,0,30605,7000,1000000,300000,Available,Available,Available,-1,100,-1,100,-1,100,-1,-1,-1,07/12 00:00:00 MDT,08/01 00:00:00 MDT,w2,0,2015-07-14 00:00:00,Contract,Contract,Contract,0.0,7000,0.0,1000000,300000,7000,946491,269395,0,0,0,0,0,0,637518,637520,637519,2015-07-11 23:46:06,2015-07-11 23:46:06,2015-07-11 23:46:06,7000,1000000,300000,0,0,0,False,True,30605,True,53509,True,7000,946491,269395,-1,-1,-1,15.0,0.0,0,0,1
2015-07-12,2015-07-12 00:00:00,Holly,PILOT TRAVEL CENTERS LLC - PRODUCT,Albuquerque NM - VEC - T109,V,0.0,0.0,0.0,1,7708,0,7708,7708,61217,0,61217,38313,1,w3,7708,0,38313,7000,1000000,300000,Out,Available,Available,-1,100,-1,100,-1,100,-1,-1,-1,07/13 00:00:00 MDT,08/01 00:00:00 MDT,w2,0,2015-07-14 00:00:00,Contract,Contract,Contract,0.0,7000,0.0,1000000,300000,-708,938783,261687,0,0,0,0,0,0,666932,666934,666933,2015-07-12 23:46:09,2015-07-12 23:46:09,2015-07-12 23:46:09,7000,1000000,300000,0,0,0,False,True,38313,True,61217,True,-708,938783,261687,-1,-1,-1,16.0,133.0,0,0,1
2015-07-13,2015-07-13 00:00:00,Holly,PILOT TRAVEL CENTERS LLC - PRODUCT,Albuquerque NM - VEC - T109,V,0.0,0.0,0.0,1,0,0,0,0,61217,0,61217,38313,1,w3,0,0,38313,7000,1000000,300000,Available,Available,Available,-1,100,-1,100,-1,100,-1,-1,-1,07/14 00:00:00 MDT,08/01 00:00:00 MDT,w2,0,2015-07-14 00:00:00,Contract,Contract,Contract,0.0,7000,0.0,1000000,300000,7000,938783,261687,0,0,0,0,0,0,697528,697530,697529,2015-07-13 23:46:05,2015-07-13 23:46:05,2015-07-13 23:46:05,7000,1000000,300000,0,0,0,False,True,38313,True,61217,True,7000,938783,261687,-1,-1,-1,15.0,0.0,0,0,1
2015-07-14,2015-07-14 00:00:00,Holly,PILOT TRAVEL CENTERS LLC - PRODUCT,Albuquerque NM - VEC - T109,V,0.0,0.0,0.0,1,0,0,0,0,61217,0,61217,0,1,w4,0,0,0,7000,1000000,300000,Available,Available,Available,-1,100,-1,100,-1,100,-1,-1,-1,07/15 00:00:00 MDT,08/01 00:00:00 MDT,w3,0,2015-07-21 00:00:00,Contract,Contract,Contract,0.0,7000,0.0,1000000,300000,7000,938783,300000,0,0,0,0,0,0,729394,729396,729395,2015-07-14 23:46:07,2015-07-14 23:46:07,2015-07-14 23:46:07,7000,1000000,300000,0,0,0,True,True,0,True,61217,True,7000,938783,300000,-1,-1,-1,14.0,0.0,0,0,1
2015-07-15,2015-07-15 00:00:00,Holly,PILOT TRAVEL CENTERS LLC - PRODUCT,Albuquerque NM - VEC - T109,V,0.0,0.0,0.0,1,7703,0,7703,7703,68920,0,68920,7703,1,w4,7703,0,7703,7000,1000000,300000,Out,Available,Available,-1,100,-1,100,-1,100,-1,-1,-1,07/16 00:00:00 MDT,08/01 00:00:00 MDT,w3,0,2015-07-21 00:00:00,Contract,Contract,Contract,0.0,7000,0.0,1000000,300000,-703,931080,292297,0,0,0,0,0,0,754868,754870,754869,2015-07-15 23:46:06,2015-07-15 23:46:06,2015-07-15 23:46:06,7000,1000000,300000,0,0,0,True,True,7703,True,68920,True,-703,931080,292297,-1,-1,-1,14.0,133.0,0,0,1
2015-07-16,2015-07-16 00:00:00,Holly,PILOT TRAVEL CENTERS LLC - PRODUCT,Albuquerque NM - VEC - T109,V,0.0,0.0,0.0,1,7481,0,7481,7481,76401,0,76401,15184,1,w4,7481,0,15184,7000,1000000,300000,Out,Available,Available,-1,100,-1,100,-1,100,-1,-1,-1,07/17 00:00:00 MDT,08/01 00:00:00 MDT,w3,0,2015-07-21 00:00:00,Contract,Contract,Contract,0.0,7000,0.0,1000000,300000,-481,923599,284816,0,0,0,0,0,0,788170,788172,788171,2015-07-16 23:46:09,2015-07-16 23:46:09,2015-07-16 23:46:09,7000,1000000,300000,0,0,0,True,True,15184,True,76401,True,-481,923599,284816,-1,-1,-1,15.0,133.0,0,0,1
2015-07-17,2015-07-17 00:00:00,Holly,PILOT TRAVEL CENTERS LLC - PRODUCT,Albuquerque NM - VEC - T109,V,0.0,0.0,0.0,1,0,0,0,0,76401,0,76401,15184,1,w4,0,0,15184,7000,1000000,300000,Available,Available,Available,-1,100,-1,100,-1,100,-1,-1,-1,07/18 00:00:00 MDT,08/01 00:00:00 MDT,w3,0,2015-07-21 00:00:00,Contract,Contract,Contract,0.0,7000,0.0,1000000,300000,7000,923599,284816,0,0,0,0,0,0,820194,820196,820195,2015-07-17 23:46:09,2015-07-17 23:46:09,2015-07-17 23:46:09,7000,1000000,300000,0,0,0,True,True,15184,True,76401,True,7000,923599,284816,-1,-1,-1,14.0,0.0,0,0,1
2015-07-18,2015-07-18 00:00:00,Holly,PILOT TRAVEL CENTERS LLC - PRODUCT,Albuquerque NM - VEC - T109,V,0.0,0.0,0.0,1,7701,0,7701,7701,84102,0,84102,22885,1,w4,7701,0,22885,7000,1000000,300000,Out,Available,Available,-1,100,-1,100,-1,100,-1,-1,-1,07/19 00:00:00 MDT,08/01 00:00:00 MDT,w3,0,2015-07-21 00:00:00,Contract,Contract,Contract,0.0,7000,0.0,1000000,300000,-701,915898,277115,0,0,0,0,0,0,850656,850658,850657,2015-07-18 23:46:05,2015-07-18 23:46:05,2015-07-18 23:46:05,7000,1000000,300000,0,0,0,True,True,22885,True,84102,True,-701,915898,277115,-1,-1,-1,14.0,133.0,0,0,1
2015-07-19,2015-07-19 00:00:00,Holly,PILOT TRAVEL CENTERS LLC - PRODUCT,Albuquerque NM - VEC - T109,V,0.0,0.0,0.0,1,7702,0,7702,7702,91804,0,91804,30587,1,w4,7702,0,30587,7000,1000000,300000,Out,Available,Available,-1,100,-1,100,-1,100,-1,-1,-1,07/20 00:00:00 MDT,08/01 00:00:00 MDT,w3,0,2015-07-21 00:00:00,Contract,Contract,Contract,0.0,7000,0.0,1000000,300000,-702,908196,269413,0,0,0,0,0,0,881917,881919,881918,2015-07-19 23:46:07,2015-07-19 23:46:07,2015-07-19 23:46:07,7000,1000000,300000,0,0,0,True,True,30587,True,91804,True,-702,908196,269413,-1,-1,-1,15.0,133.0,0,0,1
2015-07-20,2015-07-20 00:00:00,Holly,PILOT TRAVEL CENTERS LLC - PRODUCT,Albuquerque NM - VEC - T109,V,0.0,0.0,0.0,1,0,0,0,0,91804,0,91804,30587,1,w4,0,0,30587,7000,1000000,300000,Available,Available,Available,-1,100,-1,100,-1,100,-1,-1,-1,07/21 00:00:00 MDT,08/01 00:00:00 MDT,w3,0,2015-07-21 00:00:00,Contract,Contract,Contract,0.0,7000,0.0,1000000,300000,7000,908196,269413,0,0,0,0,0,0,912252,912254,912253,2015-07-20 23:46:08,2015-07-20 23:46:08,2015-07-20 23:46:08,7000,1000000,300000,0,0,0,True,True,30587,True,91804,True,7000,908196,269413,-1,-1,-1,14.0,0.0,0,0,1
2015-07-21,2015-07-21 00:00:00,Holly,PILOT TRAVEL CENTERS LLC - PRODUCT,Albuquerque NM - VEC - T109,V,0.0,0.0,0.0,1,7702,0,0,0,91804,0,91804,0,1,w5,0,0,7702,7000,1000000,300000,Available,Available,Available,-1,100,-1,100,-1,100,-1,-1,-1,07/22 00:00:00 MDT,08/01 00:00:00 MDT,w4,0,2015-07-28 00:00:00,Contract,Contract,Contract,0.0,7000,0.0,1000000,300000,7000,908196,300000,0,0,0,0,0,0,942747,942749,942748,2015-07-21 23:46:05,2015-07-21 23:46:05,2015-07-21 23:46:05,7000,1000000,300000,0,0,0,True,True,7702,True,99506,True,-702,908196,292298,-1,-1,-1,14.0,133.0,0,0,0
2015-07-22,2015-07-22 00:00:00,Holly,PILOT TRAVEL CENTERS LLC - PRODUCT,Albuquerque NM - VEC - T109,V,0.0,0.0,0.0,1,7701,1,15403,7701,107207,0,107207,15403,1,w5,7701,0,15403,7000,1000000,300000,Out,Available,Available,-1,100,-1,100,-1,100,-1,-1,-1,07/23 00:00:00 MDT,08/01 00:00:00 MDT,w4,0,2015-07-28 00:00:00,Contract,Contract,Contract,0.0,7000,0.0,1000000,300000,-701,892793,284597,0,0,0,0,0,0,974899,974901,974900,2015-07-22 23:46:08,2015-07-22 23:46:08,2015-07-22 23:46:08,7000,1000000,300000,0,0,0,True,True,15403,True,107207,True,-701,892793,284597,-1,-1,-1,15.0,133.0,0,0,1
2015-07-23,2015-07-23 00:00:00,Holly,PILOT TRAVEL CENTERS LLC - PRODUCT,Albuquerque NM - VEC - T109,V,0.0,0.0,0.0,1,7771,0,7771,7771,114978,0,114978,23174,1,w5,7771,0,23174,7000,1000000,300000,Out,Available,Available,-1,100,-1,100,-1,100,-1,-1,-1,07/24 00:00:00 MDT,08/01 00:00:00 MDT,w4,0,2015-07-28 00:00:00,Contract,Contract,Contract,0.0,7000,0.0,1000000,300000,-771,885022,276826,0,0,0,0,0,0,1002555,1002557,1002556,2015-07-23 23:45:10,2015-07-23 23:45:10,2015-07-23 23:45:10,7000,1000000,300000,0,0,0,True,True,23174,True,114978,True,-771,885022,276826,-1,-1,-1,15.0,133.0,0,0,1
2015-07-24,2015-07-24 00:00:00,Holly,PILOT TRAVEL CENTERS LLC - PRODUCT,Albuquerque NM - VEC - T109,V,0.0,0.0,0.0,1,7776,0,7776,7776,122754,0,122754,30950,1,w5,7776,0,30950,7000,1000000,300000,Out,Available,Available,-1,100,-1,100,-1,100,-1,-1,-1,07/25 00:00:00 MDT,08/01 00:00:00 MDT,w4,0,2015-07-28 00:00:00,Contract,Contract,Contract,0.0,7000,0.0,1000000,300000,-776,877246,269050,0,0,0,0,0,0,1032800,1032802,1032801,2015-07-24 23:45:11,2015-07-24 23:45:11,2015-07-24 23:45:11,7000,1000000,300000,0,0,0,True,True,30950,True,122754,True,-776,877246,269050,-1,-1,-1,16.0,133.0,0,0,1
2015-07-25,2015-07-25 00:00:00,Holly,PILOT TRAVEL CENTERS LLC - PRODUCT,Albuquerque NM - VEC - T109,V,0.0,0.0,0.0,1,7699,0,7699,7699,130453,0,130453,38649,1,w5,7699,0,38649,7000,1000000,300000,Out,Available,Available,-1,100,-1,100,-1,100,-1,-1,-1,07/26 00:00:00 MDT,08/01 00:00:00 MDT,w4,0,2015-07-28 00:00:00,Contract,Contract,Contract,0.0,7000,0.0,1000000,300000,-699,869547,261351,0,0,0,0,0,0,1062118,1062120,1062119,2015-07-25 23:45:07,2015-07-25 23:45:07,2015-07-25 23:45:07,7000,1000000,300000,0,0,0,True,True,38649,True,130453,True,-699,869547,261351,-1,-1,-1,16.0,133.0,0,0,1
2015-07-26,2015-07-26 00:00:00,Holly,PILOT TRAVEL CENTERS LLC - PRODUCT,Albuquerque NM - VEC - T109,V,0.0,0.0,0.0,1,0,0,0,0,130453,0,130453,38649,1,w5,0,0,38649,7000,1000000,300000,Available,Available,Available,-1,100,-1,100,-1,100,-1,-1,-1,07/27 00:00:00 MDT,08/01 00:00:00 MDT,w4,0,2015-07-28 00:00:00,Contract,Contract,Contract,0.0,7000,0.0,1000000,300000,7000,869547,261351,0,0,0,0,0,0,1092173,1092175,1092174,2015-07-26 23:45:07,2015-07-26 23:45:07,2015-07-26 23:45:07,7000,1000000,300000,0,0,0,True,True,38649,True,130453,True,7000,869547,261351,-1,-1,-1,16.0,0.0,0,0,1
2015-07-27,2015-07-27 00:00:00,Holly,PILOT TRAVEL CENTERS LLC - PRODUCT,Albuquerque NM - VEC - T109,V,0.0,0.0,0.0,1,0,0,0,0,130453,0,130453,38649,1,w5,0,0,38649,7000,1000000,300000,Available,Available,Available,-1,100,-1,100,-1,100,-1,-1,-1,07/28 00:00:00 MDT,08/01 00:00:00 MDT,w4,0,2015-07-28 00:00:00,Contract,Contract,Contract,0.0,7000,0.0,1000000,300000,7000,869547,261351,0,0,0,0,0,0,1122483,1122485,1122484,2015-07-27 23:45:10,2015-07-27 23:45:10,2015-07-27 23:45:10,7000,1000000,300000,0,0,0,True,True,38649,True,130453,True,7000,869547,261351,-1,-1,-1,15.0,0.0,0,0,1
2015-07-28,2015-07-28 00:00:00,Holly,PILOT TRAVEL CENTERS LLC - PRODUCT,Albuquerque NM - VEC - T109,V,0.0,0.0,0.0,1,7702,0,7702,7702,138155,0,138155,7702,1,w6,7702,0,7702,7000,1000000,300000,Out,Available,Available,-1,100,-1,100,-1,100,-1,-1,-1,07/29 00:00:00 MDT,08/01 00:00:00 MDT,w5,0,2015-08-04 00:00:00,Contract,Contract,Contract,0.0,7000,0.0,1000000,300000,-702,861845,292298,0,0,0,0,0,0,1152793,1152795,1152794,2015-07-28 23:45:06,2015-07-28 23:45:06,2015-07-28 23:45:06,7000,1000000,300000,0,0,0,True,True,7702,True,138155,True,-702,861845,292298,-1,-1,-1,15.0,133.0,0,0,1
2015-07-29,2015-07-29 00:00:00,Holly,PILOT TRAVEL CENTERS LLC - PRODUCT,Albuquerque NM - VEC - T109,V,0.0,0.0,0.0,1,0,0,0,0,138155,0,138155,7702,1,w6,0,0,7702,7000,1000000,300000,Available,Available,Available,-1,100,-1,100,-1,100,-1,-1,-1,07/30 00:00:00 MDT,08/01 00:00:00 MDT,w5,0,2015-08-04 00:00:00,Contract,Contract,Contract,0.0,7000,0.0,1000000,300000,7000,861845,292298,0,0,0,0,0,0,1183103,1183105,1183104,2015-07-29 23:45:11,2015-07-29 23:45:11,2015-07-29 23:45:11,7000,1000000,300000,0,0,0,True,True,7702,True,138155,True,7000,861845,292298,-1,-1,-1,15.0,0.0,0,0,1
2015-07-30,2015-07-30 00:00:00,Holly,PILOT TRAVEL CENTERS LLC - PRODUCT,Albuquerque NM - VEC - T109,V,0.0,0.0,0.0,1,7851,0,7851,7851,146006,0,146006,15553,1,w6,7851,0,15553,7000,1000000,300000,Out,Available,Available,-1,100,-1,100,-1,100,-1,-1,-1,07/31 00:00:00 MDT,08/01 00:00:00 MDT,w5,0,2015-08-04 00:00:00,Contract,Contract,Contract,0.0,7000,0.0,1000000,300000,-851,853994,284447,0,0,0,0,0,0,1213413,1213415,1213414,2015-07-30 23:45:09,2015-07-30 23:45:09,2015-07-30 23:45:09,7000,1000000,300000,0,0,0,True,True,15553,True,146006,True,-851,853994,284447,-1,-1,-1,15.0,133.0,0,0,1
2015-07-31,2015-07-31 00:00:00,Holly,PILOT TRAVEL CENTERS LLC - PRODUCT,Albuquerque NM - VEC - T109,V,0.0,0.0,0.0,1,7852,0,7852,7852,153858,0,153858,23405,1,w6,7852,0,23405,7000,1000000,300000,Out,Available,Available,-1,100,-1,100,-1,100,-1,-1,-1,08/01 00:00:00 MDT,08/01 00:00:00 MDT,w5,0,2015-08-04 00:00:00,Contract,Contract,Contract,7000.0,7000,1000000.0,1000000,300000,-852,846142,276595,0,0,0,0,0,0,1243723,1243725,1243724,2015-07-31 23:45:07,2015-07-31 23:45:07,2015-07-31 23:45:07,7000,1000000,300000,0,0,0,True,True,23405,True,153858,True,-852,846142,276595,-1,-1,-1,15.0,133.0,0,0,1
