,date,supplier_name,account_type,supplier_terminal_name,product_name,base_gallons_Daily,base_gallons_Monthly,base_gallons_Weekly,lifted_gallons_daily_flag,lifted_gallons_daily_modified,Modified_WeeksByLiftedGallons,lifted_gallons_modified_WeeksByLiftedGallons,lifted_gallons_Daily,Lifted_actual_monthly,lifted_gallons_monthly_flag,lifted_gallons_Monthly,Lifted_actual_weekly,lifted_gallons_weekly_flag,WeeksByLiftedGallons,lifted_gallonsWeekly_modified_aposteriori,Modified_LiftedGallonsaposteriori,lifted_gallons_Weekly,beginning_gallons_Daily,beginning_gallons_Monthly,beginning_gallons_Weekly,en_allocation_status_Daily,en_allocation_status_Monthly,en_allocation_status_Weekly,percentage_allocation_Daily_actual,percentage_allocation_Daily,percentage_allocation_Monthly_actual,percentage_allocation_Monthly,percentage_allocation_Weekly_actual,percentage_allocation_Weekly,alerts_ratability_Daily,alerts_ratability_Monthly,alerts_ratability_Weekly,next_refresh_date_Daily,next_refresh_date_Monthly,Week_switch,Modified_NRD,next_refresh_date_Weekly,en_account_type_Daily,en_account_type_Monthly,en_account_type_Weekly,NRB_Daily,next_refresh_base_gallons_Daily,NRB_Monthly,next_refresh_base_gallons_Monthly,next_refresh_base_gallons_Weekly,remaining_gallons_Daily,remaining_gallons_Monthly,remaining_gallons_Weekly,additional_gallons_allowed_Daily,additional_gallons_allowed_Monthly,additional_gallons_allowed_Weekly,additional_gallons_remaining_Daily,additional_gallons_remaining_Monthly,additional_gallons_remaining_Weekly,staging_id_Daily,staging_id_Monthly,staging_id_Weekly,execution_date_Daily,execution_date_Monthly,execution_date_Weekly,base_gallons_Daily_Reconciled,base_gallons_Monthly_Reconciled,base_gallons_Weekly_Reconciled,beginning_gallons_Daily_Reconciled,beginning_gallons_Monthly_Reconciled,beginning_gallons_Weekly_Reconciled,sanityWeekly_CumulativeDaily_WeeksByLiftedGallons,sanityWeekly_CumulativeDaily_NextRefreshDate,computedWeekly,sanityComputedWeekly,computedMonthly,sanityComputedMonthly,remaining_gallons_Daily_Reconciled,remaining_gallons_Monthly_Reconciled,remaining_gallons_Weekly_Reconciled,additional_gallons_remaining_Daily_Reconciled,additional_gallons_remaining_Monthly_Reconciled,additional_gallons_remaining_Weekly_Reconciled,Ratability_Monthly,Ratability_Daily,Ratability_Weekly,sanityMonthly_CumulativeDaily_WeeksByLiftedGallons,sanityMonthly_CumulativeDaily_WeeksByNextRefreshDate
2015-07-01,2015-07-01 00:00:00,Holly,PILOT TRAVEL CENTERS LLC - PRODUCT,Woods Cross UT - HEP - 5000,V,0.0,0.0,0.0,1,0,0,0,0,0,0,0,3502,1,w1,0,0,0,11290,500000,112903,Available,Available,Available,-1,100,-1,100,-1,100,-1,-1,-1,07/02 00:00:00 MDT,08/01 00:00:00 MDT,w1,0,2015-07-05 00:00:00,Contract,Contract,Contract,0.0,16129,0.0,500000,112903,11290,500000,109401,0,0,0,0,0,0,507911,507913,507912,2015-07-01 23:45:15,2015-07-01 23:45:15,2015-07-01 23:45:15,11200,500000,112900,0,0,0,True,False,0,True,0,True,11290,500000,112903,-1,-1,-1,0.0,0.0,0,1,1
2015-07-02,2015-07-02 00:00:00,Holly,PILOT TRAVEL CENTERS LLC - PRODUCT,Woods Cross UT - HEP - 5000,V,0.0,0.0,0.0,1,0,0,0,0,0,0,0,3502,1,w1,0,0,0,11290,500000,112903,Available,Available,Available,-1,100,-1,100,-1,100,-1,-1,-1,07/03 00:00:00 MDT,08/01 00:00:00 MDT,w1,0,2015-07-05 00:00:00,Contract,Contract,Contract,0.0,16129,0.0,500000,112903,11290,500000,109401,0,0,0,0,0,0,526986,526988,526987,2015-07-02 14:45:11,2015-07-02 14:45:11,2015-07-02 14:45:11,11200,500000,112900,0,0,0,True,False,0,True,0,True,11290,500000,112903,-1,-1,-1,0.0,0.0,0,1,1
2015-07-03,2015-07-03 00:00:00,Holly,PILOT TRAVEL CENTERS LLC - PRODUCT,Woods Cross UT - HEP - 5000,V,0.0,0.0,0.0,1,0,0,0,0,0,0,0,3502,1,w1,0,0,0,11290,500000,112903,Available,Available,Available,-1,100,-1,100,-1,100,-1,-1,-1,07/04 00:00:00 MDT,08/01 00:00:00 MDT,w1,0,2015-07-05 00:00:00,Contract,Contract,Contract,0.0,16129,0.0,500000,112903,11290,500000,109401,0,0,0,0,0,0,533550,533552,533551,2015-07-03 09:18:00,2015-07-03 09:18:00,2015-07-03 09:18:00,11200,500000,112900,0,0,0,True,False,0,True,0,True,11290,500000,112903,-1,-1,-1,0.0,0.0,0,1,1
2015-07-04,2015-07-04 00:00:00,Holly,PILOT TRAVEL CENTERS LLC - PRODUCT,Woods Cross UT - HEP - 5000,V,0.0,0.0,0.0,1,0,0,0,0,0,0,0,3502,1,w1,0,0,0,11290,500000,112903,Available,Available,Available,-1,100,-1,100,-1,100,-1,-1,-1,07/05 00:00:00 MDT,08/01 00:00:00 MDT,w1,0,2015-07-05 00:00:00,Contract,Contract,Contract,0.0,16129,0.0,500000,112903,11290,500000,109401,0,0,0,0,0,0,540889,540891,540890,2015-07-04 08:40:10,2015-07-04 08:40:10,2015-07-04 08:40:10,11200,500000,112900,0,0,0,True,False,0,True,0,True,11290,500000,112903,-1,-1,-1,0.0,0.0,0,1,1
2015-07-05,2015-07-05 00:00:00,Holly,PILOT TRAVEL CENTERS LLC - PRODUCT,Woods Cross UT - HEP - 5000,V,0.0,0.0,0.0,1,0,0,0,0,0,0,0,0,1,w2,0,0,0,11290,500000,112903,Available,Available,Available,-1,100,-1,100,-1,100,-1,-1,-1,07/06 00:00:00 MDT,08/01 00:00:00 MDT,w2,0,2015-07-12 00:00:00,Contract,Contract,Contract,0.0,16129,0.0,500000,112903,11290,500000,112903,0,0,0,0,0,0,547332,547334,547333,2015-07-05 08:40:10,2015-07-05 08:40:10,2015-07-05 08:40:10,11200,500000,112900,0,0,0,True,True,0,True,0,True,11290,500000,112903,-1,-1,-1,0.0,0.0,0,1,1
2015-07-06,2015-07-06 00:00:00,Holly,PILOT TRAVEL CENTERS LLC - PRODUCT,Woods Cross UT - HEP - 5000,V,0.0,0.0,0.0,1,0,0,0,0,0,0,0,0,1,w2,0,0,0,11290,500000,112903,Available,Available,Available,-1,100,-1,100,-1,100,-1,-1,-1,07/07 00:00:00 MDT,08/01 00:00:00 MDT,w2,0,2015-07-12 00:00:00,Contract,Contract,Contract,0.0,16129,0.0,500000,112903,11290,500000,112903,0,0,0,0,0,0,553648,553650,553649,2015-07-06 08:41:08,2015-07-06 08:41:08,2015-07-06 08:41:08,11200,500000,112900,0,0,0,True,True,0,True,0,True,11290,500000,112903,-1,-1,-1,0.0,0.0,0,1,1
2015-07-07,2015-07-07 00:00:00,Holly,PILOT TRAVEL CENTERS LLC - PRODUCT,Woods Cross UT - HEP - 5000,V,0.0,0.0,0.0,3,0,0,0,0,0,0,0,0,1,w2,0,0,0,11290,500000,112903,Available,Available,Available,-1,100,-1,100,-1,100,-1,-1,-1,07/08 00:00:00 MDT,08/01 00:00:00 MDT,w2,0,2015-07-12 00:00:00,Contract,Contract,Contract,0.0,16129,0.0,500000,112903,11290,500000,112903,0,0,0,0,0,0,566661,566663,566662,2015-07-07 22:41:08,2015-07-07 22:41:08,2015-07-07 22:41:08,11200,500000,112900,0,0,0,True,True,0,True,0,True,11290,500000,112903,-1,-1,-1,0.0,0.0,0,1,1
2015-07-08,2015-07-08 00:00:00,Holly,PILOT TRAVEL CENTERS LLC - PRODUCT,Woods Cross UT - HEP - 5000,V,0.0,0.0,0.0,0,0,0,0,0,0,0,0,0,0,w2,0,0,0,11290,500000,112903,Available,Available,Available,-1,100,-1,100,-1,100,-1,-1,-1,07/09 00:00:00 MDT,08/01 00:00:00 MDT,w2,0,2015-07-12 00:00:00,Contract,Contract,Contract,16129.0,16129,500000.0,500000,112903,11290,500000,112903,0,0,0,0,0,0,576262,576264,576263,2015-07-08 12:41:06,2015-07-08 12:41:06,2015-07-08 12:41:06,11200,500000,112900,0,0,0,True,True,0,True,0,True,11290,500000,112903,-1,-1,-1,0.0,0.0,0,1,1
2015-07-09,2015-07-09 00:00:00,Holly,PILOT TRAVEL CENTERS LLC - PRODUCT,Woods Cross UT - HEP - 5000,V,-1.0,-1.0,-1.0,2,0,0,-1,-1,-1,2,0,-1,2,w3,-1,0,0,-1,-1,-1,-1,-1,-1,-1,100,-1,100,-1,100,-1,-1,-1,-1,-1,w2,1,2015-07-12 00:00:00,-1,-1,-1,0.0,-1,0.0,-1,-1,-1,-1,-1,-1,-1,-1,-1,-1,-1,-1,-1,-1,2015-07-09 00:00:00,2015-07-09 00:00:00,2015-07-09 00:00:00,11200,500000,112900,0,0,0,True,True,0,True,0,True,-1,-1,-1,-1,-1,-1,0.0,0.0,0,0,1
2015-07-10,2015-07-10 00:00:00,Holly,PILOT TRAVEL CENTERS LLC - PRODUCT,Woods Cross UT - HEP - 5000,V,0.0,0.0,0.0,1,0,0,0,0,0,0,0,0,1,w3,0,0,0,11290,500000,112903,Available,Available,Available,-1,100,-1,100,-1,100,-1,-1,-1,07/11 00:00:00 MDT,08/01 00:00:00 MDT,w2,0,2015-07-12 00:00:00,Contract,Contract,Contract,0.0,16129,0.0,500000,112903,11290,500000,112903,0,0,0,0,0,0,607579,607581,607580,2015-07-10 23:46:08,2015-07-10 23:46:08,2015-07-10 23:46:08,11200,500000,112900,0,0,0,False,True,0,True,0,True,11290,500000,112903,-1,-1,-1,0.0,0.0,0,0,1
2015-07-11,2015-07-11 00:00:00,Holly,PILOT TRAVEL CENTERS LLC - PRODUCT,Woods Cross UT - HEP - 5000,V,0.0,0.0,0.0,1,0,0,0,0,0,0,0,0,1,w3,0,0,0,11290,500000,112903,Available,Available,Available,-1,100,-1,100,-1,100,-1,-1,-1,07/12 00:00:00 MDT,08/01 00:00:00 MDT,w2,0,2015-07-12 00:00:00,Contract,Contract,Contract,0.0,16129,0.0,500000,112903,11290,500000,112903,0,0,0,0,0,0,637629,637631,637630,2015-07-11 23:46:06,2015-07-11 23:46:06,2015-07-11 23:46:06,11200,500000,112900,0,0,0,False,True,0,True,0,True,11290,500000,112903,-1,-1,-1,0.0,0.0,0,0,1
2015-07-12,2015-07-12 00:00:00,Holly,PILOT TRAVEL CENTERS LLC - PRODUCT,Woods Cross UT - HEP - 5000,V,0.0,0.0,0.0,1,0,0,0,0,0,0,0,0,1,w3,0,0,0,11290,500000,112903,Available,Available,Available,-1,100,-1,100,-1,100,-1,-1,-1,07/13 00:00:00 MDT,08/01 00:00:00 MDT,w3,0,2015-07-19 00:00:00,Contract,Contract,Contract,0.0,16129,0.0,500000,112903,11290,500000,112903,0,0,0,0,0,0,667043,667045,667044,2015-07-12 23:46:09,2015-07-12 23:46:09,2015-07-12 23:46:09,11200,500000,112900,0,0,0,False,True,0,True,0,True,11290,500000,112903,-1,-1,-1,0.0,0.0,0,0,1
2015-07-13,2015-07-13 00:00:00,Holly,PILOT TRAVEL CENTERS LLC - PRODUCT,Woods Cross UT - HEP - 5000,V,0.0,0.0,0.0,1,0,0,0,0,0,0,0,0,1,w3,0,0,0,11290,500000,112903,Available,Available,Available,-1,100,-1,100,-1,100,-1,-1,-1,07/14 00:00:00 MDT,08/01 00:00:00 MDT,w3,0,2015-07-19 00:00:00,Contract,Contract,Contract,0.0,16129,0.0,500000,112903,11290,500000,112903,0,0,0,0,0,0,697639,697641,697640,2015-07-13 23:46:05,2015-07-13 23:46:05,2015-07-13 23:46:05,11200,500000,112900,0,0,0,False,True,0,True,0,True,11290,500000,112903,-1,-1,-1,0.0,0.0,0,0,1
2015-07-14,2015-07-14 00:00:00,Holly,PILOT TRAVEL CENTERS LLC - PRODUCT,Woods Cross UT - HEP - 5000,V,0.0,0.0,0.0,1,0,0,0,0,0,0,0,0,1,w3,0,0,0,11290,500000,112903,Available,Available,Available,-1,100,-1,100,-1,100,-1,-1,-1,07/15 00:00:00 MDT,08/01 00:00:00 MDT,w3,0,2015-07-19 00:00:00,Contract,Contract,Contract,0.0,16129,0.0,500000,112903,11290,500000,112903,0,0,0,0,0,0,729503,729505,729504,2015-07-14 23:46:07,2015-07-14 23:46:07,2015-07-14 23:46:07,11200,500000,112900,0,0,0,False,True,0,True,0,True,11290,500000,112903,-1,-1,-1,0.0,0.0,0,0,1
2015-07-15,2015-07-15 00:00:00,Holly,PILOT TRAVEL CENTERS LLC - PRODUCT,Woods Cross UT - HEP - 5000,V,0.0,0.0,0.0,1,0,0,0,0,0,0,0,0,1,w3,0,0,0,11290,500000,112903,Available,Available,Available,-1,100,-1,100,-1,100,-1,-1,-1,07/16 00:00:00 MDT,08/01 00:00:00 MDT,w3,0,2015-07-19 00:00:00,Contract,Contract,Contract,0.0,16129,0.0,500000,112903,11290,500000,112903,0,0,0,0,0,0,754977,754979,754978,2015-07-15 23:46:06,2015-07-15 23:46:06,2015-07-15 23:46:06,11200,500000,112900,0,0,0,False,True,0,True,0,True,11290,500000,112903,-1,-1,-1,0.0,0.0,0,0,1
2015-07-16,2015-07-16 00:00:00,Holly,PILOT TRAVEL CENTERS LLC - PRODUCT,Woods Cross UT - HEP - 5000,V,0.0,0.0,0.0,1,0,0,0,0,0,0,0,0,1,w3,0,0,0,11290,500000,112903,Available,Available,Available,-1,100,-1,100,-1,100,-1,-1,-1,07/17 00:00:00 MDT,08/01 00:00:00 MDT,w3,0,2015-07-19 00:00:00,Contract,Contract,Contract,0.0,16129,0.0,500000,112903,11290,500000,112903,0,0,0,0,0,0,788279,788281,788280,2015-07-16 23:46:09,2015-07-16 23:46:09,2015-07-16 23:46:09,11200,500000,112900,0,0,0,False,True,0,True,0,True,11290,500000,112903,-1,-1,-1,0.0,0.0,0,0,1
2015-07-17,2015-07-17 00:00:00,Holly,PILOT TRAVEL CENTERS LLC - PRODUCT,Woods Cross UT - HEP - 5000,V,0.0,0.0,0.0,1,0,0,0,0,0,0,0,0,1,w3,0,0,0,11290,500000,112903,Available,Available,Available,-1,100,-1,100,-1,100,-1,-1,-1,07/18 00:00:00 MDT,08/01 00:00:00 MDT,w3,0,2015-07-19 00:00:00,Contract,Contract,Contract,0.0,16129,0.0,500000,112903,11290,500000,112903,0,0,0,0,0,0,820303,820305,820304,2015-07-17 23:46:09,2015-07-17 23:46:09,2015-07-17 23:46:09,11200,500000,112900,0,0,0,False,True,0,True,0,True,11290,500000,112903,-1,-1,-1,0.0,0.0,0,0,1
2015-07-18,2015-07-18 00:00:00,Holly,PILOT TRAVEL CENTERS LLC - PRODUCT,Woods Cross UT - HEP - 5000,V,0.0,0.0,0.0,1,0,0,0,0,0,0,0,0,1,w3,0,0,0,11290,500000,112903,Available,Available,Available,-1,100,-1,100,-1,100,-1,-1,-1,07/19 00:00:00 MDT,08/01 00:00:00 MDT,w3,0,2015-07-19 00:00:00,Contract,Contract,Contract,0.0,16129,0.0,500000,112903,11290,500000,112903,0,0,0,0,0,0,850765,850767,850766,2015-07-18 23:46:05,2015-07-18 23:46:05,2015-07-18 23:46:05,11200,500000,112900,0,0,0,False,True,0,True,0,True,11290,500000,112903,-1,-1,-1,0.0,0.0,0,0,1
2015-07-19,2015-07-19 00:00:00,Holly,PILOT TRAVEL CENTERS LLC - PRODUCT,Woods Cross UT - HEP - 5000,V,0.0,0.0,0.0,1,0,0,0,0,0,0,0,0,1,w3,0,0,0,11290,500000,112903,Available,Available,Available,-1,100,-1,100,-1,100,-1,-1,-1,07/20 00:00:00 MDT,08/01 00:00:00 MDT,w4,0,2015-07-26 00:00:00,Contract,Contract,Contract,0.0,16129,0.0,500000,112903,11290,500000,112903,0,0,0,0,0,0,882026,882028,882027,2015-07-19 23:46:07,2015-07-19 23:46:07,2015-07-19 23:46:07,11200,500000,112900,0,0,0,False,True,0,True,0,True,11290,500000,112903,-1,-1,-1,0.0,0.0,0,0,1
2015-07-20,2015-07-20 00:00:00,Holly,PILOT TRAVEL CENTERS LLC - PRODUCT,Woods Cross UT - HEP - 5000,V,0.0,0.0,0.0,1,0,0,0,0,0,0,0,0,1,w3,0,0,0,11290,500000,112903,Available,Available,Available,-1,100,-1,100,-1,100,-1,-1,-1,07/21 00:00:00 MDT,08/01 00:00:00 MDT,w4,0,2015-07-26 00:00:00,Contract,Contract,Contract,0.0,16129,0.0,500000,112903,11290,500000,112903,0,0,0,0,0,0,912361,912363,912362,2015-07-20 23:46:08,2015-07-20 23:46:08,2015-07-20 23:46:08,11200,500000,112900,0,0,0,False,True,0,True,0,True,11290,500000,112903,-1,-1,-1,0.0,0.0,0,0,1
2015-07-21,2015-07-21 00:00:00,Holly,PILOT TRAVEL CENTERS LLC - PRODUCT,Woods Cross UT - HEP - 5000,V,0.0,0.0,0.0,1,0,0,0,0,0,0,0,0,1,w3,0,0,0,11290,500000,112903,Available,Available,Available,-1,100,-1,100,-1,100,-1,-1,-1,07/22 00:00:00 MDT,08/01 00:00:00 MDT,w4,0,2015-07-26 00:00:00,Contract,Contract,Contract,0.0,16129,0.0,500000,112903,11290,500000,112903,0,0,0,0,0,0,942856,942858,942857,2015-07-21 23:46:05,2015-07-21 23:46:05,2015-07-21 23:46:05,11200,500000,112900,0,0,0,False,True,0,True,0,True,11290,500000,112903,-1,-1,-1,0.0,0.0,0,0,1
2015-07-22,2015-07-22 00:00:00,Holly,PILOT TRAVEL CENTERS LLC - PRODUCT,Woods Cross UT - HEP - 5000,V,0.0,0.0,0.0,1,0,0,0,0,0,0,0,0,1,w3,0,0,0,11290,500000,112903,Available,Available,Available,-1,100,-1,100,-1,100,-1,-1,-1,07/23 00:00:00 MDT,08/01 00:00:00 MDT,w4,0,2015-07-26 00:00:00,Contract,Contract,Contract,0.0,16129,0.0,500000,112903,11290,500000,112903,0,0,0,0,0,0,975008,975010,975009,2015-07-22 23:46:08,2015-07-22 23:46:08,2015-07-22 23:46:08,11200,500000,112900,0,0,0,False,True,0,True,0,True,11290,500000,112903,-1,-1,-1,0.0,0.0,0,0,1
2015-07-23,2015-07-23 00:00:00,Holly,PILOT TRAVEL CENTERS LLC - PRODUCT,Woods Cross UT - HEP - 5000,V,0.0,0.0,0.0,1,0,0,0,0,0,0,0,0,1,w3,0,0,0,11290,500000,112903,Available,Available,Available,-1,100,-1,100,-1,100,-1,-1,-1,07/24 00:00:00 MDT,08/01 00:00:00 MDT,w4,0,2015-07-26 00:00:00,Contract,Contract,Contract,0.0,16129,0.0,500000,112903,11290,500000,112903,0,0,0,0,0,0,1002664,1002666,1002665,2015-07-23 23:45:10,2015-07-23 23:45:10,2015-07-23 23:45:10,11200,500000,112900,0,0,0,False,True,0,True,0,True,11290,500000,112903,-1,-1,-1,0.0,0.0,0,0,1
2015-07-24,2015-07-24 00:00:00,Holly,PILOT TRAVEL CENTERS LLC - PRODUCT,Woods Cross UT - HEP - 5000,V,0.0,0.0,0.0,1,7515,0,7515,7515,7515,0,7515,7515,1,w3,7515,0,7515,11290,500000,112903,Limited,Available,Available,-1,100,-1,100,-1,100,-1,-1,-1,07/25 00:00:00 MDT,08/01 00:00:00 MDT,w4,0,2015-07-26 00:00:00,Contract,Contract,Contract,0.0,16129,0.0,500000,112903,3775,492485,105388,0,0,0,0,0,0,1032909,1032911,1032910,2015-07-24 23:45:11,2015-07-24 23:45:11,2015-07-24 23:45:11,11200,500000,112900,0,0,0,False,True,7515,True,7515,True,3775,492485,105388,-1,-1,-1,2.0,0.0,0,0,1
2015-07-25,2015-07-25 00:00:00,Holly,PILOT TRAVEL CENTERS LLC - PRODUCT,Woods Cross UT - HEP - 5000,V,0.0,0.0,0.0,1,0,0,0,0,7515,0,7515,7515,1,w3,0,0,7515,11290,500000,112903,Available,Available,Available,-1,100,-1,100,-1,100,-1,-1,-1,07/26 00:00:00 MDT,08/01 00:00:00 MDT,w4,0,2015-07-26 00:00:00,Contract,Contract,Contract,0.0,16129,0.0,500000,112903,11290,492485,105388,0,0,0,0,0,0,1062227,1062229,1062228,2015-07-25 23:45:07,2015-07-25 23:45:07,2015-07-25 23:45:07,11200,500000,112900,0,0,0,False,True,7515,True,7515,True,11290,492485,105388,-1,-1,-1,2.0,0.0,0,0,1
2015-07-26,2015-07-26 00:00:00,Holly,PILOT TRAVEL CENTERS LLC - PRODUCT,Woods Cross UT - HEP - 5000,V,0.0,0.0,0.0,1,0,0,0,0,7515,0,7515,0,1,w4,0,0,0,11290,500000,112903,Available,Available,Available,-1,100,-1,100,-1,100,-1,-1,-1,07/27 00:00:00 MDT,08/01 00:00:00 MDT,w5,0,2015-08-02 00:00:00,Contract,Contract,Contract,0.0,16129,0.0,500000,112903,11290,492485,112903,0,0,0,0,0,0,1092282,1092284,1092283,2015-07-26 23:45:07,2015-07-26 23:45:07,2015-07-26 23:45:07,11200,500000,112900,0,0,0,True,True,0,True,7515,True,11290,492485,112903,-1,-1,-1,2.0,0.0,0,0,1
2015-07-27,2015-07-27 00:00:00,Holly,PILOT TRAVEL CENTERS LLC - PRODUCT,Woods Cross UT - HEP - 5000,V,0.0,0.0,0.0,1,0,0,0,0,7515,0,7515,0,1,w4,0,0,0,11290,500000,112903,Available,Available,Available,-1,100,-1,100,-1,100,-1,-1,-1,07/28 00:00:00 MDT,08/01 00:00:00 MDT,w5,0,2015-08-02 00:00:00,Contract,Contract,Contract,0.0,16129,0.0,500000,112903,11290,492485,112903,0,0,0,0,0,0,1122592,1122594,1122593,2015-07-27 23:45:10,2015-07-27 23:45:10,2015-07-27 23:45:10,11200,500000,112900,0,0,0,True,True,0,True,7515,True,11290,492485,112903,-1,-1,-1,2.0,0.0,0,0,1
2015-07-28,2015-07-28 00:00:00,Holly,PILOT TRAVEL CENTERS LLC - PRODUCT,Woods Cross UT - HEP - 5000,V,0.0,0.0,0.0,1,0,0,0,0,7515,0,7515,0,1,w4,0,0,0,11290,500000,112903,Available,Available,Available,-1,100,-1,100,-1,100,-1,-1,-1,07/29 00:00:00 MDT,08/01 00:00:00 MDT,w5,0,2015-08-02 00:00:00,Contract,Contract,Contract,0.0,16129,0.0,500000,112903,11290,492485,112903,0,0,0,0,0,0,1152902,1152904,1152903,2015-07-28 23:45:06,2015-07-28 23:45:06,2015-07-28 23:45:06,11200,500000,112900,0,0,0,True,True,0,True,7515,True,11290,492485,112903,-1,-1,-1,2.0,0.0,0,0,1
2015-07-29,2015-07-29 00:00:00,Holly,PILOT TRAVEL CENTERS LLC - PRODUCT,Woods Cross UT - HEP - 5000,V,0.0,0.0,0.0,1,0,0,0,0,7515,0,7515,0,1,w4,0,0,0,11290,500000,112903,Available,Available,Available,-1,100,-1,100,-1,100,-1,-1,-1,07/30 00:00:00 MDT,08/01 00:00:00 MDT,w5,0,2015-08-02 00:00:00,Contract,Contract,Contract,0.0,16129,0.0,500000,112903,11290,492485,112903,0,0,0,0,0,0,1183212,1183214,1183213,2015-07-29 23:45:11,2015-07-29 23:45:11,2015-07-29 23:45:11,11200,500000,112900,0,0,0,True,True,0,True,7515,True,11290,492485,112903,-1,-1,-1,2.0,0.0,0,0,1
2015-07-30,2015-07-30 00:00:00,Holly,PILOT TRAVEL CENTERS LLC - PRODUCT,Woods Cross UT - HEP - 5000,V,0.0,0.0,0.0,1,0,0,0,0,7515,0,7515,0,1,w4,0,0,0,11290,500000,112903,Available,Available,Available,-1,100,-1,100,-1,100,-1,-1,-1,07/31 00:00:00 MDT,08/01 00:00:00 MDT,w5,0,2015-08-02 00:00:00,Contract,Contract,Contract,0.0,16129,0.0,500000,112903,11290,492485,112903,0,0,0,0,0,0,1213522,1213524,1213523,2015-07-30 23:45:09,2015-07-30 23:45:09,2015-07-30 23:45:09,11200,500000,112900,0,0,0,True,True,0,True,7515,True,11290,492485,112903,-1,-1,-1,2.0,0.0,0,0,1
2015-07-31,2015-07-31 00:00:00,Holly,PILOT TRAVEL CENTERS LLC - PRODUCT,Woods Cross UT - HEP - 5000,V,0.0,0.0,0.0,1,0,0,0,0,7515,0,7515,0,1,w4,0,0,0,11290,500000,112903,Available,Available,Available,-1,100,-1,100,-1,100,-1,-1,-1,08/01 00:00:00 MDT,08/01 00:00:00 MDT,w5,0,2015-08-02 00:00:00,Contract,Contract,Contract,16129.0,16129,500000.0,500000,112903,11290,492485,112903,0,0,0,0,0,0,1243834,1243836,1243835,2015-07-31 23:45:07,2015-07-31 23:45:07,2015-07-31 23:45:07,11200,500000,112900,0,0,0,True,True,0,True,7515,True,11290,492485,112903,-1,-1,-1,2.0,0.0,0,0,1
