,date,supplier_name,account_type,supplier_terminal_name,product_name,base_gallons_Daily,base_gallons_Monthly,base_gallons_Weekly,lifted_gallons_daily_flag,lifted_gallons_daily_modified,Modified_WeeksByLiftedGallons,lifted_gallons_modified_WeeksByLiftedGallons,lifted_gallons_Daily,Lifted_actual_monthly,lifted_gallons_monthly_flag,lifted_gallons_Monthly,Lifted_actual_weekly,lifted_gallons_weekly_flag,WeeksByLiftedGallons,lifted_gallonsWeekly_modified_aposteriori,Modified_LiftedGallonsaposteriori,lifted_gallons_Weekly,beginning_gallons_Daily,beginning_gallons_Monthly,beginning_gallons_Weekly,en_allocation_status_Daily,en_allocation_status_Monthly,en_allocation_status_Weekly,percentage_allocation_Daily_actual,percentage_allocation_Daily,percentage_allocation_Monthly_actual,percentage_allocation_Monthly,percentage_allocation_Weekly_actual,percentage_allocation_Weekly,alerts_ratability_Daily,alerts_ratability_Monthly,alerts_ratability_Weekly,next_refresh_date_Daily,next_refresh_date_Monthly,Week_switch,Modified_NRD,next_refresh_date_Weekly,en_account_type_Daily,en_account_type_Monthly,en_account_type_Weekly,NRB_Daily,next_refresh_base_gallons_Daily,NRB_Monthly,next_refresh_base_gallons_Monthly,next_refresh_base_gallons_Weekly,remaining_gallons_Daily,remaining_gallons_Monthly,remaining_gallons_Weekly,additional_gallons_allowed_Daily,additional_gallons_allowed_Monthly,additional_gallons_allowed_Weekly,additional_gallons_remaining_Daily,additional_gallons_remaining_Monthly,additional_gallons_remaining_Weekly,staging_id_Daily,staging_id_Monthly,staging_id_Weekly,execution_date_Daily,execution_date_Monthly,execution_date_Weekly,base_gallons_Daily_Reconciled,base_gallons_Monthly_Reconciled,base_gallons_Weekly_Reconciled,beginning_gallons_Daily_Reconciled,beginning_gallons_Monthly_Reconciled,beginning_gallons_Weekly_Reconciled,sanityWeekly_CumulativeDaily_WeeksByLiftedGallons,sanityWeekly_CumulativeDaily_NextRefreshDate,computedWeekly,sanityComputedWeekly,computedMonthly,sanityComputedMonthly,remaining_gallons_Daily_Reconciled,remaining_gallons_Monthly_Reconciled,remaining_gallons_Weekly_Reconciled,additional_gallons_remaining_Daily_Reconciled,additional_gallons_remaining_Monthly_Reconciled,additional_gallons_remaining_Weekly_Reconciled,Ratability_Monthly,Ratability_Daily,Ratability_Weekly,sanityMonthly_CumulativeDaily_WeeksByLiftedGallons,sanityMonthly_CumulativeDaily_WeeksByNextRefreshDate
2015-08-01,2015-08-01 00:00:00,Holly,PILOT TRAVEL CENTERS LLC - PRODUCT,Woods Cross UT - HEP - 5000,V,0,0,0,1,0,0,0,0,0,0,0,0,1,w1,0,0,0,11290,500000,112903,Available,Available,Available,-1,100,-1,100,-1,100,-1,-1,-1,08/02 00:00:00 MDT,09/01 00:00:00 MDT,w1,0,2015-08-02 00:00:00,Contract,Contract,Contract,0,16129,0,500000,112903,11290,500000,112903,0,0,0,0,0,0,1272167,1272169,1272168,2015-08-01 23:45:09,2015-08-01 23:45:09,2015-08-01 23:45:09,11200,500000,112900,0,0,0,True,True,0,True,0,0,11290,500000,112903,-1,-1,-1,0.0,0.0,0,1,1
2015-08-02,2015-08-02 00:00:00,Holly,PILOT TRAVEL CENTERS LLC - PRODUCT,Woods Cross UT - HEP - 5000,V,0,0,0,3,0,0,0,0,0,0,0,0,1,w1,0,0,0,11290,500000,112903,Available,Available,Available,-1,100,-1,100,-1,100,-1,-1,-1,08/03 00:00:00 MDT,09/01 00:00:00 MDT,w2,0,2015-08-09 00:00:00,Contract,Contract,Contract,0,16129,0,500000,112903,11290,500000,112903,0,0,0,0,0,0,1301840,1301842,1301841,2015-08-02 23:45:08,2015-08-02 23:45:08,2015-08-02 23:45:08,11200,500000,112900,0,0,0,True,True,0,0,0,0,11290,500000,112903,-1,-1,-1,0.0,0.0,0,1,1
2015-08-03,2015-08-03 00:00:00,Holly,PILOT TRAVEL CENTERS LLC - PRODUCT,Woods Cross UT - HEP - 5000,V,0,0,0,0,900,0,900,900,900,0,900,900,0,w1,900,0,900,11290,500000,112903,Available,Available,Available,-1,100,-1,100,-1,100,-1,-1,-1,08/04 00:00:00 MDT,09/01 00:00:00 MDT,w2,0,2015-08-09 00:00:00,Contract,Contract,Contract,16129,16129,0,500000,112903,10390,499100,112003,0,0,0,0,0,0,1331445,1331447,1331446,2015-08-03 23:45:06,2015-08-03 23:45:06,2015-08-03 23:45:06,11200,500000,112900,0,0,0,True,True,0,0,0,0,10390,499100,112003,-1,-1,-1,2.0,0.0,0,1,1
2015-08-04,2015-08-04 00:00:00,Holly,PILOT TRAVEL CENTERS LLC - PRODUCT,Woods Cross UT - HEP - 5000,V,-1,0,-1,0,-1,0,-1,-1,33629,0,33629,-1,0,w2,-1,0,-1,-1,500000,-1,-1,Available,-1,-1,100,-1,100,-1,100,-1,-1,-1,-1,09/01 00:00:00 MDT,w2,1,2015-08-09 00:00:00,-1,Contract,-1,16129,-1,0,500000,-1,-1,466371,-1,-1,0,-1,-1,0,-1,-1,1361628,-1,2015-08-04 00:00:00,2015-08-04 00:00:00,2015-08-04 00:00:00,11200,500000,112900,0,0,0,True,False,0,0,0,0,-1,466371,-1,-1,-1,-1,52.0,-1.0,-1,0,0
2015-08-05,2015-08-05 00:00:00,Holly,PILOT TRAVEL CENTERS LLC - PRODUCT,Woods Cross UT - HEP - 5000,V,-1,0,-1,0,-1,0,-1,-1,40837,0,40837,-1,0,w2,-1,0,-1,-1,500000,-1,-1,Available,-1,-1,100,-1,100,-1,100,-1,-1,-1,-1,09/01 00:00:00 MDT,w2,1,2015-08-09 00:00:00,-1,Contract,-1,16129,-1,0,500000,-1,-1,459163,-1,-1,0,-1,-1,0,-1,-1,1390113,-1,2015-08-05 00:00:00,2015-08-05 00:00:00,2015-08-05 00:00:00,-1,500000,-1,-1,0,-1,False,False,0,0,0,0,-1,459163,-1,-1,-1,-1,51.0,-1.0,-1,0,0
2015-08-06,2015-08-06 00:00:00,Holly,PILOT TRAVEL CENTERS LLC - PRODUCT,Woods Cross UT - HEP - 5000,V,-1,0,-1,0,-1,0,-1,-1,53037,0,53037,-1,0,w2,-1,0,-1,-1,500000,-1,-1,Available,-1,-1,100,-1,100,-1,100,-1,-1,-1,-1,09/01 00:00:00 MDT,w2,1,2015-08-09 00:00:00,-1,Contract,-1,16129,-1,0,500000,-1,-1,446963,-1,-1,0,-1,-1,0,-1,-1,1425962,-1,2015-08-06 00:00:00,2015-08-06 00:00:00,2015-08-06 00:00:00,-1,500000,-1,-1,0,-1,False,False,0,0,0,0,-1,446963,-1,-1,-1,-1,55.0,-1.0,-1,0,0
2015-08-07,2015-08-07 00:00:00,Holly,PILOT TRAVEL CENTERS LLC - PRODUCT,Woods Cross UT - HEP - 5000,V,-1,0,-1,0,-1,0,-1,-1,64379,0,64379,-1,0,w2,-1,0,-1,-1,500000,-1,-1,Available,-1,-1,100,-1,100,-1,100,-1,-1,-1,-1,09/01 00:00:00 MDT,w2,1,2015-08-09 00:00:00,-1,Contract,-1,16129,-1,0,500000,-1,-1,435621,-1,-1,0,-1,-1,0,-1,-1,1461497,-1,2015-08-07 00:00:00,2015-08-07 00:00:00,2015-08-07 00:00:00,-1,500000,-1,-1,0,-1,False,False,0,0,0,0,-1,435621,-1,-1,-1,-1,57.0,-1.0,-1,0,0
2015-08-08,2015-08-08 00:00:00,Holly,PILOT TRAVEL CENTERS LLC - PRODUCT,Woods Cross UT - HEP - 5000,V,-1,0,-1,0,-1,0,-1,-1,64379,0,64379,-1,0,w2,-1,0,-1,-1,500000,-1,-1,Available,-1,-1,100,-1,100,-1,100,-1,-1,-1,-1,09/01 00:00:00 MDT,w2,1,2015-08-09 00:00:00,-1,Contract,-1,16129,-1,0,500000,-1,-1,435621,-1,-1,0,-1,-1,0,-1,-1,1495786,-1,2015-08-08 00:00:00,2015-08-08 00:00:00,2015-08-08 00:00:00,-1,500000,-1,-1,0,-1,False,False,0,0,0,0,-1,435621,-1,-1,-1,-1,50.0,-1.0,-1,0,0
2015-08-09,2015-08-09 00:00:00,Holly,PILOT TRAVEL CENTERS LLC - PRODUCT,Woods Cross UT - HEP - 5000,V,-1,0,-1,0,-1,0,-1,-1,64379,0,64379,-1,0,w2,-1,0,-1,-1,500000,-1,-1,Available,-1,-1,100,-1,100,-1,100,-1,-1,-1,-1,09/01 00:00:00 MDT,w3,1,2015-08-16 00:00:00,-1,Contract,-1,16129,-1,0,500000,-1,-1,435621,-1,-1,0,-1,-1,0,-1,-1,1529471,-1,2015-08-09 00:00:00,2015-08-09 00:00:00,2015-08-09 00:00:00,-1,500000,-1,-1,0,-1,False,True,0,0,0,0,-1,435621,-1,-1,-1,-1,44.0,-1.0,-1,0,0
2015-08-10,2015-08-10 00:00:00,Holly,PILOT TRAVEL CENTERS LLC - PRODUCT,Woods Cross UT - HEP - 5000,V,-1,0,-1,0,-1,0,-1,-1,64379,0,64379,-1,0,w2,-1,0,-1,-1,500000,-1,-1,Available,-1,-1,100,-1,100,-1,100,-1,-1,-1,-1,09/01 00:00:00 MDT,w3,1,2015-08-16 00:00:00,-1,Contract,-1,16129,-1,0,500000,-1,-1,435621,-1,-1,0,-1,-1,0,-1,-1,1562578,-1,2015-08-10 00:00:00,2015-08-10 00:00:00,2015-08-10 00:00:00,-1,500000,-1,-1,0,-1,False,False,0,0,0,0,-1,435621,-1,-1,-1,-1,40.0,-1.0,-1,0,0
2015-08-11,2015-08-11 00:00:00,Holly,PILOT TRAVEL CENTERS LLC - PRODUCT,Woods Cross UT - HEP - 5000,V,-1,0,-1,0,-1,0,-1,-1,64379,0,64379,-1,0,w2,-1,0,-1,-1,500000,-1,-1,Available,-1,-1,100,-1,100,-1,100,-1,-1,-1,-1,09/01 00:00:00 MDT,w3,1,2015-08-16 00:00:00,-1,Contract,-1,16129,-1,0,500000,-1,-1,435621,-1,-1,0,-1,-1,0,-1,-1,1595564,-1,2015-08-11 00:00:00,2015-08-11 00:00:00,2015-08-11 00:00:00,-1,500000,-1,-1,0,-1,False,False,0,0,0,0,-1,435621,-1,-1,-1,-1,36.0,-1.0,-1,0,0
2015-08-12,2015-08-12 00:00:00,Holly,PILOT TRAVEL CENTERS LLC - PRODUCT,Woods Cross UT - HEP - 5000,V,-1,0,-1,0,-1,0,-1,-1,100390,0,100390,-1,0,w2,-1,0,-1,-1,700000,-1,-1,Available,-1,-1,100,-1,100,-1,100,-1,-1,-1,-1,09/01 00:00:00 MDT,w3,1,2015-08-16 00:00:00,-1,Contract,-1,16129,-1,0,100000,-1,-1,599610,-1,-1,0,-1,-1,0,-1,-1,1634823,-1,2015-08-12 00:00:00,2015-08-12 00:00:00,2015-08-12 00:00:00,-1,700000,-1,-1,0,-1,False,False,0,0,0,0,-1,599610,-1,-1,-1,-1,37.0,-1.0,-1,0,0
2015-08-13,2015-08-13 00:00:00,Holly,PILOT TRAVEL CENTERS LLC - PRODUCT,Woods Cross UT - HEP - 5000,V,-1,0,-1,0,-1,0,-1,-1,187032,0,187032,-1,0,w2,-1,0,-1,-1,700000,-1,-1,Available,-1,-1,100,-1,100,-1,100,-1,-1,-1,-1,09/01 00:00:00 MDT,w3,1,2015-08-16 00:00:00,-1,Contract,-1,16129,-1,0,100000,-1,-1,512968,-1,-1,0,-1,-1,0,-1,-1,1674753,-1,2015-08-13 00:00:00,2015-08-13 00:00:00,2015-08-13 00:00:00,-1,700000,-1,-1,0,-1,False,False,0,0,0,0,-1,512968,-1,-1,-1,-1,64.0,-1.0,-1,0,0
2015-08-14,2015-08-14 00:00:00,Holly,PILOT TRAVEL CENTERS LLC - PRODUCT,Woods Cross UT - HEP - 5000,V,-1,0,-1,0,-1,0,-1,-1,319948,0,319948,-1,0,w2,-1,0,-1,-1,700000,-1,-1,Available,-1,-1,100,-1,100,-1,100,-1,-1,-1,-1,09/01 00:00:00 MDT,w3,1,2015-08-16 00:00:00,-1,Contract,-1,16129,-1,0,100000,-1,-1,380052,-1,-1,0,-1,-1,0,-1,-1,1714365,-1,2015-08-14 00:00:00,2015-08-14 00:00:00,2015-08-14 00:00:00,-1,700000,-1,-1,0,-1,False,False,0,0,0,0,-1,380052,-1,-1,-1,-1,101.0,-1.0,-1,0,0
2015-08-15,2015-08-15 00:00:00,Holly,PILOT TRAVEL CENTERS LLC - PRODUCT,Woods Cross UT - HEP - 5000,V,-1,0,-1,0,-1,0,-1,-1,340953,0,340953,-1,0,w2,-1,0,-1,-1,700000,-1,-1,Available,-1,-1,100,-1,100,-1,100,-1,-1,-1,-1,09/01 00:00:00 MDT,w3,1,2015-08-16 00:00:00,-1,Contract,-1,16129,-1,0,100000,-1,-1,359047,-1,-1,0,-1,-1,0,-1,-1,1752124,-1,2015-08-15 00:00:00,2015-08-15 00:00:00,2015-08-15 00:00:00,-1,700000,-1,-1,0,-1,False,False,0,0,0,0,-1,359047,-1,-1,-1,-1,101.0,-1.0,-1,0,0
2015-08-16,2015-08-16 00:00:00,Holly,PILOT TRAVEL CENTERS LLC - PRODUCT,Woods Cross UT - HEP - 5000,V,-1,0,-1,0,-1,0,-1,-1,351457,0,351457,-1,0,w2,-1,0,-1,-1,700000,-1,-1,Limited,-1,-1,100,-1,100,-1,100,-1,-1,-1,-1,09/01 00:00:00 MDT,w4,1,2015-08-23 00:00:00,-1,Contract,-1,16129,-1,0,100000,-1,-1,348543,-1,-1,0,-1,-1,0,-1,-1,1788481,-1,2015-08-16 00:00:00,2015-08-16 00:00:00,2015-08-16 00:00:00,-1,700000,-1,-1,0,-1,False,True,0,0,0,0,-1,348543,-1,-1,-1,-1,97.0,-1.0,-1,0,0
2015-08-17,2015-08-17 00:00:00,Holly,PILOT TRAVEL CENTERS LLC - PRODUCT,Woods Cross UT - HEP - 5000,V,-1,0,-1,0,-1,0,-1,-1,405866,0,405866,-1,0,w2,-1,0,-1,-1,700000,-1,-1,Limited,-1,-1,100,-1,100,-1,100,-1,-1,-1,-1,09/01 00:00:00 MDT,w4,1,2015-08-23 00:00:00,-1,Contract,-1,16129,-1,0,100000,-1,-1,294134,-1,-1,0,-1,-1,0,-1,-1,1829805,-1,2015-08-17 00:00:00,2015-08-17 00:00:00,2015-08-17 00:00:00,-1,700000,-1,-1,0,-1,False,False,0,0,0,0,-1,294134,-1,-1,-1,-1,106.0,-1.0,-1,0,0
2015-08-18,2015-08-18 00:00:00,Holly,PILOT TRAVEL CENTERS LLC - PRODUCT,Woods Cross UT - HEP - 5000,V,-1,0,-1,0,-1,0,-1,-1,478684,0,478684,-1,0,w2,-1,0,-1,-1,700000,-1,-1,Limited,-1,-1,100,-1,100,-1,100,-1,-1,-1,-1,09/01 00:00:00 MDT,w4,1,2015-08-23 00:00:00,-1,Contract,-1,16129,-1,0,100000,-1,-1,221316,-1,-1,0,-1,-1,0,-1,-1,1868327,-1,2015-08-18 00:00:00,2015-08-18 00:00:00,2015-08-18 00:00:00,-1,700000,-1,-1,0,-1,False,False,0,0,0,0,-1,221316,-1,-1,-1,-1,118.0,-1.0,-1,0,0
2015-08-19,2015-08-19 00:00:00,Holly,PILOT TRAVEL CENTERS LLC - PRODUCT,Woods Cross UT - HEP - 5000,V,-1,0,-1,0,-1,0,-1,-1,581835,0,581835,-1,0,w2,-1,0,-1,-1,700000,-1,-1,Limited,-1,-1,100,-1,100,-1,100,-1,-1,-1,-1,09/01 00:00:00 MDT,w4,1,2015-08-23 00:00:00,-1,Contract,-1,16129,-1,0,100000,-1,-1,118165,-1,-1,0,-1,-1,0,-1,-1,1904365,-1,2015-08-19 00:00:00,2015-08-19 00:00:00,2015-08-19 00:00:00,-1,700000,-1,-1,0,-1,False,False,0,0,0,0,-1,118165,-1,-1,-1,-1,136.0,-1.0,-1,0,0
2015-08-20,2015-08-20 00:00:00,Holly,PILOT TRAVEL CENTERS LLC - PRODUCT,Woods Cross UT - HEP - 5000,V,-1,0,-1,0,-1,0,-1,-1,654180,0,654180,-1,0,w2,-1,0,-1,-1,700000,-1,-1,Limited,-1,-1,100,-1,100,-1,100,-1,-1,-1,-1,09/01 00:00:00 MDT,w4,1,2015-08-23 00:00:00,-1,Contract,-1,16129,-1,0,100000,-1,-1,45820,-1,-1,0,-1,-1,0,-1,-1,1943300,-1,2015-08-20 00:00:00,2015-08-20 00:00:00,2015-08-20 00:00:00,-1,700000,-1,-1,0,-1,False,False,0,0,0,0,-1,45820,-1,-1,-1,-1,145.0,-1.0,-1,0,0
2015-08-21,2015-08-21 00:00:00,Holly,PILOT TRAVEL CENTERS LLC - PRODUCT,Woods Cross UT - HEP - 5000,V,-1,0,-1,0,-1,0,-1,-1,654180,0,654180,-1,0,w2,-1,0,-1,-1,700000,-1,-1,Limited,-1,-1,100,-1,100,-1,100,-1,-1,-1,-1,09/01 00:00:00 MDT,w4,1,2015-08-23 00:00:00,-1,Contract,-1,16129,-1,0,100000,-1,-1,45820,-1,-1,0,-1,-1,0,-1,-1,1982016,-1,2015-08-21 00:00:00,2015-08-21 00:00:00,2015-08-21 00:00:00,-1,700000,-1,-1,0,-1,False,False,0,0,0,0,-1,45820,-1,-1,-1,-1,138.0,-1.0,-1,0,0
2015-08-22,2015-08-22 00:00:00,Holly,PILOT TRAVEL CENTERS LLC - PRODUCT,Woods Cross UT - HEP - 5000,V,-1,0,-1,0,-1,0,-1,-1,654180,0,654180,-1,0,w2,-1,0,-1,-1,700000,-1,-1,Limited,-1,-1,100,-1,100,-1,100,-1,-1,-1,-1,09/01 00:00:00 MDT,w4,1,2015-08-23 00:00:00,-1,Contract,-1,16129,-1,0,100000,-1,-1,45820,-1,-1,0,-1,-1,0,-1,-1,2020030,-1,2015-08-22 00:00:00,2015-08-22 00:00:00,2015-08-22 00:00:00,-1,700000,-1,-1,0,-1,False,False,0,0,0,0,-1,45820,-1,-1,-1,-1,132.0,-1.0,-1,0,0
2015-08-23,2015-08-23 00:00:00,Holly,PILOT TRAVEL CENTERS LLC - PRODUCT,Woods Cross UT - HEP - 5000,V,-1,0,-1,0,-1,0,-1,-1,654180,0,654180,-1,0,w2,-1,0,-1,-1,700000,-1,-1,Limited,-1,-1,100,-1,100,-1,100,-1,-1,-1,-1,09/01 00:00:00 MDT,w5,1,2015-08-30 00:00:00,-1,Contract,-1,16129,-1,0,100000,-1,-1,45820,-1,-1,0,-1,-1,0,-1,-1,2055938,-1,2015-08-23 00:00:00,2015-08-23 00:00:00,2015-08-23 00:00:00,-1,700000,-1,-1,0,-1,False,True,0,0,0,0,-1,45820,-1,-1,-1,-1,126.0,-1.0,-1,0,0
2015-08-24,2015-08-24 00:00:00,Holly,PILOT TRAVEL CENTERS LLC - PRODUCT,Woods Cross UT - HEP - 5000,V,-1,0,-1,0,-1,0,-1,-1,654180,0,654180,-1,0,w2,-1,0,-1,-1,700000,-1,-1,Limited,-1,-1,100,-1,100,-1,100,-1,-1,-1,-1,09/01 00:00:00 MDT,w5,1,2015-08-30 00:00:00,-1,Contract,-1,16129,-1,0,100000,-1,-1,45820,-1,-1,0,-1,-1,0,-1,-1,2093571,-1,2015-08-24 00:00:00,2015-08-24 00:00:00,2015-08-24 00:00:00,-1,700000,-1,-1,0,-1,False,False,0,0,0,0,-1,45820,-1,-1,-1,-1,121.0,-1.0,-1,0,0
2015-08-25,2015-08-25 00:00:00,Holly,PILOT TRAVEL CENTERS LLC - PRODUCT,Woods Cross UT - HEP - 5000,V,-1,0,-1,0,-1,0,-1,-1,654180,0,654180,-1,0,w2,-1,0,-1,-1,700000,-1,-1,Limited,-1,-1,100,-1,100,-1,100,-1,-1,-1,-1,09/01 00:00:00 MDT,w5,1,2015-08-30 00:00:00,-1,Contract,-1,16129,-1,0,100000,-1,-1,45820,-1,-1,0,-1,-1,0,-1,-1,2125847,-1,2015-08-25 00:00:00,2015-08-25 00:00:00,2015-08-25 00:00:00,-1,700000,-1,-1,0,-1,False,False,0,0,0,0,-1,45820,-1,-1,-1,-1,116.0,-1.0,-1,0,0
2015-08-26,2015-08-26 00:00:00,Holly,PILOT TRAVEL CENTERS LLC - PRODUCT,Woods Cross UT - HEP - 5000,V,-1,0,-1,0,-1,0,-1,-1,654180,0,654180,-1,0,w2,-1,0,-1,-1,700000,-1,-1,Limited,-1,-1,100,-1,100,-1,100,-1,-1,-1,-1,09/01 00:00:00 MDT,w5,1,2015-08-30 00:00:00,-1,Contract,-1,16129,-1,0,100000,-1,-1,45820,-1,-1,0,-1,-1,0,-1,-1,2153308,-1,2015-08-26 00:00:00,2015-08-26 00:00:00,2015-08-26 00:00:00,-1,700000,-1,-1,0,-1,False,False,0,0,0,0,-1,45820,-1,-1,-1,-1,111.0,-1.0,-1,0,0
2015-08-27,2015-08-27 00:00:00,Holly,PILOT TRAVEL CENTERS LLC - PRODUCT,Woods Cross UT - HEP - 5000,V,-1,0,-1,0,-1,0,-1,-1,654180,0,654180,-1,0,w2,-1,0,-1,-1,700000,-1,-1,Limited,-1,-1,100,-1,100,-1,100,-1,-1,-1,-1,09/01 00:00:00 MDT,w5,1,2015-08-30 00:00:00,-1,Contract,-1,16129,-1,0,100000,-1,-1,45820,-1,-1,0,-1,-1,0,-1,-1,2180517,-1,2015-08-27 00:00:00,2015-08-27 00:00:00,2015-08-27 00:00:00,-1,700000,-1,-1,0,-1,False,False,0,0,0,0,-1,45820,-1,-1,-1,-1,107.0,-1.0,-1,0,0
2015-08-28,2015-08-28 00:00:00,Holly,PILOT TRAVEL CENTERS LLC - PRODUCT,Woods Cross UT - HEP - 5000,V,-1,0,-1,0,-1,0,-1,-1,654180,0,654180,-1,0,w2,-1,0,-1,-1,700000,-1,-1,Limited,-1,-1,100,-1,100,-1,100,-1,-1,-1,-1,09/01 00:00:00 MDT,w5,1,2015-08-30 00:00:00,-1,Contract,-1,16129,-1,0,100000,-1,-1,45820,-1,-1,0,-1,-1,0,-1,-1,2211582,-1,2015-08-28 00:00:00,2015-08-28 00:00:00,2015-08-28 00:00:00,-1,700000,-1,-1,0,-1,False,False,0,0,0,0,-1,45820,-1,-1,-1,-1,103.0,-1.0,-1,0,0
2015-08-29,2015-08-29 00:00:00,Holly,PILOT TRAVEL CENTERS LLC - PRODUCT,Woods Cross UT - HEP - 5000,V,-1,0,-1,0,-1,0,-1,-1,654180,0,654180,-1,0,w2,-1,0,-1,-1,700000,-1,-1,Limited,-1,-1,100,-1,100,-1,100,-1,-1,-1,-1,09/01 00:00:00 MDT,w5,1,2015-08-30 00:00:00,-1,Contract,-1,16129,-1,0,100000,-1,-1,45820,-1,-1,0,-1,-1,0,-1,-1,2238477,-1,2015-08-29 00:00:00,2015-08-29 00:00:00,2015-08-29 00:00:00,-1,700000,-1,-1,0,-1,False,False,0,0,0,0,-1,45820,-1,-1,-1,-1,100.0,-1.0,-1,0,0
2015-08-30,2015-08-30 00:00:00,Holly,PILOT TRAVEL CENTERS LLC - PRODUCT,Woods Cross UT - HEP - 5000,V,-1,0,-1,0,-1,0,-1,-1,654180,0,654180,-1,0,w2,-1,0,-1,-1,700000,-1,-1,Limited,-1,-1,100,-1,100,-1,100,-1,-1,-1,-1,09/01 00:00:00 MDT,w6,1,2015-09-06 00:00:00,-1,Contract,-1,16129,-1,0,100000,-1,-1,45820,-1,-1,0,-1,-1,0,-1,-1,2265128,-1,2015-08-30 00:00:00,2015-08-30 00:00:00,2015-08-30 00:00:00,-1,700000,-1,-1,0,-1,False,True,0,0,0,0,-1,45820,-1,-1,-1,-1,97.0,-1.0,-1,0,0
2015-08-31,2015-08-31 00:00:00,Holly,PILOT TRAVEL CENTERS LLC - PRODUCT,Woods Cross UT - HEP - 5000,V,-1,0,-1,0,-1,0,-1,-1,654180,0,654180,-1,0,w2,-1,0,-1,-1,700000,-1,-1,Limited,-1,-1,100,-1,100,-1,100,-1,-1,-1,-1,09/01 00:00:00 MDT,w6,1,2015-09-06 00:00:00,-1,Contract,-1,16129,-1,100000,100000,-1,-1,45820,-1,-1,0,-1,-1,0,-1,-1,2290782,-1,2015-08-31 00:00:00,2015-08-31 00:00:00,2015-08-31 00:00:00,-1,700000,-1,-1,0,-1,False,False,0,0,0,0,-1,45820,-1,-1,-1,-1,93.0,-1.0,-1,0,0
