,date,supplier_name,account_type,supplier_terminal_name,product_name,base_gallons_Daily,base_gallons_Monthly,base_gallons_Weekly,lifted_gallons_daily_flag,lifted_gallons_daily_modified,Modified_WeeksByLiftedGallons,lifted_gallons_modified_WeeksByLiftedGallons,lifted_gallons_Daily,Lifted_actual_monthly,lifted_gallons_monthly_flag,lifted_gallons_Monthly,Lifted_actual_weekly,lifted_gallons_weekly_flag,WeeksByLiftedGallons,lifted_gallonsWeekly_modified_aposteriori,Modified_LiftedGallonsaposteriori,lifted_gallons_Weekly,beginning_gallons_Daily,beginning_gallons_Monthly,beginning_gallons_Weekly,en_allocation_status_Daily,en_allocation_status_Monthly,en_allocation_status_Weekly,percentage_allocation_Daily_actual,percentage_allocation_Daily,percentage_allocation_Monthly_actual,percentage_allocation_Monthly,percentage_allocation_Weekly_actual,percentage_allocation_Weekly,alerts_ratability_Daily,alerts_ratability_Monthly,alerts_ratability_Weekly,next_refresh_date_Daily,next_refresh_date_Monthly,Week_switch,Modified_NRD,next_refresh_date_Weekly,en_account_type_Daily,en_account_type_Monthly,en_account_type_Weekly,NRB_Daily,next_refresh_base_gallons_Daily,NRB_Monthly,next_refresh_base_gallons_Monthly,next_refresh_base_gallons_Weekly,remaining_gallons_Daily,remaining_gallons_Monthly,remaining_gallons_Weekly,additional_gallons_allowed_Daily,additional_gallons_allowed_Monthly,additional_gallons_allowed_Weekly,additional_gallons_remaining_Daily,additional_gallons_remaining_Monthly,additional_gallons_remaining_Weekly,staging_id_Daily,staging_id_Monthly,staging_id_Weekly,execution_date_Daily,execution_date_Monthly,execution_date_Weekly,base_gallons_Daily_Reconciled,base_gallons_Monthly_Reconciled,base_gallons_Weekly_Reconciled,beginning_gallons_Daily_Reconciled,beginning_gallons_Monthly_Reconciled,beginning_gallons_Weekly_Reconciled,sanityWeekly_CumulativeDaily_WeeksByLiftedGallons,sanityWeekly_CumulativeDaily_NextRefreshDate,computedWeekly,sanityComputedWeekly,computedMonthly,sanityComputedMonthly,remaining_gallons_Daily_Reconciled,remaining_gallons_Monthly_Reconciled,remaining_gallons_Weekly_Reconciled,additional_gallons_remaining_Daily_Reconciled,additional_gallons_remaining_Monthly_Reconciled,additional_gallons_remaining_Weekly_Reconciled,Ratability_Monthly,Ratability_Daily,Ratability_Weekly,sanityMonthly_CumulativeDaily_WeeksByLiftedGallons,sanityMonthly_CumulativeDaily_WeeksByNextRefreshDate
2015-08-01,2015-08-01 00:00:00,Exxon,PILOT TRAVEL CENTERS LLC 103637 IW,HAMMOND IN (MOC) - 00DH,Reg RFG,43422,-1,303957,3,73360,0,65610,65610,-1,0,-1,145513,0,w1,65610,0,145513,65133,-1,425540,Out,-1,Out,150%,150,-1,100,140%,140,On Track,-1,Below Trend,08/02 00:00:00 EDT,-1,w1,0,2015-08-06 00:00:00,Contract,-1,Contract,43422,43422,-1,-1,303957,-477,-1,280027,0,-1,0,0,-1,0,1273476,-1,1273477,2015-08-01 23:50:09,-1,2015-08-01 23:50:09,43400,-1,303900,65133,-1,425539,True,False,73360,False,0,0,-8227,-1,280027,-1,-1,-1,-1,133.0,0,0,0
2015-08-02,2015-08-02 00:00:00,Exxon,PILOT TRAVEL CENTERS LLC 103637 IW,HAMMOND IN (MOC) - 00DH,Reg RFG,43422,-1,303957,3,65316,1,73066,65316,-1,0,-1,218579,0,w1,65316,0,218579,65133,-1,425540,Out,-1,Out,150%,150,-1,100,140%,140,On Track,-1,On Track,08/03 00:00:00 EDT,-1,w1,0,2015-08-06 00:00:00,Contract,-1,Contract,43422,43422,-1,-1,303957,-183,-1,206961,0,-1,0,0,-1,0,1303435,-1,1303436,2015-08-02 23:52:23,-1,2015-08-02 23:52:23,43400,-1,303900,65133,-1,425539,True,True,138676,False,0,0,-183,-1,206961,-1,-1,-1,-1,133.0,0,0,0
2015-08-03,2015-08-03 00:00:00,Exxon,PILOT TRAVEL CENTERS LLC 103637 IW,HAMMOND IN (MOC) - 00DH,Reg RFG,43422,-1,303957,3,24451,0,24451,24451,-1,0,-1,243030,0,w1,24451,0,243030,65133,-1,425540,Available,-1,Available,150%,150,-1,100,140%,140,Below Trend,-1,Below Trend,08/04 00:00:00 EDT,-1,w1,0,2015-08-06 00:00:00,Contract,-1,Contract,43422,43422,-1,-1,303957,40682,-1,182510,0,-1,0,0,-1,0,1332754,-1,1332755,2015-08-03 23:49:56,-1,2015-08-03 23:49:56,43400,-1,303900,65133,-1,425539,True,True,163127,False,0,0,40682,-1,182510,-1,-1,-1,-1,0.0,0,0,0
2015-08-04,2015-08-04 00:00:00,Exxon,PILOT TRAVEL CENTERS LLC 103637 IW,HAMMOND IN (MOC) - 00DH,Reg RFG,43422,-1,303957,3,69800,0,69800,69800,-1,0,-1,312830,0,w1,69800,0,312830,65133,-1,425540,Out,-1,Out,150%,150,-1,100,140%,140,On Track,-1,On Track,08/05 00:00:00 EDT,-1,w1,0,2015-08-06 00:00:00,Contract,-1,Contract,43422,43422,-1,-1,303957,-4667,-1,112710,0,-1,0,0,-1,0,1362938,-1,1362939,2015-08-04 23:49:58,-1,2015-08-04 23:49:58,43400,-1,303900,65133,-1,425539,True,True,232927,False,0,0,-4667,-1,112710,-1,-1,-1,-1,133.0,0,0,0
2015-08-05,2015-08-05 00:00:00,Exxon,PILOT TRAVEL CENTERS LLC 103637 IW,HAMMOND IN (MOC) - 00DH,Reg RFG,43422,-1,303957,0,44900,0,44900,44900,-1,0,-1,357730,0,w1,44900,0,357730,65133,-1,425540,Available,-1,Available,150%,150,-1,100,140%,140,Below Trend,-1,On Track,08/06 00:00:00 EDT,-1,w1,0,2015-08-06 00:00:00,Contract,-1,Contract,43422,43422,-1,-1,303957,20233,-1,67810,0,-1,0,0,-1,0,1394104,-1,1394105,2015-08-05 23:52:34,-1,2015-08-05 23:52:34,43400,-1,303900,65133,-1,425539,True,True,277827,False,0,0,20233,-1,67810,-1,-1,-1,-1,133.0,100,0,0
2015-08-06,2015-08-06 00:00:00,Exxon,PILOT TRAVEL CENTERS LLC 103637 IW,HAMMOND IN (MOC) - 00DH,Reg RFG,43422,-1,303957,3,40006,0,32306,32306,-1,0,-1,32306,0,w2,32306,0,32306,65133,-1,425540,Available,-1,Available,150%,150,-1,100,140%,140,Below Trend,-1,Below Trend,08/07 00:00:00 EDT,-1,w2,0,2015-08-13 00:00:00,Contract,-1,Contract,43422,43422,-1,-1,303957,32827,-1,393234,0,-1,0,0,-1,0,1428294,-1,1428295,2015-08-06 23:50:02,-1,2015-08-06 23:50:02,43400,-1,303900,65133,-1,425539,True,False,40006,True,0,0,25127,-1,393234,-1,-1,-1,-1,0.0,0,0,0
2015-08-07,2015-08-07 00:00:00,Exxon,PILOT TRAVEL CENTERS LLC 103637 IW,HAMMOND IN (MOC) - 00DH,Reg RFG,43422,-1,303957,3,47105,1,54805,47105,-1,0,-1,87111,0,w2,47105,0,87111,65133,-1,425540,Available,-1,Available,150%,150,-1,100,140%,140,Below Trend,-1,Below Trend,08/08 00:00:00 EDT,-1,w2,0,2015-08-13 00:00:00,Contract,-1,Contract,43422,43422,-1,-1,303957,18028,-1,338429,0,-1,0,0,-1,0,1462806,-1,1462807,2015-08-07 23:50:58,-1,2015-08-07 23:50:58,43400,-1,303900,65133,-1,425539,True,True,87111,True,0,0,18028,-1,338429,-1,-1,-1,-1,133.0,0,0,0
2015-08-08,2015-08-08 00:00:00,Exxon,PILOT TRAVEL CENTERS LLC 103637 IW,HAMMOND IN (MOC) - 00DH,Reg RFG,43422,-1,303957,3,37361,0,37361,37361,-1,0,-1,124472,0,w2,37361,0,124472,65133,-1,425540,Available,-1,Available,150%,150,-1,100,140%,140,Below Trend,-1,Below Trend,08/09 00:00:00 EDT,-1,w2,0,2015-08-13 00:00:00,Contract,-1,Contract,43422,43422,-1,-1,303957,27772,-1,301068,0,-1,0,0,-1,0,1497095,-1,1497096,2015-08-08 23:50:03,-1,2015-08-08 23:50:03,43400,-1,303900,65133,-1,425539,True,True,124472,True,0,0,27772,-1,301068,-1,-1,-1,-1,0.0,0,0,0
2015-08-09,2015-08-09 00:00:00,Exxon,PILOT TRAVEL CENTERS LLC 103637 IW,HAMMOND IN (MOC) - 00DH,Reg RFG,43422,-1,303957,3,42405,0,42405,42405,-1,0,-1,166877,0,w2,42405,0,166877,65133,-1,425540,Available,-1,Available,150%,150,-1,100,140%,140,Below Trend,-1,Below Trend,08/10 00:00:00 EDT,-1,w2,0,2015-08-13 00:00:00,Contract,-1,Contract,43422,43422,-1,-1,303957,22728,-1,258663,0,-1,0,0,-1,0,1530780,-1,1530781,2015-08-09 23:50:59,-1,2015-08-09 23:50:59,43400,-1,303900,65133,-1,425539,True,True,166877,True,0,0,22728,-1,258663,-1,-1,-1,-1,0.0,0,0,0
2015-08-10,2015-08-10 00:00:00,Exxon,PILOT TRAVEL CENTERS LLC 103637 IW,HAMMOND IN (MOC) - 00DH,Reg RFG,43422,-1,303957,3,39300,0,39300,39300,-1,0,-1,206177,0,w2,39300,0,206177,65133,-1,425540,Available,-1,Available,150%,150,-1,100,140%,140,Below Trend,-1,Below Trend,08/11 00:00:00 EDT,-1,w2,0,2015-08-13 00:00:00,Contract,-1,Contract,43422,43422,-1,-1,303957,25833,-1,219363,0,-1,0,0,-1,0,1563887,-1,1563888,2015-08-10 23:51:07,-1,2015-08-10 23:51:07,43400,-1,303900,65133,-1,425539,True,True,206177,True,0,0,25833,-1,219363,-1,-1,-1,-1,0.0,0,0,0
2015-08-11,2015-08-11 00:00:00,Exxon,PILOT TRAVEL CENTERS LLC 103637 IW,HAMMOND IN (MOC) - 00DH,Reg RFG,43422,-1,303957,3,52700,0,43800,43800,-1,0,-1,249977,0,w2,43800,0,249977,65133,-1,425540,Available,-1,Available,150%,150,-1,100,140%,140,Below Trend,-1,Below Trend,08/12 00:00:00 EDT,-1,w2,0,2015-08-13 00:00:00,Contract,-1,Contract,43422,43422,-1,-1,303957,21333,-1,175563,0,-1,0,0,-1,0,1595627,-1,1595628,2015-08-11 23:49:02,-1,2015-08-11 23:49:02,43400,-1,303900,65133,-1,425539,True,False,258877,True,0,0,12433,-1,175563,-1,-1,-1,-1,133.0,0,0,0
2015-08-12,2015-08-12 00:00:00,Exxon,PILOT TRAVEL CENTERS LLC 103637 IW,HAMMOND IN (MOC) - 00DH,Reg RFG,43422,-1,303957,0,15300,1,24200,15300,-1,0,-1,274177,0,w2,15300,0,274177,65133,-1,425540,Available,-1,Available,150%,150,-1,100,140%,140,Below Trend,-1,Below Trend,08/13 00:00:00 EDT,-1,w2,0,2015-08-13 00:00:00,Contract,-1,Contract,43422,43422,-1,-1,303957,49833,-1,151363,0,-1,0,0,-1,0,1636132,-1,1636133,2015-08-12 23:51:12,-1,2015-08-12 23:51:12,43400,-1,303900,65133,-1,425539,True,True,274177,True,0,0,49833,-1,151363,-1,-1,-1,-1,0.0,0,0,0
2015-08-13,2015-08-13 00:00:00,Exxon,PILOT TRAVEL CENTERS LLC 103637 IW,HAMMOND IN (MOC) - 00DH,Reg RFG,43422,-1,303957,0,0,0,0,0,-1,0,-1,0,0,w3,0,0,0,65133,-1,425540,Available,-1,Available,150%,150,-1,100,140%,140,Below Trend,-1,Below Trend,08/14 00:00:00 EDT,-1,w3,0,2015-08-20 00:00:00,Contract,-1,Contract,43422,43422,-1,-1,303957,65133,-1,425540,0,-1,0,0,-1,0,1648156,-1,1648157,2015-08-13 08:51:04,-1,2015-08-13 08:51:04,43400,-1,303900,65133,-1,425539,True,True,0,0,0,0,65133,-1,425540,-1,-1,-1,-1,0.0,0,0,0
2015-08-14,2015-08-14 00:00:00,Exxon,PILOT TRAVEL CENTERS LLC 103637 IW,HAMMOND IN (MOC) - 00DH,Reg RFG,-1,-1,-1,0,-1,0,-1,-1,-1,0,-1,-1,0,w4,-1,0,-1,-1,-1,-1,-1,-1,-1,-1,150,-1,100,-1,140,-1,-1,-1,-1,-1,w3,1,2015-08-20 00:00:00,-1,-1,-1,43422,-1,-1,-1,-1,-1,-1,-1,-1,-1,-1,-1,-1,-1,-1,-1,-1,2015-08-14 00:00:00,2015-08-14 00:00:00,2015-08-14 00:00:00,43400,-1,303900,65133,-1,425539,True,True,0,0,0,0,-1,-1,-1,-1,-1,-1,-1,-1.0,-1,0,0
2015-08-15,2015-08-15 00:00:00,Exxon,PILOT TRAVEL CENTERS LLC 103637 IW,HAMMOND IN (MOC) - 00DH,Reg RFG,-1,-1,-1,0,-1,0,-1,-1,-1,0,-1,-1,0,w4,-1,0,-1,-1,-1,-1,-1,-1,-1,-1,150,-1,100,-1,140,-1,-1,-1,-1,-1,w3,1,2015-08-20 00:00:00,-1,-1,-1,43422,-1,-1,-1,-1,-1,-1,-1,-1,-1,-1,-1,-1,-1,-1,-1,-1,2015-08-15 00:00:00,2015-08-15 00:00:00,2015-08-15 00:00:00,-1,-1,-1,-1,-1,-1,False,False,0,0,0,0,-1,-1,-1,-1,-1,-1,-1,-1.0,-1,0,0
2015-08-16,2015-08-16 00:00:00,Exxon,PILOT TRAVEL CENTERS LLC 103637 IW,HAMMOND IN (MOC) - 00DH,Reg RFG,-1,-1,-1,0,-1,0,-1,-1,-1,0,-1,-1,0,w4,-1,0,-1,-1,-1,-1,-1,-1,-1,-1,150,-1,100,-1,140,-1,-1,-1,-1,-1,w3,1,2015-08-20 00:00:00,-1,-1,-1,43422,-1,-1,-1,-1,-1,-1,-1,-1,-1,-1,-1,-1,-1,-1,-1,-1,2015-08-16 00:00:00,2015-08-16 00:00:00,2015-08-16 00:00:00,-1,-1,-1,-1,-1,-1,False,False,0,0,0,0,-1,-1,-1,-1,-1,-1,-1,-1.0,-1,0,0
2015-08-17,2015-08-17 00:00:00,Exxon,PILOT TRAVEL CENTERS LLC 103637 IW,HAMMOND IN (MOC) - 00DH,Reg RFG,-1,-1,-1,0,-1,0,-1,-1,-1,0,-1,-1,0,w4,-1,0,-1,-1,-1,-1,-1,-1,-1,-1,150,-1,100,-1,140,-1,-1,-1,-1,-1,w3,1,2015-08-20 00:00:00,-1,-1,-1,43422,-1,-1,-1,-1,-1,-1,-1,-1,-1,-1,-1,-1,-1,-1,-1,-1,2015-08-17 00:00:00,2015-08-17 00:00:00,2015-08-17 00:00:00,-1,-1,-1,-1,-1,-1,False,False,0,0,0,0,-1,-1,-1,-1,-1,-1,-1,-1.0,-1,0,0
2015-08-18,2015-08-18 00:00:00,Exxon,PILOT TRAVEL CENTERS LLC 103637 IW,HAMMOND IN (MOC) - 00DH,Reg RFG,-1,-1,-1,0,-1,0,-1,-1,-1,0,-1,-1,0,w4,-1,0,-1,-1,-1,-1,-1,-1,-1,-1,150,-1,100,-1,140,-1,-1,-1,-1,-1,w3,1,2015-08-20 00:00:00,-1,-1,-1,43422,-1,-1,-1,-1,-1,-1,-1,-1,-1,-1,-1,-1,-1,-1,-1,-1,2015-08-18 00:00:00,2015-08-18 00:00:00,2015-08-18 00:00:00,-1,-1,-1,-1,-1,-1,False,False,0,0,0,0,-1,-1,-1,-1,-1,-1,-1,-1.0,-1,0,0
2015-08-19,2015-08-19 00:00:00,Exxon,PILOT TRAVEL CENTERS LLC 103637 IW,HAMMOND IN (MOC) - 00DH,Reg RFG,-1,-1,-1,0,-1,0,-1,-1,-1,0,-1,-1,0,w4,-1,0,-1,-1,-1,-1,-1,-1,-1,-1,150,-1,100,-1,140,-1,-1,-1,-1,-1,w3,1,2015-08-20 00:00:00,-1,-1,-1,43422,-1,-1,-1,-1,-1,-1,-1,-1,-1,-1,-1,-1,-1,-1,-1,-1,2015-08-19 00:00:00,2015-08-19 00:00:00,2015-08-19 00:00:00,-1,-1,-1,-1,-1,-1,False,False,0,0,0,0,-1,-1,-1,-1,-1,-1,-1,-1.0,-1,0,0
2015-08-20,2015-08-20 00:00:00,Exxon,PILOT TRAVEL CENTERS LLC 103637 IW,HAMMOND IN (MOC) - 00DH,Reg RFG,-1,-1,-1,0,-1,0,-1,-1,-1,0,-1,-1,0,w4,-1,0,-1,-1,-1,-1,-1,-1,-1,-1,150,-1,100,-1,140,-1,-1,-1,-1,-1,w4,1,2015-08-27 00:00:00,-1,-1,-1,43422,-1,-1,-1,-1,-1,-1,-1,-1,-1,-1,-1,-1,-1,-1,-1,-1,2015-08-20 00:00:00,2015-08-20 00:00:00,2015-08-20 00:00:00,-1,-1,-1,-1,-1,-1,False,True,0,0,0,0,-1,-1,-1,-1,-1,-1,-1,-1.0,-1,0,0
2015-08-21,2015-08-21 00:00:00,Exxon,PILOT TRAVEL CENTERS LLC 103637 IW,HAMMOND IN (MOC) - 00DH,Reg RFG,-1,-1,-1,0,-1,0,-1,-1,-1,0,-1,-1,0,w4,-1,0,-1,-1,-1,-1,-1,-1,-1,-1,150,-1,100,-1,140,-1,-1,-1,-1,-1,w4,1,2015-08-27 00:00:00,-1,-1,-1,43422,-1,-1,-1,-1,-1,-1,-1,-1,-1,-1,-1,-1,-1,-1,-1,-1,2015-08-21 00:00:00,2015-08-21 00:00:00,2015-08-21 00:00:00,-1,-1,-1,-1,-1,-1,False,False,0,0,0,0,-1,-1,-1,-1,-1,-1,-1,-1.0,-1,0,0
2015-08-22,2015-08-22 00:00:00,Exxon,PILOT TRAVEL CENTERS LLC 103637 IW,HAMMOND IN (MOC) - 00DH,Reg RFG,-1,-1,-1,0,-1,0,-1,-1,-1,0,-1,-1,0,w4,-1,0,-1,-1,-1,-1,-1,-1,-1,-1,150,-1,100,-1,140,-1,-1,-1,-1,-1,w4,1,2015-08-27 00:00:00,-1,-1,-1,43422,-1,-1,-1,-1,-1,-1,-1,-1,-1,-1,-1,-1,-1,-1,-1,-1,2015-08-22 00:00:00,2015-08-22 00:00:00,2015-08-22 00:00:00,-1,-1,-1,-1,-1,-1,False,False,0,0,0,0,-1,-1,-1,-1,-1,-1,-1,-1.0,-1,0,0
2015-08-23,2015-08-23 00:00:00,Exxon,PILOT TRAVEL CENTERS LLC 103637 IW,HAMMOND IN (MOC) - 00DH,Reg RFG,-1,-1,-1,0,-1,0,-1,-1,-1,0,-1,-1,0,w4,-1,0,-1,-1,-1,-1,-1,-1,-1,-1,150,-1,100,-1,140,-1,-1,-1,-1,-1,w4,1,2015-08-27 00:00:00,-1,-1,-1,43422,-1,-1,-1,-1,-1,-1,-1,-1,-1,-1,-1,-1,-1,-1,-1,-1,2015-08-23 00:00:00,2015-08-23 00:00:00,2015-08-23 00:00:00,-1,-1,-1,-1,-1,-1,False,False,0,0,0,0,-1,-1,-1,-1,-1,-1,-1,-1.0,-1,0,0
2015-08-24,2015-08-24 00:00:00,Exxon,PILOT TRAVEL CENTERS LLC 103637 IW,HAMMOND IN (MOC) - 00DH,Reg RFG,-1,-1,-1,0,-1,0,-1,-1,-1,0,-1,-1,0,w4,-1,0,-1,-1,-1,-1,-1,-1,-1,-1,150,-1,100,-1,140,-1,-1,-1,-1,-1,w4,1,2015-08-27 00:00:00,-1,-1,-1,43422,-1,-1,-1,-1,-1,-1,-1,-1,-1,-1,-1,-1,-1,-1,-1,-1,2015-08-24 00:00:00,2015-08-24 00:00:00,2015-08-24 00:00:00,-1,-1,-1,-1,-1,-1,False,False,0,0,0,0,-1,-1,-1,-1,-1,-1,-1,-1.0,-1,0,0
2015-08-25,2015-08-25 00:00:00,Exxon,PILOT TRAVEL CENTERS LLC 103637 IW,HAMMOND IN (MOC) - 00DH,Reg RFG,-1,-1,-1,0,-1,0,-1,-1,-1,0,-1,-1,0,w4,-1,0,-1,-1,-1,-1,-1,-1,-1,-1,150,-1,100,-1,140,-1,-1,-1,-1,-1,w4,1,2015-08-27 00:00:00,-1,-1,-1,43422,-1,-1,-1,-1,-1,-1,-1,-1,-1,-1,-1,-1,-1,-1,-1,-1,2015-08-25 00:00:00,2015-08-25 00:00:00,2015-08-25 00:00:00,-1,-1,-1,-1,-1,-1,False,False,0,0,0,0,-1,-1,-1,-1,-1,-1,-1,-1.0,-1,0,0
2015-08-26,2015-08-26 00:00:00,Exxon,PILOT TRAVEL CENTERS LLC 103637 IW,HAMMOND IN (MOC) - 00DH,Reg RFG,-1,-1,-1,0,-1,0,-1,-1,-1,0,-1,-1,0,w4,-1,0,-1,-1,-1,-1,-1,-1,-1,-1,150,-1,100,-1,140,-1,-1,-1,-1,-1,w4,1,2015-08-27 00:00:00,-1,-1,-1,43422,-1,-1,-1,-1,-1,-1,-1,-1,-1,-1,-1,-1,-1,-1,-1,-1,2015-08-26 00:00:00,2015-08-26 00:00:00,2015-08-26 00:00:00,-1,-1,-1,-1,-1,-1,False,False,0,0,0,0,-1,-1,-1,-1,-1,-1,-1,-1.0,-1,0,0
2015-08-27,2015-08-27 00:00:00,Exxon,PILOT TRAVEL CENTERS LLC 103637 IW,HAMMOND IN (MOC) - 00DH,Reg RFG,-1,-1,-1,0,-1,0,-1,-1,-1,0,-1,-1,0,w4,-1,0,-1,-1,-1,-1,-1,-1,-1,-1,150,-1,100,-1,140,-1,-1,-1,-1,-1,w5,1,2015-09-03 00:00:00,-1,-1,-1,43422,-1,-1,-1,-1,-1,-1,-1,-1,-1,-1,-1,-1,-1,-1,-1,-1,2015-08-27 00:00:00,2015-08-27 00:00:00,2015-08-27 00:00:00,-1,-1,-1,-1,-1,-1,False,True,0,0,0,0,-1,-1,-1,-1,-1,-1,-1,-1.0,-1,0,0
2015-08-28,2015-08-28 00:00:00,Exxon,PILOT TRAVEL CENTERS LLC 103637 IW,HAMMOND IN (MOC) - 00DH,Reg RFG,-1,-1,-1,0,-1,0,-1,-1,-1,0,-1,-1,0,w4,-1,0,-1,-1,-1,-1,-1,-1,-1,-1,150,-1,100,-1,140,-1,-1,-1,-1,-1,w5,1,2015-09-03 00:00:00,-1,-1,-1,43422,-1,-1,-1,-1,-1,-1,-1,-1,-1,-1,-1,-1,-1,-1,-1,-1,2015-08-28 00:00:00,2015-08-28 00:00:00,2015-08-28 00:00:00,-1,-1,-1,-1,-1,-1,False,False,0,0,0,0,-1,-1,-1,-1,-1,-1,-1,-1.0,-1,0,0
2015-08-29,2015-08-29 00:00:00,Exxon,PILOT TRAVEL CENTERS LLC 103637 IW,HAMMOND IN (MOC) - 00DH,Reg RFG,-1,-1,-1,0,-1,0,-1,-1,-1,0,-1,-1,0,w4,-1,0,-1,-1,-1,-1,-1,-1,-1,-1,150,-1,100,-1,140,-1,-1,-1,-1,-1,w5,1,2015-09-03 00:00:00,-1,-1,-1,43422,-1,-1,-1,-1,-1,-1,-1,-1,-1,-1,-1,-1,-1,-1,-1,-1,2015-08-29 00:00:00,2015-08-29 00:00:00,2015-08-29 00:00:00,-1,-1,-1,-1,-1,-1,False,False,0,0,0,0,-1,-1,-1,-1,-1,-1,-1,-1.0,-1,0,0
2015-08-30,2015-08-30 00:00:00,Exxon,PILOT TRAVEL CENTERS LLC 103637 IW,HAMMOND IN (MOC) - 00DH,Reg RFG,-1,-1,-1,0,-1,0,-1,-1,-1,0,-1,-1,0,w4,-1,0,-1,-1,-1,-1,-1,-1,-1,-1,150,-1,100,-1,140,-1,-1,-1,-1,-1,w5,1,2015-09-03 00:00:00,-1,-1,-1,43422,-1,-1,-1,-1,-1,-1,-1,-1,-1,-1,-1,-1,-1,-1,-1,-1,2015-08-30 00:00:00,2015-08-30 00:00:00,2015-08-30 00:00:00,-1,-1,-1,-1,-1,-1,False,False,0,0,0,0,-1,-1,-1,-1,-1,-1,-1,-1.0,-1,0,0
2015-08-31,2015-08-31 00:00:00,Exxon,PILOT TRAVEL CENTERS LLC 103637 IW,HAMMOND IN (MOC) - 00DH,Reg RFG,-1,-1,-1,0,-1,0,-1,-1,-1,0,-1,-1,0,w4,-1,0,-1,-1,-1,-1,-1,-1,-1,-1,150,-1,100,-1,140,-1,-1,-1,-1,-1,w5,1,2015-09-03 00:00:00,-1,-1,-1,43422,-1,-1,-1,-1,-1,-1,-1,-1,-1,-1,-1,-1,-1,-1,-1,-1,2015-08-31 00:00:00,2015-08-31 00:00:00,2015-08-31 00:00:00,-1,-1,-1,-1,-1,-1,False,False,0,0,0,0,-1,-1,-1,-1,-1,-1,-1,-1.0,-1,0,0
