,date,supplier_name,account_type,supplier_terminal_name,product_name,base_gallons_Daily,base_gallons_Monthly,base_gallons_Weekly,lifted_gallons_daily_flag,lifted_gallons_daily_modified,Modified_WeeksByLiftedGallons,lifted_gallons_modified_WeeksByLiftedGallons,lifted_gallons_Daily,Lifted_actual_monthly,lifted_gallons_monthly_flag,lifted_gallons_Monthly,Lifted_actual_weekly,lifted_gallons_weekly_flag,WeeksByLiftedGallons,lifted_gallonsWeekly_modified_aposteriori,Modified_LiftedGallonsaposteriori,lifted_gallons_Weekly,beginning_gallons_Daily,beginning_gallons_Monthly,beginning_gallons_Weekly,en_allocation_status_Daily,en_allocation_status_Monthly,en_allocation_status_Weekly,percentage_allocation_Daily_actual,percentage_allocation_Daily,percentage_allocation_Monthly_actual,percentage_allocation_Monthly,percentage_allocation_Weekly_actual,percentage_allocation_Weekly,alerts_ratability_Daily,alerts_ratability_Monthly,alerts_ratability_Weekly,next_refresh_date_Daily,next_refresh_date_Monthly,Week_switch,Modified_NRD,next_refresh_date_Weekly,en_account_type_Daily,en_account_type_Monthly,en_account_type_Weekly,NRB_Daily,next_refresh_base_gallons_Daily,NRB_Monthly,next_refresh_base_gallons_Monthly,next_refresh_base_gallons_Weekly,remaining_gallons_Daily,remaining_gallons_Monthly,remaining_gallons_Weekly,additional_gallons_allowed_Daily,additional_gallons_allowed_Monthly,additional_gallons_allowed_Weekly,additional_gallons_remaining_Daily,additional_gallons_remaining_Monthly,additional_gallons_remaining_Weekly,staging_id_Daily,staging_id_Monthly,staging_id_Weekly,execution_date_Daily,execution_date_Monthly,execution_date_Weekly,base_gallons_Daily_Reconciled,base_gallons_Monthly_Reconciled,base_gallons_Weekly_Reconciled,beginning_gallons_Daily_Reconciled,beginning_gallons_Monthly_Reconciled,beginning_gallons_Weekly_Reconciled,sanityWeekly_CumulativeDaily_WeeksByLiftedGallons,sanityWeekly_CumulativeDaily_NextRefreshDate,computedWeekly,sanityComputedWeekly,computedMonthly,sanityComputedMonthly,remaining_gallons_Daily_Reconciled,remaining_gallons_Monthly_Reconciled,remaining_gallons_Weekly_Reconciled,additional_gallons_remaining_Daily_Reconciled,additional_gallons_remaining_Monthly_Reconciled,additional_gallons_remaining_Weekly_Reconciled,Ratability_Monthly,Ratability_Daily,Ratability_Weekly,sanityMonthly_CumulativeDaily_WeeksByLiftedGallons,sanityMonthly_CumulativeDaily_WeeksByNextRefreshDate
2015-08-01,2015-08-01 00:00:00,Exxon,PILOT TRAVEL CENTERS LLC 103637 IW,BATON ROUGE LA (MOC) - 00CE,Prem CG DS,660,-1,4622,3,1200,0,1200,1200,-1,0,-1,2400,0,w1,1200,0,2400,990,-1,6471,Out,-1,Out,150%,150,-1,100,140%,140,Above Trend,-1,On Track,08/02 00:00:00 CDT,-1,w1,0,2015-08-06 00:00:00,Contract,-1,Contract,660,660,-1,-1,4622,-210,-1,4071,0,-1,0,0,-1,0,1273459,-1,1273460,2015-08-01 23:50:09,-1,2015-08-01 23:50:09,600,-1,4600,990,-1,6470,True,True,1200,False,0,0,-210,-1,4071,-1,-1,-1,-1,267.0,0,0,0
2015-08-02,2015-08-02 00:00:00,Exxon,PILOT TRAVEL CENTERS LLC 103637 IW,BATON ROUGE LA (MOC) - 00CE,Prem CG DS,660,-1,4622,3,1200,0,1200,1200,-1,0,-1,3600,0,w1,1200,0,3600,990,-1,6471,Out,-1,Out,150%,150,-1,100,140%,140,Above Trend,-1,On Track,08/03 00:00:00 CDT,-1,w1,0,2015-08-06 00:00:00,Contract,-1,Contract,660,660,-1,-1,4622,-210,-1,2871,0,-1,0,0,-1,0,1303418,-1,1303419,2015-08-02 23:52:23,-1,2015-08-02 23:52:23,600,-1,4600,990,-1,6470,True,True,2400,False,0,0,-210,-1,2871,-1,-1,-1,-1,267.0,0,0,0
2015-08-03,2015-08-03 00:00:00,Exxon,PILOT TRAVEL CENTERS LLC 103637 IW,BATON ROUGE LA (MOC) - 00CE,Prem CG DS,660,-1,4622,3,0,0,0,0,-1,0,-1,3600,0,w1,0,0,3600,990,-1,6471,Available,-1,Available,150%,150,-1,100,140%,140,Below Trend,-1,Below Trend,08/04 00:00:00 CDT,-1,w1,0,2015-08-06 00:00:00,Contract,-1,Contract,660,660,-1,-1,4622,990,-1,2871,0,-1,0,0,-1,0,1332737,-1,1332738,2015-08-03 23:49:56,-1,2015-08-03 23:49:56,600,-1,4600,990,-1,6470,True,True,2400,False,0,0,990,-1,2871,-1,-1,-1,-1,0.0,0,0,0
2015-08-04,2015-08-04 00:00:00,Exxon,PILOT TRAVEL CENTERS LLC 103637 IW,BATON ROUGE LA (MOC) - 00CE,Prem CG DS,660,-1,4622,3,2400,0,2400,2400,-1,0,-1,6000,0,w1,2400,0,6000,990,-1,6471,Out,-1,Out,150%,150,-1,100,140%,140,Above Trend,-1,On Track,08/05 00:00:00 CDT,-1,w1,0,2015-08-06 00:00:00,Contract,-1,Contract,660,660,-1,-1,4622,-210,-1,1671,1200,-1,1200,0,-1,0,1362920,-1,1362921,2015-08-04 23:49:58,-1,2015-08-04 23:49:58,600,-1,4600,990,-1,6470,True,True,4800,False,0,0,-1410,-1,471,1200,-1,-1,-1,533.0,0,0,0
2015-08-05,2015-08-05 00:00:00,Exxon,PILOT TRAVEL CENTERS LLC 103637 IW,BATON ROUGE LA (MOC) - 00CE,Prem CG DS,660,-1,4622,0,0,0,0,0,-1,0,-1,6000,0,w1,0,0,6000,990,-1,6471,Available,-1,Available,150%,150,-1,100,140%,140,Below Trend,-1,On Track,08/06 00:00:00 CDT,-1,w1,0,2015-08-06 00:00:00,Contract,-1,Contract,660,660,-1,-1,4622,990,-1,1671,0,-1,0,0,-1,0,1394086,-1,1394087,2015-08-05 23:52:34,-1,2015-08-05 23:52:34,600,-1,4600,990,-1,6470,True,True,4800,False,0,0,990,-1,471,-1,-1,-1,-1,0.0,100,0,0
2015-08-06,2015-08-06 00:00:00,Exxon,PILOT TRAVEL CENTERS LLC 103637 IW,BATON ROUGE LA (MOC) - 00CE,Prem CG DS,660,-1,4622,3,1200,0,1200,1200,-1,0,-1,1200,0,w2,1200,0,1200,990,-1,6471,Out,-1,Out,150%,150,-1,100,140%,140,Above Trend,-1,Above Trend,08/07 00:00:00 CDT,-1,w2,0,2015-08-13 00:00:00,Contract,-1,Contract,660,660,-1,-1,4622,-210,-1,5271,0,-1,0,0,-1,0,1428277,-1,1428278,2015-08-06 23:50:02,-1,2015-08-06 23:50:02,600,-1,4600,990,-1,6470,True,True,1200,True,0,0,-210,-1,5271,-1,-1,-1,-1,267.0,0,0,0
2015-08-07,2015-08-07 00:00:00,Exxon,PILOT TRAVEL CENTERS LLC 103637 IW,BATON ROUGE LA (MOC) - 00CE,Prem CG DS,660,-1,4622,3,0,0,0,0,-1,0,-1,1200,0,w2,0,0,1200,990,-1,6471,Available,-1,Available,150%,150,-1,100,140%,140,Below Trend,-1,Below Trend,08/08 00:00:00 CDT,-1,w2,0,2015-08-13 00:00:00,Contract,-1,Contract,660,660,-1,-1,4622,990,-1,5271,0,-1,0,0,-1,0,1462789,-1,1462790,2015-08-07 23:50:58,-1,2015-08-07 23:50:58,600,-1,4600,990,-1,6470,True,True,1200,True,0,0,990,-1,5271,-1,-1,-1,-1,0.0,0,0,0
2015-08-08,2015-08-08 00:00:00,Exxon,PILOT TRAVEL CENTERS LLC 103637 IW,BATON ROUGE LA (MOC) - 00CE,Prem CG DS,660,-1,4622,3,0,0,0,0,-1,0,-1,1200,0,w2,0,0,1200,990,-1,6471,Available,-1,Available,150%,150,-1,100,140%,140,Below Trend,-1,Below Trend,08/09 00:00:00 CDT,-1,w2,0,2015-08-13 00:00:00,Contract,-1,Contract,660,660,-1,-1,4622,990,-1,5271,0,-1,0,0,-1,0,1497078,-1,1497079,2015-08-08 23:50:03,-1,2015-08-08 23:50:03,600,-1,4600,990,-1,6470,True,True,1200,True,0,0,990,-1,5271,-1,-1,-1,-1,0.0,0,0,0
2015-08-09,2015-08-09 00:00:00,Exxon,PILOT TRAVEL CENTERS LLC 103637 IW,BATON ROUGE LA (MOC) - 00CE,Prem CG DS,660,-1,4622,3,0,0,0,0,-1,0,-1,1200,0,w2,0,0,1200,990,-1,6471,Available,-1,Available,150%,150,-1,100,140%,140,Below Trend,-1,Below Trend,08/10 00:00:00 CDT,-1,w2,0,2015-08-13 00:00:00,Contract,-1,Contract,660,660,-1,-1,4622,990,-1,5271,0,-1,0,0,-1,0,1530763,-1,1530764,2015-08-09 23:50:59,-1,2015-08-09 23:50:59,600,-1,4600,990,-1,6470,True,True,1200,True,0,0,990,-1,5271,-1,-1,-1,-1,0.0,0,0,0
2015-08-10,2015-08-10 00:00:00,Exxon,PILOT TRAVEL CENTERS LLC 103637 IW,BATON ROUGE LA (MOC) - 00CE,Prem CG DS,660,-1,4622,3,1200,0,1200,1200,-1,0,-1,2400,0,w2,1200,0,2400,990,-1,6471,Out,-1,Out,150%,150,-1,100,140%,140,Above Trend,-1,Below Trend,08/11 00:00:00 CDT,-1,w2,0,2015-08-13 00:00:00,Contract,-1,Contract,660,660,-1,-1,4622,-210,-1,4071,0,-1,0,0,-1,0,1563870,-1,1563871,2015-08-10 23:51:07,-1,2015-08-10 23:51:07,600,-1,4600,990,-1,6470,True,True,2400,True,0,0,-210,-1,4071,-1,-1,-1,-1,267.0,0,0,0
2015-08-11,2015-08-11 00:00:00,Exxon,PILOT TRAVEL CENTERS LLC 103637 IW,BATON ROUGE LA (MOC) - 00CE,Prem CG DS,660,-1,4622,3,1200,0,1200,1200,-1,0,-1,3600,0,w2,1200,0,3600,990,-1,6471,Out,-1,Out,150%,150,-1,100,140%,140,Above Trend,-1,Below Trend,08/12 00:00:00 CDT,-1,w2,0,2015-08-13 00:00:00,Contract,-1,Contract,660,660,-1,-1,4622,-210,-1,2871,0,-1,0,0,-1,0,1595610,-1,1595611,2015-08-11 23:49:02,-1,2015-08-11 23:49:02,600,-1,4600,990,-1,6470,True,True,3600,True,0,0,-210,-1,2871,-1,-1,-1,-1,267.0,0,0,0
2015-08-12,2015-08-12 00:00:00,Exxon,PILOT TRAVEL CENTERS LLC 103637 IW,BATON ROUGE LA (MOC) - 00CE,Prem CG DS,660,-1,4622,0,1200,0,1200,1200,-1,0,-1,4800,0,w2,1200,0,4800,990,-1,6471,Out,-1,Out,150%,150,-1,100,140%,140,Above Trend,-1,Below Trend,08/13 00:00:00 CDT,-1,w2,0,2015-08-13 00:00:00,Contract,-1,Contract,660,660,-1,-1,4622,-210,-1,1671,0,-1,0,0,-1,0,1636115,-1,1636116,2015-08-12 23:51:12,-1,2015-08-12 23:51:12,600,-1,4600,990,-1,6470,True,True,4800,True,0,0,-210,-1,1671,-1,-1,-1,-1,267.0,100,0,0
2015-08-13,2015-08-13 00:00:00,Exxon,PILOT TRAVEL CENTERS LLC 103637 IW,BATON ROUGE LA (MOC) - 00CE,Prem CG DS,660,-1,4622,0,0,0,0,0,-1,0,-1,0,0,w3,0,0,0,990,-1,6471,Available,-1,Available,150%,150,-1,100,140%,140,Below Trend,-1,Below Trend,08/14 00:00:00 CDT,-1,w3,0,2015-08-20 00:00:00,Contract,-1,Contract,660,660,-1,-1,4622,990,-1,6471,0,-1,0,0,-1,0,1648139,-1,1648140,2015-08-13 08:51:04,-1,2015-08-13 08:51:04,600,-1,4600,990,-1,6470,True,True,0,0,0,0,990,-1,6471,-1,-1,-1,-1,0.0,0,0,0
2015-08-14,2015-08-14 00:00:00,Exxon,PILOT TRAVEL CENTERS LLC 103637 IW,BATON ROUGE LA (MOC) - 00CE,Prem CG DS,-1,-1,-1,0,-1,0,-1,-1,-1,0,-1,-1,0,w4,-1,0,-1,-1,-1,-1,-1,-1,-1,-1,150,-1,100,-1,140,-1,-1,-1,-1,-1,w3,1,2015-08-20 00:00:00,-1,-1,-1,660,-1,-1,-1,-1,-1,-1,-1,-1,-1,-1,-1,-1,-1,-1,-1,-1,2015-08-14 00:00:00,2015-08-14 00:00:00,2015-08-14 00:00:00,600,-1,4600,990,-1,6470,True,True,0,0,0,0,-1,-1,-1,-1,-1,-1,-1,-1.0,-1,0,0
2015-08-15,2015-08-15 00:00:00,Exxon,PILOT TRAVEL CENTERS LLC 103637 IW,BATON ROUGE LA (MOC) - 00CE,Prem CG DS,-1,-1,-1,0,-1,0,-1,-1,-1,0,-1,-1,0,w4,-1,0,-1,-1,-1,-1,-1,-1,-1,-1,150,-1,100,-1,140,-1,-1,-1,-1,-1,w3,1,2015-08-20 00:00:00,-1,-1,-1,660,-1,-1,-1,-1,-1,-1,-1,-1,-1,-1,-1,-1,-1,-1,-1,-1,2015-08-15 00:00:00,2015-08-15 00:00:00,2015-08-15 00:00:00,-1,-1,-1,-1,-1,-1,False,False,0,0,0,0,-1,-1,-1,-1,-1,-1,-1,-1.0,-1,0,0
2015-08-16,2015-08-16 00:00:00,Exxon,PILOT TRAVEL CENTERS LLC 103637 IW,BATON ROUGE LA (MOC) - 00CE,Prem CG DS,-1,-1,-1,0,-1,0,-1,-1,-1,0,-1,-1,0,w4,-1,0,-1,-1,-1,-1,-1,-1,-1,-1,150,-1,100,-1,140,-1,-1,-1,-1,-1,w3,1,2015-08-20 00:00:00,-1,-1,-1,660,-1,-1,-1,-1,-1,-1,-1,-1,-1,-1,-1,-1,-1,-1,-1,-1,2015-08-16 00:00:00,2015-08-16 00:00:00,2015-08-16 00:00:00,-1,-1,-1,-1,-1,-1,False,False,0,0,0,0,-1,-1,-1,-1,-1,-1,-1,-1.0,-1,0,0
2015-08-17,2015-08-17 00:00:00,Exxon,PILOT TRAVEL CENTERS LLC 103637 IW,BATON ROUGE LA (MOC) - 00CE,Prem CG DS,-1,-1,-1,0,-1,0,-1,-1,-1,0,-1,-1,0,w4,-1,0,-1,-1,-1,-1,-1,-1,-1,-1,150,-1,100,-1,140,-1,-1,-1,-1,-1,w3,1,2015-08-20 00:00:00,-1,-1,-1,660,-1,-1,-1,-1,-1,-1,-1,-1,-1,-1,-1,-1,-1,-1,-1,-1,2015-08-17 00:00:00,2015-08-17 00:00:00,2015-08-17 00:00:00,-1,-1,-1,-1,-1,-1,False,False,0,0,0,0,-1,-1,-1,-1,-1,-1,-1,-1.0,-1,0,0
2015-08-18,2015-08-18 00:00:00,Exxon,PILOT TRAVEL CENTERS LLC 103637 IW,BATON ROUGE LA (MOC) - 00CE,Prem CG DS,-1,-1,-1,0,-1,0,-1,-1,-1,0,-1,-1,0,w4,-1,0,-1,-1,-1,-1,-1,-1,-1,-1,150,-1,100,-1,140,-1,-1,-1,-1,-1,w3,1,2015-08-20 00:00:00,-1,-1,-1,660,-1,-1,-1,-1,-1,-1,-1,-1,-1,-1,-1,-1,-1,-1,-1,-1,2015-08-18 00:00:00,2015-08-18 00:00:00,2015-08-18 00:00:00,-1,-1,-1,-1,-1,-1,False,False,0,0,0,0,-1,-1,-1,-1,-1,-1,-1,-1.0,-1,0,0
2015-08-19,2015-08-19 00:00:00,Exxon,PILOT TRAVEL CENTERS LLC 103637 IW,BATON ROUGE LA (MOC) - 00CE,Prem CG DS,-1,-1,-1,0,-1,0,-1,-1,-1,0,-1,-1,0,w4,-1,0,-1,-1,-1,-1,-1,-1,-1,-1,150,-1,100,-1,140,-1,-1,-1,-1,-1,w3,1,2015-08-20 00:00:00,-1,-1,-1,660,-1,-1,-1,-1,-1,-1,-1,-1,-1,-1,-1,-1,-1,-1,-1,-1,2015-08-19 00:00:00,2015-08-19 00:00:00,2015-08-19 00:00:00,-1,-1,-1,-1,-1,-1,False,False,0,0,0,0,-1,-1,-1,-1,-1,-1,-1,-1.0,-1,0,0
2015-08-20,2015-08-20 00:00:00,Exxon,PILOT TRAVEL CENTERS LLC 103637 IW,BATON ROUGE LA (MOC) - 00CE,Prem CG DS,-1,-1,-1,0,-1,0,-1,-1,-1,0,-1,-1,0,w4,-1,0,-1,-1,-1,-1,-1,-1,-1,-1,150,-1,100,-1,140,-1,-1,-1,-1,-1,w4,1,2015-08-27 00:00:00,-1,-1,-1,660,-1,-1,-1,-1,-1,-1,-1,-1,-1,-1,-1,-1,-1,-1,-1,-1,2015-08-20 00:00:00,2015-08-20 00:00:00,2015-08-20 00:00:00,-1,-1,-1,-1,-1,-1,False,True,0,0,0,0,-1,-1,-1,-1,-1,-1,-1,-1.0,-1,0,0
2015-08-21,2015-08-21 00:00:00,Exxon,PILOT TRAVEL CENTERS LLC 103637 IW,BATON ROUGE LA (MOC) - 00CE,Prem CG DS,-1,-1,-1,0,-1,0,-1,-1,-1,0,-1,-1,0,w4,-1,0,-1,-1,-1,-1,-1,-1,-1,-1,150,-1,100,-1,140,-1,-1,-1,-1,-1,w4,1,2015-08-27 00:00:00,-1,-1,-1,660,-1,-1,-1,-1,-1,-1,-1,-1,-1,-1,-1,-1,-1,-1,-1,-1,2015-08-21 00:00:00,2015-08-21 00:00:00,2015-08-21 00:00:00,-1,-1,-1,-1,-1,-1,False,False,0,0,0,0,-1,-1,-1,-1,-1,-1,-1,-1.0,-1,0,0
2015-08-22,2015-08-22 00:00:00,Exxon,PILOT TRAVEL CENTERS LLC 103637 IW,BATON ROUGE LA (MOC) - 00CE,Prem CG DS,-1,-1,-1,0,-1,0,-1,-1,-1,0,-1,-1,0,w4,-1,0,-1,-1,-1,-1,-1,-1,-1,-1,150,-1,100,-1,140,-1,-1,-1,-1,-1,w4,1,2015-08-27 00:00:00,-1,-1,-1,660,-1,-1,-1,-1,-1,-1,-1,-1,-1,-1,-1,-1,-1,-1,-1,-1,2015-08-22 00:00:00,2015-08-22 00:00:00,2015-08-22 00:00:00,-1,-1,-1,-1,-1,-1,False,False,0,0,0,0,-1,-1,-1,-1,-1,-1,-1,-1.0,-1,0,0
2015-08-23,2015-08-23 00:00:00,Exxon,PILOT TRAVEL CENTERS LLC 103637 IW,BATON ROUGE LA (MOC) - 00CE,Prem CG DS,-1,-1,-1,0,-1,0,-1,-1,-1,0,-1,-1,0,w4,-1,0,-1,-1,-1,-1,-1,-1,-1,-1,150,-1,100,-1,140,-1,-1,-1,-1,-1,w4,1,2015-08-27 00:00:00,-1,-1,-1,660,-1,-1,-1,-1,-1,-1,-1,-1,-1,-1,-1,-1,-1,-1,-1,-1,2015-08-23 00:00:00,2015-08-23 00:00:00,2015-08-23 00:00:00,-1,-1,-1,-1,-1,-1,False,False,0,0,0,0,-1,-1,-1,-1,-1,-1,-1,-1.0,-1,0,0
2015-08-24,2015-08-24 00:00:00,Exxon,PILOT TRAVEL CENTERS LLC 103637 IW,BATON ROUGE LA (MOC) - 00CE,Prem CG DS,-1,-1,-1,0,-1,0,-1,-1,-1,0,-1,-1,0,w4,-1,0,-1,-1,-1,-1,-1,-1,-1,-1,150,-1,100,-1,140,-1,-1,-1,-1,-1,w4,1,2015-08-27 00:00:00,-1,-1,-1,660,-1,-1,-1,-1,-1,-1,-1,-1,-1,-1,-1,-1,-1,-1,-1,-1,2015-08-24 00:00:00,2015-08-24 00:00:00,2015-08-24 00:00:00,-1,-1,-1,-1,-1,-1,False,False,0,0,0,0,-1,-1,-1,-1,-1,-1,-1,-1.0,-1,0,0
2015-08-25,2015-08-25 00:00:00,Exxon,PILOT TRAVEL CENTERS LLC 103637 IW,BATON ROUGE LA (MOC) - 00CE,Prem CG DS,-1,-1,-1,0,-1,0,-1,-1,-1,0,-1,-1,0,w4,-1,0,-1,-1,-1,-1,-1,-1,-1,-1,150,-1,100,-1,140,-1,-1,-1,-1,-1,w4,1,2015-08-27 00:00:00,-1,-1,-1,660,-1,-1,-1,-1,-1,-1,-1,-1,-1,-1,-1,-1,-1,-1,-1,-1,2015-08-25 00:00:00,2015-08-25 00:00:00,2015-08-25 00:00:00,-1,-1,-1,-1,-1,-1,False,False,0,0,0,0,-1,-1,-1,-1,-1,-1,-1,-1.0,-1,0,0
2015-08-26,2015-08-26 00:00:00,Exxon,PILOT TRAVEL CENTERS LLC 103637 IW,BATON ROUGE LA (MOC) - 00CE,Prem CG DS,-1,-1,-1,0,-1,0,-1,-1,-1,0,-1,-1,0,w4,-1,0,-1,-1,-1,-1,-1,-1,-1,-1,150,-1,100,-1,140,-1,-1,-1,-1,-1,w4,1,2015-08-27 00:00:00,-1,-1,-1,660,-1,-1,-1,-1,-1,-1,-1,-1,-1,-1,-1,-1,-1,-1,-1,-1,2015-08-26 00:00:00,2015-08-26 00:00:00,2015-08-26 00:00:00,-1,-1,-1,-1,-1,-1,False,False,0,0,0,0,-1,-1,-1,-1,-1,-1,-1,-1.0,-1,0,0
2015-08-27,2015-08-27 00:00:00,Exxon,PILOT TRAVEL CENTERS LLC 103637 IW,BATON ROUGE LA (MOC) - 00CE,Prem CG DS,-1,-1,-1,0,-1,0,-1,-1,-1,0,-1,-1,0,w4,-1,0,-1,-1,-1,-1,-1,-1,-1,-1,150,-1,100,-1,140,-1,-1,-1,-1,-1,w5,1,2015-09-03 00:00:00,-1,-1,-1,660,-1,-1,-1,-1,-1,-1,-1,-1,-1,-1,-1,-1,-1,-1,-1,-1,2015-08-27 00:00:00,2015-08-27 00:00:00,2015-08-27 00:00:00,-1,-1,-1,-1,-1,-1,False,True,0,0,0,0,-1,-1,-1,-1,-1,-1,-1,-1.0,-1,0,0
2015-08-28,2015-08-28 00:00:00,Exxon,PILOT TRAVEL CENTERS LLC 103637 IW,BATON ROUGE LA (MOC) - 00CE,Prem CG DS,-1,-1,-1,0,-1,0,-1,-1,-1,0,-1,-1,0,w4,-1,0,-1,-1,-1,-1,-1,-1,-1,-1,150,-1,100,-1,140,-1,-1,-1,-1,-1,w5,1,2015-09-03 00:00:00,-1,-1,-1,660,-1,-1,-1,-1,-1,-1,-1,-1,-1,-1,-1,-1,-1,-1,-1,-1,2015-08-28 00:00:00,2015-08-28 00:00:00,2015-08-28 00:00:00,-1,-1,-1,-1,-1,-1,False,False,0,0,0,0,-1,-1,-1,-1,-1,-1,-1,-1.0,-1,0,0
2015-08-29,2015-08-29 00:00:00,Exxon,PILOT TRAVEL CENTERS LLC 103637 IW,BATON ROUGE LA (MOC) - 00CE,Prem CG DS,-1,-1,-1,0,-1,0,-1,-1,-1,0,-1,-1,0,w4,-1,0,-1,-1,-1,-1,-1,-1,-1,-1,150,-1,100,-1,140,-1,-1,-1,-1,-1,w5,1,2015-09-03 00:00:00,-1,-1,-1,660,-1,-1,-1,-1,-1,-1,-1,-1,-1,-1,-1,-1,-1,-1,-1,-1,2015-08-29 00:00:00,2015-08-29 00:00:00,2015-08-29 00:00:00,-1,-1,-1,-1,-1,-1,False,False,0,0,0,0,-1,-1,-1,-1,-1,-1,-1,-1.0,-1,0,0
2015-08-30,2015-08-30 00:00:00,Exxon,PILOT TRAVEL CENTERS LLC 103637 IW,BATON ROUGE LA (MOC) - 00CE,Prem CG DS,-1,-1,-1,0,-1,0,-1,-1,-1,0,-1,-1,0,w4,-1,0,-1,-1,-1,-1,-1,-1,-1,-1,150,-1,100,-1,140,-1,-1,-1,-1,-1,w5,1,2015-09-03 00:00:00,-1,-1,-1,660,-1,-1,-1,-1,-1,-1,-1,-1,-1,-1,-1,-1,-1,-1,-1,-1,2015-08-30 00:00:00,2015-08-30 00:00:00,2015-08-30 00:00:00,-1,-1,-1,-1,-1,-1,False,False,0,0,0,0,-1,-1,-1,-1,-1,-1,-1,-1.0,-1,0,0
2015-08-31,2015-08-31 00:00:00,Exxon,PILOT TRAVEL CENTERS LLC 103637 IW,BATON ROUGE LA (MOC) - 00CE,Prem CG DS,-1,-1,-1,0,-1,0,-1,-1,-1,0,-1,-1,0,w4,-1,0,-1,-1,-1,-1,-1,-1,-1,-1,150,-1,100,-1,140,-1,-1,-1,-1,-1,w5,1,2015-09-03 00:00:00,-1,-1,-1,660,-1,-1,-1,-1,-1,-1,-1,-1,-1,-1,-1,-1,-1,-1,-1,-1,2015-08-31 00:00:00,2015-08-31 00:00:00,2015-08-31 00:00:00,-1,-1,-1,-1,-1,-1,False,False,0,0,0,0,-1,-1,-1,-1,-1,-1,-1,-1.0,-1,0,0
