,date,supplier_name,account_type,supplier_terminal_name,product_name,base_gallons_Daily,base_gallons_Monthly,base_gallons_Weekly,lifted_gallons_daily_flag,lifted_gallons_daily_modified,Modified_WeeksByLiftedGallons,lifted_gallons_modified_WeeksByLiftedGallons,lifted_gallons_Daily,Lifted_actual_monthly,lifted_gallons_monthly_flag,lifted_gallons_Monthly,Lifted_actual_weekly,lifted_gallons_weekly_flag,WeeksByLiftedGallons,lifted_gallonsWeekly_modified_aposteriori,Modified_LiftedGallonsaposteriori,lifted_gallons_Weekly,beginning_gallons_Daily,beginning_gallons_Monthly,beginning_gallons_Weekly,en_allocation_status_Daily,en_allocation_status_Monthly,en_allocation_status_Weekly,percentage_allocation_Daily_actual,percentage_allocation_Daily,percentage_allocation_Monthly_actual,percentage_allocation_Monthly,percentage_allocation_Weekly_actual,percentage_allocation_Weekly,alerts_ratability_Daily,alerts_ratability_Monthly,alerts_ratability_Weekly,next_refresh_date_Daily,next_refresh_date_Monthly,Week_switch,Modified_NRD,next_refresh_date_Weekly,en_account_type_Daily,en_account_type_Monthly,en_account_type_Weekly,NRB_Daily,next_refresh_base_gallons_Daily,NRB_Monthly,next_refresh_base_gallons_Monthly,next_refresh_base_gallons_Weekly,remaining_gallons_Daily,remaining_gallons_Monthly,remaining_gallons_Weekly,additional_gallons_allowed_Daily,additional_gallons_allowed_Monthly,additional_gallons_allowed_Weekly,additional_gallons_remaining_Daily,additional_gallons_remaining_Monthly,additional_gallons_remaining_Weekly,staging_id_Daily,staging_id_Monthly,staging_id_Weekly,execution_date_Daily,execution_date_Monthly,execution_date_Weekly,base_gallons_Daily_Reconciled,base_gallons_Monthly_Reconciled,base_gallons_Weekly_Reconciled,beginning_gallons_Daily_Reconciled,beginning_gallons_Monthly_Reconciled,beginning_gallons_Weekly_Reconciled,sanityWeekly_CumulativeDaily_WeeksByLiftedGallons,sanityWeekly_CumulativeDaily_NextRefreshDate,computedWeekly,sanityComputedWeekly,computedMonthly,sanityComputedMonthly,remaining_gallons_Daily_Reconciled,remaining_gallons_Monthly_Reconciled,remaining_gallons_Weekly_Reconciled,additional_gallons_remaining_Daily_Reconciled,additional_gallons_remaining_Monthly_Reconciled,additional_gallons_remaining_Weekly_Reconciled,Ratability_Monthly,Ratability_Daily,Ratability_Weekly,sanityMonthly_CumulativeDaily_WeeksByLiftedGallons,sanityMonthly_CumulativeDaily_WeeksByNextRefreshDate
2015-08-01,2015-08-01 00:00:00,Exxon,PILOT TRAVEL CENTERS LLC 103637 IW,COLTON CA KM TP - 00WM,Regular RFG,12017,372536,84121,1,12312,0,12312,12312,12312,0,12312,12312,1,w1,12312,0,12312,12017,372536,84121,Out,Out,Out,100%,100,100%,100,100%,100,On Track,On Track,Below Trend,08/02 00:00:00 PDT,09/01 00:00:00 PDT,w1,0,2015-08-06 00:00:00,Contract,Contract,Contract,12017,12017,372536,372536,84121,-295,360224,71809,0,0,0,0,0,0,1273468,1273470,1273469,2015-08-01 23:50:09,2015-08-01 23:50:09,2015-08-01 23:50:09,12000,372500,84100,12017,372536,84121,True,True,12312,True,0,0,-295,360224,71809,-1,-1,-1,102.0,133.0,0,1,1
2015-08-02,2015-08-02 00:00:00,Exxon,PILOT TRAVEL CENTERS LLC 103637 IW,COLTON CA KM TP - 00WM,Regular RFG,12017,372536,84121,1,15797,0,15797,15797,28109,0,28109,28109,1,w1,15797,0,28109,12017,372536,84121,Out,Out,Out,100%,100,100%,100,100%,100,Above Trend,Above Trend,Below Trend,08/03 00:00:00 PDT,09/01 00:00:00 PDT,w1,0,2015-08-06 00:00:00,Contract,Contract,Contract,12017,12017,372536,372536,84121,-3780,344427,56012,0,0,0,0,0,0,1303427,1303429,1303428,2015-08-02 23:52:23,2015-08-02 23:52:23,2015-08-02 23:52:23,12000,372500,84100,12017,372536,84121,True,True,28109,True,0,0,-3780,344427,56012,-1,-1,-1,117.0,133.0,0,1,1
2015-08-03,2015-08-03 00:00:00,Exxon,PILOT TRAVEL CENTERS LLC 103637 IW,COLTON CA KM TP - 00WM,Regular RFG,12017,372536,84121,1,16104,0,16104,16104,44213,0,44213,44213,1,w1,16104,0,44213,12017,372536,84121,Out,Out,Out,100%,100,100%,100,100%,100,Above Trend,Above Trend,Below Trend,08/04 00:00:00 PDT,09/01 00:00:00 PDT,w1,0,2015-08-06 00:00:00,Contract,Contract,Contract,12017,12017,372536,372536,84121,-4087,328323,39908,0,0,0,0,0,0,1332746,1332748,1332747,2015-08-03 23:49:56,2015-08-03 23:49:56,2015-08-03 23:49:56,12000,372500,84100,12017,372536,84121,True,True,44213,True,0,0,-4087,328323,39908,-1,-1,-1,123.0,133.0,0,1,1
2015-08-04,2015-08-04 00:00:00,Exxon,PILOT TRAVEL CENTERS LLC 103637 IW,COLTON CA KM TP - 00WM,Regular RFG,12017,372536,84121,1,14400,0,14400,14400,58613,0,58613,58613,1,w1,14400,0,58613,12017,372536,84121,Out,Out,Out,100%,100,100%,100,100%,100,Above Trend,Above Trend,On Track,08/05 00:00:00 PDT,09/01 00:00:00 PDT,w1,0,2015-08-06 00:00:00,Contract,Contract,Contract,12017,12017,372536,372536,84121,-2383,313923,25508,0,0,0,0,0,0,1362929,1362931,1362930,2015-08-04 23:49:58,2015-08-04 23:49:58,2015-08-04 23:49:58,12000,372500,84100,12017,372536,84121,True,True,58613,True,0,0,-2383,313923,25508,-1,-1,-1,122.0,133.0,0,1,1
2015-08-05,2015-08-05 00:00:00,Exxon,PILOT TRAVEL CENTERS LLC 103637 IW,COLTON CA KM TP - 00WM,Regular RFG,12017,372536,84121,1,13100,0,13100,13100,71713,0,71713,71713,1,w1,13100,0,71713,12017,372536,84121,Out,Out,Out,100%,100,100%,100,100%,100,Above Trend,Above Trend,On Track,08/06 00:00:00 PDT,09/01 00:00:00 PDT,w1,0,2015-08-06 00:00:00,Contract,Contract,Contract,12017,12017,372536,372536,84121,-1083,300823,12408,0,0,0,0,0,0,1394095,1394097,1394096,2015-08-05 23:52:34,2015-08-05 23:52:34,2015-08-05 23:52:34,12000,372500,84100,12017,372536,84121,True,True,71713,True,0,0,-1083,300823,12408,-1,-1,-1,119.0,133.0,0,1,1
2015-08-06,2015-08-06 00:00:00,Exxon,PILOT TRAVEL CENTERS LLC 103637 IW,COLTON CA KM TP - 00WM,Regular RFG,12017,372536,84121,1,16205,0,16205,16205,87918,0,87918,16205,1,w2,16205,0,16205,12017,372536,84121,Out,Out,Out,100%,100,100%,100,100%,100,Above Trend,Above Trend,Above Trend,08/07 00:00:00 PDT,09/01 00:00:00 PDT,w2,0,2015-08-13 00:00:00,Contract,Contract,Contract,12017,12017,372536,372536,84121,-4188,284618,67916,0,0,0,0,0,0,1428286,1428288,1428287,2015-08-06 23:50:02,2015-08-06 23:50:02,2015-08-06 23:50:02,12000,372500,84100,12017,372536,84121,True,True,16205,True,0,0,-4188,284618,67916,-1,-1,-1,122.0,133.0,0,1,1
2015-08-07,2015-08-07 00:00:00,Exxon,PILOT TRAVEL CENTERS LLC 103637 IW,COLTON CA KM TP - 00WM,Regular RFG,12017,372536,84121,1,16110,0,16110,16110,104028,0,104028,32315,1,w2,16110,0,32315,12017,372536,84121,Out,Out,Out,100%,100,100%,100,100%,100,Above Trend,Above Trend,Above Trend,08/08 00:00:00 PDT,09/01 00:00:00 PDT,w2,0,2015-08-13 00:00:00,Contract,Contract,Contract,12017,12017,372536,372536,84121,-4093,268508,51806,0,0,0,0,0,0,1462798,1462800,1462799,2015-08-07 23:50:58,2015-08-07 23:50:58,2015-08-07 23:50:58,12000,372500,84100,12017,372536,84121,True,True,32315,True,0,0,-4093,268508,51806,-1,-1,-1,124.0,133.0,0,1,1
2015-08-08,2015-08-08 00:00:00,Exxon,PILOT TRAVEL CENTERS LLC 103637 IW,COLTON CA KM TP - 00WM,Regular RFG,12017,372536,84121,1,14816,0,14816,14816,118844,0,118844,47131,1,w2,14816,0,47131,12017,372536,84121,Out,Out,Out,100%,100,100%,100,100%,100,Above Trend,Above Trend,Above Trend,08/09 00:00:00 PDT,09/01 00:00:00 PDT,w2,0,2015-08-13 00:00:00,Contract,Contract,Contract,12017,12017,372536,372536,84121,-2799,253692,36990,0,0,0,0,0,0,1497087,1497089,1497088,2015-08-08 23:50:03,2015-08-08 23:50:03,2015-08-08 23:50:03,12000,372500,84100,12017,372536,84121,True,True,47131,True,0,0,-2799,253692,36990,-1,-1,-1,124.0,133.0,0,1,1
2015-08-09,2015-08-09 00:00:00,Exxon,PILOT TRAVEL CENTERS LLC 103637 IW,COLTON CA KM TP - 00WM,Regular RFG,12017,372536,84121,1,16999,0,16999,16999,135843,0,135843,64130,1,w2,16999,0,64130,12017,372536,84121,Out,Out,Out,100%,100,100%,100,100%,100,Above Trend,Above Trend,Above Trend,08/10 00:00:00 PDT,09/01 00:00:00 PDT,w2,0,2015-08-13 00:00:00,Contract,Contract,Contract,12017,12017,372536,372536,84121,-4982,236693,19991,0,0,0,0,0,0,1530772,1530774,1530773,2015-08-09 23:50:59,2015-08-09 23:50:59,2015-08-09 23:50:59,12000,372500,84100,12017,372536,84121,True,True,64130,True,0,0,-4982,236693,19991,-1,-1,-1,126.0,133.0,0,1,1
2015-08-10,2015-08-10 00:00:00,Exxon,PILOT TRAVEL CENTERS LLC 103637 IW,COLTON CA KM TP - 00WM,Regular RFG,12017,372536,84121,1,15300,0,15300,15300,151143,0,151143,79430,1,w2,15300,0,79430,12017,372536,84121,Out,Out,Out,100%,100,100%,100,100%,100,Above Trend,Above Trend,Above Trend,08/11 00:00:00 PDT,09/01 00:00:00 PDT,w2,0,2015-08-13 00:00:00,Contract,Contract,Contract,12017,12017,372536,372536,84121,-3283,221393,4691,0,0,0,0,0,0,1563879,1563881,1563880,2015-08-10 23:51:07,2015-08-10 23:51:07,2015-08-10 23:51:07,12000,372500,84100,12017,372536,84121,True,True,79430,True,0,0,-3283,221393,4691,-1,-1,-1,126.0,133.0,0,1,1
2015-08-11,2015-08-11 00:00:00,Exxon,PILOT TRAVEL CENTERS LLC 103637 IW,COLTON CA KM TP - 00WM,Regular RFG,12017,372536,84121,1,7300,0,7300,7300,158443,0,158443,86730,1,w2,7300,0,86730,12017,372536,84121,Out,Out,Out,100%,100,100%,100,100%,100,Below Trend,Above Trend,Above Trend,08/12 00:00:00 PDT,09/01 00:00:00 PDT,w2,0,2015-08-13 00:00:00,Contract,Contract,Contract,12017,12017,372536,372536,84121,4717,214093,-2609,0,0,0,0,0,0,1595619,1595621,1595620,2015-08-11 23:49:02,2015-08-11 23:49:02,2015-08-11 23:49:02,12000,372500,84100,12017,372536,84121,True,True,86730,True,0,0,4717,214093,-2609,-1,-1,-1,120.0,0.0,0,1,1
2015-08-12,2015-08-12 00:00:00,Exxon,PILOT TRAVEL CENTERS LLC 103637 IW,COLTON CA KM TP - 00WM,Regular RFG,12017,372536,84121,1,0,0,0,0,158443,0,158443,86730,1,w2,0,0,86730,12017,372536,84121,Out,Out,Out,100%,100,100%,100,100%,100,Below Trend,On Track,On Track,08/13 00:00:00 PDT,09/01 00:00:00 PDT,w2,0,2015-08-13 00:00:00,Contract,Contract,Contract,12017,12017,372536,372536,84121,12017,214093,-2609,0,0,0,0,0,0,1636124,1636126,1636125,2015-08-12 23:51:12,2015-08-12 23:51:12,2015-08-12 23:51:12,12000,372500,84100,12017,372536,84121,True,True,86730,True,0,0,12017,214093,-2609,-1,-1,-1,110.0,0.0,100,1,1
2015-08-13,2015-08-13 00:00:00,Exxon,PILOT TRAVEL CENTERS LLC 103637 IW,COLTON CA KM TP - 00WM,Regular RFG,12017,372536,84121,0,0,0,0,0,158443,0,158443,0,0,w3,0,0,0,12017,372536,84121,Available,Available,Available,100%,100,100%,100,100%,100,Below Trend,On Track,Below Trend,08/14 00:00:00 PDT,09/01 00:00:00 PDT,w3,0,2015-08-20 00:00:00,Contract,Contract,Contract,12017,12017,372536,372536,84121,12017,214093,84121,0,0,0,0,0,0,1648148,1648150,1648149,2015-08-13 08:51:04,2015-08-13 08:51:04,2015-08-13 08:51:04,12000,372500,84100,12017,372536,84121,True,True,0,0,0,0,12017,214093,84121,-1,-1,-1,101.0,0.0,0,1,1
2015-08-14,2015-08-14 00:00:00,Exxon,PILOT TRAVEL CENTERS LLC 103637 IW,COLTON CA KM TP - 00WM,Regular RFG,-1,-1,-1,0,-1,0,-1,-1,-1,0,-1,-1,0,w4,-1,0,-1,-1,-1,-1,-1,-1,-1,-1,100,-1,100,-1,100,-1,-1,-1,-1,-1,w3,1,2015-08-20 00:00:00,-1,-1,-1,12017,-1,372536,-1,-1,-1,-1,-1,-1,-1,-1,-1,-1,-1,-1,-1,-1,2015-08-14 00:00:00,2015-08-14 00:00:00,2015-08-14 00:00:00,12000,372500,84100,12017,372536,84121,True,True,0,0,0,0,-1,-1,-1,-1,-1,-1,-1.0,-1.0,-1,0,0
2015-08-15,2015-08-15 00:00:00,Exxon,PILOT TRAVEL CENTERS LLC 103637 IW,COLTON CA KM TP - 00WM,Regular RFG,-1,-1,-1,0,-1,0,-1,-1,-1,0,-1,-1,0,w4,-1,0,-1,-1,-1,-1,-1,-1,-1,-1,100,-1,100,-1,100,-1,-1,-1,-1,-1,w3,1,2015-08-20 00:00:00,-1,-1,-1,12017,-1,372536,-1,-1,-1,-1,-1,-1,-1,-1,-1,-1,-1,-1,-1,-1,2015-08-15 00:00:00,2015-08-15 00:00:00,2015-08-15 00:00:00,-1,-1,-1,-1,-1,-1,False,False,0,0,0,0,-1,-1,-1,-1,-1,-1,-1.0,-1.0,-1,0,0
2015-08-16,2015-08-16 00:00:00,Exxon,PILOT TRAVEL CENTERS LLC 103637 IW,COLTON CA KM TP - 00WM,Regular RFG,-1,-1,-1,0,-1,0,-1,-1,-1,0,-1,-1,0,w4,-1,0,-1,-1,-1,-1,-1,-1,-1,-1,100,-1,100,-1,100,-1,-1,-1,-1,-1,w3,1,2015-08-20 00:00:00,-1,-1,-1,12017,-1,372536,-1,-1,-1,-1,-1,-1,-1,-1,-1,-1,-1,-1,-1,-1,2015-08-16 00:00:00,2015-08-16 00:00:00,2015-08-16 00:00:00,-1,-1,-1,-1,-1,-1,False,False,0,0,0,0,-1,-1,-1,-1,-1,-1,-1.0,-1.0,-1,0,0
2015-08-17,2015-08-17 00:00:00,Exxon,PILOT TRAVEL CENTERS LLC 103637 IW,COLTON CA KM TP - 00WM,Regular RFG,-1,-1,-1,0,-1,0,-1,-1,-1,0,-1,-1,0,w4,-1,0,-1,-1,-1,-1,-1,-1,-1,-1,100,-1,100,-1,100,-1,-1,-1,-1,-1,w3,1,2015-08-20 00:00:00,-1,-1,-1,12017,-1,372536,-1,-1,-1,-1,-1,-1,-1,-1,-1,-1,-1,-1,-1,-1,2015-08-17 00:00:00,2015-08-17 00:00:00,2015-08-17 00:00:00,-1,-1,-1,-1,-1,-1,False,False,0,0,0,0,-1,-1,-1,-1,-1,-1,-1.0,-1.0,-1,0,0
2015-08-18,2015-08-18 00:00:00,Exxon,PILOT TRAVEL CENTERS LLC 103637 IW,COLTON CA KM TP - 00WM,Regular RFG,-1,-1,-1,0,-1,0,-1,-1,-1,0,-1,-1,0,w4,-1,0,-1,-1,-1,-1,-1,-1,-1,-1,100,-1,100,-1,100,-1,-1,-1,-1,-1,w3,1,2015-08-20 00:00:00,-1,-1,-1,12017,-1,372536,-1,-1,-1,-1,-1,-1,-1,-1,-1,-1,-1,-1,-1,-1,2015-08-18 00:00:00,2015-08-18 00:00:00,2015-08-18 00:00:00,-1,-1,-1,-1,-1,-1,False,False,0,0,0,0,-1,-1,-1,-1,-1,-1,-1.0,-1.0,-1,0,0
2015-08-19,2015-08-19 00:00:00,Exxon,PILOT TRAVEL CENTERS LLC 103637 IW,COLTON CA KM TP - 00WM,Regular RFG,-1,-1,-1,0,-1,0,-1,-1,-1,0,-1,-1,0,w4,-1,0,-1,-1,-1,-1,-1,-1,-1,-1,100,-1,100,-1,100,-1,-1,-1,-1,-1,w3,1,2015-08-20 00:00:00,-1,-1,-1,12017,-1,372536,-1,-1,-1,-1,-1,-1,-1,-1,-1,-1,-1,-1,-1,-1,2015-08-19 00:00:00,2015-08-19 00:00:00,2015-08-19 00:00:00,-1,-1,-1,-1,-1,-1,False,False,0,0,0,0,-1,-1,-1,-1,-1,-1,-1.0,-1.0,-1,0,0
2015-08-20,2015-08-20 00:00:00,Exxon,PILOT TRAVEL CENTERS LLC 103637 IW,COLTON CA KM TP - 00WM,Regular RFG,-1,-1,-1,0,-1,0,-1,-1,-1,0,-1,-1,0,w4,-1,0,-1,-1,-1,-1,-1,-1,-1,-1,100,-1,100,-1,100,-1,-1,-1,-1,-1,w4,1,2015-08-27 00:00:00,-1,-1,-1,12017,-1,372536,-1,-1,-1,-1,-1,-1,-1,-1,-1,-1,-1,-1,-1,-1,2015-08-20 00:00:00,2015-08-20 00:00:00,2015-08-20 00:00:00,-1,-1,-1,-1,-1,-1,False,True,0,0,0,0,-1,-1,-1,-1,-1,-1,-1.0,-1.0,-1,0,0
2015-08-21,2015-08-21 00:00:00,Exxon,PILOT TRAVEL CENTERS LLC 103637 IW,COLTON CA KM TP - 00WM,Regular RFG,-1,-1,-1,0,-1,0,-1,-1,-1,0,-1,-1,0,w4,-1,0,-1,-1,-1,-1,-1,-1,-1,-1,100,-1,100,-1,100,-1,-1,-1,-1,-1,w4,1,2015-08-27 00:00:00,-1,-1,-1,12017,-1,372536,-1,-1,-1,-1,-1,-1,-1,-1,-1,-1,-1,-1,-1,-1,2015-08-21 00:00:00,2015-08-21 00:00:00,2015-08-21 00:00:00,-1,-1,-1,-1,-1,-1,False,False,0,0,0,0,-1,-1,-1,-1,-1,-1,-1.0,-1.0,-1,0,0
2015-08-22,2015-08-22 00:00:00,Exxon,PILOT TRAVEL CENTERS LLC 103637 IW,COLTON CA KM TP - 00WM,Regular RFG,-1,-1,-1,0,-1,0,-1,-1,-1,0,-1,-1,0,w4,-1,0,-1,-1,-1,-1,-1,-1,-1,-1,100,-1,100,-1,100,-1,-1,-1,-1,-1,w4,1,2015-08-27 00:00:00,-1,-1,-1,12017,-1,372536,-1,-1,-1,-1,-1,-1,-1,-1,-1,-1,-1,-1,-1,-1,2015-08-22 00:00:00,2015-08-22 00:00:00,2015-08-22 00:00:00,-1,-1,-1,-1,-1,-1,False,False,0,0,0,0,-1,-1,-1,-1,-1,-1,-1.0,-1.0,-1,0,0
2015-08-23,2015-08-23 00:00:00,Exxon,PILOT TRAVEL CENTERS LLC 103637 IW,COLTON CA KM TP - 00WM,Regular RFG,-1,-1,-1,0,-1,0,-1,-1,-1,0,-1,-1,0,w4,-1,0,-1,-1,-1,-1,-1,-1,-1,-1,100,-1,100,-1,100,-1,-1,-1,-1,-1,w4,1,2015-08-27 00:00:00,-1,-1,-1,12017,-1,372536,-1,-1,-1,-1,-1,-1,-1,-1,-1,-1,-1,-1,-1,-1,2015-08-23 00:00:00,2015-08-23 00:00:00,2015-08-23 00:00:00,-1,-1,-1,-1,-1,-1,False,False,0,0,0,0,-1,-1,-1,-1,-1,-1,-1.0,-1.0,-1,0,0
2015-08-24,2015-08-24 00:00:00,Exxon,PILOT TRAVEL CENTERS LLC 103637 IW,COLTON CA KM TP - 00WM,Regular RFG,-1,-1,-1,0,-1,0,-1,-1,-1,0,-1,-1,0,w4,-1,0,-1,-1,-1,-1,-1,-1,-1,-1,100,-1,100,-1,100,-1,-1,-1,-1,-1,w4,1,2015-08-27 00:00:00,-1,-1,-1,12017,-1,372536,-1,-1,-1,-1,-1,-1,-1,-1,-1,-1,-1,-1,-1,-1,2015-08-24 00:00:00,2015-08-24 00:00:00,2015-08-24 00:00:00,-1,-1,-1,-1,-1,-1,False,False,0,0,0,0,-1,-1,-1,-1,-1,-1,-1.0,-1.0,-1,0,0
2015-08-25,2015-08-25 00:00:00,Exxon,PILOT TRAVEL CENTERS LLC 103637 IW,COLTON CA KM TP - 00WM,Regular RFG,-1,-1,-1,0,-1,0,-1,-1,-1,0,-1,-1,0,w4,-1,0,-1,-1,-1,-1,-1,-1,-1,-1,100,-1,100,-1,100,-1,-1,-1,-1,-1,w4,1,2015-08-27 00:00:00,-1,-1,-1,12017,-1,372536,-1,-1,-1,-1,-1,-1,-1,-1,-1,-1,-1,-1,-1,-1,2015-08-25 00:00:00,2015-08-25 00:00:00,2015-08-25 00:00:00,-1,-1,-1,-1,-1,-1,False,False,0,0,0,0,-1,-1,-1,-1,-1,-1,-1.0,-1.0,-1,0,0
2015-08-26,2015-08-26 00:00:00,Exxon,PILOT TRAVEL CENTERS LLC 103637 IW,COLTON CA KM TP - 00WM,Regular RFG,-1,-1,-1,0,-1,0,-1,-1,-1,0,-1,-1,0,w4,-1,0,-1,-1,-1,-1,-1,-1,-1,-1,100,-1,100,-1,100,-1,-1,-1,-1,-1,w4,1,2015-08-27 00:00:00,-1,-1,-1,12017,-1,372536,-1,-1,-1,-1,-1,-1,-1,-1,-1,-1,-1,-1,-1,-1,2015-08-26 00:00:00,2015-08-26 00:00:00,2015-08-26 00:00:00,-1,-1,-1,-1,-1,-1,False,False,0,0,0,0,-1,-1,-1,-1,-1,-1,-1.0,-1.0,-1,0,0
2015-08-27,2015-08-27 00:00:00,Exxon,PILOT TRAVEL CENTERS LLC 103637 IW,COLTON CA KM TP - 00WM,Regular RFG,-1,-1,-1,0,-1,0,-1,-1,-1,0,-1,-1,0,w4,-1,0,-1,-1,-1,-1,-1,-1,-1,-1,100,-1,100,-1,100,-1,-1,-1,-1,-1,w5,1,2015-09-03 00:00:00,-1,-1,-1,12017,-1,372536,-1,-1,-1,-1,-1,-1,-1,-1,-1,-1,-1,-1,-1,-1,2015-08-27 00:00:00,2015-08-27 00:00:00,2015-08-27 00:00:00,-1,-1,-1,-1,-1,-1,False,True,0,0,0,0,-1,-1,-1,-1,-1,-1,-1.0,-1.0,-1,0,0
2015-08-28,2015-08-28 00:00:00,Exxon,PILOT TRAVEL CENTERS LLC 103637 IW,COLTON CA KM TP - 00WM,Regular RFG,-1,-1,-1,0,-1,0,-1,-1,-1,0,-1,-1,0,w4,-1,0,-1,-1,-1,-1,-1,-1,-1,-1,100,-1,100,-1,100,-1,-1,-1,-1,-1,w5,1,2015-09-03 00:00:00,-1,-1,-1,12017,-1,372536,-1,-1,-1,-1,-1,-1,-1,-1,-1,-1,-1,-1,-1,-1,2015-08-28 00:00:00,2015-08-28 00:00:00,2015-08-28 00:00:00,-1,-1,-1,-1,-1,-1,False,False,0,0,0,0,-1,-1,-1,-1,-1,-1,-1.0,-1.0,-1,0,0
2015-08-29,2015-08-29 00:00:00,Exxon,PILOT TRAVEL CENTERS LLC 103637 IW,COLTON CA KM TP - 00WM,Regular RFG,-1,-1,-1,0,-1,0,-1,-1,-1,0,-1,-1,0,w4,-1,0,-1,-1,-1,-1,-1,-1,-1,-1,100,-1,100,-1,100,-1,-1,-1,-1,-1,w5,1,2015-09-03 00:00:00,-1,-1,-1,12017,-1,372536,-1,-1,-1,-1,-1,-1,-1,-1,-1,-1,-1,-1,-1,-1,2015-08-29 00:00:00,2015-08-29 00:00:00,2015-08-29 00:00:00,-1,-1,-1,-1,-1,-1,False,False,0,0,0,0,-1,-1,-1,-1,-1,-1,-1.0,-1.0,-1,0,0
2015-08-30,2015-08-30 00:00:00,Exxon,PILOT TRAVEL CENTERS LLC 103637 IW,COLTON CA KM TP - 00WM,Regular RFG,-1,-1,-1,0,-1,0,-1,-1,-1,0,-1,-1,0,w4,-1,0,-1,-1,-1,-1,-1,-1,-1,-1,100,-1,100,-1,100,-1,-1,-1,-1,-1,w5,1,2015-09-03 00:00:00,-1,-1,-1,12017,-1,372536,-1,-1,-1,-1,-1,-1,-1,-1,-1,-1,-1,-1,-1,-1,2015-08-30 00:00:00,2015-08-30 00:00:00,2015-08-30 00:00:00,-1,-1,-1,-1,-1,-1,False,False,0,0,0,0,-1,-1,-1,-1,-1,-1,-1.0,-1.0,-1,0,0
2015-08-31,2015-08-31 00:00:00,Exxon,PILOT TRAVEL CENTERS LLC 103637 IW,COLTON CA KM TP - 00WM,Regular RFG,-1,-1,-1,0,-1,0,-1,-1,-1,0,-1,-1,0,w4,-1,0,-1,-1,-1,-1,-1,-1,-1,-1,100,-1,100,-1,100,-1,-1,-1,-1,-1,w5,1,2015-09-03 00:00:00,-1,-1,-1,12017,-1,372536,-1,-1,-1,-1,-1,-1,-1,-1,-1,-1,-1,-1,-1,-1,2015-08-31 00:00:00,2015-08-31 00:00:00,2015-08-31 00:00:00,-1,-1,-1,-1,-1,-1,False,False,0,0,0,0,-1,-1,-1,-1,-1,-1,-1.0,-1.0,-1,0,0
