,date,supplier_name,account_type,supplier_terminal_name,product_name,base_gallons_Daily,base_gallons_Monthly,base_gallons_Weekly,lifted_gallons_daily_flag,lifted_gallons_daily_modified,Modified_WeeksByLiftedGallons,lifted_gallons_modified_WeeksByLiftedGallons,lifted_gallons_Daily,Lifted_actual_monthly,lifted_gallons_monthly_flag,lifted_gallons_Monthly,Lifted_actual_weekly,lifted_gallons_weekly_flag,WeeksByLiftedGallons,lifted_gallonsWeekly_modified_aposteriori,Modified_LiftedGallonsaposteriori,lifted_gallons_Weekly,beginning_gallons_Daily,beginning_gallons_Monthly,beginning_gallons_Weekly,en_allocation_status_Daily,en_allocation_status_Monthly,en_allocation_status_Weekly,percentage_allocation_Daily,percentage_allocation_Monthly,percentage_allocation_Weekly,alerts_ratability_Daily,alerts_ratability_Monthly,alerts_ratability_Weekly,next_refresh_date_Daily,next_refresh_date_Monthly,Week_switch,Modified_NRD,next_refresh_date_Weekly,en_account_type_Daily,en_account_type_Monthly,en_account_type_Weekly,staging_id_Daily,staging_id_Monthly,staging_id_Weekly,base_gallons_Daily_Reconciled,base_gallons_Monthly_Reconciled,base_gallons_Weekly_Reconciled,beginning_gallons_Daily_Reconciled,beginning_gallons_Monthly_Reconciled,beginning_gallons_Weekly_Reconciled,sanityWeekly_CumulativeDaily_WeeksByLiftedGallons,sanityWeekly_CumulativeDaily_NextRefreshDate,computedWeekly,sanityComputedWeekly,computedMonthly,sanityComputedMonthly,sanityMonthly_CumulativeDaily_WeeksByLiftedGallons,sanityMonthly_CumulativeDaily_WeeksByNextRefreshDate
2015-08-01,2015-08-01 00:00:00,Chevron,PILOT TRAVEL CENTERS LLC : CHV7460761,1022 TAMPA FL TRM CHEVRON,DIESEL #2,90300,2799300,632100,1,30167,0,30167,30167,30167,0,30167,397253,1,w1,30167,0,30167,135450,3079230,790125,Available,Available,Available,150,110,125,On Target,On Target,Above Trend,08/02 00:00:00 EDT,09/01 00:00:00 EDT,w1,0,2015-08-05 00:00:00,Contract,Contract,Contract,1272191,1272193,1272192,90300,2799300,632100,135450,3079230,790125,True,False,30167,True,30167,True,1,1
2015-08-02,2015-08-02 00:00:00,Chevron,PILOT TRAVEL CENTERS LLC : CHV7460761,1022 TAMPA FL TRM CHEVRON,DIESEL #2,90300,2799300,632100,1,38120,0,38120,38120,68287,0,68287,435373,1,w1,38120,0,68287,135450,3079230,790125,Available,Available,Available,150,110,125,On Target,On Target,On Target,08/03 00:00:00 EDT,09/01 00:00:00 EDT,w1,0,2015-08-05 00:00:00,Contract,Contract,Contract,1303014,1303016,1303015,90300,2799300,632100,135450,3079230,790125,True,False,68287,True,68287,True,1,1
2015-08-03,2015-08-03 00:00:00,Chevron,PILOT TRAVEL CENTERS LLC : CHV7460761,1022 TAMPA FL TRM CHEVRON,DIESEL #2,103226,3200000,722581,1,105493,0,105493,105493,173780,0,173780,540866,1,w1,105493,0,173780,154839,3520000,903226,Available,Available,Available,150,110,125,On Target,On Target,On Target,08/04 00:00:00 EDT,09/01 00:00:00 EDT,w1,0,2015-08-05 00:00:00,Contract,Contract,Contract,1331469,1331471,1331470,103226,3200000,722581,154839,3520000,903226,True,False,173780,True,173780,True,1,1
2015-08-04,2015-08-04 00:00:00,Chevron,PILOT TRAVEL CENTERS LLC : CHV7460761,1022 TAMPA FL TRM CHEVRON,DIESEL #2,103226,3200000,722581,1,143622,0,143622,143622,317402,0,317402,684488,1,w1,143622,0,317402,154839,3520000,903226,Low,Available,Limited,150,110,125,Above Trend,On Target,On Target,08/05 00:00:00 EDT,09/01 00:00:00 EDT,w1,0,2015-08-05 00:00:00,Contract,Contract,Contract,1361652,1361654,1361653,103226,3200000,722581,154839,3520000,903226,True,False,317402,True,317402,True,1,1
2015-08-05,2015-08-05 00:00:00,Chevron,PILOT TRAVEL CENTERS LLC : CHV7460761,1022 TAMPA FL TRM CHEVRON,DIESEL #2,103226,3200000,722581,1,166503,0,143797,143797,461199,0,461199,143797,1,w2,143797,0,166503,154839,3520000,903226,Low,Available,Available,150,110,125,Above Trend,Above Trend,Above Trend,08/06 00:00:00 EDT,09/01 00:00:00 EDT,w2,0,2015-08-12 00:00:00,Contract,Contract,Contract,1390137,1390139,1390138,103226,3200000,722581,154839,3520000,903226,True,True,166503,True,483905,True,1,0
2015-08-06,2015-08-06 00:00:00,Chevron,PILOT TRAVEL CENTERS LLC : CHV7460761,1022 TAMPA FL TRM CHEVRON,DIESEL #2,103226,3200000,722581,1,90369,1,113075,90369,574274,0,574274,256872,1,w2,90369,0,256872,154839,3520000,903226,Available,Available,Available,150,110,125,On Target,Above Trend,Above Trend,08/07 00:00:00 EDT,09/01 00:00:00 EDT,w2,0,2015-08-12 00:00:00,Contract,Contract,Contract,1427009,1427011,1427010,103226,3200000,722581,154839,3520000,903226,True,True,256872,True,574274,True,1,1
2015-08-07,2015-08-07 00:00:00,Chevron,PILOT TRAVEL CENTERS LLC : CHV7460761,1022 TAMPA FL TRM CHEVRON,DIESEL #2,103226,3200000,722581,1,90636,0,90636,90636,664910,0,664910,347508,1,w2,90636,0,347508,154839,3520000,903226,Available,Available,Available,150,110,125,On Target,Above Trend,Above Trend,08/08 00:00:00 EDT,09/01 00:00:00 EDT,w2,0,2015-08-12 00:00:00,Contract,Contract,Contract,1461521,1461523,1461522,103226,3200000,722581,154839,3520000,903226,True,True,347508,True,664910,True,1,1
2015-08-08,2015-08-08 00:00:00,Chevron,PILOT TRAVEL CENTERS LLC : CHV7460761,1022 TAMPA FL TRM CHEVRON,DIESEL #2,103226,3200000,722581,1,89991,0,89991,89991,754901,0,754901,437499,1,w2,89991,0,437499,154839,3520000,903226,Available,Available,Available,150,110,125,On Target,Above Trend,Above Trend,08/09 00:00:00 EDT,09/01 00:00:00 EDT,w2,0,2015-08-12 00:00:00,Contract,Contract,Contract,1495810,1495812,1495811,103226,3200000,722581,154839,3520000,903226,True,True,437499,True,754901,True,1,1
2015-08-09,2015-08-09 00:00:00,Chevron,PILOT TRAVEL CENTERS LLC : CHV7460761,1022 TAMPA FL TRM CHEVRON,DIESEL #2,103226,3200000,722581,1,91186,0,91186,91186,846087,0,846087,528685,1,w2,91186,0,528685,154839,3520000,903226,Available,Available,Available,150,110,125,On Target,Above Trend,Above Trend,08/10 00:00:00 EDT,09/01 00:00:00 EDT,w2,0,2015-08-12 00:00:00,Contract,Contract,Contract,1529495,1529497,1529496,103226,3200000,722581,154839,3520000,903226,True,True,528685,True,846087,True,1,1
2015-08-10,2015-08-10 00:00:00,Chevron,PILOT TRAVEL CENTERS LLC : CHV7460761,1022 TAMPA FL TRM CHEVRON,DIESEL #2,103226,3200000,722581,1,154024,0,154024,154024,1000111,0,1000111,682709,1,w2,154024,0,682709,154839,3520000,903226,Out,Available,Limited,150,110,125,Above Trend,Above Trend,Above Trend,08/11 00:00:00 EDT,09/01 00:00:00 EDT,w2,0,2015-08-12 00:00:00,Contract,Contract,Contract,1562602,1562604,1562603,103226,3200000,722581,154839,3520000,903226,True,True,682709,True,1000111,True,1,1
2015-08-11,2015-08-11 00:00:00,Chevron,PILOT TRAVEL CENTERS LLC : CHV7460761,1022 TAMPA FL TRM CHEVRON,DIESEL #2,103226,3200000,722581,1,121707,0,68209,68209,1068320,0,1068320,750918,1,w2,68209,0,804416,154839,3520000,903226,Available,Available,Low,150,110,125,On Target,Above Trend,Above Trend,08/12 00:00:00 EDT,09/01 00:00:00 EDT,w2,0,2015-08-12 00:00:00,Contract,Contract,Contract,1584735,1584737,1584736,103226,3200000,722581,154839,3520000,903226,True,True,804416,True,1121818,True,1,0
2015-08-12,2015-08-12 00:00:00,Chevron,PILOT TRAVEL CENTERS LLC : CHV7460761,1022 TAMPA FL TRM CHEVRON,DIESEL #2,103226,3200000,722581,1,157975,0,157975,157975,1279793,0,1279793,157975,1,w3,157975,0,157975,154839,3520000,903226,Low,Available,Available,150,110,125,Above Trend,Above Trend,Above Trend,08/13 00:00:00 EDT,09/01 00:00:00 EDT,w3,0,2015-08-19 00:00:00,Contract,Contract,Contract,1634847,1634849,1634848,103226,3200000,722581,154839,3520000,903226,True,True,157975,True,1279793,True,0,1
2015-08-13,2015-08-13 00:00:00,Chevron,PILOT TRAVEL CENTERS LLC : CHV7460761,1022 TAMPA FL TRM CHEVRON,DIESEL #2,103226,3200000,722581,1,150856,0,150856,150856,1430649,0,1430649,308831,1,w3,150856,0,308831,154839,3520000,903226,Low,Available,Available,150,110,125,Above Trend,Above Trend,Above Trend,08/14 00:00:00 EDT,09/01 00:00:00 EDT,w3,0,2015-08-19 00:00:00,Contract,Contract,Contract,1674777,1674779,1674778,103226,3200000,722581,154839,3520000,903226,True,True,308831,True,1430649,True,0,1
2015-08-14,2015-08-14 00:00:00,Chevron,PILOT TRAVEL CENTERS LLC : CHV7460761,1022 TAMPA FL TRM CHEVRON,DIESEL #2,103226,3200000,722581,1,169767,0,169767,169767,1600416,0,1600416,478598,1,w3,169767,0,478598,154839,3520000,903226,Out,Available,Available,150,110,125,Above Trend,Above Trend,Above Trend,08/15 00:00:00 EDT,09/01 00:00:00 EDT,w3,0,2015-08-19 00:00:00,Contract,Contract,Contract,1714389,1714391,1714390,103226,3200000,722581,154839,3520000,903226,True,True,478598,True,1600416,True,0,1
2015-08-15,2015-08-15 00:00:00,Chevron,PILOT TRAVEL CENTERS LLC : CHV7460761,1022 TAMPA FL TRM CHEVRON,DIESEL #2,103226,3200000,722581,1,94500,0,71607,71607,1672023,0,1672023,550205,1,w3,71607,0,573098,154839,3520000,903226,Available,Available,Available,150,110,125,On Target,Above Trend,Above Trend,08/16 00:00:00 EDT,09/01 00:00:00 EDT,w3,0,2015-08-19 00:00:00,Contract,Contract,Contract,1746758,1746760,1746759,103226,3200000,722581,154839,3520000,903226,True,True,573098,True,1694916,True,0,0
2015-08-16,2015-08-16 00:00:00,Chevron,PILOT TRAVEL CENTERS LLC : CHV7460761,1022 TAMPA FL TRM CHEVRON,DIESEL #2,103226,3200000,722581,1,30297,1,53190,30297,1725213,0,1725213,603395,1,w3,30297,0,603395,154839,3520000,903226,Available,Available,Available,150,110,125,Below Trend,Above Trend,Above Trend,08/17 00:00:00 EDT,09/01 00:00:00 EDT,w3,0,2015-08-19 00:00:00,Contract,Contract,Contract,1788505,1788507,1788506,103226,3200000,722581,154839,3520000,903226,True,True,603395,True,1725213,True,0,1
2015-08-17,2015-08-17 00:00:00,Chevron,PILOT TRAVEL CENTERS LLC : CHV7460761,1022 TAMPA FL TRM CHEVRON,DIESEL #2,103226,3200000,722581,1,124047,0,40780,40780,1765993,0,1765993,644175,1,w3,40780,0,727442,154839,3520000,903226,Available,Available,Limited,150,110,125,Above Trend,Above Trend,Above Trend,08/18 00:00:00 EDT,09/01 00:00:00 EDT,w3,0,2015-08-19 00:00:00,Contract,Contract,Contract,1800558,1800560,1800559,103226,3200000,722581,154839,3520000,903226,True,True,727442,True,1849260,True,0,0
2015-08-18,2015-08-18 00:00:00,Chevron,PILOT TRAVEL CENTERS LLC : CHV7460761,1022 TAMPA FL TRM CHEVRON,DIESEL #2,103226,3200000,722581,1,106121,1,189388,106121,1955381,0,1955381,833563,1,w3,106121,0,833563,154839,3520000,903226,Available,Available,Low,150,110,125,On Target,Above Trend,Above Trend,08/19 00:00:00 EDT,09/01 00:00:00 EDT,w3,0,2015-08-19 00:00:00,Contract,Contract,Contract,1871161,1871163,1871162,103226,3200000,722581,154839,3520000,903226,True,True,833563,True,1955381,True,0,1
2015-08-19,2015-08-19 00:00:00,Chevron,PILOT TRAVEL CENTERS LLC : CHV7460761,1022 TAMPA FL TRM CHEVRON,DIESEL #2,103226,3200000,722581,1,104698,0,104698,104698,2060079,0,2060079,104698,1,w4,104698,0,104698,154839,3520000,903226,Available,Available,Available,150,110,125,On Target,Above Trend,Above Trend,08/20 00:00:00 EDT,09/01 00:00:00 EDT,w4,0,2015-08-26 00:00:00,Contract,Contract,Contract,1906817,1906819,1906818,103226,3200000,722581,154839,3520000,903226,True,True,104698,True,2060079,True,0,1
2015-08-20,2015-08-20 00:00:00,Chevron,PILOT TRAVEL CENTERS LLC : CHV7460761,1022 TAMPA FL TRM CHEVRON,DIESEL #2,103226,3200000,722581,1,74223,0,74223,74223,2134302,0,2134302,178921,1,w4,74223,0,178921,154839,3520000,903226,Available,Available,Available,150,110,125,On Target,Above Trend,On Target,08/21 00:00:00 EDT,09/01 00:00:00 EDT,w4,0,2015-08-26 00:00:00,Contract,Contract,Contract,1944984,1944986,1944985,103226,3200000,722581,154839,3520000,903226,True,True,178921,True,2134302,True,0,1
2015-08-21,2015-08-21 00:00:00,Chevron,PILOT TRAVEL CENTERS LLC : CHV7460761,1022 TAMPA FL TRM CHEVRON,DIESEL #2,103226,3200000,722581,1,103946,0,30061,30061,2164363,0,2164363,208982,1,w4,30061,0,282867,154839,3520000,903226,Available,Available,Available,150,110,125,Above Trend,Above Trend,On Target,08/22 00:00:00 EDT,09/01 00:00:00 EDT,w4,0,2015-08-26 00:00:00,Contract,Contract,Contract,1949034,1949036,1949035,103226,3200000,722581,154839,3520000,903226,True,True,282867,True,2238248,True,0,0
2015-08-22,2015-08-22 00:00:00,Chevron,PILOT TRAVEL CENTERS LLC : CHV7460761,1022 TAMPA FL TRM CHEVRON,DIESEL #2,103226,3200000,722581,1,83272,1,157157,83272,2321520,0,2321520,366139,1,w4,83272,0,366139,154839,3520000,903226,Available,Available,Available,150,110,125,On Target,Above Trend,On Target,08/23 00:00:00 EDT,09/01 00:00:00 EDT,w4,0,2015-08-26 00:00:00,Contract,Contract,Contract,2021714,2021716,2021715,103226,3200000,722581,154839,3520000,903226,True,True,366139,True,2321520,True,0,1
2015-08-23,2015-08-23 00:00:00,Chevron,PILOT TRAVEL CENTERS LLC : CHV7460761,1022 TAMPA FL TRM CHEVRON,DIESEL #2,103226,3200000,722581,1,17403,0,17403,17403,2338923,0,2338923,383542,1,w4,17403,0,383542,154839,3520000,903226,Available,Available,Available,150,110,125,Below Trend,Above Trend,On Target,08/24 00:00:00 EDT,09/01 00:00:00 EDT,w4,0,2015-08-26 00:00:00,Contract,Contract,Contract,2057494,2057496,2057495,103226,3200000,722581,154839,3520000,903226,True,True,383542,True,2338923,True,0,1
2015-08-24,2015-08-24 00:00:00,Chevron,PILOT TRAVEL CENTERS LLC : CHV7460761,1022 TAMPA FL TRM CHEVRON,DIESEL #2,103226,3200000,722581,1,45193,0,22592,22592,2361515,0,2361515,406134,1,w4,22592,0,428735,154839,3520000,903226,Available,Available,Available,150,110,125,On Target,Above Trend,On Target,08/25 00:00:00 EDT,09/01 00:00:00 EDT,w4,0,2015-08-26 00:00:00,Contract,Contract,Contract,2071142,2071144,2071143,103226,3200000,722581,154839,3520000,903226,True,True,428735,True,2384116,True,0,0
2015-08-25,2015-08-25 00:00:00,Chevron,PILOT TRAVEL CENTERS LLC : CHV7460761,1022 TAMPA FL TRM CHEVRON,DIESEL #2,103226,3200000,722581,1,113147,1,128253,105652,2489768,0,2489768,534387,1,w4,105652,0,541882,154839,3520000,903226,Available,Limited,Available,150,110,125,On Target,Above Trend,On Target,08/26 00:00:00 EDT,09/01 00:00:00 EDT,w4,0,2015-08-26 00:00:00,Contract,Contract,Contract,2126508,2126510,2126509,103226,3200000,722581,154839,3520000,903226,True,True,541882,True,2497263,True,0,0
2015-08-26,2015-08-26 00:00:00,Chevron,PILOT TRAVEL CENTERS LLC : CHV7460761,1022 TAMPA FL TRM CHEVRON,DIESEL #2,103226,3200000,722581,1,128794,0,128794,128794,2626057,0,2626057,128794,1,w5,128794,0,128794,154839,3520000,903226,Low,Limited,Available,150,110,125,Above Trend,Above Trend,Above Trend,08/27 00:00:00 EDT,09/01 00:00:00 EDT,w5,0,2015-09-02 00:00:00,Contract,Contract,Contract,2153841,2153843,2153842,103226,3200000,722581,154839,3520000,903226,True,True,128794,True,2626057,True,0,1
2015-08-27,2015-08-27 00:00:00,Chevron,PILOT TRAVEL CENTERS LLC : CHV7460761,1022 TAMPA FL TRM CHEVRON,DIESEL #2,103226,3200000,722581,1,119106,0,119106,119106,2745163,0,2745163,247900,1,w5,119106,0,247900,154839,3520000,903226,Limited,Limited,Available,150,110,125,On Target,Above Trend,Above Trend,08/28 00:00:00 EDT,09/01 00:00:00 EDT,w5,0,2015-09-02 00:00:00,Contract,Contract,Contract,2181305,2181307,2181306,103226,3200000,722581,154839,3520000,903226,True,True,247900,True,2745163,True,0,1
2015-08-28,2015-08-28 00:00:00,Chevron,PILOT TRAVEL CENTERS LLC : CHV7460761,1022 TAMPA FL TRM CHEVRON,DIESEL #2,103226,3200000,722581,1,119799,0,119799,119799,2864962,0,2864962,367699,1,w5,119799,0,367699,154839,3520000,903226,Limited,Low,Available,150,110,125,On Target,Above Trend,Above Trend,08/29 00:00:00 EDT,09/01 00:00:00 EDT,w5,0,2015-09-02 00:00:00,Contract,Contract,Contract,2212243,2212245,2212244,103226,3200000,722581,154839,3520000,903226,True,True,367699,True,2864962,True,0,1
2015-08-29,2015-08-29 00:00:00,Chevron,PILOT TRAVEL CENTERS LLC : CHV7460761,1022 TAMPA FL TRM CHEVRON,DIESEL #2,103226,3200000,722581,1,45146,0,45146,45146,2910108,0,2910108,412845,1,w5,45146,0,412845,154839,3520000,903226,Available,Low,Available,150,110,125,On Target,Above Trend,Above Trend,08/30 00:00:00 EDT,09/01 00:00:00 EDT,w5,0,2015-09-02 00:00:00,Contract,Contract,Contract,2238883,2238885,2238884,103226,3200000,722581,154839,3520000,903226,True,True,412845,True,2910108,True,0,1
2015-08-30,2015-08-30 00:00:00,Chevron,PILOT TRAVEL CENTERS LLC : CHV7460761,1022 TAMPA FL TRM CHEVRON,DIESEL #2,103226,3200000,722581,1,15115,0,15115,15115,2925223,0,2925223,427960,1,w5,15115,0,427960,154839,3520000,903226,Available,Low,Available,150,110,125,Below Trend,Above Trend,On Target,08/31 00:00:00 EDT,09/01 00:00:00 EDT,w5,0,2015-09-02 00:00:00,Contract,Contract,Contract,2265534,2265536,2265535,103226,3200000,722581,154839,3520000,903226,True,True,427960,True,2925223,True,0,1
2015-08-31,2015-08-31 00:00:00,Chevron,PILOT TRAVEL CENTERS LLC : CHV7460761,1022 TAMPA FL TRM CHEVRON,DIESEL #2,103226,3200000,722581,1,75158,0,75158,75158,3000381,0,3000381,503118,1,w5,75158,0,503118,154839,3520000,903226,Available,Low,Available,150,110,125,On Target,Above Trend,On Target,09/01 00:00:00 EDT,09/01 00:00:00 EDT,w5,0,2015-09-02 00:00:00,Contract,Contract,Contract,2291188,2291190,2291189,103226,3200000,722581,154839,3520000,903226,True,True,503118,True,3000381,True,0,1
