,date,supplier_name,account_type,supplier_terminal_name,product_name,base_gallons_Daily,base_gallons_Monthly,base_gallons_Weekly,lifted_gallons_daily_flag,lifted_gallons_daily_modified,Modified_WeeksByLiftedGallons,lifted_gallons_modified_WeeksByLiftedGallons,lifted_gallons_Daily,Lifted_actual_monthly,lifted_gallons_monthly_flag,lifted_gallons_Monthly,Lifted_actual_weekly,lifted_gallons_weekly_flag,WeeksByLiftedGallons,lifted_gallonsWeekly_modified_aposteriori,Modified_LiftedGallonsaposteriori,lifted_gallons_Weekly,beginning_gallons_Daily,beginning_gallons_Monthly,beginning_gallons_Weekly,en_allocation_status_Daily,en_allocation_status_Monthly,en_allocation_status_Weekly,percentage_allocation_Daily,percentage_allocation_Monthly,percentage_allocation_Weekly,alerts_ratability_Daily,alerts_ratability_Monthly,alerts_ratability_Weekly,next_refresh_date_Daily,next_refresh_date_Monthly,Week_switch,Modified_NRD,next_refresh_date_Weekly,en_account_type_Daily,en_account_type_Monthly,en_account_type_Weekly,staging_id_Daily,staging_id_Monthly,staging_id_Weekly,base_gallons_Daily_Reconciled,base_gallons_Monthly_Reconciled,base_gallons_Weekly_Reconciled,beginning_gallons_Daily_Reconciled,beginning_gallons_Monthly_Reconciled,beginning_gallons_Weekly_Reconciled,sanityWeekly_CumulativeDaily_WeeksByLiftedGallons,sanityWeekly_CumulativeDaily_NextRefreshDate,computedWeekly,sanityComputedWeekly,computedMonthly,sanityComputedMonthly,sanityMonthly_CumulativeDaily_WeeksByLiftedGallons,sanityMonthly_CumulativeDaily_WeeksByNextRefreshDate
2015-08-01,2015-08-01 00:00:00,Chevron,PILOT TRAVEL CENTERS LLC : CHV7460761,1045 SALT LAKE CITY UT TRM CHEVRON,DIESEL #2,67095,2079956,469667,1,95224,0,84727,84727,84727,0,84727,237280,1,w1,84727,0,95224,134190,2287952,587084,Available,Available,Available,200,110,125,On Target,Above Trend,On Target,08/02 00:00:00 MDT,09/01 00:00:00 MDT,w1,0,2015-08-05 00:00:00,Contract,Contract,Contract,1272206,1272208,1272207,67095,2079956,469667,134190,2287952,587084,True,False,95224,True,95224,True,1,0
2015-08-02,2015-08-02 00:00:00,Chevron,PILOT TRAVEL CENTERS LLC : CHV7460761,1045 SALT LAKE CITY UT TRM CHEVRON,DIESEL #2,67095,2079956,469667,1,84215,1,94712,84215,179439,0,179439,331992,1,w1,84215,0,179439,134190,2287952,587084,Available,Available,Available,200,110,125,On Target,Above Trend,Above Trend,08/03 00:00:00 MDT,09/01 00:00:00 MDT,w1,0,2015-08-05 00:00:00,Contract,Contract,Contract,1303029,1303031,1303030,67095,2079956,469667,134190,2287952,587084,True,False,179439,True,179439,True,1,1
2015-08-03,2015-08-03 00:00:00,Chevron,PILOT TRAVEL CENTERS LLC : CHV7460761,1045 SALT LAKE CITY UT TRM CHEVRON,DIESEL #2,67095,2079956,469667,1,77702,0,77702,77702,257141,0,257141,409694,1,w1,77702,0,257141,134190,2287952,587084,Available,Available,Available,200,110,125,On Target,Above Trend,Above Trend,08/04 00:00:00 MDT,09/01 00:00:00 MDT,w1,0,2015-08-05 00:00:00,Contract,Contract,Contract,1331484,1331486,1331485,67095,2079956,469667,134190,2287952,587084,True,False,257141,True,257141,True,1,1
2015-08-04,2015-08-04 00:00:00,Chevron,PILOT TRAVEL CENTERS LLC : CHV7460761,1045 SALT LAKE CITY UT TRM CHEVRON,DIESEL #2,67095,2079956,469667,1,72054,0,59631,59631,316772,0,316772,469325,1,w1,59631,0,329195,134190,2287952,587084,Available,Available,Limited,200,110,125,On Target,Above Trend,Above Trend,08/05 00:00:00 MDT,09/01 00:00:00 MDT,w1,0,2015-08-05 00:00:00,Contract,Contract,Contract,1361667,1361669,1361668,67095,2079956,469667,134190,2287952,587084,True,False,329195,True,329195,True,1,0
2015-08-05,2015-08-05 00:00:00,Chevron,PILOT TRAVEL CENTERS LLC : CHV7460761,1045 SALT LAKE CITY UT TRM CHEVRON,DIESEL #2,67095,2079956,469667,1,45000,0,34499,34499,363694,0,363694,34499,1,w2,34499,0,45000,134190,2287952,587084,Available,Available,Available,200,110,125,On Target,Above Trend,On Target,08/06 00:00:00 MDT,09/01 00:00:00 MDT,w2,0,2015-08-12 00:00:00,Contract,Contract,Contract,1390152,1390154,1390153,67095,2079956,469667,134190,2287952,587084,True,True,45000,True,374195,True,0,0
2015-08-06,2015-08-06 00:00:00,Chevron,PILOT TRAVEL CENTERS LLC : CHV7460761,1045 SALT LAKE CITY UT TRM CHEVRON,DIESEL #2,67095,2079956,469667,1,129356,1,129357,118856,493051,0,493051,163856,1,w2,118856,0,174356,134190,2287952,587084,Low,Available,Available,200,110,125,Above Trend,Above Trend,Above Trend,08/07 00:00:00 MDT,09/01 00:00:00 MDT,w2,0,2015-08-12 00:00:00,Contract,Contract,Contract,1427024,1427026,1427025,67095,2079956,469667,134190,2287952,587084,True,True,174356,True,503551,True,0,0
2015-08-07,2015-08-07 00:00:00,Chevron,PILOT TRAVEL CENTERS LLC : CHV7460761,1045 SALT LAKE CITY UT TRM CHEVRON,DIESEL #2,67095,2079956,469667,1,75998,1,86498,75998,579549,0,579549,250354,1,w2,75998,0,250354,134190,2287952,587084,Available,Available,Available,200,110,125,On Target,Above Trend,Above Trend,08/08 00:00:00 MDT,09/01 00:00:00 MDT,w2,0,2015-08-12 00:00:00,Contract,Contract,Contract,1461536,1461538,1461537,67095,2079956,469667,134190,2287952,587084,True,True,250354,True,579549,True,0,1
2015-08-08,2015-08-08 00:00:00,Chevron,PILOT TRAVEL CENTERS LLC : CHV7460761,1045 SALT LAKE CITY UT TRM CHEVRON,DIESEL #2,67095,2079956,469667,1,60537,0,60537,60537,640086,0,640086,310891,1,w2,60537,0,310891,134190,2287952,587084,Available,Available,Available,200,110,125,On Target,Above Trend,Above Trend,08/09 00:00:00 MDT,09/01 00:00:00 MDT,w2,0,2015-08-12 00:00:00,Contract,Contract,Contract,1495825,1495827,1495826,67095,2079956,469667,134190,2287952,587084,True,True,310891,True,640086,True,0,1
2015-08-09,2015-08-09 00:00:00,Chevron,PILOT TRAVEL CENTERS LLC : CHV7460761,1045 SALT LAKE CITY UT TRM CHEVRON,DIESEL #2,67095,2079956,469667,1,50899,0,50899,50899,690985,0,690985,361790,1,w2,50899,0,361790,134190,2287952,587084,Available,Available,Available,200,110,125,On Target,Above Trend,Above Trend,08/10 00:00:00 MDT,09/01 00:00:00 MDT,w2,0,2015-08-12 00:00:00,Contract,Contract,Contract,1529510,1529512,1529511,67095,2079956,469667,134190,2287952,587084,True,True,361790,True,690985,True,0,1
2015-08-10,2015-08-10 00:00:00,Chevron,PILOT TRAVEL CENTERS LLC : CHV7460761,1045 SALT LAKE CITY UT TRM CHEVRON,DIESEL #2,67095,2079956,469667,1,102228,0,89878,89878,780863,0,780863,451668,1,w2,89878,0,464018,134190,2287952,587084,Available,Available,Limited,200,110,125,On Target,Above Trend,Above Trend,08/11 00:00:00 MDT,09/01 00:00:00 MDT,w2,0,2015-08-12 00:00:00,Contract,Contract,Contract,1562617,1562619,1562618,67095,2079956,469667,134190,2287952,587084,True,True,464018,True,793213,True,0,0
2015-08-11,2015-08-11 00:00:00,Chevron,PILOT TRAVEL CENTERS LLC : CHV7460761,1045 SALT LAKE CITY UT TRM CHEVRON,DIESEL #2,67095,2079956,469667,1,49443,1,61793,49443,842656,0,842656,513461,1,w2,49443,0,513461,134190,2287952,587084,Available,Available,Low,200,110,125,On Target,Above Trend,Above Trend,08/12 00:00:00 MDT,09/01 00:00:00 MDT,w2,0,2015-08-12 00:00:00,Contract,Contract,Contract,1584750,1584752,1584751,67095,2079956,469667,134190,2287952,587084,True,True,513461,True,842656,True,0,1
2015-08-12,2015-08-12 00:00:00,Chevron,PILOT TRAVEL CENTERS LLC : CHV7460761,1045 SALT LAKE CITY UT TRM CHEVRON,DIESEL #2,67095,2079956,469667,1,71225,0,71225,71225,913881,0,913881,71225,1,w3,71225,0,71225,67095,2079956,469667,Out,Available,Available,100,100,100,Above Trend,Above Trend,Above Trend,08/13 00:00:00 MDT,09/01 00:00:00 MDT,w3,0,2015-08-19 00:00:00,Contract,Contract,Contract,1634862,1634864,1634863,67095,2079956,469667,67095,2079956,469667,True,True,71225,True,913881,True,0,1
2015-08-13,2015-08-13 00:00:00,Chevron,PILOT TRAVEL CENTERS LLC : CHV7460761,1045 SALT LAKE CITY UT TRM CHEVRON,DIESEL #2,67095,2079956,469667,1,70140,0,70140,70140,984021,0,984021,141365,1,w3,70140,0,141365,67095,2079956,469667,Out,Available,Available,100,100,100,Above Trend,Above Trend,Above Trend,08/14 00:00:00 MDT,09/01 00:00:00 MDT,w3,0,2015-08-19 00:00:00,Contract,Contract,Contract,1674792,1674794,1674793,67095,2079956,469667,67095,2079956,469667,True,True,141365,True,984021,True,0,1
2015-08-14,2015-08-14 00:00:00,Chevron,PILOT TRAVEL CENTERS LLC : CHV7460761,1045 SALT LAKE CITY UT TRM CHEVRON,DIESEL #2,67095,2079956,469667,1,78119,0,78119,78119,1062140,0,1062140,219484,1,w3,78119,0,219484,67095,2079956,469667,Out,Available,Available,100,100,100,Above Trend,Above Trend,Above Trend,08/15 00:00:00 MDT,09/01 00:00:00 MDT,w3,0,2015-08-19 00:00:00,Contract,Contract,Contract,1714404,1714406,1714405,67095,2079956,469667,67095,2079956,469667,True,True,219484,True,1062140,True,0,1
2015-08-15,2015-08-15 00:00:00,Chevron,PILOT TRAVEL CENTERS LLC : CHV7460761,1045 SALT LAKE CITY UT TRM CHEVRON,DIESEL #2,67095,2079956,469667,1,56347,0,45850,45850,1107990,0,1107990,265334,1,w3,45850,0,275831,67095,2079956,469667,Available,Available,Available,100,100,100,Above Trend,Above Trend,Above Trend,08/16 00:00:00 MDT,09/01 00:00:00 MDT,w3,0,2015-08-19 00:00:00,Contract,Contract,Contract,1746773,1746775,1746774,67095,2079956,469667,67095,2079956,469667,True,True,275831,True,1118487,True,0,0
2015-08-16,2015-08-16 00:00:00,Chevron,PILOT TRAVEL CENTERS LLC : CHV7460761,1045 SALT LAKE CITY UT TRM CHEVRON,DIESEL #2,67095,2079956,469667,1,36221,1,46718,36221,1154708,0,1154708,312052,1,w3,36221,0,312052,67095,2079956,469667,Available,Available,Available,100,100,100,On Target,Above Trend,Above Trend,08/17 00:00:00 MDT,09/01 00:00:00 MDT,w3,0,2015-08-19 00:00:00,Contract,Contract,Contract,1788520,1788522,1788521,67095,2079956,469667,67095,2079956,469667,True,True,312052,True,1154708,True,0,1
2015-08-17,2015-08-17 00:00:00,Chevron,PILOT TRAVEL CENTERS LLC : CHV7460761,1045 SALT LAKE CITY UT TRM CHEVRON,DIESEL #2,67095,2079956,469667,1,73789,0,0,0,1154708,0,1154708,312052,1,w3,0,0,385841,67095,2079956,469667,Available,Available,Available,100,100,100,Below Trend,Above Trend,Above Trend,08/18 00:00:00 MDT,09/01 00:00:00 MDT,w3,0,2015-08-19 00:00:00,Contract,Contract,Contract,1800573,1800575,1800574,67095,2079956,469667,67095,2079956,469667,True,True,385841,True,1228497,True,0,0
2015-08-18,2015-08-18 00:00:00,Chevron,PILOT TRAVEL CENTERS LLC : CHV7460761,1045 SALT LAKE CITY UT TRM CHEVRON,DIESEL #2,67095,2079956,469667,1,122774,1,196563,122774,1351271,0,1351271,508615,1,w3,122774,0,508615,67095,2079956,469667,Available,Available,Available,100,100,100,Above Trend,Above Trend,Above Trend,08/19 00:00:00 MDT,09/01 00:00:00 MDT,w3,0,2015-08-19 00:00:00,Contract,Contract,Contract,1871176,1871178,1871177,67095,2079956,469667,67095,2079956,469667,True,True,508615,True,1351271,True,0,1
2015-08-19,2015-08-19 00:00:00,Chevron,PILOT TRAVEL CENTERS LLC : CHV7460761,1045 SALT LAKE CITY UT TRM CHEVRON,DIESEL #2,67095,2079956,469667,1,70723,0,70723,70723,1421994,0,1421994,70723,1,w4,70723,0,70723,67095,2079956,469667,Available,Available,Available,100,100,100,Above Trend,Above Trend,Above Trend,08/20 00:00:00 MDT,09/01 00:00:00 MDT,w4,0,2015-08-26 00:00:00,Contract,Contract,Contract,1906832,1906834,1906833,67095,2079956,469667,67095,2079956,469667,True,True,70723,True,1421994,True,0,1
2015-08-20,2015-08-20 00:00:00,Chevron,PILOT TRAVEL CENTERS LLC : CHV7460761,1045 SALT LAKE CITY UT TRM CHEVRON,DIESEL #2,67095,2079956,469667,1,107825,0,107825,107825,1529819,0,1529819,178548,1,w4,107825,0,178548,100643,2287952,587084,Available,Available,Available,150,110,125,Above Trend,Above Trend,Above Trend,08/21 00:00:00 MDT,09/01 00:00:00 MDT,w4,0,2015-08-26 00:00:00,Contract,Contract,Contract,1944999,1945001,1945000,67095,2079956,469667,100643,2287952,587084,True,True,178548,True,1529819,True,0,1
2015-08-21,2015-08-21 00:00:00,Chevron,PILOT TRAVEL CENTERS LLC : CHV7460761,1045 SALT LAKE CITY UT TRM CHEVRON,DIESEL #2,67095,2079956,469667,1,155972,0,0,0,1529819,0,1529819,178548,1,w4,0,0,334520,100643,2287952,587084,Available,Available,Available,150,110,125,Below Trend,Above Trend,Above Trend,08/22 00:00:00 MDT,09/01 00:00:00 MDT,w4,0,2015-08-26 00:00:00,Contract,Contract,Contract,1949049,1949051,1949050,67095,2079956,469667,100643,2287952,587084,True,True,334520,True,1685791,True,0,0
2015-08-22,2015-08-22 00:00:00,Chevron,PILOT TRAVEL CENTERS LLC : CHV7460761,1045 SALT LAKE CITY UT TRM CHEVRON,DIESEL #2,67095,2079956,469667,1,36010,1,191982,36010,1721801,0,1721801,370530,1,w4,36010,0,370530,100643,2287952,587084,Available,Available,Available,150,110,125,On Target,Above Trend,Above Trend,08/23 00:00:00 MDT,09/01 00:00:00 MDT,w4,0,2015-08-26 00:00:00,Contract,Contract,Contract,2021729,2021731,2021730,67095,2079956,469667,100643,2287952,587084,True,True,370530,True,1721801,True,0,1
2015-08-23,2015-08-23 00:00:00,Chevron,PILOT TRAVEL CENTERS LLC : CHV7460761,1045 SALT LAKE CITY UT TRM CHEVRON,DIESEL #2,67095,2079956,469667,1,59535,0,47516,47516,1769317,0,1769317,418046,1,w4,47516,0,430065,100643,2287952,587084,Available,Available,Available,150,110,125,On Target,Above Trend,Above Trend,08/24 00:00:00 MDT,09/01 00:00:00 MDT,w4,0,2015-08-26 00:00:00,Contract,Contract,Contract,2057509,2057511,2057510,67095,2079956,469667,100643,2287952,587084,True,True,430065,True,1781336,True,0,0
2015-08-24,2015-08-24 00:00:00,Chevron,PILOT TRAVEL CENTERS LLC : CHV7460761,1045 SALT LAKE CITY UT TRM CHEVRON,DIESEL #2,67095,2079956,469667,1,103628,1,24519,12500,1793836,0,1793836,442565,1,w4,12500,0,533693,100643,2287952,587084,Available,Available,Available,150,110,125,On Target,Above Trend,Above Trend,08/25 00:00:00 MDT,09/01 00:00:00 MDT,w4,0,2015-08-26 00:00:00,Contract,Contract,Contract,2071157,2071159,2071158,67095,2079956,469667,100643,2287952,587084,True,True,533693,True,1884964,True,0,0
2015-08-25,2015-08-25 00:00:00,Chevron,PILOT TRAVEL CENTERS LLC : CHV7460761,1045 SALT LAKE CITY UT TRM CHEVRON,DIESEL #2,67095,2079956,469667,1,97348,1,176455,85327,1970291,0,1970291,619020,1,w4,85327,0,631041,100643,2287952,587084,Available,Limited,Available,150,110,125,Above Trend,Above Trend,Above Trend,08/26 00:00:00 MDT,09/01 00:00:00 MDT,w4,0,2015-08-26 00:00:00,Contract,Contract,Contract,2126526,2126528,2126527,67095,2079956,469667,100643,2287952,587084,True,True,631041,True,1982312,True,0,0
2015-08-26,2015-08-26 00:00:00,Chevron,PILOT TRAVEL CENTERS LLC : CHV7460761,1045 SALT LAKE CITY UT TRM CHEVRON,DIESEL #2,67095,2079956,469667,1,155909,0,143409,143409,2125721,0,2125721,143409,1,w5,143409,0,155909,100643,2287952,587084,Available,Low,Available,150,110,125,Above Trend,Above Trend,Above Trend,08/27 00:00:00 MDT,09/01 00:00:00 MDT,w5,0,2015-09-02 00:00:00,Contract,Contract,Contract,2153859,2153861,2153860,67095,2079956,469667,100643,2287952,587084,True,True,155909,True,2138221,True,0,0
2015-08-27,2015-08-27 00:00:00,Chevron,PILOT TRAVEL CENTERS LLC : CHV7460761,1045 SALT LAKE CITY UT TRM CHEVRON,DIESEL #2,67095,2079956,469667,1,89519,1,91518,79018,2217239,0,2217239,234927,1,w5,79018,0,245428,100643,2287952,587084,Available,Low,Available,150,110,125,Above Trend,Above Trend,Above Trend,08/28 00:00:00 MDT,09/01 00:00:00 MDT,w5,0,2015-09-02 00:00:00,Contract,Contract,Contract,2181323,2181325,2181324,67095,2079956,469667,100643,2287952,587084,True,True,245428,True,2227740,True,0,0
2015-08-28,2015-08-28 00:00:00,Chevron,PILOT TRAVEL CENTERS LLC : CHV7460761,1045 SALT LAKE CITY UT TRM CHEVRON,DIESEL #2,67095,2079956,469667,1,39311,1,39315,28814,2256554,0,2256554,274242,1,w5,28814,0,284739,100643,2287952,587084,Available,Low,Available,150,110,125,On Target,Above Trend,Above Trend,08/29 00:00:00 MDT,09/01 00:00:00 MDT,w5,0,2015-09-02 00:00:00,Contract,Contract,Contract,2212261,2212263,2212262,67095,2079956,469667,100643,2287952,587084,True,True,284739,True,2267051,True,0,0
2015-08-29,2015-08-29 00:00:00,Chevron,PILOT TRAVEL CENTERS LLC : CHV7460761,1045 SALT LAKE CITY UT TRM CHEVRON,DIESEL #2,67095,2079956,469667,1,60530,1,61013,50516,2317567,0,2317567,335255,1,w5,50516,0,345269,100643,2287952,587084,Available,Low,Available,150,110,125,On Target,Above Trend,Above Trend,08/30 00:00:00 MDT,09/01 00:00:00 MDT,w5,0,2015-09-02 00:00:00,Contract,Contract,Contract,2238901,2238903,2238902,67095,2079956,469667,100643,2287952,587084,True,True,345269,True,2327581,True,0,0
2015-08-30,2015-08-30 00:00:00,Chevron,PILOT TRAVEL CENTERS LLC : CHV7460761,1045 SALT LAKE CITY UT TRM CHEVRON,DIESEL #2,67095,2079956,469667,1,32808,1,42822,32808,2360389,0,2360389,378077,1,w5,32808,0,378077,100643,2287952,587084,Available,Low,Available,150,110,125,On Target,Above Trend,Above Trend,08/31 00:00:00 MDT,09/01 00:00:00 MDT,w5,0,2015-09-02 00:00:00,Contract,Contract,Contract,2265552,2265554,2265553,67095,2079956,469667,100643,2287952,587084,True,True,378077,True,2360389,True,0,1
2015-08-31,2015-08-31 00:00:00,Chevron,PILOT TRAVEL CENTERS LLC : CHV7460761,1045 SALT LAKE CITY UT TRM CHEVRON,DIESEL #2,67095,2079956,469667,1,80125,0,80125,80125,2440514,0,2440514,458202,1,w5,80125,0,458202,73805,2287952,516634,Out,Out,Low,110,110,110,Above Trend,Above Trend,Above Trend,09/01 00:00:00 MDT,09/01 00:00:00 MDT,w5,0,2015-09-02 00:00:00,Contract,Contract,Contract,2291206,2291208,2291207,67095,2079956,469667,73805,2287952,516634,True,True,458202,True,2440514,True,0,1
