,date,supplier_name,account_type,supplier_terminal_name,product_name,base_gallons_Daily,base_gallons_Monthly,base_gallons_Weekly,lifted_gallons_daily_flag,lifted_gallons_daily_modified,Modified_WeeksByLiftedGallons,lifted_gallons_modified_WeeksByLiftedGallons,lifted_gallons_Daily,Lifted_actual_monthly,lifted_gallons_monthly_flag,lifted_gallons_Monthly,Lifted_actual_weekly,lifted_gallons_weekly_flag,WeeksByLiftedGallons,lifted_gallonsWeekly_modified_aposteriori,Modified_LiftedGallonsaposteriori,lifted_gallons_Weekly,beginning_gallons_Daily,beginning_gallons_Monthly,beginning_gallons_Weekly,en_allocation_status_Daily,en_allocation_status_Monthly,en_allocation_status_Weekly,percentage_allocation_Daily_actual,percentage_allocation_Daily,percentage_allocation_Monthly_actual,percentage_allocation_Monthly,percentage_allocation_Weekly_actual,percentage_allocation_Weekly,alerts_ratability_Daily,alerts_ratability_Monthly,alerts_ratability_Weekly,next_refresh_date_Daily,next_refresh_date_Monthly,Week_switch,Modified_NRD,next_refresh_date_Weekly,en_account_type_Daily,en_account_type_Monthly,en_account_type_Weekly,NRB_Daily,next_refresh_base_gallons_Daily,NRB_Monthly,next_refresh_base_gallons_Monthly,next_refresh_base_gallons_Weekly,remaining_gallons_Daily,remaining_gallons_Monthly,remaining_gallons_Weekly,additional_gallons_allowed_Daily,additional_gallons_allowed_Monthly,additional_gallons_allowed_Weekly,additional_gallons_remaining_Daily,additional_gallons_remaining_Monthly,additional_gallons_remaining_Weekly,staging_id_Daily,staging_id_Monthly,staging_id_Weekly,base_gallons_Daily_Reconciled,base_gallons_Monthly_Reconciled,base_gallons_Weekly_Reconciled,beginning_gallons_Daily_Reconciled,beginning_gallons_Monthly_Reconciled,beginning_gallons_Weekly_Reconciled,sanityWeekly_CumulativeDaily_WeeksByLiftedGallons,sanityWeekly_CumulativeDaily_NextRefreshDate,computedWeekly,sanityComputedWeekly,computedMonthly,sanityComputedMonthly,remaining_gallons_Daily_Reconciled,remaining_gallons_Monthly_Reconciled,remaining_gallons_Weekly_Reconciled,additional_gallons_remaining_Daily_Reconciled,additional_gallons_remaining_Monthly_Reconciled,additional_gallons_remaining_Weekly_Reconciled,sanityMonthly_CumulativeDaily_WeeksByLiftedGallons,sanityMonthly_CumulativeDaily_WeeksByNextRefreshDate
2015-08-01,2015-08-01 00:00:00,Holly,PILOT TRAVEL CENTERS LLC - PRODUCT,Albuquerque NM - VEC - T109,V,0,0,0,1,0,0,0,0,0,0,0,23405,1,w1,0,0,0,7000,1000000,300000,Available,Available,Available,-1,100,-1,100,-1,100,-1,-1,-1,08/02 00:00:00 MDT,09/01 00:00:00 MDT,w1,0,2015-08-04 00:00:00,Contract,Contract,Contract,0,7000,0,1000000,300000,7000,1000000,276595,0,0,0,0,0,0,1272056,1272058,1272057,7000,1000000,300000,0,0,0,True,False,0,True,0,True,7000,1000000,300000,-1,-1,-1,1,1
2015-08-02,2015-08-02 00:00:00,Holly,PILOT TRAVEL CENTERS LLC - PRODUCT,Albuquerque NM - VEC - T109,V,0,0,0,1,0,0,0,0,0,0,0,23405,1,w1,0,0,0,7000,1000000,300000,Available,Available,Available,-1,100,-1,100,-1,100,-1,-1,-1,08/03 00:00:00 MDT,09/01 00:00:00 MDT,w1,0,2015-08-04 00:00:00,Contract,Contract,Contract,0,7000,0,1000000,300000,7000,1000000,276595,0,0,0,0,0,0,1301729,1301731,1301730,7000,1000000,300000,0,0,0,True,False,0,True,0,True,7000,1000000,300000,-1,-1,-1,1,1
2015-08-03,2015-08-03 00:00:00,Holly,PILOT TRAVEL CENTERS LLC - PRODUCT,Albuquerque NM - VEC - T109,V,0,0,0,1,0,0,0,0,0,0,0,23405,1,w1,0,0,0,7000,1000000,300000,Available,Available,Available,-1,100,-1,100,-1,100,-1,-1,-1,08/04 00:00:00 MDT,09/01 00:00:00 MDT,w1,0,2015-08-04 00:00:00,Contract,Contract,Contract,0,7000,0,1000000,300000,7000,1000000,276595,0,0,0,0,0,0,1331334,1331336,1331335,7000,1000000,300000,0,0,0,True,False,0,True,0,True,7000,1000000,300000,-1,-1,-1,1,1
2015-08-04,2015-08-04 00:00:00,Holly,PILOT TRAVEL CENTERS LLC - PRODUCT,Albuquerque NM - VEC - T109,V,0,0,0,1,0,0,0,0,0,0,0,0,1,w2,0,0,0,7000,1000000,300000,Available,Available,Available,-1,100,-1,100,-1,100,-1,-1,-1,08/05 00:00:00 MDT,09/01 00:00:00 MDT,w2,0,2015-08-11 00:00:00,Contract,Contract,Contract,0,7000,0,1000000,300000,7000,1000000,300000,0,0,0,0,0,0,1361517,1361519,1361518,7000,1000000,300000,0,0,0,True,True,0,True,0,True,7000,1000000,300000,-1,-1,-1,1,1
2015-08-05,2015-08-05 00:00:00,Holly,PILOT TRAVEL CENTERS LLC - PRODUCT,Albuquerque NM - VEC - T109,V,0,0,0,1,0,0,0,0,0,0,0,0,1,w2,0,0,0,7000,1000000,300000,Available,Available,Available,-1,100,-1,100,-1,100,-1,-1,-1,08/06 00:00:00 MDT,09/01 00:00:00 MDT,w2,0,2015-08-11 00:00:00,Contract,Contract,Contract,0,7000,0,1000000,300000,7000,1000000,300000,0,0,0,0,0,0,1390002,1390004,1390003,7000,1000000,300000,0,0,0,True,True,0,True,0,True,7000,1000000,300000,-1,-1,-1,1,1
2015-08-06,2015-08-06 00:00:00,Holly,PILOT TRAVEL CENTERS LLC - PRODUCT,Albuquerque NM - VEC - T109,V,0,0,0,1,0,0,0,0,0,0,0,0,1,w2,0,0,0,7000,1000000,300000,Available,Available,Available,-1,100,-1,100,-1,100,-1,-1,-1,08/07 00:00:00 MDT,09/01 00:00:00 MDT,w2,0,2015-08-11 00:00:00,Contract,Contract,Contract,0,7000,0,1000000,300000,7000,1000000,300000,0,0,0,0,0,0,1425851,1425853,1425852,7000,1000000,300000,0,0,0,True,True,0,True,0,True,7000,1000000,300000,-1,-1,-1,1,1
2015-08-07,2015-08-07 00:00:00,Holly,PILOT TRAVEL CENTERS LLC - PRODUCT,Albuquerque NM - VEC - T109,V,0,0,0,1,0,0,0,0,0,0,0,0,1,w2,0,0,0,7000,1000000,300000,Available,Available,Available,-1,100,-1,100,-1,100,-1,-1,-1,08/08 00:00:00 MDT,09/01 00:00:00 MDT,w2,0,2015-08-11 00:00:00,Contract,Contract,Contract,0,7000,0,1000000,300000,7000,1000000,300000,0,0,0,0,0,0,1461386,1461388,1461387,7000,1000000,300000,0,0,0,True,True,0,True,0,True,7000,1000000,300000,-1,-1,-1,1,1
2015-08-08,2015-08-08 00:00:00,Holly,PILOT TRAVEL CENTERS LLC - PRODUCT,Albuquerque NM - VEC - T109,V,0,0,0,1,7699,0,7699,7699,7699,0,7699,7699,1,w2,7699,0,7699,7000,1000000,300000,Out,Available,Available,-1,100,-1,100,-1,100,-1,-1,-1,08/09 00:00:00 MDT,09/01 00:00:00 MDT,w2,0,2015-08-11 00:00:00,Contract,Contract,Contract,0,7000,0,1000000,300000,-699,992301,292301,0,0,0,0,0,0,1495675,1495677,1495676,7000,1000000,300000,0,0,0,True,True,7699,True,7699,True,-699,992301,292301,-1,-1,-1,1,1
2015-08-09,2015-08-09 00:00:00,Holly,PILOT TRAVEL CENTERS LLC - PRODUCT,Albuquerque NM - VEC - T109,V,0,0,0,1,7701,0,7701,7701,15400,0,15400,15400,1,w2,7701,0,15400,7000,1000000,300000,Out,Available,Available,-1,100,-1,100,-1,100,-1,-1,-1,08/10 00:00:00 MDT,09/01 00:00:00 MDT,w2,0,2015-08-11 00:00:00,Contract,Contract,Contract,0,7000,0,1000000,300000,-701,984600,284600,0,0,0,0,0,0,1529360,1529362,1529361,7000,1000000,300000,0,0,0,True,True,15400,True,15400,True,-701,984600,284600,-1,-1,-1,1,1
2015-08-10,2015-08-10 00:00:00,Holly,PILOT TRAVEL CENTERS LLC - PRODUCT,Albuquerque NM - VEC - T109,V,0,0,0,1,0,0,0,0,15400,0,15400,15400,1,w2,0,0,15400,7000,1000000,300000,Available,Available,Available,-1,100,-1,100,-1,100,-1,-1,-1,08/11 00:00:00 MDT,09/01 00:00:00 MDT,w2,0,2015-08-11 00:00:00,Contract,Contract,Contract,0,7000,0,1000000,300000,7000,984600,284600,0,0,0,0,0,0,1562467,1562469,1562468,7000,1000000,300000,0,0,0,True,True,15400,True,15400,True,7000,984600,284600,-1,-1,-1,1,1
2015-08-11,2015-08-11 00:00:00,Holly,PILOT TRAVEL CENTERS LLC - PRODUCT,Albuquerque NM - VEC - T109,V,0,0,0,1,0,0,0,0,15400,0,15400,0,1,w3,0,0,0,7000,1000000,300000,Available,Available,Available,-1,100,-1,100,-1,100,-1,-1,-1,08/12 00:00:00 MDT,09/01 00:00:00 MDT,w3,0,2015-08-18 00:00:00,Contract,Contract,Contract,0,7000,0,1000000,300000,7000,984600,300000,0,0,0,0,0,0,1595453,1595455,1595454,7000,1000000,300000,0,0,0,True,True,0,True,15400,True,7000,984600,300000,-1,-1,-1,1,1
2015-08-12,2015-08-12 00:00:00,Holly,PILOT TRAVEL CENTERS LLC - PRODUCT,Albuquerque NM - VEC - T109,V,0,0,0,1,0,0,0,0,15400,0,15400,0,1,w3,0,0,0,7000,1000000,300000,Available,Available,Available,-1,100,-1,100,-1,100,-1,-1,-1,08/13 00:00:00 MDT,09/01 00:00:00 MDT,w3,0,2015-08-18 00:00:00,Contract,Contract,Contract,0,7000,0,1000000,300000,7000,984600,300000,0,0,0,0,0,0,1634712,1634714,1634713,7000,1000000,300000,0,0,0,True,True,0,True,15400,True,7000,984600,300000,-1,-1,-1,1,1
2015-08-13,2015-08-13 00:00:00,Holly,PILOT TRAVEL CENTERS LLC - PRODUCT,Albuquerque NM - VEC - T109,V,0,0,0,1,0,0,0,0,15400,0,15400,0,1,w3,0,0,0,7000,1000000,300000,Available,Available,Available,-1,100,-1,100,-1,100,-1,-1,-1,08/14 00:00:00 MDT,09/01 00:00:00 MDT,w3,0,2015-08-18 00:00:00,Contract,Contract,Contract,0,7000,0,1000000,300000,7000,984600,300000,0,0,0,0,0,0,1674642,1674644,1674643,7000,1000000,300000,0,0,0,True,True,0,True,15400,True,7000,984600,300000,-1,-1,-1,1,1
2015-08-14,2015-08-14 00:00:00,Holly,PILOT TRAVEL CENTERS LLC - PRODUCT,Albuquerque NM - VEC - T109,V,0,0,0,1,0,0,0,0,15400,0,15400,0,1,w3,0,0,0,7000,1000000,300000,Available,Available,Available,-1,100,-1,100,-1,100,-1,-1,-1,08/15 00:00:00 MDT,09/01 00:00:00 MDT,w3,0,2015-08-18 00:00:00,Contract,Contract,Contract,0,7000,0,1000000,300000,7000,984600,300000,0,0,0,0,0,0,1714254,1714256,1714255,7000,1000000,300000,0,0,0,True,True,0,True,15400,True,7000,984600,300000,-1,-1,-1,1,1
2015-08-15,2015-08-15 00:00:00,Holly,PILOT TRAVEL CENTERS LLC - PRODUCT,Albuquerque NM - VEC - T109,V,0,0,0,1,0,0,0,0,15400,0,15400,0,1,w3,0,0,0,7000,1000000,300000,Available,Available,Available,-1,100,-1,100,-1,100,-1,-1,-1,08/16 00:00:00 MDT,09/01 00:00:00 MDT,w3,0,2015-08-18 00:00:00,Contract,Contract,Contract,0,7000,0,1000000,300000,7000,984600,300000,0,0,0,0,0,0,1752013,1752015,1752014,7000,1000000,300000,0,0,0,True,True,0,True,15400,True,7000,984600,300000,-1,-1,-1,1,1
2015-08-16,2015-08-16 00:00:00,Holly,PILOT TRAVEL CENTERS LLC - PRODUCT,Albuquerque NM - VEC - T109,V,0,0,0,1,0,0,0,0,15400,0,15400,0,1,w3,0,0,0,7000,1000000,300000,Available,Available,Available,-1,100,-1,100,-1,100,-1,-1,-1,08/17 00:00:00 MDT,09/01 00:00:00 MDT,w3,0,2015-08-18 00:00:00,Contract,Contract,Contract,0,7000,0,1000000,300000,7000,984600,300000,0,0,0,0,0,0,1788370,1788372,1788371,7000,1000000,300000,0,0,0,True,True,0,True,15400,True,7000,984600,300000,-1,-1,-1,1,1
2015-08-17,2015-08-17 00:00:00,Holly,PILOT TRAVEL CENTERS LLC - PRODUCT,Albuquerque NM - VEC - T109,V,0,0,0,1,0,0,0,0,15400,0,15400,0,1,w3,0,0,0,7000,1000000,300000,Available,Available,Available,-1,100,-1,100,-1,100,-1,-1,-1,08/18 00:00:00 MDT,09/01 00:00:00 MDT,w3,0,2015-08-18 00:00:00,Contract,Contract,Contract,0,7000,0,1000000,300000,7000,984600,300000,0,0,0,0,0,0,1829694,1829696,1829695,7000,1000000,300000,0,0,0,True,True,0,True,15400,True,7000,984600,300000,-1,-1,-1,1,1
2015-08-18,2015-08-18 00:00:00,Holly,PILOT TRAVEL CENTERS LLC - PRODUCT,Albuquerque NM - VEC - T109,V,0,0,0,1,0,0,0,0,15400,0,15400,0,1,w3,0,0,0,7000,1000000,300000,Available,Available,Available,-1,100,-1,100,-1,100,-1,-1,-1,08/19 00:00:00 MDT,09/01 00:00:00 MDT,w4,0,2015-08-25 00:00:00,Contract,Contract,Contract,0,7000,0,1000000,300000,7000,984600,300000,0,0,0,0,0,0,1868216,1868218,1868217,7000,1000000,300000,0,0,0,True,True,0,True,15400,True,7000,984600,300000,-1,-1,-1,1,1
2015-08-19,2015-08-19 00:00:00,Holly,PILOT TRAVEL CENTERS LLC - PRODUCT,Albuquerque NM - VEC - T109,V,0,0,0,1,0,0,0,0,15400,0,15400,0,1,w3,0,0,0,7000,1000000,300000,Available,Available,Available,-1,100,-1,100,-1,100,-1,-1,-1,08/20 00:00:00 MDT,09/01 00:00:00 MDT,w4,0,2015-08-25 00:00:00,Contract,Contract,Contract,0,7000,0,1000000,300000,7000,984600,300000,0,0,0,0,0,0,1904254,1904256,1904255,7000,1000000,300000,0,0,0,True,True,0,True,15400,True,7000,984600,300000,-1,-1,-1,1,1
2015-08-20,2015-08-20 00:00:00,Holly,PILOT TRAVEL CENTERS LLC - PRODUCT,Albuquerque NM - VEC - T109,V,0,0,0,1,0,0,0,0,15400,0,15400,0,1,w3,0,0,0,7000,1000000,300000,Available,Available,Available,-1,100,-1,100,-1,100,-1,-1,-1,08/21 00:00:00 MDT,09/01 00:00:00 MDT,w4,0,2015-08-25 00:00:00,Contract,Contract,Contract,0,7000,0,1000000,300000,7000,984600,300000,0,0,0,0,0,0,1943189,1943191,1943190,7000,1000000,300000,0,0,0,True,True,0,True,15400,True,7000,984600,300000,-1,-1,-1,1,1
2015-08-21,2015-08-21 00:00:00,Holly,PILOT TRAVEL CENTERS LLC - PRODUCT,Albuquerque NM - VEC - T109,V,0,0,0,1,7503,0,7503,7503,22903,0,22903,7503,1,w3,7503,0,7503,7000,1000000,300000,Out,Available,Available,-1,100,-1,100,-1,100,-1,-1,-1,08/22 00:00:00 MDT,09/01 00:00:00 MDT,w4,0,2015-08-25 00:00:00,Contract,Contract,Contract,0,7000,0,1000000,300000,-503,977097,292497,0,0,0,0,0,0,1981905,1981907,1981906,7000,1000000,300000,0,0,0,True,True,7503,True,22903,True,-503,977097,292497,-1,-1,-1,1,1
2015-08-22,2015-08-22 00:00:00,Holly,PILOT TRAVEL CENTERS LLC - PRODUCT,Albuquerque NM - VEC - T109,V,0,0,0,1,0,0,0,0,22903,0,22903,7503,1,w3,0,0,7503,7000,1000000,300000,Available,Available,Available,-1,100,-1,100,-1,100,-1,-1,-1,08/23 00:00:00 MDT,09/01 00:00:00 MDT,w4,0,2015-08-25 00:00:00,Contract,Contract,Contract,0,7000,0,1000000,300000,7000,977097,292497,0,0,0,0,0,0,2019919,2019921,2019920,7000,1000000,300000,0,0,0,True,True,7503,True,22903,True,7000,977097,292497,-1,-1,-1,1,1
2015-08-23,2015-08-23 00:00:00,Holly,PILOT TRAVEL CENTERS LLC - PRODUCT,Albuquerque NM - VEC - T109,V,0,0,0,1,0,0,0,0,22903,0,22903,7503,1,w3,0,0,7503,7000,1000000,300000,Available,Available,Available,-1,100,-1,100,-1,100,-1,-1,-1,08/24 00:00:00 MDT,09/01 00:00:00 MDT,w4,0,2015-08-25 00:00:00,Contract,Contract,Contract,0,7000,0,1000000,300000,7000,977097,292497,0,0,0,0,0,0,2055827,2055829,2055828,7000,1000000,300000,0,0,0,True,True,7503,True,22903,True,7000,977097,292497,-1,-1,-1,1,1
2015-08-24,2015-08-24 00:00:00,Holly,PILOT TRAVEL CENTERS LLC - PRODUCT,Albuquerque NM - VEC - T109,V,0,0,0,1,0,0,0,0,22903,0,22903,7503,1,w3,0,0,7503,7000,1000000,300000,Available,Available,Available,-1,100,-1,100,-1,100,-1,-1,-1,08/25 00:00:00 MDT,09/01 00:00:00 MDT,w4,0,2015-08-25 00:00:00,Contract,Contract,Contract,0,7000,0,1000000,300000,7000,977097,292497,0,0,0,0,0,0,2093460,2093462,2093461,7000,1000000,300000,0,0,0,True,True,7503,True,22903,True,7000,977097,292497,-1,-1,-1,1,1
2015-08-25,2015-08-25 00:00:00,Holly,PILOT TRAVEL CENTERS LLC - PRODUCT,Albuquerque NM - VEC - T109,V,0,0,0,1,0,0,0,0,22903,0,22903,0,1,w4,0,0,0,7000,1000000,300000,Available,Available,Available,-1,100,-1,100,-1,100,-1,-1,-1,08/26 00:00:00 MDT,09/01 00:00:00 MDT,w5,0,2015-09-01 00:00:00,Contract,Contract,Contract,0,7000,0,1000000,300000,7000,977097,300000,0,0,0,0,0,0,2125736,2125738,2125737,7000,1000000,300000,0,0,0,True,True,0,True,22903,True,7000,977097,300000,-1,-1,-1,1,1
2015-08-26,2015-08-26 00:00:00,Holly,PILOT TRAVEL CENTERS LLC - PRODUCT,Albuquerque NM - VEC - T109,V,0,0,0,1,7700,0,7700,7700,30603,0,30603,7700,1,w4,7700,0,7700,7000,1000000,300000,Out,Available,Available,-1,100,-1,100,-1,100,-1,-1,-1,08/27 00:00:00 MDT,09/01 00:00:00 MDT,w5,0,2015-09-01 00:00:00,Contract,Contract,Contract,0,7000,0,1000000,300000,-700,969397,292300,0,0,0,0,0,0,2153197,2153199,2153198,7000,1000000,300000,0,0,0,True,True,7700,True,30603,True,-700,969397,292300,-1,-1,-1,1,1
2015-08-27,2015-08-27 00:00:00,Holly,PILOT TRAVEL CENTERS LLC - PRODUCT,Albuquerque NM - VEC - T109,V,0,0,0,1,0,0,0,0,30603,0,30603,7700,1,w4,0,0,7700,7000,1000000,300000,Available,Available,Available,-1,100,-1,100,-1,100,-1,-1,-1,08/28 00:00:00 MDT,09/01 00:00:00 MDT,w5,0,2015-09-01 00:00:00,Contract,Contract,Contract,0,7000,0,1000000,300000,7000,969397,292300,0,0,0,0,0,0,2180406,2180408,2180407,7000,1000000,300000,0,0,0,True,True,7700,True,30603,True,7000,969397,292300,-1,-1,-1,1,1
2015-08-28,2015-08-28 00:00:00,Holly,PILOT TRAVEL CENTERS LLC - PRODUCT,Albuquerque NM - VEC - T109,V,0,0,0,1,7700,0,7700,7700,38303,0,38303,15400,1,w4,7700,0,15400,7000,1000000,300000,Out,Available,Available,-1,100,-1,100,-1,100,-1,-1,-1,08/29 00:00:00 MDT,09/01 00:00:00 MDT,w5,0,2015-09-01 00:00:00,Contract,Contract,Contract,0,7000,0,1000000,300000,-700,961697,284600,0,0,0,0,0,0,2211471,2211473,2211472,7000,1000000,300000,0,0,0,True,True,15400,True,38303,True,-700,961697,284600,-1,-1,-1,1,1
2015-08-29,2015-08-29 00:00:00,Holly,PILOT TRAVEL CENTERS LLC - PRODUCT,Albuquerque NM - VEC - T109,V,0,0,0,1,7700,0,7700,7700,46003,0,46003,23100,1,w4,7700,0,23100,7000,1000000,300000,Out,Available,Available,-1,100,-1,100,-1,100,-1,-1,-1,08/30 00:00:00 MDT,09/01 00:00:00 MDT,w5,0,2015-09-01 00:00:00,Contract,Contract,Contract,0,7000,0,1000000,300000,-700,953997,276900,0,0,0,0,0,0,2238366,2238368,2238367,7000,1000000,300000,0,0,0,True,True,23100,True,46003,True,-700,953997,276900,-1,-1,-1,1,1
2015-08-30,2015-08-30 00:00:00,Holly,PILOT TRAVEL CENTERS LLC - PRODUCT,Albuquerque NM - VEC - T109,V,0,0,0,1,0,0,0,0,46003,0,46003,23100,1,w4,0,0,23100,7000,1000000,300000,Available,Available,Available,-1,100,-1,100,-1,100,-1,-1,-1,08/31 00:00:00 MDT,09/01 00:00:00 MDT,w5,0,2015-09-01 00:00:00,Contract,Contract,Contract,0,7000,0,1000000,300000,7000,953997,276900,0,0,0,0,0,0,2265017,2265019,2265018,7000,1000000,300000,0,0,0,True,True,23100,True,46003,True,7000,953997,276900,-1,-1,-1,1,1
2015-08-31,2015-08-31 00:00:00,Holly,PILOT TRAVEL CENTERS LLC - PRODUCT,Albuquerque NM - VEC - T109,V,0,0,0,1,15403,0,15403,15403,61406,0,61406,38503,1,w4,15403,0,38503,15000,1000000,300000,Out,Available,Available,-1,100,-1,100,-1,100,-1,-1,-1,09/01 00:00:00 MDT,09/01 00:00:00 MDT,w5,0,2015-09-01 00:00:00,Contract,Contract,Contract,7000,7000,1000000,1000000,300000,-403,938594,261497,0,0,0,0,0,0,2290671,2290673,2290672,15000,1000000,300000,0,0,0,True,True,38503,True,61406,True,-403,938594,261497,-1,-1,-1,1,1
