,date,supplier_name,account_type,supplier_terminal_name,product_name,base_gallons_Daily,base_gallons_Monthly,base_gallons_Weekly,lifted_gallons_daily_flag,lifted_gallons_daily_modified,Modified_WeeksByLiftedGallons,lifted_gallons_modified_WeeksByLiftedGallons,lifted_gallons_Daily,Lifted_actual_monthly,lifted_gallons_monthly_flag,lifted_gallons_Monthly,Lifted_actual_weekly,lifted_gallons_weekly_flag,WeeksByLiftedGallons,lifted_gallonsWeekly_modified_aposteriori,Modified_LiftedGallonsaposteriori,lifted_gallons_Weekly,beginning_gallons_Daily,beginning_gallons_Monthly,beginning_gallons_Weekly,en_allocation_status_Daily,en_allocation_status_Monthly,en_allocation_status_Weekly,percentage_allocation_Daily_actual,percentage_allocation_Daily,percentage_allocation_Monthly_actual,percentage_allocation_Monthly,percentage_allocation_Weekly_actual,percentage_allocation_Weekly,alerts_ratability_Daily,alerts_ratability_Monthly,alerts_ratability_Weekly,next_refresh_date_Daily,next_refresh_date_Monthly,Week_switch,Modified_NRD,next_refresh_date_Weekly,en_account_type_Daily,en_account_type_Monthly,en_account_type_Weekly,NRB_Daily,next_refresh_base_gallons_Daily,NRB_Monthly,next_refresh_base_gallons_Monthly,next_refresh_base_gallons_Weekly,remaining_gallons_Daily,remaining_gallons_Monthly,remaining_gallons_Weekly,additional_gallons_allowed_Daily,additional_gallons_allowed_Monthly,additional_gallons_allowed_Weekly,additional_gallons_remaining_Daily,additional_gallons_remaining_Monthly,additional_gallons_remaining_Weekly,staging_id_Daily,staging_id_Monthly,staging_id_Weekly,base_gallons_Daily_Reconciled,base_gallons_Monthly_Reconciled,base_gallons_Weekly_Reconciled,beginning_gallons_Daily_Reconciled,beginning_gallons_Monthly_Reconciled,beginning_gallons_Weekly_Reconciled,sanityWeekly_CumulativeDaily_WeeksByLiftedGallons,sanityWeekly_CumulativeDaily_NextRefreshDate,computedWeekly,computedMonthly,sanityComputedMonthly,remaining_gallons_Daily_Reconciled,remaining_gallons_Monthly_Reconciled,remaining_gallons_Weekly_Reconciled,additional_gallons_remaining_Daily_Reconciled,additional_gallons_remaining_Monthly_Reconciled,additional_gallons_remaining_Weekly_Reconciled,sanityMonthly_CumulativeDaily_WeeksByLiftedGallons,sanityMonthly_CumulativeDaily_WeeksByNextRefreshDate
2015-07-01,2015-07-01 00:00:00,Exxon,PILOT TRAVEL CENTERS LLC 103637 IW,MEMPHIS TN (MOC) - 00QE,ULSD,26442,-1,185092,0,45460,0,45460,45460,-1,0,-1,258946,0,w1,45460,0,258946,39663,-1,259129,Out,-1,Out,150%,150,-1,100,140%,140,Above Trend,-1,On Track,07/02 00:00:00 CDT,-1,w1,0,2015-07-02 00:00:00,Contract,-1,Contract,26442,26442,-1,-1,185092,-5797,-1,183,0,-1,0,0,-1,0,507953,-1,507954,26400,-1,185000,39663,-1,259128,True,True,45460,45460,1,-5797,-1,183,-1,-1,-1,0,0
2015-07-02,2015-07-02 00:00:00,Exxon,PILOT TRAVEL CENTERS LLC 103637 IW,MEMPHIS TN (MOC) - 00QE,ULSD,26442,-1,185092,0,38635,0,38635,38635,-1,0,-1,38635,0,w2,38635,0,38635,39663,-1,259129,Available,-1,Available,150%,150,-1,100,140%,140,Above Trend,-1,Above Trend,07/03 00:00:00 CDT,-1,w2,0,2015-07-09 00:00:00,Contract,-1,Contract,26442,26442,-1,-1,185092,1028,-1,220494,0,-1,0,0,-1,0,527028,-1,527029,26400,-1,185000,39663,-1,259128,True,True,38635,84095,1,1028,-1,220494,-1,-1,-1,0,0
2015-07-03,2015-07-03 00:00:00,Exxon,PILOT TRAVEL CENTERS LLC 103637 IW,MEMPHIS TN (MOC) - 00QE,ULSD,26442,-1,185092,3,15451,1,15451,7726,-1,0,-1,54086,0,w2,7726,0,54086,39663,-1,259129,Available,-1,Available,150%,150,-1,100,140%,140,Below Trend,-1,On Track,07/04 00:00:00 CDT,-1,w2,0,2015-07-09 00:00:00,Contract,-1,Contract,26442,26442,-1,-1,185092,31937,-1,205043,0,-1,0,0,-1,0,534869,-1,534870,26400,-1,185000,39663,-1,259128,True,True,54086,99546,1,24212,-1,205043,-1,-1,-1,0,0
2015-07-04,2015-07-04 00:00:00,Exxon,PILOT TRAVEL CENTERS LLC 103637 IW,MEMPHIS TN (MOC) - 00QE,ULSD,26442,-1,185092,3,68250,1,68250,45175,-1,0,-1,122336,0,w2,45175,0,122336,39663,-1,259129,Out,-1,Out,150%,150,-1,100,140%,140,Above Trend,-1,Above Trend,07/05 00:00:00 CDT,-1,w2,0,2015-07-09 00:00:00,Contract,-1,Contract,26442,26442,-1,-1,185092,-5512,-1,136793,0,-1,0,0,-1,0,540931,-1,540932,26400,-1,185000,39663,-1,259128,True,True,122336,167796,1,-28587,-1,136793,-1,-1,-1,0,0
2015-07-05,2015-07-05 00:00:00,Exxon,PILOT TRAVEL CENTERS LLC 103637 IW,MEMPHIS TN (MOC) - 00QE,ULSD,26442,-1,185092,0,11200,0,11200,11200,-1,0,-1,133536,0,w2,11200,0,133536,39663,-1,259129,Available,-1,Available,150%,150,-1,100,140%,140,On Track,-1,On Track,07/06 00:00:00 CDT,-1,w2,0,2015-07-09 00:00:00,Contract,-1,Contract,26442,26442,-1,-1,185092,28463,-1,125593,0,-1,0,0,-1,0,547374,-1,547375,26400,-1,185000,39663,-1,259128,True,True,133536,178996,1,28463,-1,125593,-1,-1,-1,0,0
2015-07-06,2015-07-06 00:00:00,Exxon,PILOT TRAVEL CENTERS LLC 103637 IW,MEMPHIS TN (MOC) - 00QE,ULSD,26442,-1,185092,3,35125,1,35125,23175,-1,0,-1,168661,0,w2,23175,0,168661,39663,-1,259129,Available,-1,Available,150%,150,-1,100,140%,140,Above Trend,-1,On Track,07/07 00:00:00 CDT,-1,w2,0,2015-07-09 00:00:00,Contract,-1,Contract,26442,26442,-1,-1,185092,16488,-1,90468,12445,-1,12445,12445,-1,12445,553690,-1,553691,26400,-1,185000,39663,-1,259128,True,True,168661,214121,1,4538,-1,90468,-1,-1,-1,0,0
2015-07-07,2015-07-07 00:00:00,Exxon,PILOT TRAVEL CENTERS LLC 103637 IW,MEMPHIS TN (MOC) - 00QE,ULSD,26442,-1,185092,3,53375,1,53375,45650,-1,0,-1,222036,0,w2,45650,0,222036,39663,-1,259129,Available,-1,Available,150%,150,-1,100,140%,140,Above Trend,-1,On Track,07/08 00:00:00 CDT,-1,w2,0,2015-07-09 00:00:00,Contract,-1,Contract,26442,26442,-1,-1,185092,0,-1,43080,12445,-1,12445,6458,-1,6458,566703,-1,566704,26400,-1,185000,39663,-1,259128,True,True,222036,267496,1,-13712,-1,37093,12445,-1,-1,0,0
2015-07-08,2015-07-08 00:00:00,Exxon,PILOT TRAVEL CENTERS LLC 103637 IW,MEMPHIS TN (MOC) - 00QE,ULSD,26442,-1,185092,0,30901,0,30901,30901,-1,0,-1,252937,0,w2,30901,0,252937,39663,-1,259129,Available,-1,Available,150%,150,-1,100,140%,140,Above Trend,-1,On Track,07/09 00:00:00 CDT,-1,w2,0,2015-07-09 00:00:00,Contract,-1,Contract,26442,26442,-1,-1,185092,8762,-1,12179,12445,-1,12445,6458,-1,6458,576304,-1,576305,26400,-1,185000,39663,-1,259128,True,True,252937,298397,1,8762,-1,6192,-1,-1,-1,0,0
2015-07-09,2015-07-09 00:00:00,Exxon,PILOT TRAVEL CENTERS LLC 103637 IW,MEMPHIS TN (MOC) - 00QE,ULSD,26442,-1,185092,6,46626,0,-1,-1,-1,0,-1,-1,6,w3,-1,0,46626,39663,-1,259129,-1,-1,-1,-1,150,-1,100,-1,140,-1,-1,-1,-1,-1,w3,1,2015-07-16 00:00:00,-1,-1,-1,26442,-1,-1,-1,-1,-1,-1,-1,-1,-1,-1,-1,-1,-1,-1,-1,-1,26400,-1,185000,39663,-1,259128,True,True,46626,345023,1,-6963,-1,212503,-1,-1,-1,0,0
2015-07-10,2015-07-10 00:00:00,Exxon,PILOT TRAVEL CENTERS LLC 103637 IW,MEMPHIS TN (MOC) - 00QE,ULSD,26442,-1,185092,0,46075,0,46075,46075,-1,0,-1,92701,0,w3,46075,0,92701,39663,-1,259129,Out,-1,Out,150%,150,-1,100,140%,140,Above Trend,-1,Above Trend,07/11 00:00:00 CDT,-1,w3,0,2015-07-16 00:00:00,Contract,-1,Contract,26442,26442,-1,-1,185092,-6412,-1,166428,0,-1,0,0,-1,0,609311,-1,609312,26400,-1,185000,39663,-1,259128,False,True,92701,391098,1,-6412,-1,166428,-1,-1,-1,0,0
2015-07-11,2015-07-11 00:00:00,Exxon,PILOT TRAVEL CENTERS LLC 103637 IW,MEMPHIS TN (MOC) - 00QE,ULSD,26442,-1,185092,0,46150,0,46150,46150,-1,0,-1,138851,0,w3,46150,0,138851,39663,-1,259129,Out,-1,Out,150%,150,-1,100,140%,140,Above Trend,-1,Above Trend,07/12 00:00:00 CDT,-1,w3,0,2015-07-16 00:00:00,Contract,-1,Contract,26442,26442,-1,-1,185092,-6487,-1,120278,0,-1,0,0,-1,0,637925,-1,637926,26400,-1,185000,39663,-1,259128,False,True,138851,437248,1,-6487,-1,120278,-1,-1,-1,0,0
2015-07-12,2015-07-12 00:00:00,Exxon,PILOT TRAVEL CENTERS LLC 103637 IW,MEMPHIS TN (MOC) - 00QE,ULSD,26442,-1,185092,0,32040,0,32040,32040,-1,0,-1,170891,0,w3,32040,0,170891,39663,-1,259129,Available,-1,Available,150%,150,-1,100,140%,140,On Track,-1,On Track,07/13 00:00:00 CDT,-1,w3,0,2015-07-16 00:00:00,Contract,-1,Contract,26442,26442,-1,-1,185092,7623,-1,88238,0,-1,0,0,-1,0,667339,-1,667340,26400,-1,185000,39663,-1,259128,False,True,170891,469288,1,7623,-1,88238,-1,-1,-1,0,0
2015-07-13,2015-07-13 00:00:00,Exxon,PILOT TRAVEL CENTERS LLC 103637 IW,MEMPHIS TN (MOC) - 00QE,ULSD,26442,-1,185092,0,30535,0,30535,30535,-1,0,-1,201426,0,w3,30535,0,201426,39663,-1,259129,Available,-1,Available,150%,150,-1,100,140%,140,On Track,-1,On Track,07/14 00:00:00 CDT,-1,w3,0,2015-07-16 00:00:00,Contract,-1,Contract,26442,26442,-1,-1,185092,9128,-1,57703,0,-1,0,0,-1,0,697934,-1,697935,26400,-1,185000,39663,-1,259128,False,True,201426,499823,1,9128,-1,57703,-1,-1,-1,0,0
2015-07-14,2015-07-14 00:00:00,Exxon,PILOT TRAVEL CENTERS LLC 103637 IW,MEMPHIS TN (MOC) - 00QE,ULSD,26442,-1,185092,0,45851,0,45851,45851,-1,0,-1,247277,0,w3,45851,0,247277,39663,-1,259129,Out,-1,Out,150%,150,-1,100,140%,140,Above Trend,-1,On Track,07/15 00:00:00 CDT,-1,w3,0,2015-07-16 00:00:00,Contract,-1,Contract,26442,26442,-1,-1,185092,-6188,-1,11852,0,-1,0,0,-1,0,730825,-1,730826,26400,-1,185000,39663,-1,259128,False,True,247277,545674,1,-6188,-1,11852,-1,-1,-1,0,0
2015-07-15,2015-07-15 00:00:00,Exxon,PILOT TRAVEL CENTERS LLC 103637 IW,MEMPHIS TN (MOC) - 00QE,ULSD,26442,-1,185092,0,15575,0,15575,15575,-1,0,-1,262852,0,w3,15575,0,262852,39663,-1,259129,Out,-1,Out,150%,150,-1,100,140%,140,Below Trend,-1,On Track,07/16 00:00:00 CDT,-1,w3,0,2015-07-16 00:00:00,Contract,-1,Contract,26442,26442,-1,-1,185092,24088,-1,-3723,0,-1,0,0,-1,0,756299,-1,756300,26400,-1,185000,39663,-1,259128,False,True,262852,561249,1,24088,-1,-3723,-1,-1,-1,0,0
2015-07-16,2015-07-16 00:00:00,Exxon,PILOT TRAVEL CENTERS LLC 103637 IW,MEMPHIS TN (MOC) - 00QE,ULSD,26442,-1,185092,0,46350,0,46350,46350,-1,0,-1,46350,0,w4,46350,0,46350,39663,-1,259129,Out,-1,Out,150%,150,-1,100,140%,140,Above Trend,-1,Above Trend,07/17 00:00:00 CDT,-1,w4,0,2015-07-23 00:00:00,Contract,-1,Contract,26442,26442,-1,-1,185092,-6687,-1,212779,0,-1,0,0,-1,0,788578,-1,788579,26400,-1,185000,39663,-1,259128,True,True,46350,607599,1,-6687,-1,212779,-1,-1,-1,0,0
2015-07-17,2015-07-17 00:00:00,Exxon,PILOT TRAVEL CENTERS LLC 103637 IW,MEMPHIS TN (MOC) - 00QE,ULSD,26442,-1,185092,0,33499,0,33499,33499,-1,0,-1,79849,0,w4,33499,0,79849,39663,-1,259129,Available,-1,Available,150%,150,-1,100,140%,140,On Track,-1,On Track,07/18 00:00:00 CDT,-1,w4,0,2015-07-23 00:00:00,Contract,-1,Contract,26442,26442,-1,-1,185092,6164,-1,179280,0,-1,0,0,-1,0,821625,-1,821626,26400,-1,185000,39663,-1,259128,True,True,79849,641098,1,6164,-1,179280,-1,-1,-1,0,0
2015-07-18,2015-07-18 00:00:00,Exxon,PILOT TRAVEL CENTERS LLC 103637 IW,MEMPHIS TN (MOC) - 00QE,ULSD,26442,-1,185092,0,24425,0,24425,24425,-1,0,-1,104274,0,w4,24425,0,104274,39663,-1,259129,Available,-1,Available,150%,150,-1,100,140%,140,Below Trend,-1,On Track,07/19 00:00:00 CDT,-1,w4,0,2015-07-23 00:00:00,Contract,-1,Contract,26442,26442,-1,-1,185092,15238,-1,154855,0,-1,0,0,-1,0,852087,-1,852088,26400,-1,185000,39663,-1,259128,True,True,104274,665523,1,15238,-1,154855,-1,-1,-1,0,0
2015-07-19,2015-07-19 00:00:00,Exxon,PILOT TRAVEL CENTERS LLC 103637 IW,MEMPHIS TN (MOC) - 00QE,ULSD,26442,-1,185092,0,37650,0,37650,37650,-1,0,-1,141924,0,w4,37650,0,141924,39663,-1,259129,Available,-1,Available,150%,150,-1,100,140%,140,On Track,-1,On Track,07/20 00:00:00 CDT,-1,w4,0,2015-07-23 00:00:00,Contract,-1,Contract,26442,26442,-1,-1,185092,2013,-1,117205,0,-1,0,0,-1,0,883348,-1,883349,26400,-1,185000,39663,-1,259128,True,True,141924,703173,1,2013,-1,117205,-1,-1,-1,0,0
2015-07-20,2015-07-20 00:00:00,Exxon,PILOT TRAVEL CENTERS LLC 103637 IW,MEMPHIS TN (MOC) - 00QE,ULSD,26442,-1,185092,0,45740,0,45740,45740,-1,0,-1,187664,0,w4,45740,0,187664,39663,-1,259129,Out,-1,Out,150%,150,-1,100,140%,140,Above Trend,-1,On Track,07/21 00:00:00 CDT,-1,w4,0,2015-07-23 00:00:00,Contract,-1,Contract,26442,26442,-1,-1,185092,-6077,-1,71465,0,-1,0,0,-1,0,913714,-1,913715,26400,-1,185000,39663,-1,259128,True,True,187664,748913,1,-6077,-1,71465,-1,-1,-1,0,0
2015-07-21,2015-07-21 00:00:00,Exxon,PILOT TRAVEL CENTERS LLC 103637 IW,MEMPHIS TN (MOC) - 00QE,ULSD,26442,-1,185092,0,46080,0,46080,46080,-1,0,-1,233744,0,w4,46080,0,233744,39663,-1,259129,Out,-1,Out,150%,150,-1,100,140%,140,Above Trend,-1,On Track,07/22 00:00:00 CDT,-1,w4,0,2015-07-23 00:00:00,Contract,-1,Contract,26442,26442,-1,-1,185092,-6417,-1,25385,0,-1,0,0,-1,0,942901,-1,942902,26400,-1,185000,39663,-1,259128,True,True,233744,794993,1,-6417,-1,25385,-1,-1,-1,0,0
2015-07-22,2015-07-22 00:00:00,Exxon,PILOT TRAVEL CENTERS LLC 103637 IW,MEMPHIS TN (MOC) - 00QE,ULSD,26442,-1,185092,0,30801,0,30801,30801,-1,0,-1,264545,0,w4,30801,0,264545,39663,-1,259129,Out,-1,Out,150%,150,-1,100,140%,140,On Track,-1,On Track,07/23 00:00:00 CDT,-1,w4,0,2015-07-23 00:00:00,Contract,-1,Contract,26442,26442,-1,-1,185092,8862,-1,-5416,0,-1,0,0,-1,0,976330,-1,976331,26400,-1,185000,39663,-1,259128,True,True,264545,825794,1,8862,-1,-5416,-1,-1,-1,0,0
2015-07-23,2015-07-23 00:00:00,Exxon,PILOT TRAVEL CENTERS LLC 103637 IW,MEMPHIS TN (MOC) - 00QE,ULSD,26442,-1,185092,0,46154,0,46154,46154,-1,0,-1,46154,0,w5,46154,0,46154,39663,-1,259129,Out,-1,Out,150%,150,-1,100,140%,140,Above Trend,-1,Above Trend,07/24 00:00:00 CDT,-1,w5,0,2015-07-30 00:00:00,Contract,-1,Contract,26442,26442,-1,-1,185092,-6491,-1,212975,0,-1,0,0,-1,0,1002994,-1,1002995,26400,-1,185000,39663,-1,259128,True,True,46154,871948,1,-6491,-1,212975,-1,-1,-1,0,0
2015-07-24,2015-07-24 00:00:00,Exxon,PILOT TRAVEL CENTERS LLC 103637 IW,MEMPHIS TN (MOC) - 00QE,ULSD,26442,-1,185092,0,30735,0,30735,30735,-1,0,-1,76889,0,w5,30735,0,76889,39663,-1,259129,Available,-1,Available,150%,150,-1,100,140%,140,On Track,-1,On Track,07/25 00:00:00 CDT,-1,w5,0,2015-07-30 00:00:00,Contract,-1,Contract,26442,26442,-1,-1,185092,8928,-1,182240,0,-1,0,0,-1,0,1033240,-1,1033241,26400,-1,185000,39663,-1,259128,True,True,76889,902683,1,8928,-1,182240,-1,-1,-1,0,0
2015-07-25,2015-07-25 00:00:00,Exxon,PILOT TRAVEL CENTERS LLC 103637 IW,MEMPHIS TN (MOC) - 00QE,ULSD,26442,-1,185092,0,30325,0,30325,30325,-1,0,-1,107214,0,w5,30325,0,107214,39663,-1,259129,Available,-1,Available,150%,150,-1,100,140%,140,Below Trend,-1,On Track,07/26 00:00:00 CDT,-1,w5,0,2015-07-30 00:00:00,Contract,-1,Contract,26442,26442,-1,-1,185092,9338,-1,151915,0,-1,0,0,-1,0,1063550,-1,1063551,26400,-1,185000,39663,-1,259128,True,True,107214,933008,1,9338,-1,151915,-1,-1,-1,0,0
2015-07-26,2015-07-26 00:00:00,Exxon,PILOT TRAVEL CENTERS LLC 103637 IW,MEMPHIS TN (MOC) - 00QE,ULSD,26442,-1,185092,0,53225,0,53225,53225,-1,0,-1,160439,0,w5,53225,0,160439,39663,-1,259129,Out,-1,Out,150%,150,-1,100,140%,140,Above Trend,-1,On Track,07/27 00:00:00 CDT,-1,w5,0,2015-07-30 00:00:00,Contract,-1,Contract,26442,26442,-1,-1,185092,-13562,-1,98690,0,-1,0,0,-1,0,1093605,-1,1093606,26400,-1,185000,39663,-1,259128,True,True,160439,986233,1,-13562,-1,98690,-1,-1,-1,0,0
2015-07-27,2015-07-27 00:00:00,Exxon,PILOT TRAVEL CENTERS LLC 103637 IW,MEMPHIS TN (MOC) - 00QE,ULSD,26442,-1,185092,0,34250,0,34250,34250,-1,0,-1,194689,0,w5,34250,0,194689,39663,-1,259129,Available,-1,Available,150%,150,-1,100,140%,140,On Track,-1,On Track,07/28 00:00:00 CDT,-1,w5,0,2015-07-30 00:00:00,Contract,-1,Contract,26442,26442,-1,-1,185092,5413,-1,64440,0,-1,0,0,-1,0,1123916,-1,1123917,26400,-1,185000,39663,-1,259128,True,True,194689,1020483,1,5413,-1,64440,-1,-1,-1,0,0
2015-07-28,2015-07-28 00:00:00,Exxon,PILOT TRAVEL CENTERS LLC 103637 IW,MEMPHIS TN (MOC) - 00QE,ULSD,26442,-1,185092,0,38286,0,38286,38286,-1,0,-1,232975,0,w5,38286,0,232975,39663,-1,259129,Available,-1,Available,150%,150,-1,100,140%,140,On Track,-1,On Track,07/29 00:00:00 CDT,-1,w5,0,2015-07-30 00:00:00,Contract,-1,Contract,26442,26442,-1,-1,185092,1377,-1,26154,0,-1,0,0,-1,0,1154226,-1,1154227,26400,-1,185000,39663,-1,259128,True,True,232975,1058769,1,1377,-1,26154,-1,-1,-1,0,0
2015-07-29,2015-07-29 00:00:00,Exxon,PILOT TRAVEL CENTERS LLC 103637 IW,MEMPHIS TN (MOC) - 00QE,ULSD,26442,-1,185092,0,27275,0,27275,27275,-1,0,-1,260250,0,w5,27275,0,260250,39663,-1,259129,Out,-1,Out,150%,150,-1,100,140%,140,Below Trend,-1,On Track,07/30 00:00:00 CDT,-1,w5,0,2015-07-30 00:00:00,Contract,-1,Contract,26442,26442,-1,-1,185092,12388,-1,-1121,0,-1,0,0,-1,0,1183515,-1,1183516,26400,-1,185000,39663,-1,259128,True,True,260250,1086044,1,12388,-1,-1121,-1,-1,-1,0,0
2015-07-30,2015-07-30 00:00:00,Exxon,PILOT TRAVEL CENTERS LLC 103637 IW,MEMPHIS TN (MOC) - 00QE,ULSD,26442,-1,185092,0,45948,0,45948,45948,-1,0,-1,45948,0,w6,45948,0,45948,39663,-1,259129,Out,-1,Out,150%,150,-1,100,140%,140,Above Trend,-1,Above Trend,07/31 00:00:00 CDT,-1,w6,0,2015-08-06 00:00:00,Contract,-1,Contract,38988,38988,-1,-1,272910,-6285,-1,213181,0,-1,0,0,-1,0,1214847,-1,1214848,26400,-1,185000,39663,-1,259128,True,True,45948,1131992,1,-6285,-1,213181,-1,-1,-1,0,0
2015-07-31,2015-07-31 00:00:00,Exxon,PILOT TRAVEL CENTERS LLC 103637 IW,MEMPHIS TN (MOC) - 00QE,ULSD,38988,-1,185092,0,30575,0,30575,30575,-1,0,-1,76523,0,w6,30575,0,76523,58482,-1,259129,Available,-1,Available,150%,150,-1,100,140%,140,Below Trend,-1,On Track,08/01 00:00:00 CDT,-1,w6,0,2015-08-06 00:00:00,Contract,-1,Contract,38988,38988,-1,-1,272910,27907,-1,182606,0,-1,0,0,-1,0,1245029,-1,1245030,38900,-1,185000,58482,-1,259128,True,True,76523,1162567,1,27907,-1,182606,-1,-1,-1,0,0
