,date,supplier_name,account_type,supplier_terminal_name,product_name,base_gallons_Daily,base_gallons_Monthly,base_gallons_Weekly,lifted_gallons_daily_flag,lifted_gallons_daily_modified,Modified_WeeksByLiftedGallons,lifted_gallons_modified_WeeksByLiftedGallons,lifted_gallons_Daily,Lifted_actual_monthly,lifted_gallons_monthly_flag,lifted_gallons_Monthly,Lifted_actual_weekly,lifted_gallons_weekly_flag,WeeksByLiftedGallons,lifted_gallonsWeekly_modified_aposteriori,Modified_LiftedGallonsaposteriori,lifted_gallons_Weekly,beginning_gallons_Daily,beginning_gallons_Monthly,beginning_gallons_Weekly,en_allocation_status_Daily,en_allocation_status_Monthly,en_allocation_status_Weekly,percentage_allocation_Daily_actual,percentage_allocation_Daily,percentage_allocation_Monthly_actual,percentage_allocation_Monthly,percentage_allocation_Weekly_actual,percentage_allocation_Weekly,alerts_ratability_Daily,alerts_ratability_Monthly,alerts_ratability_Weekly,next_refresh_date_Daily,next_refresh_date_Monthly,Week_switch,Modified_NRD,next_refresh_date_Weekly,en_account_type_Daily,en_account_type_Monthly,en_account_type_Weekly,NRB_Daily,next_refresh_base_gallons_Daily,NRB_Monthly,next_refresh_base_gallons_Monthly,next_refresh_base_gallons_Weekly,remaining_gallons_Daily,remaining_gallons_Monthly,remaining_gallons_Weekly,additional_gallons_allowed_Daily,additional_gallons_allowed_Monthly,additional_gallons_allowed_Weekly,additional_gallons_remaining_Daily,additional_gallons_remaining_Monthly,additional_gallons_remaining_Weekly,staging_id_Daily,staging_id_Monthly,staging_id_Weekly,base_gallons_Daily_Reconciled,base_gallons_Monthly_Reconciled,base_gallons_Weekly_Reconciled,beginning_gallons_Daily_Reconciled,beginning_gallons_Monthly_Reconciled,beginning_gallons_Weekly_Reconciled,sanityWeekly_CumulativeDaily_WeeksByLiftedGallons,sanityWeekly_CumulativeDaily_NextRefreshDate,computedWeekly,computedMonthly,sanityComputedMonthly,remaining_gallons_Daily_Reconciled,remaining_gallons_Monthly_Reconciled,remaining_gallons_Weekly_Reconciled,additional_gallons_remaining_Daily_Reconciled,additional_gallons_remaining_Monthly_Reconciled,additional_gallons_remaining_Weekly_Reconciled,sanityMonthly_CumulativeDaily_WeeksByLiftedGallons,sanityMonthly_CumulativeDaily_WeeksByNextRefreshDate
2015-07-01,2015-07-01 00:00:00,Exxon,PILOT TRAVEL CENTERS LLC 103637 IW,COLTON CA KM TP - 00WM,Premium Conventional / E10,1642,-1,11491,0,0,0,0,0,-1,0,-1,18705,0,w1,0,0,18705,2463,-1,16087,Out,-1,Out,150%,150,-1,-1,140%,140,Below Trend,-1,On Track,07/02 00:00:00 PDT,-1,w1,0,2015-07-02 00:00:00,Contract,-1,Contract,1642,1642,65223,-1,11491,2463,-1,-2618,0,-1,0,0,-1,0,507932,-1,507933,1600,-1,11400,2463,-1,16087,True,True,0,0,1,2463,-1,-2618,-1,-1,-1,0,0
2015-07-02,2015-07-02 00:00:00,Exxon,PILOT TRAVEL CENTERS LLC 103637 IW,COLTON CA KM TP - 00WM,Premium Conventional / E10,1642,-1,11491,0,5103,0,5103,5103,-1,0,-1,5103,0,w2,5103,0,5103,2463,-1,16087,Out,-1,Out,150%,150,-1,-1,140%,140,Above Trend,-1,Above Trend,07/03 00:00:00 PDT,-1,w2,0,2015-07-09 00:00:00,Contract,-1,Contract,1642,1642,65223,-1,11491,-2640,-1,10984,0,-1,0,0,-1,0,527007,-1,527008,1600,-1,11400,2463,-1,16087,True,True,5103,5103,1,-2640,-1,10984,-1,-1,-1,0,0
2015-07-03,2015-07-03 00:00:00,Exxon,PILOT TRAVEL CENTERS LLC 103637 IW,COLTON CA KM TP - 00WM,Premium Conventional / E10,1642,-1,11491,0,804,0,804,804,-1,0,-1,5907,0,w2,804,0,5907,2463,-1,16087,Available,-1,Available,150%,150,-1,-1,140%,140,Above Trend,-1,Above Trend,07/04 00:00:00 PDT,-1,w2,0,2015-07-09 00:00:00,Contract,-1,Contract,1642,1642,65223,-1,11491,1659,-1,10180,0,-1,0,0,-1,0,534848,-1,534849,1600,-1,11400,2463,-1,16087,True,True,5907,5907,1,1659,-1,10180,-1,-1,-1,0,0
2015-07-04,2015-07-04 00:00:00,Exxon,PILOT TRAVEL CENTERS LLC 103637 IW,COLTON CA KM TP - 00WM,Premium Conventional / E10,1642,-1,11491,3,2702,1,2702,1900,-1,0,-1,8609,0,w2,1900,0,8609,2463,-1,16087,Available,-1,Available,150%,150,-1,-1,140%,140,Above Trend,-1,Above Trend,07/05 00:00:00 PDT,-1,w2,0,2015-07-09 00:00:00,Contract,-1,Contract,1642,1642,65223,-1,11491,563,-1,7478,0,-1,0,0,-1,0,540910,-1,540911,1600,-1,11400,2463,-1,16087,True,True,8609,8609,1,-239,-1,7478,-1,-1,-1,0,0
2015-07-05,2015-07-05 00:00:00,Exxon,PILOT TRAVEL CENTERS LLC 103637 IW,COLTON CA KM TP - 00WM,Premium Conventional / E10,1642,-1,11491,0,1200,0,1200,1200,-1,0,-1,9809,0,w2,1200,0,9809,2463,-1,16087,Available,-1,Available,150%,150,-1,-1,140%,140,Above Trend,-1,Above Trend,07/06 00:00:00 PDT,-1,w2,0,2015-07-09 00:00:00,Contract,-1,Contract,1642,1642,65223,-1,11491,1263,-1,6278,0,-1,0,0,-1,0,547353,-1,547354,1600,-1,11400,2463,-1,16087,True,True,9809,9809,1,1263,-1,6278,-1,-1,-1,0,0
2015-07-06,2015-07-06 00:00:00,Exxon,PILOT TRAVEL CENTERS LLC 103637 IW,COLTON CA KM TP - 00WM,Premium Conventional / E10,1642,-1,11491,3,802,1,802,0,-1,0,-1,10611,0,w2,0,0,10611,2463,-1,16087,Available,-1,Available,150%,150,-1,-1,140%,140,Below Trend,-1,On Track,07/07 00:00:00 PDT,-1,w2,0,2015-07-09 00:00:00,Contract,-1,Contract,1642,1642,65223,-1,11491,2463,-1,5476,2222,-1,2222,2222,-1,2222,553669,-1,553670,1600,-1,11400,2463,-1,16087,True,True,10611,10611,1,1661,-1,5476,-1,-1,-1,0,0
2015-07-07,2015-07-07 00:00:00,Exxon,PILOT TRAVEL CENTERS LLC 103637 IW,COLTON CA KM TP - 00WM,Premium Conventional / E10,1642,-1,11491,0,5700,0,5700,5700,-1,0,-1,16311,0,w2,5700,0,16311,2463,-1,16087,Out,-1,Out,150%,150,-1,-1,140%,140,Above Trend,-1,Above Trend,07/08 00:00:00 PDT,-1,w2,0,2015-07-09 00:00:00,Contract,-1,Contract,1642,1642,65223,-1,11491,0,-1,3013,2222,-1,2222,1015,-1,1015,566682,-1,566683,1600,-1,11400,2463,-1,16087,True,True,16311,16311,1,-3237,-1,-224,2222,-1,2222,0,0
2015-07-08,2015-07-08 00:00:00,Exxon,PILOT TRAVEL CENTERS LLC 103637 IW,COLTON CA KM TP - 00WM,Premium Conventional / E10,1642,-1,11491,0,0,0,0,0,-1,0,-1,16311,0,w2,0,0,16311,2463,-1,16087,Available,-1,Available,150%,150,-1,-1,140%,140,Below Trend,-1,On Track,07/09 00:00:00 PDT,-1,w2,0,2015-07-09 00:00:00,Contract,-1,Contract,1642,1642,50888,-1,11491,2463,-1,3013,2222,-1,2222,1015,-1,1015,576283,-1,576284,1600,-1,11400,2463,-1,16087,True,True,16311,16311,1,2463,-1,-224,-1,-1,2222,0,0
2015-07-09,2015-07-09 00:00:00,Exxon,PILOT TRAVEL CENTERS LLC 103637 IW,COLTON CA KM TP - 00WM,Premium Conventional / E10,1642,50888,11491,6,1200,0,-1,-1,-1,0,-1,-1,6,w3,-1,0,1200,1642,50888,11491,-1,-1,-1,-1,150,-1,-1,-1,140,-1,-1,-1,-1,-1,w3,1,2015-07-16 00:00:00,-1,-1,-1,1642,-1,65223,-1,-1,-1,-1,-1,-1,-1,-1,-1,-1,-1,-1,-1,-1,1000,-5088800,8200,2463,-509,16087,True,True,1200,17511,1,442,50889,10291,-1,-1,-1,0,0
2015-07-10,2015-07-10 00:00:00,Exxon,PILOT TRAVEL CENTERS LLC 103637 IW,COLTON CA KM TP - 00WM,Premium Conventional / E10,1642,-1,11491,0,0,0,0,0,-1,0,-1,1200,0,w3,0,0,1200,2463,-1,16087,Available,-1,Available,150%,150,-1,-1,140%,140,Below Trend,-1,Below Trend,07/11 00:00:00 PDT,-1,w3,0,2015-07-16 00:00:00,Contract,-1,Contract,1642,1642,65223,-1,11491,2463,-1,14887,0,-1,0,0,-1,0,609290,-1,609291,1600,-5088800,11400,2463,-509,16087,False,True,1200,17511,1,2463,-1,14887,-1,-1,-1,0,0
2015-07-11,2015-07-11 00:00:00,Exxon,PILOT TRAVEL CENTERS LLC 103637 IW,COLTON CA KM TP - 00WM,Premium Conventional / E10,1642,-1,11491,0,1200,0,1200,1200,-1,0,-1,2400,0,w3,1200,0,2400,2463,-1,16087,Available,-1,Available,150%,150,-1,-1,140%,140,Below Trend,-1,Below Trend,07/12 00:00:00 PDT,-1,w3,0,2015-07-16 00:00:00,Contract,-1,Contract,1642,1642,65223,-1,11491,1263,-1,13687,0,-1,0,0,-1,0,637904,-1,637905,1600,-1,11400,2463,-1,16087,False,True,2400,18711,1,1263,-1,13687,-1,-1,-1,0,0
2015-07-12,2015-07-12 00:00:00,Exxon,PILOT TRAVEL CENTERS LLC 103637 IW,COLTON CA KM TP - 00WM,Premium Conventional / E10,1642,-1,11491,0,4114,0,4114,4114,-1,0,-1,6514,0,w3,4114,0,6514,2463,-1,16087,Out,-1,Out,150%,150,-1,-1,140%,140,Above Trend,-1,Below Trend,07/13 00:00:00 PDT,-1,w3,0,2015-07-16 00:00:00,Contract,-1,Contract,1642,1642,65223,-1,11491,-1651,-1,9573,0,-1,0,0,-1,0,667318,-1,667319,1600,-1,11400,2463,-1,16087,False,True,6514,22825,1,-1651,-1,9573,-1,-1,-1,0,0
2015-07-13,2015-07-13 00:00:00,Exxon,PILOT TRAVEL CENTERS LLC 103637 IW,COLTON CA KM TP - 00WM,Premium Conventional / E10,1642,-1,11491,0,3508,0,3508,3508,-1,0,-1,10022,0,w3,3508,0,10022,2463,-1,16087,Out,-1,Out,150%,150,-1,-1,140%,140,Above Trend,-1,On Track,07/14 00:00:00 PDT,-1,w3,0,2015-07-16 00:00:00,Contract,-1,Contract,1642,1642,65223,-1,11491,-1045,-1,6065,0,-1,0,0,-1,0,697914,-1,697915,1600,-1,11400,2463,-1,16087,False,True,10022,26333,1,-1045,-1,6065,-1,-1,-1,0,0
2015-07-14,2015-07-14 00:00:00,Exxon,PILOT TRAVEL CENTERS LLC 103637 IW,COLTON CA KM TP - 00WM,Premium Conventional / E10,1642,-1,11491,0,4700,0,4700,4700,-1,0,-1,14722,0,w3,4700,0,14722,2463,-1,16087,Out,-1,Out,150%,150,-1,-1,140%,140,Above Trend,-1,On Track,07/15 00:00:00 PDT,-1,w3,0,2015-07-16 00:00:00,Contract,-1,Contract,1642,1642,65223,-1,11491,-2237,-1,1365,0,-1,0,0,-1,0,730803,-1,730804,1600,-1,11400,2463,-1,16087,False,True,14722,31033,1,-2237,-1,1365,-1,-1,-1,0,0
2015-07-15,2015-07-15 00:00:00,Exxon,PILOT TRAVEL CENTERS LLC 103637 IW,COLTON CA KM TP - 00WM,Premium Conventional / E10,1642,-1,11491,0,0,0,0,0,-1,0,-1,14722,0,w3,0,0,14722,2463,-1,16087,Available,-1,Available,150%,150,-1,-1,140%,140,Below Trend,-1,On Track,07/16 00:00:00 PDT,-1,w3,0,2015-07-16 00:00:00,Contract,-1,Contract,1642,1642,65223,-1,11491,2463,-1,1365,0,-1,0,0,-1,0,756277,-1,756278,1600,-1,11400,2463,-1,16087,False,True,14722,31033,1,2463,-1,1365,-1,-1,-1,0,0
2015-07-16,2015-07-16 00:00:00,Exxon,PILOT TRAVEL CENTERS LLC 103637 IW,COLTON CA KM TP - 00WM,Premium Conventional / E10,1642,-1,11491,0,4900,0,4900,4900,-1,0,-1,4900,0,w4,4900,0,4900,2463,-1,16087,Out,-1,Out,150%,150,-1,-1,140%,140,Above Trend,-1,Above Trend,07/17 00:00:00 PDT,-1,w4,0,2015-07-23 00:00:00,Contract,-1,Contract,1642,1642,65223,-1,11491,-2437,-1,11187,0,-1,0,0,-1,0,788556,-1,788557,1600,-1,11400,2463,-1,16087,True,True,4900,35933,1,-2437,-1,11187,-1,-1,-1,0,0
2015-07-17,2015-07-17 00:00:00,Exxon,PILOT TRAVEL CENTERS LLC 103637 IW,COLTON CA KM TP - 00WM,Premium Conventional / E10,1642,-1,11491,0,804,0,804,804,-1,0,-1,5704,0,w4,804,0,5704,2463,-1,16087,Available,-1,Available,150%,150,-1,-1,140%,140,Below Trend,-1,Above Trend,07/18 00:00:00 PDT,-1,w4,0,2015-07-23 00:00:00,Contract,-1,Contract,1642,1642,65223,-1,11491,1659,-1,10383,0,-1,0,0,-1,0,821603,-1,821604,1600,-1,11400,2463,-1,16087,True,True,5704,36737,1,1659,-1,10383,-1,-1,-1,0,0
2015-07-18,2015-07-18 00:00:00,Exxon,PILOT TRAVEL CENTERS LLC 103637 IW,COLTON CA KM TP - 00WM,Premium Conventional / E10,1642,-1,11491,0,5003,0,5003,5003,-1,0,-1,10707,0,w4,5003,0,10707,2463,-1,16087,Out,-1,Out,150%,150,-1,-1,140%,140,Above Trend,-1,Above Trend,07/19 00:00:00 PDT,-1,w4,0,2015-07-23 00:00:00,Contract,-1,Contract,1642,1642,65223,-1,11491,-2540,-1,5380,0,-1,0,0,-1,0,852065,-1,852066,1600,-1,11400,2463,-1,16087,True,True,10707,41740,1,-2540,-1,5380,-1,-1,-1,0,0
2015-07-19,2015-07-19 00:00:00,Exxon,PILOT TRAVEL CENTERS LLC 103637 IW,COLTON CA KM TP - 00WM,Premium Conventional / E10,1642,-1,11491,0,5411,0,5411,5411,-1,0,-1,16118,0,w4,5411,0,16118,2463,-1,16087,Out,-1,Out,150%,150,-1,-1,140%,140,Above Trend,-1,Above Trend,07/20 00:00:00 PDT,-1,w4,0,2015-07-23 00:00:00,Contract,-1,Contract,1642,1642,65223,-1,11491,-2948,-1,-31,0,-1,0,0,-1,0,883326,-1,883327,1600,-1,11400,2463,-1,16087,True,True,16118,47151,1,-2948,-1,-31,-1,-1,-1,0,0
2015-07-20,2015-07-20 00:00:00,Exxon,PILOT TRAVEL CENTERS LLC 103637 IW,COLTON CA KM TP - 00WM,Premium Conventional / E10,1642,-1,11491,0,0,0,0,0,-1,0,-1,16118,0,w4,0,0,16118,2463,-1,16087,Out,-1,Out,150%,150,-1,-1,140%,140,Below Trend,-1,Above Trend,07/21 00:00:00 PDT,-1,w4,0,2015-07-23 00:00:00,Contract,-1,Contract,1642,1642,65223,-1,11491,2463,-1,-31,0,-1,0,0,-1,0,913692,-1,913693,1600,-1,11400,2463,-1,16087,True,True,16118,47151,1,2463,-1,-31,-1,-1,-1,0,0
2015-07-21,2015-07-21 00:00:00,Exxon,PILOT TRAVEL CENTERS LLC 103637 IW,COLTON CA KM TP - 00WM,Premium Conventional / E10,1642,-1,11491,0,0,0,0,0,-1,0,-1,16118,0,w4,0,0,16118,2463,-1,16087,Out,-1,Out,150%,150,-1,-1,140%,140,Below Trend,-1,On Track,07/22 00:00:00 PDT,-1,w4,0,2015-07-23 00:00:00,Contract,-1,Contract,1642,1642,65223,-1,11491,2463,-1,-31,0,-1,0,0,-1,0,942879,-1,942880,1600,-1,11400,2463,-1,16087,True,True,16118,47151,1,2463,-1,-31,-1,-1,-1,0,0
2015-07-22,2015-07-22 00:00:00,Exxon,PILOT TRAVEL CENTERS LLC 103637 IW,COLTON CA KM TP - 00WM,Premium Conventional / E10,1642,-1,11491,0,0,0,0,0,-1,0,-1,16118,0,w4,0,0,16118,2463,-1,16087,Out,-1,Out,150%,150,-1,-1,140%,140,Below Trend,-1,On Track,07/23 00:00:00 PDT,-1,w4,0,2015-07-23 00:00:00,Contract,-1,Contract,1642,1642,65223,-1,11491,2463,-1,-31,0,-1,0,0,-1,0,976308,-1,976309,1600,-1,11400,2463,-1,16087,True,True,16118,47151,1,2463,-1,-31,-1,-1,-1,0,0
2015-07-23,2015-07-23 00:00:00,Exxon,PILOT TRAVEL CENTERS LLC 103637 IW,COLTON CA KM TP - 00WM,Premium Conventional / E10,1642,-1,11491,0,804,0,804,804,-1,0,-1,804,0,w5,804,0,804,2463,-1,16087,Available,-1,Available,150%,150,-1,-1,140%,140,Below Trend,-1,Below Trend,07/24 00:00:00 PDT,-1,w5,0,2015-07-30 00:00:00,Contract,-1,Contract,1642,1642,65223,-1,11491,1659,-1,15283,0,-1,0,0,-1,0,1002972,-1,1002973,1600,-1,11400,2463,-1,16087,True,True,804,47955,1,1659,-1,15283,-1,-1,-1,0,0
2015-07-24,2015-07-24 00:00:00,Exxon,PILOT TRAVEL CENTERS LLC 103637 IW,COLTON CA KM TP - 00WM,Premium Conventional / E10,1642,-1,11491,0,2300,0,2300,2300,-1,0,-1,3104,0,w5,2300,0,3104,2463,-1,16087,Available,-1,Available,150%,150,-1,-1,140%,140,On Track,-1,Below Trend,07/25 00:00:00 PDT,-1,w5,0,2015-07-30 00:00:00,Contract,-1,Contract,1642,1642,65223,-1,11491,163,-1,12983,0,-1,0,0,-1,0,1033217,-1,1033218,1600,-1,11400,2463,-1,16087,True,True,3104,50255,1,163,-1,12983,-1,-1,-1,0,0
2015-07-25,2015-07-25 00:00:00,Exxon,PILOT TRAVEL CENTERS LLC 103637 IW,COLTON CA KM TP - 00WM,Premium Conventional / E10,1642,-1,11491,0,0,0,0,0,-1,0,-1,3104,0,w5,0,0,3104,2463,-1,16087,Available,-1,Available,150%,150,-1,-1,140%,140,Below Trend,-1,Below Trend,07/26 00:00:00 PDT,-1,w5,0,2015-07-30 00:00:00,Contract,-1,Contract,1642,1642,65223,-1,11491,2463,-1,12983,0,-1,0,0,-1,0,1063527,-1,1063528,1600,-1,11400,2463,-1,16087,True,True,3104,50255,1,2463,-1,12983,-1,-1,-1,0,0
2015-07-26,2015-07-26 00:00:00,Exxon,PILOT TRAVEL CENTERS LLC 103637 IW,COLTON CA KM TP - 00WM,Premium Conventional / E10,1642,-1,11491,0,1200,0,1200,1200,-1,0,-1,4304,0,w5,1200,0,4304,2463,-1,16087,Available,-1,Available,150%,150,-1,-1,140%,140,Below Trend,-1,Below Trend,07/27 00:00:00 PDT,-1,w5,0,2015-07-30 00:00:00,Contract,-1,Contract,1642,1642,65223,-1,11491,1263,-1,11783,0,-1,0,0,-1,0,1093582,-1,1093583,1600,-1,11400,2463,-1,16087,True,True,4304,51455,1,1263,-1,11783,-1,-1,-1,0,0
2015-07-27,2015-07-27 00:00:00,Exxon,PILOT TRAVEL CENTERS LLC 103637 IW,COLTON CA KM TP - 00WM,Premium Conventional / E10,1642,-1,11491,0,1200,0,1200,1200,-1,0,-1,5504,0,w5,1200,0,5504,2463,-1,16087,Available,-1,Available,150%,150,-1,-1,140%,140,Below Trend,-1,Below Trend,07/28 00:00:00 PDT,-1,w5,0,2015-07-30 00:00:00,Contract,-1,Contract,1642,1642,65223,-1,11491,1263,-1,10583,0,-1,0,0,-1,0,1123892,-1,1123893,1600,-1,11400,2463,-1,16087,True,True,5504,52655,1,1263,-1,10583,-1,-1,-1,0,0
2015-07-28,2015-07-28 00:00:00,Exxon,PILOT TRAVEL CENTERS LLC 103637 IW,COLTON CA KM TP - 00WM,Premium Conventional / E10,1642,-1,11491,3,800,1,800,0,-1,0,-1,6304,0,w5,0,0,6304,2463,-1,16087,Available,-1,Available,150%,150,-1,-1,140%,140,Below Trend,-1,Below Trend,07/29 00:00:00 PDT,-1,w5,0,2015-07-30 00:00:00,Contract,-1,Contract,1642,1642,50888,-1,11491,2463,-1,9783,0,-1,0,0,-1,0,1154202,-1,1154203,1600,-1,11400,2463,-1,16087,True,True,6304,53455,1,1663,-1,9783,-1,-1,-1,0,0
2015-07-29,2015-07-29 00:00:00,Exxon,PILOT TRAVEL CENTERS LLC 103637 IW,COLTON CA KM TP - 00WM,Premium Conventional / E10,1642,50888,11491,0,0,0,0,0,53455,0,53455,6304,0,w5,0,0,6304,1642,50888,11491,Available,Available,Available,100%,100,100%,100,100%,100,Below Trend,On Track,Below Trend,07/30 00:00:00 PDT,08/01 00:00:00 PDT,w5,0,2015-07-30 00:00:00,Contract,Contract,Contract,1642,1642,50888,50888,11491,1642,670,5187,0,0,0,0,0,0,1183489,1183491,1183490,1600,50800,11400,1642,50888,11491,True,True,6304,53455,1,1642,-2567,5187,-1,-1,-1,0,1
2015-07-30,2015-07-30 00:00:00,Exxon,PILOT TRAVEL CENTERS LLC 103637 IW,COLTON CA KM TP - 00WM,Premium Conventional / E10,1642,50888,11491,1,1200,0,1200,1200,54655,0,54655,1200,1,w6,1200,0,1200,1642,50888,11491,Out,Out,Out,100%,100,100%,100,100%,100,On Track,On Track,On Track,07/31 00:00:00 PDT,08/01 00:00:00 PDT,w6,0,2015-08-06 00:00:00,Contract,Contract,Contract,2104,2104,50888,65223,14728,442,-530,10291,0,0,0,0,0,0,1214822,1214824,1214823,1600,50800,11400,1642,50888,11491,True,True,1200,54655,1,442,-3767,10291,-1,-1,-1,0,1
2015-07-31,2015-07-31 00:00:00,Exxon,PILOT TRAVEL CENTERS LLC 103637 IW,COLTON CA KM TP - 00WM,Premium Conventional / E10,2104,50888,11491,1,0,0,0,0,54655,0,54655,1200,1,w6,0,0,1200,2104,50888,11491,Out,Out,Out,100%,100,100%,100,100%,100,Below Trend,On Track,Below Trend,08/01 00:00:00 PDT,08/01 00:00:00 PDT,w6,0,2015-08-06 00:00:00,Contract,Contract,Contract,2104,2104,65223,65223,14728,2104,-530,10291,0,0,0,0,0,0,1245005,1245007,1245006,2100,50800,11400,2104,50888,11491,True,True,1200,54655,1,2104,-3767,10291,-1,-1,-1,0,1
