,date,supplier_name,account_type,supplier_terminal_name,product_name,base_gallons_Daily,base_gallons_Monthly,base_gallons_Weekly,lifted_gallons_daily_flag,lifted_gallons_daily_modified,Modified_WeeksByLiftedGallons,lifted_gallons_modified_WeeksByLiftedGallons,lifted_gallons_Daily,Lifted_actual_monthly,lifted_gallons_monthly_flag,lifted_gallons_Monthly,Lifted_actual_weekly,lifted_gallons_weekly_flag,WeeksByLiftedGallons,lifted_gallonsWeekly_modified_aposteriori,Modified_LiftedGallonsaposteriori,lifted_gallons_Weekly,beginning_gallons_Daily,beginning_gallons_Monthly,beginning_gallons_Weekly,en_allocation_status_Daily,en_allocation_status_Monthly,en_allocation_status_Weekly,percentage_allocation_Daily_actual,percentage_allocation_Daily,percentage_allocation_Monthly_actual,percentage_allocation_Monthly,percentage_allocation_Weekly_actual,percentage_allocation_Weekly,alerts_ratability_Daily,alerts_ratability_Monthly,alerts_ratability_Weekly,next_refresh_date_Daily,next_refresh_date_Monthly,Week_switch,Modified_NRD,next_refresh_date_Weekly,en_account_type_Daily,en_account_type_Monthly,en_account_type_Weekly,NRB_Daily,next_refresh_base_gallons_Daily,NRB_Monthly,next_refresh_base_gallons_Monthly,next_refresh_base_gallons_Weekly,remaining_gallons_Daily,remaining_gallons_Monthly,remaining_gallons_Weekly,additional_gallons_allowed_Daily,additional_gallons_allowed_Monthly,additional_gallons_allowed_Weekly,additional_gallons_remaining_Daily,additional_gallons_remaining_Monthly,additional_gallons_remaining_Weekly,staging_id_Daily,staging_id_Monthly,staging_id_Weekly,base_gallons_Daily_Reconciled,base_gallons_Monthly_Reconciled,base_gallons_Weekly_Reconciled,beginning_gallons_Daily_Reconciled,beginning_gallons_Monthly_Reconciled,beginning_gallons_Weekly_Reconciled,sanityWeekly_CumulativeDaily_WeeksByLiftedGallons,sanityWeekly_CumulativeDaily_NextRefreshDate,computedWeekly,computedMonthly,sanityComputedMonthly,remaining_gallons_Daily_Reconciled,remaining_gallons_Monthly_Reconciled,remaining_gallons_Weekly_Reconciled,additional_gallons_remaining_Daily_Reconciled,additional_gallons_remaining_Monthly_Reconciled,additional_gallons_remaining_Weekly_Reconciled,sanityMonthly_CumulativeDaily_WeeksByLiftedGallons,sanityMonthly_CumulativeDaily_WeeksByNextRefreshDate
2015-07-01,2015-07-01 00:00:00,Exxon,PILOT TRAVEL CENTERS LLC 103637 IW,BATON ROUGE LA (MOC) - 00CE,ULSD,24240,-1,169679,0,38700,0,38700,38700,-1,0,-1,260607,0,w1,38700,0,260607,36360,-1,237551,Available,-1,Available,150%,150,-1,100,140%,140,On Track,-1,On Track,07/02 00:00:00 CDT,-1,w1,0,2015-07-02 00:00:00,Contract,-1,Contract,24240,24240,-1,-1,169679,13260,-1,-7456,40000,-1,40000,24400,-1,24400,507930,-1,507931,24200,-1,169600,36360,-1,237550,True,True,38700,38700,1,-2340,-1,-23056,40000,-1,40000,0,0
2015-07-02,2015-07-02 00:00:00,Exxon,PILOT TRAVEL CENTERS LLC 103637 IW,BATON ROUGE LA (MOC) - 00CE,ULSD,24240,-1,169679,0,42700,0,42700,42700,-1,0,-1,42700,0,w2,42700,0,42700,36360,-1,237551,Out,-1,Out,150%,150,-1,100,140%,140,Above Trend,-1,Above Trend,07/03 00:00:00 CDT,-1,w2,0,2015-07-09 00:00:00,Contract,-1,Contract,24240,24240,-1,-1,169679,-6340,-1,194851,0,-1,0,0,-1,0,527005,-1,527006,24200,-1,169600,36360,-1,237550,True,True,42700,81400,1,-6340,-1,194851,-1,-1,-1,0,0
2015-07-03,2015-07-03 00:00:00,Exxon,PILOT TRAVEL CENTERS LLC 103637 IW,BATON ROUGE LA (MOC) - 00CE,ULSD,24240,-1,169679,0,15600,0,15600,15600,-1,0,-1,58300,0,w2,15600,0,58300,36360,-1,237551,Available,-1,Available,150%,150,-1,100,140%,140,Above Trend,-1,Above Trend,07/04 00:00:00 CDT,-1,w2,0,2015-07-09 00:00:00,Contract,-1,Contract,24240,24240,-1,-1,169679,20760,-1,179251,0,-1,0,0,-1,0,534846,-1,534847,24200,-1,169600,36360,-1,237550,True,True,58300,97000,1,20760,-1,179251,-1,-1,-1,0,0
2015-07-04,2015-07-04 00:00:00,Exxon,PILOT TRAVEL CENTERS LLC 103637 IW,BATON ROUGE LA (MOC) - 00CE,ULSD,24240,-1,169679,3,12001,1,12001,0,-1,0,-1,70301,0,w2,0,0,70301,36360,-1,237551,Available,-1,Available,150%,150,-1,100,140%,140,Below Trend,-1,On Track,07/05 00:00:00 CDT,-1,w2,0,2015-07-09 00:00:00,Contract,-1,Contract,24240,24240,-1,-1,169679,36360,-1,167250,0,-1,0,0,-1,0,540908,-1,540909,24200,-1,169600,36360,-1,237550,True,True,70301,109001,1,24359,-1,167250,-1,-1,-1,0,0
2015-07-05,2015-07-05 00:00:00,Exxon,PILOT TRAVEL CENTERS LLC 103637 IW,BATON ROUGE LA (MOC) - 00CE,ULSD,24240,-1,169679,3,7800,1,7800,0,-1,0,-1,78101,0,w2,0,0,78101,36360,-1,237551,Available,-1,Available,150%,150,-1,100,140%,140,Below Trend,-1,Below Trend,07/06 00:00:00 CDT,-1,w2,0,2015-07-09 00:00:00,Contract,-1,Contract,24240,24240,-1,-1,169679,36360,-1,159450,0,-1,0,0,-1,0,547351,-1,547352,24200,-1,169600,36360,-1,237550,True,True,78101,116801,1,28560,-1,159450,-1,-1,-1,0,0
2015-07-06,2015-07-06 00:00:00,Exxon,PILOT TRAVEL CENTERS LLC 103637 IW,BATON ROUGE LA (MOC) - 00CE,ULSD,24240,-1,169679,3,15710,1,15710,7800,-1,0,-1,93811,0,w2,7800,0,93811,36360,-1,237551,Available,-1,Available,150%,150,-1,100,140%,140,Below Trend,-1,Below Trend,07/07 00:00:00 CDT,-1,w2,0,2015-07-09 00:00:00,Contract,-1,Contract,24240,24240,-1,-1,169679,28560,-1,143740,0,-1,0,0,-1,0,553667,-1,553668,24200,-1,169600,36360,-1,237550,True,True,93811,132511,1,20650,-1,143740,-1,-1,-1,0,0
2015-07-07,2015-07-07 00:00:00,Exxon,PILOT TRAVEL CENTERS LLC 103637 IW,BATON ROUGE LA (MOC) - 00CE,ULSD,24240,-1,169679,3,61702,1,61702,53902,-1,0,-1,155513,0,w2,53902,0,155513,36360,-1,237551,Available,-1,Available,150%,150,-1,100,140%,140,Above Trend,-1,Below Trend,07/08 00:00:00 CDT,-1,w2,0,2015-07-09 00:00:00,Contract,-1,Contract,24240,24240,-1,-1,169679,-9742,-1,89838,22500,-1,22500,14700,-1,14700,566680,-1,566681,24200,-1,169600,36360,-1,237550,True,True,155513,194213,1,-25342,-1,82038,22500,-1,-1,0,0
2015-07-08,2015-07-08 00:00:00,Exxon,PILOT TRAVEL CENTERS LLC 103637 IW,BATON ROUGE LA (MOC) - 00CE,ULSD,24240,-1,169679,0,15400,0,15400,15400,-1,0,-1,170913,0,w2,15400,0,170913,36360,-1,237551,Available,-1,Available,150%,150,-1,100,140%,140,On Track,-1,Below Trend,07/09 00:00:00 CDT,-1,w2,0,2015-07-09 00:00:00,Contract,-1,Contract,24240,24240,-1,-1,169679,20960,-1,74438,0,-1,0,0,-1,0,576281,-1,576282,24200,-1,169600,36360,-1,237550,True,True,170913,209613,1,20960,-1,66638,-1,-1,-1,0,0
2015-07-09,2015-07-09 00:00:00,Exxon,PILOT TRAVEL CENTERS LLC 103637 IW,BATON ROUGE LA (MOC) - 00CE,ULSD,24240,-1,169679,6,40700,0,-1,-1,-1,0,-1,-1,6,w3,-1,0,40700,36360,-1,237551,-1,-1,-1,-1,150,-1,100,-1,140,-1,-1,-1,-1,-1,w3,1,2015-07-16 00:00:00,-1,-1,-1,24240,-1,-1,-1,-1,-1,-1,-1,-1,-1,-1,-1,-1,-1,-1,-1,-1,24200,-1,169600,36360,-1,237550,True,True,40700,250313,1,-4340,-1,196851,-1,-1,-1,0,0
2015-07-10,2015-07-10 00:00:00,Exxon,PILOT TRAVEL CENTERS LLC 103637 IW,BATON ROUGE LA (MOC) - 00CE,ULSD,24240,-1,169679,0,54000,0,54000,54000,-1,0,-1,94700,0,w3,54000,0,94700,36360,-1,237551,Out,-1,Out,150%,150,-1,100,140%,140,Above Trend,-1,Above Trend,07/11 00:00:00 CDT,-1,w3,0,2015-07-16 00:00:00,Contract,-1,Contract,24240,24240,-1,-1,169679,-2540,-1,157951,7500,-1,7500,7600,-1,7600,609288,-1,609289,24200,-1,169600,36360,-1,237550,False,True,94700,304313,1,-17640,-1,142851,7500,-1,-1,0,0
2015-07-11,2015-07-11 00:00:00,Exxon,PILOT TRAVEL CENTERS LLC 103637 IW,BATON ROUGE LA (MOC) - 00CE,ULSD,24240,-1,169679,0,39720,0,39720,39720,-1,0,-1,134420,0,w3,39720,0,134420,36360,-1,237551,Out,-1,Out,150%,150,-1,100,140%,140,On Track,-1,Above Trend,07/12 00:00:00 CDT,-1,w3,0,2015-07-16 00:00:00,Contract,-1,Contract,24240,24240,-1,-1,169679,-3360,-1,118231,0,-1,0,0,-1,0,637902,-1,637903,24200,-1,169600,36360,-1,237550,False,True,134420,344033,1,-3360,-1,103131,-1,-1,-1,0,0
2015-07-12,2015-07-12 00:00:00,Exxon,PILOT TRAVEL CENTERS LLC 103637 IW,BATON ROUGE LA (MOC) - 00CE,ULSD,24240,-1,169679,0,39510,0,39510,39510,-1,0,-1,173930,0,w3,39510,0,173930,36360,-1,237551,Out,-1,Out,150%,150,-1,100,140%,140,On Track,-1,Above Trend,07/13 00:00:00 CDT,-1,w3,0,2015-07-16 00:00:00,Contract,-1,Contract,24240,24240,-1,-1,169679,-3150,-1,78721,0,-1,0,0,-1,0,667316,-1,667317,24200,-1,169600,36360,-1,237550,False,True,173930,383543,1,-3150,-1,63621,-1,-1,-1,0,0
2015-07-13,2015-07-13 00:00:00,Exxon,PILOT TRAVEL CENTERS LLC 103637 IW,BATON ROUGE LA (MOC) - 00CE,ULSD,24240,-1,169679,0,39000,0,39000,39000,-1,0,-1,212930,0,w3,39000,0,212930,36360,-1,237551,Out,-1,Out,150%,150,-1,100,140%,140,On Track,-1,Above Trend,07/14 00:00:00 CDT,-1,w3,0,2015-07-16 00:00:00,Contract,-1,Contract,24240,24240,-1,-1,169679,-2640,-1,39721,0,-1,0,0,-1,0,697912,-1,697913,24200,-1,169600,36360,-1,237550,False,True,212930,422543,1,-2640,-1,24621,-1,-1,-1,0,0
2015-07-14,2015-07-14 00:00:00,Exxon,PILOT TRAVEL CENTERS LLC 103637 IW,BATON ROUGE LA (MOC) - 00CE,ULSD,24240,-1,169679,0,39000,0,39000,39000,-1,0,-1,251930,0,w3,39000,0,251930,36360,-1,237551,Out,-1,Out,150%,150,-1,100,140%,140,On Track,-1,Above Trend,07/15 00:00:00 CDT,-1,w3,0,2015-07-16 00:00:00,Contract,-1,Contract,24240,24240,-1,-1,169679,-2640,-1,721,0,-1,0,0,-1,0,730801,-1,730802,24200,-1,169600,36360,-1,237550,False,True,251930,461543,1,-2640,-1,-14379,-1,-1,-1,0,0
2015-07-15,2015-07-15 00:00:00,Exxon,PILOT TRAVEL CENTERS LLC 103637 IW,BATON ROUGE LA (MOC) - 00CE,ULSD,24240,-1,169679,0,7800,0,7800,7800,-1,0,-1,259730,0,w3,7800,0,259730,36360,-1,237551,Out,-1,Out,150%,150,-1,100,140%,140,Below Trend,-1,On Track,07/16 00:00:00 CDT,-1,w3,0,2015-07-16 00:00:00,Contract,-1,Contract,24240,24240,-1,-1,169679,28560,-1,-7079,0,-1,0,0,-1,0,756275,-1,756276,24200,-1,169600,36360,-1,237550,False,True,259730,469343,1,28560,-1,-22179,-1,-1,-1,0,0
2015-07-16,2015-07-16 00:00:00,Exxon,PILOT TRAVEL CENTERS LLC 103637 IW,BATON ROUGE LA (MOC) - 00CE,ULSD,24240,-1,169679,0,38401,0,38401,38401,-1,0,-1,38401,0,w4,38401,0,38401,36360,-1,237551,Out,-1,Out,150%,150,-1,100,140%,140,On Track,-1,On Track,07/17 00:00:00 CDT,-1,w4,0,2015-07-23 00:00:00,Contract,-1,Contract,24240,24240,-1,-1,169679,-2041,-1,199150,0,-1,0,0,-1,0,788554,-1,788555,24200,-1,169600,36360,-1,237550,True,True,38401,507744,1,-2041,-1,199150,-1,-1,-1,0,0
2015-07-17,2015-07-17 00:00:00,Exxon,PILOT TRAVEL CENTERS LLC 103637 IW,BATON ROUGE LA (MOC) - 00CE,ULSD,24240,-1,169679,0,23400,0,23400,23400,-1,0,-1,61801,0,w4,23400,0,61801,36360,-1,237551,Available,-1,Available,150%,150,-1,100,140%,140,Below Trend,-1,On Track,07/18 00:00:00 CDT,-1,w4,0,2015-07-23 00:00:00,Contract,-1,Contract,24240,24240,-1,-1,169679,12960,-1,175750,0,-1,0,0,-1,0,821601,-1,821602,24200,-1,169600,36360,-1,237550,True,True,61801,531144,1,12960,-1,175750,-1,-1,-1,0,0
2015-07-18,2015-07-18 00:00:00,Exxon,PILOT TRAVEL CENTERS LLC 103637 IW,BATON ROUGE LA (MOC) - 00CE,ULSD,24240,-1,169679,0,15800,0,15800,15800,-1,0,-1,77601,0,w4,15800,0,77601,36360,-1,237551,Available,-1,Available,150%,150,-1,100,140%,140,Below Trend,-1,Below Trend,07/19 00:00:00 CDT,-1,w4,0,2015-07-23 00:00:00,Contract,-1,Contract,24240,24240,-1,-1,169679,20560,-1,159950,0,-1,0,0,-1,0,852063,-1,852064,24200,-1,169600,36360,-1,237550,True,True,77601,546944,1,20560,-1,159950,-1,-1,-1,0,0
2015-07-19,2015-07-19 00:00:00,Exxon,PILOT TRAVEL CENTERS LLC 103637 IW,BATON ROUGE LA (MOC) - 00CE,ULSD,24240,-1,169679,0,23500,0,23500,23500,-1,0,-1,101101,0,w4,23500,0,101101,36360,-1,237551,Available,-1,Available,150%,150,-1,100,140%,140,Below Trend,-1,Below Trend,07/20 00:00:00 CDT,-1,w4,0,2015-07-23 00:00:00,Contract,-1,Contract,24240,24240,-1,-1,169679,12860,-1,136450,0,-1,0,0,-1,0,883324,-1,883325,24200,-1,169600,36360,-1,237550,True,True,101101,570444,1,12860,-1,136450,-1,-1,-1,0,0
2015-07-20,2015-07-20 00:00:00,Exxon,PILOT TRAVEL CENTERS LLC 103637 IW,BATON ROUGE LA (MOC) - 00CE,ULSD,24240,-1,169679,0,23510,0,23510,23510,-1,0,-1,124611,0,w4,23510,0,124611,36360,-1,237551,Available,-1,Available,150%,150,-1,100,140%,140,Below Trend,-1,Below Trend,07/21 00:00:00 CDT,-1,w4,0,2015-07-23 00:00:00,Contract,-1,Contract,24240,24240,-1,-1,169679,12850,-1,112940,0,-1,0,0,-1,0,913690,-1,913691,24200,-1,169600,36360,-1,237550,True,True,124611,593954,1,12850,-1,112940,-1,-1,-1,0,0
2015-07-21,2015-07-21 00:00:00,Exxon,PILOT TRAVEL CENTERS LLC 103637 IW,BATON ROUGE LA (MOC) - 00CE,ULSD,24240,-1,169679,0,39100,0,39100,39100,-1,0,-1,163711,0,w4,39100,0,163711,36360,-1,237551,Out,-1,Out,150%,150,-1,100,140%,140,On Track,-1,On Track,07/22 00:00:00 CDT,-1,w4,0,2015-07-23 00:00:00,Contract,-1,Contract,24240,24240,-1,-1,169679,-2740,-1,73840,0,-1,0,0,-1,0,942877,-1,942878,24200,-1,169600,36360,-1,237550,True,True,163711,633054,1,-2740,-1,73840,-1,-1,-1,0,0
2015-07-22,2015-07-22 00:00:00,Exxon,PILOT TRAVEL CENTERS LLC 103637 IW,BATON ROUGE LA (MOC) - 00CE,ULSD,24240,-1,169679,0,31100,0,31100,31100,-1,0,-1,194811,0,w4,31100,0,194811,36360,-1,237551,Available,-1,Available,150%,150,-1,100,140%,140,On Track,-1,On Track,07/23 00:00:00 CDT,-1,w4,0,2015-07-23 00:00:00,Contract,-1,Contract,24240,24240,-1,-1,169679,5260,-1,42740,0,-1,0,0,-1,0,976306,-1,976307,24200,-1,169600,36360,-1,237550,True,True,194811,664154,1,5260,-1,42740,-1,-1,-1,0,0
2015-07-23,2015-07-23 00:00:00,Exxon,PILOT TRAVEL CENTERS LLC 103637 IW,BATON ROUGE LA (MOC) - 00CE,ULSD,24240,-1,169679,0,38802,0,38802,38802,-1,0,-1,38802,0,w5,38802,0,38802,36360,-1,237551,Out,-1,Out,150%,150,-1,100,140%,140,On Track,-1,On Track,07/24 00:00:00 CDT,-1,w5,0,2015-07-30 00:00:00,Contract,-1,Contract,24240,24240,-1,-1,169679,-2442,-1,198749,0,-1,0,0,-1,0,1002970,-1,1002971,24200,-1,169600,36360,-1,237550,True,True,38802,702956,1,-2442,-1,198749,-1,-1,-1,0,0
2015-07-24,2015-07-24 00:00:00,Exxon,PILOT TRAVEL CENTERS LLC 103637 IW,BATON ROUGE LA (MOC) - 00CE,ULSD,24240,-1,169679,0,39000,0,39000,39000,-1,0,-1,77802,0,w5,39000,0,77802,36360,-1,237551,Out,-1,Out,150%,150,-1,100,140%,140,On Track,-1,On Track,07/25 00:00:00 CDT,-1,w5,0,2015-07-30 00:00:00,Contract,-1,Contract,24240,24240,-1,-1,169679,-2640,-1,159749,0,-1,0,0,-1,0,1033215,-1,1033216,24200,-1,169600,36360,-1,237550,True,True,77802,741956,1,-2640,-1,159749,-1,-1,-1,0,0
2015-07-25,2015-07-25 00:00:00,Exxon,PILOT TRAVEL CENTERS LLC 103637 IW,BATON ROUGE LA (MOC) - 00CE,ULSD,24240,-1,169679,0,26935,0,26935,26935,-1,0,-1,104737,0,w5,26935,0,104737,36360,-1,237551,Available,-1,Available,150%,150,-1,100,140%,140,Below Trend,-1,On Track,07/26 00:00:00 CDT,-1,w5,0,2015-07-30 00:00:00,Contract,-1,Contract,24240,24240,-1,-1,169679,9425,-1,132814,0,-1,0,0,-1,0,1063525,-1,1063526,24200,-1,169600,36360,-1,237550,True,True,104737,768891,1,9425,-1,132814,-1,-1,-1,0,0
2015-07-26,2015-07-26 00:00:00,Exxon,PILOT TRAVEL CENTERS LLC 103637 IW,BATON ROUGE LA (MOC) - 00CE,ULSD,24240,-1,169679,0,38800,0,38800,38800,-1,0,-1,143537,0,w5,38800,0,143537,36360,-1,237551,Out,-1,Out,150%,150,-1,100,140%,140,On Track,-1,On Track,07/27 00:00:00 CDT,-1,w5,0,2015-07-30 00:00:00,Contract,-1,Contract,24240,24240,-1,-1,169679,-2440,-1,94014,0,-1,0,0,-1,0,1093580,-1,1093581,24200,-1,169600,36360,-1,237550,True,True,143537,807691,1,-2440,-1,94014,-1,-1,-1,0,0
2015-07-27,2015-07-27 00:00:00,Exxon,PILOT TRAVEL CENTERS LLC 103637 IW,BATON ROUGE LA (MOC) - 00CE,ULSD,24240,-1,169679,0,41501,0,41501,41501,-1,0,-1,185038,0,w5,41501,0,185038,36360,-1,237551,Out,-1,Out,150%,150,-1,100,140%,140,On Track,-1,On Track,07/28 00:00:00 CDT,-1,w5,0,2015-07-30 00:00:00,Contract,-1,Contract,24240,24240,-1,-1,169679,-5141,-1,52513,0,-1,0,0,-1,0,1123890,-1,1123891,24200,-1,169600,36360,-1,237550,True,True,185038,849192,1,-5141,-1,52513,-1,-1,-1,0,0
2015-07-28,2015-07-28 00:00:00,Exxon,PILOT TRAVEL CENTERS LLC 103637 IW,BATON ROUGE LA (MOC) - 00CE,ULSD,24240,-1,169679,0,39400,0,39400,39400,-1,0,-1,224438,0,w5,39400,0,224438,36360,-1,237551,Out,-1,Out,150%,150,-1,100,140%,140,On Track,-1,On Track,07/29 00:00:00 CDT,-1,w5,0,2015-07-30 00:00:00,Contract,-1,Contract,24240,24240,-1,-1,169679,-3040,-1,13113,0,-1,0,0,-1,0,1154200,-1,1154201,24200,-1,169600,36360,-1,237550,True,True,224438,888592,1,-3040,-1,13113,-1,-1,-1,0,0
2015-07-29,2015-07-29 00:00:00,Exxon,PILOT TRAVEL CENTERS LLC 103637 IW,BATON ROUGE LA (MOC) - 00CE,ULSD,24240,-1,169679,0,15600,0,15600,15600,-1,0,-1,240038,0,w5,15600,0,240038,36360,-1,237551,Out,-1,Out,150%,150,-1,100,140%,140,Below Trend,-1,On Track,07/30 00:00:00 CDT,-1,w5,0,2015-07-30 00:00:00,Contract,-1,Contract,24240,24240,-1,-1,169679,20760,-1,-2487,0,-1,0,0,-1,0,1183487,-1,1183488,24200,-1,169600,36360,-1,237550,True,True,240038,904192,1,20760,-1,-2487,-1,-1,-1,0,0
2015-07-30,2015-07-30 00:00:00,Exxon,PILOT TRAVEL CENTERS LLC 103637 IW,BATON ROUGE LA (MOC) - 00CE,ULSD,24240,-1,169679,0,39100,0,39100,39100,-1,0,-1,39100,0,w6,39100,0,39100,36360,-1,237551,Out,-1,Out,150%,150,-1,100,140%,140,On Track,-1,Above Trend,07/31 00:00:00 CDT,-1,w6,0,2015-08-06 00:00:00,Contract,-1,Contract,24240,24240,-1,-1,169679,-2740,-1,198451,0,-1,0,0,-1,0,1214820,-1,1214821,24200,-1,169600,36360,-1,237550,True,True,39100,943292,1,-2740,-1,198451,-1,-1,-1,0,0
2015-07-31,2015-07-31 00:00:00,Exxon,PILOT TRAVEL CENTERS LLC 103637 IW,BATON ROUGE LA (MOC) - 00CE,ULSD,24240,-1,169679,0,38700,0,38700,38700,-1,0,-1,77800,0,w6,38700,0,77800,36360,-1,237551,Out,-1,Out,150%,150,-1,100,140%,140,On Track,-1,On Track,08/01 00:00:00 CDT,-1,w6,0,2015-08-06 00:00:00,Contract,-1,Contract,24240,24240,-1,-1,169679,-2340,-1,159751,0,-1,0,0,-1,0,1245003,-1,1245004,24200,-1,169600,36360,-1,237550,True,True,77800,981992,1,-2340,-1,159751,-1,-1,-1,0,0
