,date,supplier_name,account_type,supplier_terminal_name,product_name,base_gallons_Daily,base_gallons_Monthly,base_gallons_Weekly,lifted_gallons_daily_flag,lifted_gallons_daily_modified,Modified_WeeksByLiftedGallons,lifted_gallons_modified_WeeksByLiftedGallons,lifted_gallons_Daily,Lifted_actual_monthly,lifted_gallons_monthly_flag,lifted_gallons_Monthly,Lifted_actual_weekly,lifted_gallons_weekly_flag,WeeksByLiftedGallons,lifted_gallonsWeekly_modified_aposteriori,Modified_LiftedGallonsaposteriori,lifted_gallons_Weekly,beginning_gallons_Daily,beginning_gallons_Monthly,beginning_gallons_Weekly,en_allocation_status_Daily,en_allocation_status_Monthly,en_allocation_status_Weekly,percentage_allocation_Daily_actual,percentage_allocation_Daily,percentage_allocation_Monthly_actual,percentage_allocation_Monthly,percentage_allocation_Weekly_actual,percentage_allocation_Weekly,alerts_ratability_Daily,alerts_ratability_Monthly,alerts_ratability_Weekly,next_refresh_date_Daily,next_refresh_date_Monthly,Week_switch,Modified_NRD,next_refresh_date_Weekly,en_account_type_Daily,en_account_type_Monthly,en_account_type_Weekly,NRB_Daily,next_refresh_base_gallons_Daily,NRB_Monthly,next_refresh_base_gallons_Monthly,next_refresh_base_gallons_Weekly,remaining_gallons_Daily,remaining_gallons_Monthly,remaining_gallons_Weekly,additional_gallons_allowed_Daily,additional_gallons_allowed_Monthly,additional_gallons_allowed_Weekly,additional_gallons_remaining_Daily,additional_gallons_remaining_Monthly,additional_gallons_remaining_Weekly,staging_id_Daily,staging_id_Monthly,staging_id_Weekly,base_gallons_Daily_Reconciled,base_gallons_Monthly_Reconciled,base_gallons_Weekly_Reconciled,beginning_gallons_Daily_Reconciled,beginning_gallons_Monthly_Reconciled,beginning_gallons_Weekly_Reconciled,sanityWeekly_CumulativeDaily_WeeksByLiftedGallons,sanityWeekly_CumulativeDaily_NextRefreshDate,computedWeekly,computedMonthly,sanityComputedMonthly,remaining_gallons_Daily_Reconciled,remaining_gallons_Monthly_Reconciled,remaining_gallons_Weekly_Reconciled,additional_gallons_remaining_Daily_Reconciled,additional_gallons_remaining_Monthly_Reconciled,additional_gallons_remaining_Weekly_Reconciled,sanityMonthly_CumulativeDaily_WeeksByLiftedGallons,sanityMonthly_CumulativeDaily_WeeksByNextRefreshDate
2015-07-01,2015-07-01 00:00:00,Exxon,PILOT TRAVEL CENTERS LLC 103637 IW,BATON ROUGE LA (MOC) - 00CE,Reg CG DS,8268,-1,57874,0,0,0,0,0,-1,0,-1,89302,0,w1,0,0,89302,12402,-1,81024,Out,-1,Out,150%,150,-1,100,140%,140,Below Trend,-1,On Track,07/02 00:00:00 CDT,-1,w1,0,2015-07-02 00:00:00,Contract,-1,Contract,8268,8268,-1,-1,57874,12402,-1,-8278,0,-1,0,0,-1,0,507928,-1,507929,8200,-1,57800,12402,-1,81023,True,True,0,0,1,12402,-1,-8278,-1,-1,-1,0,0
2015-07-02,2015-07-02 00:00:00,Exxon,PILOT TRAVEL CENTERS LLC 103637 IW,BATON ROUGE LA (MOC) - 00CE,Reg CG DS,8268,-1,57874,0,0,0,0,0,-1,0,-1,0,0,w2,0,0,0,12402,-1,81024,Available,-1,Available,150%,150,-1,100,140%,140,Below Trend,-1,Below Trend,07/03 00:00:00 CDT,-1,w2,0,2015-07-09 00:00:00,Contract,-1,Contract,8268,8268,-1,-1,57874,12402,-1,81024,0,-1,0,0,-1,0,527003,-1,527004,8200,-1,57800,12402,-1,81023,True,True,0,0,1,12402,-1,81024,-1,-1,-1,0,0
2015-07-03,2015-07-03 00:00:00,Exxon,PILOT TRAVEL CENTERS LLC 103637 IW,BATON ROUGE LA (MOC) - 00CE,Reg CG DS,8268,-1,57874,3,15800,1,15800,9000,-1,0,-1,15800,0,w2,9000,0,15800,12402,-1,81024,Available,-1,Available,150%,150,-1,100,140%,140,Above Trend,-1,On Track,07/04 00:00:00 CDT,-1,w2,0,2015-07-09 00:00:00,Contract,-1,Contract,8268,8268,-1,-1,57874,3402,-1,65224,0,-1,0,0,-1,0,534844,-1,534845,8200,-1,57800,12402,-1,81023,True,True,15800,15800,1,-3398,-1,65224,-1,-1,-1,0,0
2015-07-04,2015-07-04 00:00:00,Exxon,PILOT TRAVEL CENTERS LLC 103637 IW,BATON ROUGE LA (MOC) - 00CE,Reg CG DS,8268,-1,57874,3,16600,1,16600,7600,-1,0,-1,32400,0,w2,7600,0,32400,12402,-1,81024,Available,-1,Available,150%,150,-1,100,140%,140,Above Trend,-1,Above Trend,07/05 00:00:00 CDT,-1,w2,0,2015-07-09 00:00:00,Contract,-1,Contract,8268,8268,-1,-1,57874,4802,-1,48624,0,-1,0,0,-1,0,540906,-1,540907,8200,-1,57800,12402,-1,81023,True,True,32400,32400,1,-4198,-1,48624,-1,-1,-1,0,0
2015-07-05,2015-07-05 00:00:00,Exxon,PILOT TRAVEL CENTERS LLC 103637 IW,BATON ROUGE LA (MOC) - 00CE,Reg CG DS,8268,-1,57874,0,9000,0,9000,9000,-1,0,-1,41400,0,w2,9000,0,41400,12402,-1,81024,Available,-1,Available,150%,150,-1,100,140%,140,Above Trend,-1,On Track,07/06 00:00:00 CDT,-1,w2,0,2015-07-09 00:00:00,Contract,-1,Contract,8268,8268,-1,-1,57874,3402,-1,39624,0,-1,0,0,-1,0,547349,-1,547350,8200,-1,57800,12402,-1,81023,True,True,41400,41400,1,3402,-1,39624,-1,-1,-1,0,0
2015-07-06,2015-07-06 00:00:00,Exxon,PILOT TRAVEL CENTERS LLC 103637 IW,BATON ROUGE LA (MOC) - 00CE,Reg CG DS,8268,-1,57874,3,8900,1,8900,0,-1,0,-1,50300,0,w2,0,0,50300,12402,-1,81024,Available,-1,Available,150%,150,-1,100,140%,140,Below Trend,-1,On Track,07/07 00:00:00 CDT,-1,w2,0,2015-07-09 00:00:00,Contract,-1,Contract,8268,8268,-1,-1,57874,12402,-1,30724,0,-1,0,0,-1,0,553665,-1,553666,8200,-1,57800,12402,-1,81023,True,True,50300,50300,1,3502,-1,30724,-1,-1,-1,0,0
2015-07-07,2015-07-07 00:00:00,Exxon,PILOT TRAVEL CENTERS LLC 103637 IW,BATON ROUGE LA (MOC) - 00CE,Reg CG DS,8268,-1,57874,3,34100,1,34100,16200,-1,0,-1,84400,0,w2,16200,0,84400,12402,-1,81024,Out,-1,Out,150%,150,-1,100,140%,140,Above Trend,-1,Above Trend,07/08 00:00:00 CDT,-1,w2,0,2015-07-09 00:00:00,Contract,-1,Contract,8268,8268,-1,-1,57874,-3798,-1,-3376,0,-1,0,0,-1,0,566678,-1,566679,8200,-1,57800,12402,-1,81023,True,True,84400,84400,1,-21698,-1,-3376,-1,-1,-1,0,0
2015-07-08,2015-07-08 00:00:00,Exxon,PILOT TRAVEL CENTERS LLC 103637 IW,BATON ROUGE LA (MOC) - 00CE,Reg CG DS,8268,-1,57874,0,0,0,0,0,-1,0,-1,84400,0,w2,0,0,84400,12402,-1,81024,Out,-1,Out,150%,150,-1,100,140%,140,Below Trend,-1,On Track,07/09 00:00:00 CDT,-1,w2,0,2015-07-09 00:00:00,Contract,-1,Contract,8268,8268,-1,-1,57874,12402,-1,-3376,0,-1,0,0,-1,0,576279,-1,576280,8200,-1,57800,12402,-1,81023,True,True,84400,84400,1,12402,-1,-3376,-1,-1,-1,0,0
2015-07-09,2015-07-09 00:00:00,Exxon,PILOT TRAVEL CENTERS LLC 103637 IW,BATON ROUGE LA (MOC) - 00CE,Reg CG DS,8268,-1,57874,6,6000,0,-1,-1,-1,0,-1,-1,6,w3,-1,0,6000,12402,-1,81024,-1,-1,-1,-1,150,-1,100,-1,140,-1,-1,-1,-1,-1,w3,1,2015-07-16 00:00:00,-1,-1,-1,8268,-1,-1,-1,-1,-1,-1,-1,-1,-1,-1,-1,-1,-1,-1,-1,-1,8200,-1,57800,12402,-1,81023,True,True,6000,90400,1,6402,-1,75024,-1,-1,-1,0,0
2015-07-10,2015-07-10 00:00:00,Exxon,PILOT TRAVEL CENTERS LLC 103637 IW,BATON ROUGE LA (MOC) - 00CE,Reg CG DS,8268,-1,57874,0,21300,0,21300,21300,-1,0,-1,27300,0,w3,21300,0,27300,12402,-1,81024,Out,-1,Out,150%,150,-1,100,140%,140,Above Trend,-1,Above Trend,07/11 00:00:00 CDT,-1,w3,0,2015-07-16 00:00:00,Contract,-1,Contract,8268,8268,-1,-1,57874,-8898,-1,53724,0,-1,0,0,-1,0,609286,-1,609287,8200,-1,57800,12402,-1,81023,False,True,27300,111700,1,-8898,-1,53724,-1,-1,-1,0,0
2015-07-11,2015-07-11 00:00:00,Exxon,PILOT TRAVEL CENTERS LLC 103637 IW,BATON ROUGE LA (MOC) - 00CE,Reg CG DS,8268,-1,57874,0,0,0,0,0,-1,0,-1,27300,0,w3,0,0,27300,12402,-1,81024,Available,-1,Available,150%,150,-1,100,140%,140,Below Trend,-1,Below Trend,07/12 00:00:00 CDT,-1,w3,0,2015-07-16 00:00:00,Contract,-1,Contract,8268,8268,-1,-1,57874,12402,-1,53724,0,-1,0,0,-1,0,637900,-1,637901,8200,-1,57800,12402,-1,81023,False,True,27300,111700,1,12402,-1,53724,-1,-1,-1,0,0
2015-07-12,2015-07-12 00:00:00,Exxon,PILOT TRAVEL CENTERS LLC 103637 IW,BATON ROUGE LA (MOC) - 00CE,Reg CG DS,8268,-1,57874,0,17700,0,17700,17700,-1,0,-1,45000,0,w3,17700,0,45000,12402,-1,81024,Out,-1,Out,150%,150,-1,100,140%,140,Above Trend,-1,On Track,07/13 00:00:00 CDT,-1,w3,0,2015-07-16 00:00:00,Contract,-1,Contract,8268,8268,-1,-1,57874,-5298,-1,36024,0,-1,0,0,-1,0,667314,-1,667315,8200,-1,57800,12402,-1,81023,False,True,45000,129400,1,-5298,-1,36024,-1,-1,-1,0,0
2015-07-13,2015-07-13 00:00:00,Exxon,PILOT TRAVEL CENTERS LLC 103637 IW,BATON ROUGE LA (MOC) - 00CE,Reg CG DS,8268,-1,57874,0,0,0,0,0,-1,0,-1,45000,0,w3,0,0,45000,12402,-1,81024,Available,-1,Available,150%,150,-1,100,140%,140,Below Trend,-1,Below Trend,07/14 00:00:00 CDT,-1,w3,0,2015-07-16 00:00:00,Contract,-1,Contract,8268,8268,-1,-1,57874,12402,-1,36024,0,-1,0,0,-1,0,697910,-1,697911,8200,-1,57800,12402,-1,81023,False,True,45000,129400,1,12402,-1,36024,-1,-1,-1,0,0
2015-07-14,2015-07-14 00:00:00,Exxon,PILOT TRAVEL CENTERS LLC 103637 IW,BATON ROUGE LA (MOC) - 00CE,Reg CG DS,8268,-1,57874,0,24601,0,24601,24601,-1,0,-1,69601,0,w3,24601,0,69601,12402,-1,81024,Out,-1,Out,150%,150,-1,100,140%,140,Above Trend,-1,On Track,07/15 00:00:00 CDT,-1,w3,0,2015-07-16 00:00:00,Contract,-1,Contract,8268,8268,-1,-1,57874,-12199,-1,11423,0,-1,0,0,-1,0,730799,-1,730800,8200,-1,57800,12402,-1,81023,False,True,69601,154001,1,-12199,-1,11423,-1,-1,-1,0,0
2015-07-15,2015-07-15 00:00:00,Exxon,PILOT TRAVEL CENTERS LLC 103637 IW,BATON ROUGE LA (MOC) - 00CE,Reg CG DS,8268,-1,57874,0,7700,0,7700,7700,-1,0,-1,77301,0,w3,7700,0,77301,12402,-1,81024,Available,-1,Available,150%,150,-1,100,140%,140,Below Trend,-1,On Track,07/16 00:00:00 CDT,-1,w3,0,2015-07-16 00:00:00,Contract,-1,Contract,8268,8268,-1,-1,57874,4702,-1,3723,0,-1,0,0,-1,0,756273,-1,756274,8200,-1,57800,12402,-1,81023,False,True,77301,161701,1,4702,-1,3723,-1,-1,-1,0,0
2015-07-16,2015-07-16 00:00:00,Exxon,PILOT TRAVEL CENTERS LLC 103637 IW,BATON ROUGE LA (MOC) - 00CE,Reg CG DS,8268,-1,57874,0,6800,0,6800,6800,-1,0,-1,6800,0,w4,6800,0,6800,12402,-1,81024,Available,-1,Available,150%,150,-1,100,140%,140,Below Trend,-1,Below Trend,07/17 00:00:00 CDT,-1,w4,0,2015-07-23 00:00:00,Contract,-1,Contract,8268,8268,-1,-1,57874,5602,-1,74224,0,-1,0,0,-1,0,788552,-1,788553,8200,-1,57800,12402,-1,81023,True,True,6800,168501,1,5602,-1,74224,-1,-1,-1,0,0
2015-07-17,2015-07-17 00:00:00,Exxon,PILOT TRAVEL CENTERS LLC 103637 IW,BATON ROUGE LA (MOC) - 00CE,Reg CG DS,8268,-1,57874,0,17600,0,17600,17600,-1,0,-1,24400,0,w4,17600,0,24400,12402,-1,81024,Out,-1,Out,150%,150,-1,100,140%,140,Above Trend,-1,On Track,07/18 00:00:00 CDT,-1,w4,0,2015-07-23 00:00:00,Contract,-1,Contract,8268,8268,-1,-1,57874,-5198,-1,56624,0,-1,0,0,-1,0,821599,-1,821600,8200,-1,57800,12402,-1,81023,True,True,24400,186101,1,-5198,-1,56624,-1,-1,-1,0,0
2015-07-18,2015-07-18 00:00:00,Exxon,PILOT TRAVEL CENTERS LLC 103637 IW,BATON ROUGE LA (MOC) - 00CE,Reg CG DS,8268,-1,57874,0,7750,0,7750,7750,-1,0,-1,32150,0,w4,7750,0,32150,12402,-1,81024,Available,-1,Available,150%,150,-1,100,140%,140,Below Trend,-1,On Track,07/19 00:00:00 CDT,-1,w4,0,2015-07-23 00:00:00,Contract,-1,Contract,8268,8268,-1,-1,57874,4652,-1,48874,0,-1,0,0,-1,0,852061,-1,852062,8200,-1,57800,12402,-1,81023,True,True,32150,193851,1,4652,-1,48874,-1,-1,-1,0,0
2015-07-19,2015-07-19 00:00:00,Exxon,PILOT TRAVEL CENTERS LLC 103637 IW,BATON ROUGE LA (MOC) - 00CE,Reg CG DS,8268,-1,57874,0,0,0,0,0,-1,0,-1,32150,0,w4,0,0,32150,12402,-1,81024,Available,-1,Available,150%,150,-1,100,140%,140,Below Trend,-1,Below Trend,07/20 00:00:00 CDT,-1,w4,0,2015-07-23 00:00:00,Contract,-1,Contract,8268,8268,-1,-1,57874,12402,-1,48874,0,-1,0,0,-1,0,883322,-1,883323,8200,-1,57800,12402,-1,81023,True,True,32150,193851,1,12402,-1,48874,-1,-1,-1,0,0
2015-07-20,2015-07-20 00:00:00,Exxon,PILOT TRAVEL CENTERS LLC 103637 IW,BATON ROUGE LA (MOC) - 00CE,Reg CG DS,8268,-1,57874,0,0,0,0,0,-1,0,-1,32150,0,w4,0,0,32150,12402,-1,81024,Available,-1,Available,150%,150,-1,100,140%,140,Below Trend,-1,Below Trend,07/21 00:00:00 CDT,-1,w4,0,2015-07-23 00:00:00,Contract,-1,Contract,8268,8268,-1,-1,57874,12402,-1,48874,0,-1,0,0,-1,0,913688,-1,913689,8200,-1,57800,12402,-1,81023,True,True,32150,193851,1,12402,-1,48874,-1,-1,-1,0,0
2015-07-21,2015-07-21 00:00:00,Exxon,PILOT TRAVEL CENTERS LLC 103637 IW,BATON ROUGE LA (MOC) - 00CE,Reg CG DS,8268,-1,57874,0,17000,0,17000,17000,-1,0,-1,49150,0,w4,17000,0,49150,12402,-1,81024,Out,-1,Out,150%,150,-1,100,140%,140,Above Trend,-1,Below Trend,07/22 00:00:00 CDT,-1,w4,0,2015-07-23 00:00:00,Contract,-1,Contract,8268,8268,-1,-1,57874,-4598,-1,31874,0,-1,0,0,-1,0,942875,-1,942876,8200,-1,57800,12402,-1,81023,True,True,49150,210851,1,-4598,-1,31874,-1,-1,-1,0,0
2015-07-22,2015-07-22 00:00:00,Exxon,PILOT TRAVEL CENTERS LLC 103637 IW,BATON ROUGE LA (MOC) - 00CE,Reg CG DS,8268,-1,57874,0,18001,0,18001,18001,-1,0,-1,67151,0,w4,18001,0,67151,12402,-1,81024,Out,-1,Out,150%,150,-1,100,140%,140,Above Trend,-1,On Track,07/23 00:00:00 CDT,-1,w4,0,2015-07-23 00:00:00,Contract,-1,Contract,8268,8268,-1,-1,57874,-5599,-1,13873,0,-1,0,0,-1,0,976304,-1,976305,8200,-1,57800,12402,-1,81023,True,True,67151,228852,1,-5599,-1,13873,-1,-1,-1,0,0
2015-07-23,2015-07-23 00:00:00,Exxon,PILOT TRAVEL CENTERS LLC 103637 IW,BATON ROUGE LA (MOC) - 00CE,Reg CG DS,8268,-1,57874,0,8000,0,8000,8000,-1,0,-1,8000,0,w5,8000,0,8000,12402,-1,81024,Available,-1,Available,150%,150,-1,100,140%,140,Below Trend,-1,Below Trend,07/24 00:00:00 CDT,-1,w5,0,2015-07-30 00:00:00,Contract,-1,Contract,8268,8268,-1,-1,57874,4402,-1,73024,0,-1,0,0,-1,0,1002968,-1,1002969,8200,-1,57800,12402,-1,81023,True,True,8000,236852,1,4402,-1,73024,-1,-1,-1,0,0
2015-07-24,2015-07-24 00:00:00,Exxon,PILOT TRAVEL CENTERS LLC 103637 IW,BATON ROUGE LA (MOC) - 00CE,Reg CG DS,8268,-1,57874,0,17000,0,17000,17000,-1,0,-1,25000,0,w5,17000,0,25000,12402,-1,81024,Out,-1,Out,150%,150,-1,100,140%,140,Above Trend,-1,On Track,07/25 00:00:00 CDT,-1,w5,0,2015-07-30 00:00:00,Contract,-1,Contract,8268,8268,-1,-1,57874,-4598,-1,56024,0,-1,0,0,-1,0,1033213,-1,1033214,8200,-1,57800,12402,-1,81023,True,True,25000,253852,1,-4598,-1,56024,-1,-1,-1,0,0
2015-07-25,2015-07-25 00:00:00,Exxon,PILOT TRAVEL CENTERS LLC 103637 IW,BATON ROUGE LA (MOC) - 00CE,Reg CG DS,8268,-1,57874,0,16901,0,16901,16901,-1,0,-1,41901,0,w5,16901,0,41901,12402,-1,81024,Out,-1,Out,150%,150,-1,100,140%,140,Above Trend,-1,Above Trend,07/26 00:00:00 CDT,-1,w5,0,2015-07-30 00:00:00,Contract,-1,Contract,8268,8268,-1,-1,57874,-4499,-1,39123,0,-1,0,0,-1,0,1063523,-1,1063524,8200,-1,57800,12402,-1,81023,True,True,41901,270753,1,-4499,-1,39123,-1,-1,-1,0,0
2015-07-26,2015-07-26 00:00:00,Exxon,PILOT TRAVEL CENTERS LLC 103637 IW,BATON ROUGE LA (MOC) - 00CE,Reg CG DS,8268,-1,57874,0,25598,0,25598,25598,-1,0,-1,67499,0,w5,25598,0,67499,12402,-1,81024,Out,-1,Out,150%,150,-1,100,140%,140,Above Trend,-1,Above Trend,07/27 00:00:00 CDT,-1,w5,0,2015-07-30 00:00:00,Contract,-1,Contract,8268,8268,-1,-1,57874,-13196,-1,13525,0,-1,0,0,-1,0,1093578,-1,1093579,8200,-1,57800,12402,-1,81023,True,True,67499,296351,1,-13196,-1,13525,-1,-1,-1,0,0
2015-07-27,2015-07-27 00:00:00,Exxon,PILOT TRAVEL CENTERS LLC 103637 IW,BATON ROUGE LA (MOC) - 00CE,Reg CG DS,8268,-1,57874,0,13101,0,13101,13101,-1,0,-1,80600,0,w5,13101,0,80600,12402,-1,81024,Out,-1,Out,150%,150,-1,100,140%,140,On Track,-1,Above Trend,07/28 00:00:00 CDT,-1,w5,0,2015-07-30 00:00:00,Contract,-1,Contract,8268,8268,-1,-1,57874,-699,-1,424,0,-1,0,0,-1,0,1123888,-1,1123889,8200,-1,57800,12402,-1,81023,True,True,80600,309452,1,-699,-1,424,-1,-1,-1,0,0
2015-07-28,2015-07-28 00:00:00,Exxon,PILOT TRAVEL CENTERS LLC 103637 IW,BATON ROUGE LA (MOC) - 00CE,Reg CG DS,8268,-1,57874,0,8000,0,8000,8000,-1,0,-1,88600,0,w5,8000,0,88600,12402,-1,81024,Out,-1,Out,150%,150,-1,100,140%,140,Below Trend,-1,Above Trend,07/29 00:00:00 CDT,-1,w5,0,2015-07-30 00:00:00,Contract,-1,Contract,8268,8268,-1,-1,57874,4402,-1,-7576,0,-1,0,0,-1,0,1154198,-1,1154199,8200,-1,57800,12402,-1,81023,True,True,88600,317452,1,4402,-1,-7576,-1,-1,-1,0,0
2015-07-29,2015-07-29 00:00:00,Exxon,PILOT TRAVEL CENTERS LLC 103637 IW,BATON ROUGE LA (MOC) - 00CE,Reg CG DS,8268,-1,57874,0,0,0,0,0,-1,0,-1,88600,0,w5,0,0,88600,12402,-1,81024,Out,-1,Out,150%,150,-1,100,140%,140,Below Trend,-1,On Track,07/30 00:00:00 CDT,-1,w5,0,2015-07-30 00:00:00,Contract,-1,Contract,8268,8268,-1,-1,57874,12402,-1,-7576,0,-1,0,0,-1,0,1183485,-1,1183486,8200,-1,57800,12402,-1,81023,True,True,88600,317452,1,12402,-1,-7576,-1,-1,-1,0,0
2015-07-30,2015-07-30 00:00:00,Exxon,PILOT TRAVEL CENTERS LLC 103637 IW,BATON ROUGE LA (MOC) - 00CE,Reg CG DS,8268,-1,57874,0,9000,0,9000,9000,-1,0,-1,9000,0,w6,9000,0,9000,12402,-1,81024,Available,-1,Available,150%,150,-1,100,140%,140,Below Trend,-1,On Track,07/31 00:00:00 CDT,-1,w6,0,2015-08-06 00:00:00,Contract,-1,Contract,8268,8268,-1,-1,57874,3402,-1,72024,0,-1,0,0,-1,0,1214818,-1,1214819,8200,-1,57800,12402,-1,81023,True,True,9000,326452,1,3402,-1,72024,-1,-1,-1,0,0
2015-07-31,2015-07-31 00:00:00,Exxon,PILOT TRAVEL CENTERS LLC 103637 IW,BATON ROUGE LA (MOC) - 00CE,Reg CG DS,8268,-1,57874,0,17001,0,17001,17001,-1,0,-1,26001,0,w6,17001,0,26001,12402,-1,81024,Out,-1,Out,150%,150,-1,100,140%,140,Above Trend,-1,On Track,08/01 00:00:00 CDT,-1,w6,0,2015-08-06 00:00:00,Contract,-1,Contract,8268,8268,-1,-1,57874,-4599,-1,55023,0,-1,0,0,-1,0,1245001,-1,1245002,8200,-1,57800,12402,-1,81023,True,True,26001,343453,1,-4599,-1,55023,-1,-1,-1,0,0
