,date,supplier_name,account_type,supplier_terminal_name,product_name,base_gallons_Daily,base_gallons_Monthly,base_gallons_Weekly,lifted_gallons_daily_flag,lifted_gallons_daily_modified,Modified_WeeksByLiftedGallons,lifted_gallons_modified_WeeksByLiftedGallons,lifted_gallons_Daily,Lifted_actual_monthly,lifted_gallons_monthly_flag,lifted_gallons_Monthly,Lifted_actual_weekly,lifted_gallons_weekly_flag,WeeksByLiftedGallons,lifted_gallonsWeekly_modified_aposteriori,Modified_LiftedGallonsaposteriori,lifted_gallons_Weekly,beginning_gallons_Daily,beginning_gallons_Monthly,beginning_gallons_Weekly,en_allocation_status_Daily,en_allocation_status_Monthly,en_allocation_status_Weekly,percentage_allocation_Daily_actual,percentage_allocation_Daily,percentage_allocation_Monthly_actual,percentage_allocation_Monthly,percentage_allocation_Weekly_actual,percentage_allocation_Weekly,alerts_ratability_Daily,alerts_ratability_Monthly,alerts_ratability_Weekly,next_refresh_date_Daily,next_refresh_date_Monthly,Week_switch,Modified_NRD,next_refresh_date_Weekly,en_account_type_Daily,en_account_type_Monthly,en_account_type_Weekly,NRB_Daily,next_refresh_base_gallons_Daily,NRB_Monthly,next_refresh_base_gallons_Monthly,next_refresh_base_gallons_Weekly,remaining_gallons_Daily,remaining_gallons_Monthly,remaining_gallons_Weekly,additional_gallons_allowed_Daily,additional_gallons_allowed_Monthly,additional_gallons_allowed_Weekly,additional_gallons_remaining_Daily,additional_gallons_remaining_Monthly,additional_gallons_remaining_Weekly,staging_id_Daily,staging_id_Monthly,staging_id_Weekly,base_gallons_Daily_Reconciled,base_gallons_Monthly_Reconciled,base_gallons_Weekly_Reconciled,beginning_gallons_Daily_Reconciled,beginning_gallons_Monthly_Reconciled,beginning_gallons_Weekly_Reconciled,sanityWeekly_CumulativeDaily_WeeksByLiftedGallons,sanityWeekly_CumulativeDaily_NextRefreshDate,computedWeekly,computedMonthly,sanityComputedMonthly,remaining_gallons_Daily_Reconciled,remaining_gallons_Monthly_Reconciled,remaining_gallons_Weekly_Reconciled,additional_gallons_remaining_Daily_Reconciled,additional_gallons_remaining_Monthly_Reconciled,additional_gallons_remaining_Weekly_Reconciled,sanityMonthly_CumulativeDaily_WeeksByLiftedGallons,sanityMonthly_CumulativeDaily_WeeksByNextRefreshDate
2015-08-01,2015-08-01 00:00:00,Exxon,PILOT TRAVEL CENTERS LLC 103637 WS,BATON ROUGE LA (MOC) - 00CE,ULSD,35484,-1,248387,0,-1,0,-1,-1,-1,0,-1,-1,0,w1,-1,0,-1,53226,-1,347742,-1,-1,-1,-1,-1,-1,100,-1,-1,-1,-1,-1,-1,-1,w1,1,2015-08-06 00:00:00,-1,-1,-1,35484,-1,-1,-1,-1,-1,-1,-1,-1,-1,-1,-1,-1,-1,-1,-1,-1,-5322600,-1,-34774200,-355,-1,-2484,True,True,0,0,0,53227,-1,347743,-1,-1,-1,1,1
2015-08-02,2015-08-02 00:00:00,Exxon,PILOT TRAVEL CENTERS LLC 103637 WS,BATON ROUGE LA (MOC) - 00CE,ULSD,35484,-1,248387,0,-1,0,-1,-1,-1,0,-1,-1,0,w1,-1,0,-1,53226,-1,347742,-1,-1,-1,-1,-1,-1,100,-1,-1,-1,-1,-1,-1,-1,w1,1,2015-08-06 00:00:00,-1,-1,-1,35484,-1,-1,-1,-1,-1,-1,-1,-1,-1,-1,-1,-1,-1,-1,-1,-1,-5322600,-1,-34774200,-355,-1,-2484,False,False,0,0,0,53227,-1,347743,-1,-1,-1,0,0
2015-08-03,2015-08-03 00:00:00,Exxon,PILOT TRAVEL CENTERS LLC 103637 WS,BATON ROUGE LA (MOC) - 00CE,ULSD,35484,-1,248387,0,-1,0,-1,-1,-1,0,-1,-1,0,w1,-1,0,-1,53226,-1,347742,-1,-1,-1,-1,-1,-1,100,-1,-1,-1,-1,-1,-1,-1,w1,1,2015-08-06 00:00:00,-1,-1,-1,35484,-1,-1,-1,-1,-1,-1,-1,-1,-1,-1,-1,-1,-1,-1,-1,-1,-5322600,-1,-34774200,-355,-1,-2484,False,False,0,0,0,53227,-1,347743,-1,-1,-1,0,0
2015-08-04,2015-08-04 00:00:00,Exxon,PILOT TRAVEL CENTERS LLC 103637 WS,BATON ROUGE LA (MOC) - 00CE,ULSD,35484,-1,248387,0,-1,0,-1,-1,-1,0,-1,-1,0,w1,-1,0,-1,53226,-1,347742,-1,-1,-1,-1,-1,-1,100,-1,-1,-1,-1,-1,-1,-1,w1,1,2015-08-06 00:00:00,-1,-1,-1,35484,-1,-1,-1,-1,-1,-1,-1,-1,-1,-1,-1,-1,-1,-1,-1,-1,-5322600,-1,-34774200,-355,-1,-2484,False,False,0,0,0,53227,-1,347743,-1,-1,-1,0,0
2015-08-05,2015-08-05 00:00:00,Exxon,PILOT TRAVEL CENTERS LLC 103637 WS,BATON ROUGE LA (MOC) - 00CE,ULSD,35484,-1,248387,0,-1,0,-1,-1,-1,0,-1,-1,0,w1,-1,0,-1,53226,-1,347742,-1,-1,-1,-1,-1,-1,100,-1,-1,-1,-1,-1,-1,-1,w1,1,2015-08-06 00:00:00,-1,-1,-1,35484,-1,-1,-1,-1,-1,-1,-1,-1,-1,-1,-1,-1,-1,-1,-1,-1,-5322600,-1,-34774200,-355,-1,-2484,False,False,0,0,0,53227,-1,347743,-1,-1,-1,0,0
2015-08-06,2015-08-06 00:00:00,Exxon,PILOT TRAVEL CENTERS LLC 103637 WS,BATON ROUGE LA (MOC) - 00CE,ULSD,35484,-1,248387,0,-1,0,-1,-1,-1,0,-1,-1,0,w1,-1,0,-1,53226,-1,347742,-1,-1,-1,-1,-1,-1,100,-1,-1,-1,-1,-1,-1,-1,w2,1,2015-08-13 00:00:00,-1,-1,-1,35484,-1,-1,-1,-1,-1,-1,-1,-1,-1,-1,-1,-1,-1,-1,-1,-1,-5322600,-1,-34774200,-355,-1,-2484,False,True,0,0,0,53227,-1,347743,-1,-1,-1,0,0
2015-08-07,2015-08-07 00:00:00,Exxon,PILOT TRAVEL CENTERS LLC 103637 WS,BATON ROUGE LA (MOC) - 00CE,ULSD,35484,-1,248387,0,-1,0,-1,-1,-1,0,-1,-1,0,w1,-1,0,-1,53226,-1,347742,-1,-1,-1,-1,-1,-1,100,-1,-1,-1,-1,-1,-1,-1,w2,1,2015-08-13 00:00:00,-1,-1,-1,35484,-1,-1,-1,-1,-1,-1,-1,-1,-1,-1,-1,-1,-1,-1,-1,-1,-5322600,-1,-34774200,-355,-1,-2484,False,False,0,0,0,53227,-1,347743,-1,-1,-1,0,0
2015-08-08,2015-08-08 00:00:00,Exxon,PILOT TRAVEL CENTERS LLC 103637 WS,BATON ROUGE LA (MOC) - 00CE,ULSD,35484,-1,248387,0,-1,0,-1,-1,-1,0,-1,-1,0,w1,-1,0,-1,53226,-1,347742,-1,-1,-1,-1,-1,-1,100,-1,-1,-1,-1,-1,-1,-1,w2,1,2015-08-13 00:00:00,-1,-1,-1,35484,-1,-1,-1,-1,-1,-1,-1,-1,-1,-1,-1,-1,-1,-1,-1,-1,-5322600,-1,-34774200,-355,-1,-2484,False,False,0,0,0,53227,-1,347743,-1,-1,-1,0,0
2015-08-09,2015-08-09 00:00:00,Exxon,PILOT TRAVEL CENTERS LLC 103637 WS,BATON ROUGE LA (MOC) - 00CE,ULSD,35484,-1,248387,0,-1,0,-1,-1,-1,0,-1,-1,0,w1,-1,0,-1,53226,-1,347742,-1,-1,-1,-1,-1,-1,100,-1,-1,-1,-1,-1,-1,-1,w2,1,2015-08-13 00:00:00,-1,-1,-1,35484,-1,-1,-1,-1,-1,-1,-1,-1,-1,-1,-1,-1,-1,-1,-1,-1,-5322600,-1,-34774200,-355,-1,-2484,False,False,0,0,0,53227,-1,347743,-1,-1,-1,0,0
2015-08-10,2015-08-10 00:00:00,Exxon,PILOT TRAVEL CENTERS LLC 103637 WS,BATON ROUGE LA (MOC) - 00CE,ULSD,35484,-1,248387,0,-1,0,-1,-1,-1,0,-1,-1,0,w1,-1,0,-1,53226,-1,347742,-1,-1,-1,-1,-1,-1,100,-1,-1,-1,-1,-1,-1,-1,w2,1,2015-08-13 00:00:00,-1,-1,-1,35484,-1,-1,-1,-1,-1,-1,-1,-1,-1,-1,-1,-1,-1,-1,-1,-1,-5322600,-1,-34774200,-355,-1,-2484,False,False,0,0,0,53227,-1,347743,-1,-1,-1,0,0
2015-08-11,2015-08-11 00:00:00,Exxon,PILOT TRAVEL CENTERS LLC 103637 WS,BATON ROUGE LA (MOC) - 00CE,ULSD,35484,-1,248387,0,-1,0,-1,-1,-1,0,-1,-1,0,w1,-1,0,-1,53226,-1,347742,-1,-1,-1,-1,-1,-1,100,-1,-1,-1,-1,-1,-1,-1,w2,1,2015-08-13 00:00:00,-1,-1,-1,35484,-1,-1,-1,-1,-1,-1,-1,-1,-1,-1,-1,-1,-1,-1,-1,-1,-5322600,-1,-34774200,-355,-1,-2484,False,False,0,0,0,53227,-1,347743,-1,-1,-1,0,0
2015-08-12,2015-08-12 00:00:00,Exxon,PILOT TRAVEL CENTERS LLC 103637 WS,BATON ROUGE LA (MOC) - 00CE,ULSD,35484,-1,248387,0,-1,0,-1,-1,-1,0,-1,-1,0,w1,-1,0,-1,53226,-1,347742,-1,-1,-1,-1,-1,-1,100,-1,-1,-1,-1,-1,-1,-1,w2,1,2015-08-13 00:00:00,-1,-1,-1,35484,-1,-1,-1,-1,-1,-1,-1,-1,-1,-1,-1,-1,-1,-1,-1,-1,-5322600,-1,-34774200,-355,-1,-2484,False,False,0,0,0,53227,-1,347743,-1,-1,-1,0,0
2015-08-13,2015-08-13 00:00:00,Exxon,PILOT TRAVEL CENTERS LLC 103637 WS,BATON ROUGE LA (MOC) - 00CE,ULSD,35484,-1,248387,0,-1,0,-1,-1,-1,0,-1,-1,0,w1,-1,0,-1,53226,-1,347742,-1,-1,-1,-1,-1,-1,100,-1,-1,-1,-1,-1,-1,-1,w3,1,2015-08-20 00:00:00,-1,-1,-1,35484,-1,-1,-1,-1,-1,-1,-1,-1,-1,-1,-1,-1,-1,-1,-1,-1,-5322600,-1,-34774200,-355,-1,-2484,False,True,0,0,0,53227,-1,347743,-1,-1,-1,0,0
2015-08-14,2015-08-14 00:00:00,Exxon,PILOT TRAVEL CENTERS LLC 103637 WS,BATON ROUGE LA (MOC) - 00CE,ULSD,35484,-1,248387,0,-1,0,-1,-1,-1,0,-1,-1,0,w1,-1,0,-1,53226,-1,347742,-1,-1,-1,-1,-1,-1,100,-1,-1,-1,-1,-1,-1,-1,w3,1,2015-08-20 00:00:00,-1,-1,-1,35484,-1,-1,-1,-1,-1,-1,-1,-1,-1,-1,-1,-1,-1,-1,-1,-1,-5322600,-1,-34774200,-355,-1,-2484,False,False,0,0,0,53227,-1,347743,-1,-1,-1,0,0
2015-08-15,2015-08-15 00:00:00,Exxon,PILOT TRAVEL CENTERS LLC 103637 WS,BATON ROUGE LA (MOC) - 00CE,ULSD,35484,-1,248387,0,-1,0,-1,-1,-1,0,-1,-1,0,w1,-1,0,-1,53226,-1,347742,-1,-1,-1,-1,-1,-1,100,-1,-1,-1,-1,-1,-1,-1,w3,1,2015-08-20 00:00:00,-1,-1,-1,35484,-1,-1,-1,-1,-1,-1,-1,-1,-1,-1,-1,-1,-1,-1,-1,-1,-5322600,-1,-34774200,-355,-1,-2484,False,False,0,0,0,53227,-1,347743,-1,-1,-1,0,0
2015-08-16,2015-08-16 00:00:00,Exxon,PILOT TRAVEL CENTERS LLC 103637 WS,BATON ROUGE LA (MOC) - 00CE,ULSD,35484,-1,248387,0,-1,0,-1,-1,-1,0,-1,-1,0,w1,-1,0,-1,53226,-1,347742,-1,-1,-1,-1,-1,-1,100,-1,-1,-1,-1,-1,-1,-1,w3,1,2015-08-20 00:00:00,-1,-1,-1,35484,-1,-1,-1,-1,-1,-1,-1,-1,-1,-1,-1,-1,-1,-1,-1,-1,-5322600,-1,-34774200,-355,-1,-2484,False,False,0,0,0,53227,-1,347743,-1,-1,-1,0,0
2015-08-17,2015-08-17 00:00:00,Exxon,PILOT TRAVEL CENTERS LLC 103637 WS,BATON ROUGE LA (MOC) - 00CE,ULSD,35484,-1,248387,0,-1,0,-1,-1,-1,0,-1,-1,0,w1,-1,0,-1,53226,-1,347742,-1,-1,-1,-1,-1,-1,100,-1,-1,-1,-1,-1,-1,-1,w3,1,2015-08-20 00:00:00,-1,-1,-1,35484,-1,-1,-1,-1,-1,-1,-1,-1,-1,-1,-1,-1,-1,-1,-1,-1,-5322600,-1,-34774200,-355,-1,-2484,False,False,0,0,0,53227,-1,347743,-1,-1,-1,0,0
2015-08-18,2015-08-18 00:00:00,Exxon,PILOT TRAVEL CENTERS LLC 103637 WS,BATON ROUGE LA (MOC) - 00CE,ULSD,35484,-1,248387,0,54000,0,54000,54000,-1,0,-1,239844,0,w1,54000,0,239844,53226,-1,347742,Out,-1,Out,150%,150,-1,100,140%,140,On Track,-1,On Track,08/19 00:00:00 CDT,-1,w3,0,2015-08-20 00:00:00,Contract,-1,Contract,35484,35484,-1,-1,248387,-774,-1,107898,0,-1,0,0,-1,0,1871314,-1,1871315,35400,-1,248300,53226,-1,347741,False,False,0,0,0,-774,-1,107898,-1,-1,-1,0,0
2015-08-19,2015-08-19 00:00:00,Exxon,PILOT TRAVEL CENTERS LLC 103637 WS,BATON ROUGE LA (MOC) - 00CE,ULSD,35484,-1,248387,0,23400,0,23400,23400,-1,0,-1,263244,0,w1,23400,0,263244,53226,-1,347742,Available,-1,Available,150%,150,-1,100,140%,140,Below Trend,-1,Below Trend,08/20 00:00:00 CDT,-1,w3,0,2015-08-20 00:00:00,Contract,-1,Contract,35484,35484,-1,-1,248387,29826,-1,84498,0,-1,0,0,-1,0,1903526,-1,1903527,35400,-1,248300,53226,-1,347741,False,False,0,0,0,29826,-1,84498,-1,-1,-1,0,0
2015-08-20,2015-08-20 00:00:00,Exxon,PILOT TRAVEL CENTERS LLC 103637 WS,BATON ROUGE LA (MOC) - 00CE,ULSD,35484,-1,248387,0,54900,0,54900,54900,-1,0,-1,54900,0,w2,54900,0,54900,53226,-1,347742,Out,-1,Out,150%,150,-1,100,140%,140,On Track,-1,On Track,08/21 00:00:00 CDT,-1,w4,0,2015-08-27 00:00:00,Contract,-1,Contract,35484,35484,-1,-1,248387,-1674,-1,292842,0,-1,0,0,-1,0,1946129,-1,1946130,35400,-1,248300,53226,-1,347741,True,True,54900,0,0,-1674,-1,292842,-1,-1,-1,0,0
2015-08-21,2015-08-21 00:00:00,Exxon,PILOT TRAVEL CENTERS LLC 103637 WS,BATON ROUGE LA (MOC) - 00CE,ULSD,35484,-1,248387,0,55001,0,55001,55001,-1,0,-1,109901,0,w2,55001,0,109901,53226,-1,347742,Out,-1,Out,150%,150,-1,100,140%,140,On Track,-1,On Track,08/22 00:00:00 CDT,-1,w4,0,2015-08-27 00:00:00,Contract,-1,Contract,35484,35484,-1,-1,248387,-1775,-1,237841,0,-1,0,0,-1,0,1985386,-1,1985387,35400,-1,248300,53226,-1,347741,True,True,109901,0,0,-1775,-1,237841,-1,-1,-1,0,0
2015-08-22,2015-08-22 00:00:00,Exxon,PILOT TRAVEL CENTERS LLC 103637 WS,BATON ROUGE LA (MOC) - 00CE,ULSD,35484,-1,248387,0,31516,0,31516,31516,-1,0,-1,141417,0,w2,31516,0,141417,53226,-1,347742,Available,-1,Available,150%,150,-1,100,140%,140,Below Trend,-1,On Track,08/23 00:00:00 CDT,-1,w4,0,2015-08-27 00:00:00,Contract,-1,Contract,35484,35484,-1,-1,248387,21710,-1,206325,0,-1,0,0,-1,0,2022859,-1,2022860,35400,-1,248300,53226,-1,347741,True,True,141417,0,0,21710,-1,206325,-1,-1,-1,0,0
2015-08-23,2015-08-23 00:00:00,Exxon,PILOT TRAVEL CENTERS LLC 103637 WS,BATON ROUGE LA (MOC) - 00CE,ULSD,35484,-1,248387,3,31210,1,31210,23510,-1,0,-1,172627,0,w2,23510,0,172627,53226,-1,347742,Available,-1,Available,150%,150,-1,100,140%,140,Below Trend,-1,On Track,08/24 00:00:00 CDT,-1,w4,0,2015-08-27 00:00:00,Contract,-1,Contract,35484,35484,-1,-1,248387,29716,-1,175115,0,-1,0,0,-1,0,2058894,-1,2058895,35400,-1,248300,53226,-1,347741,True,True,172627,0,0,22016,-1,175115,-1,-1,-1,0,0
2015-08-24,2015-08-24 00:00:00,Exxon,PILOT TRAVEL CENTERS LLC 103637 WS,BATON ROUGE LA (MOC) - 00CE,ULSD,35484,-1,248387,0,52020,0,52020,52020,-1,0,-1,224647,0,w2,52020,0,224647,53226,-1,347742,Available,-1,Available,150%,150,-1,100,140%,140,On Track,-1,On Track,08/25 00:00:00 CDT,-1,w4,0,2015-08-27 00:00:00,Contract,-1,Contract,35484,35484,-1,-1,248387,1206,-1,123095,0,-1,0,0,-1,0,2096941,-1,2096942,35400,-1,248300,53226,-1,347741,True,True,224647,0,0,1206,-1,123095,-1,-1,-1,0,0
2015-08-25,2015-08-25 00:00:00,Exxon,PILOT TRAVEL CENTERS LLC 103637 WS,BATON ROUGE LA (MOC) - 00CE,ULSD,35484,-1,248387,0,54700,0,54700,54700,-1,0,-1,279347,0,w2,54700,0,279347,53226,-1,347742,Out,-1,Out,150%,150,-1,100,140%,140,On Track,-1,On Track,08/26 00:00:00 CDT,-1,w4,0,2015-08-27 00:00:00,Contract,-1,Contract,35484,35484,-1,-1,248387,-1474,-1,68395,0,-1,0,0,-1,0,2127939,-1,2127940,35400,-1,248300,53226,-1,347741,True,True,279347,0,0,-1474,-1,68395,-1,-1,-1,0,0
2015-08-26,2015-08-26 00:00:00,Exxon,PILOT TRAVEL CENTERS LLC 103637 WS,BATON ROUGE LA (MOC) - 00CE,ULSD,35484,-1,248387,0,54800,0,54800,54800,-1,0,-1,334147,0,w2,54800,0,334147,53226,-1,347742,Out,-1,Out,150%,150,-1,100,140%,140,On Track,-1,On Track,08/27 00:00:00 CDT,-1,w4,0,2015-08-27 00:00:00,Contract,-1,Contract,35484,35484,-1,-1,248387,-1574,-1,13595,0,-1,0,0,-1,0,2155527,-1,2155528,35400,-1,248300,53226,-1,347741,True,True,334147,0,0,-1574,-1,13595,-1,-1,-1,0,0
2015-08-27,2015-08-27 00:00:00,Exxon,PILOT TRAVEL CENTERS LLC 103637 WS,BATON ROUGE LA (MOC) - 00CE,ULSD,35484,-1,248387,0,53402,0,53402,53402,-1,0,-1,53402,0,w3,53402,0,53402,53226,-1,347742,Out,-1,Out,150%,150,-1,100,140%,140,On Track,-1,On Track,08/28 00:00:00 CDT,-1,w5,0,2015-09-03 00:00:00,Contract,-1,Contract,35484,35484,-1,-1,248387,-176,-1,294340,0,-1,0,0,-1,0,2182736,-1,2182737,35400,-1,248300,53226,-1,347741,True,True,53402,0,0,-176,-1,294340,-1,-1,-1,0,0
2015-08-28,2015-08-28 00:00:00,Exxon,PILOT TRAVEL CENTERS LLC 103637 WS,BATON ROUGE LA (MOC) - 00CE,ULSD,35484,-1,248387,0,0,0,0,0,-1,0,-1,53402,0,w3,0,0,53402,53226,-1,347742,Available,-1,Available,150%,150,-1,100,140%,140,Below Trend,-1,On Track,08/29 00:00:00 CDT,-1,w5,0,2015-09-03 00:00:00,Contract,-1,Contract,35484,35484,-1,-1,248387,53226,-1,294340,0,-1,0,0,-1,0,2190860,-1,2190861,35400,-1,248300,53226,-1,347741,True,True,53402,0,0,53226,-1,294340,-1,-1,-1,0,0
2015-08-29,2015-08-29 00:00:00,Exxon,PILOT TRAVEL CENTERS LLC 103637 WS,BATON ROUGE LA (MOC) - 00CE,ULSD,35484,-1,248387,3,30900,1,30900,0,-1,0,-1,84302,0,w3,0,0,84302,53226,-1,347742,Available,-1,Available,150%,150,-1,100,140%,140,Below Trend,-1,Below Trend,08/30 00:00:00 CDT,-1,w5,0,2015-09-03 00:00:00,Contract,-1,Contract,35484,35484,-1,-1,248387,53226,-1,263440,0,-1,0,0,-1,0,2240410,-1,2240411,35400,-1,248300,53226,-1,347741,True,True,84302,0,0,22326,-1,263440,-1,-1,-1,0,0
2015-08-30,2015-08-30 00:00:00,Exxon,PILOT TRAVEL CENTERS LLC 103637 WS,BATON ROUGE LA (MOC) - 00CE,ULSD,35484,-1,248387,0,7500,0,7500,7500,-1,0,-1,91802,0,w3,7500,0,91802,53226,-1,347742,Available,-1,Available,150%,150,-1,100,140%,140,Below Trend,-1,Below Trend,08/31 00:00:00 CDT,-1,w5,0,2015-09-03 00:00:00,Contract,-1,Contract,35484,35484,-1,-1,265129,45726,-1,255940,0,-1,0,0,-1,0,2248379,-1,2248380,35400,-1,248300,53226,-1,347741,True,True,91802,0,0,45726,-1,255940,-1,-1,-1,0,0
2015-08-31,2015-08-31 00:00:00,Exxon,PILOT TRAVEL CENTERS LLC 103637 WS,BATON ROUGE LA (MOC) - 00CE,ULSD,35484,-1,248387,0,0,0,0,0,-1,0,-1,91802,0,w3,0,0,91802,53226,-1,347742,Available,-1,Available,150%,150,-1,100,140%,140,Below Trend,-1,Below Trend,09/01 00:00:00 CDT,-1,w5,0,2015-09-03 00:00:00,Contract,-1,Contract,35484,35484,-1,-1,265129,53226,-1,255940,0,-1,0,0,-1,0,2292715,-1,2292716,35400,-1,248300,53226,-1,347741,True,True,91802,0,0,53226,-1,255940,-1,-1,-1,0,0
