,date,supplier_name,account_type,supplier_terminal_name,product_name,base_gallons_Daily,base_gallons_Monthly,base_gallons_Weekly,lifted_gallons_daily_flag,lifted_gallons_daily_modified,Modified_WeeksByLiftedGallons,lifted_gallons_modified_WeeksByLiftedGallons,lifted_gallons_Daily,Lifted_actual_monthly,lifted_gallons_monthly_flag,lifted_gallons_Monthly,Lifted_actual_weekly,lifted_gallons_weekly_flag,WeeksByLiftedGallons,lifted_gallonsWeekly_modified_aposteriori,Modified_LiftedGallonsaposteriori,lifted_gallons_Weekly,beginning_gallons_Daily,beginning_gallons_Monthly,beginning_gallons_Weekly,en_allocation_status_Daily,en_allocation_status_Monthly,en_allocation_status_Weekly,percentage_allocation_Daily,percentage_allocation_Monthly,percentage_allocation_Weekly,alerts_ratability_Daily,alerts_ratability_Monthly,alerts_ratability_Weekly,next_refresh_date_Daily,next_refresh_date_Monthly,Week_switch,Modified_NRD,next_refresh_date_Weekly,en_account_type_Daily,en_account_type_Monthly,en_account_type_Weekly,staging_id_Daily,staging_id_Monthly,staging_id_Weekly,base_gallons_Daily_Reconciled,base_gallons_Monthly_Reconciled,base_gallons_Weekly_Reconciled,beginning_gallons_Daily_Reconciled,beginning_gallons_Monthly_Reconciled,beginning_gallons_Weekly_Reconciled,sanityWeekly_CumulativeDaily_WeeksByLiftedGallons,sanityWeekly_CumulativeDaily_NextRefreshDate,computedWeekly,sanityComputedWeekly,computedMonthly,sanityComputedMonthly,sanityMonthly_CumulativeDaily_WeeksByLiftedGallons,sanityMonthly_CumulativeDaily_WeeksByNextRefreshDate
2015-06-01,2015-06-01 00:00:00,Exxon,PILOT TRAVEL CENTERS LLC 103637 IW,MEMPHIS TN (MOC) - 00QE,ULSD,26442,-1,321060,0,-1,0,-1,-1,-1,0,-1,-1,0,w1,-1,0,-1,18346,-1,128424,-1,-1,-1,100,100,100,-1,-1,-1,-1,-1,w1,1,2015-06-04 00:00:00,-1,-1,-1,-1,-1,-1,18346,-1,128424,26442,-1,321060,True,True,0,0,0,0,1,1
2015-06-02,2015-06-02 00:00:00,Exxon,PILOT TRAVEL CENTERS LLC 103637 IW,MEMPHIS TN (MOC) - 00QE,ULSD,45866,-1,321060,3,69725,0,23100,23100,-1,0,-1,240951,0,w1,23100,0,240951,68799,-1,449484,Available,-1,Available,150,100,140,On Track,-1,Below Trend,06/03 00:00:00 CDT,-1,w1,0,2015-06-04 00:00:00,Contract,-1,Contract,280,-1,281,45866,-1,321060,68799,-1,449484,False,False,0,0,0,0,0,0
2015-06-03,2015-06-03 00:00:00,Exxon,PILOT TRAVEL CENTERS LLC 103637 IW,MEMPHIS TN (MOC) - 00QE,ULSD,45866,-1,321060,0,23025,1,69650,23025,-1,0,-1,310601,0,w1,23025,0,310601,68799,-1,449484,Available,-1,Available,150,100,140,On Track,-1,Below Trend,06/04 00:00:00 CDT,-1,w1,0,2015-06-04 00:00:00,Contract,-1,Contract,5993,-1,5994,45866,-1,321060,68799,-1,449484,False,False,0,0,0,0,0,0
2015-06-04,2015-06-04 00:00:00,Exxon,PILOT TRAVEL CENTERS LLC 103637 IW,MEMPHIS TN (MOC) - 00QE,ULSD,45866,-1,321060,3,41295,0,18150,18150,-1,0,-1,18150,0,w2,18150,0,18150,68799,-1,449484,Available,-1,Available,150,100,140,Above Trend,-1,Above Trend,06/05 00:00:00 CDT,-1,w2,0,2015-06-11 00:00:00,Contract,-1,Contract,8708,-1,8709,45866,-1,321060,68799,-1,449484,True,False,0,0,0,0,0,0
2015-06-05,2015-06-05 00:00:00,Exxon,PILOT TRAVEL CENTERS LLC 103637 IW,MEMPHIS TN (MOC) - 00QE,ULSD,45866,-1,321060,0,7750,1,30895,7750,-1,0,-1,49045,0,w2,7750,0,49045,68799,-1,449484,Available,-1,Available,150,100,140,On Track,-1,Below Trend,06/06 00:00:00 CDT,-1,w2,0,2015-06-11 00:00:00,Contract,-1,Contract,12603,-1,12604,45866,-1,321060,68799,-1,449484,True,True,0,0,0,0,0,0
2015-06-06,2015-06-06 00:00:00,Exxon,PILOT TRAVEL CENTERS LLC 103637 IW,MEMPHIS TN (MOC) - 00QE,ULSD,26442,-1,321060,0,-1,0,-1,-1,-1,0,-1,-1,0,w3,-1,0,-1,18346,-1,128424,-1,-1,-1,100,100,100,-1,-1,-1,-1,-1,w2,1,2015-06-11 00:00:00,-1,-1,-1,-1,-1,-1,18346,-1,128424,26442,-1,321060,True,False,0,0,0,0,0,0
2015-06-07,2015-06-07 00:00:00,Exxon,PILOT TRAVEL CENTERS LLC 103637 IW,MEMPHIS TN (MOC) - 00QE,ULSD,26442,-1,321060,0,-1,0,-1,-1,-1,0,-1,-1,0,w3,-1,0,-1,18346,-1,128424,-1,-1,-1,100,100,100,-1,-1,-1,-1,-1,w2,1,2015-06-11 00:00:00,-1,-1,-1,-1,-1,-1,18346,-1,128424,26442,-1,321060,False,False,0,0,0,0,0,0
2015-06-08,2015-06-08 00:00:00,Exxon,PILOT TRAVEL CENTERS LLC 103637 IW,MEMPHIS TN (MOC) - 00QE,ULSD,45866,-1,321060,0,38250,0,38250,38250,-1,0,-1,152496,0,w3,38250,0,152496,68799,-1,449484,Available,-1,Available,150,100,140,Below Trend,-1,Below Trend,06/08 00:00:00 CDT,-1,w2,0,2015-06-11 00:00:00,Contract,-1,Contract,15220,-1,15221,45866,-1,321060,68799,-1,449484,False,False,0,0,0,0,0,0
2015-06-09,2015-06-09 00:00:00,Exxon,PILOT TRAVEL CENTERS LLC 103637 IW,MEMPHIS TN (MOC) - 00QE,ULSD,26442,-1,321060,0,30775,1,-1,30775,-1,0,-1,-1,0,w4,30775,0,-1,18346,-1,128424,Available,-1,-1,100,100,100,Above Trend,-1,-1,06/10 00:00:00 CDT,-1,w2,1,2015-06-11 00:00:00,Contract,-1,-1,17960,-1,-1,18346,-1,128424,26442,-1,321060,True,False,0,0,0,0,0,0
2015-06-10,2015-06-10 00:00:00,Exxon,PILOT TRAVEL CENTERS LLC 103637 IW,MEMPHIS TN (MOC) - 00QE,ULSD,45866,-1,321060,0,0,0,0,0,-1,0,-1,220941,0,w4,0,0,220941,68799,-1,449484,Available,-1,Available,150,100,140,Below Trend,-1,Below Trend,06/11 00:00:00 CDT,-1,w2,0,2015-06-11 00:00:00,Contract,-1,Contract,20830,-1,20831,45866,-1,321060,68799,-1,449484,False,False,0,0,0,0,0,0
2015-06-11,2015-06-11 00:00:00,Exxon,PILOT TRAVEL CENTERS LLC 103637 IW,MEMPHIS TN (MOC) - 00QE,ULSD,45866,-1,321060,0,30550,0,30550,30550,-1,0,-1,30550,0,w5,30550,0,30550,68799,-1,449484,Available,-1,Available,150,100,140,Above Trend,-1,Above Trend,06/12 00:00:00 CDT,-1,w3,0,2015-06-18 00:00:00,Contract,-1,Contract,22297,-1,22298,45866,-1,321060,68799,-1,449484,True,True,0,0,0,0,0,0
2015-06-12,2015-06-12 00:00:00,Exxon,PILOT TRAVEL CENTERS LLC 103637 IW,MEMPHIS TN (MOC) - 00QE,ULSD,26442,-1,321060,0,-1,0,-1,-1,-1,0,-1,-1,0,w6,-1,0,-1,18346,-1,128424,-1,-1,-1,100,100,100,-1,-1,-1,-1,-1,w3,1,2015-06-18 00:00:00,-1,-1,-1,-1,-1,-1,18346,-1,128424,26442,-1,321060,True,False,0,0,0,0,0,0
2015-06-13,2015-06-13 00:00:00,Exxon,PILOT TRAVEL CENTERS LLC 103637 IW,MEMPHIS TN (MOC) - 00QE,ULSD,26442,-1,321060,0,42275,0,42275,42275,-1,0,-1,-1,0,w6,42275,0,-1,18346,-1,128424,Available,-1,-1,100,100,100,On Track,-1,-1,06/14 00:00:00 CDT,-1,w3,1,2015-06-18 00:00:00,Contract,-1,-1,51163,-1,-1,18346,-1,128424,26442,-1,321060,False,False,0,0,0,0,0,0
2015-06-14,2015-06-14 00:00:00,Exxon,PILOT TRAVEL CENTERS LLC 103637 IW,MEMPHIS TN (MOC) - 00QE,ULSD,26442,-1,321060,0,22725,0,22725,22725,-1,0,-1,-1,0,w6,22725,0,-1,18346,-1,128424,Available,-1,-1,100,100,100,Below Trend,-1,-1,06/15 00:00:00 CDT,-1,w3,1,2015-06-18 00:00:00,Contract,-1,-1,70947,-1,-1,18346,-1,128424,26442,-1,321060,False,False,0,0,0,0,0,0
2015-06-15,2015-06-15 00:00:00,Exxon,PILOT TRAVEL CENTERS LLC 103637 IW,MEMPHIS TN (MOC) - 00QE,ULSD,26442,-1,321060,0,30775,0,30775,30775,-1,0,-1,-1,0,w6,30775,0,-1,18346,-1,128424,Available,-1,-1,100,100,100,Below Trend,-1,-1,06/16 00:00:00 CDT,-1,w3,1,2015-06-18 00:00:00,Contract,-1,-1,100230,-1,-1,18346,-1,128424,26442,-1,321060,False,False,0,0,0,0,0,0
2015-06-16,2015-06-16 00:00:00,Exxon,PILOT TRAVEL CENTERS LLC 103637 IW,MEMPHIS TN (MOC) - 00QE,ULSD,26442,-1,321060,0,46010,0,46010,46010,-1,0,-1,-1,0,w6,46010,0,-1,18346,-1,128424,Out,-1,-1,100,100,100,On Track,-1,-1,06/17 00:00:00 CDT,-1,w3,1,2015-06-18 00:00:00,Contract,-1,-1,122094,-1,-1,18346,-1,128424,26442,-1,321060,False,False,0,0,0,0,0,0
2015-06-17,2015-06-17 00:00:00,Exxon,PILOT TRAVEL CENTERS LLC 103637 IW,MEMPHIS TN (MOC) - 00QE,ULSD,45866,-1,321060,0,38210,0,38210,38210,-1,0,-1,256240,0,w6,38210,0,256240,68799,-1,449484,Available,-1,Available,150,100,140,Below Trend,-1,Below Trend,06/18 00:00:00 CDT,-1,w3,0,2015-06-18 00:00:00,Contract,-1,Contract,140701,-1,140702,45866,-1,321060,68799,-1,449484,False,False,0,0,0,0,0,0
2015-06-18,2015-06-18 00:00:00,Exxon,PILOT TRAVEL CENTERS LLC 103637 IW,MEMPHIS TN (MOC) - 00QE,ULSD,45866,-1,321060,3,53979,0,53979,53979,-1,0,-1,53979,0,w7,53979,0,53979,45866,-1,321060,Out,-1,Out,100,100,100,Above Trend,-1,Above Trend,06/19 00:00:00 CDT,-1,w4,0,2015-06-25 00:00:00,Contract,-1,Contract,159440,-1,159441,45866,-1,321060,45866,-1,321060,True,True,53979,True,0,0,0,0
2015-06-19,2015-06-19 00:00:00,Exxon,PILOT TRAVEL CENTERS LLC 103637 IW,MEMPHIS TN (MOC) - 00QE,ULSD,45866,-1,321060,3,30336,0,30336,30336,-1,0,-1,84315,0,w7,30336,0,84315,45866,-1,321060,Available,-1,Available,100,100,100,Below Trend,-1,On Track,06/20 00:00:00 CDT,-1,w4,0,2015-06-25 00:00:00,Contract,-1,Contract,176130,-1,176131,45866,-1,321060,45866,-1,321060,True,True,84315,True,0,0,0,0
2015-06-20,2015-06-20 00:00:00,Exxon,PILOT TRAVEL CENTERS LLC 103637 IW,MEMPHIS TN (MOC) - 00QE,ULSD,45866,-1,321060,3,15450,0,15450,15450,-1,0,-1,99765,0,w7,15450,0,99765,18346,-1,128424,Available,-1,Available,40,100,40,On Track,-1,Above Trend,06/21 00:00:00 CDT,-1,w4,0,2015-06-25 00:00:00,Contract,-1,Contract,190626,-1,190627,45865,-1,321060,18346,-1,128424,True,True,99765,True,0,0,0,0
2015-06-21,2015-06-21 00:00:00,Exxon,PILOT TRAVEL CENTERS LLC 103637 IW,MEMPHIS TN (MOC) - 00QE,ULSD,45866,-1,321060,3,23025,0,23025,23025,-1,0,-1,122790,0,w7,23025,0,122790,18346,-1,128424,Out,-1,Out,40,100,40,Above Trend,-1,Above Trend,06/22 00:00:00 CDT,-1,w4,0,2015-06-25 00:00:00,Contract,-1,Contract,216041,-1,216042,45865,-1,321060,18346,-1,128424,True,True,122790,True,0,0,0,0
2015-06-22,2015-06-22 00:00:00,Exxon,PILOT TRAVEL CENTERS LLC 103637 IW,MEMPHIS TN (MOC) - 00QE,ULSD,45866,-1,321060,3,7750,0,7750,7750,-1,0,-1,130540,0,w7,7750,0,130540,18346,-1,128424,Out,-1,Out,40,100,40,Below Trend,-1,Above Trend,06/23 00:00:00 CDT,-1,w4,0,2015-06-25 00:00:00,Contract,-1,Contract,238702,-1,238703,45865,-1,321060,18346,-1,128424,True,True,130540,True,0,0,0,0
2015-06-23,2015-06-23 00:00:00,Exxon,PILOT TRAVEL CENTERS LLC 103637 IW,MEMPHIS TN (MOC) - 00QE,ULSD,45866,-1,321060,3,0,0,0,0,-1,0,-1,130540,0,w7,0,0,130540,18346,-1,128424,Out,-1,Out,40,100,40,Below Trend,-1,On Track,06/24 00:00:00 CDT,-1,w4,0,2015-06-25 00:00:00,Contract,-1,Contract,276443,-1,276444,45865,-1,321060,18346,-1,128424,True,True,130540,True,0,0,0,0
2015-06-24,2015-06-24 00:00:00,Exxon,PILOT TRAVEL CENTERS LLC 103637 IW,MEMPHIS TN (MOC) - 00QE,ULSD,45866,-1,321060,0,0,0,0,0,-1,0,-1,130540,0,w7,0,0,130540,18346,-1,128424,Out,-1,Out,40,100,40,Below Trend,-1,On Track,06/25 00:00:00 CDT,-1,w4,0,2015-06-25 00:00:00,Contract,-1,Contract,307029,-1,307030,45865,-1,321060,18346,-1,128424,True,True,130540,True,0,0,0,0
2015-06-25,2015-06-25 00:00:00,Exxon,PILOT TRAVEL CENTERS LLC 103637 IW,MEMPHIS TN (MOC) - 00QE,ULSD,45866,-1,321060,0,15450,0,15450,15450,-1,0,-1,15450,0,w8,15450,0,15450,18346,-1,128424,Available,-1,Available,40,100,40,On Track,-1,On Track,06/26 00:00:00 CDT,-1,w5,0,2015-07-02 00:00:00,Contract,-1,Contract,338455,-1,338456,45865,-1,321060,18346,-1,128424,True,True,15450,True,0,0,0,0
2015-06-26,2015-06-26 00:00:00,Exxon,PILOT TRAVEL CENTERS LLC 103637 IW,MEMPHIS TN (MOC) - 00QE,ULSD,26442,-1,321060,0,30850,1,-1,30850,-1,0,-1,-1,0,w9,30850,0,-1,18346,-1,128424,Available,-1,-1,100,100,100,Below Trend,-1,-1,06/27 00:00:00 CDT,-1,w5,1,2015-07-02 00:00:00,Contract,-1,-1,367767,-1,-1,18346,-1,128424,26442,-1,321060,True,False,46300,True,0,0,0,0
2015-06-27,2015-06-27 00:00:00,Exxon,PILOT TRAVEL CENTERS LLC 103637 IW,MEMPHIS TN (MOC) - 00QE,ULSD,26442,-1,321060,0,46144,0,46144,46144,-1,0,-1,-1,0,w9,46144,0,-1,18346,-1,128424,Out,-1,-1,100,100,100,Above Trend,-1,-1,06/28 00:00:00 CDT,-1,w5,1,2015-07-02 00:00:00,Contract,-1,-1,393032,-1,-1,18346,-1,128424,26442,-1,321060,False,False,92444,True,0,0,0,0
2015-06-28,2015-06-28 00:00:00,Exxon,PILOT TRAVEL CENTERS LLC 103637 IW,MEMPHIS TN (MOC) - 00QE,ULSD,26442,-1,321060,0,30800,0,30800,30800,-1,0,-1,-1,0,w9,30800,0,-1,18346,-1,128424,Available,-1,-1,100,100,100,Below Trend,-1,-1,06/29 00:00:00 CDT,-1,w5,1,2015-07-02 00:00:00,Contract,-1,-1,419083,-1,-1,18346,-1,128424,26442,-1,321060,False,False,123244,True,0,0,0,0
2015-06-29,2015-06-29 00:00:00,Exxon,PILOT TRAVEL CENTERS LLC 103637 IW,MEMPHIS TN (MOC) - 00QE,ULSD,26442,-1,321060,0,44636,0,44636,44636,-1,0,-1,-1,0,w9,44636,0,-1,18346,-1,128424,Available,-1,-1,100,100,100,On Track,-1,-1,06/30 00:00:00 CDT,-1,w5,1,2015-07-02 00:00:00,Contract,-1,-1,449898,-1,-1,18346,-1,128424,26442,-1,321060,False,False,167880,True,0,0,0,0
2015-06-30,2015-06-30 00:00:00,Exxon,PILOT TRAVEL CENTERS LLC 103637 IW,MEMPHIS TN (MOC) - 00QE,ULSD,26442,-1,321060,0,45606,0,45606,45606,-1,0,-1,213486,0,w9,45606,0,213486,39663,-1,449484,Out,-1,Out,150,100,140,Above Trend,-1,Below Trend,07/01 00:00:00 CDT,-1,w5,0,2015-07-02 00:00:00,Contract,-1,Contract,476565,-1,476566,26442,-1,321060,39663,-1,449484,False,True,213486,True,0,0,0,0
