,date,supplier_name,account_type,supplier_terminal_name,product_name,base_gallons_Daily,base_gallons_Monthly,base_gallons_Weekly,lifted_gallons_daily_flag,lifted_gallons_daily_modified,Modified_WeeksByLiftedGallons,lifted_gallons_modified_WeeksByLiftedGallons,lifted_gallons_Daily,Lifted_actual_monthly,lifted_gallons_monthly_flag,lifted_gallons_Monthly,Lifted_actual_weekly,lifted_gallons_weekly_flag,WeeksByLiftedGallons,lifted_gallonsWeekly_modified_aposteriori,Modified_LiftedGallonsaposteriori,lifted_gallons_Weekly,beginning_gallons_Daily,beginning_gallons_Monthly,beginning_gallons_Weekly,en_allocation_status_Daily,en_allocation_status_Monthly,en_allocation_status_Weekly,percentage_allocation_Daily,percentage_allocation_Monthly,percentage_allocation_Weekly,alerts_ratability_Daily,alerts_ratability_Monthly,alerts_ratability_Weekly,next_refresh_date_Daily,next_refresh_date_Monthly,Week_switch,Modified_NRD,next_refresh_date_Weekly,en_account_type_Daily,en_account_type_Monthly,en_account_type_Weekly,staging_id_Daily,staging_id_Monthly,staging_id_Weekly,base_gallons_Daily_Reconciled,base_gallons_Monthly_Reconciled,base_gallons_Weekly_Reconciled,beginning_gallons_Daily_Reconciled,beginning_gallons_Monthly_Reconciled,beginning_gallons_Weekly_Reconciled,sanityWeekly_CumulativeDaily_WeeksByLiftedGallons,sanityWeekly_CumulativeDaily_NextRefreshDate,computedWeekly,sanityComputedWeekly,computedMonthly,sanityComputedMonthly,sanityMonthly_CumulativeDaily_WeeksByLiftedGallons,sanityMonthly_CumulativeDaily_WeeksByNextRefreshDate
2015-06-01,2015-06-01 00:00:00,Exxon,PILOT TRAVEL CENTERS LLC 103637 IW,MEMPHIS TN (MOC) - 00QE,Prem CBOB<9,553,-1,3871,0,-1,0,-1,-1,-1,0,-1,-1,0,w1,-1,0,-1,221,-1,1548,-1,-1,-1,100,100,100,-1,-1,-1,-1,-1,w1,1,2015-06-04 00:00:00,-1,-1,-1,-1,-1,-1,221,-1,1548,553,-1,3871,True,True,0,0,0,0,1,1
2015-06-02,2015-06-02 00:00:00,Exxon,PILOT TRAVEL CENTERS LLC 103637 IW,MEMPHIS TN (MOC) - 00QE,Prem CBOB<9,553,-1,3871,3,0,0,0,0,-1,0,-1,3501,0,w1,0,0,3501,830,-1,5419,Available,-1,Available,150,100,140,Below Trend,-1,On Track,06/03 00:00:00 CDT,-1,w1,0,2015-06-04 00:00:00,Contract,-1,Contract,276,-1,277,553,-1,3871,830,-1,5419,False,False,0,0,0,0,1,1
2015-06-03,2015-06-03 00:00:00,Exxon,PILOT TRAVEL CENTERS LLC 103637 IW,MEMPHIS TN (MOC) - 00QE,Prem CBOB<9,553,-1,3871,0,0,0,0,0,-1,0,-1,3501,0,w1,0,0,3501,830,-1,5419,Available,-1,Available,150,100,140,Below Trend,-1,Below Trend,06/04 00:00:00 CDT,-1,w1,0,2015-06-04 00:00:00,Contract,-1,Contract,5989,-1,5990,553,-1,3871,830,-1,5419,False,False,0,0,0,0,1,1
2015-06-04,2015-06-04 00:00:00,Exxon,PILOT TRAVEL CENTERS LLC 103637 IW,MEMPHIS TN (MOC) - 00QE,Prem CBOB<9,553,-1,3871,3,0,0,0,0,-1,0,-1,0,0,w2,0,0,0,830,-1,5419,Available,-1,Available,150,100,140,Below Trend,-1,Below Trend,06/05 00:00:00 CDT,-1,w2,0,2015-06-11 00:00:00,Contract,-1,Contract,8704,-1,8705,553,-1,3871,830,-1,5419,True,True,0,0,0,0,1,1
2015-06-05,2015-06-05 00:00:00,Exxon,PILOT TRAVEL CENTERS LLC 103637 IW,MEMPHIS TN (MOC) - 00QE,Prem CBOB<9,553,-1,3871,0,0,0,0,0,-1,0,-1,0,0,w2,0,0,0,830,-1,5419,Available,-1,Available,150,100,140,Below Trend,-1,Below Trend,06/06 00:00:00 CDT,-1,w2,0,2015-06-11 00:00:00,Contract,-1,Contract,12599,-1,12600,553,-1,3871,830,-1,5419,True,True,0,0,0,0,1,1
2015-06-06,2015-06-06 00:00:00,Exxon,PILOT TRAVEL CENTERS LLC 103637 IW,MEMPHIS TN (MOC) - 00QE,Prem CBOB<9,553,-1,3871,0,-1,0,-1,-1,-1,0,-1,-1,0,w3,-1,0,-1,221,-1,1548,-1,-1,-1,100,100,100,-1,-1,-1,-1,-1,w2,1,2015-06-11 00:00:00,-1,-1,-1,-1,-1,-1,221,-1,1548,553,-1,3871,True,True,0,0,0,0,0,0
2015-06-07,2015-06-07 00:00:00,Exxon,PILOT TRAVEL CENTERS LLC 103637 IW,MEMPHIS TN (MOC) - 00QE,Prem CBOB<9,553,-1,3871,0,-1,0,-1,-1,-1,0,-1,-1,0,w3,-1,0,-1,221,-1,1548,-1,-1,-1,100,100,100,-1,-1,-1,-1,-1,w2,1,2015-06-11 00:00:00,-1,-1,-1,-1,-1,-1,221,-1,1548,553,-1,3871,False,False,0,0,0,0,0,0
2015-06-08,2015-06-08 00:00:00,Exxon,PILOT TRAVEL CENTERS LLC 103637 IW,MEMPHIS TN (MOC) - 00QE,Prem CBOB<9,553,-1,3871,0,0,0,0,0,-1,0,-1,1000,0,w3,0,0,1000,830,-1,5419,Available,-1,Available,150,100,140,Below Trend,-1,Below Trend,06/08 00:00:00 CDT,-1,w2,0,2015-06-11 00:00:00,Contract,-1,Contract,15216,-1,15217,553,-1,3871,830,-1,5419,False,False,0,0,0,0,0,0
2015-06-09,2015-06-09 00:00:00,Exxon,PILOT TRAVEL CENTERS LLC 103637 IW,MEMPHIS TN (MOC) - 00QE,Prem CBOB<9,553,-1,3871,0,0,1,-1,0,-1,0,-1,-1,0,w4,0,0,-1,221,-1,1548,Available,-1,-1,100,100,100,Below Trend,-1,-1,06/10 00:00:00 CDT,-1,w2,1,2015-06-11 00:00:00,Contract,-1,-1,17957,-1,-1,221,-1,1548,553,-1,3871,True,False,0,0,0,0,0,0
2015-06-10,2015-06-10 00:00:00,Exxon,PILOT TRAVEL CENTERS LLC 103637 IW,MEMPHIS TN (MOC) - 00QE,Prem CBOB<9,553,-1,3871,0,0,0,0,0,-1,0,-1,-1,0,w4,0,0,-1,221,-1,1548,Available,-1,-1,100,100,100,Below Trend,-1,-1,06/11 00:00:00 CDT,-1,w2,1,2015-06-11 00:00:00,Contract,-1,-1,20827,-1,-1,221,-1,1548,553,-1,3871,True,False,0,0,0,0,0,0
2015-06-11,2015-06-11 00:00:00,Exxon,PILOT TRAVEL CENTERS LLC 103637 IW,MEMPHIS TN (MOC) - 00QE,Prem CBOB<9,553,-1,3871,0,0,0,0,0,-1,0,-1,-1,0,w4,0,0,-1,221,-1,1548,Available,-1,-1,100,100,100,Below Trend,-1,-1,06/12 00:00:00 CDT,-1,w3,1,2015-06-18 00:00:00,Contract,-1,-1,22293,-1,-1,221,-1,1548,553,-1,3871,True,False,0,0,0,0,0,0
2015-06-12,2015-06-12 00:00:00,Exxon,PILOT TRAVEL CENTERS LLC 103637 IW,MEMPHIS TN (MOC) - 00QE,Prem CBOB<9,553,-1,3871,0,-1,0,-1,-1,-1,0,-1,-1,0,w4,-1,0,-1,221,-1,1548,-1,-1,-1,100,100,100,-1,-1,-1,-1,-1,w3,1,2015-06-18 00:00:00,-1,-1,-1,-1,-1,-1,221,-1,1548,553,-1,3871,False,True,0,0,0,0,0,0
2015-06-13,2015-06-13 00:00:00,Exxon,PILOT TRAVEL CENTERS LLC 103637 IW,MEMPHIS TN (MOC) - 00QE,Prem CBOB<9,553,-1,3871,0,1200,0,1200,1200,-1,0,-1,-1,0,w4,1200,0,-1,221,-1,1548,Out,-1,-1,100,100,100,Above Trend,-1,-1,06/14 00:00:00 CDT,-1,w3,1,2015-06-18 00:00:00,Contract,-1,-1,51159,-1,-1,221,-1,1548,553,-1,3871,False,False,0,0,0,0,0,0
2015-06-14,2015-06-14 00:00:00,Exxon,PILOT TRAVEL CENTERS LLC 103637 IW,MEMPHIS TN (MOC) - 00QE,Prem CBOB<9,553,-1,3871,0,0,0,0,0,-1,0,-1,-1,0,w4,0,0,-1,221,-1,1548,Available,-1,-1,100,100,100,Below Trend,-1,-1,06/15 00:00:00 CDT,-1,w3,1,2015-06-18 00:00:00,Contract,-1,-1,70943,-1,-1,221,-1,1548,553,-1,3871,False,False,0,0,0,0,0,0
2015-06-15,2015-06-15 00:00:00,Exxon,PILOT TRAVEL CENTERS LLC 103637 IW,MEMPHIS TN (MOC) - 00QE,Prem CBOB<9,553,-1,3871,0,0,0,0,0,-1,0,-1,-1,0,w4,0,0,-1,221,-1,1548,Available,-1,-1,100,100,100,Below Trend,-1,-1,06/16 00:00:00 CDT,-1,w3,1,2015-06-18 00:00:00,Contract,-1,-1,100226,-1,-1,221,-1,1548,553,-1,3871,False,False,0,0,0,0,0,0
2015-06-16,2015-06-16 00:00:00,Exxon,PILOT TRAVEL CENTERS LLC 103637 IW,MEMPHIS TN (MOC) - 00QE,Prem CBOB<9,553,-1,3871,0,0,0,0,0,-1,0,-1,-1,0,w4,0,0,-1,221,-1,1548,Available,-1,-1,100,100,100,Below Trend,-1,-1,06/17 00:00:00 CDT,-1,w3,1,2015-06-18 00:00:00,Contract,-1,-1,122090,-1,-1,221,-1,1548,553,-1,3871,False,False,0,0,0,0,0,0
2015-06-17,2015-06-17 00:00:00,Exxon,PILOT TRAVEL CENTERS LLC 103637 IW,MEMPHIS TN (MOC) - 00QE,Prem CBOB<9,553,-1,3871,0,0,0,0,0,-1,0,-1,-1,0,w4,0,0,-1,221,-1,1548,Available,-1,-1,100,100,100,Below Trend,-1,-1,06/18 00:00:00 CDT,-1,w3,1,2015-06-18 00:00:00,Contract,-1,-1,140697,-1,-1,221,-1,1548,553,-1,3871,False,False,0,0,0,0,0,0
2015-06-18,2015-06-18 00:00:00,Exxon,PILOT TRAVEL CENTERS LLC 103637 IW,MEMPHIS TN (MOC) - 00QE,Prem CBOB<9,553,-1,3871,3,0,0,0,0,-1,0,-1,0,0,w4,0,0,0,553,-1,3871,Available,-1,Available,100,100,100,Below Trend,-1,Below Trend,06/19 00:00:00 CDT,-1,w4,0,2015-06-25 00:00:00,Contract,-1,Contract,159434,-1,159435,553,-1,3871,553,-1,3871,False,True,0,True,0,0,0,0
2015-06-19,2015-06-19 00:00:00,Exxon,PILOT TRAVEL CENTERS LLC 103637 IW,MEMPHIS TN (MOC) - 00QE,Prem CBOB<9,553,-1,3871,3,0,0,0,0,-1,0,-1,0,0,w4,0,0,0,553,-1,3871,Available,-1,Available,100,100,100,Below Trend,-1,Below Trend,06/20 00:00:00 CDT,-1,w4,0,2015-06-25 00:00:00,Contract,-1,Contract,176124,-1,176125,553,-1,3871,553,-1,3871,False,True,0,True,0,0,0,0
2015-06-20,2015-06-20 00:00:00,Exxon,PILOT TRAVEL CENTERS LLC 103637 IW,MEMPHIS TN (MOC) - 00QE,Prem CBOB<9,553,-1,3871,3,0,0,0,0,-1,0,-1,0,0,w4,0,0,0,221,-1,1548,Available,-1,Available,40,100,40,Below Trend,-1,Below Trend,06/21 00:00:00 CDT,-1,w4,0,2015-06-25 00:00:00,Contract,-1,Contract,190620,-1,190621,553,-1,3870,221,-1,1548,False,True,0,True,0,0,0,0
2015-06-21,2015-06-21 00:00:00,Exxon,PILOT TRAVEL CENTERS LLC 103637 IW,MEMPHIS TN (MOC) - 00QE,Prem CBOB<9,553,-1,3871,3,0,0,0,0,-1,0,-1,0,0,w4,0,0,0,221,-1,1548,Available,-1,Available,40,100,40,Below Trend,-1,Below Trend,06/22 00:00:00 CDT,-1,w4,0,2015-06-25 00:00:00,Contract,-1,Contract,216035,-1,216036,553,-1,3870,221,-1,1548,False,True,0,True,0,0,0,0
2015-06-22,2015-06-22 00:00:00,Exxon,PILOT TRAVEL CENTERS LLC 103637 IW,MEMPHIS TN (MOC) - 00QE,Prem CBOB<9,553,-1,3871,3,0,0,0,0,-1,0,-1,0,0,w4,0,0,0,221,-1,1548,Available,-1,Available,40,100,40,Below Trend,-1,Below Trend,06/23 00:00:00 CDT,-1,w4,0,2015-06-25 00:00:00,Contract,-1,Contract,238696,-1,238697,553,-1,3870,221,-1,1548,False,True,0,True,0,0,0,0
2015-06-23,2015-06-23 00:00:00,Exxon,PILOT TRAVEL CENTERS LLC 103637 IW,MEMPHIS TN (MOC) - 00QE,Prem CBOB<9,553,-1,3871,3,0,0,0,0,-1,0,-1,0,0,w4,0,0,0,221,-1,1548,Available,-1,Available,40,100,40,Below Trend,-1,Below Trend,06/24 00:00:00 CDT,-1,w4,0,2015-06-25 00:00:00,Contract,-1,Contract,276437,-1,276438,553,-1,3870,221,-1,1548,False,True,0,True,0,0,0,0
2015-06-24,2015-06-24 00:00:00,Exxon,PILOT TRAVEL CENTERS LLC 103637 IW,MEMPHIS TN (MOC) - 00QE,Prem CBOB<9,553,-1,3871,0,0,0,0,0,-1,0,-1,0,0,w4,0,0,0,221,-1,1548,Available,-1,Available,40,100,40,Below Trend,-1,Below Trend,06/25 00:00:00 CDT,-1,w4,0,2015-06-25 00:00:00,Contract,-1,Contract,307023,-1,307024,553,-1,3870,221,-1,1548,False,True,0,True,0,0,0,0
2015-06-25,2015-06-25 00:00:00,Exxon,PILOT TRAVEL CENTERS LLC 103637 IW,MEMPHIS TN (MOC) - 00QE,Prem CBOB<9,553,-1,3871,0,0,0,0,0,-1,0,-1,0,0,w4,0,0,0,221,-1,1548,Available,-1,Available,40,100,40,Below Trend,-1,Below Trend,06/26 00:00:00 CDT,-1,w5,0,2015-07-02 00:00:00,Contract,-1,Contract,338449,-1,338450,553,-1,3870,221,-1,1548,False,True,0,True,0,0,0,0
2015-06-26,2015-06-26 00:00:00,Exxon,PILOT TRAVEL CENTERS LLC 103637 IW,MEMPHIS TN (MOC) - 00QE,Prem CBOB<9,553,-1,3871,0,1100,0,1100,1100,-1,0,-1,-1,0,w5,1100,0,-1,221,-1,1548,Out,-1,-1,100,100,100,Above Trend,-1,-1,06/27 00:00:00 CDT,-1,w5,1,2015-07-02 00:00:00,Contract,-1,-1,367764,-1,-1,221,-1,1548,553,-1,3871,False,False,1100,True,0,0,0,0
2015-06-27,2015-06-27 00:00:00,Exxon,PILOT TRAVEL CENTERS LLC 103637 IW,MEMPHIS TN (MOC) - 00QE,Prem CBOB<9,553,-1,3871,0,1100,0,1100,1100,-1,0,-1,-1,0,w5,1100,0,-1,221,-1,1548,Out,-1,-1,100,100,100,Above Trend,-1,-1,06/28 00:00:00 CDT,-1,w5,1,2015-07-02 00:00:00,Contract,-1,-1,393029,-1,-1,221,-1,1548,553,-1,3871,False,False,2200,True,0,0,0,0
2015-06-28,2015-06-28 00:00:00,Exxon,PILOT TRAVEL CENTERS LLC 103637 IW,MEMPHIS TN (MOC) - 00QE,Prem CBOB<9,553,-1,3871,0,0,0,0,0,-1,0,-1,-1,0,w5,0,0,-1,221,-1,1548,Available,-1,-1,100,100,100,Below Trend,-1,-1,06/29 00:00:00 CDT,-1,w5,1,2015-07-02 00:00:00,Contract,-1,-1,419080,-1,-1,221,-1,1548,553,-1,3871,False,False,2200,True,0,0,0,0
2015-06-29,2015-06-29 00:00:00,Exxon,PILOT TRAVEL CENTERS LLC 103637 IW,MEMPHIS TN (MOC) - 00QE,Prem CBOB<9,553,-1,3871,0,3205,0,3205,3205,-1,0,-1,-1,0,w5,3205,0,-1,221,-1,1548,Out,-1,-1,100,100,100,Above Trend,-1,-1,06/30 00:00:00 CDT,-1,w5,1,2015-07-02 00:00:00,Contract,-1,-1,449895,-1,-1,221,-1,1548,553,-1,3871,False,False,5405,True,0,0,0,0
2015-06-30,2015-06-30 00:00:00,Exxon,PILOT TRAVEL CENTERS LLC 103637 IW,MEMPHIS TN (MOC) - 00QE,Prem CBOB<9,688,-1,3871,0,0,0,0,0,-1,0,-1,5405,0,w5,0,0,5405,1032,-1,5419,Available,-1,Available,150,100,140,Below Trend,-1,On Track,07/01 00:00:00 CDT,-1,w5,0,2015-07-02 00:00:00,Contract,-1,Contract,476560,-1,476561,688,-1,3871,1032,-1,5419,True,True,5405,True,0,0,0,0
