,date,supplier_name,account_type,supplier_terminal_name,product_name,base_gallons_Daily,base_gallons_Weekly,lifted_gallons_daily_flag,lifted_gallons_daily_modified,Modified_WeeksByLiftedGallons,lifted_gallons_modified_WeeksByLiftedGallons,lifted_gallons_Daily,Lifted_actual_weekly,lifted_gallons_weekly_flag,WeeksByLiftedGallons,lifted_gallonsWeekly_modified_aposteriori,Modified_LiftedGallonsaposteriori,lifted_gallons_Weekly,beginning_gallons_Daily,beginning_gallons_Weekly,en_allocation_status_Daily,en_allocation_status_Weekly,percentage_allocation_Daily,percentage_allocation_Weekly,alerts_ratability_Daily,alerts_ratability_Weekly,next_refresh_date_Daily,Week_switch,Modified_NRD,next_refresh_date_Weekly,en_account_type_Daily,en_account_type_Weekly,staging_id_Daily,staging_id_Weekly,base_gallons_Monthly,Lifted_actual_monthly,lifted_gallons_monthly_flag,lifted_gallons_Monthly,beginning_gallons_Monthly,en_allocation_status_Monthly,percentage_allocation_Monthly,alerts_ratability_Monthly,next_refresh_date_Monthly,base_gallons_Daily_Reconciled,base_gallons_Monthly_Reconciled,beginning_gallons_Daily_Reconciled,beginning_gallons_Monthly_Reconciled,beginning_gallons_Weekly_Reconciled,sanityWeekly_CumulativeDaily_WeeksByLiftedGallons,sanityWeekly_CumulativeDaily_NextRefreshDate,computedWeekly,computedMonthly,sanityComputedMonthly,sanityMonthly_CumulativeDaily_WeeksByLiftedGallons,sanityMonthly_CumulativeDaily_WeeksByNextRefreshDate
2015-08-01,2015-08-01 00:00:00,BP,Channel: 50 - Commercial,INDIANAPOLIS IN - BP (PLANT 0452),REGULAR,38312,268181,0,-1,0,-1,-1,-1,0,w1,-1,0,-1,57468,268181,-1,-1,100,100,-1,-1,-1,w1,1,2015-08-05 00:00:00,-1,-1,-1,-1,0,-1,0,-1,0,-1,100,-1,-1,57468,-1,38312,0,268181,False,False,0,0,0,1,1
2015-08-02,2015-08-02 00:00:00,BP,Channel: 50 - Commercial,INDIANAPOLIS IN - BP (PLANT 0452),REGULAR,38312,268181,0,-1,0,-1,-1,-1,0,w1,-1,0,-1,57468,268181,-1,-1,100,100,-1,-1,-1,w1,1,2015-08-05 00:00:00,-1,-1,-1,-1,0,-1,0,-1,0,-1,100,-1,-1,57468,-1,38312,0,268181,False,False,0,0,0,0,0
2015-08-03,2015-08-03 00:00:00,BP,Channel: 50 - Commercial,INDIANAPOLIS IN - BP (PLANT 0452),REGULAR,38312,268181,0,-1,0,-1,-1,-1,0,w1,-1,0,-1,57468,268181,-1,-1,100,100,-1,-1,-1,w1,1,2015-08-05 00:00:00,-1,-1,-1,-1,0,-1,0,-1,0,-1,100,-1,-1,57468,-1,38312,0,268181,False,False,0,0,0,0,0
2015-08-04,2015-08-04 00:00:00,BP,Channel: 50 - Commercial,INDIANAPOLIS IN - BP (PLANT 0452),REGULAR,38312,268181,0,-1,0,-1,-1,-1,0,w1,-1,0,-1,57468,268181,-1,-1,100,100,-1,-1,-1,w1,1,2015-08-05 00:00:00,-1,-1,-1,-1,0,-1,0,-1,0,-1,100,-1,-1,57468,-1,38312,0,268181,False,False,0,0,0,0,0
2015-08-05,2015-08-05 00:00:00,BP,Channel: 50 - Commercial,INDIANAPOLIS IN - BP (PLANT 0452),REGULAR,38312,268181,6,42100,0,-1,-1,-1,6,w1,-1,0,42100,57468,268181,-1,-1,100,100,-1,-1,-1,w2,1,2015-08-12 00:00:00,-1,-1,-1,-1,0,-1,0,-1,0,-1,100,-1,-1,57468,-1,38312,0,268181,False,True,42100,0,0,0,0
2015-08-06,2015-08-06 00:00:00,BP,Channel: 50 - Commercial,INDIANAPOLIS IN - BP (PLANT 0452),REGULAR,38312,268181,0,105041,0,105041,105041,147141,0,w1,105041,0,147141,76624,294999,Available,Available,200,110,-1,-1,08/07 00:00:00 EDT,w2,0,2015-08-12 00:00:00,Contract,Contract,1427185,1427186,0,0,0,0,0,0,0,0,0,38312,-1,76624,0,294999,False,True,147141,0,0,0,0
2015-08-07,2015-08-07 00:00:00,BP,Channel: 50 - Commercial,INDIANAPOLIS IN - BP (PLANT 0452),REGULAR,38312,268181,0,80526,0,80526,80526,227667,0,w1,80526,0,227667,76624,294999,Out,Out,200,110,-1,-1,08/08 00:00:00 EDT,w2,0,2015-08-12 00:00:00,Contract,Contract,1462910,1462911,0,0,0,0,0,0,0,0,0,38312,-1,76624,0,294999,False,True,227667,0,0,0,0
2015-08-08,2015-08-08 00:00:00,BP,Channel: 50 - Commercial,INDIANAPOLIS IN - BP (PLANT 0452),REGULAR,38312,268181,0,60950,0,60950,60950,288617,0,w1,60950,0,288617,76624,294999,Available,Available,200,110,-1,-1,08/09 00:00:00 EDT,w2,0,2015-08-12 00:00:00,Contract,Contract,1497197,1497198,0,0,0,0,0,0,0,0,0,38312,-1,76624,0,294999,False,True,288617,0,0,0,0
2015-08-09,2015-08-09 00:00:00,BP,Channel: 50 - Commercial,INDIANAPOLIS IN - BP (PLANT 0452),REGULAR,38312,268181,0,45101,0,45101,45101,333718,0,w1,45101,0,333718,76624,294999,Out,Out,200,110,-1,-1,08/10 00:00:00 EDT,w2,0,2015-08-12 00:00:00,Contract,Contract,1531138,1531139,0,0,0,0,0,0,0,0,0,38312,-1,76624,0,294999,False,True,333718,0,0,0,0
2015-08-10,2015-08-10 00:00:00,BP,Channel: 50 - Commercial,INDIANAPOLIS IN - BP (PLANT 0452),REGULAR,38312,268181,0,0,0,0,0,333718,0,w1,0,0,333718,76624,294999,Out,Out,200,110,-1,-1,08/11 00:00:00 EDT,w2,0,2015-08-12 00:00:00,Contract,Contract,1564245,1564246,0,0,0,0,0,0,0,0,0,38312,-1,76624,0,294999,False,True,333718,0,0,0,0
2015-08-11,2015-08-11 00:00:00,BP,Channel: 50 - Commercial,INDIANAPOLIS IN - BP (PLANT 0452),REGULAR,38312,268181,0,0,0,0,0,333718,0,w1,0,0,333718,76624,294999,Out,Out,200,110,-1,-1,08/12 00:00:00 EDT,w2,0,2015-08-12 00:00:00,Contract,Contract,1586378,1586379,0,0,0,0,0,0,0,0,0,38312,-1,76624,0,294999,False,True,333718,0,0,0,0
2015-08-12,2015-08-12 00:00:00,BP,Channel: 50 - Commercial,INDIANAPOLIS IN - BP (PLANT 0452),REGULAR,38312,268181,0,38521,0,38521,38521,38521,0,w2,38521,0,38521,57468,268181,Available,Available,150,100,-1,-1,08/13 00:00:00 EDT,w3,0,2015-08-19 00:00:00,Contract,Contract,1636483,1636484,0,0,0,0,0,0,0,0,0,38312,-1,57468,0,268181,True,True,38521,0,0,0,0
2015-08-13,2015-08-13 00:00:00,BP,Channel: 50 - Commercial,INDIANAPOLIS IN - BP (PLANT 0452),REGULAR,38312,268181,0,57026,0,57026,57026,95547,0,w2,57026,0,95547,57468,268181,Available,Available,150,100,-1,-1,08/14 00:00:00 EDT,w3,0,2015-08-19 00:00:00,Contract,Contract,1676417,1676418,0,0,0,0,0,0,0,0,0,38312,-1,57468,0,268181,True,True,95547,0,0,0,0
2015-08-14,2015-08-14 00:00:00,BP,Channel: 50 - Commercial,INDIANAPOLIS IN - BP (PLANT 0452),REGULAR,38312,268181,0,54651,0,54651,54651,150198,0,w2,54651,0,150198,57468,268181,Available,Available,150,100,-1,-1,08/15 00:00:00 EDT,w3,0,2015-08-19 00:00:00,Contract,Contract,1716028,1716029,0,0,0,0,0,0,0,0,0,38312,-1,57468,0,268181,True,True,150198,0,0,0,0
2015-08-15,2015-08-15 00:00:00,BP,Channel: 50 - Commercial,INDIANAPOLIS IN - BP (PLANT 0452),REGULAR,38312,268181,0,16500,0,16500,16500,166698,0,w2,16500,0,166698,57468,268181,Available,Available,150,100,-1,-1,08/16 00:00:00 EDT,w3,0,2015-08-19 00:00:00,Contract,Contract,1752192,1752193,0,0,0,0,0,0,0,0,0,38312,-1,57468,0,268181,True,True,166698,0,0,0,0
2015-08-16,2015-08-16 00:00:00,BP,Channel: 50 - Commercial,INDIANAPOLIS IN - BP (PLANT 0452),REGULAR,38312,268181,0,0,0,0,0,166698,0,w2,0,0,166698,57468,268181,Available,Available,150,100,-1,-1,08/17 00:00:00 EDT,w3,0,2015-08-19 00:00:00,Contract,Contract,1790145,1790146,0,0,0,0,0,0,0,0,0,38312,-1,57468,0,268181,True,True,166698,0,0,0,0
2015-08-17,2015-08-17 00:00:00,BP,Channel: 50 - Commercial,INDIANAPOLIS IN - BP (PLANT 0452),REGULAR,38312,268181,0,22949,0,22949,22949,189647,0,w2,22949,0,189647,57468,268181,Available,Available,150,100,-1,-1,08/18 00:00:00 EDT,w3,0,2015-08-19 00:00:00,Contract,Contract,1831150,1831151,0,0,0,0,0,0,0,0,0,38312,-1,57468,0,268181,True,True,189647,0,0,0,0
2015-08-18,2015-08-18 00:00:00,BP,Channel: 50 - Commercial,INDIANAPOLIS IN - BP (PLANT 0452),REGULAR,38312,268181,0,61711,0,61711,61711,251358,0,w2,61711,0,251358,57468,268181,Out,Out,150,100,-1,-1,08/19 00:00:00 EDT,w3,0,2015-08-19 00:00:00,Contract,Contract,1869548,1869549,0,0,0,0,0,0,0,0,0,38312,-1,57468,0,268181,True,True,251358,0,0,0,0
2015-08-19,2015-08-19 00:00:00,BP,Channel: 50 - Commercial,INDIANAPOLIS IN - BP (PLANT 0452),REGULAR,38312,268181,0,33218,0,33218,33218,33218,0,w3,33218,0,33218,57468,268181,Available,Available,150,100,-1,-1,08/20 00:00:00 EDT,w4,0,2015-08-26 00:00:00,Contract,Contract,1902047,1902048,0,0,0,0,0,0,0,0,0,38312,-1,57468,0,268181,True,True,33218,0,0,0,0
2015-08-20,2015-08-20 00:00:00,BP,Channel: 50 - Commercial,INDIANAPOLIS IN - BP (PLANT 0452),REGULAR,38312,268181,3,80704,1,80704,63323,113922,0,w3,63323,0,113922,57468,268181,Out,Out,150,100,-1,-1,08/21 00:00:00 EDT,w4,0,2015-08-26 00:00:00,Contract,Contract,1944656,1944657,0,0,0,0,0,0,0,0,0,38312,-1,57468,0,268181,True,True,113922,0,0,0,0
2015-08-21,2015-08-21 00:00:00,BP,Channel: 50 - Commercial,INDIANAPOLIS IN - BP (PLANT 0452),REGULAR,38312,268181,0,8825,0,8825,8825,122747,0,w3,8825,0,122747,57468,268181,Available,Available,150,100,-1,-1,08/22 00:00:00 EDT,w4,0,2015-08-26 00:00:00,Contract,Contract,1983499,1983500,0,0,0,0,0,0,0,0,0,38312,-1,57468,0,268181,True,True,122747,0,0,0,0
2015-08-22,2015-08-22 00:00:00,BP,Channel: 50 - Commercial,INDIANAPOLIS IN - BP (PLANT 0452),REGULAR,38312,268181,0,0,0,0,0,122747,0,w3,0,0,122747,57468,268181,Available,Available,150,100,-1,-1,08/23 00:00:00 EDT,w4,0,2015-08-26 00:00:00,Contract,Contract,2021386,2021387,0,0,0,0,0,0,0,0,0,38312,-1,57468,0,268181,True,True,122747,0,0,0,0
2015-08-23,2015-08-23 00:00:00,BP,Channel: 50 - Commercial,INDIANAPOLIS IN - BP (PLANT 0452),REGULAR,38312,268181,0,19614,0,19614,19614,142361,0,w3,19614,0,142361,57468,268181,Available,Available,150,100,-1,-1,08/24 00:00:00 EDT,w4,0,2015-08-26 00:00:00,Contract,Contract,2057421,2057422,0,0,0,0,0,0,0,0,0,38312,-1,57468,0,268181,True,True,142361,0,0,0,0
2015-08-24,2015-08-24 00:00:00,BP,Channel: 50 - Commercial,INDIANAPOLIS IN - BP (PLANT 0452),REGULAR,38312,268181,0,42309,0,42309,42309,184670,0,w3,42309,0,184670,57468,268181,Available,Available,150,100,-1,-1,08/25 00:00:00 EDT,w4,0,2015-08-26 00:00:00,Contract,Contract,2095054,2095055,0,0,0,0,0,0,0,0,0,38312,-1,57468,0,268181,True,True,184670,0,0,0,0
2015-08-25,2015-08-25 00:00:00,BP,Channel: 50 - Commercial,INDIANAPOLIS IN - BP (PLANT 0452),REGULAR,38312,268181,0,27455,0,27455,27455,212125,0,w3,27455,0,212125,57468,294999,Available,Available,150,110,-1,-1,08/26 00:00:00 EDT,w4,0,2015-08-26 00:00:00,Contract,Contract,2126179,2126180,0,0,0,0,0,0,0,0,0,38312,-1,57468,0,294999,True,True,212125,0,0,0,0
2015-08-26,2015-08-26 00:00:00,BP,Channel: 50 - Commercial,INDIANAPOLIS IN - BP (PLANT 0452),REGULAR,38312,268181,0,57779,0,57779,57779,57779,0,w4,57779,0,57779,57468,294999,Out,Out,150,110,-1,-1,08/27 00:00:00 EDT,w5,0,2015-09-02 00:00:00,Contract,Contract,2153766,2153767,0,0,0,0,0,0,0,0,0,38312,-1,57468,0,294999,True,True,57779,0,0,0,0
2015-08-27,2015-08-27 00:00:00,BP,Channel: 50 - Commercial,INDIANAPOLIS IN - BP (PLANT 0452),REGULAR,38312,268181,0,7404,0,7404,7404,65183,0,w4,7404,0,65183,76624,294999,Available,Available,200,110,-1,-1,08/28 00:00:00 EDT,w5,0,2015-09-02 00:00:00,Contract,Contract,2180974,2180975,0,0,0,0,0,0,0,0,0,38312,-1,76624,0,294999,True,True,65183,0,0,0,0
2015-08-28,2015-08-28 00:00:00,BP,Channel: 50 - Commercial,INDIANAPOLIS IN - BP (PLANT 0452),REGULAR,38312,268181,0,79139,0,79139,79139,144322,0,w4,79139,0,144322,76624,294999,Out,Out,200,110,-1,-1,08/29 00:00:00 EDT,w5,0,2015-09-02 00:00:00,Contract,Contract,2211912,2211913,0,0,0,0,0,0,0,0,0,38312,-1,76624,0,294999,True,True,144322,0,0,0,0
2015-08-29,2015-08-29 00:00:00,BP,Channel: 50 - Commercial,INDIANAPOLIS IN - BP (PLANT 0452),REGULAR,38312,268181,0,95232,0,95232,95232,239554,0,w4,95232,0,239554,76624,294999,Available,Available,200,110,-1,-1,08/30 00:00:00 EDT,w5,0,2015-09-02 00:00:00,Contract,Contract,2239061,2239062,0,0,0,0,0,0,0,0,0,38312,-1,76624,0,294999,True,True,239554,0,0,0,0
2015-08-30,2015-08-30 00:00:00,BP,Channel: 50 - Commercial,INDIANAPOLIS IN - BP (PLANT 0452),REGULAR,38312,268181,0,84229,0,84229,84229,323783,0,w4,84229,0,323783,76624,294999,Available,Available,200,110,-1,-1,08/31 00:00:00 EDT,w5,0,2015-09-02 00:00:00,Contract,Contract,2265458,2265459,0,0,0,0,0,0,0,0,0,38312,-1,76624,0,294999,True,True,323783,0,0,0,0
2015-08-31,2015-08-31 00:00:00,BP,Channel: 50 - Commercial,INDIANAPOLIS IN - BP (PLANT 0452),REGULAR,38312,268181,0,7399,0,7399,7399,331182,0,w4,7399,0,331182,76624,294999,Out,Out,200,110,-1,-1,09/01 00:00:00 EDT,w5,0,2015-09-02 00:00:00,Contract,Contract,2291621,2291622,0,0,0,0,0,0,0,0,0,38312,-1,76624,0,294999,True,True,331182,0,0,0,0
