,date,supplier_name,account_type,supplier_terminal_name,product_name,base_gallons_Daily,base_gallons_Weekly,lifted_gallons_daily_flag,lifted_gallons_daily_modified,Modified_WeeksByLiftedGallons,lifted_gallons_modified_WeeksByLiftedGallons,lifted_gallons_Daily,Lifted_actual_weekly,lifted_gallons_weekly_flag,WeeksByLiftedGallons,lifted_gallonsWeekly_modified_aposteriori,Modified_LiftedGallonsaposteriori,lifted_gallons_Weekly,beginning_gallons_Daily,beginning_gallons_Weekly,en_allocation_status_Daily,en_allocation_status_Weekly,percentage_allocation_Daily,percentage_allocation_Weekly,alerts_ratability_Daily,alerts_ratability_Weekly,next_refresh_date_Daily,Week_switch,Modified_NRD,next_refresh_date_Weekly,en_account_type_Daily,en_account_type_Weekly,staging_id_Daily,staging_id_Weekly,base_gallons_Monthly,Lifted_actual_monthly,lifted_gallons_monthly_flag,lifted_gallons_Monthly,beginning_gallons_Monthly,en_allocation_status_Monthly,percentage_allocation_Monthly,alerts_ratability_Monthly,next_refresh_date_Monthly,base_gallons_Daily_Reconciled,base_gallons_Monthly_Reconciled,beginning_gallons_Daily_Reconciled,beginning_gallons_Monthly_Reconciled,beginning_gallons_Weekly_Reconciled,sanityWeekly_CumulativeDaily_WeeksByLiftedGallons,sanityWeekly_CumulativeDaily_NextRefreshDate,computedWeekly,computedMonthly,sanityComputedMonthly,sanityMonthly_CumulativeDaily_WeeksByLiftedGallons,sanityMonthly_CumulativeDaily_WeeksByNextRefreshDate
2015-08-01,2015-08-01 00:00:00,BP,Channel: 50 - Commercial,CUYAHOGA OH - BUCKEYE (PLANT 9178),DIESEL,38710,270968,0,-1,0,-1,-1,-1,0,w1,-1,0,-1,77420,298065,-1,-1,100,100,-1,-1,-1,w1,1,2015-08-05 00:00:00,-1,-1,-1,-1,0,-1,0,-1,0,-1,100,-1,-1,77420,-1,38710,0,270968,False,False,0,0,0,1,1
2015-08-02,2015-08-02 00:00:00,BP,Channel: 50 - Commercial,CUYAHOGA OH - BUCKEYE (PLANT 9178),DIESEL,38710,270968,0,-1,0,-1,-1,-1,0,w1,-1,0,-1,77420,298065,-1,-1,100,100,-1,-1,-1,w1,1,2015-08-05 00:00:00,-1,-1,-1,-1,0,-1,0,-1,0,-1,100,-1,-1,77420,-1,38710,0,270968,False,False,0,0,0,0,0
2015-08-03,2015-08-03 00:00:00,BP,Channel: 50 - Commercial,CUYAHOGA OH - BUCKEYE (PLANT 9178),DIESEL,38710,270968,0,-1,0,-1,-1,-1,0,w1,-1,0,-1,77420,298065,-1,-1,100,100,-1,-1,-1,w1,1,2015-08-05 00:00:00,-1,-1,-1,-1,0,-1,0,-1,0,-1,100,-1,-1,77420,-1,38710,0,270968,False,False,0,0,0,0,0
2015-08-04,2015-08-04 00:00:00,BP,Channel: 50 - Commercial,CUYAHOGA OH - BUCKEYE (PLANT 9178),DIESEL,38710,270968,0,-1,0,-1,-1,-1,0,w1,-1,0,-1,77420,298065,-1,-1,100,100,-1,-1,-1,w1,1,2015-08-05 00:00:00,-1,-1,-1,-1,0,-1,0,-1,0,-1,100,-1,-1,77420,-1,38710,0,270968,False,False,0,0,0,0,0
2015-08-05,2015-08-05 00:00:00,BP,Channel: 50 - Commercial,CUYAHOGA OH - BUCKEYE (PLANT 9178),DIESEL,38710,270968,6,30198,0,-1,-1,-1,6,w1,-1,0,30198,77420,298065,-1,-1,100,100,-1,-1,-1,w2,1,2015-08-12 00:00:00,-1,-1,-1,-1,0,-1,0,-1,0,-1,100,-1,-1,77420,-1,38710,0,270968,False,True,30198,0,0,0,0
2015-08-06,2015-08-06 00:00:00,BP,Channel: 50 - Commercial,CUYAHOGA OH - BUCKEYE (PLANT 9178),DIESEL,38710,270968,0,60647,0,60647,60647,90845,0,w1,60647,0,90845,77420,298065,Available,Available,200,110,-1,-1,08/07 00:00:00 EDT,w2,0,2015-08-12 00:00:00,Contract,Contract,1427174,1427175,0,0,0,0,0,0,0,0,0,38710,-1,77420,0,298065,False,True,90845,0,0,0,0
2015-08-07,2015-08-07 00:00:00,BP,Channel: 50 - Commercial,CUYAHOGA OH - BUCKEYE (PLANT 9178),DIESEL,38710,270968,0,0,0,0,0,90845,0,w1,0,0,90845,77420,298065,Available,Available,200,110,-1,-1,08/08 00:00:00 EDT,w2,0,2015-08-12 00:00:00,Contract,Contract,1462899,1462900,0,0,0,0,0,0,0,0,0,38710,-1,77420,0,298065,False,True,90845,0,0,0,0
2015-08-08,2015-08-08 00:00:00,BP,Channel: 50 - Commercial,CUYAHOGA OH - BUCKEYE (PLANT 9178),DIESEL,38710,270968,0,82936,0,82936,82936,173781,0,w1,82936,0,173781,77420,298065,Out,Out,200,110,-1,-1,08/09 00:00:00 EDT,w2,0,2015-08-12 00:00:00,Contract,Contract,1497186,1497187,0,0,0,0,0,0,0,0,0,38710,-1,77420,0,298065,False,True,173781,0,0,0,0
2015-08-09,2015-08-09 00:00:00,BP,Channel: 50 - Commercial,CUYAHOGA OH - BUCKEYE (PLANT 9178),DIESEL,38710,270968,0,60438,0,60438,60438,234219,0,w1,60438,0,234219,77420,298065,Available,Available,200,110,-1,-1,08/10 00:00:00 EDT,w2,0,2015-08-12 00:00:00,Contract,Contract,1531126,1531127,0,0,0,0,0,0,0,0,0,38710,-1,77420,0,298065,False,True,234219,0,0,0,0
2015-08-10,2015-08-10 00:00:00,BP,Channel: 50 - Commercial,CUYAHOGA OH - BUCKEYE (PLANT 9178),DIESEL,38710,270968,0,83384,0,83384,83384,317603,0,w1,83384,0,317603,77420,298065,Out,Out,200,110,-1,-1,08/11 00:00:00 EDT,w2,0,2015-08-12 00:00:00,Contract,Contract,1564233,1564234,0,0,0,0,0,0,0,0,0,38710,-1,77420,0,298065,False,True,317603,0,0,0,0
2015-08-11,2015-08-11 00:00:00,BP,Channel: 50 - Commercial,CUYAHOGA OH - BUCKEYE (PLANT 9178),DIESEL,38710,270968,0,0,0,0,0,317603,0,w1,0,0,317603,77420,298065,Out,Out,200,110,-1,-1,08/12 00:00:00 EDT,w2,0,2015-08-12 00:00:00,Contract,Contract,1586366,1586367,0,0,0,0,0,0,0,0,0,38710,-1,77420,0,298065,False,True,317603,0,0,0,0
2015-08-12,2015-08-12 00:00:00,BP,Channel: 50 - Commercial,CUYAHOGA OH - BUCKEYE (PLANT 9178),DIESEL,38710,270968,0,0,0,0,0,0,0,w2,0,0,0,77420,298065,Available,Available,200,110,-1,-1,08/13 00:00:00 EDT,w3,0,2015-08-19 00:00:00,Contract,Contract,1636473,1636474,0,0,0,0,0,0,0,0,0,38710,-1,77420,0,298065,True,True,0,0,0,0,0
2015-08-13,2015-08-13 00:00:00,BP,Channel: 50 - Commercial,CUYAHOGA OH - BUCKEYE (PLANT 9178),DIESEL,38710,270968,0,37766,0,37766,37766,37766,0,w2,37766,0,37766,77420,298065,Available,Available,200,110,-1,-1,08/14 00:00:00 EDT,w3,0,2015-08-19 00:00:00,Contract,Contract,1676403,1676404,0,0,0,0,0,0,0,0,0,38710,-1,77420,0,298065,True,True,37766,0,0,0,0
2015-08-14,2015-08-14 00:00:00,BP,Channel: 50 - Commercial,CUYAHOGA OH - BUCKEYE (PLANT 9178),DIESEL,38710,270968,0,90991,0,90991,90991,128757,0,w2,90991,0,128757,77420,298065,Out,Out,200,110,-1,-1,08/15 00:00:00 EDT,w3,0,2015-08-19 00:00:00,Contract,Contract,1716016,1716017,0,0,0,0,0,0,0,0,0,38710,-1,77420,0,298065,True,True,128757,0,0,0,0
2015-08-15,2015-08-15 00:00:00,BP,Channel: 50 - Commercial,CUYAHOGA OH - BUCKEYE (PLANT 9178),DIESEL,38710,270968,0,30316,0,30316,30316,159073,0,w2,30316,0,159073,77420,298065,Available,Available,200,110,-1,-1,08/16 00:00:00 EDT,w3,0,2015-08-19 00:00:00,Contract,Contract,1752180,1752181,0,0,0,0,0,0,0,0,0,38710,-1,77420,0,298065,True,True,159073,0,0,0,0
2015-08-16,2015-08-16 00:00:00,BP,Channel: 50 - Commercial,CUYAHOGA OH - BUCKEYE (PLANT 9178),DIESEL,38710,270968,0,22698,0,22698,22698,181771,0,w2,22698,0,181771,77420,298065,Available,Available,200,110,-1,-1,08/17 00:00:00 EDT,w3,0,2015-08-19 00:00:00,Contract,Contract,1790132,1790133,0,0,0,0,0,0,0,0,0,38710,-1,77420,0,298065,True,True,181771,0,0,0,0
2015-08-17,2015-08-17 00:00:00,BP,Channel: 50 - Commercial,CUYAHOGA OH - BUCKEYE (PLANT 9178),DIESEL,38710,270968,0,52578,0,52578,52578,234349,0,w2,52578,0,234349,77420,298065,Available,Available,200,110,-1,-1,08/18 00:00:00 EDT,w3,0,2015-08-19 00:00:00,Contract,Contract,1831139,1831140,0,0,0,0,0,0,0,0,0,38710,-1,77420,0,298065,True,True,234349,0,0,0,0
2015-08-18,2015-08-18 00:00:00,BP,Channel: 50 - Commercial,CUYAHOGA OH - BUCKEYE (PLANT 9178),DIESEL,38710,270968,0,37722,0,37722,37722,272071,0,w2,37722,0,272071,77420,298065,Available,Available,200,110,-1,-1,08/19 00:00:00 EDT,w3,0,2015-08-19 00:00:00,Contract,Contract,1869533,1869534,0,0,0,0,0,0,0,0,0,38710,-1,77420,0,298065,True,True,272071,0,0,0,0
2015-08-19,2015-08-19 00:00:00,BP,Channel: 50 - Commercial,CUYAHOGA OH - BUCKEYE (PLANT 9178),DIESEL,38710,270968,0,45408,0,45408,45408,45408,0,w3,45408,0,45408,77420,298065,Available,Available,200,110,-1,-1,08/20 00:00:00 EDT,w4,0,2015-08-26 00:00:00,Contract,Contract,1902036,1902037,0,0,0,0,0,0,0,0,0,38710,-1,77420,0,298065,True,True,45408,0,0,0,0
2015-08-20,2015-08-20 00:00:00,BP,Channel: 50 - Commercial,CUYAHOGA OH - BUCKEYE (PLANT 9178),DIESEL,38710,270968,3,60785,1,60785,53183,106193,0,w3,53183,0,106193,77420,298065,Available,Available,200,110,-1,-1,08/21 00:00:00 EDT,w4,0,2015-08-26 00:00:00,Contract,Contract,1944639,1944640,0,0,0,0,0,0,0,0,0,38710,-1,77420,0,298065,True,True,106193,0,0,0,0
2015-08-21,2015-08-21 00:00:00,BP,Channel: 50 - Commercial,CUYAHOGA OH - BUCKEYE (PLANT 9178),DIESEL,38710,270968,0,38011,0,38011,38011,144204,0,w3,38011,0,144204,77420,298065,Available,Available,200,110,-1,-1,08/22 00:00:00 EDT,w4,0,2015-08-26 00:00:00,Contract,Contract,1983482,1983483,0,0,0,0,0,0,0,0,0,38710,-1,77420,0,298065,True,True,144204,0,0,0,0
2015-08-22,2015-08-22 00:00:00,BP,Channel: 50 - Commercial,CUYAHOGA OH - BUCKEYE (PLANT 9178),DIESEL,38710,270968,0,38011,0,38011,38011,182215,0,w3,38011,0,182215,77420,298065,Available,Available,200,110,-1,-1,08/23 00:00:00 EDT,w4,0,2015-08-26 00:00:00,Contract,Contract,2021369,2021370,0,0,0,0,0,0,0,0,0,38710,-1,77420,0,298065,True,True,182215,0,0,0,0
2015-08-23,2015-08-23 00:00:00,BP,Channel: 50 - Commercial,CUYAHOGA OH - BUCKEYE (PLANT 9178),DIESEL,38710,270968,0,37896,0,37896,37896,220111,0,w3,37896,0,220111,77420,298065,Available,Available,200,110,-1,-1,08/24 00:00:00 EDT,w4,0,2015-08-26 00:00:00,Contract,Contract,2057404,2057405,0,0,0,0,0,0,0,0,0,38710,-1,77420,0,298065,True,True,220111,0,0,0,0
2015-08-24,2015-08-24 00:00:00,BP,Channel: 50 - Commercial,CUYAHOGA OH - BUCKEYE (PLANT 9178),DIESEL,38710,270968,0,22655,0,22655,22655,242766,0,w3,22655,0,242766,77420,298065,Available,Available,200,110,-1,-1,08/25 00:00:00 EDT,w4,0,2015-08-26 00:00:00,Contract,Contract,2095037,2095038,0,0,0,0,0,0,0,0,0,38710,-1,77420,0,298065,True,True,242766,0,0,0,0
2015-08-25,2015-08-25 00:00:00,BP,Channel: 50 - Commercial,CUYAHOGA OH - BUCKEYE (PLANT 9178),DIESEL,38710,270968,0,75853,0,75853,75853,318619,0,w3,75853,0,318619,77420,298065,Out,Out,200,110,-1,-1,08/26 00:00:00 EDT,w4,0,2015-08-26 00:00:00,Contract,Contract,2126163,2126164,0,0,0,0,0,0,0,0,0,38710,-1,77420,0,298065,True,True,318619,0,0,0,0
2015-08-26,2015-08-26 00:00:00,BP,Channel: 50 - Commercial,CUYAHOGA OH - BUCKEYE (PLANT 9178),DIESEL,38710,270968,0,83081,0,83081,83081,83081,0,w4,83081,0,83081,77420,298065,Out,Out,200,110,-1,-1,08/27 00:00:00 EDT,w5,0,2015-09-02 00:00:00,Contract,Contract,2153750,2153751,0,0,0,0,0,0,0,0,0,38710,-1,77420,0,298065,True,True,83081,0,0,0,0
2015-08-27,2015-08-27 00:00:00,BP,Channel: 50 - Commercial,CUYAHOGA OH - BUCKEYE (PLANT 9178),DIESEL,38710,270968,0,22806,0,22806,22806,105887,0,w4,22806,0,105887,77420,298065,Available,Available,200,110,-1,-1,08/28 00:00:00 EDT,w5,0,2015-09-02 00:00:00,Contract,Contract,2180959,2180960,0,0,0,0,0,0,0,0,0,38710,-1,77420,0,298065,True,True,105887,0,0,0,0
2015-08-28,2015-08-28 00:00:00,BP,Channel: 50 - Commercial,CUYAHOGA OH - BUCKEYE (PLANT 9178),DIESEL,38710,270968,0,75757,0,75757,75757,181644,0,w4,75757,0,181644,77420,298065,Available,Available,200,110,-1,-1,08/29 00:00:00 EDT,w5,0,2015-09-02 00:00:00,Contract,Contract,2211897,2211898,0,0,0,0,0,0,0,0,0,38710,-1,77420,0,298065,True,True,181644,0,0,0,0
2015-08-29,2015-08-29 00:00:00,BP,Channel: 50 - Commercial,CUYAHOGA OH - BUCKEYE (PLANT 9178),DIESEL,38710,270968,0,22662,0,22662,22662,204306,0,w4,22662,0,204306,77420,298065,Available,Available,200,110,-1,-1,08/30 00:00:00 EDT,w5,0,2015-09-02 00:00:00,Contract,Contract,2239046,2239047,0,0,0,0,0,0,0,0,0,38710,-1,77420,0,298065,True,True,204306,0,0,0,0
2015-08-30,2015-08-30 00:00:00,BP,Channel: 50 - Commercial,CUYAHOGA OH - BUCKEYE (PLANT 9178),DIESEL,38710,270968,0,22810,0,22810,22810,227116,0,w4,22810,0,227116,77420,298065,Available,Available,200,110,-1,-1,08/31 00:00:00 EDT,w5,0,2015-09-02 00:00:00,Contract,Contract,2265443,2265444,0,0,0,0,0,0,0,0,0,38710,-1,77420,0,298065,True,True,227116,0,0,0,0
2015-08-31,2015-08-31 00:00:00,BP,Channel: 50 - Commercial,CUYAHOGA OH - BUCKEYE (PLANT 9178),DIESEL,38710,270968,0,45520,0,45520,45520,272636,0,w4,45520,0,272636,77420,298065,Available,Available,200,110,-1,-1,09/01 00:00:00 EDT,w5,0,2015-09-02 00:00:00,Contract,Contract,2291606,2291607,0,0,0,0,0,0,0,0,0,38710,-1,77420,0,298065,True,True,272636,0,0,0,0
