,date,supplier_name,account_type,supplier_terminal_name,product_name,base_gallons_Daily,base_gallons_Weekly,lifted_gallons_daily_flag,lifted_gallons_daily_modified,Modified_WeeksByLiftedGallons,lifted_gallons_modified_WeeksByLiftedGallons,lifted_gallons_Daily,Lifted_actual_weekly,lifted_gallons_weekly_flag,WeeksByLiftedGallons,lifted_gallonsWeekly_modified_aposteriori,Modified_LiftedGallonsaposteriori,lifted_gallons_Weekly,beginning_gallons_Daily,beginning_gallons_Weekly,en_allocation_status_Daily,en_allocation_status_Weekly,percentage_allocation_Daily,percentage_allocation_Weekly,alerts_ratability_Daily,alerts_ratability_Weekly,next_refresh_date_Daily,Week_switch,Modified_NRD,next_refresh_date_Weekly,en_account_type_Daily,en_account_type_Weekly,staging_id_Daily,staging_id_Weekly,base_gallons_Monthly,Lifted_actual_monthly,lifted_gallons_monthly_flag,lifted_gallons_Monthly,beginning_gallons_Monthly,en_allocation_status_Monthly,percentage_allocation_Monthly,alerts_ratability_Monthly,next_refresh_date_Monthly,base_gallons_Daily_Reconciled,base_gallons_Monthly_Reconciled,beginning_gallons_Daily_Reconciled,beginning_gallons_Monthly_Reconciled,beginning_gallons_Weekly_Reconciled,sanityWeekly_CumulativeDaily_WeeksByLiftedGallons,sanityWeekly_CumulativeDaily_NextRefreshDate,computedWeekly,computedMonthly,sanityComputedMonthly,sanityMonthly_CumulativeDaily_WeeksByLiftedGallons,sanityMonthly_CumulativeDaily_WeeksByNextRefreshDate
2015-08-01,2015-08-01 00:00:00,BP,Channel: 50 - Commercial,INDIANAPOLIS IN - BUCKEYE RACEWY (PLANT 8763),PREMIUM,2060,14418,0,-1,0,-1,-1,-1,0,w1,-1,0,-1,3533,15860,-1,-1,100,100,-1,-1,-1,w1,1,2015-08-05 00:00:00,-1,-1,-1,-1,0,-1,0,-1,0,-1,100,-1,-1,3533,-1,2060,0,14418,False,False,0,0,0,1,1
2015-08-02,2015-08-02 00:00:00,BP,Channel: 50 - Commercial,INDIANAPOLIS IN - BUCKEYE RACEWY (PLANT 8763),PREMIUM,2060,14418,0,-1,0,-1,-1,-1,0,w1,-1,0,-1,3533,15860,-1,-1,100,100,-1,-1,-1,w1,1,2015-08-05 00:00:00,-1,-1,-1,-1,0,-1,0,-1,0,-1,100,-1,-1,3533,-1,2060,0,14418,False,False,0,0,0,0,0
2015-08-03,2015-08-03 00:00:00,BP,Channel: 50 - Commercial,INDIANAPOLIS IN - BUCKEYE RACEWY (PLANT 8763),PREMIUM,2060,14418,0,-1,0,-1,-1,-1,0,w1,-1,0,-1,3533,15860,-1,-1,100,100,-1,-1,-1,w1,1,2015-08-05 00:00:00,-1,-1,-1,-1,0,-1,0,-1,0,-1,100,-1,-1,3533,-1,2060,0,14418,False,False,0,0,0,0,0
2015-08-04,2015-08-04 00:00:00,BP,Channel: 50 - Commercial,INDIANAPOLIS IN - BUCKEYE RACEWY (PLANT 8763),PREMIUM,2060,14418,0,-1,0,-1,-1,-1,0,w1,-1,0,-1,3533,15860,-1,-1,100,100,-1,-1,-1,w1,1,2015-08-05 00:00:00,-1,-1,-1,-1,0,-1,0,-1,0,-1,100,-1,-1,3533,-1,2060,0,14418,False,False,0,0,0,0,0
2015-08-05,2015-08-05 00:00:00,BP,Channel: 50 - Commercial,INDIANAPOLIS IN - BUCKEYE RACEWY (PLANT 8763),PREMIUM,2060,14418,0,-1,0,-1,-1,-1,0,w1,-1,0,-1,3533,15860,-1,-1,100,100,-1,-1,-1,w2,1,2015-08-12 00:00:00,-1,-1,-1,-1,0,-1,0,-1,0,-1,100,-1,-1,3533,-1,2060,0,14418,False,True,0,0,0,0,0
2015-08-06,2015-08-06 00:00:00,BP,Channel: 50 - Commercial,INDIANAPOLIS IN - BUCKEYE RACEWY (PLANT 8763),PREMIUM,2060,14418,0,-1,0,-1,-1,-1,0,w1,-1,0,-1,3533,15860,-1,-1,100,100,-1,-1,-1,w2,1,2015-08-12 00:00:00,-1,-1,-1,-1,0,-1,0,-1,0,-1,100,-1,-1,3533,-1,2060,0,14418,False,False,0,0,0,0,0
2015-08-07,2015-08-07 00:00:00,BP,Channel: 50 - Commercial,INDIANAPOLIS IN - BUCKEYE RACEWY (PLANT 8763),PREMIUM,2060,14418,0,-1,0,-1,-1,-1,0,w1,-1,0,-1,3533,15860,-1,-1,100,100,-1,-1,-1,w2,1,2015-08-12 00:00:00,-1,-1,-1,-1,0,-1,0,-1,0,-1,100,-1,-1,3533,-1,2060,0,14418,False,False,0,0,0,0,0
2015-08-08,2015-08-08 00:00:00,BP,Channel: 50 - Commercial,INDIANAPOLIS IN - BUCKEYE RACEWY (PLANT 8763),PREMIUM,2060,14418,0,-1,0,-1,-1,-1,0,w1,-1,0,-1,3533,15860,-1,-1,100,100,-1,-1,-1,w2,1,2015-08-12 00:00:00,-1,-1,-1,-1,0,-1,0,-1,0,-1,100,-1,-1,3533,-1,2060,0,14418,False,False,0,0,0,0,0
2015-08-09,2015-08-09 00:00:00,BP,Channel: 50 - Commercial,INDIANAPOLIS IN - BUCKEYE RACEWY (PLANT 8763),PREMIUM,2060,14418,0,-1,0,-1,-1,-1,0,w1,-1,0,-1,3533,15860,-1,-1,100,100,-1,-1,-1,w2,1,2015-08-12 00:00:00,-1,-1,-1,-1,0,-1,0,-1,0,-1,100,-1,-1,3533,-1,2060,0,14418,False,False,0,0,0,0,0
2015-08-10,2015-08-10 00:00:00,BP,Channel: 50 - Commercial,INDIANAPOLIS IN - BUCKEYE RACEWY (PLANT 8763),PREMIUM,2060,14418,0,-1,0,-1,-1,-1,0,w1,-1,0,-1,3533,15860,-1,-1,100,100,-1,-1,-1,w2,1,2015-08-12 00:00:00,-1,-1,-1,-1,0,-1,0,-1,0,-1,100,-1,-1,3533,-1,2060,0,14418,False,False,0,0,0,0,0
2015-08-11,2015-08-11 00:00:00,BP,Channel: 50 - Commercial,INDIANAPOLIS IN - BUCKEYE RACEWY (PLANT 8763),PREMIUM,2060,14418,0,-1,0,-1,-1,-1,0,w1,-1,0,-1,3533,15860,-1,-1,100,100,-1,-1,-1,w2,1,2015-08-12 00:00:00,-1,-1,-1,-1,0,-1,0,-1,0,-1,100,-1,-1,3533,-1,2060,0,14418,False,False,0,0,0,0,0
2015-08-12,2015-08-12 00:00:00,BP,Channel: 50 - Commercial,INDIANAPOLIS IN - BUCKEYE RACEWY (PLANT 8763),PREMIUM,2060,14418,0,-1,0,-1,-1,-1,0,w1,-1,0,-1,3533,15860,-1,-1,100,100,-1,-1,-1,w3,1,2015-08-19 00:00:00,-1,-1,-1,-1,0,-1,0,-1,0,-1,100,-1,-1,3533,-1,2060,0,14418,False,True,0,0,0,0,0
2015-08-13,2015-08-13 00:00:00,BP,Channel: 50 - Commercial,INDIANAPOLIS IN - BUCKEYE RACEWY (PLANT 8763),PREMIUM,2060,14418,0,-1,0,-1,-1,-1,0,w1,-1,0,-1,3533,15860,-1,-1,100,100,-1,-1,-1,w3,1,2015-08-19 00:00:00,-1,-1,-1,-1,0,-1,0,-1,0,-1,100,-1,-1,3533,-1,2060,0,14418,False,False,0,0,0,0,0
2015-08-14,2015-08-14 00:00:00,BP,Channel: 50 - Commercial,INDIANAPOLIS IN - BUCKEYE RACEWY (PLANT 8763),PREMIUM,2060,14418,0,-1,0,-1,-1,-1,0,w1,-1,0,-1,3533,15860,-1,-1,100,100,-1,-1,-1,w3,1,2015-08-19 00:00:00,-1,-1,-1,-1,0,-1,0,-1,0,-1,100,-1,-1,3533,-1,2060,0,14418,False,False,0,0,0,0,0
2015-08-15,2015-08-15 00:00:00,BP,Channel: 50 - Commercial,INDIANAPOLIS IN - BUCKEYE RACEWY (PLANT 8763),PREMIUM,2060,14418,0,-1,0,-1,-1,-1,0,w1,-1,0,-1,3533,15860,-1,-1,100,100,-1,-1,-1,w3,1,2015-08-19 00:00:00,-1,-1,-1,-1,0,-1,0,-1,0,-1,100,-1,-1,3533,-1,2060,0,14418,False,False,0,0,0,0,0
2015-08-16,2015-08-16 00:00:00,BP,Channel: 50 - Commercial,INDIANAPOLIS IN - BUCKEYE RACEWY (PLANT 8763),PREMIUM,2060,14418,0,-1,0,-1,-1,-1,0,w1,-1,0,-1,3533,15860,-1,-1,100,100,-1,-1,-1,w3,1,2015-08-19 00:00:00,-1,-1,-1,-1,0,-1,0,-1,0,-1,100,-1,-1,3533,-1,2060,0,14418,False,False,0,0,0,0,0
2015-08-17,2015-08-17 00:00:00,BP,Channel: 50 - Commercial,INDIANAPOLIS IN - BUCKEYE RACEWY (PLANT 8763),PREMIUM,2060,14418,0,0,0,0,0,0,0,w1,0,0,0,4120,15860,Available,Available,200,110,-1,-1,08/18 00:00:00 EDT,w3,0,2015-08-19 00:00:00,Contract,Contract,1831154,1831155,0,0,0,0,0,0,0,0,0,2060,-1,4120,0,15860,False,False,0,0,0,0,0
2015-08-18,2015-08-18 00:00:00,BP,Channel: 50 - Commercial,INDIANAPOLIS IN - BUCKEYE RACEWY (PLANT 8763),PREMIUM,2355,16486,0,1204,0,1204,1204,1204,0,w1,1204,0,1204,3533,16486,Available,Available,150,100,-1,-1,08/19 00:00:00 EDT,w3,0,2015-08-19 00:00:00,Contract,Contract,1869552,1869553,0,0,0,0,0,0,0,0,0,2355,-1,3533,0,16486,False,False,0,0,0,0,0
2015-08-19,2015-08-19 00:00:00,BP,Channel: 50 - Commercial,INDIANAPOLIS IN - BUCKEYE RACEWY (PLANT 8763),PREMIUM,2355,16486,0,0,0,0,0,0,0,w2,0,0,0,3533,16486,Available,Available,150,100,-1,-1,08/20 00:00:00 EDT,w4,0,2015-08-26 00:00:00,Contract,Contract,1902051,1902052,0,0,0,0,0,0,0,0,0,2355,-1,3533,0,16486,True,True,0,0,0,0,0
2015-08-20,2015-08-20 00:00:00,BP,Channel: 50 - Commercial,INDIANAPOLIS IN - BUCKEYE RACEWY (PLANT 8763),PREMIUM,2060,14418,0,-1,0,-1,-1,-1,0,w3,-1,0,-1,3533,15860,-1,-1,100,100,-1,-1,-1,w4,1,2015-08-26 00:00:00,-1,-1,-1,-1,0,-1,0,-1,0,-1,100,-1,-1,3533,-1,2060,0,14418,True,True,0,0,0,0,0
2015-08-21,2015-08-21 00:00:00,BP,Channel: 50 - Commercial,INDIANAPOLIS IN - BUCKEYE RACEWY (PLANT 8763),PREMIUM,2060,14418,0,-1,0,-1,-1,-1,0,w3,-1,0,-1,3533,15860,-1,-1,100,100,-1,-1,-1,w4,1,2015-08-26 00:00:00,-1,-1,-1,-1,0,-1,0,-1,0,-1,100,-1,-1,3533,-1,2060,0,14418,False,False,0,0,0,0,0
2015-08-22,2015-08-22 00:00:00,BP,Channel: 50 - Commercial,INDIANAPOLIS IN - BUCKEYE RACEWY (PLANT 8763),PREMIUM,2060,14418,0,-1,0,-1,-1,-1,0,w3,-1,0,-1,3533,15860,-1,-1,100,100,-1,-1,-1,w4,1,2015-08-26 00:00:00,-1,-1,-1,-1,0,-1,0,-1,0,-1,100,-1,-1,3533,-1,2060,0,14418,False,False,0,0,0,0,0
2015-08-23,2015-08-23 00:00:00,BP,Channel: 50 - Commercial,INDIANAPOLIS IN - BUCKEYE RACEWY (PLANT 8763),PREMIUM,2060,14418,0,-1,0,-1,-1,-1,0,w3,-1,0,-1,3533,15860,-1,-1,100,100,-1,-1,-1,w4,1,2015-08-26 00:00:00,-1,-1,-1,-1,0,-1,0,-1,0,-1,100,-1,-1,3533,-1,2060,0,14418,False,False,0,0,0,0,0
2015-08-24,2015-08-24 00:00:00,BP,Channel: 50 - Commercial,INDIANAPOLIS IN - BUCKEYE RACEWY (PLANT 8763),PREMIUM,2060,14418,0,-1,0,-1,-1,-1,0,w3,-1,0,-1,3533,15860,-1,-1,100,100,-1,-1,-1,w4,1,2015-08-26 00:00:00,-1,-1,-1,-1,0,-1,0,-1,0,-1,100,-1,-1,3533,-1,2060,0,14418,False,False,0,0,0,0,0
2015-08-25,2015-08-25 00:00:00,BP,Channel: 50 - Commercial,INDIANAPOLIS IN - BUCKEYE RACEWY (PLANT 8763),PREMIUM,2060,14418,0,-1,0,-1,-1,-1,0,w3,-1,0,-1,3533,15860,-1,-1,100,100,-1,-1,-1,w4,1,2015-08-26 00:00:00,-1,-1,-1,-1,0,-1,0,-1,0,-1,100,-1,-1,3533,-1,2060,0,14418,False,False,0,0,0,0,0
2015-08-26,2015-08-26 00:00:00,BP,Channel: 50 - Commercial,INDIANAPOLIS IN - BUCKEYE RACEWY (PLANT 8763),PREMIUM,2060,14418,0,-1,0,-1,-1,-1,0,w3,-1,0,-1,3533,15860,-1,-1,100,100,-1,-1,-1,w5,1,2015-09-02 00:00:00,-1,-1,-1,-1,0,-1,0,-1,0,-1,100,-1,-1,3533,-1,2060,0,14418,False,True,0,0,0,0,0
2015-08-27,2015-08-27 00:00:00,BP,Channel: 50 - Commercial,INDIANAPOLIS IN - BUCKEYE RACEWY (PLANT 8763),PREMIUM,2060,14418,0,-1,0,-1,-1,-1,0,w3,-1,0,-1,3533,15860,-1,-1,100,100,-1,-1,-1,w5,1,2015-09-02 00:00:00,-1,-1,-1,-1,0,-1,0,-1,0,-1,100,-1,-1,3533,-1,2060,0,14418,False,False,0,0,0,0,0
2015-08-28,2015-08-28 00:00:00,BP,Channel: 50 - Commercial,INDIANAPOLIS IN - BUCKEYE RACEWY (PLANT 8763),PREMIUM,2060,14418,0,-1,0,-1,-1,-1,0,w3,-1,0,-1,3533,15860,-1,-1,100,100,-1,-1,-1,w5,1,2015-09-02 00:00:00,-1,-1,-1,-1,0,-1,0,-1,0,-1,100,-1,-1,3533,-1,2060,0,14418,False,False,0,0,0,0,0
2015-08-29,2015-08-29 00:00:00,BP,Channel: 50 - Commercial,INDIANAPOLIS IN - BUCKEYE RACEWY (PLANT 8763),PREMIUM,2060,14418,0,-1,0,-1,-1,-1,0,w3,-1,0,-1,3533,15860,-1,-1,100,100,-1,-1,-1,w5,1,2015-09-02 00:00:00,-1,-1,-1,-1,0,-1,0,-1,0,-1,100,-1,-1,3533,-1,2060,0,14418,False,False,0,0,0,0,0
2015-08-30,2015-08-30 00:00:00,BP,Channel: 50 - Commercial,INDIANAPOLIS IN - BUCKEYE RACEWY (PLANT 8763),PREMIUM,2060,14418,0,-1,0,-1,-1,-1,0,w3,-1,0,-1,3533,15860,-1,-1,100,100,-1,-1,-1,w5,1,2015-09-02 00:00:00,-1,-1,-1,-1,0,-1,0,-1,0,-1,100,-1,-1,3533,-1,2060,0,14418,False,False,0,0,0,0,0
2015-08-31,2015-08-31 00:00:00,BP,Channel: 50 - Commercial,INDIANAPOLIS IN - BUCKEYE RACEWY (PLANT 8763),PREMIUM,2060,14418,0,-1,0,-1,-1,-1,0,w3,-1,0,-1,3533,15860,-1,-1,100,100,-1,-1,-1,w5,1,2015-09-02 00:00:00,-1,-1,-1,-1,0,-1,0,-1,0,-1,100,-1,-1,3533,-1,2060,0,14418,False,False,0,0,0,0,0
