,date,supplier_name,account_type,supplier_terminal_name,product_name,base_gallons_Daily,base_gallons_Weekly,lifted_gallons_daily_flag,lifted_gallons_daily_modified,Modified_WeeksByLiftedGallons,lifted_gallons_modified_WeeksByLiftedGallons,lifted_gallons_Daily,Lifted_actual_weekly,lifted_gallons_weekly_flag,WeeksByLiftedGallons,lifted_gallonsWeekly_modified_aposteriori,Modified_LiftedGallonsaposteriori,lifted_gallons_Weekly,beginning_gallons_Daily,beginning_gallons_Weekly,en_allocation_status_Daily,en_allocation_status_Weekly,percentage_allocation_Daily,percentage_allocation_Weekly,alerts_ratability_Daily,alerts_ratability_Weekly,next_refresh_date_Daily,Week_switch,Modified_NRD,next_refresh_date_Weekly,en_account_type_Daily,en_account_type_Weekly,staging_id_Daily,staging_id_Weekly,base_gallons_Monthly,Lifted_actual_monthly,lifted_gallons_monthly_flag,lifted_gallons_Monthly,beginning_gallons_Monthly,en_allocation_status_Monthly,percentage_allocation_Monthly,alerts_ratability_Monthly,next_refresh_date_Monthly,base_gallons_Daily_Reconciled,base_gallons_Monthly_Reconciled,beginning_gallons_Daily_Reconciled,beginning_gallons_Monthly_Reconciled,beginning_gallons_Weekly_Reconciled,sanityWeekly_CumulativeDaily_WeeksByLiftedGallons,sanityWeekly_CumulativeDaily_NextRefreshDate,computedWeekly,computedMonthly,sanityComputedMonthly,sanityMonthly_CumulativeDaily_WeeksByLiftedGallons,sanityMonthly_CumulativeDaily_WeeksByNextRefreshDate
2015-08-01,2015-08-01 00:00:00,BP,Channel: 50 - Commercial,EAST CHICAGO IN - BUCKEYE (PLANT 6410),DIESEL,26774,180645,0,-1,0,-1,-1,-1,0,w1,-1,0,-1,40161,198710,-1,-1,100,100,-1,-1,-1,w1,1,2015-08-05 00:00:00,-1,-1,-1,-1,0,-1,0,-1,0,-1,100,-1,-1,40161,-1,26774,0,180645,False,False,0,0,0,1,1
2015-08-02,2015-08-02 00:00:00,BP,Channel: 50 - Commercial,EAST CHICAGO IN - BUCKEYE (PLANT 6410),DIESEL,26774,180645,0,-1,0,-1,-1,-1,0,w1,-1,0,-1,40161,198710,-1,-1,100,100,-1,-1,-1,w1,1,2015-08-05 00:00:00,-1,-1,-1,-1,0,-1,0,-1,0,-1,100,-1,-1,40161,-1,26774,0,180645,False,False,0,0,0,0,0
2015-08-03,2015-08-03 00:00:00,BP,Channel: 50 - Commercial,EAST CHICAGO IN - BUCKEYE (PLANT 6410),DIESEL,26774,180645,0,-1,0,-1,-1,-1,0,w1,-1,0,-1,40161,198710,-1,-1,100,100,-1,-1,-1,w1,1,2015-08-05 00:00:00,-1,-1,-1,-1,0,-1,0,-1,0,-1,100,-1,-1,40161,-1,26774,0,180645,False,False,0,0,0,0,0
2015-08-04,2015-08-04 00:00:00,BP,Channel: 50 - Commercial,EAST CHICAGO IN - BUCKEYE (PLANT 6410),DIESEL,26774,180645,0,-1,0,-1,-1,-1,0,w1,-1,0,-1,40161,198710,-1,-1,100,100,-1,-1,-1,w1,1,2015-08-05 00:00:00,-1,-1,-1,-1,0,-1,0,-1,0,-1,100,-1,-1,40161,-1,26774,0,180645,False,False,0,0,0,0,0
2015-08-05,2015-08-05 00:00:00,BP,Channel: 50 - Commercial,EAST CHICAGO IN - BUCKEYE (PLANT 6410),DIESEL,26774,180645,0,-1,0,-1,-1,-1,0,w1,-1,0,-1,40161,198710,-1,-1,100,100,-1,-1,-1,w2,1,2015-08-12 00:00:00,-1,-1,-1,-1,0,-1,0,-1,0,-1,100,-1,-1,40161,-1,26774,0,180645,False,True,0,0,0,0,0
2015-08-06,2015-08-06 00:00:00,BP,Channel: 50 - Commercial,EAST CHICAGO IN - BUCKEYE (PLANT 6410),DIESEL,-1,180645,0,-1,0,-1,-1,0,0,w1,-1,0,0,-1,198710,-1,Available,100,110,-1,-1,-1,w2,0,2015-08-12 00:00:00,-1,Contract,-1,1427179,0,0,0,0,0,0,0,0,0,-1,-1,-1,0,198710,False,False,0,0,0,0,0
2015-08-07,2015-08-07 00:00:00,BP,Channel: 50 - Commercial,EAST CHICAGO IN - BUCKEYE (PLANT 6410),DIESEL,-1,180645,3,0,1,0,-1,0,0,w1,-1,0,0,-1,198710,-1,Available,100,110,-1,-1,-1,w2,0,2015-08-12 00:00:00,-1,Contract,-1,1462904,0,0,0,0,0,0,0,0,0,-1,-1,-1,0,198710,False,False,0,0,0,0,0
2015-08-08,2015-08-08 00:00:00,BP,Channel: 50 - Commercial,EAST CHICAGO IN - BUCKEYE (PLANT 6410),DIESEL,-1,180645,3,0,1,0,-1,0,0,w1,-1,0,0,-1,198710,-1,Available,100,110,-1,-1,-1,w2,0,2015-08-12 00:00:00,-1,Contract,-1,1497191,0,0,0,0,0,0,0,0,0,-1,-1,-1,0,198710,False,False,0,0,0,0,0
2015-08-09,2015-08-09 00:00:00,BP,Channel: 50 - Commercial,EAST CHICAGO IN - BUCKEYE (PLANT 6410),DIESEL,-1,180645,3,0,1,0,-1,0,0,w1,-1,0,0,-1,198710,-1,Available,100,110,-1,-1,-1,w2,0,2015-08-12 00:00:00,-1,Contract,-1,1531132,0,0,0,0,0,0,0,0,0,-1,-1,-1,0,198710,False,False,0,0,0,0,0
2015-08-10,2015-08-10 00:00:00,BP,Channel: 50 - Commercial,EAST CHICAGO IN - BUCKEYE (PLANT 6410),DIESEL,-1,180645,3,0,1,0,-1,0,0,w1,-1,0,0,-1,198710,-1,Available,100,110,-1,-1,-1,w2,0,2015-08-12 00:00:00,-1,Contract,-1,1564239,0,0,0,0,0,0,0,0,0,-1,-1,-1,0,198710,False,False,0,0,0,0,0
2015-08-11,2015-08-11 00:00:00,BP,Channel: 50 - Commercial,EAST CHICAGO IN - BUCKEYE (PLANT 6410),DIESEL,-1,180645,3,0,1,0,-1,0,0,w1,-1,0,0,-1,198710,-1,Available,100,110,-1,-1,-1,w2,0,2015-08-12 00:00:00,-1,Contract,-1,1586372,0,0,0,0,0,0,0,0,0,-1,-1,-1,0,198710,False,False,0,0,0,0,0
2015-08-12,2015-08-12 00:00:00,BP,Channel: 50 - Commercial,EAST CHICAGO IN - BUCKEYE (PLANT 6410),DIESEL,26774,180645,0,-1,0,-1,-1,-1,0,w2,-1,0,-1,40161,198710,-1,-1,100,100,-1,-1,-1,w3,1,2015-08-19 00:00:00,-1,-1,-1,-1,0,-1,0,-1,0,-1,100,-1,-1,40161,-1,26774,0,180645,True,True,0,0,0,0,0
2015-08-13,2015-08-13 00:00:00,BP,Channel: 50 - Commercial,EAST CHICAGO IN - BUCKEYE (PLANT 6410),DIESEL,26774,180645,0,-1,0,-1,-1,-1,0,w2,-1,0,-1,40161,198710,-1,-1,100,100,-1,-1,-1,w3,1,2015-08-19 00:00:00,-1,-1,-1,-1,0,-1,0,-1,0,-1,100,-1,-1,40161,-1,26774,0,180645,False,False,0,0,0,0,0
2015-08-14,2015-08-14 00:00:00,BP,Channel: 50 - Commercial,EAST CHICAGO IN - BUCKEYE (PLANT 6410),DIESEL,26774,180645,0,-1,0,-1,-1,-1,0,w2,-1,0,-1,40161,198710,-1,-1,100,100,-1,-1,-1,w3,1,2015-08-19 00:00:00,-1,-1,-1,-1,0,-1,0,-1,0,-1,100,-1,-1,40161,-1,26774,0,180645,False,False,0,0,0,0,0
2015-08-15,2015-08-15 00:00:00,BP,Channel: 50 - Commercial,EAST CHICAGO IN - BUCKEYE (PLANT 6410),DIESEL,26774,180645,0,-1,0,-1,-1,-1,0,w2,-1,0,-1,40161,198710,-1,-1,100,100,-1,-1,-1,w3,1,2015-08-19 00:00:00,-1,-1,-1,-1,0,-1,0,-1,0,-1,100,-1,-1,40161,-1,26774,0,180645,False,False,0,0,0,0,0
2015-08-16,2015-08-16 00:00:00,BP,Channel: 50 - Commercial,EAST CHICAGO IN - BUCKEYE (PLANT 6410),DIESEL,26774,180645,0,-1,0,-1,-1,-1,0,w2,-1,0,-1,40161,198710,-1,-1,100,100,-1,-1,-1,w3,1,2015-08-19 00:00:00,-1,-1,-1,-1,0,-1,0,-1,0,-1,100,-1,-1,40161,-1,26774,0,180645,False,False,0,0,0,0,0
2015-08-17,2015-08-17 00:00:00,BP,Channel: 50 - Commercial,EAST CHICAGO IN - BUCKEYE (PLANT 6410),DIESEL,26774,180645,0,-1,0,-1,-1,-1,0,w2,-1,0,-1,40161,198710,-1,-1,100,100,-1,-1,-1,w3,1,2015-08-19 00:00:00,-1,-1,-1,-1,0,-1,0,-1,0,-1,100,-1,-1,40161,-1,26774,0,180645,False,False,0,0,0,0,0
2015-08-18,2015-08-18 00:00:00,BP,Channel: 50 - Commercial,EAST CHICAGO IN - BUCKEYE (PLANT 6410),DIESEL,26774,180645,0,-1,0,-1,-1,-1,0,w2,-1,0,-1,40161,198710,-1,-1,100,100,-1,-1,-1,w3,1,2015-08-19 00:00:00,-1,-1,-1,-1,0,-1,0,-1,0,-1,100,-1,-1,40161,-1,26774,0,180645,False,False,0,0,0,0,0
2015-08-19,2015-08-19 00:00:00,BP,Channel: 50 - Commercial,EAST CHICAGO IN - BUCKEYE (PLANT 6410),DIESEL,26774,180645,6,0,0,-1,-1,-1,6,w2,-1,0,0,40161,198710,-1,-1,100,100,-1,-1,-1,w4,1,2015-08-26 00:00:00,-1,-1,-1,-1,0,-1,0,-1,0,-1,100,-1,-1,40161,-1,26774,0,180645,False,True,0,0,0,0,0
2015-08-20,2015-08-20 00:00:00,BP,Channel: 50 - Commercial,EAST CHICAGO IN - BUCKEYE (PLANT 6410),DIESEL,26774,187419,0,0,0,0,0,0,0,w2,0,0,0,40161,206161,Available,Available,150,110,-1,-1,08/21 00:00:00 CDT,w4,0,2015-08-26 00:00:00,Contract,Contract,1944646,1944647,0,0,0,0,0,0,0,0,0,26774,-1,40161,0,206161,False,True,0,0,0,0,0
2015-08-21,2015-08-21 00:00:00,BP,Channel: 50 - Commercial,EAST CHICAGO IN - BUCKEYE (PLANT 6410),DIESEL,26774,187419,0,0,0,0,0,0,0,w2,0,0,0,40161,206161,Available,Available,150,110,-1,-1,08/22 00:00:00 CDT,w4,0,2015-08-26 00:00:00,Contract,Contract,1983489,1983490,0,0,0,0,0,0,0,0,0,26774,-1,40161,0,206161,False,True,0,0,0,0,0
2015-08-22,2015-08-22 00:00:00,BP,Channel: 50 - Commercial,EAST CHICAGO IN - BUCKEYE (PLANT 6410),DIESEL,26774,187419,0,0,0,0,0,0,0,w2,0,0,0,40161,206161,Available,Available,150,110,-1,-1,08/23 00:00:00 CDT,w4,0,2015-08-26 00:00:00,Contract,Contract,2021376,2021377,0,0,0,0,0,0,0,0,0,26774,-1,40161,0,206161,False,True,0,0,0,0,0
2015-08-23,2015-08-23 00:00:00,BP,Channel: 50 - Commercial,EAST CHICAGO IN - BUCKEYE (PLANT 6410),DIESEL,26774,187419,0,0,0,0,0,0,0,w2,0,0,0,40161,206161,Available,Available,150,110,-1,-1,08/24 00:00:00 CDT,w4,0,2015-08-26 00:00:00,Contract,Contract,2057411,2057412,0,0,0,0,0,0,0,0,0,26774,-1,40161,0,206161,False,True,0,0,0,0,0
2015-08-24,2015-08-24 00:00:00,BP,Channel: 50 - Commercial,EAST CHICAGO IN - BUCKEYE (PLANT 6410),DIESEL,26774,187419,0,22509,0,22509,22509,22509,0,w2,22509,0,22509,40161,206161,Available,Available,150,110,-1,-1,08/25 00:00:00 CDT,w4,0,2015-08-26 00:00:00,Contract,Contract,2095044,2095045,0,0,0,0,0,0,0,0,0,26774,-1,40161,0,206161,False,True,22509,0,0,0,0
2015-08-25,2015-08-25 00:00:00,BP,Channel: 50 - Commercial,EAST CHICAGO IN - BUCKEYE (PLANT 6410),DIESEL,26774,187419,0,63619,0,63619,63619,86128,0,w2,63619,0,86128,53548,206161,Out,Out,200,110,-1,-1,08/26 00:00:00 CDT,w4,0,2015-08-26 00:00:00,Contract,Contract,2126170,2126171,0,0,0,0,0,0,0,0,0,26774,-1,53548,0,206161,False,True,86128,0,0,0,0
2015-08-26,2015-08-26 00:00:00,BP,Channel: 50 - Commercial,EAST CHICAGO IN - BUCKEYE (PLANT 6410),DIESEL,26774,187419,0,15012,0,15012,15012,15012,0,w3,15012,0,15012,53548,206161,Available,Available,200,110,-1,-1,08/27 00:00:00 CDT,w5,0,2015-09-02 00:00:00,Contract,Contract,2153757,2153758,0,0,0,0,0,0,0,0,0,26774,-1,53548,0,206161,True,True,15012,0,0,0,0
2015-08-27,2015-08-27 00:00:00,BP,Channel: 50 - Commercial,EAST CHICAGO IN - BUCKEYE (PLANT 6410),DIESEL,26774,187419,3,22406,1,22406,14900,37418,0,w3,14900,0,37418,53548,206161,Available,Available,200,110,-1,-1,08/28 00:00:00 CDT,w5,0,2015-09-02 00:00:00,Contract,Contract,2180966,2180967,0,0,0,0,0,0,0,0,0,26774,-1,53548,0,206161,True,True,37418,0,0,0,0
2015-08-28,2015-08-28 00:00:00,BP,Channel: 50 - Commercial,EAST CHICAGO IN - BUCKEYE (PLANT 6410),DIESEL,26774,187419,0,0,0,0,0,37418,0,w3,0,0,37418,53548,206161,Available,Available,200,110,-1,-1,08/29 00:00:00 CDT,w5,0,2015-09-02 00:00:00,Contract,Contract,2211904,2211905,0,0,0,0,0,0,0,0,0,26774,-1,53548,0,206161,True,True,37418,0,0,0,0
2015-08-29,2015-08-29 00:00:00,BP,Channel: 50 - Commercial,EAST CHICAGO IN - BUCKEYE (PLANT 6410),DIESEL,26774,187419,0,0,0,0,0,37418,0,w3,0,0,37418,53548,206161,Available,Available,200,110,-1,-1,08/30 00:00:00 CDT,w5,0,2015-09-02 00:00:00,Contract,Contract,2239053,2239054,0,0,0,0,0,0,0,0,0,26774,-1,53548,0,206161,True,True,37418,0,0,0,0
2015-08-30,2015-08-30 00:00:00,BP,Channel: 50 - Commercial,EAST CHICAGO IN - BUCKEYE (PLANT 6410),DIESEL,26774,187419,0,0,0,0,0,37418,0,w3,0,0,37418,53548,206161,Available,Available,200,110,-1,-1,08/31 00:00:00 CDT,w5,0,2015-09-02 00:00:00,Contract,Contract,2265450,2265451,0,0,0,0,0,0,0,0,0,26774,-1,53548,0,206161,True,True,37418,0,0,0,0
2015-08-31,2015-08-31 00:00:00,BP,Channel: 50 - Commercial,EAST CHICAGO IN - BUCKEYE (PLANT 6410),DIESEL,26774,187419,0,0,0,0,0,37418,0,w3,0,0,37418,53548,206161,Available,Available,200,110,-1,-1,09/01 00:00:00 CDT,w5,0,2015-09-02 00:00:00,Contract,Contract,2291613,2291614,0,0,0,0,0,0,0,0,0,26774,-1,53548,0,206161,True,True,37418,0,0,0,0
