,date,supplier_name,account_type,supplier_terminal_name,product_name,base_gallons_Daily,base_gallons_Weekly,lifted_gallons_daily_flag,lifted_gallons_daily_modified,Modified_WeeksByLiftedGallons,lifted_gallons_modified_WeeksByLiftedGallons,lifted_gallons_Daily,Lifted_actual_weekly,lifted_gallons_weekly_flag,WeeksByLiftedGallons,lifted_gallonsWeekly_modified_aposteriori,Modified_LiftedGallonsaposteriori,lifted_gallons_Weekly,beginning_gallons_Daily,beginning_gallons_Weekly,en_allocation_status_Daily,en_allocation_status_Weekly,percentage_allocation_Daily,percentage_allocation_Weekly,alerts_ratability_Daily,alerts_ratability_Weekly,next_refresh_date_Daily,Week_switch,Modified_NRD,next_refresh_date_Weekly,en_account_type_Daily,en_account_type_Weekly,staging_id_Daily,staging_id_Weekly,base_gallons_Monthly,Lifted_actual_monthly,lifted_gallons_monthly_flag,lifted_gallons_Monthly,beginning_gallons_Monthly,en_allocation_status_Monthly,percentage_allocation_Monthly,alerts_ratability_Monthly,next_refresh_date_Monthly,base_gallons_Daily_Reconciled,base_gallons_Monthly_Reconciled,beginning_gallons_Daily_Reconciled,beginning_gallons_Monthly_Reconciled,beginning_gallons_Weekly_Reconciled,sanityWeekly_CumulativeDaily_WeeksByLiftedGallons,sanityWeekly_CumulativeDaily_NextRefreshDate,computedWeekly,computedMonthly,sanityComputedMonthly,sanityMonthly_CumulativeDaily_WeeksByLiftedGallons,sanityMonthly_CumulativeDaily_WeeksByNextRefreshDate
2015-08-01,2015-08-01 00:00:00,BP,Channel: 50 - Commercial,INDIANAPOLIS IN - BP (PLANT 0452),DIESEL,258065,1806452,0,-1,0,-1,-1,-1,0,w1,-1,0,-1,387098,1806452,-1,-1,100,100,-1,-1,-1,w1,1,2015-08-05 00:00:00,-1,-1,-1,-1,0,-1,0,-1,0,-1,100,-1,-1,387098,-1,258065,0,1806452,False,False,0,0,0,1,1
2015-08-02,2015-08-02 00:00:00,BP,Channel: 50 - Commercial,INDIANAPOLIS IN - BP (PLANT 0452),DIESEL,258065,1806452,0,-1,0,-1,-1,-1,0,w1,-1,0,-1,387098,1806452,-1,-1,100,100,-1,-1,-1,w1,1,2015-08-05 00:00:00,-1,-1,-1,-1,0,-1,0,-1,0,-1,100,-1,-1,387098,-1,258065,0,1806452,False,False,0,0,0,0,0
2015-08-03,2015-08-03 00:00:00,BP,Channel: 50 - Commercial,INDIANAPOLIS IN - BP (PLANT 0452),DIESEL,258065,1806452,0,-1,0,-1,-1,-1,0,w1,-1,0,-1,387098,1806452,-1,-1,100,100,-1,-1,-1,w1,1,2015-08-05 00:00:00,-1,-1,-1,-1,0,-1,0,-1,0,-1,100,-1,-1,387098,-1,258065,0,1806452,False,False,0,0,0,0,0
2015-08-04,2015-08-04 00:00:00,BP,Channel: 50 - Commercial,INDIANAPOLIS IN - BP (PLANT 0452),DIESEL,258065,1806452,0,-1,0,-1,-1,-1,0,w1,-1,0,-1,387098,1806452,-1,-1,100,100,-1,-1,-1,w1,1,2015-08-05 00:00:00,-1,-1,-1,-1,0,-1,0,-1,0,-1,100,-1,-1,387098,-1,258065,0,1806452,False,False,0,0,0,0,0
2015-08-05,2015-08-05 00:00:00,BP,Channel: 50 - Commercial,INDIANAPOLIS IN - BP (PLANT 0452),DIESEL,258065,1806452,6,307036,0,-1,-1,-1,6,w1,-1,0,307036,387098,1806452,-1,-1,100,100,-1,-1,-1,w2,1,2015-08-12 00:00:00,-1,-1,-1,-1,0,-1,0,-1,0,-1,100,-1,-1,387098,-1,258065,0,1806452,False,True,307036,0,0,0,0
2015-08-06,2015-08-06 00:00:00,BP,Channel: 50 - Commercial,INDIANAPOLIS IN - BP (PLANT 0452),DIESEL,258065,1806452,0,376510,0,376510,376510,683546,0,w1,376510,0,683546,516130,1987097,Available,Available,200,110,-1,-1,08/07 00:00:00 EDT,w2,0,2015-08-12 00:00:00,Contract,Contract,1427182,1427183,0,0,0,0,0,0,0,0,0,258065,-1,516130,0,1987097,False,True,683546,0,0,0,0
2015-08-07,2015-08-07 00:00:00,BP,Channel: 50 - Commercial,INDIANAPOLIS IN - BP (PLANT 0452),DIESEL,258065,1806452,3,436588,1,436588,429087,1120134,0,w1,429087,0,1120134,516130,1987097,Available,Available,200,110,-1,-1,08/08 00:00:00 EDT,w2,0,2015-08-12 00:00:00,Contract,Contract,1462907,1462908,0,0,0,0,0,0,0,0,0,258065,-1,516130,0,1987097,False,True,1120134,0,0,0,0
2015-08-08,2015-08-08 00:00:00,BP,Channel: 50 - Commercial,INDIANAPOLIS IN - BP (PLANT 0452),DIESEL,258065,1806452,0,173125,0,173125,173125,1293259,0,w1,173125,0,1293259,516130,1987097,Available,Available,200,110,-1,-1,08/09 00:00:00 EDT,w2,0,2015-08-12 00:00:00,Contract,Contract,1497194,1497195,0,0,0,0,0,0,0,0,0,258065,-1,516130,0,1987097,False,True,1293259,0,0,0,0
2015-08-09,2015-08-09 00:00:00,BP,Channel: 50 - Commercial,INDIANAPOLIS IN - BP (PLANT 0452),DIESEL,258065,1806452,0,136065,0,136065,136065,1429324,0,w1,136065,0,1429324,516130,1987097,Available,Available,200,110,-1,-1,08/10 00:00:00 EDT,w2,0,2015-08-12 00:00:00,Contract,Contract,1531135,1531136,0,0,0,0,0,0,0,0,0,258065,-1,516130,0,1987097,False,True,1429324,0,0,0,0
2015-08-10,2015-08-10 00:00:00,BP,Channel: 50 - Commercial,INDIANAPOLIS IN - BP (PLANT 0452),DIESEL,258065,1806452,0,175677,0,175677,175677,1605001,0,w1,175677,0,1605001,516130,1987097,Available,Available,200,110,-1,-1,08/11 00:00:00 EDT,w2,0,2015-08-12 00:00:00,Contract,Contract,1564242,1564243,0,0,0,0,0,0,0,0,0,258065,-1,516130,0,1987097,False,True,1605001,0,0,0,0
2015-08-11,2015-08-11 00:00:00,BP,Channel: 50 - Commercial,INDIANAPOLIS IN - BP (PLANT 0452),DIESEL,258065,1806452,0,144859,0,144859,144859,1749860,0,w1,144859,0,1749860,516130,1987097,Available,Available,200,110,-1,-1,08/12 00:00:00 EDT,w2,0,2015-08-12 00:00:00,Contract,Contract,1586375,1586376,0,0,0,0,0,0,0,0,0,258065,-1,516130,0,1987097,False,True,1749860,0,0,0,0
2015-08-12,2015-08-12 00:00:00,BP,Channel: 50 - Commercial,INDIANAPOLIS IN - BP (PLANT 0452),DIESEL,258065,1806452,0,234911,0,234911,234911,234911,0,w2,234911,0,234911,387098,1806452,Available,Available,150,100,-1,-1,08/13 00:00:00 EDT,w3,0,2015-08-19 00:00:00,Contract,Contract,1636479,1636480,0,0,0,0,0,0,0,0,0,258065,-1,387098,0,1806452,True,True,234911,0,0,0,0
2015-08-13,2015-08-13 00:00:00,BP,Channel: 50 - Commercial,INDIANAPOLIS IN - BP (PLANT 0452),DIESEL,258065,1806452,0,47769,0,47769,47769,282680,0,w2,47769,0,282680,387098,1806452,Available,Available,150,100,-1,-1,08/14 00:00:00 EDT,w3,0,2015-08-19 00:00:00,Contract,Contract,1676413,1676414,0,0,0,0,0,0,0,0,0,258065,-1,387098,0,1806452,True,True,282680,0,0,0,0
2015-08-14,2015-08-14 00:00:00,BP,Channel: 50 - Commercial,INDIANAPOLIS IN - BP (PLANT 0452),DIESEL,258065,1806452,0,188424,0,188424,188424,471104,0,w2,188424,0,471104,387098,1806452,Available,Available,150,100,-1,-1,08/15 00:00:00 EDT,w3,0,2015-08-19 00:00:00,Contract,Contract,1716024,1716025,0,0,0,0,0,0,0,0,0,258065,-1,387098,0,1806452,True,True,471104,0,0,0,0
2015-08-15,2015-08-15 00:00:00,BP,Channel: 50 - Commercial,INDIANAPOLIS IN - BP (PLANT 0452),DIESEL,258065,1806452,0,157555,0,157555,157555,628659,0,w2,157555,0,628659,387098,1806452,Available,Available,150,100,-1,-1,08/16 00:00:00 EDT,w3,0,2015-08-19 00:00:00,Contract,Contract,1752188,1752189,0,0,0,0,0,0,0,0,0,258065,-1,387098,0,1806452,True,True,628659,0,0,0,0
2015-08-16,2015-08-16 00:00:00,BP,Channel: 50 - Commercial,INDIANAPOLIS IN - BP (PLANT 0452),DIESEL,258065,1806452,0,131898,0,131898,131898,760557,0,w2,131898,0,760557,387098,1806452,Available,Available,150,100,-1,-1,08/17 00:00:00 EDT,w3,0,2015-08-19 00:00:00,Contract,Contract,1790141,1790142,0,0,0,0,0,0,0,0,0,258065,-1,387098,0,1806452,True,True,760557,0,0,0,0
2015-08-17,2015-08-17 00:00:00,BP,Channel: 50 - Commercial,INDIANAPOLIS IN - BP (PLANT 0452),DIESEL,258065,1806452,0,287486,0,287486,287486,1048043,0,w2,287486,0,1048043,387098,1806452,Available,Available,150,100,-1,-1,08/18 00:00:00 EDT,w3,0,2015-08-19 00:00:00,Contract,Contract,1831146,1831147,0,0,0,0,0,0,0,0,0,258065,-1,387098,0,1806452,True,True,1048043,0,0,0,0
2015-08-18,2015-08-18 00:00:00,BP,Channel: 50 - Commercial,INDIANAPOLIS IN - BP (PLANT 0452),DIESEL,258065,1806452,0,350157,0,350157,350157,1398200,0,w2,350157,0,1398200,387098,1987097,Available,Available,150,110,-1,-1,08/19 00:00:00 EDT,w3,0,2015-08-19 00:00:00,Contract,Contract,1869544,1869545,0,0,0,0,0,0,0,0,0,258065,-1,387098,0,1987097,True,True,1398200,0,0,0,0
2015-08-19,2015-08-19 00:00:00,BP,Channel: 50 - Commercial,INDIANAPOLIS IN - BP (PLANT 0452),DIESEL,258065,1806452,0,290777,0,290777,290777,290777,0,w3,290777,0,290777,387098,1987097,Available,Available,150,110,-1,-1,08/20 00:00:00 EDT,w4,0,2015-08-26 00:00:00,Contract,Contract,1902043,1902044,0,0,0,0,0,0,0,0,0,258065,-1,387098,0,1987097,True,True,290777,0,0,0,0
2015-08-20,2015-08-20 00:00:00,BP,Channel: 50 - Commercial,INDIANAPOLIS IN - BP (PLANT 0452),DIESEL,258065,1806452,3,345132,1,345132,315183,635909,0,w3,315183,0,635909,387098,1987097,Available,Available,150,110,-1,-1,08/21 00:00:00 EDT,w4,0,2015-08-26 00:00:00,Contract,Contract,1944652,1944653,0,0,0,0,0,0,0,0,0,258065,-1,387098,0,1987097,True,True,635909,0,0,0,0
2015-08-21,2015-08-21 00:00:00,BP,Channel: 50 - Commercial,INDIANAPOLIS IN - BP (PLANT 0452),DIESEL,258065,1806452,0,291335,0,291335,291335,927244,0,w3,291335,0,927244,387098,1987097,Available,Available,150,110,-1,-1,08/22 00:00:00 EDT,w4,0,2015-08-26 00:00:00,Contract,Contract,1983495,1983496,0,0,0,0,0,0,0,0,0,258065,-1,387098,0,1987097,True,True,927244,0,0,0,0
2015-08-22,2015-08-22 00:00:00,BP,Channel: 50 - Commercial,INDIANAPOLIS IN - BP (PLANT 0452),DIESEL,258065,1806452,0,133642,0,133642,133642,1060886,0,w3,133642,0,1060886,387098,1987097,Available,Available,150,110,-1,-1,08/23 00:00:00 EDT,w4,0,2015-08-26 00:00:00,Contract,Contract,2021382,2021383,0,0,0,0,0,0,0,0,0,258065,-1,387098,0,1987097,True,True,1060886,0,0,0,0
2015-08-23,2015-08-23 00:00:00,BP,Channel: 50 - Commercial,INDIANAPOLIS IN - BP (PLANT 0452),DIESEL,258065,1806452,0,156336,0,156336,156336,1217222,0,w3,156336,0,1217222,387098,1987097,Available,Available,150,110,-1,-1,08/24 00:00:00 EDT,w4,0,2015-08-26 00:00:00,Contract,Contract,2057417,2057418,0,0,0,0,0,0,0,0,0,258065,-1,387098,0,1987097,True,True,1217222,0,0,0,0
2015-08-24,2015-08-24 00:00:00,BP,Channel: 50 - Commercial,INDIANAPOLIS IN - BP (PLANT 0452),DIESEL,258065,1806452,0,194394,0,194394,194394,1411616,0,w3,194394,0,1411616,387098,1987097,Available,Available,150,110,-1,-1,08/25 00:00:00 EDT,w4,0,2015-08-26 00:00:00,Contract,Contract,2095050,2095051,0,0,0,0,0,0,0,0,0,258065,-1,387098,0,1987097,True,True,1411616,0,0,0,0
2015-08-25,2015-08-25 00:00:00,BP,Channel: 50 - Commercial,INDIANAPOLIS IN - BP (PLANT 0452),DIESEL,258065,1806452,0,393397,0,393397,393397,1805013,0,w3,393397,0,1805013,387098,1987097,Out,Out,150,110,-1,-1,08/26 00:00:00 EDT,w4,0,2015-08-26 00:00:00,Contract,Contract,2126175,2126176,0,0,0,0,0,0,0,0,0,258065,-1,387098,0,1987097,True,True,1805013,0,0,0,0
2015-08-26,2015-08-26 00:00:00,BP,Channel: 50 - Commercial,INDIANAPOLIS IN - BP (PLANT 0452),DIESEL,258065,1806452,0,321817,0,321817,321817,321817,0,w4,321817,0,321817,516130,1987097,Available,Available,200,110,-1,-1,08/27 00:00:00 EDT,w5,0,2015-09-02 00:00:00,Contract,Contract,2153762,2153763,0,0,0,0,0,0,0,0,0,258065,-1,516130,0,1987097,True,True,321817,0,0,0,0
2015-08-27,2015-08-27 00:00:00,BP,Channel: 50 - Commercial,INDIANAPOLIS IN - BP (PLANT 0452),DIESEL,258065,1806452,0,341359,0,341359,341359,663176,0,w4,341359,0,663176,516130,1987097,Available,Available,200,110,-1,-1,08/28 00:00:00 EDT,w5,0,2015-09-02 00:00:00,Contract,Contract,2180971,2180972,0,0,0,0,0,0,0,0,0,258065,-1,516130,0,1987097,True,True,663176,0,0,0,0
2015-08-28,2015-08-28 00:00:00,BP,Channel: 50 - Commercial,INDIANAPOLIS IN - BP (PLANT 0452),DIESEL,258065,1806452,0,227935,0,227935,227935,891111,0,w4,227935,0,891111,516130,1987097,Available,Available,200,110,-1,-1,08/29 00:00:00 EDT,w5,0,2015-09-02 00:00:00,Contract,Contract,2211909,2211910,0,0,0,0,0,0,0,0,0,258065,-1,516130,0,1987097,True,True,891111,0,0,0,0
2015-08-29,2015-08-29 00:00:00,BP,Channel: 50 - Commercial,INDIANAPOLIS IN - BP (PLANT 0452),DIESEL,258065,1806452,0,174435,0,174435,174435,1065546,0,w4,174435,0,1065546,516130,1987097,Available,Available,200,110,-1,-1,08/30 00:00:00 EDT,w5,0,2015-09-02 00:00:00,Contract,Contract,2239058,2239059,0,0,0,0,0,0,0,0,0,258065,-1,516130,0,1987097,True,True,1065546,0,0,0,0
2015-08-30,2015-08-30 00:00:00,BP,Channel: 50 - Commercial,INDIANAPOLIS IN - BP (PLANT 0452),DIESEL,258065,1806452,0,128316,0,128316,128316,1193862,0,w4,128316,0,1193862,516130,1987097,Available,Available,200,110,-1,-1,08/31 00:00:00 EDT,w5,0,2015-09-02 00:00:00,Contract,Contract,2265455,2265456,0,0,0,0,0,0,0,0,0,258065,-1,516130,0,1987097,True,True,1193862,0,0,0,0
2015-08-31,2015-08-31 00:00:00,BP,Channel: 50 - Commercial,INDIANAPOLIS IN - BP (PLANT 0452),DIESEL,258065,1806452,0,187725,0,187725,187725,1381587,0,w4,187725,0,1381587,516130,1987097,Available,Available,200,110,-1,-1,09/01 00:00:00 EDT,w5,0,2015-09-02 00:00:00,Contract,Contract,2291618,2291619,0,0,0,0,0,0,0,0,0,258065,-1,516130,0,1987097,True,True,1381587,0,0,0,0
