,date,supplier_name,account_type,supplier_terminal_name,product_name,base_gallons_Daily,base_gallons_Weekly,lifted_gallons_daily_flag,lifted_gallons_daily_modified,Modified_WeeksByLiftedGallons,lifted_gallons_modified_WeeksByLiftedGallons,lifted_gallons_Daily,Lifted_actual_weekly,lifted_gallons_weekly_flag,WeeksByLiftedGallons,lifted_gallonsWeekly_modified_aposteriori,Modified_LiftedGallonsaposteriori,lifted_gallons_Weekly,beginning_gallons_Daily,beginning_gallons_Weekly,en_allocation_status_Daily,en_allocation_status_Weekly,percentage_allocation_Daily,percentage_allocation_Weekly,alerts_ratability_Daily,alerts_ratability_Weekly,next_refresh_date_Daily,Week_switch,Modified_NRD,next_refresh_date_Weekly,en_account_type_Daily,en_account_type_Weekly,NRB_Daily,next_refresh_base_gallons_Daily,next_refresh_base_gallons_Weekly,staging_id_Daily,staging_id_Weekly,base_gallons_Monthly,Lifted_actual_monthly,lifted_gallons_monthly_flag,lifted_gallons_Monthly,beginning_gallons_Monthly,en_allocation_status_Monthly,percentage_allocation_Monthly,alerts_ratability_Monthly,next_refresh_date_Monthly,NRB_Monthly,next_refresh_base_gallons_Monthly,base_gallons_Daily_Reconciled,base_gallons_Monthly_Reconciled,beginning_gallons_Daily_Reconciled,beginning_gallons_Monthly_Reconciled,beginning_gallons_Weekly_Reconciled,sanityWeekly_CumulativeDaily_WeeksByLiftedGallons,sanityWeekly_CumulativeDaily_NextRefreshDate,computedWeekly,sanityComputedWeekly,computedMonthly,sanityComputedMonthly,sanityMonthly_CumulativeDaily_WeeksByLiftedGallons,sanityMonthly_CumulativeDaily_WeeksByNextRefreshDate
2015-08-01,2015-08-01 00:00:00,BP,Channel: 50 - Commercial,WHITING IN - BP (PLANT 0453),DIESEL,26774,187419,0,-1,0,-1,-1,-1,0,w1,-1,0,-1,40161,187419,-1,-1,100,100,-1,-1,-1,w1,1,2015-08-05 00:00:00,-1,-1,26774,-1,-1,-1,-1,0,-1,0,-1,0,-1,100,-1,-1,0,-1,40161,-1,26774,0,187419,False,False,0,0,0,0,1,1
2015-08-02,2015-08-02 00:00:00,BP,Channel: 50 - Commercial,WHITING IN - BP (PLANT 0453),DIESEL,26774,187419,0,-1,0,-1,-1,-1,0,w1,-1,0,-1,40161,187419,-1,-1,100,100,-1,-1,-1,w1,1,2015-08-05 00:00:00,-1,-1,26774,-1,-1,-1,-1,0,-1,0,-1,0,-1,100,-1,-1,0,-1,40161,-1,26774,0,187419,False,False,0,0,0,0,0,0
2015-08-03,2015-08-03 00:00:00,BP,Channel: 50 - Commercial,WHITING IN - BP (PLANT 0453),DIESEL,26774,187419,0,-1,0,-1,-1,-1,0,w1,-1,0,-1,40161,187419,-1,-1,100,100,-1,-1,-1,w1,1,2015-08-05 00:00:00,-1,-1,26774,-1,-1,-1,-1,0,-1,0,-1,0,-1,100,-1,-1,0,-1,40161,-1,26774,0,187419,False,False,0,0,0,0,0,0
2015-08-04,2015-08-04 00:00:00,BP,Channel: 50 - Commercial,WHITING IN - BP (PLANT 0453),DIESEL,26774,187419,0,-1,0,-1,-1,-1,0,w1,-1,0,-1,40161,187419,-1,-1,100,100,-1,-1,-1,w1,1,2015-08-05 00:00:00,-1,-1,26774,-1,-1,-1,-1,0,-1,0,-1,0,-1,100,-1,-1,0,-1,40161,-1,26774,0,187419,False,False,0,0,0,0,0,0
2015-08-05,2015-08-05 00:00:00,BP,Channel: 50 - Commercial,WHITING IN - BP (PLANT 0453),DIESEL,26774,187419,6,29511,0,-1,-1,-1,6,w1,-1,0,29511,40161,187419,-1,-1,100,100,-1,-1,-1,w2,1,2015-08-12 00:00:00,-1,-1,26774,-1,-1,-1,-1,0,-1,0,-1,0,-1,100,-1,-1,0,-1,40161,-1,26774,0,187419,False,True,29511,True,0,0,0,0
2015-08-06,2015-08-06 00:00:00,BP,Channel: 50 - Commercial,WHITING IN - BP (PLANT 0453),DIESEL,26774,187419,3,7299,0,7299,7299,36810,0,w1,7299,0,36810,53548,206161,Available,Available,200,110,,,08/07 00:00:00 CDT,w2,0,2015-08-12 00:00:00,Contract,Contract,26774,26774,187419,1427197,1427198,0,0,0,0,0,0,0,0,0,0,0,26774,-1,53548,0,206161,False,True,36810,True,0,0,0,0
2015-08-07,2015-08-07 00:00:00,BP,Channel: 50 - Commercial,WHITING IN - BP (PLANT 0453),DIESEL,26774,187419,3,36916,0,36916,36916,73726,0,w1,36916,0,73726,53548,206161,Available,Available,200,110,,,08/08 00:00:00 CDT,w2,0,2015-08-12 00:00:00,Contract,Contract,26774,26774,187419,1462922,1462923,0,0,0,0,0,0,0,0,0,0,0,26774,-1,53548,0,206161,False,True,73726,True,0,0,0,0
2015-08-08,2015-08-08 00:00:00,BP,Channel: 50 - Commercial,WHITING IN - BP (PLANT 0453),DIESEL,26774,187419,3,29925,0,29925,29925,103651,0,w1,29925,0,103651,53548,206161,Available,Available,200,110,,,08/09 00:00:00 CDT,w2,0,2015-08-12 00:00:00,Contract,Contract,26774,26774,187419,1497209,1497210,0,0,0,0,0,0,0,0,0,0,0,26774,-1,53548,0,206161,False,True,103651,True,0,0,0,0
2015-08-09,2015-08-09 00:00:00,BP,Channel: 50 - Commercial,WHITING IN - BP (PLANT 0453),DIESEL,26774,187419,3,36463,0,36463,36463,140114,0,w1,36463,0,140114,53548,206161,Available,Available,200,110,,,08/10 00:00:00 CDT,w2,0,2015-08-12 00:00:00,Contract,Contract,26774,26774,187419,1531150,1531151,0,0,0,0,0,0,0,0,0,0,0,26774,-1,53548,0,206161,False,True,140114,True,0,0,0,0
2015-08-10,2015-08-10 00:00:00,BP,Channel: 50 - Commercial,WHITING IN - BP (PLANT 0453),DIESEL,26774,187419,3,59320,0,44419,44419,184533,0,w1,44419,0,184533,53548,206161,Available,Available,200,110,,,08/11 00:00:00 CDT,w2,0,2015-08-12 00:00:00,Contract,Contract,26774,26774,187419,1564258,1564259,0,0,0,0,0,0,0,0,0,0,0,26774,-1,53548,0,206161,False,False,199434,True,0,0,0,0
2015-08-11,2015-08-11 00:00:00,BP,Channel: 50 - Commercial,WHITING IN - BP (PLANT 0453),DIESEL,26774,187419,0,36515,1,51416,36515,235949,0,w1,36515,0,235949,53548,206161,Available,Available,200,110,,,08/12 00:00:00 CDT,w2,0,2015-08-12 00:00:00,Contract,Contract,26774,26774,187419,1586391,1586392,0,0,0,0,0,0,0,0,0,0,0,26774,-1,53548,0,206161,False,True,235949,True,0,0,0,0
2015-08-12,2015-08-12 00:00:00,BP,Channel: 50 - Commercial,WHITING IN - BP (PLANT 0453),DIESEL,26774,187419,3,44622,0,44622,44622,44622,0,w2,44622,0,44622,40161,187419,Out,Out,150,100,,,08/13 00:00:00 CDT,w3,0,2015-08-19 00:00:00,Contract,Contract,26774,26774,187419,1636498,1636499,0,0,0,0,0,0,0,0,0,0,0,26774,-1,40161,0,187419,True,True,44622,True,0,0,0,0
2015-08-13,2015-08-13 00:00:00,BP,Channel: 50 - Commercial,WHITING IN - BP (PLANT 0453),DIESEL,26774,187419,3,44619,0,44619,44619,89241,0,w2,44619,0,89241,40161,187419,Out,Out,150,100,,,08/14 00:00:00 CDT,w3,0,2015-08-19 00:00:00,Contract,Contract,26774,26774,187419,1676431,1676432,0,0,0,0,0,0,0,0,0,0,0,26774,-1,40161,0,187419,True,True,89241,True,0,0,0,0
2015-08-14,2015-08-14 00:00:00,BP,Channel: 50 - Commercial,WHITING IN - BP (PLANT 0453),DIESEL,26774,187419,3,22110,0,14604,14604,103845,0,w2,14604,0,103845,40161,187419,Available,Available,150,100,,,08/15 00:00:00 CDT,w3,0,2015-08-19 00:00:00,Contract,Contract,26774,26774,187419,1716040,1716041,0,0,0,0,0,0,0,0,0,0,0,26774,-1,40161,0,187419,True,False,111351,True,0,0,0,0
2015-08-15,2015-08-15 00:00:00,BP,Channel: 50 - Commercial,WHITING IN - BP (PLANT 0453),DIESEL,26774,187419,3,29620,1,29818,22312,133663,0,w2,22312,0,133663,40161,187419,Available,Available,150,100,,,08/16 00:00:00 CDT,w3,0,2015-08-19 00:00:00,Contract,Contract,26774,26774,187419,1752204,1752205,0,0,0,0,0,0,0,0,0,0,0,26774,-1,40161,0,187419,True,False,140971,True,0,0,0,0
2015-08-16,2015-08-16 00:00:00,BP,Channel: 50 - Commercial,WHITING IN - BP (PLANT 0453),DIESEL,26774,187419,3,14909,1,14718,7410,148381,0,w2,7410,0,148381,40161,187419,Available,Available,150,100,,,08/17 00:00:00 CDT,w3,0,2015-08-19 00:00:00,Contract,Contract,26774,26774,187419,1790157,1790158,0,0,0,0,0,0,0,0,0,0,0,26774,-1,40161,0,187419,True,False,155880,True,0,0,0,0
2015-08-17,2015-08-17 00:00:00,BP,Channel: 50 - Commercial,WHITING IN - BP (PLANT 0453),DIESEL,26774,187419,3,37515,1,45014,37515,193395,0,w2,37515,0,193395,40161,187419,Out,Out,150,100,,,08/18 00:00:00 CDT,w3,0,2015-08-19 00:00:00,Contract,Contract,26774,26774,187419,1831170,1831171,0,0,0,0,0,0,0,0,0,0,0,26774,-1,40161,0,187419,True,True,193395,True,0,0,0,0
2015-08-18,2015-08-18 00:00:00,BP,Channel: 50 - Commercial,WHITING IN - BP (PLANT 0453),DIESEL,26774,187419,0,0,0,0,0,193395,0,w2,0,0,193395,40161,206161,Available,Available,150,110,,,08/19 00:00:00 CDT,w3,0,2015-08-19 00:00:00,Contract,Contract,26774,26774,187419,1869568,1869569,0,0,0,0,0,0,0,0,0,0,0,26774,-1,40161,0,206161,True,True,193395,True,0,0,0,0
2015-08-19,2015-08-19 00:00:00,BP,Channel: 50 - Commercial,WHITING IN - BP (PLANT 0453),DIESEL,26774,187419,3,44625,0,37118,37118,37118,0,w3,37118,0,37118,40161,206161,Available,Available,150,110,,,08/20 00:00:00 CDT,w4,0,2015-08-26 00:00:00,Contract,Contract,26774,26774,187419,1902067,1902068,0,0,0,0,0,0,0,0,0,0,0,26774,-1,40161,0,206161,True,False,44625,True,0,0,0,0
2015-08-20,2015-08-20 00:00:00,BP,Channel: 50 - Commercial,WHITING IN - BP (PLANT 0453),DIESEL,26774,187419,3,44626,1,52133,44626,89251,0,w3,44626,0,89251,40161,206161,Out,Out,150,110,,,08/21 00:00:00 CDT,w4,0,2015-08-26 00:00:00,Contract,Contract,26774,26774,187419,1944672,1944673,0,0,0,0,0,0,0,0,0,0,0,26774,-1,40161,0,206161,True,True,89251,True,0,0,0,0
2015-08-21,2015-08-21 00:00:00,BP,Channel: 50 - Commercial,WHITING IN - BP (PLANT 0453),DIESEL,26774,187419,3,22421,0,22421,22421,111672,0,w3,22421,0,111672,40161,206161,Available,Available,150,110,,,08/22 00:00:00 CDT,w4,0,2015-08-26 00:00:00,Contract,Contract,26774,26774,187419,1983515,1983516,0,0,0,0,0,0,0,0,0,0,0,26774,-1,40161,0,206161,True,True,111672,True,0,0,0,0
2015-08-22,2015-08-22 00:00:00,BP,Channel: 50 - Commercial,WHITING IN - BP (PLANT 0453),DIESEL,26774,187419,3,29815,0,29815,29815,141487,0,w3,29815,0,141487,40161,206161,Available,Available,150,110,,,08/23 00:00:00 CDT,w4,0,2015-08-26 00:00:00,Contract,Contract,26774,26774,187419,2021402,2021403,0,0,0,0,0,0,0,0,0,0,0,26774,-1,40161,0,206161,True,True,141487,True,0,0,0,0
2015-08-23,2015-08-23 00:00:00,BP,Channel: 50 - Commercial,WHITING IN - BP (PLANT 0453),DIESEL,26774,187419,3,7501,0,7501,7501,148988,0,w3,7501,0,148988,40161,206161,Available,Available,150,110,,,08/24 00:00:00 CDT,w4,0,2015-08-26 00:00:00,Contract,Contract,26774,26774,187419,2057437,2057438,0,0,0,0,0,0,0,0,0,0,0,26774,-1,40161,0,206161,True,True,148988,True,0,0,0,0
2015-08-24,2015-08-24 00:00:00,BP,Channel: 50 - Commercial,WHITING IN - BP (PLANT 0453),DIESEL,26774,187419,3,30018,0,30018,30018,179006,0,w3,30018,0,179006,40161,206161,Available,Available,150,110,,,08/25 00:00:00 CDT,w4,0,2015-08-26 00:00:00,Contract,Contract,26774,26774,187419,2095070,2095071,0,0,0,0,0,0,0,0,0,0,0,26774,-1,40161,0,206161,True,True,179006,True,0,0,0,0
2015-08-25,2015-08-25 00:00:00,BP,Channel: 50 - Commercial,WHITING IN - BP (PLANT 0453),DIESEL,26774,187419,0,0,0,0,0,179006,0,w3,0,0,179006,53548,206161,Available,Available,200,110,,,08/26 00:00:00 CDT,w4,0,2015-08-26 00:00:00,Contract,Contract,26774,26774,187419,2126194,2126195,0,0,0,0,0,0,0,0,0,0,0,26774,-1,53548,0,206161,True,True,179006,True,0,0,0,0
2015-08-26,2015-08-26 00:00:00,BP,Channel: 50 - Commercial,WHITING IN - BP (PLANT 0453),DIESEL,26774,187419,3,0,0,0,0,0,0,w4,0,0,0,53548,206161,Available,Available,200,110,,,08/27 00:00:00 CDT,w5,0,2015-09-02 00:00:00,Contract,Contract,26774,26774,193667,2153781,2153782,0,0,0,0,0,0,0,0,0,0,0,26774,-1,53548,0,206161,True,True,0,True,0,0,0,0
2015-08-27,2015-08-27 00:00:00,BP,Channel: 50 - Commercial,WHITING IN - BP (PLANT 0453),DIESEL,26774,187419,3,22309,0,14808,14808,14808,0,w4,14808,0,14808,53548,206161,Available,Available,200,110,,,08/28 00:00:00 CDT,w5,0,2015-09-02 00:00:00,Contract,Contract,26774,26774,193667,2180986,2180987,0,0,0,0,0,0,0,0,0,0,0,26774,-1,53548,0,206161,True,False,22309,True,0,0,0,0
2015-08-28,2015-08-28 00:00:00,BP,Channel: 50 - Commercial,WHITING IN - BP (PLANT 0453),DIESEL,26774,187419,3,36814,1,44315,36814,59123,0,w4,36814,0,59123,53548,206161,Available,Available,200,110,,,08/29 00:00:00 CDT,w5,0,2015-09-02 00:00:00,Contract,Contract,26774,26774,193667,2211924,2211925,0,0,0,0,0,0,0,0,0,0,0,26774,-1,53548,0,206161,True,True,59123,True,0,0,0,0
2015-08-29,2015-08-29 00:00:00,BP,Channel: 50 - Commercial,WHITING IN - BP (PLANT 0453),DIESEL,26774,187419,3,37215,0,37215,37215,96338,0,w4,37215,0,96338,53548,206161,Available,Available,200,110,,,08/30 00:00:00 CDT,w5,0,2015-09-02 00:00:00,Contract,Contract,26774,26774,193667,2239073,2239074,0,0,0,0,0,0,0,0,0,0,0,26774,-1,53548,0,206161,True,True,96338,True,0,0,0,0
2015-08-30,2015-08-30 00:00:00,BP,Channel: 50 - Commercial,WHITING IN - BP (PLANT 0453),DIESEL,26774,187419,3,30109,0,30109,30109,126447,0,w4,30109,0,126447,53548,206161,Available,Available,200,110,,,08/31 00:00:00 CDT,w5,0,2015-09-02 00:00:00,Contract,Contract,26774,26774,193667,2265470,2265471,0,0,0,0,0,0,0,0,0,0,0,26774,-1,53548,0,206161,True,True,126447,True,0,0,0,0
2015-08-31,2015-08-31 00:00:00,BP,Channel: 50 - Commercial,WHITING IN - BP (PLANT 0453),DIESEL,26774,187419,0,22349,0,22349,22349,148796,0,w4,22349,0,148796,53548,206161,Available,Available,200,110,,,09/01 00:00:00 CDT,w5,0,2015-09-02 00:00:00,Contract,Contract,26774,26774,193667,2291633,2291634,0,0,0,0,0,0,0,0,0,0,0,26774,-1,53548,0,206161,True,True,148796,True,0,0,0,0
