,date,supplier_name,account_type,supplier_terminal_name,product_name,base_gallons_Daily,base_gallons_Weekly,lifted_gallons_daily_flag,lifted_gallons_daily_modified,Modified_WeeksByLiftedGallons,lifted_gallons_modified_WeeksByLiftedGallons,lifted_gallons_Daily,Lifted_actual_weekly,lifted_gallons_weekly_flag,WeeksByLiftedGallons,lifted_gallonsWeekly_modified_aposteriori,Modified_LiftedGallonsaposteriori,lifted_gallons_Weekly,beginning_gallons_Daily,beginning_gallons_Weekly,en_allocation_status_Daily,en_allocation_status_Weekly,percentage_allocation_Daily,percentage_allocation_Weekly,alerts_ratability_Daily,alerts_ratability_Weekly,next_refresh_date_Daily,Week_switch,Modified_NRD,next_refresh_date_Weekly,en_account_type_Daily,en_account_type_Weekly,NRB_Daily,next_refresh_base_gallons_Daily,next_refresh_base_gallons_Weekly,staging_id_Daily,staging_id_Weekly,base_gallons_Monthly,Lifted_actual_monthly,lifted_gallons_monthly_flag,lifted_gallons_Monthly,beginning_gallons_Monthly,en_allocation_status_Monthly,percentage_allocation_Monthly,alerts_ratability_Monthly,next_refresh_date_Monthly,NRB_Monthly,next_refresh_base_gallons_Monthly,base_gallons_Daily_Reconciled,base_gallons_Monthly_Reconciled,beginning_gallons_Daily_Reconciled,beginning_gallons_Monthly_Reconciled,beginning_gallons_Weekly_Reconciled,sanityWeekly_CumulativeDaily_WeeksByLiftedGallons,sanityWeekly_CumulativeDaily_NextRefreshDate,computedWeekly,sanityComputedWeekly,computedMonthly,sanityComputedMonthly,sanityMonthly_CumulativeDaily_WeeksByLiftedGallons,sanityMonthly_CumulativeDaily_WeeksByNextRefreshDate
2015-08-01,2015-08-01 00:00:00,BP,Channel: 50 - Commercial,CUYAHOGA OH - BUCKEYE (PLANT 9178),PREMIUM,-1,5263,0,-1,0,-1,-1,-1,0,w1,-1,0,-1,-1,5789,-1,-1,100,100,-1,-1,-1,w1,1,2015-08-05 00:00:00,-1,-1,-1,-1,-1,-1,-1,0,-1,0,-1,0,-1,100,-1,-1,0,-1,-1,-1,-1,0,5263,False,False,0,0,0,0,1,1
2015-08-02,2015-08-02 00:00:00,BP,Channel: 50 - Commercial,CUYAHOGA OH - BUCKEYE (PLANT 9178),PREMIUM,-1,5263,0,-1,0,-1,-1,-1,0,w1,-1,0,-1,-1,5789,-1,-1,100,100,-1,-1,-1,w1,1,2015-08-05 00:00:00,-1,-1,-1,-1,-1,-1,-1,0,-1,0,-1,0,-1,100,-1,-1,0,-1,-1,-1,-1,0,5263,False,False,0,0,0,0,0,0
2015-08-03,2015-08-03 00:00:00,BP,Channel: 50 - Commercial,CUYAHOGA OH - BUCKEYE (PLANT 9178),PREMIUM,-1,5263,0,-1,0,-1,-1,-1,0,w1,-1,0,-1,-1,5789,-1,-1,100,100,-1,-1,-1,w1,1,2015-08-05 00:00:00,-1,-1,-1,-1,-1,-1,-1,0,-1,0,-1,0,-1,100,-1,-1,0,-1,-1,-1,-1,0,5263,False,False,0,0,0,0,0,0
2015-08-04,2015-08-04 00:00:00,BP,Channel: 50 - Commercial,CUYAHOGA OH - BUCKEYE (PLANT 9178),PREMIUM,-1,5263,0,-1,0,-1,-1,-1,0,w1,-1,0,-1,-1,5789,-1,-1,100,100,-1,-1,-1,w1,1,2015-08-05 00:00:00,-1,-1,-1,-1,-1,-1,-1,0,-1,0,-1,0,-1,100,-1,-1,0,-1,-1,-1,-1,0,5263,False,False,0,0,0,0,0,0
2015-08-05,2015-08-05 00:00:00,BP,Channel: 50 - Commercial,CUYAHOGA OH - BUCKEYE (PLANT 9178),PREMIUM,-1,5263,0,-1,0,-1,-1,-1,0,w1,-1,0,-1,-1,5789,-1,-1,100,100,-1,-1,-1,w2,1,2015-08-12 00:00:00,-1,-1,-1,-1,-1,-1,-1,0,-1,0,-1,0,-1,100,-1,-1,0,-1,-1,-1,-1,0,5263,False,True,0,0,0,0,0,0
2015-08-06,2015-08-06 00:00:00,BP,Channel: 50 - Commercial,CUYAHOGA OH - BUCKEYE (PLANT 9178),PREMIUM,-1,5263,0,-1,0,-1,-1,2199,0,w1,-1,0,2199,-1,5789,-1,Available,100,110,-1,,-1,w2,0,2015-08-12 00:00:00,-1,Contract,-1,-1,5263,-1,1427176,0,0,0,0,0,0,0,0,0,0,0,-1,-1,-1,0,5789,False,False,0,0,0,0,0,0
2015-08-07,2015-08-07 00:00:00,BP,Channel: 50 - Commercial,CUYAHOGA OH - BUCKEYE (PLANT 9178),PREMIUM,-1,5263,0,-1,1,0,-1,2199,0,w1,-1,0,2199,-1,5789,-1,Available,100,110,-1,,-1,w2,0,2015-08-12 00:00:00,-1,Contract,-1,-1,5263,-1,1462901,0,0,0,0,0,0,0,0,0,0,0,-1,-1,-1,0,5789,False,False,0,0,0,0,0,0
2015-08-08,2015-08-08 00:00:00,BP,Channel: 50 - Commercial,CUYAHOGA OH - BUCKEYE (PLANT 9178),PREMIUM,-1,5263,0,-1,1,1205,-1,3404,0,w1,-1,0,3404,-1,5789,-1,Available,100,110,-1,,-1,w2,0,2015-08-12 00:00:00,-1,Contract,-1,-1,5263,-1,1497188,0,0,0,0,0,0,0,0,0,0,0,-1,-1,-1,0,5789,False,False,0,0,0,0,0,0
2015-08-09,2015-08-09 00:00:00,BP,Channel: 50 - Commercial,CUYAHOGA OH - BUCKEYE (PLANT 9178),PREMIUM,-1,5263,0,-1,1,0,-1,3404,0,w1,-1,0,3404,-1,5789,-1,Available,100,110,-1,,-1,w2,0,2015-08-12 00:00:00,-1,Contract,-1,-1,5263,-1,1531128,0,0,0,0,0,0,0,0,0,0,0,-1,-1,-1,0,5789,False,False,0,0,0,0,0,0
2015-08-10,2015-08-10 00:00:00,BP,Channel: 50 - Commercial,CUYAHOGA OH - BUCKEYE (PLANT 9178),PREMIUM,-1,5263,0,-1,1,0,-1,3404,0,w1,-1,0,3404,-1,5789,-1,Available,100,110,-1,,-1,w2,0,2015-08-12 00:00:00,-1,Contract,-1,-1,5263,-1,1564235,0,0,0,0,0,0,0,0,0,0,0,-1,-1,-1,0,5789,False,False,0,0,0,0,0,0
2015-08-11,2015-08-11 00:00:00,BP,Channel: 50 - Commercial,CUYAHOGA OH - BUCKEYE (PLANT 9178),PREMIUM,-1,5263,0,-1,1,0,-1,3404,0,w1,-1,0,3404,-1,5789,-1,Available,100,110,-1,,-1,w2,0,2015-08-12 00:00:00,-1,Contract,-1,-1,5263,-1,1586368,0,0,0,0,0,0,0,0,0,0,0,-1,-1,-1,0,5789,False,False,0,0,0,0,0,0
2015-08-12,2015-08-12 00:00:00,BP,Channel: 50 - Commercial,CUYAHOGA OH - BUCKEYE (PLANT 9178),PREMIUM,-1,5263,3,0,1,0,-1,0,0,w2,-1,0,0,-1,5789,-1,Available,100,110,-1,,-1,w3,0,2015-08-19 00:00:00,-1,Contract,-1,-1,5263,-1,1636475,0,0,0,0,0,0,0,0,0,0,0,-1,-1,-1,0,5789,True,True,0,0,0,0,0,0
2015-08-13,2015-08-13 00:00:00,BP,Channel: 50 - Commercial,CUYAHOGA OH - BUCKEYE (PLANT 9178),PREMIUM,-1,5263,0,-1,1,0,-1,0,0,w2,-1,0,0,-1,5789,-1,Available,100,110,-1,,-1,w3,0,2015-08-19 00:00:00,-1,Contract,-1,-1,5263,-1,1676405,0,0,0,0,0,0,0,0,0,0,0,-1,-1,-1,0,5789,True,False,0,0,0,0,0,0
2015-08-14,2015-08-14 00:00:00,BP,Channel: 50 - Commercial,CUYAHOGA OH - BUCKEYE (PLANT 9178),PREMIUM,-1,5263,0,-1,1,1205,-1,1205,0,w2,-1,0,1205,-1,5789,-1,Available,100,110,-1,,-1,w3,0,2015-08-19 00:00:00,-1,Contract,-1,-1,5263,-1,1716018,0,0,0,0,0,0,0,0,0,0,0,-1,-1,-1,0,5789,True,False,0,0,0,0,0,0
2015-08-15,2015-08-15 00:00:00,BP,Channel: 50 - Commercial,CUYAHOGA OH - BUCKEYE (PLANT 9178),PREMIUM,-1,5263,0,-1,1,1006,-1,2211,0,w2,-1,0,2211,-1,5789,-1,Available,100,110,-1,,-1,w3,0,2015-08-19 00:00:00,-1,Contract,-1,-1,5263,-1,1752182,0,0,0,0,0,0,0,0,0,0,0,-1,-1,-1,0,5789,True,False,0,0,0,0,0,0
2015-08-16,2015-08-16 00:00:00,BP,Channel: 50 - Commercial,CUYAHOGA OH - BUCKEYE (PLANT 9178),PREMIUM,-1,5263,0,-1,1,1900,-1,4111,0,w2,-1,0,4111,-1,5789,-1,Available,100,110,-1,,-1,w3,0,2015-08-19 00:00:00,-1,Contract,-1,-1,5263,-1,1790134,0,0,0,0,0,0,0,0,0,0,0,-1,-1,-1,0,5789,True,False,0,0,0,0,0,0
2015-08-17,2015-08-17 00:00:00,BP,Channel: 50 - Commercial,CUYAHOGA OH - BUCKEYE (PLANT 9178),PREMIUM,-1,5263,0,-1,1,0,-1,4111,0,w2,-1,0,4111,-1,5789,-1,Available,100,110,-1,,-1,w3,0,2015-08-19 00:00:00,-1,Contract,-1,-1,5263,-1,1831141,0,0,0,0,0,0,0,0,0,0,0,-1,-1,-1,0,5789,True,False,0,0,0,0,0,0
2015-08-18,2015-08-18 00:00:00,BP,Channel: 50 - Commercial,CUYAHOGA OH - BUCKEYE (PLANT 9178),PREMIUM,-1,5263,0,-1,1,0,-1,4111,0,w2,-1,0,4111,-1,5789,-1,Available,100,110,-1,,-1,w3,0,2015-08-19 00:00:00,-1,Contract,-1,-1,5263,-1,1869535,0,0,0,0,0,0,0,0,0,0,0,-1,-1,-1,0,5789,True,False,0,0,0,0,0,0
2015-08-19,2015-08-19 00:00:00,BP,Channel: 50 - Commercial,CUYAHOGA OH - BUCKEYE (PLANT 9178),PREMIUM,-1,5263,3,0,1,0,-1,0,0,w3,-1,0,0,-1,5789,-1,Available,100,110,-1,,-1,w4,0,2015-08-26 00:00:00,-1,Contract,-1,-1,5263,-1,1902038,0,0,0,0,0,0,0,0,0,0,0,-1,-1,-1,0,5789,True,True,0,0,0,0,0,0
2015-08-20,2015-08-20 00:00:00,BP,Channel: 50 - Commercial,CUYAHOGA OH - BUCKEYE (PLANT 9178),PREMIUM,-1,5263,0,-1,1,1004,-1,1004,0,w3,-1,0,1004,-1,5789,-1,Available,100,110,-1,,-1,w4,0,2015-08-26 00:00:00,-1,Contract,-1,-1,5263,-1,1944641,0,0,0,0,0,0,0,0,0,0,0,-1,-1,-1,0,5789,True,False,0,0,0,0,0,0
2015-08-21,2015-08-21 00:00:00,BP,Channel: 50 - Commercial,CUYAHOGA OH - BUCKEYE (PLANT 9178),PREMIUM,-1,5263,0,-1,1,0,-1,1004,0,w3,-1,0,1004,-1,5789,-1,Available,100,110,-1,,-1,w4,0,2015-08-26 00:00:00,-1,Contract,-1,-1,5263,-1,1983484,0,0,0,0,0,0,0,0,0,0,0,-1,-1,-1,0,5789,True,False,0,0,0,0,0,0
2015-08-22,2015-08-22 00:00:00,BP,Channel: 50 - Commercial,CUYAHOGA OH - BUCKEYE (PLANT 9178),PREMIUM,-1,5263,0,-1,1,0,-1,1004,0,w3,-1,0,1004,-1,5789,-1,Available,100,110,-1,,-1,w4,0,2015-08-26 00:00:00,-1,Contract,-1,-1,5263,-1,2021371,0,0,0,0,0,0,0,0,0,0,0,-1,-1,-1,0,5789,True,False,0,0,0,0,0,0
2015-08-23,2015-08-23 00:00:00,BP,Channel: 50 - Commercial,CUYAHOGA OH - BUCKEYE (PLANT 9178),PREMIUM,-1,5263,0,-1,1,0,-1,1004,0,w3,-1,0,1004,-1,5789,-1,Available,100,110,-1,,-1,w4,0,2015-08-26 00:00:00,-1,Contract,-1,-1,5263,-1,2057406,0,0,0,0,0,0,0,0,0,0,0,-1,-1,-1,0,5789,True,False,0,0,0,0,0,0
2015-08-24,2015-08-24 00:00:00,BP,Channel: 50 - Commercial,CUYAHOGA OH - BUCKEYE (PLANT 9178),PREMIUM,-1,5263,0,-1,1,0,-1,1004,0,w3,-1,0,1004,-1,5789,-1,Available,100,110,-1,,-1,w4,0,2015-08-26 00:00:00,-1,Contract,-1,-1,5263,-1,2095039,0,0,0,0,0,0,0,0,0,0,0,-1,-1,-1,0,5789,True,False,0,0,0,0,0,0
2015-08-25,2015-08-25 00:00:00,BP,Channel: 50 - Commercial,CUYAHOGA OH - BUCKEYE (PLANT 9178),PREMIUM,-1,5263,0,-1,1,0,-1,1004,0,w3,-1,0,1004,-1,5789,-1,Available,100,110,-1,,-1,w4,0,2015-08-26 00:00:00,-1,Contract,-1,-1,5263,-1,2126165,0,0,0,0,0,0,0,0,0,0,0,-1,-1,-1,0,5789,True,False,0,0,0,0,0,0
2015-08-26,2015-08-26 00:00:00,BP,Channel: 50 - Commercial,CUYAHOGA OH - BUCKEYE (PLANT 9178),PREMIUM,-1,5263,3,0,1,0,-1,0,0,w4,-1,0,0,-1,5789,-1,Available,100,110,-1,,-1,w5,0,2015-09-02 00:00:00,-1,Contract,-1,-1,5305,-1,2153752,0,0,0,0,0,0,0,0,0,0,0,-1,-1,-1,0,5789,True,True,0,0,0,0,0,0
2015-08-27,2015-08-27 00:00:00,BP,Channel: 50 - Commercial,CUYAHOGA OH - BUCKEYE (PLANT 9178),PREMIUM,-1,5263,0,-1,1,2301,-1,2301,0,w4,-1,0,2301,-1,5789,-1,Available,100,110,-1,,-1,w5,0,2015-09-02 00:00:00,-1,Contract,-1,-1,5305,-1,2180961,0,0,0,0,0,0,0,0,0,0,0,-1,-1,-1,0,5789,True,False,0,0,0,0,0,0
2015-08-28,2015-08-28 00:00:00,BP,Channel: 50 - Commercial,CUYAHOGA OH - BUCKEYE (PLANT 9178),PREMIUM,-1,5263,0,-1,1,0,-1,2301,0,w4,-1,0,2301,-1,5789,-1,Available,100,110,-1,,-1,w5,0,2015-09-02 00:00:00,-1,Contract,-1,-1,5305,-1,2211899,0,0,0,0,0,0,0,0,0,0,0,-1,-1,-1,0,5789,True,False,0,0,0,0,0,0
2015-08-29,2015-08-29 00:00:00,BP,Channel: 50 - Commercial,CUYAHOGA OH - BUCKEYE (PLANT 9178),PREMIUM,-1,5263,0,-1,1,0,-1,2301,0,w4,-1,0,2301,-1,5789,-1,Available,100,110,-1,,-1,w5,0,2015-09-02 00:00:00,-1,Contract,-1,-1,5305,-1,2239048,0,0,0,0,0,0,0,0,0,0,0,-1,-1,-1,0,5789,True,False,0,0,0,0,0,0
2015-08-30,2015-08-30 00:00:00,BP,Channel: 50 - Commercial,CUYAHOGA OH - BUCKEYE (PLANT 9178),PREMIUM,-1,5263,0,-1,1,0,-1,2301,0,w4,-1,0,2301,-1,5789,-1,Available,100,110,-1,,-1,w5,0,2015-09-02 00:00:00,-1,Contract,-1,-1,5305,-1,2265445,0,0,0,0,0,0,0,0,0,0,0,-1,-1,-1,0,5789,True,False,0,0,0,0,0,0
2015-08-31,2015-08-31 00:00:00,BP,Channel: 50 - Commercial,CUYAHOGA OH - BUCKEYE (PLANT 9178),PREMIUM,-1,5263,0,-1,1,0,-1,2301,0,w4,-1,0,2301,-1,5789,-1,Available,100,110,-1,,-1,w5,0,2015-09-02 00:00:00,-1,Contract,-1,-1,5305,-1,2291608,0,0,0,0,0,0,0,0,0,0,0,-1,-1,-1,0,5789,True,False,0,0,0,0,0,0
