,date,supplier_name,account_type,supplier_terminal_name,product_name,base_gallons_Daily,base_gallons_Weekly,lifted_gallons_daily_flag,lifted_gallons_daily_modified,Modified_WeeksByLiftedGallons,lifted_gallons_modified_WeeksByLiftedGallons,lifted_gallons_Daily,Lifted_actual_weekly,lifted_gallons_weekly_flag,WeeksByLiftedGallons,lifted_gallonsWeekly_modified_aposteriori,Modified_LiftedGallonsaposteriori,lifted_gallons_Weekly,beginning_gallons_Daily,beginning_gallons_Weekly,en_allocation_status_Daily,en_allocation_status_Weekly,percentage_allocation_Daily,percentage_allocation_Weekly,alerts_ratability_Daily,alerts_ratability_Weekly,next_refresh_date_Daily,Week_switch,Modified_NRD,next_refresh_date_Weekly,en_account_type_Daily,en_account_type_Weekly,NRB_Daily,next_refresh_base_gallons_Daily,next_refresh_base_gallons_Weekly,staging_id_Daily,staging_id_Weekly,base_gallons_Monthly,Lifted_actual_monthly,lifted_gallons_monthly_flag,lifted_gallons_Monthly,beginning_gallons_Monthly,en_allocation_status_Monthly,percentage_allocation_Monthly,alerts_ratability_Monthly,next_refresh_date_Monthly,NRB_Monthly,next_refresh_base_gallons_Monthly,base_gallons_Daily_Reconciled,base_gallons_Monthly_Reconciled,beginning_gallons_Daily_Reconciled,beginning_gallons_Monthly_Reconciled,beginning_gallons_Weekly_Reconciled,sanityWeekly_CumulativeDaily_WeeksByLiftedGallons,sanityWeekly_CumulativeDaily_NextRefreshDate,computedWeekly,sanityComputedWeekly,computedMonthly,sanityComputedMonthly,sanityMonthly_CumulativeDaily_WeeksByLiftedGallons,sanityMonthly_CumulativeDaily_WeeksByNextRefreshDate
2015-08-01,2015-08-01 00:00:00,BP,Channel: 50 - Commercial,SOUTH BEND IN - BUCKEYE (PLANT 9121),DIESEL,73548,514839,0,-1,0,-1,-1,-1,0,w1,-1,0,-1,110322,514839,-1,-1,100,100,-1,-1,-1,w1,1,2015-08-05 00:00:00,-1,-1,73548,-1,-1,-1,-1,0,-1,0,-1,0,-1,100,-1,-1,0,-1,110322,-1,73548,0,514839,False,False,0,0,0,0,1,1
2015-08-02,2015-08-02 00:00:00,BP,Channel: 50 - Commercial,SOUTH BEND IN - BUCKEYE (PLANT 9121),DIESEL,73548,514839,0,-1,0,-1,-1,-1,0,w1,-1,0,-1,110322,514839,-1,-1,100,100,-1,-1,-1,w1,1,2015-08-05 00:00:00,-1,-1,73548,-1,-1,-1,-1,0,-1,0,-1,0,-1,100,-1,-1,0,-1,110322,-1,73548,0,514839,False,False,0,0,0,0,0,0
2015-08-03,2015-08-03 00:00:00,BP,Channel: 50 - Commercial,SOUTH BEND IN - BUCKEYE (PLANT 9121),DIESEL,73548,514839,0,-1,0,-1,-1,-1,0,w1,-1,0,-1,110322,514839,-1,-1,100,100,-1,-1,-1,w1,1,2015-08-05 00:00:00,-1,-1,73548,-1,-1,-1,-1,0,-1,0,-1,0,-1,100,-1,-1,0,-1,110322,-1,73548,0,514839,False,False,0,0,0,0,0,0
2015-08-04,2015-08-04 00:00:00,BP,Channel: 50 - Commercial,SOUTH BEND IN - BUCKEYE (PLANT 9121),DIESEL,73548,514839,0,-1,0,-1,-1,-1,0,w1,-1,0,-1,110322,514839,-1,-1,100,100,-1,-1,-1,w1,1,2015-08-05 00:00:00,-1,-1,73548,-1,-1,-1,-1,0,-1,0,-1,0,-1,100,-1,-1,0,-1,110322,-1,73548,0,514839,False,False,0,0,0,0,0,0
2015-08-05,2015-08-05 00:00:00,BP,Channel: 50 - Commercial,SOUTH BEND IN - BUCKEYE (PLANT 9121),DIESEL,73548,514839,6,82408,0,-1,-1,-1,6,w1,-1,0,82408,110322,514839,-1,-1,100,100,-1,-1,-1,w2,1,2015-08-12 00:00:00,-1,-1,73548,-1,-1,-1,-1,0,-1,0,-1,0,-1,100,-1,-1,0,-1,110322,-1,73548,0,514839,False,True,82408,True,0,0,0,0
2015-08-06,2015-08-06 00:00:00,BP,Channel: 50 - Commercial,SOUTH BEND IN - BUCKEYE (PLANT 9121),DIESEL,73548,514839,3,60011,0,60011,60011,142419,0,w1,60011,0,142419,147096,566323,Available,Available,200,110,,,08/07 00:00:00 EDT,w2,0,2015-08-12 00:00:00,Contract,Contract,73548,73548,514839,1427193,1427194,0,0,0,0,0,0,0,0,0,0,0,73548,-1,147096,0,566323,False,True,142419,True,0,0,0,0
2015-08-07,2015-08-07 00:00:00,BP,Channel: 50 - Commercial,SOUTH BEND IN - BUCKEYE (PLANT 9121),DIESEL,73548,514839,3,96984,0,96984,96984,239403,0,w1,96984,0,239403,147096,566323,Available,Available,200,110,,,08/08 00:00:00 EDT,w2,0,2015-08-12 00:00:00,Contract,Contract,73548,73548,514839,1462918,1462919,0,0,0,0,0,0,0,0,0,0,0,73548,-1,147096,0,566323,False,True,239403,True,0,0,0,0
2015-08-08,2015-08-08 00:00:00,BP,Channel: 50 - Commercial,SOUTH BEND IN - BUCKEYE (PLANT 9121),DIESEL,73548,514839,3,74648,0,74648,74648,314051,0,w1,74648,0,314051,147096,566323,Available,Available,200,110,,,08/09 00:00:00 EDT,w2,0,2015-08-12 00:00:00,Contract,Contract,73548,73548,514839,1497205,1497206,0,0,0,0,0,0,0,0,0,0,0,73548,-1,147096,0,566323,False,True,314051,True,0,0,0,0
2015-08-09,2015-08-09 00:00:00,BP,Channel: 50 - Commercial,SOUTH BEND IN - BUCKEYE (PLANT 9121),DIESEL,73548,514839,3,67538,0,67538,67538,381589,0,w1,67538,0,381589,147096,566323,Available,Available,200,110,,,08/10 00:00:00 EDT,w2,0,2015-08-12 00:00:00,Contract,Contract,73548,73548,514839,1531146,1531147,0,0,0,0,0,0,0,0,0,0,0,73548,-1,147096,0,566323,False,True,381589,True,0,0,0,0
2015-08-10,2015-08-10 00:00:00,BP,Channel: 50 - Commercial,SOUTH BEND IN - BUCKEYE (PLANT 9121),DIESEL,73548,514839,3,90030,0,90030,90030,471619,0,w1,90030,0,471619,147096,566323,Available,Available,200,110,,,08/11 00:00:00 EDT,w2,0,2015-08-12 00:00:00,Contract,Contract,73548,73548,514839,1564254,1564255,0,0,0,0,0,0,0,0,0,0,0,73548,-1,147096,0,566323,False,True,471619,True,0,0,0,0
2015-08-11,2015-08-11 00:00:00,BP,Channel: 50 - Commercial,SOUTH BEND IN - BUCKEYE (PLANT 9121),DIESEL,73548,514839,0,60069,0,60069,60069,531688,0,w1,60069,0,531688,147096,566323,Available,Available,200,110,,,08/12 00:00:00 EDT,w2,0,2015-08-12 00:00:00,Contract,Contract,73548,73548,514839,1586387,1586388,0,0,0,0,0,0,0,0,0,0,0,73548,-1,147096,0,566323,False,True,531688,True,0,0,0,0
2015-08-12,2015-08-12 00:00:00,BP,Channel: 50 - Commercial,SOUTH BEND IN - BUCKEYE (PLANT 9121),DIESEL,73548,514839,3,90011,0,90011,90011,90011,0,w2,90011,0,90011,110322,514839,Available,Available,150,100,,,08/13 00:00:00 EDT,w3,0,2015-08-19 00:00:00,Contract,Contract,73548,73548,514839,1636494,1636495,0,0,0,0,0,0,0,0,0,0,0,73548,-1,110322,0,514839,True,True,90011,True,0,0,0,0
2015-08-13,2015-08-13 00:00:00,BP,Channel: 50 - Commercial,SOUTH BEND IN - BUCKEYE (PLANT 9121),DIESEL,73548,514839,3,52399,0,52399,52399,142410,0,w2,52399,0,142410,110322,514839,Available,Available,150,100,,,08/14 00:00:00 EDT,w3,0,2015-08-19 00:00:00,Contract,Contract,73548,73548,514839,1676427,1676428,0,0,0,0,0,0,0,0,0,0,0,73548,-1,110322,0,514839,True,True,142410,True,0,0,0,0
2015-08-14,2015-08-14 00:00:00,BP,Channel: 50 - Commercial,SOUTH BEND IN - BUCKEYE (PLANT 9121),DIESEL,73548,514839,3,59899,0,59899,59899,202309,0,w2,59899,0,202309,110322,514839,Available,Available,150,100,,,08/15 00:00:00 EDT,w3,0,2015-08-19 00:00:00,Contract,Contract,73548,73548,514839,1716036,1716037,0,0,0,0,0,0,0,0,0,0,0,73548,-1,110322,0,514839,True,True,202309,True,0,0,0,0
2015-08-15,2015-08-15 00:00:00,BP,Channel: 50 - Commercial,SOUTH BEND IN - BUCKEYE (PLANT 9121),DIESEL,73548,514839,3,22213,0,22213,22213,224522,0,w2,22213,0,224522,110322,514839,Available,Available,150,100,,,08/16 00:00:00 EDT,w3,0,2015-08-19 00:00:00,Contract,Contract,73548,73548,514839,1752200,1752201,0,0,0,0,0,0,0,0,0,0,0,73548,-1,110322,0,514839,True,True,224522,True,0,0,0,0
2015-08-16,2015-08-16 00:00:00,BP,Channel: 50 - Commercial,SOUTH BEND IN - BUCKEYE (PLANT 9121),DIESEL,73548,514839,3,22099,0,22099,22099,246621,0,w2,22099,0,246621,110322,514839,Available,Available,150,100,,,08/17 00:00:00 EDT,w3,0,2015-08-19 00:00:00,Contract,Contract,73548,73548,514839,1790153,1790154,0,0,0,0,0,0,0,0,0,0,0,73548,-1,110322,0,514839,True,True,246621,True,0,0,0,0
2015-08-17,2015-08-17 00:00:00,BP,Channel: 50 - Commercial,SOUTH BEND IN - BUCKEYE (PLANT 9121),DIESEL,73548,514839,3,67209,0,67209,67209,313830,0,w2,67209,0,313830,110322,514839,Available,Available,150,100,,,08/18 00:00:00 EDT,w3,0,2015-08-19 00:00:00,Contract,Contract,73548,73548,514839,1831166,1831167,0,0,0,0,0,0,0,0,0,0,0,73548,-1,110322,0,514839,True,True,313830,True,0,0,0,0
2015-08-18,2015-08-18 00:00:00,BP,Channel: 50 - Commercial,SOUTH BEND IN - BUCKEYE (PLANT 9121),DIESEL,73548,514839,0,111870,0,111870,111870,425700,0,w2,111870,0,425700,110322,566323,Out,Out,150,110,,,08/19 00:00:00 EDT,w3,0,2015-08-19 00:00:00,Contract,Contract,73548,73548,514839,1869564,1869565,0,0,0,0,0,0,0,0,0,0,0,73548,-1,110322,0,566323,True,True,425700,True,0,0,0,0
2015-08-19,2015-08-19 00:00:00,BP,Channel: 50 - Commercial,SOUTH BEND IN - BUCKEYE (PLANT 9121),DIESEL,73548,514839,3,60103,0,52599,52599,52599,0,w3,52599,0,52599,110322,566323,Available,Available,150,110,,,08/20 00:00:00 EDT,w4,0,2015-08-26 00:00:00,Contract,Contract,73548,73548,514839,1902063,1902064,0,0,0,0,0,0,0,0,0,0,0,73548,-1,110322,0,566323,True,False,60103,True,0,0,0,0
2015-08-20,2015-08-20 00:00:00,BP,Channel: 50 - Commercial,SOUTH BEND IN - BUCKEYE (PLANT 9121),DIESEL,73548,514839,3,82549,1,90053,82549,142652,0,w3,82549,0,142652,110322,566323,Available,Available,150,110,,,08/21 00:00:00 EDT,w4,0,2015-08-26 00:00:00,Contract,Contract,73548,73548,514839,1944668,1944669,0,0,0,0,0,0,0,0,0,0,0,73548,-1,110322,0,566323,True,True,142652,True,0,0,0,0
2015-08-21,2015-08-21 00:00:00,BP,Channel: 50 - Commercial,SOUTH BEND IN - BUCKEYE (PLANT 9121),DIESEL,73548,514839,3,59808,0,59808,59808,202460,0,w3,59808,0,202460,110322,566323,Available,Available,150,110,,,08/22 00:00:00 EDT,w4,0,2015-08-26 00:00:00,Contract,Contract,73548,73548,514839,1983511,1983512,0,0,0,0,0,0,0,0,0,0,0,73548,-1,110322,0,566323,True,True,202460,True,0,0,0,0
2015-08-22,2015-08-22 00:00:00,BP,Channel: 50 - Commercial,SOUTH BEND IN - BUCKEYE (PLANT 9121),DIESEL,73548,514839,3,51967,0,51967,51967,254427,0,w3,51967,0,254427,110322,566323,Available,Available,150,110,,,08/23 00:00:00 EDT,w4,0,2015-08-26 00:00:00,Contract,Contract,73548,73548,514839,2021398,2021399,0,0,0,0,0,0,0,0,0,0,0,73548,-1,110322,0,566323,True,True,254427,True,0,0,0,0
2015-08-23,2015-08-23 00:00:00,BP,Channel: 50 - Commercial,SOUTH BEND IN - BUCKEYE (PLANT 9121),DIESEL,73548,514839,3,14700,0,14700,14700,269127,0,w3,14700,0,269127,110322,566323,Available,Available,150,110,,,08/24 00:00:00 EDT,w4,0,2015-08-26 00:00:00,Contract,Contract,73548,73548,514839,2057433,2057434,0,0,0,0,0,0,0,0,0,0,0,73548,-1,110322,0,566323,True,True,269127,True,0,0,0,0
2015-08-24,2015-08-24 00:00:00,BP,Channel: 50 - Commercial,SOUTH BEND IN - BUCKEYE (PLANT 9121),DIESEL,73548,514839,3,59995,0,59995,59995,329122,0,w3,59995,0,329122,110322,566323,Available,Available,150,110,,,08/25 00:00:00 EDT,w4,0,2015-08-26 00:00:00,Contract,Contract,73548,73548,514839,2095066,2095067,0,0,0,0,0,0,0,0,0,0,0,73548,-1,110322,0,566323,True,True,329122,True,0,0,0,0
2015-08-25,2015-08-25 00:00:00,BP,Channel: 50 - Commercial,SOUTH BEND IN - BUCKEYE (PLANT 9121),DIESEL,73548,514839,0,67615,0,67615,67615,396737,0,w3,67615,0,396737,147096,566323,Available,Available,200,110,,,08/26 00:00:00 EDT,w4,0,2015-08-26 00:00:00,Contract,Contract,73548,73548,514839,2126190,2126191,0,0,0,0,0,0,0,0,0,0,0,73548,-1,147096,0,566323,True,True,396737,True,0,0,0,0
2015-08-26,2015-08-26 00:00:00,BP,Channel: 50 - Commercial,SOUTH BEND IN - BUCKEYE (PLANT 9121),DIESEL,73548,514839,3,67306,0,67306,67306,67306,0,w4,67306,0,67306,147096,566323,Available,Available,200,110,,,08/27 00:00:00 EDT,w5,0,2015-09-02 00:00:00,Contract,Contract,73548,73548,532000,2153777,2153778,0,0,0,0,0,0,0,0,0,0,0,73548,-1,147096,0,566323,True,True,67306,True,0,0,0,0
2015-08-27,2015-08-27 00:00:00,BP,Channel: 50 - Commercial,SOUTH BEND IN - BUCKEYE (PLANT 9121),DIESEL,73548,514839,3,82251,0,82251,82251,149557,0,w4,82251,0,149557,147096,566323,Available,Available,200,110,,,08/28 00:00:00 EDT,w5,0,2015-09-02 00:00:00,Contract,Contract,73548,73548,532000,2180982,2180983,0,0,0,0,0,0,0,0,0,0,0,73548,-1,147096,0,566323,True,True,149557,True,0,0,0,0
2015-08-28,2015-08-28 00:00:00,BP,Channel: 50 - Commercial,SOUTH BEND IN - BUCKEYE (PLANT 9121),DIESEL,73548,514839,3,67262,0,67262,67262,216819,0,w4,67262,0,216819,147096,566323,Available,Available,200,110,,,08/29 00:00:00 EDT,w5,0,2015-09-02 00:00:00,Contract,Contract,73548,73548,532000,2211920,2211921,0,0,0,0,0,0,0,0,0,0,0,73548,-1,147096,0,566323,True,True,216819,True,0,0,0,0
2015-08-29,2015-08-29 00:00:00,BP,Channel: 50 - Commercial,SOUTH BEND IN - BUCKEYE (PLANT 9121),DIESEL,73548,514839,3,89691,0,89691,89691,306510,0,w4,89691,0,306510,147096,566323,Available,Available,200,110,,,08/30 00:00:00 EDT,w5,0,2015-09-02 00:00:00,Contract,Contract,73548,73548,532000,2239069,2239070,0,0,0,0,0,0,0,0,0,0,0,73548,-1,147096,0,566323,True,True,306510,True,0,0,0,0
2015-08-30,2015-08-30 00:00:00,BP,Channel: 50 - Commercial,SOUTH BEND IN - BUCKEYE (PLANT 9121),DIESEL,73548,514839,3,81977,0,81977,81977,388487,0,w4,81977,0,388487,147096,566323,Available,Available,200,110,,,08/31 00:00:00 EDT,w5,0,2015-09-02 00:00:00,Contract,Contract,73548,73548,532000,2265466,2265467,0,0,0,0,0,0,0,0,0,0,0,73548,-1,147096,0,566323,True,True,388487,True,0,0,0,0
2015-08-31,2015-08-31 00:00:00,BP,Channel: 50 - Commercial,SOUTH BEND IN - BUCKEYE (PLANT 9121),DIESEL,73548,514839,0,45004,0,45004,45004,433491,0,w4,45004,0,433491,147096,566323,Available,Available,200,110,,,09/01 00:00:00 EDT,w5,0,2015-09-02 00:00:00,Contract,Contract,73548,73548,532000,2291629,2291630,0,0,0,0,0,0,0,0,0,0,0,73548,-1,147096,0,566323,True,True,433491,True,0,0,0,0
