,date,supplier_name,account_type,supplier_terminal_name,product_name,base_gallons_Daily,base_gallons_Monthly,base_gallons_Weekly,lifted_gallons_daily_flag,lifted_gallons_daily_modified,Modified_WeeksByLiftedGallons,lifted_gallons_modified_WeeksByLiftedGallons,lifted_gallons_Daily,Lifted_actual_monthly,lifted_gallons_monthly_flag,lifted_gallons_Monthly,Lifted_actual_weekly,lifted_gallons_weekly_flag,WeeksByLiftedGallons,lifted_gallonsWeekly_modified_aposteriori,Modified_LiftedGallonsaposteriori,lifted_gallons_Weekly,beginning_gallons_Daily,beginning_gallons_Monthly,beginning_gallons_Weekly,en_allocation_status_Daily,en_allocation_status_Monthly,en_allocation_status_Weekly,percentage_allocation_Daily,percentage_allocation_Monthly,percentage_allocation_Weekly,alerts_ratability_Daily,alerts_ratability_Monthly,alerts_ratability_Weekly,next_refresh_date_Daily,next_refresh_date_Monthly,Week_switch,Modified_NRD,next_refresh_date_Weekly,en_account_type_Daily,en_account_type_Monthly,en_account_type_Weekly,NRB_Daily,next_refresh_base_gallons_Daily,NRB_Monthly,next_refresh_base_gallons_Monthly,next_refresh_base_gallons_Weekly,staging_id_Daily,staging_id_Monthly,staging_id_Weekly,base_gallons_Daily_Reconciled,base_gallons_Monthly_Reconciled,base_gallons_Weekly_Reconciled,beginning_gallons_Daily_Reconciled,beginning_gallons_Monthly_Reconciled,beginning_gallons_Weekly_Reconciled,sanityWeekly_CumulativeDaily_WeeksByLiftedGallons,sanityWeekly_CumulativeDaily_NextRefreshDate,computedWeekly,sanityComputedWeekly,computedMonthly,sanityComputedMonthly,sanityMonthly_CumulativeDaily_WeeksByLiftedGallons,sanityMonthly_CumulativeDaily_WeeksByNextRefreshDate
2015-06-01,2015-06-01 00:00:00,Exxon,PILOT TRAVEL CENTERS LLC 103637 IW,BATON ROUGE LA (MOC) - 00CE,Reg CG DS,9017,-1,63120,0,-1,0,-1,-1,-1,0,-1,-1,0,w1,-1,0,-1,13526,-1,88368,-1,-1,-1,100,100,100,-1,-1,-1,-1,-1,w1,1,2015-06-04 00:00:00,-1,-1,-1,9017,-1,-1,-1,-1,-1,-1,-1,13526,-1,88368,9017,-1,63120,True,True,0,0,0,0,1,1
2015-06-02,2015-06-02 00:00:00,Exxon,PILOT TRAVEL CENTERS LLC 103637 IW,BATON ROUGE LA (MOC) - 00CE,Reg CG DS,9017,-1,63120,3,7800,0,7800,7800,-1,0,-1,58102,0,w1,7800,0,58102,13526,-1,88368,Available,-1,Available,150,100,140,Above Trend,-1,On Track,06/03 00:00:00 CDT,-1,w1,0,2015-06-04 00:00:00,Contract,-1,Contract,9017,9017,-1,-1,63120,257,-1,258,9017,-1,63120,13526,-1,88368,False,False,0,0,0,0,0,0
2015-06-03,2015-06-03 00:00:00,Exxon,PILOT TRAVEL CENTERS LLC 103637 IW,BATON ROUGE LA (MOC) - 00CE,Reg CG DS,9017,-1,63120,0,0,0,0,0,-1,0,-1,58102,0,w1,0,0,58102,13526,-1,88368,Available,-1,Available,150,100,140,Below Trend,-1,Below Trend,06/04 00:00:00 CDT,-1,w1,0,2015-06-04 00:00:00,Contract,-1,Contract,9017,9017,-1,-1,63120,5970,-1,5971,9017,-1,63120,13526,-1,88368,False,False,0,0,0,0,0,0
2015-06-04,2015-06-04 00:00:00,Exxon,PILOT TRAVEL CENTERS LLC 103637 IW,BATON ROUGE LA (MOC) - 00CE,Reg CG DS,9017,-1,63120,3,8900,0,8900,8900,-1,0,-1,8900,0,w2,8900,0,8900,13526,-1,88368,Available,-1,Available,150,100,140,Above Trend,-1,Above Trend,06/05 00:00:00 CDT,-1,w2,0,2015-06-11 00:00:00,Contract,-1,Contract,9017,9017,-1,-1,63120,8683,-1,8684,9017,-1,63120,13526,-1,88368,True,True,0,0,0,0,0,0
2015-06-05,2015-06-05 00:00:00,Exxon,PILOT TRAVEL CENTERS LLC 103637 IW,BATON ROUGE LA (MOC) - 00CE,Reg CG DS,9017,-1,63120,0,0,0,0,0,-1,0,-1,8900,0,w2,0,0,8900,13526,-1,88368,Available,-1,Available,150,100,140,Below Trend,-1,Below Trend,06/06 00:00:00 CDT,-1,w2,0,2015-06-11 00:00:00,Contract,-1,Contract,9017,9017,-1,-1,63120,12578,-1,12579,9017,-1,63120,13526,-1,88368,True,True,0,0,0,0,0,0
2015-06-06,2015-06-06 00:00:00,Exxon,PILOT TRAVEL CENTERS LLC 103637 IW,BATON ROUGE LA (MOC) - 00CE,Reg CG DS,9017,-1,63120,0,-1,0,-1,-1,-1,0,-1,-1,0,w3,-1,0,-1,13526,-1,88368,-1,-1,-1,100,100,100,-1,-1,-1,-1,-1,w2,1,2015-06-11 00:00:00,-1,-1,-1,9017,-1,-1,-1,-1,-1,-1,-1,13526,-1,88368,9017,-1,63120,True,False,0,0,0,0,0,0
2015-06-07,2015-06-07 00:00:00,Exxon,PILOT TRAVEL CENTERS LLC 103637 IW,BATON ROUGE LA (MOC) - 00CE,Reg CG DS,9017,-1,63120,0,-1,0,-1,-1,-1,0,-1,-1,0,w3,-1,0,-1,13526,-1,88368,-1,-1,-1,100,100,100,-1,-1,-1,-1,-1,w2,1,2015-06-11 00:00:00,-1,-1,-1,9017,-1,-1,-1,-1,-1,-1,-1,13526,-1,88368,9017,-1,63120,False,False,0,0,0,0,0,0
2015-06-08,2015-06-08 00:00:00,Exxon,PILOT TRAVEL CENTERS LLC 103637 IW,BATON ROUGE LA (MOC) - 00CE,Reg CG DS,9017,-1,63120,3,7800,0,0,0,-1,0,-1,25720,0,w3,0,0,25720,13526,-1,88368,Available,-1,Available,150,100,140,Below Trend,-1,Below Trend,06/08 00:00:00 CDT,-1,w2,0,2015-06-11 00:00:00,Contract,-1,Contract,9017,9017,-1,-1,63120,15195,-1,15196,9017,-1,63120,13526,-1,88368,False,False,0,0,0,0,0,0
2015-06-09,2015-06-09 00:00:00,Exxon,PILOT TRAVEL CENTERS LLC 103637 IW,BATON ROUGE LA (MOC) - 00CE,Reg CG DS,9017,-1,63120,3,7800,1,15600,7800,-1,0,-1,41320,0,w3,7800,0,41320,13526,-1,88368,Available,-1,Available,150,100,140,Above Trend,-1,Below Trend,06/10 00:00:00 CDT,-1,w2,0,2015-06-11 00:00:00,Contract,-1,Contract,9017,9017,-1,-1,63120,17937,-1,17938,9017,-1,63120,13526,-1,88368,False,False,0,0,0,0,0,0
2015-06-10,2015-06-10 00:00:00,Exxon,PILOT TRAVEL CENTERS LLC 103637 IW,BATON ROUGE LA (MOC) - 00CE,Reg CG DS,9017,-1,63120,0,0,0,0,0,-1,0,-1,41320,0,w3,0,0,41320,13526,-1,88368,Available,-1,Available,150,100,140,Below Trend,-1,Below Trend,06/11 00:00:00 CDT,-1,w2,0,2015-06-11 00:00:00,Contract,-1,Contract,9017,9017,-1,-1,63120,20808,-1,20809,9017,-1,63120,13526,-1,88368,False,False,0,0,0,0,0,0
2015-06-11,2015-06-11 00:00:00,Exxon,PILOT TRAVEL CENTERS LLC 103637 IW,BATON ROUGE LA (MOC) - 00CE,Reg CG DS,9017,-1,63120,0,0,0,0,0,-1,0,-1,0,0,w4,0,0,0,13526,-1,88368,Available,-1,Available,150,100,140,Below Trend,-1,Below Trend,06/12 00:00:00 CDT,-1,w3,0,2015-06-18 00:00:00,Contract,-1,Contract,9017,9017,-1,-1,63120,22275,-1,22276,9017,-1,63120,13526,-1,88368,True,True,0,True,0,0,0,0
2015-06-12,2015-06-12 00:00:00,Exxon,PILOT TRAVEL CENTERS LLC 103637 IW,BATON ROUGE LA (MOC) - 00CE,Reg CG DS,9017,-1,63120,4,16900,0,-1,-1,-1,0,-1,-1,4,w5,-1,0,16900,13526,-1,88368,-1,-1,-1,100,100,100,-1,-1,-1,-1,-1,w3,1,2015-06-18 00:00:00,-1,-1,-1,9017,-1,-1,-1,-1,-1,-1,-1,13526,-1,88368,9017,-1,63120,True,True,16900,True,0,0,0,0
2015-06-13,2015-06-13 00:00:00,Exxon,PILOT TRAVEL CENTERS LLC 103637 IW,BATON ROUGE LA (MOC) - 00CE,Reg CG DS,9017,-1,63120,3,8000,0,8000,8000,-1,0,-1,24900,0,w5,8000,0,24900,13526,-1,88368,Available,-1,Available,150,100,140,Below Trend,-1,Below Trend,06/14 00:00:00 CDT,-1,w3,0,2015-06-18 00:00:00,Contract,-1,Contract,9017,9017,-1,-1,63120,51139,-1,51140,9017,-1,63120,13526,-1,88368,False,True,24900,True,0,0,0,0
2015-06-14,2015-06-14 00:00:00,Exxon,PILOT TRAVEL CENTERS LLC 103637 IW,BATON ROUGE LA (MOC) - 00CE,Reg CG DS,9017,-1,63120,3,14500,0,14500,14500,-1,0,-1,39400,0,w5,14500,0,39400,13526,-1,88368,Out,-1,Out,150,100,140,On Track,-1,Below Trend,06/15 00:00:00 CDT,-1,w3,0,2015-06-18 00:00:00,Contract,-1,Contract,9017,9017,-1,-1,63120,70923,-1,70924,9017,-1,63120,13526,-1,88368,False,True,39400,True,0,0,0,0
2015-06-15,2015-06-15 00:00:00,Exxon,PILOT TRAVEL CENTERS LLC 103637 IW,BATON ROUGE LA (MOC) - 00CE,Reg CG DS,9017,-1,63120,3,9000,0,9000,9000,-1,0,-1,48400,0,w5,9000,0,48400,13526,-1,88368,Available,-1,Available,150,100,140,Below Trend,-1,Below Trend,06/16 00:00:00 CDT,-1,w3,0,2015-06-18 00:00:00,Contract,-1,Contract,9017,9017,-1,-1,63120,100206,-1,100207,9017,-1,63120,13526,-1,88368,False,True,48400,True,0,0,0,0
2015-06-16,2015-06-16 00:00:00,Exxon,PILOT TRAVEL CENTERS LLC 103637 IW,BATON ROUGE LA (MOC) - 00CE,Reg CG DS,9017,-1,63120,3,15400,0,15400,15400,-1,0,-1,63800,0,w5,15400,0,63800,13526,-1,88368,Out,-1,Out,150,100,140,On Track,-1,On Track,06/17 00:00:00 CDT,-1,w3,0,2015-06-18 00:00:00,Contract,-1,Contract,9017,9017,-1,-1,63120,122071,-1,122072,9017,-1,63120,13526,-1,88368,False,True,63800,True,0,0,0,0
2015-06-17,2015-06-17 00:00:00,Exxon,PILOT TRAVEL CENTERS LLC 103637 IW,BATON ROUGE LA (MOC) - 00CE,Reg CG DS,9017,-1,63120,0,18201,0,18201,18201,-1,0,-1,82001,0,w5,18201,0,82001,13526,-1,88368,Out,-1,Out,150,100,140,Above Trend,-1,On Track,06/18 00:00:00 CDT,-1,w3,0,2015-06-18 00:00:00,Contract,-1,Contract,9017,9017,-1,-1,63120,140678,-1,140679,9017,-1,63120,13526,-1,88368,False,True,82001,True,0,0,0,0
2015-06-18,2015-06-18 00:00:00,Exxon,PILOT TRAVEL CENTERS LLC 103637 IW,BATON ROUGE LA (MOC) - 00CE,Reg CG DS,9017,-1,63120,3,0,0,0,0,-1,0,-1,0,0,w6,0,0,0,13526,-1,88368,Available,-1,Available,150,100,140,Below Trend,-1,Below Trend,06/19 00:00:00 CDT,-1,w4,0,2015-06-25 00:00:00,Contract,-1,Contract,9017,9017,-1,-1,63120,159413,-1,159414,9017,-1,63120,13526,-1,88368,True,True,0,True,0,0,0,0
2015-06-19,2015-06-19 00:00:00,Exxon,PILOT TRAVEL CENTERS LLC 103637 IW,BATON ROUGE LA (MOC) - 00CE,Reg CG DS,9017,-1,63120,3,17900,0,17900,17900,-1,0,-1,17900,0,w6,17900,0,17900,13526,-1,88368,Out,-1,Out,150,100,140,Above Trend,-1,Below Trend,06/20 00:00:00 CDT,-1,w4,0,2015-06-25 00:00:00,Contract,-1,Contract,9017,9017,-1,-1,63120,176103,-1,176104,9017,-1,63120,13526,-1,88368,True,True,17900,True,0,0,0,0
2015-06-20,2015-06-20 00:00:00,Exxon,PILOT TRAVEL CENTERS LLC 103637 IW,BATON ROUGE LA (MOC) - 00CE,Reg CG DS,9017,-1,63120,3,18000,0,18000,18000,-1,0,-1,35900,0,w6,18000,0,35900,13526,-1,88368,Out,-1,Out,150,100,140,Above Trend,-1,On Track,06/21 00:00:00 CDT,-1,w4,0,2015-06-25 00:00:00,Contract,-1,Contract,9017,9017,-1,-1,63120,190599,-1,190600,9017,-1,63120,13526,-1,88368,True,True,35900,True,0,0,0,0
2015-06-21,2015-06-21 00:00:00,Exxon,PILOT TRAVEL CENTERS LLC 103637 IW,BATON ROUGE LA (MOC) - 00CE,Reg CG DS,9017,-1,63120,3,9000,0,9000,9000,-1,0,-1,44900,0,w6,9000,0,44900,13526,-1,88368,Available,-1,Available,150,100,140,Below Trend,-1,On Track,06/22 00:00:00 CDT,-1,w4,0,2015-06-25 00:00:00,Contract,-1,Contract,9017,9017,-1,-1,63120,216014,-1,216015,9017,-1,63120,13526,-1,88368,True,True,44900,True,0,0,0,0
2015-06-22,2015-06-22 00:00:00,Exxon,PILOT TRAVEL CENTERS LLC 103637 IW,BATON ROUGE LA (MOC) - 00CE,Reg CG DS,9017,-1,63120,3,0,0,0,0,-1,0,-1,44900,0,w6,0,0,44900,13526,-1,88368,Available,-1,Available,150,100,140,Below Trend,-1,Below Trend,06/23 00:00:00 CDT,-1,w4,0,2015-06-25 00:00:00,Contract,-1,Contract,9017,9017,-1,-1,63120,238675,-1,238676,9017,-1,63120,13526,-1,88368,True,True,44900,True,0,0,0,0
2015-06-23,2015-06-23 00:00:00,Exxon,PILOT TRAVEL CENTERS LLC 103637 IW,BATON ROUGE LA (MOC) - 00CE,Reg CG DS,9017,-1,63120,3,9000,0,9000,9000,-1,0,-1,53900,0,w6,9000,0,53900,13526,-1,88368,Available,-1,Available,150,100,140,Below Trend,-1,Below Trend,06/24 00:00:00 CDT,-1,w4,0,2015-06-25 00:00:00,Contract,-1,Contract,9017,9017,-1,-1,63120,276416,-1,276417,9017,-1,63120,13526,-1,88368,True,True,53900,True,0,0,0,0
2015-06-24,2015-06-24 00:00:00,Exxon,PILOT TRAVEL CENTERS LLC 103637 IW,BATON ROUGE LA (MOC) - 00CE,Reg CG DS,9017,-1,63120,0,9000,0,9000,9000,-1,0,-1,62900,0,w6,9000,0,62900,13526,-1,88368,Available,-1,Available,150,100,140,Below Trend,-1,Below Trend,06/25 00:00:00 CDT,-1,w4,0,2015-06-25 00:00:00,Contract,-1,Contract,9017,9017,-1,-1,63120,307002,-1,307003,9017,-1,63120,13526,-1,88368,True,True,62900,True,0,0,0,0
2015-06-25,2015-06-25 00:00:00,Exxon,PILOT TRAVEL CENTERS LLC 103637 IW,BATON ROUGE LA (MOC) - 00CE,Reg CG DS,9017,-1,63120,3,16800,0,16800,16800,-1,0,-1,16800,0,w7,16800,0,16800,13526,-1,88368,Out,-1,Out,150,100,140,Above Trend,-1,Above Trend,06/26 00:00:00 CDT,-1,w5,0,2015-07-02 00:00:00,Contract,-1,Contract,9017,9017,-1,-1,63120,338428,-1,338429,9017,-1,63120,13526,-1,88368,True,True,16800,True,0,0,0,0
2015-06-26,2015-06-26 00:00:00,Exxon,PILOT TRAVEL CENTERS LLC 103637 IW,BATON ROUGE LA (MOC) - 00CE,Reg CG DS,9017,-1,63120,3,8000,0,8000,8000,-1,0,-1,24800,0,w7,8000,0,24800,13526,-1,88368,Available,-1,Available,150,100,140,Below Trend,-1,On Track,06/27 00:00:00 CDT,-1,w5,0,2015-07-02 00:00:00,Contract,-1,Contract,9017,9017,-1,-1,63120,367744,-1,367745,9017,-1,63120,13526,-1,88368,True,True,24800,True,0,0,0,0
2015-06-27,2015-06-27 00:00:00,Exxon,PILOT TRAVEL CENTERS LLC 103637 IW,BATON ROUGE LA (MOC) - 00CE,Reg CG DS,9017,-1,63120,3,16800,0,16800,16800,-1,0,-1,41600,0,w7,16800,0,41600,13526,-1,88368,Out,-1,Out,150,100,140,Above Trend,-1,On Track,06/28 00:00:00 CDT,-1,w5,0,2015-07-02 00:00:00,Contract,-1,Contract,9017,9017,-1,-1,63120,393009,-1,393010,9017,-1,63120,13526,-1,88368,True,True,41600,True,0,0,0,0
2015-06-28,2015-06-28 00:00:00,Exxon,PILOT TRAVEL CENTERS LLC 103637 IW,BATON ROUGE LA (MOC) - 00CE,Reg CG DS,9017,-1,63120,3,14400,0,14400,14400,-1,0,-1,56000,0,w7,14400,0,56000,13526,-1,88368,Out,-1,Out,150,100,140,On Track,-1,On Track,06/29 00:00:00 CDT,-1,w5,0,2015-07-02 00:00:00,Contract,-1,Contract,9017,9017,-1,-1,63120,419060,-1,419061,9017,-1,63120,13526,-1,88368,True,True,56000,True,0,0,0,0
2015-06-29,2015-06-29 00:00:00,Exxon,PILOT TRAVEL CENTERS LLC 103637 IW,BATON ROUGE LA (MOC) - 00CE,Reg CG DS,9017,-1,63120,3,16501,0,16501,16501,-1,0,-1,72501,0,w7,16501,0,72501,13526,-1,88368,Out,-1,Out,150,100,140,Above Trend,-1,On Track,06/30 00:00:00 CDT,-1,w5,0,2015-07-02 00:00:00,Contract,-1,Contract,9017,9017,-1,-1,57874,449875,-1,449876,9017,-1,63120,13526,-1,88368,True,True,72501,True,0,0,0,0
2015-06-30,2015-06-30 00:00:00,Exxon,PILOT TRAVEL CENTERS LLC 103637 IW,BATON ROUGE LA (MOC) - 00CE,Reg CG DS,9017,-1,63120,0,16801,0,16801,16801,-1,0,-1,89302,0,w7,16801,0,89302,13526,-1,88368,Out,-1,Out,150,100,140,Above Trend,-1,On Track,07/01 00:00:00 CDT,-1,w5,0,2015-07-02 00:00:00,Contract,-1,Contract,9017,9017,-1,-1,57874,476540,-1,476541,9017,-1,63120,13526,-1,88368,True,True,89302,True,0,0,0,0
