,date,supplier_name,account_type,supplier_terminal_name,product_name,base_gallons_Daily,base_gallons_Monthly,base_gallons_Weekly,lifted_gallons_daily_flag,lifted_gallons_daily_modified,Modified_WeeksByLiftedGallons,lifted_gallons_modified_WeeksByLiftedGallons,lifted_gallons_Daily,Lifted_actual_monthly,lifted_gallons_monthly_flag,lifted_gallons_Monthly,Lifted_actual_weekly,lifted_gallons_weekly_flag,WeeksByLiftedGallons,lifted_gallonsWeekly_modified_aposteriori,Modified_LiftedGallonsaposteriori,lifted_gallons_Weekly,beginning_gallons_Daily,beginning_gallons_Monthly,beginning_gallons_Weekly,en_allocation_status_Daily,en_allocation_status_Monthly,en_allocation_status_Weekly,percentage_allocation_Daily,percentage_allocation_Monthly,percentage_allocation_Weekly,alerts_ratability_Daily,alerts_ratability_Monthly,alerts_ratability_Weekly,next_refresh_date_Daily,next_refresh_date_Monthly,Week_switch,Modified_NRD,next_refresh_date_Weekly,en_account_type_Daily,en_account_type_Monthly,en_account_type_Weekly,NRB_Daily,next_refresh_base_gallons_Daily,NRB_Monthly,next_refresh_base_gallons_Monthly,next_refresh_base_gallons_Weekly,staging_id_Daily,staging_id_Monthly,staging_id_Weekly,base_gallons_Daily_Reconciled,base_gallons_Monthly_Reconciled,base_gallons_Weekly_Reconciled,beginning_gallons_Daily_Reconciled,beginning_gallons_Monthly_Reconciled,beginning_gallons_Weekly_Reconciled,sanityWeekly_CumulativeDaily_WeeksByLiftedGallons,sanityWeekly_CumulativeDaily_NextRefreshDate,computedWeekly,sanityComputedWeekly,computedMonthly,sanityComputedMonthly,sanityMonthly_CumulativeDaily_WeeksByLiftedGallons,sanityMonthly_CumulativeDaily_WeeksByNextRefreshDate
2015-06-01,2015-06-01 00:00:00,Exxon,PILOT TRAVEL CENTERS LLC 103637 IW,COLTON CA KM TP - 00WM,Premium Conventional / E10,1642,-1,17864,0,-1,0,-1,-1,-1,0,-1,-1,0,w1,-1,0,-1,2463,-1,25010,-1,-1,-1,100,100,100,-1,-1,-1,-1,-1,w1,1,2015-06-04 00:00:00,-1,-1,-1,2552,-1,-1,-1,-1,-1,-1,-1,2463,-1,25010,1642,-1,17864,True,True,0,0,0,0,1,1
2015-06-02,2015-06-02 00:00:00,Exxon,PILOT TRAVEL CENTERS LLC 103637 IW,COLTON CA KM TP - 00WM,Premium Conventional / E10,2552,-1,17864,3,1001,0,0,0,-1,0,-1,15625,0,w1,0,0,15625,3828,-1,25010,Available,-1,Available,150,100,140,Below Trend,-1,On Track,06/03 00:00:00 PDT,-1,w1,0,2015-06-04 00:00:00,Contract,-1,Contract,2552,2552,-1,-1,17864,261,-1,262,2552,-1,17864,3828,-1,25010,False,False,0,0,0,0,1,0
2015-06-03,2015-06-03 00:00:00,Exxon,PILOT TRAVEL CENTERS LLC 103637 IW,COLTON CA KM TP - 00WM,Premium Conventional / E10,2552,-1,17864,0,800,1,1801,800,-1,0,-1,17426,0,w1,800,0,17426,3828,-1,25010,Available,-1,Available,150,100,140,On Track,-1,Below Trend,06/04 00:00:00 PDT,-1,w1,0,2015-06-04 00:00:00,Contract,-1,Contract,2552,2552,-1,-1,17864,5974,-1,5975,2552,-1,17864,3828,-1,25010,False,False,0,0,0,0,0,0
2015-06-04,2015-06-04 00:00:00,Exxon,PILOT TRAVEL CENTERS LLC 103637 IW,COLTON CA KM TP - 00WM,Premium Conventional / E10,2552,-1,17864,3,1210,0,0,0,-1,0,-1,0,0,w2,0,0,0,3828,-1,25010,Available,-1,Available,150,100,140,Below Trend,-1,Below Trend,06/05 00:00:00 PDT,-1,w2,0,2015-06-11 00:00:00,Contract,-1,Contract,2552,2552,-1,-1,17864,8687,-1,8688,2552,-1,17864,3828,-1,25010,True,False,0,0,0,0,0,0
2015-06-05,2015-06-05 00:00:00,Exxon,PILOT TRAVEL CENTERS LLC 103637 IW,COLTON CA KM TP - 00WM,Premium Conventional / E10,2552,-1,17864,0,0,1,1210,0,-1,0,-1,1210,0,w2,0,0,1210,3828,-1,25010,Available,-1,Available,150,100,140,Below Trend,-1,Below Trend,06/06 00:00:00 PDT,-1,w2,0,2015-06-11 00:00:00,Contract,-1,Contract,1642,2552,-1,-1,17864,12582,-1,12583,2552,-1,17864,3828,-1,25010,True,True,0,0,0,0,0,0
2015-06-06,2015-06-06 00:00:00,Exxon,PILOT TRAVEL CENTERS LLC 103637 IW,COLTON CA KM TP - 00WM,Premium Conventional / E10,1642,-1,17864,0,-1,0,-1,-1,-1,0,-1,-1,0,w3,-1,0,-1,2463,-1,25010,-1,-1,-1,100,100,100,-1,-1,-1,-1,-1,w2,1,2015-06-11 00:00:00,-1,-1,-1,1642,-1,-1,-1,-1,-1,-1,-1,2463,-1,25010,1642,-1,17864,True,False,0,0,0,0,0,0
2015-06-07,2015-06-07 00:00:00,Exxon,PILOT TRAVEL CENTERS LLC 103637 IW,COLTON CA KM TP - 00WM,Premium Conventional / E10,1642,-1,17864,0,-1,0,-1,-1,-1,0,-1,-1,0,w3,-1,0,-1,2463,-1,25010,-1,-1,-1,100,100,100,-1,-1,-1,-1,-1,w2,1,2015-06-11 00:00:00,-1,-1,-1,2552,-1,-1,-1,-1,-1,-1,-1,2463,-1,25010,1642,-1,17864,False,False,0,0,0,0,0,0
2015-06-08,2015-06-08 00:00:00,Exxon,PILOT TRAVEL CENTERS LLC 103637 IW,COLTON CA KM TP - 00WM,Premium Conventional / E10,2552,-1,17864,3,5800,0,4600,4600,-1,0,-1,10915,0,w3,4600,0,10915,3828,-1,25010,Out,-1,Out,150,100,140,Above Trend,-1,Below Trend,06/08 00:00:00 PDT,-1,w2,0,2015-06-11 00:00:00,Contract,-1,Contract,2552,2552,-1,-1,17864,15199,-1,15200,2552,-1,17864,3828,-1,25010,False,False,0,0,0,0,0,0
2015-06-09,2015-06-09 00:00:00,Exxon,PILOT TRAVEL CENTERS LLC 103637 IW,COLTON CA KM TP - 00WM,Premium Conventional / E10,2552,-1,17864,3,0,1,1200,0,-1,0,-1,12115,0,w3,0,0,12115,3828,-1,25010,Available,-1,Available,150,100,140,Below Trend,-1,Below Trend,06/10 00:00:00 PDT,-1,w2,0,2015-06-11 00:00:00,Contract,-1,Contract,2552,2552,-1,-1,17864,17941,-1,17942,2552,-1,17864,3828,-1,25010,False,False,0,0,0,0,0,0
2015-06-10,2015-06-10 00:00:00,Exxon,PILOT TRAVEL CENTERS LLC 103637 IW,COLTON CA KM TP - 00WM,Premium Conventional / E10,2552,-1,17864,0,0,0,0,0,-1,0,-1,12115,0,w3,0,0,12115,3828,-1,25010,Available,-1,Available,150,100,140,Below Trend,-1,Below Trend,06/10 00:00:00 PDT,-1,w2,0,2015-06-11 00:00:00,Contract,-1,Contract,2552,2552,-1,-1,17864,20812,-1,20813,2552,-1,17864,3828,-1,25010,False,False,0,0,0,0,0,0
2015-06-11,2015-06-11 00:00:00,Exxon,PILOT TRAVEL CENTERS LLC 103637 IW,COLTON CA KM TP - 00WM,Premium Conventional / E10,2552,-1,17864,0,0,0,0,0,-1,0,-1,0,0,w4,0,0,0,3828,-1,25010,Available,-1,Available,150,100,140,Below Trend,-1,Below Trend,06/12 00:00:00 PDT,-1,w3,0,2015-06-18 00:00:00,Contract,-1,Contract,1642,2552,-1,-1,17864,22279,-1,22280,2552,-1,17864,3828,-1,25010,True,True,0,True,0,0,0,0
2015-06-12,2015-06-12 00:00:00,Exxon,PILOT TRAVEL CENTERS LLC 103637 IW,COLTON CA KM TP - 00WM,Premium Conventional / E10,1642,-1,17864,4,4303,0,-1,-1,-1,0,-1,-1,4,w5,-1,0,4303,2463,-1,25010,-1,-1,-1,100,100,100,-1,-1,-1,-1,-1,w3,1,2015-06-18 00:00:00,-1,-1,-1,2552,-1,-1,-1,-1,-1,-1,-1,2463,-1,25010,1642,-1,17864,True,True,4303,True,0,0,0,0
2015-06-13,2015-06-13 00:00:00,Exxon,PILOT TRAVEL CENTERS LLC 103637 IW,COLTON CA KM TP - 00WM,Premium Conventional / E10,2552,-1,17864,3,6008,0,6008,6008,-1,0,-1,10311,0,w5,6008,0,10311,3828,-1,25010,Out,-1,Out,150,100,140,Above Trend,-1,On Track,06/14 00:00:00 PDT,-1,w3,0,2015-06-18 00:00:00,Contract,-1,Contract,2552,2552,-1,-1,17864,51143,-1,51144,2552,-1,17864,3828,-1,25010,False,True,10311,True,0,0,0,0
2015-06-14,2015-06-14 00:00:00,Exxon,PILOT TRAVEL CENTERS LLC 103637 IW,COLTON CA KM TP - 00WM,Premium Conventional / E10,2552,-1,17864,3,4298,0,4298,4298,-1,0,-1,14609,0,w5,4298,0,14609,3828,-1,25010,Out,-1,Out,150,100,140,Above Trend,-1,On Track,06/15 00:00:00 PDT,-1,w3,0,2015-06-18 00:00:00,Contract,-1,Contract,2552,2552,-1,-1,17864,70927,-1,70928,2552,-1,17864,3828,-1,25010,False,True,14609,True,0,0,0,0
2015-06-15,2015-06-15 00:00:00,Exxon,PILOT TRAVEL CENTERS LLC 103637 IW,COLTON CA KM TP - 00WM,Premium Conventional / E10,2552,-1,17864,3,2604,0,2604,2604,-1,0,-1,17213,0,w5,2604,0,17213,3828,-1,25010,Available,-1,Available,150,100,140,Below Trend,-1,On Track,06/16 00:00:00 PDT,-1,w3,0,2015-06-18 00:00:00,Contract,-1,Contract,2552,2552,-1,-1,17864,100210,-1,100211,2552,-1,17864,3828,-1,25010,False,True,17213,True,0,0,0,0
2015-06-16,2015-06-16 00:00:00,Exxon,PILOT TRAVEL CENTERS LLC 103637 IW,COLTON CA KM TP - 00WM,Premium Conventional / E10,2552,-1,17864,3,2001,0,2001,2001,-1,0,-1,19214,0,w5,2001,0,19214,3828,-1,25010,Available,-1,Available,150,100,140,Below Trend,-1,On Track,06/17 00:00:00 PDT,-1,w3,0,2015-06-18 00:00:00,Contract,-1,Contract,2552,2552,-1,-1,17864,122075,-1,122076,2552,-1,17864,3828,-1,25010,False,True,19214,True,0,0,0,0
2015-06-17,2015-06-17 00:00:00,Exxon,PILOT TRAVEL CENTERS LLC 103637 IW,COLTON CA KM TP - 00WM,Premium Conventional / E10,2552,-1,17864,0,3504,0,3504,3504,-1,0,-1,22718,0,w5,3504,0,22718,3828,-1,25010,Available,-1,Available,150,100,140,On Track,-1,On Track,06/18 00:00:00 PDT,-1,w3,0,2015-06-18 00:00:00,Contract,-1,Contract,2552,2552,-1,-1,17864,140682,-1,140683,2552,-1,17864,3828,-1,25010,False,True,22718,True,0,0,0,0
2015-06-18,2015-06-18 00:00:00,Exxon,PILOT TRAVEL CENTERS LLC 103637 IW,COLTON CA KM TP - 00WM,Premium Conventional / E10,2552,-1,17864,3,2817,0,2817,2817,-1,0,-1,2817,0,w6,2817,0,2817,3828,-1,25010,Available,-1,Available,150,100,140,On Track,-1,On Track,06/19 00:00:00 PDT,-1,w4,0,2015-06-25 00:00:00,Contract,-1,Contract,2552,2552,-1,-1,17864,159417,-1,159418,2552,-1,17864,3828,-1,25010,True,True,2817,True,0,0,0,0
2015-06-19,2015-06-19 00:00:00,Exxon,PILOT TRAVEL CENTERS LLC 103637 IW,COLTON CA KM TP - 00WM,Premium Conventional / E10,2552,-1,17864,3,0,0,0,0,-1,0,-1,2817,0,w6,0,0,2817,3828,-1,25010,Available,-1,Available,150,100,140,Below Trend,-1,Below Trend,06/20 00:00:00 PDT,-1,w4,0,2015-06-25 00:00:00,Contract,-1,Contract,2552,2552,-1,-1,17864,176107,-1,176108,2552,-1,17864,3828,-1,25010,True,True,2817,True,0,0,0,0
2015-06-20,2015-06-20 00:00:00,Exxon,PILOT TRAVEL CENTERS LLC 103637 IW,COLTON CA KM TP - 00WM,Premium Conventional / E10,2552,-1,17864,3,4097,0,4097,4097,-1,0,-1,6914,0,w6,4097,0,6914,3828,-1,25010,Out,-1,Out,150,100,140,Above Trend,-1,Below Trend,06/21 00:00:00 PDT,-1,w4,0,2015-06-25 00:00:00,Contract,-1,Contract,2552,2552,-1,-1,17864,190603,-1,190604,2552,-1,17864,3828,-1,25010,True,True,6914,True,0,0,0,0
2015-06-21,2015-06-21 00:00:00,Exxon,PILOT TRAVEL CENTERS LLC 103637 IW,COLTON CA KM TP - 00WM,Premium Conventional / E10,2552,-1,17864,3,4600,0,4600,4600,-1,0,-1,11514,0,w6,4600,0,11514,3828,-1,25010,Out,-1,Out,150,100,140,Above Trend,-1,On Track,06/22 00:00:00 PDT,-1,w4,0,2015-06-25 00:00:00,Contract,-1,Contract,2552,2552,-1,-1,17864,216018,-1,216019,2552,-1,17864,3828,-1,25010,True,True,11514,True,0,0,0,0
2015-06-22,2015-06-22 00:00:00,Exxon,PILOT TRAVEL CENTERS LLC 103637 IW,COLTON CA KM TP - 00WM,Premium Conventional / E10,2552,-1,17864,3,2401,0,2401,2401,-1,0,-1,13915,0,w6,2401,0,13915,3828,-1,25010,Available,-1,Available,150,100,140,Below Trend,-1,Below Trend,06/23 00:00:00 PDT,-1,w4,0,2015-06-25 00:00:00,Contract,-1,Contract,2552,2552,-1,-1,17864,238679,-1,238680,2552,-1,17864,3828,-1,25010,True,True,13915,True,0,0,0,0
2015-06-23,2015-06-23 00:00:00,Exxon,PILOT TRAVEL CENTERS LLC 103637 IW,COLTON CA KM TP - 00WM,Premium Conventional / E10,2552,-1,17864,3,1000,0,1000,1000,-1,0,-1,14915,0,w6,1000,0,14915,3828,-1,25010,Available,-1,Available,150,100,140,Below Trend,-1,Below Trend,06/24 00:00:00 PDT,-1,w4,0,2015-06-25 00:00:00,Contract,-1,Contract,2552,2552,-1,-1,17864,276420,-1,276421,2552,-1,17864,3828,-1,25010,True,True,14915,True,0,0,0,0
2015-06-24,2015-06-24 00:00:00,Exxon,PILOT TRAVEL CENTERS LLC 103637 IW,COLTON CA KM TP - 00WM,Premium Conventional / E10,2552,-1,17864,0,0,0,0,0,-1,0,-1,14915,0,w6,0,0,14915,3828,-1,25010,Available,-1,Available,150,100,140,Below Trend,-1,Below Trend,06/25 00:00:00 PDT,-1,w4,0,2015-06-25 00:00:00,Contract,-1,Contract,2552,2552,-1,-1,17864,307006,-1,307007,2552,-1,17864,3828,-1,25010,True,True,14915,True,0,0,0,0
2015-06-25,2015-06-25 00:00:00,Exxon,PILOT TRAVEL CENTERS LLC 103637 IW,COLTON CA KM TP - 00WM,Premium Conventional / E10,2552,-1,17864,3,1200,0,1200,1200,-1,0,-1,1200,0,w7,1200,0,1200,3828,-1,25010,Available,-1,Available,150,100,140,Below Trend,-1,Below Trend,06/26 00:00:00 PDT,-1,w5,0,2015-07-02 00:00:00,Contract,-1,Contract,2552,2552,-1,-1,17864,338432,-1,338433,2552,-1,17864,3828,-1,25010,True,True,1200,True,0,0,0,0
2015-06-26,2015-06-26 00:00:00,Exxon,PILOT TRAVEL CENTERS LLC 103637 IW,COLTON CA KM TP - 00WM,Premium Conventional / E10,2552,-1,17864,3,3097,0,1897,1897,-1,0,-1,3097,0,w7,1897,0,3097,3828,-1,25010,Available,-1,Available,150,100,140,Below Trend,-1,Below Trend,06/27 00:00:00 PDT,-1,w5,0,2015-07-02 00:00:00,Contract,-1,Contract,2552,2552,-1,-1,17864,367748,-1,367749,2552,-1,17864,3828,-1,25010,True,False,4297,True,0,0,0,0
2015-06-27,2015-06-27 00:00:00,Exxon,PILOT TRAVEL CENTERS LLC 103637 IW,COLTON CA KM TP - 00WM,Premium Conventional / E10,2552,-1,17864,3,7100,1,8300,7100,-1,0,-1,11397,0,w7,7100,0,11397,3828,-1,25010,Out,-1,Out,150,100,140,Above Trend,-1,On Track,06/28 00:00:00 PDT,-1,w5,0,2015-07-02 00:00:00,Contract,-1,Contract,2552,2552,-1,-1,17864,393013,-1,393014,2552,-1,17864,3828,-1,25010,True,True,11397,True,0,0,0,0
2015-06-28,2015-06-28 00:00:00,Exxon,PILOT TRAVEL CENTERS LLC 103637 IW,COLTON CA KM TP - 00WM,Premium Conventional / E10,2552,-1,17864,3,2002,0,2002,2002,-1,0,-1,13399,0,w7,2002,0,13399,3828,-1,25010,Available,-1,Available,150,100,140,Below Trend,-1,On Track,06/29 00:00:00 PDT,-1,w5,0,2015-07-02 00:00:00,Contract,-1,Contract,2552,2552,-1,-1,17864,419064,-1,419065,2552,-1,17864,3828,-1,25010,True,True,13399,True,0,0,0,0
2015-06-29,2015-06-29 00:00:00,Exxon,PILOT TRAVEL CENTERS LLC 103637 IW,COLTON CA KM TP - 00WM,Premium Conventional / E10,2552,-1,17864,3,4303,0,4303,4303,-1,0,-1,17702,0,w7,4303,0,17702,3828,-1,25010,Out,-1,Out,150,100,140,Above Trend,-1,On Track,06/30 00:00:00 PDT,-1,w5,0,2015-07-02 00:00:00,Contract,-1,Contract,1642,1642,-1,-1,11491,449879,-1,449880,2552,-1,17864,3828,-1,25010,True,True,17702,True,0,0,0,0
2015-06-30,2015-06-30 00:00:00,Exxon,PILOT TRAVEL CENTERS LLC 103637 IW,COLTON CA KM TP - 00WM,Premium Conventional / E10,1642,-1,17864,0,1003,0,1003,1003,-1,0,-1,18705,0,w7,1003,0,18705,2463,-1,25010,Available,-1,Available,150,100,140,Below Trend,-1,On Track,07/01 00:00:00 PDT,-1,w5,0,2015-07-02 00:00:00,Contract,-1,Contract,1642,1642,-1,-1,11491,476544,-1,476545,1642,-1,17864,2463,-1,25010,True,True,18705,True,0,0,0,0
