,date,supplier_name,account_type,supplier_terminal_name,product_name,base_gallons_Daily,base_gallons_Monthly,base_gallons_Weekly,lifted_gallons_daily_flag,lifted_gallons_daily_modified,Modified_WeeksByLiftedGallons,lifted_gallons_modified_WeeksByLiftedGallons,lifted_gallons_Daily,Lifted_actual_monthly,lifted_gallons_monthly_flag,lifted_gallons_Monthly,Lifted_actual_weekly,lifted_gallons_weekly_flag,WeeksByLiftedGallons,lifted_gallonsWeekly_modified_aposteriori,Modified_LiftedGallonsaposteriori,lifted_gallons_Weekly,beginning_gallons_Daily,beginning_gallons_Monthly,beginning_gallons_Weekly,en_allocation_status_Daily,en_allocation_status_Monthly,en_allocation_status_Weekly,percentage_allocation_Daily,percentage_allocation_Monthly,percentage_allocation_Weekly,alerts_ratability_Daily,alerts_ratability_Monthly,alerts_ratability_Weekly,next_refresh_date_Daily,next_refresh_date_Monthly,Week_switch,Modified_NRD,next_refresh_date_Weekly,en_account_type_Daily,en_account_type_Monthly,en_account_type_Weekly,NRB_Daily,next_refresh_base_gallons_Daily,NRB_Monthly,next_refresh_base_gallons_Monthly,next_refresh_base_gallons_Weekly,staging_id_Daily,staging_id_Monthly,staging_id_Weekly,base_gallons_Daily_Reconciled,base_gallons_Monthly_Reconciled,base_gallons_Weekly_Reconciled,beginning_gallons_Daily_Reconciled,beginning_gallons_Monthly_Reconciled,beginning_gallons_Weekly_Reconciled,sanityWeekly_CumulativeDaily_WeeksByLiftedGallons,sanityWeekly_CumulativeDaily_NextRefreshDate,computedWeekly,sanityComputedWeekly,computedMonthly,sanityComputedMonthly,sanityMonthly_CumulativeDaily_WeeksByLiftedGallons,sanityMonthly_CumulativeDaily_WeeksByNextRefreshDate
2015-06-01,2015-06-01 00:00:00,Exxon,PILOT TRAVEL CENTERS LLC 103637 IW,BATON ROUGE LA (MOC) - 00CE,Prem CG DS,628,-1,4393,0,-1,0,-1,-1,-1,0,-1,-1,0,w1,-1,0,-1,942,-1,6150,-1,-1,-1,100,100,100,-1,-1,-1,-1,-1,w1,1,2015-06-04 00:00:00,-1,-1,-1,628,-1,-1,-1,-1,-1,-1,-1,942,-1,6150,628,-1,4393,True,True,0,0,0,0,1,1
2015-06-02,2015-06-02 00:00:00,Exxon,PILOT TRAVEL CENTERS LLC 103637 IW,BATON ROUGE LA (MOC) - 00CE,Prem CG DS,628,-1,4393,3,1200,0,1200,1200,-1,0,-1,4800,0,w1,1200,0,4800,942,-1,6150,Out,-1,Out,150,100,140,Above Trend,-1,On Track,06/03 00:00:00 CDT,-1,w1,0,2015-06-04 00:00:00,Contract,-1,Contract,628,628,-1,-1,4393,255,-1,256,628,-1,4393,942,-1,6150,False,False,0,0,0,0,0,0
2015-06-03,2015-06-03 00:00:00,Exxon,PILOT TRAVEL CENTERS LLC 103637 IW,BATON ROUGE LA (MOC) - 00CE,Prem CG DS,628,-1,4393,0,0,0,0,0,-1,0,-1,4800,0,w1,0,0,4800,942,-1,6150,Available,-1,Available,150,100,140,Below Trend,-1,On Track,06/04 00:00:00 CDT,-1,w1,0,2015-06-04 00:00:00,Contract,-1,Contract,628,628,-1,-1,4393,5968,-1,5969,628,-1,4393,942,-1,6150,False,False,0,0,0,0,0,0
2015-06-04,2015-06-04 00:00:00,Exxon,PILOT TRAVEL CENTERS LLC 103637 IW,BATON ROUGE LA (MOC) - 00CE,Prem CG DS,628,-1,4393,3,0,0,0,0,-1,0,-1,0,0,w2,0,0,0,942,-1,6150,Available,-1,Available,150,100,140,Below Trend,-1,Below Trend,06/05 00:00:00 CDT,-1,w2,0,2015-06-11 00:00:00,Contract,-1,Contract,628,628,-1,-1,4393,8681,-1,8682,628,-1,4393,942,-1,6150,True,True,0,0,0,0,0,0
2015-06-05,2015-06-05 00:00:00,Exxon,PILOT TRAVEL CENTERS LLC 103637 IW,BATON ROUGE LA (MOC) - 00CE,Prem CG DS,628,-1,4393,0,0,0,0,0,-1,0,-1,0,0,w2,0,0,0,942,-1,6150,Available,-1,Available,150,100,140,Below Trend,-1,Below Trend,06/06 00:00:00 CDT,-1,w2,0,2015-06-11 00:00:00,Contract,-1,Contract,628,628,-1,-1,4393,12576,-1,12577,628,-1,4393,942,-1,6150,True,True,0,0,0,0,0,0
2015-06-06,2015-06-06 00:00:00,Exxon,PILOT TRAVEL CENTERS LLC 103637 IW,BATON ROUGE LA (MOC) - 00CE,Prem CG DS,628,-1,4393,0,-1,0,-1,-1,-1,0,-1,-1,0,w3,-1,0,-1,942,-1,6150,-1,-1,-1,100,100,100,-1,-1,-1,-1,-1,w2,1,2015-06-11 00:00:00,-1,-1,-1,628,-1,-1,-1,-1,-1,-1,-1,942,-1,6150,628,-1,4393,True,True,0,0,0,0,0,0
2015-06-07,2015-06-07 00:00:00,Exxon,PILOT TRAVEL CENTERS LLC 103637 IW,BATON ROUGE LA (MOC) - 00CE,Prem CG DS,628,-1,4393,0,-1,0,-1,-1,-1,0,-1,-1,0,w3,-1,0,-1,942,-1,6150,-1,-1,-1,100,100,100,-1,-1,-1,-1,-1,w2,1,2015-06-11 00:00:00,-1,-1,-1,628,-1,-1,-1,-1,-1,-1,-1,942,-1,6150,628,-1,4393,False,False,0,0,0,0,0,0
2015-06-08,2015-06-08 00:00:00,Exxon,PILOT TRAVEL CENTERS LLC 103637 IW,BATON ROUGE LA (MOC) - 00CE,Prem CG DS,628,-1,4393,3,1200,0,0,0,-1,0,-1,1200,0,w3,0,0,1200,942,-1,6150,Available,-1,Available,150,100,140,Below Trend,-1,Below Trend,06/08 00:00:00 CDT,-1,w2,0,2015-06-11 00:00:00,Contract,-1,Contract,628,628,-1,-1,4393,15193,-1,15194,628,-1,4393,942,-1,6150,False,False,0,0,0,0,0,0
2015-06-09,2015-06-09 00:00:00,Exxon,PILOT TRAVEL CENTERS LLC 103637 IW,BATON ROUGE LA (MOC) - 00CE,Prem CG DS,628,-1,4393,3,1200,1,2400,1200,-1,0,-1,3600,0,w3,1200,0,3600,942,-1,6150,Out,-1,Out,150,100,140,Above Trend,-1,Below Trend,06/10 00:00:00 CDT,-1,w2,0,2015-06-11 00:00:00,Contract,-1,Contract,628,628,-1,-1,4393,17935,-1,17936,628,-1,4393,942,-1,6150,False,False,0,0,0,0,0,0
2015-06-10,2015-06-10 00:00:00,Exxon,PILOT TRAVEL CENTERS LLC 103637 IW,BATON ROUGE LA (MOC) - 00CE,Prem CG DS,628,-1,4393,0,0,0,0,0,-1,0,-1,3600,0,w3,0,0,3600,942,-1,6150,Available,-1,Available,150,100,140,Below Trend,-1,Below Trend,06/11 00:00:00 CDT,-1,w2,0,2015-06-11 00:00:00,Contract,-1,Contract,628,628,-1,-1,4393,20806,-1,20807,628,-1,4393,942,-1,6150,False,False,0,0,0,0,0,0
2015-06-11,2015-06-11 00:00:00,Exxon,PILOT TRAVEL CENTERS LLC 103637 IW,BATON ROUGE LA (MOC) - 00CE,Prem CG DS,628,-1,4393,0,0,0,0,0,-1,0,-1,0,0,w4,0,0,0,942,-1,6150,Available,-1,Available,150,100,140,Below Trend,-1,Below Trend,06/12 00:00:00 CDT,-1,w3,0,2015-06-18 00:00:00,Contract,-1,Contract,628,628,-1,-1,4393,22273,-1,22274,628,-1,4393,942,-1,6150,True,True,0,True,0,0,0,0
2015-06-12,2015-06-12 00:00:00,Exxon,PILOT TRAVEL CENTERS LLC 103637 IW,BATON ROUGE LA (MOC) - 00CE,Prem CG DS,628,-1,4393,4,1200,0,-1,-1,-1,0,-1,-1,4,w5,-1,0,1200,942,-1,6150,-1,-1,-1,100,100,100,-1,-1,-1,-1,-1,w3,1,2015-06-18 00:00:00,-1,-1,-1,628,-1,-1,-1,-1,-1,-1,-1,942,-1,6150,628,-1,4393,True,True,1200,True,0,0,0,0
2015-06-13,2015-06-13 00:00:00,Exxon,PILOT TRAVEL CENTERS LLC 103637 IW,BATON ROUGE LA (MOC) - 00CE,Prem CG DS,628,-1,4393,3,1005,0,1005,1005,-1,0,-1,2205,0,w5,1005,0,2205,942,-1,6150,Out,-1,Out,150,100,140,On Track,-1,On Track,06/14 00:00:00 CDT,-1,w3,0,2015-06-18 00:00:00,Contract,-1,Contract,628,628,-1,-1,4393,51137,-1,51138,628,-1,4393,942,-1,6150,False,True,2205,True,0,0,0,0
2015-06-14,2015-06-14 00:00:00,Exxon,PILOT TRAVEL CENTERS LLC 103637 IW,BATON ROUGE LA (MOC) - 00CE,Prem CG DS,628,-1,4393,3,3800,0,3800,3800,-1,0,-1,6005,0,w5,3800,0,6005,942,-1,6150,Available,-1,Available,150,100,140,Above Trend,-1,Above Trend,06/15 00:00:00 CDT,-1,w3,0,2015-06-18 00:00:00,Contract,-1,Contract,628,628,-1,-1,4393,70921,-1,70922,628,-1,4393,942,-1,6150,False,True,6005,True,0,0,0,0
2015-06-15,2015-06-15 00:00:00,Exxon,PILOT TRAVEL CENTERS LLC 103637 IW,BATON ROUGE LA (MOC) - 00CE,Prem CG DS,628,-1,4393,3,0,0,0,0,-1,0,-1,6005,0,w5,0,0,6005,942,-1,6150,Available,-1,Available,150,100,140,Below Trend,-1,Above Trend,06/16 00:00:00 CDT,-1,w3,0,2015-06-18 00:00:00,Contract,-1,Contract,628,628,-1,-1,4393,100204,-1,100205,628,-1,4393,942,-1,6150,False,True,6005,True,0,0,0,0
2015-06-16,2015-06-16 00:00:00,Exxon,PILOT TRAVEL CENTERS LLC 103637 IW,BATON ROUGE LA (MOC) - 00CE,Prem CG DS,628,-1,4393,3,2300,0,2300,2300,-1,0,-1,8305,0,w5,2300,0,8305,942,-1,6150,Available,-1,Available,150,100,140,Above Trend,-1,Above Trend,06/17 00:00:00 CDT,-1,w3,0,2015-06-18 00:00:00,Contract,-1,Contract,628,628,-1,-1,4393,122069,-1,122070,628,-1,4393,942,-1,6150,False,True,8305,True,0,0,0,0
2015-06-17,2015-06-17 00:00:00,Exxon,PILOT TRAVEL CENTERS LLC 103637 IW,BATON ROUGE LA (MOC) - 00CE,Prem CG DS,628,-1,4393,0,0,0,0,0,-1,0,-1,8305,0,w5,0,0,8305,942,-1,6150,Available,-1,Available,150,100,140,Below Trend,-1,Above Trend,06/18 00:00:00 CDT,-1,w3,0,2015-06-18 00:00:00,Contract,-1,Contract,628,628,-1,-1,4393,140676,-1,140677,628,-1,4393,942,-1,6150,False,True,8305,True,0,0,0,0
2015-06-18,2015-06-18 00:00:00,Exxon,PILOT TRAVEL CENTERS LLC 103637 IW,BATON ROUGE LA (MOC) - 00CE,Prem CG DS,628,-1,4393,3,0,0,0,0,-1,0,-1,0,0,w6,0,0,0,942,-1,6150,Available,-1,Available,150,100,140,Below Trend,-1,Below Trend,06/19 00:00:00 CDT,-1,w4,0,2015-06-25 00:00:00,Contract,-1,Contract,628,628,-1,-1,4393,159411,-1,159412,628,-1,4393,942,-1,6150,True,True,0,True,0,0,0,0
2015-06-19,2015-06-19 00:00:00,Exxon,PILOT TRAVEL CENTERS LLC 103637 IW,BATON ROUGE LA (MOC) - 00CE,Prem CG DS,628,-1,4393,3,0,0,0,0,-1,0,-1,0,0,w6,0,0,0,942,-1,6150,Available,-1,Available,150,100,140,Below Trend,-1,Below Trend,06/20 00:00:00 CDT,-1,w4,0,2015-06-25 00:00:00,Contract,-1,Contract,628,628,-1,-1,4393,176101,-1,176102,628,-1,4393,942,-1,6150,True,True,0,True,0,0,0,0
2015-06-20,2015-06-20 00:00:00,Exxon,PILOT TRAVEL CENTERS LLC 103637 IW,BATON ROUGE LA (MOC) - 00CE,Prem CG DS,628,-1,4393,3,3000,0,3000,3000,-1,0,-1,3000,0,w6,3000,0,3000,942,-1,6150,Out,-1,Out,150,100,140,Above Trend,-1,On Track,06/21 00:00:00 CDT,-1,w4,0,2015-06-25 00:00:00,Contract,-1,Contract,628,628,-1,-1,4393,190597,-1,190598,628,-1,4393,942,-1,6150,True,True,3000,True,0,0,0,0
2015-06-21,2015-06-21 00:00:00,Exxon,PILOT TRAVEL CENTERS LLC 103637 IW,BATON ROUGE LA (MOC) - 00CE,Prem CG DS,628,-1,4393,3,0,0,0,0,-1,0,-1,3000,0,w6,0,0,3000,942,-1,6150,Available,-1,Available,150,100,140,Below Trend,-1,On Track,06/22 00:00:00 CDT,-1,w4,0,2015-06-25 00:00:00,Contract,-1,Contract,628,628,-1,-1,4393,216012,-1,216013,628,-1,4393,942,-1,6150,True,True,3000,True,0,0,0,0
2015-06-22,2015-06-22 00:00:00,Exxon,PILOT TRAVEL CENTERS LLC 103637 IW,BATON ROUGE LA (MOC) - 00CE,Prem CG DS,628,-1,4393,3,0,0,0,0,-1,0,-1,3000,0,w6,0,0,3000,942,-1,6150,Available,-1,Available,150,100,140,Below Trend,-1,Below Trend,06/23 00:00:00 CDT,-1,w4,0,2015-06-25 00:00:00,Contract,-1,Contract,628,628,-1,-1,4393,238673,-1,238674,628,-1,4393,942,-1,6150,True,True,3000,True,0,0,0,0
2015-06-23,2015-06-23 00:00:00,Exxon,PILOT TRAVEL CENTERS LLC 103637 IW,BATON ROUGE LA (MOC) - 00CE,Prem CG DS,628,-1,4393,3,0,0,0,0,-1,0,-1,3000,0,w6,0,0,3000,942,-1,6150,Available,-1,Available,150,100,140,Below Trend,-1,Below Trend,06/24 00:00:00 CDT,-1,w4,0,2015-06-25 00:00:00,Contract,-1,Contract,628,628,-1,-1,4393,276414,-1,276415,628,-1,4393,942,-1,6150,True,True,3000,True,0,0,0,0
2015-06-24,2015-06-24 00:00:00,Exxon,PILOT TRAVEL CENTERS LLC 103637 IW,BATON ROUGE LA (MOC) - 00CE,Prem CG DS,628,-1,4393,0,0,0,0,0,-1,0,-1,3000,0,w6,0,0,3000,942,-1,6150,Available,-1,Available,150,100,140,Below Trend,-1,Below Trend,06/25 00:00:00 CDT,-1,w4,0,2015-06-25 00:00:00,Contract,-1,Contract,628,628,-1,-1,4393,307000,-1,307001,628,-1,4393,942,-1,6150,True,True,3000,True,0,0,0,0
2015-06-25,2015-06-25 00:00:00,Exxon,PILOT TRAVEL CENTERS LLC 103637 IW,BATON ROUGE LA (MOC) - 00CE,Prem CG DS,628,-1,4393,3,1200,0,1200,1200,-1,0,-1,1200,0,w7,1200,0,1200,942,-1,6150,Out,-1,Out,150,100,140,Above Trend,-1,Above Trend,06/26 00:00:00 CDT,-1,w5,0,2015-07-02 00:00:00,Contract,-1,Contract,628,628,-1,-1,4393,338426,-1,338427,628,-1,4393,942,-1,6150,True,True,1200,True,0,0,0,0
2015-06-26,2015-06-26 00:00:00,Exxon,PILOT TRAVEL CENTERS LLC 103637 IW,BATON ROUGE LA (MOC) - 00CE,Prem CG DS,628,-1,4393,3,1200,0,1200,1200,-1,0,-1,2400,0,w7,1200,0,2400,942,-1,6150,Out,-1,Out,150,100,140,Above Trend,-1,Above Trend,06/27 00:00:00 CDT,-1,w5,0,2015-07-02 00:00:00,Contract,-1,Contract,628,628,-1,-1,4393,367742,-1,367743,628,-1,4393,942,-1,6150,True,True,2400,True,0,0,0,0
2015-06-27,2015-06-27 00:00:00,Exxon,PILOT TRAVEL CENTERS LLC 103637 IW,BATON ROUGE LA (MOC) - 00CE,Prem CG DS,628,-1,4393,3,1200,0,1200,1200,-1,0,-1,3600,0,w7,1200,0,3600,942,-1,6150,Out,-1,Out,150,100,140,Above Trend,-1,Above Trend,06/28 00:00:00 CDT,-1,w5,0,2015-07-02 00:00:00,Contract,-1,Contract,628,628,-1,-1,4393,393007,-1,393008,628,-1,4393,942,-1,6150,True,True,3600,True,0,0,0,0
2015-06-28,2015-06-28 00:00:00,Exxon,PILOT TRAVEL CENTERS LLC 103637 IW,BATON ROUGE LA (MOC) - 00CE,Prem CG DS,628,-1,4393,3,0,0,0,0,-1,0,-1,3600,0,w7,0,0,3600,942,-1,6150,Available,-1,Available,150,100,140,Below Trend,-1,On Track,06/29 00:00:00 CDT,-1,w5,0,2015-07-02 00:00:00,Contract,-1,Contract,628,628,-1,-1,4393,419058,-1,419059,628,-1,4393,942,-1,6150,True,True,3600,True,0,0,0,0
2015-06-29,2015-06-29 00:00:00,Exxon,PILOT TRAVEL CENTERS LLC 103637 IW,BATON ROUGE LA (MOC) - 00CE,Prem CG DS,628,-1,4393,3,1200,0,1200,1200,-1,0,-1,4800,0,w7,1200,0,4800,942,-1,6150,Out,-1,Out,150,100,140,Above Trend,-1,On Track,06/30 00:00:00 CDT,-1,w5,0,2015-07-02 00:00:00,Contract,-1,Contract,628,628,-1,-1,2534,449873,-1,449874,628,-1,4393,942,-1,6150,True,True,4800,True,0,0,0,0
2015-06-30,2015-06-30 00:00:00,Exxon,PILOT TRAVEL CENTERS LLC 103637 IW,BATON ROUGE LA (MOC) - 00CE,Prem CG DS,628,-1,4393,0,1200,0,1200,1200,-1,0,-1,6000,0,w7,1200,0,6000,942,-1,6150,Out,-1,Out,150,100,140,Above Trend,-1,On Track,07/01 00:00:00 CDT,-1,w5,0,2015-07-02 00:00:00,Contract,-1,Contract,628,628,-1,-1,2534,476538,-1,476539,628,-1,4393,942,-1,6150,True,True,6000,True,0,0,0,0
