,date,supplier_name,account_type,supplier_terminal_name,product_name,base_gallons_Daily,base_gallons_Weekly,lifted_gallons_daily_flag,lifted_gallons_daily_modified,Modified_WeeksByLiftedGallons,lifted_gallons_modified_WeeksByLiftedGallons,lifted_gallons_Daily,Lifted_actual_weekly,lifted_gallons_weekly_flag,WeeksByLiftedGallons,lifted_gallonsWeekly_modified_aposteriori,Modified_LiftedGallonsaposteriori,lifted_gallons_Weekly,beginning_gallons_Daily,beginning_gallons_Weekly,en_allocation_status_Daily,en_allocation_status_Weekly,percentage_allocation_Daily_actual,percentage_allocation_Daily,percentage_allocation_Weekly_actual,percentage_allocation_Weekly,alerts_ratability_Daily,alerts_ratability_Weekly,next_refresh_date_Daily,Week_switch,Modified_NRD,next_refresh_date_Weekly,en_account_type_Daily,en_account_type_Weekly,NRB_Daily,next_refresh_base_gallons_Daily,next_refresh_base_gallons_Weekly,remaining_gallons_Daily,remaining_gallons_Weekly,additional_gallons_allowed_Daily,additional_gallons_allowed_Weekly,additional_gallons_remaining_Daily,additional_gallons_remaining_Weekly,staging_id_Daily,staging_id_Weekly,base_gallons_Monthly,Lifted_actual_monthly,lifted_gallons_monthly_flag,lifted_gallons_Monthly,beginning_gallons_Monthly,en_allocation_status_Monthly,percentage_allocation_Monthly_actual,percentage_allocation_Monthly,alerts_ratability_Monthly,next_refresh_date_Monthly,NRB_Monthly,next_refresh_base_gallons_Monthly,remaining_gallons_Monthly,additional_gallons_allowed_Monthly,additional_gallons_remaining_Monthly,base_gallons_Daily_Reconciled,base_gallons_Monthly_Reconciled,base_gallons_Weekly_Reconciled,beginning_gallons_Daily_Reconciled,beginning_gallons_Monthly_Reconciled,beginning_gallons_Weekly_Reconciled,sanityWeekly_CumulativeDaily_WeeksByLiftedGallons,sanityWeekly_CumulativeDaily_NextRefreshDate,computedWeekly,sanityComputedWeekly,computedMonthly,sanityComputedMonthly,remaining_gallons_Daily_Reconciled,remaining_gallons_Monthly_Reconciled,remaining_gallons_Weekly_Reconciled,additional_gallons_remaining_Daily_Reconciled,additional_gallons_remaining_Monthly_Reconciled,additional_gallons_remaining_Weekly_Reconciled,sanityMonthly_CumulativeDaily_WeeksByLiftedGallons,sanityMonthly_CumulativeDaily_WeeksByNextRefreshDate
2015-06-01,2015-06-01 00:00:00,BP,50 - Commercial,ROCHELLE IL - BP (PLANT 0448),DIESEL,-1,-1,0,-1,0,-1,-1,-1,0,w1,-1,0,-1,-1.0,-1.0,-1,-1,-1,-1,-1,-1,-1,-1,-1,w1,1,2015-06-03 00:00:00,-1,-1,89556,-1,-1,-1,-1,-1,-1,-1,-1,-1,-1,-1,-1,0,-1,-1,-1,-1,-1,-1,-1,0,-1,-1,-1,-1,-1,-1,-1,-1.0,-1,-1.0,True,True,0,0,0,0,-1,-1,-1,-1,-1,-1,1,1
2015-06-02,2015-06-02 00:00:00,BP,50 - Commercial,ROCHELLE IL - BP (PLANT 0448),DIESEL,-1,-1,0,-1,0,-1,-1,-1,0,w1,-1,0,-1,-1.0,-1.0,-1,-1,-1,-1,-1,-1,-1,-1,-1,w1,1,2015-06-03 00:00:00,-1,-1,89556,-1,-1,-1,-1,-1,-1,-1,-1,-1,-1,-1,-1,0,-1,-1,-1,-1,-1,-1,-1,0,-1,-1,-1,-1,-1,-1,-1,-1.0,-1,-1.0,False,False,0,0,0,0,-1,-1,-1,-1,-1,-1,0,0
2015-06-03,2015-06-03 00:00:00,BP,50 - Commercial,ROCHELLE IL - BP (PLANT 0448),DIESEL,89556,626889,3,126645,0,14856,14856,14856,0,w1,14856,0,14856,179112.0,-1.0,Unknown,Unknown,200,200,110,110,-1,-1,06/04 00:00:00 CDT,w2,0,2015-06-10 00:00:00,Contract,Contract,89556,89556,626889,164256,674722,0,0,0,0,660,661,0,0,0,0,0,0,0,0,0,0,0,0,0,0,0,89556,0,-1,179112.0,0,-1.0,False,False,0,0,0,0,52467,0,-1,-1,-1,-1,0,0
2015-06-04,2015-06-04 00:00:00,BP,50 - Commercial,ROCHELLE IL - BP (PLANT 0448),DIESEL,89556,626889,3,66908,1,134153,22364,149009,0,w1,22364,0,149009,179112.0,-1.0,Unknown,Unknown,200,200,110,110,-1,-1,06/05 00:00:00 CDT,w2,0,2015-06-10 00:00:00,Contract,Contract,89556,89556,626889,156748,540569,0,0,0,0,1098,1099,0,0,0,0,0,0,0,0,0,0,0,0,0,0,0,89556,0,-1,179112.0,0,689577.0,False,False,0,0,0,0,112204,0,-1,-1,-1,-1,0,0
2015-06-05,2015-06-05 00:00:00,BP,50 - Commercial,ROCHELLE IL - BP (PLANT 0448),DIESEL,89556,626889,0,7450,1,51994,7450,201003,0,w1,7450,0,201003,179112.0,-1.0,Unknown,Unknown,200,200,110,110,-1,-1,06/06 00:00:00 CDT,w2,0,2015-06-10 00:00:00,Contract,Contract,89556,89556,626889,171662,488575,0,0,0,0,1161,1162,0,0,0,0,0,0,0,0,0,0,0,0,0,0,0,89556,0,-1,179112.0,0,689577.0,False,True,0,0,0,0,171662,0,-1,-1,-1,-1,0,0
2015-06-06,2015-06-06 00:00:00,BP,50 - Commercial,ROCHELLE IL - BP (PLANT 0448),DIESEL,-1,-1,0,-1,0,-1,-1,-1,0,w2,-1,0,-1,-1.0,-1.0,-1,-1,-1,200,-1,110,-1,-1,-1,w2,1,2015-06-10 00:00:00,-1,-1,89556,-1,-1,-1,-1,-1,-1,-1,-1,-1,-1,-1,-1,0,-1,-1,-1,-1,0,-1,-1,0,-1,-1,-1,-1,89556,0,626889,179112.0,0,689577.0,True,False,0,0,0,0,-1,-1,-1,-1,-1,-1,0,0
2015-06-07,2015-06-07 00:00:00,BP,50 - Commercial,ROCHELLE IL - BP (PLANT 0448),DIESEL,-1,-1,0,-1,0,-1,-1,-1,0,w2,-1,0,-1,-1.0,-1.0,-1,-1,-1,200,-1,110,-1,-1,-1,w2,1,2015-06-10 00:00:00,-1,-1,89556,-1,-1,-1,-1,-1,-1,-1,-1,-1,-1,-1,-1,0,-1,-1,-1,-1,0,-1,-1,0,-1,-1,-1,-1,-1,-1,-1,-1.0,-1,-1.0,False,False,0,0,0,0,-1,-1,-1,-1,-1,-1,0,0
2015-06-08,2015-06-08 00:00:00,BP,50 - Commercial,ROCHELLE IL - BP (PLANT 0448),DIESEL,89556,626889,3,74389,0,37245,37245,327711,0,w2,37245,0,327711,179112.0,-1.0,Unknown,Unknown,200,200,110,110,-1,-1,06/08 00:00:00 CDT,w2,0,2015-06-10 00:00:00,Contract,Contract,89556,89556,626889,141867,361867,0,0,0,0,1355,1356,0,0,0,0,0,0,0,0,0,0,0,0,0,0,0,89556,0,-1,179112.0,0,-1.0,False,False,0,0,0,0,104723,0,-1,-1,-1,-1,0,0
2015-06-09,2015-06-09 00:00:00,BP,50 - Commercial,ROCHELLE IL - BP (PLANT 0448),DIESEL,89556,626889,0,14951,1,52095,14951,379806,0,w2,14951,0,379806,179112.0,-1.0,Unknown,Unknown,200,200,110,110,-1,-1,06/10 00:00:00 CDT,w2,0,2015-06-10 00:00:00,Contract,Contract,89556,89556,626889,164161,309772,0,0,0,0,1607,1608,0,0,0,0,0,0,0,0,0,0,0,0,0,0,0,89556,0,-1,179112.0,0,689577.0,False,False,0,0,0,0,164161,0,-1,-1,-1,-1,0,0
2015-06-10,2015-06-10 00:00:00,BP,50 - Commercial,ROCHELLE IL - BP (PLANT 0448),DIESEL,-1,-1,0,-1,0,-1,-1,-1,0,w3,-1,0,-1,-1.0,-1.0,-1,-1,-1,200,-1,110,-1,-1,-1,w3,1,2015-06-17 00:00:00,-1,-1,89556,-1,-1,-1,-1,-1,-1,-1,-1,-1,-1,-1,-1,0,-1,-1,-1,-1,0,-1,-1,0,-1,-1,-1,-1,89556,0,626889,179112.0,0,689577.0,True,True,0,0,0,0,-1,-1,-1,-1,-1,-1,0,0
2015-06-11,2015-06-11 00:00:00,BP,50 - Commercial,ROCHELLE IL - BP (PLANT 0448),DIESEL,-1,-1,0,-1,0,-1,-1,-1,0,w3,-1,0,-1,-1.0,-1.0,-1,-1,-1,200,-1,110,-1,-1,-1,w3,1,2015-06-17 00:00:00,-1,-1,89556,-1,-1,-1,-1,-1,-1,-1,-1,-1,-1,-1,-1,0,-1,-1,-1,-1,0,-1,-1,0,-1,-1,-1,-1,-1,-1,-1,-1.0,-1,-1.0,False,False,0,0,0,0,-1,-1,-1,-1,-1,-1,0,0
2015-06-12,2015-06-12 00:00:00,BP,50 - Commercial,ROCHELLE IL - BP (PLANT 0448),DIESEL,-1,-1,0,-1,0,-1,-1,-1,0,w3,-1,0,-1,-1.0,-1.0,-1,-1,-1,200,-1,110,-1,-1,-1,w3,1,2015-06-17 00:00:00,-1,-1,89556,-1,-1,-1,-1,-1,-1,-1,-1,-1,-1,-1,-1,0,-1,-1,-1,-1,0,-1,-1,0,-1,-1,-1,-1,-1,-1,-1,-1.0,-1,-1.0,False,False,0,0,0,0,-1,-1,-1,-1,-1,-1,0,0
2015-06-13,2015-06-13 00:00:00,BP,50 - Commercial,ROCHELLE IL - BP (PLANT 0448),DIESEL,-1,-1,0,-1,0,-1,-1,-1,0,w3,-1,0,-1,-1.0,-1.0,-1,-1,-1,200,-1,110,-1,-1,-1,w3,1,2015-06-17 00:00:00,-1,-1,89556,-1,-1,-1,-1,-1,-1,-1,-1,-1,-1,-1,-1,0,-1,-1,-1,-1,0,-1,-1,0,-1,-1,-1,-1,-1,-1,-1,-1.0,-1,-1.0,False,False,0,0,0,0,-1,-1,-1,-1,-1,-1,0,0
2015-06-14,2015-06-14 00:00:00,BP,50 - Commercial,ROCHELLE IL - BP (PLANT 0448),DIESEL,-1,-1,0,-1,0,-1,-1,-1,0,w3,-1,0,-1,-1.0,-1.0,-1,-1,-1,200,-1,110,-1,-1,-1,w3,1,2015-06-17 00:00:00,-1,-1,89556,-1,-1,-1,-1,-1,-1,-1,-1,-1,-1,-1,-1,0,-1,-1,-1,-1,0,-1,-1,0,-1,-1,-1,-1,-1,-1,-1,-1.0,-1,-1.0,False,False,0,0,0,0,-1,-1,-1,-1,-1,-1,0,0
2015-06-15,2015-06-15 00:00:00,BP,50 - Commercial,ROCHELLE IL - BP (PLANT 0448),DIESEL,-1,-1,0,-1,0,-1,-1,-1,0,w3,-1,0,-1,-1.0,-1.0,-1,-1,-1,200,-1,110,-1,-1,-1,w3,1,2015-06-17 00:00:00,-1,-1,89556,-1,-1,-1,-1,-1,-1,-1,-1,-1,-1,-1,-1,0,-1,-1,-1,-1,0,-1,-1,0,-1,-1,-1,-1,-1,-1,-1,-1.0,-1,-1.0,False,False,0,0,0,0,-1,-1,-1,-1,-1,-1,0,0
2015-06-16,2015-06-16 00:00:00,BP,50 - Commercial,ROCHELLE IL - BP (PLANT 0448),DIESEL,-1,-1,0,-1,0,-1,-1,-1,0,w3,-1,0,-1,-1.0,-1.0,-1,-1,-1,200,-1,110,-1,-1,-1,w3,1,2015-06-17 00:00:00,-1,-1,89556,-1,-1,-1,-1,-1,-1,-1,-1,-1,-1,-1,-1,0,-1,-1,-1,-1,0,-1,-1,0,-1,-1,-1,-1,-1,-1,-1,-1.0,-1,-1.0,False,False,0,0,0,0,-1,-1,-1,-1,-1,-1,0,0
2015-06-17,2015-06-17 00:00:00,BP,50 - Commercial,ROCHELLE IL - BP (PLANT 0448),DIESEL,-1,-1,0,-1,0,-1,-1,-1,0,w3,-1,0,-1,-1.0,-1.0,-1,-1,-1,200,-1,110,-1,-1,-1,w4,1,2015-06-24 00:00:00,-1,-1,89556,-1,-1,-1,-1,-1,-1,-1,-1,-1,-1,-1,-1,0,-1,-1,-1,-1,0,-1,-1,0,-1,-1,-1,-1,-1,-1,-1,-1.0,-1,-1.0,False,True,0,0,0,0,-1,-1,-1,-1,-1,-1,0,0
2015-06-18,2015-06-18 00:00:00,BP,50 - Commercial,ROCHELLE IL - BP (PLANT 0448),DIESEL,-1,-1,0,-1,0,-1,-1,-1,0,w3,-1,0,-1,-1.0,-1.0,-1,-1,-1,200,-1,110,-1,-1,-1,w4,1,2015-06-24 00:00:00,-1,-1,89556,-1,-1,-1,-1,-1,-1,-1,-1,-1,-1,-1,-1,0,-1,-1,-1,-1,0,-1,-1,0,-1,-1,-1,-1,-1,-1,-1,-1.0,-1,-1.0,False,False,0,0,0,0,-1,-1,-1,-1,-1,-1,0,0
2015-06-19,2015-06-19 00:00:00,BP,50 - Commercial,ROCHELLE IL - BP (PLANT 0448),DIESEL,-1,-1,0,-1,0,-1,-1,-1,0,w3,-1,0,-1,-1.0,-1.0,-1,-1,-1,200,-1,110,-1,-1,-1,w4,1,2015-06-24 00:00:00,-1,-1,89556,-1,-1,-1,-1,-1,-1,-1,-1,-1,-1,-1,-1,0,-1,-1,-1,-1,0,-1,-1,0,-1,-1,-1,-1,-1,-1,-1,-1.0,-1,-1.0,False,False,0,0,0,0,-1,-1,-1,-1,-1,-1,0,0
2015-06-20,2015-06-20 00:00:00,BP,50 - Commercial,ROCHELLE IL - BP (PLANT 0448),DIESEL,-1,-1,0,-1,0,-1,-1,-1,0,w3,-1,0,-1,-1.0,-1.0,-1,-1,-1,200,-1,110,-1,-1,-1,w4,1,2015-06-24 00:00:00,-1,-1,89556,-1,-1,-1,-1,-1,-1,-1,-1,-1,-1,-1,-1,0,-1,-1,-1,-1,0,-1,-1,0,-1,-1,-1,-1,-1,-1,-1,-1.0,-1,-1.0,False,False,0,0,0,0,-1,-1,-1,-1,-1,-1,0,0
2015-06-21,2015-06-21 00:00:00,BP,50 - Commercial,ROCHELLE IL - BP (PLANT 0448),DIESEL,-1,-1,0,-1,0,-1,-1,-1,0,w3,-1,0,-1,-1.0,-1.0,-1,-1,-1,200,-1,110,-1,-1,-1,w4,1,2015-06-24 00:00:00,-1,-1,89556,-1,-1,-1,-1,-1,-1,-1,-1,-1,-1,-1,-1,0,-1,-1,-1,-1,0,-1,-1,0,-1,-1,-1,-1,-1,-1,-1,-1.0,-1,-1.0,False,False,0,0,0,0,-1,-1,-1,-1,-1,-1,0,0
2015-06-22,2015-06-22 00:00:00,BP,50 - Commercial,ROCHELLE IL - BP (PLANT 0448),DIESEL,-1,-1,0,-1,0,-1,-1,-1,0,w3,-1,0,-1,-1.0,-1.0,-1,-1,-1,200,-1,110,-1,-1,-1,w4,1,2015-06-24 00:00:00,-1,-1,89556,-1,-1,-1,-1,-1,-1,-1,-1,-1,-1,-1,-1,0,-1,-1,-1,-1,0,-1,-1,0,-1,-1,-1,-1,-1,-1,-1,-1.0,-1,-1.0,False,False,0,0,0,0,-1,-1,-1,-1,-1,-1,0,0
2015-06-23,2015-06-23 00:00:00,BP,50 - Commercial,ROCHELLE IL - BP (PLANT 0448),DIESEL,-1,-1,0,-1,0,-1,-1,-1,0,w3,-1,0,-1,-1.0,-1.0,-1,-1,-1,200,-1,110,-1,-1,-1,w4,1,2015-06-24 00:00:00,-1,-1,89556,-1,-1,-1,-1,-1,-1,-1,-1,-1,-1,-1,-1,0,-1,-1,-1,-1,0,-1,-1,0,-1,-1,-1,-1,-1,-1,-1,-1.0,-1,-1.0,False,False,0,0,0,0,-1,-1,-1,-1,-1,-1,0,0
2015-06-24,2015-06-24 00:00:00,BP,50 - Commercial,ROCHELLE IL - BP (PLANT 0448),DIESEL,-1,-1,0,-1,0,-1,-1,-1,0,w3,-1,0,-1,-1.0,-1.0,-1,-1,-1,200,-1,110,-1,-1,-1,w5,1,2015-07-01 00:00:00,-1,-1,89556,-1,-1,-1,-1,-1,-1,-1,-1,-1,-1,-1,-1,0,-1,-1,-1,-1,0,-1,-1,0,-1,-1,-1,-1,-1,-1,-1,-1.0,-1,-1.0,False,True,0,0,0,0,-1,-1,-1,-1,-1,-1,0,0
2015-06-25,2015-06-25 00:00:00,BP,50 - Commercial,ROCHELLE IL - BP (PLANT 0448),DIESEL,-1,-1,0,-1,0,-1,-1,-1,0,w3,-1,0,-1,-1.0,-1.0,-1,-1,-1,200,-1,110,-1,-1,-1,w5,1,2015-07-01 00:00:00,-1,-1,89556,-1,-1,-1,-1,-1,-1,-1,-1,-1,-1,-1,-1,0,-1,-1,-1,-1,0,-1,-1,0,-1,-1,-1,-1,-1,-1,-1,-1.0,-1,-1.0,False,False,0,0,0,0,-1,-1,-1,-1,-1,-1,0,0
2015-06-26,2015-06-26 00:00:00,BP,50 - Commercial,ROCHELLE IL - BP (PLANT 0448),DIESEL,-1,-1,0,-1,0,-1,-1,-1,0,w3,-1,0,-1,-1.0,-1.0,-1,-1,-1,200,-1,110,-1,-1,-1,w5,1,2015-07-01 00:00:00,-1,-1,89556,-1,-1,-1,-1,-1,-1,-1,-1,-1,-1,-1,-1,0,-1,-1,-1,-1,0,-1,-1,0,-1,-1,-1,-1,-1,-1,-1,-1.0,-1,-1.0,False,False,0,0,0,0,-1,-1,-1,-1,-1,-1,0,0
2015-06-27,2015-06-27 00:00:00,BP,50 - Commercial,ROCHELLE IL - BP (PLANT 0448),DIESEL,-1,-1,0,-1,0,-1,-1,-1,0,w3,-1,0,-1,-1.0,-1.0,-1,-1,-1,200,-1,110,-1,-1,-1,w5,1,2015-07-01 00:00:00,-1,-1,89556,-1,-1,-1,-1,-1,-1,-1,-1,-1,-1,-1,-1,0,-1,-1,-1,-1,0,-1,-1,0,-1,-1,-1,-1,-1,-1,-1,-1.0,-1,-1.0,False,False,0,0,0,0,-1,-1,-1,-1,-1,-1,0,0
2015-06-28,2015-06-28 00:00:00,BP,50 - Commercial,ROCHELLE IL - BP (PLANT 0448),DIESEL,-1,-1,0,-1,0,-1,-1,-1,0,w3,-1,0,-1,-1.0,-1.0,-1,-1,-1,200,-1,110,-1,-1,-1,w5,1,2015-07-01 00:00:00,-1,-1,89556,-1,-1,-1,-1,-1,-1,-1,-1,-1,-1,-1,-1,0,-1,-1,-1,-1,0,-1,-1,0,-1,-1,-1,-1,-1,-1,-1,-1.0,-1,-1.0,False,False,0,0,0,0,-1,-1,-1,-1,-1,-1,0,0
2015-06-29,2015-06-29 00:00:00,BP,50 - Commercial,ROCHELLE IL - BP (PLANT 0448),DIESEL,-1,-1,0,-1,0,-1,-1,-1,0,w3,-1,0,-1,-1.0,-1.0,-1,-1,-1,200,-1,110,-1,-1,-1,w5,1,2015-07-01 00:00:00,-1,-1,89556,-1,-1,-1,-1,-1,-1,-1,-1,-1,-1,-1,-1,0,-1,-1,-1,-1,0,-1,-1,0,-1,-1,-1,-1,-1,-1,-1,-1.0,-1,-1.0,False,False,0,0,0,0,-1,-1,-1,-1,-1,-1,0,0
2015-06-30,2015-06-30 00:00:00,BP,50 - Commercial,ROCHELLE IL - BP (PLANT 0448),DIESEL,-1,-1,0,-1,0,-1,-1,-1,0,w3,-1,0,-1,-1.0,-1.0,-1,-1,-1,200,-1,110,-1,-1,-1,w5,1,2015-07-01 00:00:00,-1,-1,89556,-1,-1,-1,-1,-1,-1,-1,-1,-1,-1,-1,-1,0,-1,-1,-1,-1,0,-1,-1,0,-1,-1,-1,-1,-1,-1,-1,-1.0,-1,-1.0,False,False,0,0,0,0,-1,-1,-1,-1,-1,-1,0,0
