,date,supplier_name,account_type,supplier_terminal_name,product_name,base_gallons_Daily,base_gallons_Weekly,lifted_gallons_daily_flag,lifted_gallons_daily_modified,Modified_WeeksByLiftedGallons,lifted_gallons_modified_WeeksByLiftedGallons,lifted_gallons_Daily,Lifted_actual_weekly,lifted_gallons_weekly_flag,WeeksByLiftedGallons,lifted_gallonsWeekly_modified_aposteriori,Modified_LiftedGallonsaposteriori,lifted_gallons_Weekly,beginning_gallons_Daily,beginning_gallons_Weekly,en_allocation_status_Daily,en_allocation_status_Weekly,percentage_allocation_Daily_actual,percentage_allocation_Daily,percentage_allocation_Weekly_actual,percentage_allocation_Weekly,alerts_ratability_Daily,alerts_ratability_Weekly,next_refresh_date_Daily,Week_switch,Modified_NRD,next_refresh_date_Weekly,en_account_type_Daily,en_account_type_Weekly,NRB_Daily,next_refresh_base_gallons_Daily,next_refresh_base_gallons_Weekly,remaining_gallons_Daily,remaining_gallons_Weekly,additional_gallons_allowed_Daily,additional_gallons_allowed_Weekly,additional_gallons_remaining_Daily,additional_gallons_remaining_Weekly,staging_id_Daily,staging_id_Weekly,base_gallons_Monthly,Lifted_actual_monthly,lifted_gallons_monthly_flag,lifted_gallons_Monthly,beginning_gallons_Monthly,en_allocation_status_Monthly,percentage_allocation_Monthly_actual,percentage_allocation_Monthly,alerts_ratability_Monthly,next_refresh_date_Monthly,NRB_Monthly,next_refresh_base_gallons_Monthly,remaining_gallons_Monthly,additional_gallons_allowed_Monthly,additional_gallons_remaining_Monthly,base_gallons_Daily_Reconciled,base_gallons_Monthly_Reconciled,base_gallons_Weekly_Reconciled,beginning_gallons_Daily_Reconciled,beginning_gallons_Monthly_Reconciled,beginning_gallons_Weekly_Reconciled,sanityWeekly_CumulativeDaily_WeeksByLiftedGallons,sanityWeekly_CumulativeDaily_NextRefreshDate,computedWeekly,sanityComputedWeekly,computedMonthly,sanityComputedMonthly,remaining_gallons_Daily_Reconciled,remaining_gallons_Monthly_Reconciled,remaining_gallons_Weekly_Reconciled,additional_gallons_remaining_Daily_Reconciled,additional_gallons_remaining_Monthly_Reconciled,additional_gallons_remaining_Weekly_Reconciled,sanityMonthly_CumulativeDaily_WeeksByLiftedGallons,sanityMonthly_CumulativeDaily_WeeksByNextRefreshDate
2015-06-01,2015-06-01 00:00:00,BP,Channel: 50 - Commercial,ROCHELLE IL - BP (PLANT 0448),DIESEL,-1,-1,0,-1,0,-1,-1,-1,0,w1,-1,0,-1,-1.0,-1.0,-1,-1,-1,-1,-1,-1,-1,-1,-1,w1,1,2015-06-03 00:00:00,-1,-1,89556,-1,-1,-1,-1,-1,-1,-1,-1,-1,-1,-1,-1,0,-1,-1,-1,-1,-1,-1,-1,0,-1,-1,-1,-1,-1,-1,-1,-1.0,-1,-1.0,True,True,0,0,0,0,-1,-1,-1,-1,-1,-1,1,1
2015-06-02,2015-06-02 00:00:00,BP,Channel: 50 - Commercial,ROCHELLE IL - BP (PLANT 0448),DIESEL,89556,626889,0,14851,0,14851,14851,635804,0,w1,14851,0,635804,179112.0,689578.0,Available,Available,200%,200,110%,110,-1,-1,06/03 00:00:00 CDT,w1,0,2015-06-03 00:00:00,Contract,Contract,89556,89556,626889,164261,53774,32000,32000,32000,32000,62,63,0,0,0,0,0,0,0,0,0,0,0,0,0,0,0,89556,0,626889,179112.0,0,689577.0,False,False,0,0,0,0,164261,0,53774,-1,-1,-1,0,0
2015-06-03,2015-06-03 00:00:00,BP,Channel: 50 - Commercial,ROCHELLE IL - BP (PLANT 0448),DIESEL,89556,626889,3,126645,0,14856,14856,14856,0,w2,14856,0,14856,179112.0,689578.0,Available,Available,200%,200,110%,110,-1,-1,06/04 00:00:00 CDT,w2,0,2015-06-10 00:00:00,Contract,Contract,89556,89556,626889,164256,674722,0,0,0,0,6057,6058,0,0,0,0,0,0,0,0,0,0,0,0,0,0,0,89556,0,626889,179112.0,0,689577.0,True,False,0,0,0,0,52467,0,674722,-1,-1,-1,0,0
2015-06-04,2015-06-04 00:00:00,BP,Channel: 50 - Commercial,ROCHELLE IL - BP (PLANT 0448),DIESEL,89556,626889,3,66908,1,134153,22364,149009,0,w2,22364,0,149009,179112.0,689578.0,Available,Available,200%,200,110%,110,-1,-1,06/05 00:00:00 CDT,w2,0,2015-06-10 00:00:00,Contract,Contract,89556,89556,626889,156748,540569,0,0,0,0,8797,8798,0,0,0,0,0,0,0,0,0,0,0,0,0,0,0,89556,0,626889,179112.0,0,689577.0,True,False,0,0,0,0,112204,0,540569,-1,-1,-1,0,0
2015-06-05,2015-06-05 00:00:00,BP,Channel: 50 - Commercial,ROCHELLE IL - BP (PLANT 0448),DIESEL,89556,626889,0,7450,1,51994,7450,201003,0,w2,7450,0,201003,179112.0,689578.0,Available,Available,200%,200,110%,110,-1,-1,06/06 00:00:00 CDT,w2,0,2015-06-10 00:00:00,Contract,Contract,89556,89556,626889,171662,488575,0,0,0,0,11479,11480,0,0,0,0,0,0,0,0,0,0,0,0,0,0,0,89556,0,626889,179112.0,0,689577.0,True,True,0,0,0,0,171662,0,488575,-1,-1,-1,0,0
2015-06-06,2015-06-06 00:00:00,BP,Channel: 50 - Commercial,ROCHELLE IL - BP (PLANT 0448),DIESEL,-1,-1,0,-1,0,-1,-1,-1,0,w3,-1,0,-1,-1.0,-1.0,-1,-1,-1,200,-1,110,-1,-1,-1,w2,1,2015-06-10 00:00:00,-1,-1,89556,-1,-1,-1,-1,-1,-1,-1,-1,-1,-1,-1,-1,0,-1,-1,-1,-1,0,-1,-1,0,-1,-1,-1,-1,89556,0,626889,179112.0,0,689577.0,True,False,0,0,0,0,-1,-1,-1,-1,-1,-1,0,0
2015-06-07,2015-06-07 00:00:00,BP,Channel: 50 - Commercial,ROCHELLE IL - BP (PLANT 0448),DIESEL,-1,-1,0,-1,0,-1,-1,-1,0,w3,-1,0,-1,-1.0,-1.0,-1,-1,-1,200,-1,110,-1,-1,-1,w2,1,2015-06-10 00:00:00,-1,-1,89556,-1,-1,-1,-1,-1,-1,-1,-1,-1,-1,-1,-1,0,-1,-1,-1,-1,0,-1,-1,0,-1,-1,-1,-1,-1,-1,-1,-1.0,-1,-1.0,False,False,0,0,0,0,-1,-1,-1,-1,-1,-1,0,0
2015-06-08,2015-06-08 00:00:00,BP,Channel: 50 - Commercial,ROCHELLE IL - BP (PLANT 0448),DIESEL,89556,626889,0,37245,0,37245,37245,327711,0,w3,37245,0,327711,179112.0,689578.0,Available,Available,200%,200,110%,110,-1,-1,06/08 00:00:00 CDT,w2,0,2015-06-10 00:00:00,Contract,Contract,89556,89556,626889,141867,361867,0,0,0,0,13973,13974,0,0,0,0,0,0,0,0,0,0,0,0,0,0,0,89556,0,626889,179112.0,0,689577.0,False,False,0,0,0,0,141867,0,361867,-1,-1,-1,0,0
2015-06-09,2015-06-09 00:00:00,BP,Channel: 50 - Commercial,ROCHELLE IL - BP (PLANT 0448),DIESEL,-1,-1,0,-1,0,-1,-1,-1,0,w4,-1,0,-1,-1.0,-1.0,-1,-1,-1,200,-1,110,-1,-1,-1,w2,1,2015-06-10 00:00:00,-1,-1,89556,-1,-1,-1,-1,-1,-1,-1,-1,-1,-1,-1,-1,0,-1,-1,-1,-1,0,-1,-1,0,-1,-1,-1,-1,89556,0,626889,179112.0,0,689577.0,True,False,0,0,0,0,-1,-1,-1,-1,-1,-1,0,0
2015-06-10,2015-06-10 00:00:00,BP,Channel: 50 - Commercial,ROCHELLE IL - BP (PLANT 0448),DIESEL,89556,626889,3,74350,0,0,0,0,0,w4,0,0,0,179112.0,689578.0,Available,Available,200%,200,110%,110,-1,-1,06/11 00:00:00 CDT,w3,0,2015-06-17 00:00:00,Contract,Contract,89556,89556,626889,179112,689578,0,0,0,0,20608,20609,0,0,0,0,0,0,0,0,0,0,0,0,0,0,0,89556,0,626889,179112.0,0,689577.0,False,False,74350,True,0,0,104762,0,689578,-1,-1,-1,0,0
2015-06-11,2015-06-11 00:00:00,BP,Channel: 50 - Commercial,ROCHELLE IL - BP (PLANT 0448),DIESEL,89556,626889,0,7410,1,81760,7410,81760,0,w4,7410,0,81760,179112.0,689578.0,Available,Available,200%,200,110%,110,-1,-1,06/12 00:00:00 CDT,w3,0,2015-06-17 00:00:00,Contract,Contract,89556,89556,626889,171702,607818,0,0,0,0,23383,23384,0,0,0,0,0,0,0,0,0,0,0,0,0,0,0,89556,0,626889,179112.0,0,689577.0,False,True,81760,True,0,0,171702,0,607818,-1,-1,-1,0,0
2015-06-12,2015-06-12 00:00:00,BP,Channel: 50 - Commercial,ROCHELLE IL - BP (PLANT 0448),DIESEL,-1,-1,4,156319,0,-1,-1,-1,4,w5,-1,0,238079,-1.0,-1.0,-1,-1,-1,200,-1,110,-1,-1,-1,w3,1,2015-06-17 00:00:00,-1,-1,89556,-1,-1,-1,-1,-1,-1,-1,-1,-1,-1,-1,-1,0,-1,-1,-1,-1,0,-1,-1,0,-1,-1,-1,-1,89556,0,626889,179112.0,0,689577.0,True,True,238079,True,0,0,-1,-1,-1,-1,-1,-1,0,0
2015-06-13,2015-06-13 00:00:00,BP,Channel: 50 - Commercial,ROCHELLE IL - BP (PLANT 0448),DIESEL,89556,626889,3,35821,0,35821,35821,273900,0,w5,35821,0,273900,179112.0,689578.0,Available,Available,200%,200,110%,110,-1,-1,06/14 00:00:00 CDT,w3,0,2015-06-17 00:00:00,Contract,Contract,89556,89556,626889,143291,415678,0,0,0,0,51067,51068,0,0,0,0,0,0,0,0,0,0,0,0,0,0,0,89556,0,626889,179112.0,0,689577.0,False,True,273900,True,0,0,143291,0,415678,-1,-1,-1,0,0
2015-06-14,2015-06-14 00:00:00,BP,Channel: 50 - Commercial,ROCHELLE IL - BP (PLANT 0448),DIESEL,89556,626889,3,37321,0,29871,29871,303771,0,w5,29871,0,303771,179112.0,689578.0,Available,Available,200%,200,110%,110,-1,-1,06/15 00:00:00 CDT,w3,0,2015-06-17 00:00:00,Contract,Contract,89556,89556,626889,149241,385807,0,0,0,0,70851,70852,0,0,0,0,0,0,0,0,0,0,0,0,0,0,0,89556,0,626889,179112.0,0,689577.0,False,False,311221,True,0,0,141791,0,385807,-1,-1,-1,0,0
2015-06-15,2015-06-15 00:00:00,BP,Channel: 50 - Commercial,ROCHELLE IL - BP (PLANT 0448),DIESEL,89556,626889,3,51968,1,52007,44557,355778,0,w5,44557,0,355778,179112.0,689578.0,Available,Available,200%,200,110%,110,-1,-1,06/16 00:00:00 CDT,w3,0,2015-06-17 00:00:00,Contract,Contract,89556,89556,626889,134555,333800,0,0,0,0,101469,101470,0,0,0,0,0,0,0,0,0,0,0,0,0,0,0,89556,0,626889,179112.0,0,689577.0,False,False,363189,True,0,0,127144,0,333800,-1,-1,-1,0,0
2015-06-16,2015-06-16 00:00:00,BP,Channel: 50 - Commercial,ROCHELLE IL - BP (PLANT 0448),DIESEL,89556,626889,0,89165,1,96576,89165,452354,0,w5,89165,0,452354,179112.0,689578.0,Available,Available,200%,200,110%,110,-1,-1,06/17 00:00:00 CDT,w3,0,2015-06-17 00:00:00,Contract,Contract,89556,89556,626889,89947,237224,0,0,0,0,123686,123687,0,0,0,0,0,0,0,0,0,0,0,0,0,0,0,89556,0,626889,179112.0,0,689577.0,False,True,452354,True,0,0,89947,0,237224,-1,-1,-1,0,0
2015-06-17,2015-06-17 00:00:00,BP,Channel: 50 - Commercial,ROCHELLE IL - BP (PLANT 0448),DIESEL,89556,626889,3,156223,0,148772,148772,148772,0,w6,148772,0,148772,179112.0,689578.0,Available,Available,200%,200,110%,110,-1,-1,06/18 00:00:00 CDT,w4,0,2015-06-24 00:00:00,Contract,Contract,89556,89556,626889,30340,540806,0,0,0,0,142294,142295,0,0,0,0,0,0,0,0,0,0,0,0,0,0,0,89556,0,626889,179112.0,0,689577.0,True,False,156223,True,0,0,22889,0,540806,-1,-1,-1,0,0
2015-06-18,2015-06-18 00:00:00,BP,Channel: 50 - Commercial,ROCHELLE IL - BP (PLANT 0448),DIESEL,89556,626889,3,96390,1,88993,81542,237765,0,w6,81542,0,237765,179112.0,689578.0,Available,Available,200%,200,110%,110,-1,-1,06/19 00:00:00 CDT,w4,0,2015-06-24 00:00:00,Contract,Contract,89556,89556,626889,97570,451813,0,0,0,0,161092,161093,0,0,0,0,0,0,0,0,0,0,0,0,0,0,0,89556,0,626889,179112.0,0,689577.0,True,False,252613,True,0,0,82722,0,451813,-1,-1,-1,0,0
2015-06-19,2015-06-19 00:00:00,BP,Channel: 50 - Commercial,ROCHELLE IL - BP (PLANT 0448),DIESEL,89556,626889,3,37417,1,52265,37417,290030,0,w6,37417,0,290030,179112.0,689578.0,Available,Available,200%,200,110%,110,-1,-1,06/20 00:00:00 CDT,w4,0,2015-06-24 00:00:00,Contract,Contract,89556,89556,626889,141695,399548,0,0,0,0,177496,177497,0,0,0,0,0,0,0,0,0,0,0,0,0,0,0,89556,0,626889,179112.0,0,689577.0,True,True,290030,True,0,0,141695,0,399548,-1,-1,-1,0,0
2015-06-20,2015-06-20 00:00:00,BP,Channel: 50 - Commercial,ROCHELLE IL - BP (PLANT 0448),DIESEL,89556,626889,3,43060,0,43060,43060,333090,0,w6,43060,0,333090,179112.0,689578.0,Available,Available,200%,200,110%,110,-1,-1,06/21 00:00:00 CDT,w4,0,2015-06-24 00:00:00,Contract,Contract,89556,89556,626889,136052,356488,0,0,0,0,190972,190973,0,0,0,0,0,0,0,0,0,0,0,0,0,0,0,89556,0,626889,179112.0,0,689577.0,True,True,333090,True,0,0,136052,0,356488,-1,-1,-1,0,0
2015-06-21,2015-06-21 00:00:00,BP,Channel: 50 - Commercial,ROCHELLE IL - BP (PLANT 0448),DIESEL,89556,626889,3,44679,0,44679,44679,377769,0,w6,44679,0,377769,179112.0,689578.0,Available,Available,200%,200,110%,110,-1,-1,06/22 00:00:00 CDT,w4,0,2015-06-24 00:00:00,Contract,Contract,89556,89556,626889,134433,311809,0,0,0,0,217314,217315,0,0,0,0,0,0,0,0,0,0,0,0,0,0,0,89556,0,626889,179112.0,0,689577.0,True,True,377769,True,0,0,134433,0,311809,-1,-1,-1,0,0
2015-06-22,2015-06-22 00:00:00,BP,Channel: 50 - Commercial,ROCHELLE IL - BP (PLANT 0448),DIESEL,89556,626889,3,74268,0,66858,66858,444627,0,w6,66858,0,444627,179112.0,689578.0,Available,Available,200%,200,110%,110,-1,-1,06/23 00:00:00 CDT,w4,0,2015-06-24 00:00:00,Contract,Contract,89556,89556,626889,112254,244951,0,0,0,0,239299,239300,0,0,0,0,0,0,0,0,0,0,0,0,0,0,0,89556,0,626889,179112.0,0,689577.0,True,False,452037,True,0,0,104844,0,244951,-1,-1,-1,0,0
2015-06-23,2015-06-23 00:00:00,BP,Channel: 50 - Commercial,ROCHELLE IL - BP (PLANT 0448),DIESEL,89556,626889,0,66935,1,74345,66935,518972,0,w6,66935,0,518972,179112.0,689578.0,Available,Available,200%,200,110%,110,-1,-1,06/24 00:00:00 CDT,w4,0,2015-06-24 00:00:00,Contract,Contract,89556,89556,626889,112177,170606,0,0,0,0,278190,278191,0,0,0,0,0,0,0,0,0,0,0,0,0,0,0,89556,0,626889,179112.0,0,689577.0,True,True,518972,True,0,0,112177,0,170606,-1,-1,-1,0,0
2015-06-24,2015-06-24 00:00:00,BP,Channel: 50 - Commercial,ROCHELLE IL - BP (PLANT 0448),DIESEL,89556,626889,3,81824,0,74412,74412,74412,0,w7,74412,0,74412,179112.0,689578.0,Available,Available,200%,200,110%,110,-1,-1,06/25 00:00:00 CDT,w5,0,2015-07-01 00:00:00,Contract,Contract,89556,89556,513710,104700,615166,0,0,0,0,307374,307375,0,0,0,0,0,0,0,0,0,0,0,0,0,0,0,89556,0,626889,179112.0,0,689577.0,True,False,81824,True,0,0,97288,0,615166,-1,-1,-1,0,0
2015-06-25,2015-06-25 00:00:00,BP,Channel: 50 - Commercial,ROCHELLE IL - BP (PLANT 0448),DIESEL,89556,626889,3,59434,1,59347,51935,133759,0,w7,51935,0,133759,179112.0,689578.0,Available,Available,200%,200,110%,110,-1,-1,06/26 00:00:00 CDT,w5,0,2015-07-01 00:00:00,Contract,Contract,89556,89556,513710,127177,555819,0,0,0,0,338704,338705,0,0,0,0,0,0,0,0,0,0,0,0,0,0,0,89556,0,626889,179112.0,0,689577.0,True,False,141258,True,0,0,119678,0,555819,-1,-1,-1,0,0
2015-06-26,2015-06-26 00:00:00,BP,Channel: 50 - Commercial,ROCHELLE IL - BP (PLANT 0448),DIESEL,89556,626889,3,89511,1,89506,82007,223265,0,w7,82007,0,223265,179112.0,689578.0,Available,Available,200%,200,110%,110,-1,-1,06/27 00:00:00 CDT,w5,0,2015-07-01 00:00:00,Contract,Contract,89556,89556,513710,97105,466313,0,0,0,0,369012,369013,0,0,0,0,0,0,0,0,0,0,0,0,0,0,0,89556,0,626889,179112.0,0,689577.0,True,False,230769,True,0,0,89601,0,466313,-1,-1,-1,0,0
2015-06-27,2015-06-27 00:00:00,BP,Channel: 50 - Commercial,ROCHELLE IL - BP (PLANT 0448),DIESEL,89556,626889,3,57910,1,58002,50498,281267,0,w7,50498,0,281267,179112.0,689578.0,Available,Available,200%,200,110%,110,-1,-1,06/28 00:00:00 CDT,w5,0,2015-07-01 00:00:00,Contract,Contract,89556,89556,513710,128614,408311,0,0,0,0,396094,396095,0,0,0,0,0,0,0,0,0,0,0,0,0,0,0,89556,0,626889,179112.0,0,689577.0,True,False,288679,True,0,0,121202,0,408311,-1,-1,-1,0,0
2015-06-28,2015-06-28 00:00:00,BP,Channel: 50 - Commercial,ROCHELLE IL - BP (PLANT 0448),DIESEL,89556,626889,3,59847,1,67259,59847,348526,0,w7,59847,0,348526,179112.0,689578.0,Available,Available,200%,200,110%,110,-1,-1,06/29 00:00:00 CDT,w5,0,2015-07-01 00:00:00,Contract,Contract,89556,89556,513710,119265,341052,0,0,0,0,420458,420459,0,0,0,0,0,0,0,0,0,0,0,0,0,0,0,89556,0,626889,179112.0,0,689577.0,True,True,348526,True,0,0,119265,0,341052,-1,-1,-1,0,0
2015-06-29,2015-06-29 00:00:00,BP,Channel: 50 - Commercial,ROCHELLE IL - BP (PLANT 0448),DIESEL,89556,626889,3,74264,0,66852,66852,415378,0,w7,66852,0,415378,179112.0,689578.0,Available,Available,200%,200,110%,110,-1,-1,06/30 00:00:00 CDT,w5,0,2015-07-01 00:00:00,Contract,Contract,89556,89556,513710,112260,274200,0,0,0,0,451274,451275,0,0,0,0,0,0,0,0,0,0,0,0,0,0,0,89556,0,626889,179112.0,0,689577.0,True,False,422790,True,0,0,104848,0,274200,-1,-1,-1,0,0
2015-06-30,2015-06-30 00:00:00,BP,Channel: 50 - Commercial,ROCHELLE IL - BP (PLANT 0448),DIESEL,89556,626889,0,96936,1,104348,96936,519726,0,w7,96936,0,519726,179112.0,689578.0,Available,Available,200%,200,110%,110,-1,-1,07/01 00:00:00 CDT,w5,0,2015-07-01 00:00:00,Contract,Contract,73387,73387,513710,82176,169852,0,0,0,0,477936,477937,0,0,0,0,0,0,0,0,0,0,0,0,0,0,0,89556,0,626889,179112.0,0,689577.0,True,True,519726,True,0,0,82176,0,169852,-1,-1,-1,0,0
