,date,supplier_name,account_type,supplier_terminal_name,product_name,base_gallons_Daily,base_gallons_Weekly,lifted_gallons_daily_flag,lifted_gallons_daily_modified,Modified_WeeksByLiftedGallons,lifted_gallons_modified_WeeksByLiftedGallons,lifted_gallons_Daily,Lifted_actual_weekly,lifted_gallons_weekly_flag,WeeksByLiftedGallons,lifted_gallonsWeekly_modified_aposteriori,Modified_LiftedGallonsaposteriori,lifted_gallons_Weekly,beginning_gallons_Daily,beginning_gallons_Weekly,en_allocation_status_Daily,en_allocation_status_Weekly,percentage_allocation_Daily,percentage_allocation_Weekly,alerts_ratability_Daily,alerts_ratability_Weekly,next_refresh_date_Daily,Week_switch,Modified_NRD,next_refresh_date_Weekly,en_account_type_Daily,en_account_type_Weekly,NRB_Daily,next_refresh_base_gallons_Daily,next_refresh_base_gallons_Weekly,remaining_gallons_Daily,remaining_gallons_Weekly,additional_gallons_allowed_Daily,additional_gallons_allowed_Weekly,additional_gallons_remaining_Daily,additional_gallons_remaining_Weekly,staging_id_Daily,staging_id_Weekly,base_gallons_Monthly,Lifted_actual_monthly,lifted_gallons_monthly_flag,lifted_gallons_Monthly,beginning_gallons_Monthly,en_allocation_status_Monthly,percentage_allocation_Monthly,alerts_ratability_Monthly,next_refresh_date_Monthly,NRB_Monthly,next_refresh_base_gallons_Monthly,remaining_gallons_Monthly,additional_gallons_allowed_Monthly,additional_gallons_remaining_Monthly,base_gallons_Daily_Reconciled,base_gallons_Monthly_Reconciled,beginning_gallons_Daily_Reconciled,beginning_gallons_Monthly_Reconciled,beginning_gallons_Weekly_Reconciled,sanityWeekly_CumulativeDaily_WeeksByLiftedGallons,sanityWeekly_CumulativeDaily_NextRefreshDate,computedWeekly,computedMonthly,sanityComputedMonthly,remaining_gallons_Daily_Reconciled,remaining_gallons_Monthly_Reconciled,remaining_gallons_Weekly_Reconciled,additional_gallons_remaining_Daily_Reconciled,additional_gallons_remaining_Monthly_Reconciled,additional_gallons_remaining_Weekly_Reconciled,sanityMonthly_CumulativeDaily_WeeksByLiftedGallons,sanityMonthly_CumulativeDaily_WeeksByNextRefreshDate
2015-07-01,2015-07-01 00:00:00,BP,Channel: 50 - Commercial,CUYAHOGA OH - BUCKEYE (PLANT 9178),DIESEL,38710,270968,0,15201,0,15201,15201,15201,0,w1,15201,0,15201,77420.0,298065.0,Available,Available,200,110,,,07/02 00:00:00 EDT,w1,0,2015-07-08 00:00:00,Contract,Contract,38710,38710,270968,62219,282864,0,0,0,0,508153,508154,0,0,0,0,0,0,0,0,0,0,0,0,0,0,38710,-1,77420,0,298065,True,True,15201,0,0,62219,0,282864,-1,-1,-1,0,0
2015-07-02,2015-07-02 00:00:00,BP,Channel: 50 - Commercial,CUYAHOGA OH - BUCKEYE (PLANT 9178),DIESEL,38710,270968,0,30402,0,30402,30402,45603,0,w1,30402,0,45603,77420.0,298065.0,Available,Available,200,110,,,07/03 00:00:00 EDT,w1,0,2015-07-08 00:00:00,Contract,Contract,38710,38710,270968,47018,252462,0,0,0,0,528378,528379,0,0,0,0,0,0,0,0,0,0,0,0,0,0,38710,-1,77420,0,298065,True,True,45603,0,0,47018,0,252462,-1,-1,-1,0,0
2015-07-03,2015-07-03 00:00:00,BP,Channel: 50 - Commercial,CUYAHOGA OH - BUCKEYE (PLANT 9178),DIESEL,38710,270968,3,22706,1,22706,7504,68309,0,w1,7504,0,68309,77420.0,298065.0,Available,Available,200,110,,,07/04 00:00:00 EDT,w1,0,2015-07-08 00:00:00,Contract,Contract,38710,38710,270968,69916,229756,0,0,0,0,535996,535997,0,0,0,0,0,0,0,0,0,0,0,0,0,0,38710,-1,77420,0,298065,True,True,68309,0,0,54714,0,229756,-1,-1,-1,0,0
2015-07-04,2015-07-04 00:00:00,BP,Channel: 50 - Commercial,CUYAHOGA OH - BUCKEYE (PLANT 9178),DIESEL,38710,270968,3,7504,1,7504,0,75813,0,w1,0,0,75813,77420.0,298065.0,Available,Available,200,110,,,07/05 00:00:00 EDT,w1,0,2015-07-08 00:00:00,Contract,Contract,38710,38710,270968,77420,222252,0,0,0,0,542281,542282,0,0,0,0,0,0,0,0,0,0,0,0,0,0,38710,-1,77420,0,298065,True,True,75813,0,0,69916,0,222252,-1,-1,-1,0,0
2015-07-05,2015-07-05 00:00:00,BP,Channel: 50 - Commercial,CUYAHOGA OH - BUCKEYE (PLANT 9178),DIESEL,38710,270968,3,7599,1,7599,0,83412,0,w1,0,0,83412,77420.0,298065.0,Available,Available,200,110,,,07/06 00:00:00 EDT,w1,0,2015-07-08 00:00:00,Contract,Contract,38710,38710,270968,77420,214653,0,0,0,0,548725,548726,0,0,0,0,0,0,0,0,0,0,0,0,0,0,38710,-1,77420,0,298065,True,True,83412,0,0,69821,0,214653,-1,-1,-1,0,0
2015-07-06,2015-07-06 00:00:00,BP,Channel: 50 - Commercial,CUYAHOGA OH - BUCKEYE (PLANT 9178),DIESEL,38710,270968,0,0,0,0,0,83412,0,w1,0,0,83412,77420.0,298065.0,Available,Available,200,110,,,07/07 00:00:00 EDT,w1,0,2015-07-08 00:00:00,Contract,Contract,38710,38710,270968,77420,214653,0,0,0,0,555041,555042,0,0,0,0,0,0,0,0,0,0,0,0,0,0,38710,-1,77420,0,298065,True,True,83412,0,0,77420,0,214653,-1,-1,-1,0,0
2015-07-07,2015-07-07 00:00:00,BP,Channel: 50 - Commercial,CUYAHOGA OH - BUCKEYE (PLANT 9178),DIESEL,38710,270968,0,90884,0,90884,90884,174296,0,w1,90884,0,174296,77420.0,298065.0,Out,Out,200,110,,,07/08 00:00:00 EDT,w1,0,2015-07-08 00:00:00,Contract,Contract,38710,38710,270968,0,137233,8000,8000,5464,5464,568054,568055,0,0,0,0,0,0,0,0,0,0,0,0,0,0,38710,-1,77420,0,298065,True,True,174296,0,0,-13464,0,123769,8000,-1,-1,0,0
2015-07-08,2015-07-08 00:00:00,BP,Channel: 50 - Commercial,CUYAHOGA OH - BUCKEYE (PLANT 9178),DIESEL,38710,270968,0,29228,0,29228,29228,29228,0,w2,29228,0,29228,77420.0,298065.0,Available,Available,200,110,,,07/09 00:00:00 EDT,w2,0,2015-07-15 00:00:00,Contract,Contract,38710,38710,270968,48192,268837,0,0,0,0,578076,578077,0,0,0,0,0,0,0,0,0,0,0,0,0,0,38710,-1,77420,0,298065,True,True,0,0,0,48192,0,268837,-1,-1,-1,0,0
2015-07-09,2015-07-09 00:00:00,BP,Channel: 50 - Commercial,CUYAHOGA OH - BUCKEYE (PLANT 9178),DIESEL,38710,270968,4,34423,0,-1,-1,-1,4,w3,-1,0,63651,77420.0,298065.0,-1,-1,100,100,-1,-1,-1,w2,1,2015-07-15 00:00:00,-1,-1,38710,-1,-1,-1,-1,-1,-1,-1,-1,-1,-1,0,-1,0,-1,0,-1,100,-1,-1,0,-1,-1,-1,-1,77420,-1,38710,0,270968,True,True,0,0,0,42997,1,234414,-1,-1,-1,0,0
2015-07-10,2015-07-10 00:00:00,BP,Channel: 50 - Commercial,CUYAHOGA OH - BUCKEYE (PLANT 9178),DIESEL,38710,270968,0,30505,0,30505,30505,94156,0,w3,30505,0,94156,77420.0,298065.0,Available,Available,200,110,,,07/11 00:00:00 EDT,w2,0,2015-07-15 00:00:00,Contract,Contract,38710,38710,270968,46915,203909,0,0,0,0,609043,609044,0,0,0,0,0,0,0,0,0,0,0,0,0,0,38710,-1,77420,0,298065,False,True,0,0,0,46915,0,203909,-1,-1,-1,0,0
2015-07-11,2015-07-11 00:00:00,BP,Channel: 50 - Commercial,CUYAHOGA OH - BUCKEYE (PLANT 9178),DIESEL,38710,270968,0,22713,0,22713,22713,116869,0,w3,22713,0,116869,77420.0,298065.0,Available,Available,200,110,,,07/12 00:00:00 EDT,w2,0,2015-07-15 00:00:00,Contract,Contract,38710,38710,270968,54707,181196,0,0,0,0,639283,639284,0,0,0,0,0,0,0,0,0,0,0,0,0,0,38710,-1,77420,0,298065,False,True,0,0,0,54707,0,181196,-1,-1,-1,0,0
2015-07-12,2015-07-12 00:00:00,BP,Channel: 50 - Commercial,CUYAHOGA OH - BUCKEYE (PLANT 9178),DIESEL,38710,270968,0,-1,0,-1,-1,-1,0,w4,-1,0,-1,77420.0,298065.0,-1,-1,100,100,-1,-1,-1,w2,1,2015-07-15 00:00:00,-1,-1,38710,-1,-1,-1,-1,-1,-1,-1,-1,-1,-1,0,-1,0,-1,0,-1,100,-1,-1,0,-1,-1,-1,-1,77420,-1,38710,0,270968,True,False,0,0,0,77421,1,298066,-1,-1,-1,0,0
2015-07-13,2015-07-13 00:00:00,BP,Channel: 50 - Commercial,CUYAHOGA OH - BUCKEYE (PLANT 9178),DIESEL,38710,270968,0,-1,0,-1,-1,-1,0,w4,-1,0,-1,77420.0,298065.0,-1,-1,100,100,-1,-1,-1,w2,1,2015-07-15 00:00:00,-1,-1,38710,-1,-1,-1,-1,-1,-1,-1,-1,-1,-1,0,-1,0,-1,0,-1,100,-1,-1,0,-1,-1,-1,-1,77420,-1,38710,0,270968,False,False,0,0,0,77421,1,298066,-1,-1,-1,0,0
2015-07-14,2015-07-14 00:00:00,BP,Channel: 50 - Commercial,CUYAHOGA OH - BUCKEYE (PLANT 9178),DIESEL,38710,270968,0,83064,0,83064,83064,245542,0,w4,83064,0,245542,77420.0,298065.0,Out,Out,200,110,,,07/15 00:00:00 EDT,w2,0,2015-07-15 00:00:00,Contract,Contract,38710,38710,270968,-5644,52523,0,0,0,0,731159,731160,0,0,0,0,0,0,0,0,0,0,0,0,0,0,38710,-1,77420,0,298065,False,False,0,0,0,-5644,0,52523,-1,-1,-1,0,0
2015-07-15,2015-07-15 00:00:00,BP,Channel: 50 - Commercial,CUYAHOGA OH - BUCKEYE (PLANT 9178),DIESEL,38710,270968,0,37703,0,37703,37703,37703,0,w5,37703,0,37703,77420.0,298065.0,Available,Available,200,110,,,07/16 00:00:00 EDT,w3,0,2015-07-22 00:00:00,Contract,Contract,38710,38710,270968,39717,260362,0,0,0,0,756379,756380,0,0,0,0,0,0,0,0,0,0,0,0,0,0,38710,-1,77420,0,298065,True,True,37703,0,0,39717,0,260362,-1,-1,-1,0,0
2015-07-16,2015-07-16 00:00:00,BP,Channel: 50 - Commercial,CUYAHOGA OH - BUCKEYE (PLANT 9178),DIESEL,38710,270968,0,15107,0,15107,15107,52810,0,w5,15107,0,52810,77420.0,298065.0,Available,Available,200,110,,,07/17 00:00:00 EDT,w3,0,2015-07-22 00:00:00,Contract,Contract,38710,38710,270968,62313,245255,0,0,0,0,789681,789682,0,0,0,0,0,0,0,0,0,0,0,0,0,0,38710,-1,77420,0,298065,True,True,52810,0,0,62313,0,245255,-1,-1,-1,0,0
2015-07-17,2015-07-17 00:00:00,BP,Channel: 50 - Commercial,CUYAHOGA OH - BUCKEYE (PLANT 9178),DIESEL,38710,270968,0,53013,0,53013,53013,105823,0,w5,53013,0,105823,77420.0,298065.0,Available,Available,200,110,,,07/18 00:00:00 EDT,w3,0,2015-07-22 00:00:00,Contract,Contract,38710,38710,270968,24407,192242,0,0,0,0,821705,821706,0,0,0,0,0,0,0,0,0,0,0,0,0,0,38710,-1,77420,0,298065,True,True,105823,0,0,24407,0,192242,-1,-1,-1,0,0
2015-07-18,2015-07-18 00:00:00,BP,Channel: 50 - Commercial,CUYAHOGA OH - BUCKEYE (PLANT 9178),DIESEL,38710,270968,0,60531,0,60531,60531,166354,0,w5,60531,0,166354,77420.0,298065.0,Available,Available,200,110,,,07/19 00:00:00 EDT,w3,0,2015-07-22 00:00:00,Contract,Contract,38710,38710,270968,16889,131711,0,0,0,0,852167,852168,0,0,0,0,0,0,0,0,0,0,0,0,0,0,38710,-1,77420,0,298065,True,True,166354,0,0,16889,0,131711,-1,-1,-1,0,0
2015-07-19,2015-07-19 00:00:00,BP,Channel: 50 - Commercial,CUYAHOGA OH - BUCKEYE (PLANT 9178),DIESEL,38710,270968,0,60524,0,60524,60524,226878,0,w5,60524,0,226878,77420.0,298065.0,Available,Available,200,110,,,07/20 00:00:00 EDT,w3,0,2015-07-22 00:00:00,Contract,Contract,38710,38710,270968,16896,71187,0,0,0,0,883428,883429,0,0,0,0,0,0,0,0,0,0,0,0,0,0,38710,-1,77420,0,298065,True,True,226878,0,0,16896,0,71187,-1,-1,-1,0,0
2015-07-20,2015-07-20 00:00:00,BP,Channel: 50 - Commercial,CUYAHOGA OH - BUCKEYE (PLANT 9178),DIESEL,38710,270968,0,45519,0,45519,45519,272397,0,w5,45519,0,272397,77420.0,298065.0,Available,Available,200,110,,,07/21 00:00:00 EDT,w3,0,2015-07-22 00:00:00,Contract,Contract,38710,38710,270968,31901,25668,8000,8000,8000,8000,913794,913795,0,0,0,0,0,0,0,0,0,0,0,0,0,0,38710,-1,77420,0,298065,True,True,272397,0,0,31901,0,25668,-1,-1,-1,0,0
2015-07-21,2015-07-21 00:00:00,BP,Channel: 50 - Commercial,CUYAHOGA OH - BUCKEYE (PLANT 9178),DIESEL,38710,270968,0,22912,0,22912,22912,295309,0,w5,22912,0,295309,77420.0,298065.0,Available,Available,200,110,,,07/22 00:00:00 EDT,w3,0,2015-07-22 00:00:00,Contract,Contract,38710,38710,270968,54508,2756,8000,8000,8000,8000,934336,934337,0,0,0,0,0,0,0,0,0,0,0,0,0,0,38710,-1,77420,0,298065,True,True,295309,0,0,54508,0,2756,-1,-1,-1,0,0
2015-07-22,2015-07-22 00:00:00,BP,Channel: 50 - Commercial,CUYAHOGA OH - BUCKEYE (PLANT 9178),DIESEL,38710,270968,0,68332,0,68332,68332,68332,0,w6,68332,0,68332,77420.0,298065.0,Available,Available,200,110,,,07/23 00:00:00 EDT,w4,0,2015-07-29 00:00:00,Contract,Contract,38710,38710,270968,9088,229733,0,0,0,0,976412,976413,0,0,0,0,0,0,0,0,0,0,0,0,0,0,38710,-1,77420,0,298065,True,True,0,0,0,9088,0,229733,-1,-1,-1,0,0
2015-07-23,2015-07-23 00:00:00,BP,Channel: 50 - Commercial,CUYAHOGA OH - BUCKEYE (PLANT 9178),DIESEL,38710,270968,0,68428,0,68428,68428,136760,0,w6,68428,0,136760,77420.0,298065.0,Available,Available,200,110,,,07/24 00:00:00 EDT,w4,0,2015-07-29 00:00:00,Contract,Contract,38710,38710,270968,8992,161305,8000,8000,8000,8000,994621,994622,0,0,0,0,0,0,0,0,0,0,0,0,0,0,38710,-1,77420,0,298065,True,True,0,0,0,8992,0,161305,-1,-1,-1,0,0
2015-07-24,2015-07-24 00:00:00,BP,Channel: 50 - Commercial,CUYAHOGA OH - BUCKEYE (PLANT 9178),DIESEL,38710,270968,0,-1,0,-1,-1,-1,0,w7,-1,0,-1,77420.0,298065.0,-1,-1,100,100,-1,-1,-1,w4,1,2015-07-29 00:00:00,-1,-1,38710,-1,-1,-1,-1,-1,-1,-1,-1,-1,-1,0,-1,0,-1,0,-1,100,-1,-1,0,-1,-1,-1,-1,77420,-1,38710,0,270968,True,False,0,0,0,77421,1,298066,-1,-1,-1,0,0
2015-07-25,2015-07-25 00:00:00,BP,Channel: 50 - Commercial,CUYAHOGA OH - BUCKEYE (PLANT 9178),DIESEL,38710,270968,0,-1,0,-1,-1,-1,0,w7,-1,0,-1,77420.0,298065.0,-1,-1,100,100,-1,-1,-1,w4,1,2015-07-29 00:00:00,-1,-1,38710,-1,-1,-1,-1,-1,-1,-1,-1,-1,-1,0,-1,0,-1,0,-1,100,-1,-1,0,-1,-1,-1,-1,77420,-1,38710,0,270968,False,False,0,0,0,77421,1,298066,-1,-1,-1,0,0
2015-07-26,2015-07-26 00:00:00,BP,Channel: 50 - Commercial,CUYAHOGA OH - BUCKEYE (PLANT 9178),DIESEL,38710,270968,0,-1,0,-1,-1,-1,0,w7,-1,0,-1,77420.0,298065.0,-1,-1,100,100,-1,-1,-1,w4,1,2015-07-29 00:00:00,-1,-1,38710,-1,-1,-1,-1,-1,-1,-1,-1,-1,-1,0,-1,0,-1,0,-1,100,-1,-1,0,-1,-1,-1,-1,77420,-1,38710,0,270968,False,False,0,0,0,77421,1,298066,-1,-1,-1,0,0
2015-07-27,2015-07-27 00:00:00,BP,Channel: 50 - Commercial,CUYAHOGA OH - BUCKEYE (PLANT 9178),DIESEL,38710,270968,0,-1,0,-1,-1,-1,0,w7,-1,0,-1,77420.0,298065.0,-1,-1,100,100,-1,-1,-1,w4,1,2015-07-29 00:00:00,-1,-1,38710,-1,-1,-1,-1,-1,-1,-1,-1,-1,-1,0,-1,0,-1,0,-1,100,-1,-1,0,-1,-1,-1,-1,77420,-1,38710,0,270968,False,False,0,0,0,77421,1,298066,-1,-1,-1,0,0
2015-07-28,2015-07-28 00:00:00,BP,Channel: 50 - Commercial,CUYAHOGA OH - BUCKEYE (PLANT 9178),DIESEL,38710,270968,0,-1,0,-1,-1,-1,0,w7,-1,0,-1,77420.0,298065.0,-1,-1,100,100,-1,-1,-1,w4,1,2015-07-29 00:00:00,-1,-1,38710,-1,-1,-1,-1,-1,-1,-1,-1,-1,-1,0,-1,0,-1,0,-1,100,-1,-1,0,-1,-1,-1,-1,77420,-1,38710,0,270968,False,False,0,0,0,77421,1,298066,-1,-1,-1,0,0
2015-07-29,2015-07-29 00:00:00,BP,Channel: 50 - Commercial,CUYAHOGA OH - BUCKEYE (PLANT 9178),DIESEL,38710,270968,0,-1,0,-1,-1,-1,0,w7,-1,0,-1,77420.0,298065.0,-1,-1,100,100,-1,-1,-1,w5,1,2015-08-05 00:00:00,-1,-1,38710,-1,-1,-1,-1,-1,-1,-1,-1,-1,-1,0,-1,0,-1,0,-1,100,-1,-1,0,-1,-1,-1,-1,77420,-1,38710,0,270968,False,True,0,0,0,77421,1,298066,-1,-1,-1,0,0
2015-07-30,2015-07-30 00:00:00,BP,Channel: 50 - Commercial,CUYAHOGA OH - BUCKEYE (PLANT 9178),DIESEL,38710,270968,0,-1,0,-1,-1,-1,0,w7,-1,0,-1,77420.0,298065.0,-1,-1,100,100,-1,-1,-1,w5,1,2015-08-05 00:00:00,-1,-1,38710,-1,-1,-1,-1,-1,-1,-1,-1,-1,-1,0,-1,0,-1,0,-1,100,-1,-1,0,-1,-1,-1,-1,77420,-1,38710,0,270968,False,False,0,0,0,77421,1,298066,-1,-1,-1,0,0
2015-07-31,2015-07-31 00:00:00,BP,Channel: 50 - Commercial,CUYAHOGA OH - BUCKEYE (PLANT 9178),DIESEL,38710,270968,0,-1,0,-1,-1,-1,0,w7,-1,0,-1,77420.0,298065.0,-1,-1,100,100,-1,-1,-1,w5,1,2015-08-05 00:00:00,-1,-1,38710,-1,-1,-1,-1,-1,-1,-1,-1,-1,-1,0,-1,0,-1,0,-1,100,-1,-1,0,-1,-1,-1,-1,77420,-1,38710,0,270968,False,False,0,0,0,77421,1,298066,-1,-1,-1,0,0
