,date,supplier_name,account_type,supplier_terminal_name,product_name,base_gallons_Daily,base_gallons_Monthly,base_gallons_Weekly,lifted_gallons_daily_flag,lifted_gallons_daily_modified,Modified_WeeksByLiftedGallons,lifted_gallons_modified_WeeksByLiftedGallons,lifted_gallons_Daily,Lifted_actual_monthly,lifted_gallons_monthly_flag,lifted_gallons_Monthly,Lifted_actual_weekly,lifted_gallons_weekly_flag,WeeksByLiftedGallons,lifted_gallonsWeekly_modified_aposteriori,Modified_LiftedGallonsaposteriori,lifted_gallons_Weekly,beginning_gallons_Daily,beginning_gallons_Monthly,beginning_gallons_Weekly,en_allocation_status_Daily,en_allocation_status_Monthly,en_allocation_status_Weekly,percentage_allocation_Daily,percentage_allocation_Monthly,percentage_allocation_Weekly,alerts_ratability_Daily,alerts_ratability_Monthly,alerts_ratability_Weekly,next_refresh_date_Daily,next_refresh_date_Monthly,Week_switch,Modified_NRD,next_refresh_date_Weekly,en_account_type_Daily,en_account_type_Monthly,en_account_type_Weekly,NRB_Daily,next_refresh_base_gallons_Daily,NRB_Monthly,next_refresh_base_gallons_Monthly,next_refresh_base_gallons_Weekly,staging_id_Daily,staging_id_Monthly,staging_id_Weekly,base_gallons_Daily_Reconciled,base_gallons_Monthly_Reconciled,base_gallons_Weekly_Reconciled,beginning_gallons_Daily_Reconciled,beginning_gallons_Monthly_Reconciled,beginning_gallons_Weekly_Reconciled,sanityWeekly_CumulativeDaily_WeeksByLiftedGallons,sanityWeekly_CumulativeDaily_NextRefreshDate,computedWeekly,computedMonthly,sanityComputedMonthly,sanityMonthly_CumulativeDaily_WeeksByLiftedGallons,sanityMonthly_CumulativeDaily_WeeksByNextRefreshDate
2015-07-01,2015-07-01 00:00:00,Chevron,PILOT TRAVEL CENTERS LLC : CHV7460761,1045 SALT LAKE CITY UT TRM CHEVRON,DIESEL #2,66622,2065271,466352,1,113742,0,113742,113742,113742,0,113742,113742,1,w1,113742,0,113742,133244,2271798,582940,Low,Available,Available,200,110,125,Above Trend,Above Trend,Above Trend,07/02 00:00:00 MDT,08/01 00:00:00 MDT,w1,0,2015-07-08 00:00:00,Contract,Contract,Contract,66622,66622,2065271,2065271,466352,508013,508015,508014,66622,2065271,466352,133244,2271798,582940,True,True,113742,113742,1,1,1
2015-07-02,2015-07-02 00:00:00,Chevron,PILOT TRAVEL CENTERS LLC : CHV7460761,1045 SALT LAKE CITY UT TRM CHEVRON,DIESEL #2,66622,2065271,466352,1,78167,1,78167,69141,191909,0,191909,191909,1,w1,69141,0,191909,133244,2271798,582940,Limited,Available,Available,200,110,125,Above Trend,Above Trend,Above Trend,07/03 00:00:00 MDT,08/01 00:00:00 MDT,w1,0,2015-07-08 00:00:00,Contract,Contract,Contract,66622,66622,2065271,2065271,466352,527088,527090,527089,66622,2065271,466352,133244,2271798,582940,True,True,191909,191909,1,1,1
2015-07-03,2015-07-03 00:00:00,Chevron,PILOT TRAVEL CENTERS LLC : CHV7460761,1045 SALT LAKE CITY UT TRM CHEVRON,DIESEL #2,66622,2065271,466352,1,82958,1,82958,43732,274867,0,274867,274867,1,w1,43732,0,274867,133244,2271798,582940,Available,Available,Available,200,110,125,Above Trend,Above Trend,Above Trend,07/04 00:00:00 MDT,08/01 00:00:00 MDT,w1,0,2015-07-08 00:00:00,Contract,Contract,Contract,66622,66622,2065271,2065271,466352,534739,534741,534740,66622,2065271,466352,133244,2271798,582940,True,True,274867,274867,1,1,1
2015-07-04,2015-07-04 00:00:00,Chevron,PILOT TRAVEL CENTERS LLC : CHV7460761,1045 SALT LAKE CITY UT TRM CHEVRON,DIESEL #2,66622,2065271,466352,1,66495,1,66495,13000,341362,0,341362,341362,1,w1,13000,0,341362,133244,2271798,582940,Available,Available,Limited,200,110,125,On Target,Above Trend,Above Trend,07/05 00:00:00 MDT,08/01 00:00:00 MDT,w1,0,2015-07-08 00:00:00,Contract,Contract,Contract,66622,66622,2065271,2065271,466352,540991,540993,540992,66622,2065271,466352,133244,2271798,582940,True,True,341362,341362,1,1,1
2015-07-05,2015-07-05 00:00:00,Chevron,PILOT TRAVEL CENTERS LLC : CHV7460761,1045 SALT LAKE CITY UT TRM CHEVRON,DIESEL #2,66622,2065271,466352,1,71019,1,71019,10502,412381,0,412381,412381,1,w1,10502,0,412381,133244,2271798,582940,Available,Available,Limited,200,110,125,On Target,Above Trend,Above Trend,07/06 00:00:00 MDT,08/01 00:00:00 MDT,w1,0,2015-07-08 00:00:00,Contract,Contract,Contract,66622,66622,2065271,2065271,466352,547434,547436,547435,66622,2065271,466352,133244,2271798,582940,True,True,412381,412381,1,1,1
2015-07-06,2015-07-06 00:00:00,Chevron,PILOT TRAVEL CENTERS LLC : CHV7460761,1045 SALT LAKE CITY UT TRM CHEVRON,DIESEL #2,66622,2065271,466352,1,24001,1,24001,12001,436382,0,436382,436382,1,w1,12001,0,436382,133244,2271798,582940,Available,Available,Limited,200,110,125,On Target,Above Trend,Above Trend,07/07 00:00:00 MDT,08/01 00:00:00 MDT,w1,0,2015-07-08 00:00:00,Contract,Contract,Contract,66622,66622,2065271,2065271,466352,553750,553752,553751,66622,2065271,466352,133244,2271798,582940,True,True,436382,436382,1,1,1
2015-07-07,2015-07-07 00:00:00,Chevron,PILOT TRAVEL CENTERS LLC : CHV7460761,1045 SALT LAKE CITY UT TRM CHEVRON,DIESEL #2,66622,2065271,466352,1,108735,1,108735,59516,545117,0,545117,545117,1,w1,59516,0,545117,133244,2271798,582940,Available,Available,Low,200,110,125,On Target,Above Trend,Above Trend,07/08 00:00:00 MDT,08/01 00:00:00 MDT,w1,0,2015-07-08 00:00:00,Contract,Contract,Contract,66622,66622,2065271,2065271,466352,566763,566765,566764,66622,2065271,466352,133244,2271798,582940,True,True,545117,545117,1,1,1
2015-07-08,2015-07-08 00:00:00,Chevron,PILOT TRAVEL CENTERS LLC : CHV7460761,1045 SALT LAKE CITY UT TRM CHEVRON,DIESEL #2,66622,2065271,466352,1,46417,0,46417,46417,591534,0,591534,46417,1,w2,46417,0,46417,133244,2271798,582940,Available,Available,Available,200,110,125,On Target,Above Trend,Above Trend,07/09 00:00:00 MDT,08/01 00:00:00 MDT,w2,0,2015-07-15 00:00:00,Contract,Contract,Contract,66622,66622,2065271,2065271,466352,576364,576366,576365,66622,2065271,466352,133244,2271798,582940,True,True,46417,591534,1,1,1
2015-07-09,2015-07-09 00:00:00,Chevron,PILOT TRAVEL CENTERS LLC : CHV7460761,1045 SALT LAKE CITY UT TRM CHEVRON,DIESEL #2,66622,2065271,466352,2,121809,0,-1,-1,-1,2,713343,-1,2,w3,-1,0,168226,133244,2271798,582940,-1,-1,-1,100,100,100,-1,-1,-1,-1,-1,w2,1,2015-07-15 00:00:00,-1,-1,-1,66622,-1,2065271,-1,-1,-1,-1,-1,133244,2271798,582940,66622,2065271,466352,True,True,168226,713343,1,0,1
2015-07-10,2015-07-10 00:00:00,Chevron,PILOT TRAVEL CENTERS LLC : CHV7460761,1045 SALT LAKE CITY UT TRM CHEVRON,DIESEL #2,66622,2065271,466352,1,84003,0,84003,84003,797346,0,797346,252229,1,w3,84003,0,252229,133244,2271798,582940,Limited,Available,Available,200,110,125,On Target,Above Trend,Above Trend,07/11 00:00:00 MDT,08/01 00:00:00 MDT,w2,0,2015-07-15 00:00:00,Contract,Contract,Contract,66622,66622,2065271,2065271,466352,609181,609183,609182,66622,2065271,466352,133244,2271798,582940,False,True,252229,797346,1,0,1
2015-07-11,2015-07-11 00:00:00,Chevron,PILOT TRAVEL CENTERS LLC : CHV7460761,1045 SALT LAKE CITY UT TRM CHEVRON,DIESEL #2,66622,2065271,466352,1,47507,0,47507,47507,844853,0,844853,299736,1,w3,47507,0,299736,133244,2271798,582940,Available,Available,Limited,200,110,125,On Target,Above Trend,Above Trend,07/12 00:00:00 MDT,08/01 00:00:00 MDT,w2,0,2015-07-15 00:00:00,Contract,Contract,Contract,66622,66622,2065271,2065271,466352,637668,637670,637669,66622,2065271,466352,133244,2271798,582940,False,True,299736,844853,1,0,1
2015-07-12,2015-07-12 00:00:00,Chevron,PILOT TRAVEL CENTERS LLC : CHV7460761,1045 SALT LAKE CITY UT TRM CHEVRON,DIESEL #2,66622,2065271,466352,1,68031,1,68031,56009,912884,0,912884,367767,1,w3,56009,0,367767,133244,2271798,582940,Available,Available,Limited,200,110,125,On Target,Above Trend,Above Trend,07/13 00:00:00 MDT,08/01 00:00:00 MDT,w2,0,2015-07-15 00:00:00,Contract,Contract,Contract,66622,66622,2065271,2065271,466352,667082,667084,667083,66622,2065271,466352,133244,2271798,582940,False,True,367767,912884,1,0,1
2015-07-13,2015-07-13 00:00:00,Chevron,PILOT TRAVEL CENTERS LLC : CHV7460761,1045 SALT LAKE CITY UT TRM CHEVRON,DIESEL #2,66622,2065271,466352,1,58500,1,58500,48000,971384,0,971384,426267,1,w3,48000,0,426267,133244,2271798,582940,Available,Available,Limited,200,110,125,On Target,Above Trend,Above Trend,07/14 00:00:00 MDT,08/01 00:00:00 MDT,w2,0,2015-07-15 00:00:00,Contract,Contract,Contract,66622,66622,2065271,2065271,466352,697678,697680,697679,66622,2065271,466352,133244,2271798,582940,False,True,426267,971384,1,0,1
2015-07-14,2015-07-14 00:00:00,Chevron,PILOT TRAVEL CENTERS LLC : CHV7460761,1045 SALT LAKE CITY UT TRM CHEVRON,DIESEL #2,66622,2065271,466352,1,83514,0,83514,83514,1054898,0,1054898,509781,1,w3,83514,0,509781,133244,2271798,582940,Limited,Available,Low,200,110,125,On Target,Above Trend,Above Trend,07/15 00:00:00 MDT,08/01 00:00:00 MDT,w2,0,2015-07-15 00:00:00,Contract,Contract,Contract,66622,66622,2065271,2065271,466352,729544,729546,729545,66622,2065271,466352,133244,2271798,582940,False,True,509781,1054898,1,0,1
2015-07-15,2015-07-15 00:00:00,Chevron,PILOT TRAVEL CENTERS LLC : CHV7460761,1045 SALT LAKE CITY UT TRM CHEVRON,DIESEL #2,66622,2065271,466352,1,38002,0,38002,38002,1092900,0,1092900,38002,1,w4,38002,0,38002,133244,2271798,582940,Available,Available,Available,200,110,125,On Target,Above Trend,On Target,07/16 00:00:00 MDT,08/01 00:00:00 MDT,w3,0,2015-07-22 00:00:00,Contract,Contract,Contract,66622,66622,2065271,2065271,466352,755018,755020,755019,66622,2065271,466352,133244,2271798,582940,True,True,38002,1092900,1,0,1
2015-07-16,2015-07-16 00:00:00,Chevron,PILOT TRAVEL CENTERS LLC : CHV7460761,1045 SALT LAKE CITY UT TRM CHEVRON,DIESEL #2,66622,2065271,466352,1,58625,0,58625,58625,1151525,0,1151525,96627,1,w4,58625,0,96627,133244,2271798,582940,Available,Available,Available,200,110,125,On Target,Above Trend,On Target,07/17 00:00:00 MDT,08/01 00:00:00 MDT,w3,0,2015-07-22 00:00:00,Contract,Contract,Contract,66622,66622,2065271,2065271,466352,788320,788322,788321,66622,2065271,466352,133244,2271798,582940,True,True,96627,1151525,1,0,1
2015-07-17,2015-07-17 00:00:00,Chevron,PILOT TRAVEL CENTERS LLC : CHV7460761,1045 SALT LAKE CITY UT TRM CHEVRON,DIESEL #2,66622,2065271,466352,1,76127,0,76127,76127,1227652,0,1227652,172754,1,w4,76127,0,172754,133244,2271798,582940,Limited,Limited,Available,200,110,125,On Target,Above Trend,On Target,07/18 00:00:00 MDT,08/01 00:00:00 MDT,w3,0,2015-07-22 00:00:00,Contract,Contract,Contract,66622,66622,2065271,2065271,466352,820344,820346,820345,66622,2065271,466352,133244,2271798,582940,True,True,172754,1227652,1,0,1
2015-07-18,2015-07-18 00:00:00,Chevron,PILOT TRAVEL CENTERS LLC : CHV7460761,1045 SALT LAKE CITY UT TRM CHEVRON,DIESEL #2,66622,2065271,466352,1,69808,0,69808,69808,1297460,0,1297460,242562,1,w4,69808,0,242562,133244,2271798,582940,Limited,Limited,Available,200,110,125,On Target,Above Trend,On Target,07/19 00:00:00 MDT,08/01 00:00:00 MDT,w3,0,2015-07-22 00:00:00,Contract,Contract,Contract,66622,66622,2065271,2065271,466352,850806,850808,850807,66622,2065271,466352,133244,2271798,582940,True,True,242562,1297460,1,0,1
2015-07-19,2015-07-19 00:00:00,Chevron,PILOT TRAVEL CENTERS LLC : CHV7460761,1045 SALT LAKE CITY UT TRM CHEVRON,DIESEL #2,66622,2065271,466352,1,60306,0,60306,60306,1357766,0,1357766,302868,1,w4,60306,0,302868,133244,2271798,582940,Available,Limited,Limited,200,110,125,On Target,Above Trend,On Target,07/20 00:00:00 MDT,08/01 00:00:00 MDT,w3,0,2015-07-22 00:00:00,Contract,Contract,Contract,66622,66622,2065271,2065271,466352,882067,882069,882068,66622,2065271,466352,133244,2271798,582940,True,True,302868,1357766,1,0,1
2015-07-20,2015-07-20 00:00:00,Chevron,PILOT TRAVEL CENTERS LLC : CHV7460761,1045 SALT LAKE CITY UT TRM CHEVRON,DIESEL #2,66622,2065271,466352,1,48001,0,48001,48001,1405767,0,1405767,350869,1,w4,48001,0,350869,133244,2271798,582940,Available,Limited,Limited,200,110,125,On Target,Above Trend,On Target,07/21 00:00:00 MDT,08/01 00:00:00 MDT,w3,0,2015-07-22 00:00:00,Contract,Contract,Contract,66622,66622,2065271,2065271,466352,912433,912435,912434,66622,2065271,466352,133244,2271798,582940,True,True,350869,1405767,1,0,1
2015-07-21,2015-07-21 00:00:00,Chevron,PILOT TRAVEL CENTERS LLC : CHV7460761,1045 SALT LAKE CITY UT TRM CHEVRON,DIESEL #2,66622,2065271,466352,1,56505,0,56505,56505,1462272,0,1462272,407374,1,w4,56505,0,407374,133244,2271798,582940,Available,Limited,Limited,200,110,125,On Target,Above Trend,On Target,07/22 00:00:00 MDT,08/01 00:00:00 MDT,w3,0,2015-07-22 00:00:00,Contract,Contract,Contract,66622,66622,2065271,2065271,466352,941620,941622,941621,66622,2065271,466352,133244,2271798,582940,True,True,407374,1462272,1,0,1
2015-07-22,2015-07-22 00:00:00,Chevron,PILOT TRAVEL CENTERS LLC : CHV7460761,1045 SALT LAKE CITY UT TRM CHEVRON,DIESEL #2,66622,2065271,466352,1,25504,0,25504,25504,1487776,0,1487776,25504,1,w5,25504,0,25504,133244,2271798,582940,Available,Available,Available,200,110,125,On Target,Above Trend,On Target,07/23 00:00:00 MDT,08/01 00:00:00 MDT,w4,0,2015-07-29 00:00:00,Contract,Contract,Contract,66622,66622,2065271,2065271,466352,975049,975051,975050,66622,2065271,466352,133244,2271798,582940,True,True,25504,1487776,1,0,1
2015-07-23,2015-07-23 00:00:00,Chevron,PILOT TRAVEL CENTERS LLC : CHV7460761,1045 SALT LAKE CITY UT TRM CHEVRON,DIESEL #2,66622,2065271,466352,1,49000,0,49000,49000,1536776,0,1536776,74504,1,w5,49000,0,74504,133244,2271798,582940,Available,Available,Available,200,110,125,On Target,Above Trend,On Target,07/24 00:00:00 MDT,08/01 00:00:00 MDT,w4,0,2015-07-29 00:00:00,Contract,Contract,Contract,66622,66622,2065271,2065271,466352,1002863,1002865,1002864,66622,2065271,466352,133244,2271798,582940,True,True,74504,1536776,1,0,1
2015-07-24,2015-07-24 00:00:00,Chevron,PILOT TRAVEL CENTERS LLC : CHV7460761,1045 SALT LAKE CITY UT TRM CHEVRON,DIESEL #2,66622,2065271,466352,1,57014,1,57014,46512,1593790,0,1593790,131518,1,w5,46512,0,131518,133244,2271798,582940,Available,Limited,Available,200,110,125,On Target,Above Trend,On Target,07/25 00:00:00 MDT,08/01 00:00:00 MDT,w4,0,2015-07-29 00:00:00,Contract,Contract,Contract,66622,66622,2065271,2065271,466352,1033077,1033079,1033078,66622,2065271,466352,133244,2271798,582940,True,True,131518,1593790,1,0,1
2015-07-25,2015-07-25 00:00:00,Chevron,PILOT TRAVEL CENTERS LLC : CHV7460761,1045 SALT LAKE CITY UT TRM CHEVRON,DIESEL #2,66622,2065271,466352,1,55716,0,55716,55716,1649506,0,1649506,187234,1,w5,55716,0,187234,133244,2271798,582940,Available,Limited,Available,200,110,125,On Target,Above Trend,On Target,07/26 00:00:00 MDT,08/01 00:00:00 MDT,w4,0,2015-07-29 00:00:00,Contract,Contract,Contract,66622,66622,2065271,2065271,466352,1062268,1062270,1062269,66622,2065271,466352,133244,2271798,582940,True,True,187234,1649506,1,0,1
2015-07-26,2015-07-26 00:00:00,Chevron,PILOT TRAVEL CENTERS LLC : CHV7460761,1045 SALT LAKE CITY UT TRM CHEVRON,DIESEL #2,66622,2065271,466352,1,12500,0,12500,12500,1662006,0,1662006,199734,1,w5,12500,0,199734,133244,2271798,582940,Available,Limited,Available,200,110,125,Below Trend,Above Trend,On Target,07/27 00:00:00 MDT,08/01 00:00:00 MDT,w4,0,2015-07-29 00:00:00,Contract,Contract,Contract,66622,66622,2065271,2065271,466352,1092323,1092325,1092324,66622,2065271,466352,133244,2271798,582940,True,True,199734,1662006,1,0,1
2015-07-27,2015-07-27 00:00:00,Chevron,PILOT TRAVEL CENTERS LLC : CHV7460761,1045 SALT LAKE CITY UT TRM CHEVRON,DIESEL #2,66622,2065271,466352,1,83005,0,83005,83005,1745011,0,1745011,282739,1,w5,83005,0,282739,133244,2271798,582940,Available,Limited,Available,200,110,125,On Target,Above Trend,On Target,07/28 00:00:00 MDT,08/01 00:00:00 MDT,w4,0,2015-07-29 00:00:00,Contract,Contract,Contract,66622,66622,2065271,2065271,466352,1122633,1122635,1122634,66622,2065271,466352,133244,2271798,582940,True,True,282739,1745011,1,0,1
2015-07-28,2015-07-28 00:00:00,Chevron,PILOT TRAVEL CENTERS LLC : CHV7460761,1045 SALT LAKE CITY UT TRM CHEVRON,DIESEL #2,66622,2065271,466352,1,84010,1,84010,73509,1829021,0,1829021,366749,1,w5,73509,0,366749,133244,2271798,582940,Available,Low,Available,200,110,125,On Target,Above Trend,On Target,07/29 00:00:00 MDT,08/01 00:00:00 MDT,w4,0,2015-07-29 00:00:00,Contract,Contract,Contract,66622,66622,2065271,2065271,466352,1152943,1152945,1152944,66622,2065271,466352,133244,2271798,582940,True,True,366749,1829021,1,0,1
2015-07-29,2015-07-29 00:00:00,Chevron,PILOT TRAVEL CENTERS LLC : CHV7460761,1045 SALT LAKE CITY UT TRM CHEVRON,DIESEL #2,66622,2065271,466352,1,38001,0,38001,38001,1867022,0,1867022,38001,1,w6,38001,0,38001,133244,2271798,582940,Available,Low,Available,200,110,125,On Target,Above Trend,On Target,07/30 00:00:00 MDT,08/01 00:00:00 MDT,w5,0,2015-08-05 00:00:00,Contract,Contract,Contract,66622,66622,2065271,2079956,466352,1183253,1183255,1183254,66622,2065271,466352,133244,2271798,582940,True,True,38001,1867022,1,0,1
2015-07-30,2015-07-30 00:00:00,Chevron,PILOT TRAVEL CENTERS LLC : CHV7460761,1045 SALT LAKE CITY UT TRM CHEVRON,DIESEL #2,66622,2065271,466352,1,38300,0,38300,38300,1905322,0,1905322,76301,1,w6,38300,0,76301,133244,2271798,582940,Available,Low,Available,200,110,125,On Target,Above Trend,On Target,07/31 00:00:00 MDT,08/01 00:00:00 MDT,w5,0,2015-08-05 00:00:00,Contract,Contract,Contract,66622,66622,2065271,2079956,466352,1213563,1213565,1213564,66622,2065271,466352,133244,2271798,582940,True,True,76301,1905322,1,0,1
2015-07-31,2015-07-31 00:00:00,Chevron,PILOT TRAVEL CENTERS LLC : CHV7460761,1045 SALT LAKE CITY UT TRM CHEVRON,DIESEL #2,66622,2065271,466352,1,76252,0,76252,76252,1981574,0,1981574,152553,1,w6,76252,0,152553,133244,2271798,582940,Available,Low,Available,200,110,125,On Target,Above Trend,On Target,08/01 00:00:00 MDT,08/01 00:00:00 MDT,w5,0,2015-08-05 00:00:00,Contract,Contract,Contract,66622,66622,2079956,2079956,466352,1243873,1243875,1243874,66622,2065271,466352,133244,2271798,582940,True,True,152553,1981574,1,0,1
