,date,supplier_name,account_type,supplier_terminal_name,product_name,base_gallons_Daily,base_gallons_Monthly,base_gallons_Weekly,lifted_gallons_daily_flag,lifted_gallons_daily_modified,Modified_WeeksByLiftedGallons,lifted_gallons_modified_WeeksByLiftedGallons,lifted_gallons_Daily,Lifted_actual_monthly,lifted_gallons_monthly_flag,lifted_gallons_Monthly,Lifted_actual_weekly,lifted_gallons_weekly_flag,WeeksByLiftedGallons,lifted_gallonsWeekly_modified_aposteriori,Modified_LiftedGallonsaposteriori,lifted_gallons_Weekly,beginning_gallons_Daily,beginning_gallons_Monthly,beginning_gallons_Weekly,en_allocation_status_Daily,en_allocation_status_Monthly,en_allocation_status_Weekly,percentage_allocation_Daily,percentage_allocation_Monthly,percentage_allocation_Weekly,alerts_ratability_Daily,alerts_ratability_Monthly,alerts_ratability_Weekly,next_refresh_date_Daily,next_refresh_date_Monthly,Week_switch,Modified_NRD,next_refresh_date_Weekly,en_account_type_Daily,en_account_type_Monthly,en_account_type_Weekly,NRB_Daily,next_refresh_base_gallons_Daily,NRB_Monthly,next_refresh_base_gallons_Monthly,next_refresh_base_gallons_Weekly,staging_id_Daily,staging_id_Monthly,staging_id_Weekly,base_gallons_Daily_Reconciled,base_gallons_Monthly_Reconciled,base_gallons_Weekly_Reconciled,beginning_gallons_Daily_Reconciled,beginning_gallons_Monthly_Reconciled,beginning_gallons_Weekly_Reconciled,sanityWeekly_CumulativeDaily_WeeksByLiftedGallons,sanityWeekly_CumulativeDaily_NextRefreshDate,computedWeekly,sanityComputedWeekly,computedMonthly,sanityComputedMonthly,sanityMonthly_CumulativeDaily_WeeksByLiftedGallons,sanityMonthly_CumulativeDaily_WeeksByNextRefreshDate
2015-08-01,2015-08-01 00:00:00,Chevron,PILOT TRAVEL CENTERS LLC : CHV7460761,1002 TRACY CA TRM CHEVRON,DIESEL #2,24914,772348,174401,1,7653,0,7653,7653,7653,0,7653,115396,1,w1,7653,0,7653,37371,849583,218001,Available,Available,Available,150,110,125,On Target,On Target,Above Trend,08/02 00:00:00 PDT,09/01 00:00:00 PDT,w1,0,2015-08-05 00:00:00,Contract,Contract,Contract,24914,24914,772348,772348,174401,1272182,1272184,1272183,24914,772348,174401,37371,849583,218001,True,False,7653,True,7653,True,1,1
2015-08-02,2015-08-02 00:00:00,Chevron,PILOT TRAVEL CENTERS LLC : CHV7460761,1002 TRACY CA TRM CHEVRON,DIESEL #2,24914,772348,174401,1,15508,0,15508,15508,23161,0,23161,130904,1,w1,15508,0,23161,37371,849583,218001,Available,Available,Available,150,110,125,On Target,On Target,Above Trend,08/03 00:00:00 PDT,09/01 00:00:00 PDT,w1,0,2015-08-05 00:00:00,Contract,Contract,Contract,24914,24914,772348,772348,174401,1303005,1303007,1303006,24914,772348,174401,37371,849583,218001,True,False,23161,True,23161,True,1,1
2015-08-03,2015-08-03 00:00:00,Chevron,PILOT TRAVEL CENTERS LLC : CHV7460761,1002 TRACY CA TRM CHEVRON,DIESEL #2,24914,772348,174401,1,30811,0,30811,30811,53972,0,53972,161715,1,w1,30811,0,53972,37371,849583,218001,Low,Available,Limited,150,110,125,Above Trend,On Target,Above Trend,08/04 00:00:00 PDT,09/01 00:00:00 PDT,w1,0,2015-08-05 00:00:00,Contract,Contract,Contract,24914,24914,772348,772348,174401,1331460,1331462,1331461,24914,772348,174401,37371,849583,218001,True,False,53972,True,53972,True,1,1
2015-08-04,2015-08-04 00:00:00,Chevron,PILOT TRAVEL CENTERS LLC : CHV7460761,1002 TRACY CA TRM CHEVRON,DIESEL #2,24914,772348,174401,1,38517,0,38517,38517,92489,0,92489,200232,1,w1,38517,0,92489,37371,849583,218001,Out,Available,Low,150,110,125,Above Trend,Above Trend,Above Trend,08/05 00:00:00 PDT,09/01 00:00:00 PDT,w1,0,2015-08-05 00:00:00,Contract,Contract,Contract,24914,24914,772348,772348,174401,1361643,1361645,1361644,24914,772348,174401,37371,849583,218001,True,False,92489,True,92489,True,1,1
2015-08-05,2015-08-05 00:00:00,Chevron,PILOT TRAVEL CENTERS LLC : CHV7460761,1002 TRACY CA TRM CHEVRON,DIESEL #2,24914,772348,174401,1,38613,0,38613,38613,131102,0,131102,38613,1,w2,38613,0,38613,37371,849583,218001,Out,Available,Available,150,110,125,Above Trend,Above Trend,Above Trend,08/06 00:00:00 PDT,09/01 00:00:00 PDT,w2,0,2015-08-12 00:00:00,Contract,Contract,Contract,24914,24914,772348,772348,174401,1390128,1390130,1390129,24914,772348,174401,37371,849583,218001,True,True,38613,True,131102,True,1,1
2015-08-06,2015-08-06 00:00:00,Chevron,PILOT TRAVEL CENTERS LLC : CHV7460761,1002 TRACY CA TRM CHEVRON,DIESEL #2,24914,772348,174401,1,15406,0,15406,15406,146508,0,146508,54019,1,w2,15406,0,54019,37371,849583,218001,Available,Available,Available,150,110,125,On Target,Above Trend,Above Trend,08/07 00:00:00 PDT,09/01 00:00:00 PDT,w2,0,2015-08-12 00:00:00,Contract,Contract,Contract,24914,24914,772348,772348,174401,1427000,1427002,1427001,24914,772348,174401,37371,849583,218001,True,True,54019,True,146508,True,1,1
2015-08-07,2015-08-07 00:00:00,Chevron,PILOT TRAVEL CENTERS LLC : CHV7460761,1002 TRACY CA TRM CHEVRON,DIESEL #2,24914,772348,174401,1,0,0,0,0,146508,0,146508,54019,1,w2,0,0,54019,37371,849583,218001,Available,Available,Available,150,110,125,Below Trend,On Target,On Target,08/08 00:00:00 PDT,09/01 00:00:00 PDT,w2,0,2015-08-12 00:00:00,Contract,Contract,Contract,24914,24914,772348,772348,174401,1461512,1461514,1461513,24914,772348,174401,37371,849583,218001,True,True,54019,True,146508,True,1,1
2015-08-08,2015-08-08 00:00:00,Chevron,PILOT TRAVEL CENTERS LLC : CHV7460761,1002 TRACY CA TRM CHEVRON,DIESEL #2,24914,772348,174401,1,7655,0,7655,7655,154163,0,154163,61674,1,w2,7655,0,61674,37371,849583,218001,Available,Available,Available,150,110,125,On Target,On Target,On Target,08/09 00:00:00 PDT,09/01 00:00:00 PDT,w2,0,2015-08-12 00:00:00,Contract,Contract,Contract,24914,24914,772348,772348,174401,1495801,1495803,1495802,24914,772348,174401,37371,849583,218001,True,True,61674,True,154163,True,1,1
2015-08-09,2015-08-09 00:00:00,Chevron,PILOT TRAVEL CENTERS LLC : CHV7460761,1002 TRACY CA TRM CHEVRON,DIESEL #2,24914,772348,174401,1,7802,0,7802,7802,161965,0,161965,69476,1,w2,7802,0,69476,37371,849583,218001,Available,Available,Available,150,110,125,On Target,On Target,On Target,08/10 00:00:00 PDT,09/01 00:00:00 PDT,w2,0,2015-08-12 00:00:00,Contract,Contract,Contract,24914,24914,772348,772348,174401,1529486,1529488,1529487,24914,772348,174401,37371,849583,218001,True,True,69476,True,161965,True,1,1
2015-08-10,2015-08-10 00:00:00,Chevron,PILOT TRAVEL CENTERS LLC : CHV7460761,1002 TRACY CA TRM CHEVRON,DIESEL #2,24914,772348,174401,1,30808,0,30808,30808,192773,0,192773,100284,1,w2,30808,0,100284,37371,849583,218001,Low,Available,Available,150,110,125,Above Trend,On Target,On Target,08/11 00:00:00 PDT,09/01 00:00:00 PDT,w2,0,2015-08-12 00:00:00,Contract,Contract,Contract,24914,24914,772348,772348,174401,1562593,1562595,1562594,24914,772348,174401,37371,849583,218001,True,True,100284,True,192773,True,1,1
2015-08-11,2015-08-11 00:00:00,Chevron,PILOT TRAVEL CENTERS LLC : CHV7460761,1002 TRACY CA TRM CHEVRON,DIESEL #2,24914,772348,174401,1,42018,0,34315,34315,227088,0,227088,134599,1,w2,34315,0,142302,37371,849583,218001,Low,Available,Available,150,110,125,Above Trend,On Target,On Target,08/12 00:00:00 PDT,09/01 00:00:00 PDT,w2,0,2015-08-12 00:00:00,Contract,Contract,Contract,24914,24914,772348,772348,174401,1584726,1584728,1584727,24914,772348,174401,37371,849583,218001,True,True,142302,True,234791,True,1,0
2015-08-12,2015-08-12 00:00:00,Chevron,PILOT TRAVEL CENTERS LLC : CHV7460761,1002 TRACY CA TRM CHEVRON,DIESEL #2,24914,772348,174401,1,38709,0,38709,38709,273500,0,273500,38709,1,w3,38709,0,38709,37371,849583,218001,Out,Available,Available,150,110,125,Above Trend,Above Trend,Above Trend,08/13 00:00:00 PDT,09/01 00:00:00 PDT,w3,0,2015-08-19 00:00:00,Contract,Contract,Contract,24914,24914,772348,772348,174401,1634838,1634840,1634839,24914,772348,174401,37371,849583,218001,True,True,38709,True,273500,True,0,1
2015-08-13,2015-08-13 00:00:00,Chevron,PILOT TRAVEL CENTERS LLC : CHV7460761,1002 TRACY CA TRM CHEVRON,DIESEL #2,24914,772348,174401,1,30908,0,30908,30908,304408,0,304408,69617,1,w3,30908,0,69617,37371,849583,218001,Low,Available,Available,150,110,125,Above Trend,Above Trend,Above Trend,08/14 00:00:00 PDT,09/01 00:00:00 PDT,w3,0,2015-08-19 00:00:00,Contract,Contract,Contract,24914,24914,772348,772348,174401,1674768,1674770,1674769,24914,772348,174401,37371,849583,218001,True,True,69617,True,304408,True,0,1
2015-08-14,2015-08-14 00:00:00,Chevron,PILOT TRAVEL CENTERS LLC : CHV7460761,1002 TRACY CA TRM CHEVRON,DIESEL #2,24914,772348,174401,1,30811,0,30811,30811,335219,0,335219,100428,1,w3,30811,0,100428,49828,849583,218001,Available,Available,Available,200,110,125,On Target,Above Trend,Above Trend,08/15 00:00:00 PDT,09/01 00:00:00 PDT,w3,0,2015-08-19 00:00:00,Contract,Contract,Contract,24914,24914,772348,772348,174401,1714380,1714382,1714381,24914,772348,174401,49828,849583,218001,True,True,100428,True,335219,True,0,1
2015-08-15,2015-08-15 00:00:00,Chevron,PILOT TRAVEL CENTERS LLC : CHV7460761,1002 TRACY CA TRM CHEVRON,DIESEL #2,24914,772348,174401,1,15360,0,7655,7655,342874,0,342874,108083,1,w3,7655,0,115788,49828,849583,218001,Available,Available,Available,200,110,125,On Target,Above Trend,Above Trend,08/16 00:00:00 PDT,09/01 00:00:00 PDT,w3,0,2015-08-19 00:00:00,Contract,Contract,Contract,24914,24914,772348,772348,174401,1746749,1746751,1746750,24914,772348,174401,49828,849583,218001,True,True,115788,True,350579,True,0,0
2015-08-16,2015-08-16 00:00:00,Chevron,PILOT TRAVEL CENTERS LLC : CHV7460761,1002 TRACY CA TRM CHEVRON,DIESEL #2,24914,772348,174401,1,7503,1,15208,7503,358082,0,358082,123291,1,w3,7503,0,123291,49828,849583,218001,Available,Available,Available,200,110,125,Below Trend,Above Trend,Above Trend,08/17 00:00:00 PDT,09/01 00:00:00 PDT,w3,0,2015-08-19 00:00:00,Contract,Contract,Contract,24914,24914,772348,772348,174401,1788496,1788498,1788497,24914,772348,174401,49828,849583,218001,True,True,123291,True,358082,True,0,1
2015-08-17,2015-08-17 00:00:00,Chevron,PILOT TRAVEL CENTERS LLC : CHV7460761,1002 TRACY CA TRM CHEVRON,DIESEL #2,24914,772348,174401,1,30812,0,7703,7703,365785,0,365785,130994,1,w3,7703,0,154103,49828,849583,218001,Available,Available,Available,200,110,125,Above Trend,Above Trend,Above Trend,08/18 00:00:00 PDT,09/01 00:00:00 PDT,w3,0,2015-08-19 00:00:00,Contract,Contract,Contract,24914,24914,772348,772348,174401,1800549,1800551,1800550,24914,772348,174401,49828,849583,218001,True,True,154103,True,388894,True,0,0
2015-08-18,2015-08-18 00:00:00,Chevron,PILOT TRAVEL CENTERS LLC : CHV7460761,1002 TRACY CA TRM CHEVRON,DIESEL #2,24914,772348,174401,1,46215,1,69324,46215,435109,0,435109,200318,1,w3,46215,0,200318,49828,849583,218001,Low,Available,Low,200,110,125,Above Trend,Above Trend,Above Trend,08/19 00:00:00 PDT,09/01 00:00:00 PDT,w3,0,2015-08-19 00:00:00,Contract,Contract,Contract,24914,24914,772348,772348,174401,1871152,1871154,1871153,24914,772348,174401,49828,849583,218001,True,True,200318,True,435109,True,0,1
2015-08-19,2015-08-19 00:00:00,Chevron,PILOT TRAVEL CENTERS LLC : CHV7460761,1002 TRACY CA TRM CHEVRON,DIESEL #2,24914,772348,174401,1,46211,0,46211,46211,481320,0,481320,46211,1,w4,46211,0,46211,49828,849583,218001,Low,Available,Available,200,110,125,Above Trend,Above Trend,Above Trend,08/20 00:00:00 PDT,09/01 00:00:00 PDT,w4,0,2015-08-26 00:00:00,Contract,Contract,Contract,24914,24914,772348,772348,174401,1906808,1906810,1906809,24914,772348,174401,49828,849583,218001,True,True,46211,True,481320,True,0,1
2015-08-20,2015-08-20 00:00:00,Chevron,PILOT TRAVEL CENTERS LLC : CHV7460761,1002 TRACY CA TRM CHEVRON,DIESEL #2,24914,772348,174401,1,46218,0,38515,38515,519835,0,519835,84726,1,w4,38515,0,92429,49828,849583,218001,Limited,Available,Available,200,110,125,Above Trend,Above Trend,Above Trend,08/21 00:00:00 PDT,09/01 00:00:00 PDT,w4,0,2015-08-26 00:00:00,Contract,Contract,Contract,24914,24914,772348,772348,174401,1944975,1944977,1944976,24914,772348,174401,49828,849583,218001,True,True,92429,True,527538,True,0,0
2015-08-21,2015-08-21 00:00:00,Chevron,PILOT TRAVEL CENTERS LLC : CHV7460761,1002 TRACY CA TRM CHEVRON,DIESEL #2,24914,772348,174401,1,38515,1,7703,0,527538,0,527538,92429,1,w4,0,0,130944,49828,849583,218001,Available,Available,Available,200,110,125,Below Trend,Above Trend,Above Trend,08/22 00:00:00 PDT,09/01 00:00:00 PDT,w4,0,2015-08-26 00:00:00,Contract,Contract,Contract,24914,24914,772348,772348,174401,1949025,1949027,1949026,24914,772348,174401,49828,849583,218001,True,True,130944,True,566053,True,0,0
2015-08-22,2015-08-22 00:00:00,Chevron,PILOT TRAVEL CENTERS LLC : CHV7460761,1002 TRACY CA TRM CHEVRON,DIESEL #2,24914,772348,174401,1,7655,1,46170,7655,573708,0,573708,138599,1,w4,7655,0,138599,49828,849583,218001,Available,Available,Available,200,110,125,Below Trend,Above Trend,Above Trend,08/23 00:00:00 PDT,09/01 00:00:00 PDT,w4,0,2015-08-26 00:00:00,Contract,Contract,Contract,24914,24914,772348,772348,174401,2021705,2021707,2021706,24914,772348,174401,49828,849583,218001,True,True,138599,True,573708,True,0,1
2015-08-23,2015-08-23 00:00:00,Chevron,PILOT TRAVEL CENTERS LLC : CHV7460761,1002 TRACY CA TRM CHEVRON,DIESEL #2,24914,772348,174401,1,7803,0,7803,7803,581511,0,581511,146402,1,w4,7803,0,146402,49828,849583,218001,Available,Available,Available,200,110,125,Below Trend,Above Trend,Above Trend,08/24 00:00:00 PDT,09/01 00:00:00 PDT,w4,0,2015-08-26 00:00:00,Contract,Contract,Contract,24914,24914,772348,772348,174401,2057485,2057487,2057486,24914,772348,174401,49828,849583,218001,True,True,146402,True,581511,True,0,1
2015-08-24,2015-08-24 00:00:00,Chevron,PILOT TRAVEL CENTERS LLC : CHV7460761,1002 TRACY CA TRM CHEVRON,DIESEL #2,24914,772348,174401,1,30811,0,15406,15406,596917,0,596917,161808,1,w4,15406,0,177213,49828,849583,218001,Available,Limited,Limited,200,110,125,Above Trend,Above Trend,Above Trend,08/25 00:00:00 PDT,09/01 00:00:00 PDT,w4,0,2015-08-26 00:00:00,Contract,Contract,Contract,24914,24914,772348,772348,174401,2071133,2071135,2071134,24914,772348,174401,49828,849583,218001,True,True,177213,True,612322,True,0,0
2015-08-25,2015-08-25 00:00:00,Chevron,PILOT TRAVEL CENTERS LLC : CHV7460761,1002 TRACY CA TRM CHEVRON,DIESEL #2,24914,772348,174401,1,46317,1,61722,46317,658639,0,658639,223530,1,w4,46317,0,223530,49828,849583,218001,Low,Limited,Out,200,110,125,Above Trend,Above Trend,Above Trend,08/26 00:00:00 PDT,09/01 00:00:00 PDT,w4,0,2015-08-26 00:00:00,Contract,Contract,Contract,24914,24914,772348,772348,174401,2126499,2126501,2126500,24914,772348,174401,49828,849583,218001,True,True,223530,True,658639,True,0,1
2015-08-26,2015-08-26 00:00:00,Chevron,PILOT TRAVEL CENTERS LLC : CHV7460761,1002 TRACY CA TRM CHEVRON,DIESEL #2,24914,772348,174401,1,54017,0,54017,54017,712656,0,712656,54017,1,w5,54017,0,54017,49828,849583,218001,Out,Low,Available,200,110,125,Above Trend,Above Trend,Above Trend,08/27 00:00:00 PDT,09/01 00:00:00 PDT,w5,0,2015-09-02 00:00:00,Contract,Contract,Contract,24914,24914,772348,772348,174401,2153832,2153834,2153833,24914,772348,174401,49828,849583,218001,True,True,54017,True,712656,True,0,1
2015-08-27,2015-08-27 00:00:00,Chevron,PILOT TRAVEL CENTERS LLC : CHV7460761,1002 TRACY CA TRM CHEVRON,DIESEL #2,24914,772348,174401,1,23110,0,15408,15408,728064,0,728064,69425,1,w5,15408,0,77127,49828,849583,218001,Available,Low,Available,200,110,125,On Target,Above Trend,Above Trend,08/28 00:00:00 PDT,09/01 00:00:00 PDT,w5,0,2015-09-02 00:00:00,Contract,Contract,Contract,24914,24914,772348,772348,174401,2181296,2181298,2181297,24914,772348,174401,49828,849583,218001,True,True,77127,True,735766,True,0,0
2015-08-28,2015-08-28 00:00:00,Chevron,PILOT TRAVEL CENTERS LLC : CHV7460761,1002 TRACY CA TRM CHEVRON,DIESEL #2,24914,772348,174401,1,30808,1,38510,30808,766574,0,766574,107935,1,w5,30808,0,107935,49828,849583,218001,Available,Low,Available,200,110,125,On Target,Above Trend,Above Trend,08/29 00:00:00 PDT,09/01 00:00:00 PDT,w5,0,2015-09-02 00:00:00,Contract,Contract,Contract,24914,24914,772348,882000,174401,2212234,2212236,2212235,24914,772348,174401,49828,849583,218001,True,True,107935,True,766574,True,0,1
2015-08-29,2015-08-29 00:00:00,Chevron,PILOT TRAVEL CENTERS LLC : CHV7460761,1002 TRACY CA TRM CHEVRON,DIESEL #2,24914,772348,174401,1,7652,0,7652,7652,774226,0,774226,115587,1,w5,7652,0,115587,49828,849583,218001,Available,Low,Available,200,110,125,Below Trend,Above Trend,Above Trend,08/30 00:00:00 PDT,09/01 00:00:00 PDT,w5,0,2015-09-02 00:00:00,Contract,Contract,Contract,24914,24914,772348,882000,174401,2238874,2238876,2238875,24914,772348,174401,49828,849583,218001,True,True,115587,True,774226,True,0,1
2015-08-30,2015-08-30 00:00:00,Chevron,PILOT TRAVEL CENTERS LLC : CHV7460761,1002 TRACY CA TRM CHEVRON,DIESEL #2,24914,772348,174401,1,0,0,0,0,774226,0,774226,115587,1,w5,0,0,115587,49828,849583,218001,Available,Low,Available,200,110,125,Below Trend,Above Trend,On Target,08/31 00:00:00 PDT,09/01 00:00:00 PDT,w5,0,2015-09-02 00:00:00,Contract,Contract,Contract,24914,24914,772348,882000,174401,2265525,2265527,2265526,24914,772348,174401,49828,849583,218001,True,True,115587,True,774226,True,0,1
2015-08-31,2015-08-31 00:00:00,Chevron,PILOT TRAVEL CENTERS LLC : CHV7460761,1002 TRACY CA TRM CHEVRON,DIESEL #2,24914,772348,174401,1,23206,0,23206,23206,797432,0,797432,138793,1,w5,23206,0,138793,49828,849583,218001,Available,Low,Available,200,110,125,On Target,Above Trend,On Target,09/01 00:00:00 PDT,09/01 00:00:00 PDT,w5,0,2015-09-02 00:00:00,Contract,Contract,Contract,24914,24914,882000,882000,174401,2291179,2291181,2291180,24914,772348,174401,49828,849583,218001,True,True,138793,True,797432,True,0,1
