,date,supplier_name,account_type,supplier_terminal_name,product_name,base_gallons_Daily,base_gallons_Monthly,base_gallons_Weekly,lifted_gallons_daily_flag,lifted_gallons_daily_modified,Modified_WeeksByLiftedGallons,lifted_gallons_modified_WeeksByLiftedGallons,lifted_gallons_Daily,Lifted_actual_monthly,lifted_gallons_monthly_flag,lifted_gallons_Monthly,Lifted_actual_weekly,lifted_gallons_weekly_flag,WeeksByLiftedGallons,lifted_gallonsWeekly_modified_aposteriori,Modified_LiftedGallonsaposteriori,lifted_gallons_Weekly,beginning_gallons_Daily,beginning_gallons_Monthly,beginning_gallons_Weekly,en_allocation_status_Daily,en_allocation_status_Monthly,en_allocation_status_Weekly,percentage_allocation_Daily,percentage_allocation_Monthly,percentage_allocation_Weekly,alerts_ratability_Daily,alerts_ratability_Monthly,alerts_ratability_Weekly,next_refresh_date_Daily,next_refresh_date_Monthly,Week_switch,Modified_NRD,next_refresh_date_Weekly,en_account_type_Daily,en_account_type_Monthly,en_account_type_Weekly,NRB_Daily,next_refresh_base_gallons_Daily,NRB_Monthly,next_refresh_base_gallons_Monthly,next_refresh_base_gallons_Weekly,staging_id_Daily,staging_id_Monthly,staging_id_Weekly,base_gallons_Daily_Reconciled,base_gallons_Monthly_Reconciled,base_gallons_Weekly_Reconciled,beginning_gallons_Daily_Reconciled,beginning_gallons_Monthly_Reconciled,beginning_gallons_Weekly_Reconciled,sanityWeekly_CumulativeDaily_WeeksByLiftedGallons,sanityWeekly_CumulativeDaily_NextRefreshDate,computedWeekly,sanityComputedWeekly,computedMonthly,sanityComputedMonthly,sanityMonthly_CumulativeDaily_WeeksByLiftedGallons,sanityMonthly_CumulativeDaily_WeeksByNextRefreshDate
2015-08-01,2015-08-01 00:00:00,Chevron,PILOT TRAVEL CENTERS LLC : CHV7460761,1066 BOISE ID TRM TESORO,DIESEL #2,18648,578084,130535,1,9906,0,9906,9906,9906,0,9906,59826,1,w1,9906,0,9906,37296,635892,163169,Available,Available,Available,200,110,125,On Target,On Target,On Target,08/02 00:00:00 MDT,09/01 00:00:00 MDT,w1,0,2015-08-05 00:00:00,Contract,Contract,Contract,18648,18648,578084,578084,130535,1272212,1272214,1272213,18648,578084,130535,37296,635892,163169,True,False,9906,True,9906,True,1,1
2015-08-02,2015-08-02 00:00:00,Chevron,PILOT TRAVEL CENTERS LLC : CHV7460761,1066 BOISE ID TRM TESORO,DIESEL #2,18648,578084,130535,1,9903,0,0,0,9906,0,9906,59826,1,w1,0,0,19809,37296,635892,163169,Available,Available,Available,200,110,125,Below Trend,On Target,On Target,08/03 00:00:00 MDT,09/01 00:00:00 MDT,w1,0,2015-08-05 00:00:00,Contract,Contract,Contract,18648,18648,578084,578084,130535,1303035,1303037,1303036,18648,578084,130535,37296,635892,163169,True,False,19809,True,19809,True,1,0
2015-08-03,2015-08-03 00:00:00,Chevron,PILOT TRAVEL CENTERS LLC : CHV7460761,1066 BOISE ID TRM TESORO,DIESEL #2,18648,578084,130535,1,19920,1,19917,10014,29823,0,29823,79743,1,w1,10014,0,39729,37296,635892,163169,Available,Available,Available,200,110,125,On Target,On Target,On Target,08/04 00:00:00 MDT,09/01 00:00:00 MDT,w1,0,2015-08-05 00:00:00,Contract,Contract,Contract,18648,18648,578084,578084,130535,1331490,1331492,1331491,18648,578084,130535,37296,635892,163169,True,False,39729,True,39729,True,1,0
2015-08-04,2015-08-04 00:00:00,Chevron,PILOT TRAVEL CENTERS LLC : CHV7460761,1066 BOISE ID TRM TESORO,DIESEL #2,18648,578084,130535,1,20014,1,29920,20014,59743,0,59743,109663,1,w1,20014,0,59743,37296,635892,163169,Available,Available,Available,200,110,125,On Target,On Target,On Target,08/05 00:00:00 MDT,09/01 00:00:00 MDT,w1,0,2015-08-05 00:00:00,Contract,Contract,Contract,18648,18648,578084,578084,130535,1361673,1361675,1361674,18648,578084,130535,37296,635892,163169,True,False,59743,True,59743,True,1,1
2015-08-05,2015-08-05 00:00:00,Chevron,PILOT TRAVEL CENTERS LLC : CHV7460761,1066 BOISE ID TRM TESORO,DIESEL #2,18648,578084,130535,1,20011,0,20011,20011,79754,0,79754,20011,1,w2,20011,0,20011,37296,635892,163169,Available,Available,Available,200,110,125,On Target,Above Trend,Above Trend,08/06 00:00:00 MDT,09/01 00:00:00 MDT,w2,0,2015-08-12 00:00:00,Contract,Contract,Contract,18648,18648,578084,578084,130535,1390158,1390160,1390159,18648,578084,130535,37296,635892,163169,True,True,20011,True,79754,True,1,1
2015-08-06,2015-08-06 00:00:00,Chevron,PILOT TRAVEL CENTERS LLC : CHV7460761,1066 BOISE ID TRM TESORO,DIESEL #2,18648,578084,130535,1,10015,0,10015,10015,89769,0,89769,30026,1,w2,10015,0,30026,37296,635892,163169,Available,Available,Available,200,110,125,On Target,On Target,On Target,08/07 00:00:00 MDT,09/01 00:00:00 MDT,w2,0,2015-08-12 00:00:00,Contract,Contract,Contract,18648,18648,578084,578084,130535,1427030,1427032,1427031,18648,578084,130535,37296,635892,163169,True,True,30026,True,89769,True,1,1
2015-08-07,2015-08-07 00:00:00,Chevron,PILOT TRAVEL CENTERS LLC : CHV7460761,1066 BOISE ID TRM TESORO,DIESEL #2,18648,578084,130535,1,24427,0,24427,24427,114196,0,114196,54453,1,w2,24427,0,54453,37296,635892,163169,Available,Available,Available,200,110,125,On Target,Above Trend,Above Trend,08/08 00:00:00 MDT,09/01 00:00:00 MDT,w2,0,2015-08-12 00:00:00,Contract,Contract,Contract,18648,18648,578084,578084,130535,1461542,1461544,1461543,18648,578084,130535,37296,635892,163169,True,True,54453,True,114196,True,1,1
2015-08-08,2015-08-08 00:00:00,Chevron,PILOT TRAVEL CENTERS LLC : CHV7460761,1066 BOISE ID TRM TESORO,DIESEL #2,18648,578084,130535,1,10014,0,10014,10014,124210,0,124210,64467,1,w2,10014,0,64467,37296,635892,163169,Available,Available,Available,200,110,125,On Target,On Target,On Target,08/09 00:00:00 MDT,09/01 00:00:00 MDT,w2,0,2015-08-12 00:00:00,Contract,Contract,Contract,18648,18648,578084,578084,130535,1495831,1495833,1495832,18648,578084,130535,37296,635892,163169,True,True,64467,True,124210,True,1,1
2015-08-09,2015-08-09 00:00:00,Chevron,PILOT TRAVEL CENTERS LLC : CHV7460761,1066 BOISE ID TRM TESORO,DIESEL #2,18648,578084,130535,1,19908,0,9906,9906,134116,0,134116,74373,1,w2,9906,0,84375,37296,635892,163169,Available,Available,Available,200,110,125,On Target,On Target,On Target,08/10 00:00:00 MDT,09/01 00:00:00 MDT,w2,0,2015-08-12 00:00:00,Contract,Contract,Contract,18648,18648,578084,578084,130535,1529516,1529518,1529517,18648,578084,130535,37296,635892,163169,True,True,84375,True,144118,True,1,0
2015-08-10,2015-08-10 00:00:00,Chevron,PILOT TRAVEL CENTERS LLC : CHV7460761,1066 BOISE ID TRM TESORO,DIESEL #2,18648,578084,130535,1,10006,1,20008,10006,154124,0,154124,94381,1,w2,10006,0,94381,37296,635892,163169,Available,Available,Available,200,110,125,On Target,On Target,On Target,08/11 00:00:00 MDT,09/01 00:00:00 MDT,w2,0,2015-08-12 00:00:00,Contract,Contract,Contract,18648,18648,578084,578084,130535,1562623,1562625,1562624,18648,578084,130535,37296,635892,163169,True,True,94381,True,154124,True,1,1
2015-08-11,2015-08-11 00:00:00,Chevron,PILOT TRAVEL CENTERS LLC : CHV7460761,1066 BOISE ID TRM TESORO,DIESEL #2,18648,578084,130535,1,20013,0,10007,10007,164131,0,164131,104388,1,w2,10007,0,114394,37296,635892,163169,Available,Available,Available,200,110,125,On Target,On Target,On Target,08/12 00:00:00 MDT,09/01 00:00:00 MDT,w2,0,2015-08-12 00:00:00,Contract,Contract,Contract,18648,18648,578084,578084,130535,1584756,1584758,1584757,18648,578084,130535,37296,635892,163169,True,True,114394,True,174137,True,1,0
2015-08-12,2015-08-12 00:00:00,Chevron,PILOT TRAVEL CENTERS LLC : CHV7460761,1066 BOISE ID TRM TESORO,DIESEL #2,18648,578084,130535,1,20021,0,20021,20021,194158,0,194158,20021,1,w3,20021,0,20021,37296,635892,163169,Available,Available,Available,200,110,125,On Target,On Target,Above Trend,08/13 00:00:00 MDT,09/01 00:00:00 MDT,w3,0,2015-08-19 00:00:00,Contract,Contract,Contract,18648,18648,578084,578084,130535,1634868,1634870,1634869,18648,578084,130535,37296,635892,163169,True,True,20021,True,194158,True,0,1
2015-08-13,2015-08-13 00:00:00,Chevron,PILOT TRAVEL CENTERS LLC : CHV7460761,1066 BOISE ID TRM TESORO,DIESEL #2,18648,578084,130535,1,17815,0,17815,17815,211973,0,211973,37836,1,w3,17815,0,37836,37296,635892,163169,Available,Available,Available,200,110,125,On Target,Above Trend,Above Trend,08/14 00:00:00 MDT,09/01 00:00:00 MDT,w3,0,2015-08-19 00:00:00,Contract,Contract,Contract,18648,18648,578084,578084,130535,1674798,1674800,1674799,18648,578084,130535,37296,635892,163169,True,True,37836,True,211973,True,0,1
2015-08-14,2015-08-14 00:00:00,Chevron,PILOT TRAVEL CENTERS LLC : CHV7460761,1066 BOISE ID TRM TESORO,DIESEL #2,18648,578084,130535,1,4410,0,4410,4410,216383,0,216383,42246,1,w3,4410,0,42246,37296,635892,163169,Available,Available,Available,200,110,125,Below Trend,On Target,On Target,08/15 00:00:00 MDT,09/01 00:00:00 MDT,w3,0,2015-08-19 00:00:00,Contract,Contract,Contract,18648,18648,578084,578084,130535,1714410,1714412,1714411,18648,578084,130535,37296,635892,163169,True,True,42246,True,216383,True,0,1
2015-08-15,2015-08-15 00:00:00,Chevron,PILOT TRAVEL CENTERS LLC : CHV7460761,1066 BOISE ID TRM TESORO,DIESEL #2,18648,578084,130535,1,22919,0,22919,22919,239302,0,239302,65165,1,w3,22919,0,65165,37296,635892,163169,Available,Available,Available,200,110,125,Above Trend,On Target,On Target,08/16 00:00:00 MDT,09/01 00:00:00 MDT,w3,0,2015-08-19 00:00:00,Contract,Contract,Contract,18648,18648,578084,578084,130535,1746779,1746781,1746780,18648,578084,130535,37296,635892,163169,True,True,65165,True,239302,True,0,1
2015-08-16,2015-08-16 00:00:00,Chevron,PILOT TRAVEL CENTERS LLC : CHV7460761,1066 BOISE ID TRM TESORO,DIESEL #2,18648,578084,130535,1,10015,0,10015,10015,249317,0,249317,75180,1,w3,10015,0,75180,37296,635892,163169,Available,Available,Available,200,110,125,On Target,On Target,On Target,08/17 00:00:00 MDT,09/01 00:00:00 MDT,w3,0,2015-08-19 00:00:00,Contract,Contract,Contract,18648,18648,578084,578084,130535,1788526,1788528,1788527,18648,578084,130535,37296,635892,163169,True,True,75180,True,249317,True,0,1
2015-08-17,2015-08-17 00:00:00,Chevron,PILOT TRAVEL CENTERS LLC : CHV7460761,1066 BOISE ID TRM TESORO,DIESEL #2,18648,578084,130535,1,9899,0,0,0,249317,0,249317,75180,1,w3,0,0,85079,37296,635892,163169,Available,Available,Available,200,110,125,Below Trend,On Target,On Target,08/18 00:00:00 MDT,09/01 00:00:00 MDT,w3,0,2015-08-19 00:00:00,Contract,Contract,Contract,18648,18648,578084,578084,130535,1800579,1800581,1800580,18648,578084,130535,37296,635892,163169,True,True,85079,True,259216,True,0,0
2015-08-18,2015-08-18 00:00:00,Chevron,PILOT TRAVEL CENTERS LLC : CHV7460761,1066 BOISE ID TRM TESORO,DIESEL #2,18648,578084,130535,1,29932,1,39831,29932,289148,0,289148,115011,1,w3,29932,0,115011,37296,635892,163169,Low,Available,Limited,200,110,125,Above Trend,On Target,On Target,08/19 00:00:00 MDT,09/01 00:00:00 MDT,w3,0,2015-08-19 00:00:00,Contract,Contract,Contract,18648,18648,578084,578084,130535,1871182,1871184,1871183,18648,578084,130535,37296,635892,163169,True,True,115011,True,289148,True,0,1
2015-08-19,2015-08-19 00:00:00,Chevron,PILOT TRAVEL CENTERS LLC : CHV7460761,1066 BOISE ID TRM TESORO,DIESEL #2,18648,578084,130535,1,19912,0,19912,19912,309060,0,309060,19912,1,w4,19912,0,19912,37296,635892,163169,Available,Available,Available,200,110,125,On Target,On Target,Above Trend,08/20 00:00:00 MDT,09/01 00:00:00 MDT,w4,0,2015-08-26 00:00:00,Contract,Contract,Contract,18648,18648,578084,578084,130535,1906838,1906840,1906839,18648,578084,130535,37296,635892,163169,True,True,19912,True,309060,True,0,1
2015-08-20,2015-08-20 00:00:00,Chevron,PILOT TRAVEL CENTERS LLC : CHV7460761,1066 BOISE ID TRM TESORO,DIESEL #2,18648,578084,130535,1,20003,0,20003,20003,329063,0,329063,39915,1,w4,20003,0,39915,37296,635892,163169,Available,Available,Available,200,110,125,On Target,Above Trend,Above Trend,08/21 00:00:00 MDT,09/01 00:00:00 MDT,w4,0,2015-08-26 00:00:00,Contract,Contract,Contract,18648,18648,578084,578084,130535,1945005,1945007,1945006,18648,578084,130535,37296,635892,163169,True,True,39915,True,329063,True,0,1
2015-08-21,2015-08-21 00:00:00,Chevron,PILOT TRAVEL CENTERS LLC : CHV7460761,1066 BOISE ID TRM TESORO,DIESEL #2,18648,578084,130535,1,30014,0,0,0,329063,0,329063,39915,1,w4,0,0,69929,37296,635892,163169,Available,Available,Available,200,110,125,Below Trend,On Target,Above Trend,08/22 00:00:00 MDT,09/01 00:00:00 MDT,w4,0,2015-08-26 00:00:00,Contract,Contract,Contract,18648,18648,578084,578084,130535,1949055,1949057,1949056,18648,578084,130535,37296,635892,163169,True,True,69929,True,359077,True,0,0
2015-08-22,2015-08-22 00:00:00,Chevron,PILOT TRAVEL CENTERS LLC : CHV7460761,1066 BOISE ID TRM TESORO,DIESEL #2,18648,578084,130535,1,20015,1,50029,20015,379092,0,379092,89944,1,w4,20015,0,89944,37296,635892,163169,Available,Available,Available,200,110,125,On Target,Above Trend,Above Trend,08/23 00:00:00 MDT,09/01 00:00:00 MDT,w4,0,2015-08-26 00:00:00,Contract,Contract,Contract,18648,18648,578084,578084,130535,2021735,2021737,2021736,18648,578084,130535,37296,635892,163169,True,True,89944,True,379092,True,0,1
2015-08-23,2015-08-23 00:00:00,Chevron,PILOT TRAVEL CENTERS LLC : CHV7460761,1066 BOISE ID TRM TESORO,DIESEL #2,18648,578084,130535,1,0,0,0,0,379092,0,379092,89944,1,w4,0,0,89944,37296,635892,163169,Available,Available,Available,200,110,125,Below Trend,Above Trend,On Target,08/24 00:00:00 MDT,09/01 00:00:00 MDT,w4,0,2015-08-26 00:00:00,Contract,Contract,Contract,18648,18648,578084,578084,130535,2057515,2057517,2057516,18648,578084,130535,37296,635892,163169,True,True,89944,True,379092,True,0,1
2015-08-24,2015-08-24 00:00:00,Chevron,PILOT TRAVEL CENTERS LLC : CHV7460761,1066 BOISE ID TRM TESORO,DIESEL #2,18648,578084,130535,1,29917,0,19914,19914,399006,0,399006,109858,1,w4,19914,0,119861,37296,635892,163169,Available,Available,Available,200,110,125,Above Trend,Above Trend,Above Trend,08/25 00:00:00 MDT,09/01 00:00:00 MDT,w4,0,2015-08-26 00:00:00,Contract,Contract,Contract,18648,18648,578084,578084,130535,2071163,2071165,2071164,18648,578084,130535,37296,635892,163169,True,True,119861,True,409009,True,0,0
2015-08-25,2015-08-25 00:00:00,Chevron,PILOT TRAVEL CENTERS LLC : CHV7460761,1066 BOISE ID TRM TESORO,DIESEL #2,18648,578084,130535,1,10005,1,20008,10005,419014,0,419014,129866,1,w4,10005,0,129866,37296,635892,163169,Available,Available,Limited,200,110,125,On Target,Above Trend,Above Trend,08/26 00:00:00 MDT,09/01 00:00:00 MDT,w4,0,2015-08-26 00:00:00,Contract,Contract,Contract,18648,18648,578084,578084,130535,2126532,2126534,2126533,18648,578084,130535,37296,635892,163169,True,True,129866,True,419014,True,0,1
2015-08-26,2015-08-26 00:00:00,Chevron,PILOT TRAVEL CENTERS LLC : CHV7460761,1066 BOISE ID TRM TESORO,DIESEL #2,18648,578084,130535,1,30014,0,30014,30014,449028,0,449028,30014,1,w5,30014,0,30014,37296,635892,163169,Low,Limited,Available,200,110,125,Above Trend,Above Trend,Above Trend,08/27 00:00:00 MDT,09/01 00:00:00 MDT,w5,0,2015-09-02 00:00:00,Contract,Contract,Contract,18648,18648,578084,578084,130535,2153865,2153867,2153866,18648,578084,130535,37296,635892,163169,True,True,30014,True,449028,True,0,1
2015-08-27,2015-08-27 00:00:00,Chevron,PILOT TRAVEL CENTERS LLC : CHV7460761,1066 BOISE ID TRM TESORO,DIESEL #2,18648,578084,130535,1,30020,0,30020,30020,479048,0,479048,60034,1,w5,30020,0,60034,37296,635892,163169,Low,Limited,Available,200,110,125,Above Trend,Above Trend,Above Trend,08/28 00:00:00 MDT,09/01 00:00:00 MDT,w5,0,2015-09-02 00:00:00,Contract,Contract,Contract,18648,18648,578084,578084,130535,2181329,2181331,2181330,18648,578084,130535,37296,635892,163169,True,True,60034,True,479048,True,0,1
2015-08-28,2015-08-28 00:00:00,Chevron,PILOT TRAVEL CENTERS LLC : CHV7460761,1066 BOISE ID TRM TESORO,DIESEL #2,18648,578084,130535,1,29481,0,29481,29481,508529,0,508529,89515,1,w5,29481,0,89515,37296,635892,163169,Limited,Limited,Available,200,110,125,Above Trend,Above Trend,Above Trend,08/29 00:00:00 MDT,09/01 00:00:00 MDT,w5,0,2015-09-02 00:00:00,Contract,Contract,Contract,18648,18648,578084,558490,130535,2212267,2212269,2212268,18648,578084,130535,37296,635892,163169,True,True,89515,True,508529,True,0,1
2015-08-29,2015-08-29 00:00:00,Chevron,PILOT TRAVEL CENTERS LLC : CHV7460761,1066 BOISE ID TRM TESORO,DIESEL #2,18648,578084,130535,1,19479,0,19479,19479,528008,0,528008,108994,1,w5,19479,0,108994,37296,635892,163169,Available,Low,Available,200,110,125,On Target,Above Trend,Above Trend,08/30 00:00:00 MDT,09/01 00:00:00 MDT,w5,0,2015-09-02 00:00:00,Contract,Contract,Contract,18648,18648,578084,558490,130535,2238907,2238909,2238908,18648,578084,130535,37296,635892,163169,True,True,108994,True,528008,True,0,1
2015-08-30,2015-08-30 00:00:00,Chevron,PILOT TRAVEL CENTERS LLC : CHV7460761,1066 BOISE ID TRM TESORO,DIESEL #2,18648,578084,130535,1,20004,0,20004,20004,548012,0,548012,128998,1,w5,20004,0,128998,37296,635892,163169,Available,Low,Limited,200,110,125,On Target,Above Trend,Above Trend,08/31 00:00:00 MDT,09/01 00:00:00 MDT,w5,0,2015-09-02 00:00:00,Contract,Contract,Contract,18648,18648,578084,558490,130535,2265558,2265560,2265559,18648,578084,130535,37296,635892,163169,True,True,128998,True,548012,True,0,1
2015-08-31,2015-08-31 00:00:00,Chevron,PILOT TRAVEL CENTERS LLC : CHV7460761,1066 BOISE ID TRM TESORO,DIESEL #2,18648,578084,130535,1,16818,0,16818,16818,564830,0,564830,145816,1,w5,16818,0,145816,37296,635892,163169,Available,Low,Low,200,110,125,On Target,Above Trend,Above Trend,09/01 00:00:00 MDT,09/01 00:00:00 MDT,w5,0,2015-09-02 00:00:00,Contract,Contract,Contract,18648,18648,558490,558490,130535,2291212,2291214,2291213,18648,578084,130535,37296,635892,163169,True,True,145816,True,564830,True,0,1
