,date,supplier_name,account_type,supplier_terminal_name,product_name,base_gallons_Daily,base_gallons_Monthly,base_gallons_Weekly,lifted_gallons_daily_flag,lifted_gallons_daily_modified,Modified_WeeksByLiftedGallons,lifted_gallons_modified_WeeksByLiftedGallons,lifted_gallons_Daily,Lifted_actual_monthly,lifted_gallons_monthly_flag,lifted_gallons_Monthly,Lifted_actual_weekly,lifted_gallons_weekly_flag,WeeksByLiftedGallons,lifted_gallonsWeekly_modified_aposteriori,Modified_LiftedGallonsaposteriori,lifted_gallons_Weekly,beginning_gallons_Daily,beginning_gallons_Monthly,beginning_gallons_Weekly,en_allocation_status_Daily,en_allocation_status_Monthly,en_allocation_status_Weekly,percentage_allocation_Daily_actual,percentage_allocation_Daily,percentage_allocation_Monthly_actual,percentage_allocation_Monthly,percentage_allocation_Weekly_actual,percentage_allocation_Weekly,alerts_ratability_Daily,alerts_ratability_Monthly,alerts_ratability_Weekly,next_refresh_date_Daily,next_refresh_date_Monthly,Week_switch,Modified_NRD,next_refresh_date_Weekly,en_account_type_Daily,en_account_type_Monthly,en_account_type_Weekly,NRB_Daily,next_refresh_base_gallons_Daily,NRB_Monthly,next_refresh_base_gallons_Monthly,next_refresh_base_gallons_Weekly,remaining_gallons_Daily,remaining_gallons_Monthly,remaining_gallons_Weekly,additional_gallons_allowed_Daily,additional_gallons_allowed_Monthly,additional_gallons_allowed_Weekly,additional_gallons_remaining_Daily,additional_gallons_remaining_Monthly,additional_gallons_remaining_Weekly,staging_id_Daily,staging_id_Monthly,staging_id_Weekly,base_gallons_Daily_Reconciled,base_gallons_Monthly_Reconciled,base_gallons_Weekly_Reconciled,beginning_gallons_Daily_Reconciled,beginning_gallons_Monthly_Reconciled,beginning_gallons_Weekly_Reconciled,sanityWeekly_CumulativeDaily_WeeksByLiftedGallons,sanityWeekly_CumulativeDaily_NextRefreshDate,computedWeekly,sanityComputedWeekly,computedMonthly,sanityComputedMonthly,remaining_gallons_Daily_Reconciled,remaining_gallons_Monthly_Reconciled,remaining_gallons_Weekly_Reconciled,additional_gallons_remaining_Daily_Reconciled,additional_gallons_remaining_Monthly_Reconciled,additional_gallons_remaining_Weekly_Reconciled,sanityMonthly_CumulativeDaily_WeeksByLiftedGallons,sanityMonthly_CumulativeDaily_WeeksByNextRefreshDate
2015-08-01,2015-08-01 00:00:00,Chevron,PILOT TRAVEL CENTERS LLC : CHV7460761,1045 SALT LAKE CITY UT TRM CHEVRON,DIESEL #2,67095,2079956,469667,1,95224,0,84727,84727,84727,0,84727,237280,1,w1,84727,0,95224,134190,2287952,587084,Available,Available,Available,200%,200,110%,110,125%,125,On Target,Above Trend,On Target,08/02 00:00:00 MDT,09/01 00:00:00 MDT,w1,0,2015-08-05 00:00:00,Contract,Contract,Contract,67095,67095,2079956,2079956,469667,49463,2203225,349804,0,0,0,0,0,0,1272206,1272208,1272207,67000,2079900,469600,134190,2287951,587083,True,False,95224,True,95224,True,38966,2203225,491860,-1,-1,-1,1,0
2015-08-02,2015-08-02 00:00:00,Chevron,PILOT TRAVEL CENTERS LLC : CHV7460761,1045 SALT LAKE CITY UT TRM CHEVRON,DIESEL #2,67095,2079956,469667,1,84215,1,94712,84215,179439,0,179439,331992,1,w1,84215,0,179439,134190,2287952,587084,Available,Available,Available,200%,200,110%,110,125%,125,On Target,Above Trend,Above Trend,08/03 00:00:00 MDT,09/01 00:00:00 MDT,w1,0,2015-08-05 00:00:00,Contract,Contract,Contract,67095,67095,2079956,2079956,469667,49975,2108513,255092,0,0,0,0,0,0,1303029,1303031,1303030,67000,2079900,469600,134190,2287951,587083,True,False,179439,True,179439,True,49975,2108513,407645,-1,-1,-1,1,1
2015-08-03,2015-08-03 00:00:00,Chevron,PILOT TRAVEL CENTERS LLC : CHV7460761,1045 SALT LAKE CITY UT TRM CHEVRON,DIESEL #2,67095,2079956,469667,1,77702,0,77702,77702,257141,0,257141,409694,1,w1,77702,0,257141,134190,2287952,587084,Available,Available,Available,200%,200,110%,110,125%,125,On Target,Above Trend,Above Trend,08/04 00:00:00 MDT,09/01 00:00:00 MDT,w1,0,2015-08-05 00:00:00,Contract,Contract,Contract,67095,67095,2079956,2079956,469667,56488,2030811,177390,0,0,0,0,0,0,1331484,1331486,1331485,67000,2079900,469600,134190,2287951,587083,True,False,257141,True,257141,True,56488,2030811,329943,-1,-1,-1,1,1
2015-08-04,2015-08-04 00:00:00,Chevron,PILOT TRAVEL CENTERS LLC : CHV7460761,1045 SALT LAKE CITY UT TRM CHEVRON,DIESEL #2,67095,2079956,469667,1,72054,0,59631,59631,316772,0,316772,469325,1,w1,59631,0,329195,134190,2287952,587084,Available,Available,Limited,200%,200,110%,110,125%,125,On Target,Above Trend,Above Trend,08/05 00:00:00 MDT,09/01 00:00:00 MDT,w1,0,2015-08-05 00:00:00,Contract,Contract,Contract,67095,67095,2079956,2079956,469667,74559,1971180,117759,0,0,0,0,0,0,1361667,1361669,1361668,67000,2079900,469600,134190,2287951,587083,True,False,329195,True,329195,True,62136,1971180,257889,-1,-1,-1,1,0
2015-08-05,2015-08-05 00:00:00,Chevron,PILOT TRAVEL CENTERS LLC : CHV7460761,1045 SALT LAKE CITY UT TRM CHEVRON,DIESEL #2,67095,2079956,469667,1,45000,0,34499,34499,363694,0,363694,34499,1,w2,34499,0,45000,134190,2287952,587084,Available,Available,Available,200%,200,110%,110,125%,125,On Target,Above Trend,On Target,08/06 00:00:00 MDT,09/01 00:00:00 MDT,w2,0,2015-08-12 00:00:00,Contract,Contract,Contract,67095,67095,2079956,2079956,469667,99691,1924258,552585,0,0,0,0,0,0,1390152,1390154,1390153,67000,2079900,469600,134190,2287951,587083,True,True,45000,True,374195,True,89190,1924258,542084,-1,-1,-1,0,0
2015-08-06,2015-08-06 00:00:00,Chevron,PILOT TRAVEL CENTERS LLC : CHV7460761,1045 SALT LAKE CITY UT TRM CHEVRON,DIESEL #2,67095,2079956,469667,1,129356,1,129357,118856,493051,0,493051,163856,1,w2,118856,0,174356,134190,2287952,587084,Low,Available,Available,200%,200,110%,110,125%,125,Above Trend,Above Trend,Above Trend,08/07 00:00:00 MDT,09/01 00:00:00 MDT,w2,0,2015-08-12 00:00:00,Contract,Contract,Contract,67095,67095,2079956,2079956,469667,15334,1794901,423228,0,0,0,0,0,0,1427024,1427026,1427025,67000,2079900,469600,134190,2287951,587083,True,True,174356,True,503551,True,4834,1794901,412728,-1,-1,-1,0,0
2015-08-07,2015-08-07 00:00:00,Chevron,PILOT TRAVEL CENTERS LLC : CHV7460761,1045 SALT LAKE CITY UT TRM CHEVRON,DIESEL #2,67095,2079956,469667,1,75998,1,86498,75998,579549,0,579549,250354,1,w2,75998,0,250354,134190,2287952,587084,Available,Available,Available,200%,200,110%,110,125%,125,On Target,Above Trend,Above Trend,08/08 00:00:00 MDT,09/01 00:00:00 MDT,w2,0,2015-08-12 00:00:00,Contract,Contract,Contract,67095,67095,2079956,2079956,469667,58192,1708403,336730,0,0,0,0,0,0,1461536,1461538,1461537,67000,2079900,469600,134190,2287951,587083,True,True,250354,True,579549,True,58192,1708403,336730,-1,-1,-1,0,1
2015-08-08,2015-08-08 00:00:00,Chevron,PILOT TRAVEL CENTERS LLC : CHV7460761,1045 SALT LAKE CITY UT TRM CHEVRON,DIESEL #2,67095,2079956,469667,1,60537,0,60537,60537,640086,0,640086,310891,1,w2,60537,0,310891,134190,2287952,587084,Available,Available,Available,200%,200,110%,110,125%,125,On Target,Above Trend,Above Trend,08/09 00:00:00 MDT,09/01 00:00:00 MDT,w2,0,2015-08-12 00:00:00,Contract,Contract,Contract,67095,67095,2079956,2079956,469667,73653,1647866,276193,0,0,0,0,0,0,1495825,1495827,1495826,67000,2079900,469600,134190,2287951,587083,True,True,310891,True,640086,True,73653,1647866,276193,-1,-1,-1,0,1
2015-08-09,2015-08-09 00:00:00,Chevron,PILOT TRAVEL CENTERS LLC : CHV7460761,1045 SALT LAKE CITY UT TRM CHEVRON,DIESEL #2,67095,2079956,469667,1,50899,0,50899,50899,690985,0,690985,361790,1,w2,50899,0,361790,134190,2287952,587084,Available,Available,Available,200%,200,110%,110,125%,125,On Target,Above Trend,Above Trend,08/10 00:00:00 MDT,09/01 00:00:00 MDT,w2,0,2015-08-12 00:00:00,Contract,Contract,Contract,67095,67095,2079956,2079956,469667,83291,1596967,225294,0,0,0,0,0,0,1529510,1529512,1529511,67000,2079900,469600,134190,2287951,587083,True,True,361790,True,690985,True,83291,1596967,225294,-1,-1,-1,0,1
2015-08-10,2015-08-10 00:00:00,Chevron,PILOT TRAVEL CENTERS LLC : CHV7460761,1045 SALT LAKE CITY UT TRM CHEVRON,DIESEL #2,67095,2079956,469667,1,102228,0,89878,89878,780863,0,780863,451668,1,w2,89878,0,464018,134190,2287952,587084,Available,Available,Limited,200%,200,110%,110,125%,125,On Target,Above Trend,Above Trend,08/11 00:00:00 MDT,09/01 00:00:00 MDT,w2,0,2015-08-12 00:00:00,Contract,Contract,Contract,67095,67095,2079956,2079956,469667,44312,1507089,135416,0,0,0,0,0,0,1562617,1562619,1562618,67000,2079900,469600,134190,2287951,587083,True,True,464018,True,793213,True,31962,1507089,123066,-1,-1,-1,0,0
2015-08-11,2015-08-11 00:00:00,Chevron,PILOT TRAVEL CENTERS LLC : CHV7460761,1045 SALT LAKE CITY UT TRM CHEVRON,DIESEL #2,67095,2079956,469667,1,49443,1,61793,49443,842656,0,842656,513461,1,w2,49443,0,513461,134190,2287952,587084,Available,Available,Low,200%,200,110%,110,125%,125,On Target,Above Trend,Above Trend,08/12 00:00:00 MDT,09/01 00:00:00 MDT,w2,0,2015-08-12 00:00:00,Contract,Contract,Contract,67095,67095,2079956,2079956,469667,84747,1445296,73623,0,0,0,0,0,0,1584750,1584752,1584751,67000,2079900,469600,134190,2287951,587083,True,True,513461,True,842656,True,84747,1445296,73623,-1,-1,-1,0,1
2015-08-12,2015-08-12 00:00:00,Chevron,PILOT TRAVEL CENTERS LLC : CHV7460761,1045 SALT LAKE CITY UT TRM CHEVRON,DIESEL #2,67095,2079956,469667,1,71225,0,71225,71225,913881,0,913881,71225,1,w3,71225,0,71225,67095,2079956,469667,Out,Available,Available,100%,100,100%,100,100%,100,Above Trend,Above Trend,Above Trend,08/13 00:00:00 MDT,09/01 00:00:00 MDT,w3,0,2015-08-19 00:00:00,Contract,Contract,Contract,67095,67095,2079956,2079956,469667,-4130,1166075,398442,0,0,0,0,0,0,1634862,1634864,1634863,67000,2079900,469600,67095,2079956,469667,True,True,71225,True,913881,True,-4130,1166075,398442,-1,-1,-1,0,1
2015-08-13,2015-08-13 00:00:00,Chevron,PILOT TRAVEL CENTERS LLC : CHV7460761,1045 SALT LAKE CITY UT TRM CHEVRON,DIESEL #2,67095,2079956,469667,1,70140,0,70140,70140,984021,0,984021,141365,1,w3,70140,0,141365,67095,2079956,469667,Out,Available,Available,100%,100,100%,100,100%,100,Above Trend,Above Trend,Above Trend,08/14 00:00:00 MDT,09/01 00:00:00 MDT,w3,0,2015-08-19 00:00:00,Contract,Contract,Contract,67095,67095,2079956,2079956,469667,-3045,1095935,328302,0,0,0,0,0,0,1674792,1674794,1674793,67000,2079900,469600,67095,2079956,469667,True,True,141365,True,984021,True,-3045,1095935,328302,-1,-1,-1,0,1
2015-08-14,2015-08-14 00:00:00,Chevron,PILOT TRAVEL CENTERS LLC : CHV7460761,1045 SALT LAKE CITY UT TRM CHEVRON,DIESEL #2,67095,2079956,469667,1,78119,0,78119,78119,1062140,0,1062140,219484,1,w3,78119,0,219484,67095,2079956,469667,Out,Available,Available,100%,100,100%,100,100%,100,Above Trend,Above Trend,Above Trend,08/15 00:00:00 MDT,09/01 00:00:00 MDT,w3,0,2015-08-19 00:00:00,Contract,Contract,Contract,67095,67095,2079956,2079956,469667,-11024,1017816,250183,0,0,0,0,0,0,1714404,1714406,1714405,67000,2079900,469600,67095,2079956,469667,True,True,219484,True,1062140,True,-11024,1017816,250183,-1,-1,-1,0,1
2015-08-15,2015-08-15 00:00:00,Chevron,PILOT TRAVEL CENTERS LLC : CHV7460761,1045 SALT LAKE CITY UT TRM CHEVRON,DIESEL #2,67095,2079956,469667,1,56347,0,45850,45850,1107990,0,1107990,265334,1,w3,45850,0,275831,67095,2079956,469667,Available,Available,Available,100%,100,100%,100,100%,100,Above Trend,Above Trend,Above Trend,08/16 00:00:00 MDT,09/01 00:00:00 MDT,w3,0,2015-08-19 00:00:00,Contract,Contract,Contract,67095,67095,2079956,2079956,469667,21245,971966,204333,0,0,0,0,0,0,1746773,1746775,1746774,67000,2079900,469600,67095,2079956,469667,True,True,275831,True,1118487,True,10748,971966,193836,-1,-1,-1,0,0
2015-08-16,2015-08-16 00:00:00,Chevron,PILOT TRAVEL CENTERS LLC : CHV7460761,1045 SALT LAKE CITY UT TRM CHEVRON,DIESEL #2,67095,2079956,469667,1,36221,1,46718,36221,1154708,0,1154708,312052,1,w3,36221,0,312052,67095,2079956,469667,Available,Available,Available,100%,100,100%,100,100%,100,On Target,Above Trend,Above Trend,08/17 00:00:00 MDT,09/01 00:00:00 MDT,w3,0,2015-08-19 00:00:00,Contract,Contract,Contract,67095,67095,2079956,2079956,469667,30874,925248,157615,0,0,0,0,0,0,1788520,1788522,1788521,67000,2079900,469600,67095,2079956,469667,True,True,312052,True,1154708,True,30874,925248,157615,-1,-1,-1,0,1
2015-08-17,2015-08-17 00:00:00,Chevron,PILOT TRAVEL CENTERS LLC : CHV7460761,1045 SALT LAKE CITY UT TRM CHEVRON,DIESEL #2,67095,2079956,469667,1,73789,0,0,0,1154708,0,1154708,312052,1,w3,0,0,385841,67095,2079956,469667,Available,Available,Available,100%,100,100%,100,100%,100,Below Trend,Above Trend,Above Trend,08/18 00:00:00 MDT,09/01 00:00:00 MDT,w3,0,2015-08-19 00:00:00,Contract,Contract,Contract,67095,67095,2079956,2079956,469667,67095,925248,157615,0,0,0,0,0,0,1800573,1800575,1800574,67000,2079900,469600,67095,2079956,469667,True,True,385841,True,1228497,True,-6694,925248,83826,-1,-1,-1,0,0
2015-08-18,2015-08-18 00:00:00,Chevron,PILOT TRAVEL CENTERS LLC : CHV7460761,1045 SALT LAKE CITY UT TRM CHEVRON,DIESEL #2,67095,2079956,469667,1,122774,1,196563,122774,1351271,0,1351271,508615,1,w3,122774,0,508615,67095,2079956,469667,Available,Available,Available,100%,100,100%,100,100%,100,Above Trend,Above Trend,Above Trend,08/19 00:00:00 MDT,09/01 00:00:00 MDT,w3,0,2015-08-19 00:00:00,Contract,Contract,Contract,67095,67095,2079956,2079956,469667,-7678,776686,9053,500000,500000,500000,451999,451999,451999,1871176,1871178,1871177,67000,2079900,469600,67095,2079956,469667,True,True,508615,True,1351271,True,-55679,728685,-38948,500000,-1,500000,0,1
2015-08-19,2015-08-19 00:00:00,Chevron,PILOT TRAVEL CENTERS LLC : CHV7460761,1045 SALT LAKE CITY UT TRM CHEVRON,DIESEL #2,67095,2079956,469667,1,70723,0,70723,70723,1421994,0,1421994,70723,1,w4,70723,0,70723,67095,2079956,469667,Available,Available,Available,100%,100,100%,100,100%,100,Above Trend,Above Trend,Above Trend,08/20 00:00:00 MDT,09/01 00:00:00 MDT,w4,0,2015-08-26 00:00:00,Contract,Contract,Contract,67095,67095,2079956,2079956,469667,0,709591,402572,500000,500000,500000,448371,448371,448371,1906832,1906834,1906833,67000,2079900,469600,67095,2079956,469667,True,True,70723,True,1421994,True,-3628,657962,398944,500000,-1,-1,0,1
2015-08-20,2015-08-20 00:00:00,Chevron,PILOT TRAVEL CENTERS LLC : CHV7460761,1045 SALT LAKE CITY UT TRM CHEVRON,DIESEL #2,67095,2079956,469667,1,107825,0,107825,107825,1529819,0,1529819,178548,1,w4,107825,0,178548,100643,2287952,587084,Available,Available,Available,150%,150,110%,110,125%,125,Above Trend,Above Trend,Above Trend,08/21 00:00:00 MDT,09/01 00:00:00 MDT,w4,0,2015-08-26 00:00:00,Contract,Contract,Contract,67095,67095,2079956,2079956,469667,0,816944,419346,500000,500000,500000,441188,441188,441188,1944999,1945001,1945000,67000,2079900,469600,100642,2287951,587083,True,True,178548,True,1529819,True,-7182,758133,408536,500000,-1,-1,0,1
2015-08-21,2015-08-21 00:00:00,Chevron,PILOT TRAVEL CENTERS LLC : CHV7460761,1045 SALT LAKE CITY UT TRM CHEVRON,DIESEL #2,67095,2079956,469667,1,155972,0,0,0,1529819,0,1529819,178548,1,w4,0,0,334520,100643,2287952,587084,Available,Available,Available,150%,150,110%,110,125%,125,Below Trend,Above Trend,Above Trend,08/22 00:00:00 MDT,09/01 00:00:00 MDT,w4,0,2015-08-26 00:00:00,Contract,Contract,Contract,67095,67095,2079956,2079956,469667,100643,816944,419346,500000,500000,500000,441188,441188,441188,1949049,1949051,1949050,67000,2079900,469600,100642,2287951,587083,True,True,334520,True,1685791,True,-55329,758133,252564,500000,-1,-1,0,0
2015-08-22,2015-08-22 00:00:00,Chevron,PILOT TRAVEL CENTERS LLC : CHV7460761,1045 SALT LAKE CITY UT TRM CHEVRON,DIESEL #2,67095,2079956,469667,1,36010,1,191982,36010,1721801,0,1721801,370530,1,w4,36010,0,370530,100643,2287952,587084,Available,Available,Available,150%,150,110%,110,125%,125,On Target,Above Trend,Above Trend,08/23 00:00:00 MDT,09/01 00:00:00 MDT,w4,0,2015-08-26 00:00:00,Contract,Contract,Contract,67095,67095,2079956,2079956,469667,64633,680292,282694,500000,500000,500000,385859,385859,385859,2021729,2021731,2021730,67000,2079900,469600,100642,2287951,587083,True,True,370530,True,1721801,True,64633,566151,216554,-1,-1,-1,0,1
2015-08-23,2015-08-23 00:00:00,Chevron,PILOT TRAVEL CENTERS LLC : CHV7460761,1045 SALT LAKE CITY UT TRM CHEVRON,DIESEL #2,67095,2079956,469667,1,59535,0,47516,47516,1769317,0,1769317,418046,1,w4,47516,0,430065,100643,2287952,587084,Available,Available,Available,150%,150,110%,110,125%,125,On Target,Above Trend,Above Trend,08/24 00:00:00 MDT,09/01 00:00:00 MDT,w4,0,2015-08-26 00:00:00,Contract,Contract,Contract,67095,67095,2079956,2079956,469667,53127,632776,235178,500000,500000,500000,385859,385859,385859,2057509,2057511,2057510,67000,2079900,469600,100642,2287951,587083,True,True,430065,True,1781336,True,41108,518635,157019,-1,-1,-1,0,0
2015-08-24,2015-08-24 00:00:00,Chevron,PILOT TRAVEL CENTERS LLC : CHV7460761,1045 SALT LAKE CITY UT TRM CHEVRON,DIESEL #2,67095,2079956,469667,1,103628,1,24519,12500,1793836,0,1793836,442565,1,w4,12500,0,533693,100643,2287952,587084,Available,Available,Available,150%,150,110%,110,125%,125,On Target,Above Trend,Above Trend,08/25 00:00:00 MDT,09/01 00:00:00 MDT,w4,0,2015-08-26 00:00:00,Contract,Contract,Contract,67095,67095,2079956,2079956,469667,88143,608257,210659,500000,500000,500000,385859,385859,385859,2071157,2071159,2071158,67000,2079900,469600,100642,2287951,587083,True,True,533693,True,1884964,True,-2985,494116,53391,500000,-1,-1,0,0
2015-08-25,2015-08-25 00:00:00,Chevron,PILOT TRAVEL CENTERS LLC : CHV7460761,1045 SALT LAKE CITY UT TRM CHEVRON,DIESEL #2,67095,2079956,469667,1,97348,1,176455,85327,1970291,0,1970291,619020,1,w4,85327,0,631041,100643,2287952,587084,Available,Limited,Available,150%,150,110%,110,125%,125,Above Trend,Above Trend,Above Trend,08/26 00:00:00 MDT,09/01 00:00:00 MDT,w4,0,2015-08-26 00:00:00,Contract,Contract,Contract,67095,67095,2079956,2079956,469667,15316,434787,37189,500000,500000,500000,382873,382873,382873,2126526,2126528,2126527,67000,2079900,469600,100642,2287951,587083,True,True,631041,True,1982312,True,3295,317661,-43957,-1,-1,500000,0,0
2015-08-26,2015-08-26 00:00:00,Chevron,PILOT TRAVEL CENTERS LLC : CHV7460761,1045 SALT LAKE CITY UT TRM CHEVRON,DIESEL #2,67095,2079956,469667,1,155909,0,143409,143409,2125721,0,2125721,143409,1,w5,143409,0,155909,100643,2287952,587084,Available,Low,Available,150%,150,110%,110,125%,125,Above Trend,Above Trend,Above Trend,08/27 00:00:00 MDT,09/01 00:00:00 MDT,w5,0,2015-09-02 00:00:00,Contract,Contract,Contract,67095,67095,2079956,2079956,469667,0,322124,486441,500000,500000,500000,340107,340107,340107,2153859,2153861,2153860,67000,2079900,469600,100642,2287951,587083,True,True,155909,True,2138221,True,-55266,162231,431175,500000,-1,-1,0,0
2015-08-27,2015-08-27 00:00:00,Chevron,PILOT TRAVEL CENTERS LLC : CHV7460761,1045 SALT LAKE CITY UT TRM CHEVRON,DIESEL #2,67095,2079956,469667,1,89519,1,91518,79018,2217239,0,2217239,234927,1,w5,79018,0,245428,100643,2287952,587084,Available,Low,Available,150%,150,110%,110,125%,125,Above Trend,Above Trend,Above Trend,08/28 00:00:00 MDT,09/01 00:00:00 MDT,w5,0,2015-09-02 00:00:00,Contract,Contract,Contract,67095,67095,2079956,2079956,469667,21625,243106,407423,500000,500000,500000,327607,327607,327607,2181323,2181325,2181324,67000,2079900,469600,100642,2287951,587083,True,True,245428,True,2227740,True,11124,70713,341656,-1,-1,-1,0,0
2015-08-28,2015-08-28 00:00:00,Chevron,PILOT TRAVEL CENTERS LLC : CHV7460761,1045 SALT LAKE CITY UT TRM CHEVRON,DIESEL #2,67095,2079956,469667,1,39311,1,39315,28814,2256554,0,2256554,274242,1,w5,28814,0,284739,100643,2287952,587084,Available,Low,Available,150%,150,110%,110,125%,125,On Target,Above Trend,Above Trend,08/29 00:00:00 MDT,09/01 00:00:00 MDT,w5,0,2015-09-02 00:00:00,Contract,Contract,Contract,67095,67095,2079956,2389180,469667,71829,203791,368108,500000,500000,500000,327607,327607,327607,2212261,2212263,2212262,67000,2079900,469600,100642,2287951,587083,True,True,284739,True,2267051,True,61332,31398,302345,-1,-1,-1,0,0
2015-08-29,2015-08-29 00:00:00,Chevron,PILOT TRAVEL CENTERS LLC : CHV7460761,1045 SALT LAKE CITY UT TRM CHEVRON,DIESEL #2,67095,2079956,469667,1,60530,1,61013,50516,2317567,0,2317567,335255,1,w5,50516,0,345269,100643,2287952,587084,Available,Low,Available,150%,150,110%,110,125%,125,On Target,Above Trend,Above Trend,08/30 00:00:00 MDT,09/01 00:00:00 MDT,w5,0,2015-09-02 00:00:00,Contract,Contract,Contract,67095,67095,2079956,2389180,469667,50127,142778,307095,500000,500000,500000,327607,327607,327607,2238901,2238903,2238902,67000,2079900,469600,100642,2287951,587083,True,True,345269,True,2327581,True,40113,-29615,241815,-1,500000,-1,0,0
2015-08-30,2015-08-30 00:00:00,Chevron,PILOT TRAVEL CENTERS LLC : CHV7460761,1045 SALT LAKE CITY UT TRM CHEVRON,DIESEL #2,67095,2079956,469667,1,32808,1,42822,32808,2360389,0,2360389,378077,1,w5,32808,0,378077,100643,2287952,587084,Available,Low,Available,150%,150,110%,110,125%,125,On Target,Above Trend,Above Trend,08/31 00:00:00 MDT,09/01 00:00:00 MDT,w5,0,2015-09-02 00:00:00,Contract,Contract,Contract,67095,67095,2079956,2389180,469667,67835,99956,264273,500000,500000,500000,327607,327607,327607,2265552,2265554,2265553,67000,2079900,469600,100642,2287951,587083,True,True,378077,True,2360389,True,67835,-72437,209007,-1,500000,-1,0,1
2015-08-31,2015-08-31 00:00:00,Chevron,PILOT TRAVEL CENTERS LLC : CHV7460761,1045 SALT LAKE CITY UT TRM CHEVRON,DIESEL #2,67095,2079956,469667,1,80125,0,80125,80125,2440514,0,2440514,458202,1,w5,80125,0,458202,73805,2287952,516634,Out,Out,Low,110%,110,110%,110,110%,110,Above Trend,Above Trend,Above Trend,09/01 00:00:00 MDT,09/01 00:00:00 MDT,w5,0,2015-09-02 00:00:00,Contract,Contract,Contract,67095,67095,2389180,2389180,469667,0,26151,120019,172393,172393,172393,6321,6321,6321,2291206,2291208,2291207,67000,2079900,469600,73804,2287951,516633,True,True,458202,True,2440514,True,-6320,-152562,58432,172393,172393,-1,0,1
