,date,supplier_name,account_type,supplier_terminal_name,product_name,base_gallons_Daily,base_gallons_Monthly,base_gallons_Weekly,lifted_gallons_daily_flag,lifted_gallons_daily_modified,Modified_WeeksByLiftedGallons,lifted_gallons_modified_WeeksByLiftedGallons,lifted_gallons_Daily,Lifted_actual_monthly,lifted_gallons_monthly_flag,lifted_gallons_Monthly,Lifted_actual_weekly,lifted_gallons_weekly_flag,WeeksByLiftedGallons,lifted_gallonsWeekly_modified_aposteriori,Modified_LiftedGallonsaposteriori,lifted_gallons_Weekly,beginning_gallons_Daily,beginning_gallons_Monthly,beginning_gallons_Weekly,en_allocation_status_Daily,en_allocation_status_Monthly,en_allocation_status_Weekly,percentage_allocation_Daily_actual,percentage_allocation_Daily,percentage_allocation_Monthly_actual,percentage_allocation_Monthly,percentage_allocation_Weekly_actual,percentage_allocation_Weekly,alerts_ratability_Daily,alerts_ratability_Monthly,alerts_ratability_Weekly,next_refresh_date_Daily,next_refresh_date_Monthly,Week_switch,Modified_NRD,next_refresh_date_Weekly,en_account_type_Daily,en_account_type_Monthly,en_account_type_Weekly,NRB_Daily,next_refresh_base_gallons_Daily,NRB_Monthly,next_refresh_base_gallons_Monthly,next_refresh_base_gallons_Weekly,remaining_gallons_Daily,remaining_gallons_Monthly,remaining_gallons_Weekly,additional_gallons_allowed_Daily,additional_gallons_allowed_Monthly,additional_gallons_allowed_Weekly,additional_gallons_remaining_Daily,additional_gallons_remaining_Monthly,additional_gallons_remaining_Weekly,staging_id_Daily,staging_id_Monthly,staging_id_Weekly,base_gallons_Daily_Reconciled,base_gallons_Monthly_Reconciled,base_gallons_Weekly_Reconciled,beginning_gallons_Daily_Reconciled,beginning_gallons_Monthly_Reconciled,beginning_gallons_Weekly_Reconciled,sanityWeekly_CumulativeDaily_WeeksByLiftedGallons,sanityWeekly_CumulativeDaily_NextRefreshDate,computedWeekly,sanityComputedWeekly,computedMonthly,sanityComputedMonthly,remaining_gallons_Daily_Reconciled,remaining_gallons_Monthly_Reconciled,remaining_gallons_Weekly_Reconciled,additional_gallons_remaining_Daily_Reconciled,additional_gallons_remaining_Monthly_Reconciled,additional_gallons_remaining_Weekly_Reconciled,sanityMonthly_CumulativeDaily_WeeksByLiftedGallons,sanityMonthly_CumulativeDaily_WeeksByNextRefreshDate
2015-08-01,2015-08-01 00:00:00,Chevron,PILOT TRAVEL CENTERS LLC : CHV7460761,1045 SALT LAKE CITY UT TRM CHEVRON,GASOLINE,-1,-1,-1,0,-1,0,-1,-1,-1,0,-1,-1,0,w1,-1,0,-1,-1,-1,-1,-1,-1,-1,-1,-1,-1,-1,-1,-1,-1,-1,-1,-1,-1,w1,1,2015-08-05 00:00:00,-1,-1,-1,21000,-1,651000,-1,-1,-1,-1,-1,-1,-1,-1,-1,-1,-1,-1,-1,-1,-1,-1,-1,-1,-1,-1,True,True,0,0,0,0,-1,-1,-1,-1,-1,-1,1,1
2015-08-02,2015-08-02 00:00:00,Chevron,PILOT TRAVEL CENTERS LLC : CHV7460761,1045 SALT LAKE CITY UT TRM CHEVRON,GASOLINE,-1,-1,-1,0,-1,0,-1,-1,-1,0,-1,-1,0,w1,-1,0,-1,-1,-1,-1,-1,-1,-1,-1,-1,-1,-1,-1,-1,-1,-1,-1,-1,-1,w1,1,2015-08-05 00:00:00,-1,-1,-1,21000,-1,651000,-1,-1,-1,-1,-1,-1,-1,-1,-1,-1,-1,-1,-1,-1,-1,-1,-1,-1,-1,-1,False,False,0,0,0,0,-1,-1,-1,-1,-1,-1,0,0
2015-08-03,2015-08-03 00:00:00,Chevron,PILOT TRAVEL CENTERS LLC : CHV7460761,1045 SALT LAKE CITY UT TRM CHEVRON,GASOLINE,-1,-1,-1,0,-1,0,-1,-1,-1,0,-1,-1,0,w1,-1,0,-1,-1,-1,-1,-1,-1,-1,-1,-1,-1,-1,-1,-1,-1,-1,-1,-1,-1,w1,1,2015-08-05 00:00:00,-1,-1,-1,21000,-1,651000,-1,-1,-1,-1,-1,-1,-1,-1,-1,-1,-1,-1,-1,-1,-1,-1,-1,-1,-1,-1,False,False,0,0,0,0,-1,-1,-1,-1,-1,-1,0,0
2015-08-04,2015-08-04 00:00:00,Chevron,PILOT TRAVEL CENTERS LLC : CHV7460761,1045 SALT LAKE CITY UT TRM CHEVRON,GASOLINE,-1,-1,-1,0,-1,0,-1,-1,-1,0,-1,-1,0,w1,-1,0,-1,-1,-1,-1,-1,-1,-1,-1,-1,-1,-1,-1,-1,-1,-1,-1,-1,-1,w1,1,2015-08-05 00:00:00,-1,-1,-1,21000,-1,651000,-1,-1,-1,-1,-1,-1,-1,-1,-1,-1,-1,-1,-1,-1,-1,-1,-1,-1,-1,-1,False,False,0,0,0,0,-1,-1,-1,-1,-1,-1,0,0
2015-08-05,2015-08-05 00:00:00,Chevron,PILOT TRAVEL CENTERS LLC : CHV7460761,1045 SALT LAKE CITY UT TRM CHEVRON,GASOLINE,-1,-1,-1,0,-1,0,-1,-1,-1,0,-1,-1,0,w1,-1,0,-1,-1,-1,-1,-1,-1,-1,-1,-1,-1,-1,-1,-1,-1,-1,-1,-1,-1,w2,1,2015-08-12 00:00:00,-1,-1,-1,21000,-1,651000,-1,-1,-1,-1,-1,-1,-1,-1,-1,-1,-1,-1,-1,-1,-1,-1,-1,-1,-1,-1,False,True,0,0,0,0,-1,-1,-1,-1,-1,-1,0,0
2015-08-06,2015-08-06 00:00:00,Chevron,PILOT TRAVEL CENTERS LLC : CHV7460761,1045 SALT LAKE CITY UT TRM CHEVRON,GASOLINE,-1,-1,-1,0,-1,0,-1,-1,-1,0,-1,-1,0,w1,-1,0,-1,-1,-1,-1,-1,-1,-1,-1,-1,-1,-1,-1,-1,-1,-1,-1,-1,-1,w2,1,2015-08-12 00:00:00,-1,-1,-1,21000,-1,651000,-1,-1,-1,-1,-1,-1,-1,-1,-1,-1,-1,-1,-1,-1,-1,-1,-1,-1,-1,-1,False,False,0,0,0,0,-1,-1,-1,-1,-1,-1,0,0
2015-08-07,2015-08-07 00:00:00,Chevron,PILOT TRAVEL CENTERS LLC : CHV7460761,1045 SALT LAKE CITY UT TRM CHEVRON,GASOLINE,-1,-1,-1,0,-1,0,-1,-1,-1,0,-1,-1,0,w1,-1,0,-1,-1,-1,-1,-1,-1,-1,-1,-1,-1,-1,-1,-1,-1,-1,-1,-1,-1,w2,1,2015-08-12 00:00:00,-1,-1,-1,21000,-1,651000,-1,-1,-1,-1,-1,-1,-1,-1,-1,-1,-1,-1,-1,-1,-1,-1,-1,-1,-1,-1,False,False,0,0,0,0,-1,-1,-1,-1,-1,-1,0,0
2015-08-08,2015-08-08 00:00:00,Chevron,PILOT TRAVEL CENTERS LLC : CHV7460761,1045 SALT LAKE CITY UT TRM CHEVRON,GASOLINE,-1,-1,-1,0,-1,0,-1,-1,-1,0,-1,-1,0,w1,-1,0,-1,-1,-1,-1,-1,-1,-1,-1,-1,-1,-1,-1,-1,-1,-1,-1,-1,-1,w2,1,2015-08-12 00:00:00,-1,-1,-1,21000,-1,651000,-1,-1,-1,-1,-1,-1,-1,-1,-1,-1,-1,-1,-1,-1,-1,-1,-1,-1,-1,-1,False,False,0,0,0,0,-1,-1,-1,-1,-1,-1,0,0
2015-08-09,2015-08-09 00:00:00,Chevron,PILOT TRAVEL CENTERS LLC : CHV7460761,1045 SALT LAKE CITY UT TRM CHEVRON,GASOLINE,-1,-1,-1,0,-1,0,-1,-1,-1,0,-1,-1,0,w1,-1,0,-1,-1,-1,-1,-1,-1,-1,-1,-1,-1,-1,-1,-1,-1,-1,-1,-1,-1,w2,1,2015-08-12 00:00:00,-1,-1,-1,21000,-1,651000,-1,-1,-1,-1,-1,-1,-1,-1,-1,-1,-1,-1,-1,-1,-1,-1,-1,-1,-1,-1,False,False,0,0,0,0,-1,-1,-1,-1,-1,-1,0,0
2015-08-10,2015-08-10 00:00:00,Chevron,PILOT TRAVEL CENTERS LLC : CHV7460761,1045 SALT LAKE CITY UT TRM CHEVRON,GASOLINE,-1,-1,-1,0,-1,0,-1,-1,-1,0,-1,-1,0,w1,-1,0,-1,-1,-1,-1,-1,-1,-1,-1,-1,-1,-1,-1,-1,-1,-1,-1,-1,-1,w2,1,2015-08-12 00:00:00,-1,-1,-1,21000,-1,651000,-1,-1,-1,-1,-1,-1,-1,-1,-1,-1,-1,-1,-1,-1,-1,-1,-1,-1,-1,-1,False,False,0,0,0,0,-1,-1,-1,-1,-1,-1,0,0
2015-08-11,2015-08-11 00:00:00,Chevron,PILOT TRAVEL CENTERS LLC : CHV7460761,1045 SALT LAKE CITY UT TRM CHEVRON,GASOLINE,-1,-1,-1,0,-1,0,-1,-1,-1,0,-1,-1,0,w1,-1,0,-1,-1,-1,-1,-1,-1,-1,-1,-1,-1,-1,-1,-1,-1,-1,-1,-1,-1,w2,1,2015-08-12 00:00:00,-1,-1,-1,21000,-1,651000,-1,-1,-1,-1,-1,-1,-1,-1,-1,-1,-1,-1,-1,-1,-1,-1,-1,-1,-1,-1,False,False,0,0,0,0,-1,-1,-1,-1,-1,-1,0,0
2015-08-12,2015-08-12 00:00:00,Chevron,PILOT TRAVEL CENTERS LLC : CHV7460761,1045 SALT LAKE CITY UT TRM CHEVRON,GASOLINE,-1,-1,-1,0,-1,0,-1,-1,-1,0,-1,-1,0,w1,-1,0,-1,-1,-1,-1,-1,-1,-1,-1,-1,-1,-1,-1,-1,-1,-1,-1,-1,-1,w3,1,2015-08-19 00:00:00,-1,-1,-1,21000,-1,651000,-1,-1,-1,-1,-1,-1,-1,-1,-1,-1,-1,-1,-1,-1,-1,-1,-1,-1,-1,-1,False,True,0,0,0,0,-1,-1,-1,-1,-1,-1,0,0
2015-08-13,2015-08-13 00:00:00,Chevron,PILOT TRAVEL CENTERS LLC : CHV7460761,1045 SALT LAKE CITY UT TRM CHEVRON,GASOLINE,-1,-1,-1,0,-1,0,-1,-1,-1,0,-1,-1,0,w1,-1,0,-1,-1,-1,-1,-1,-1,-1,-1,-1,-1,-1,-1,-1,-1,-1,-1,-1,-1,w3,1,2015-08-19 00:00:00,-1,-1,-1,21000,-1,651000,-1,-1,-1,-1,-1,-1,-1,-1,-1,-1,-1,-1,-1,-1,-1,-1,-1,-1,-1,-1,False,False,0,0,0,0,-1,-1,-1,-1,-1,-1,0,0
2015-08-14,2015-08-14 00:00:00,Chevron,PILOT TRAVEL CENTERS LLC : CHV7460761,1045 SALT LAKE CITY UT TRM CHEVRON,GASOLINE,-1,-1,-1,0,-1,0,-1,-1,-1,0,-1,-1,0,w1,-1,0,-1,-1,-1,-1,-1,-1,-1,-1,-1,-1,-1,-1,-1,-1,-1,-1,-1,-1,w3,1,2015-08-19 00:00:00,-1,-1,-1,21000,-1,651000,-1,-1,-1,-1,-1,-1,-1,-1,-1,-1,-1,-1,-1,-1,-1,-1,-1,-1,-1,-1,False,False,0,0,0,0,-1,-1,-1,-1,-1,-1,0,0
2015-08-15,2015-08-15 00:00:00,Chevron,PILOT TRAVEL CENTERS LLC : CHV7460761,1045 SALT LAKE CITY UT TRM CHEVRON,GASOLINE,-1,-1,-1,0,-1,0,-1,-1,-1,0,-1,-1,0,w1,-1,0,-1,-1,-1,-1,-1,-1,-1,-1,-1,-1,-1,-1,-1,-1,-1,-1,-1,-1,w3,1,2015-08-19 00:00:00,-1,-1,-1,21000,-1,651000,-1,-1,-1,-1,-1,-1,-1,-1,-1,-1,-1,-1,-1,-1,-1,-1,-1,-1,-1,-1,False,False,0,0,0,0,-1,-1,-1,-1,-1,-1,0,0
2015-08-16,2015-08-16 00:00:00,Chevron,PILOT TRAVEL CENTERS LLC : CHV7460761,1045 SALT LAKE CITY UT TRM CHEVRON,GASOLINE,-1,-1,-1,0,-1,0,-1,-1,-1,0,-1,-1,0,w1,-1,0,-1,-1,-1,-1,-1,-1,-1,-1,-1,-1,-1,-1,-1,-1,-1,-1,-1,-1,w3,1,2015-08-19 00:00:00,-1,-1,-1,21000,-1,651000,-1,-1,-1,-1,-1,-1,-1,-1,-1,-1,-1,-1,-1,-1,-1,-1,-1,-1,-1,-1,False,False,0,0,0,0,-1,-1,-1,-1,-1,-1,0,0
2015-08-17,2015-08-17 00:00:00,Chevron,PILOT TRAVEL CENTERS LLC : CHV7460761,1045 SALT LAKE CITY UT TRM CHEVRON,GASOLINE,-1,-1,-1,0,-1,0,-1,-1,-1,0,-1,-1,0,w1,-1,0,-1,-1,-1,-1,-1,-1,-1,-1,-1,-1,-1,-1,-1,-1,-1,-1,-1,-1,w3,1,2015-08-19 00:00:00,-1,-1,-1,21000,-1,651000,-1,-1,-1,-1,-1,-1,-1,-1,-1,-1,-1,-1,-1,-1,-1,-1,-1,-1,-1,-1,False,False,0,0,0,0,-1,-1,-1,-1,-1,-1,0,0
2015-08-18,2015-08-18 00:00:00,Chevron,PILOT TRAVEL CENTERS LLC : CHV7460761,1045 SALT LAKE CITY UT TRM CHEVRON,GASOLINE,-1,-1,-1,0,-1,0,-1,-1,-1,0,-1,-1,0,w1,-1,0,-1,-1,-1,-1,-1,-1,-1,-1,-1,-1,-1,-1,-1,-1,-1,-1,-1,-1,w3,1,2015-08-19 00:00:00,-1,-1,-1,21000,-1,651000,-1,-1,-1,-1,-1,-1,-1,-1,-1,-1,-1,-1,-1,-1,-1,-1,-1,-1,-1,-1,False,False,0,0,0,0,-1,-1,-1,-1,-1,-1,0,0
2015-08-19,2015-08-19 00:00:00,Chevron,PILOT TRAVEL CENTERS LLC : CHV7460761,1045 SALT LAKE CITY UT TRM CHEVRON,GASOLINE,-1,-1,-1,0,-1,0,-1,-1,-1,0,-1,-1,0,w1,-1,0,-1,-1,-1,-1,-1,-1,-1,-1,-1,-1,-1,-1,-1,-1,-1,-1,-1,-1,w4,1,2015-08-26 00:00:00,-1,-1,-1,21000,-1,651000,-1,-1,-1,-1,-1,-1,-1,-1,-1,-1,-1,-1,-1,-1,-1,-1,-1,-1,-1,-1,False,True,0,0,0,0,-1,-1,-1,-1,-1,-1,0,0
2015-08-20,2015-08-20 00:00:00,Chevron,PILOT TRAVEL CENTERS LLC : CHV7460761,1045 SALT LAKE CITY UT TRM CHEVRON,GASOLINE,-1,-1,-1,0,-1,0,-1,-1,-1,0,-1,-1,0,w1,-1,0,-1,-1,-1,-1,-1,-1,-1,-1,-1,-1,-1,-1,-1,-1,-1,-1,-1,-1,w4,1,2015-08-26 00:00:00,-1,-1,-1,21000,-1,651000,-1,-1,-1,-1,-1,-1,-1,-1,-1,-1,-1,-1,-1,-1,-1,-1,-1,-1,-1,-1,False,False,0,0,0,0,-1,-1,-1,-1,-1,-1,0,0
2015-08-21,2015-08-21 00:00:00,Chevron,PILOT TRAVEL CENTERS LLC : CHV7460761,1045 SALT LAKE CITY UT TRM CHEVRON,GASOLINE,-1,-1,-1,0,-1,0,-1,-1,-1,0,-1,-1,0,w1,-1,0,-1,-1,-1,-1,-1,-1,-1,-1,-1,-1,-1,-1,-1,-1,-1,-1,-1,-1,w4,1,2015-08-26 00:00:00,-1,-1,-1,21000,-1,651000,-1,-1,-1,-1,-1,-1,-1,-1,-1,-1,-1,-1,-1,-1,-1,-1,-1,-1,-1,-1,False,False,0,0,0,0,-1,-1,-1,-1,-1,-1,0,0
2015-08-22,2015-08-22 00:00:00,Chevron,PILOT TRAVEL CENTERS LLC : CHV7460761,1045 SALT LAKE CITY UT TRM CHEVRON,GASOLINE,-1,-1,-1,0,-1,0,-1,-1,-1,0,-1,-1,0,w1,-1,0,-1,-1,-1,-1,-1,-1,-1,-1,-1,-1,-1,-1,-1,-1,-1,-1,-1,-1,w4,1,2015-08-26 00:00:00,-1,-1,-1,21000,-1,651000,-1,-1,-1,-1,-1,-1,-1,-1,-1,-1,-1,-1,-1,-1,-1,-1,-1,-1,-1,-1,False,False,0,0,0,0,-1,-1,-1,-1,-1,-1,0,0
2015-08-23,2015-08-23 00:00:00,Chevron,PILOT TRAVEL CENTERS LLC : CHV7460761,1045 SALT LAKE CITY UT TRM CHEVRON,GASOLINE,-1,-1,-1,0,-1,0,-1,-1,-1,0,-1,-1,0,w1,-1,0,-1,-1,-1,-1,-1,-1,-1,-1,-1,-1,-1,-1,-1,-1,-1,-1,-1,-1,w4,1,2015-08-26 00:00:00,-1,-1,-1,21000,-1,651000,-1,-1,-1,-1,-1,-1,-1,-1,-1,-1,-1,-1,-1,-1,-1,-1,-1,-1,-1,-1,False,False,0,0,0,0,-1,-1,-1,-1,-1,-1,0,0
2015-08-24,2015-08-24 00:00:00,Chevron,PILOT TRAVEL CENTERS LLC : CHV7460761,1045 SALT LAKE CITY UT TRM CHEVRON,GASOLINE,-1,-1,-1,0,-1,0,-1,-1,-1,0,-1,-1,0,w1,-1,0,-1,-1,-1,-1,-1,-1,-1,-1,-1,-1,-1,-1,-1,-1,-1,-1,-1,-1,w4,1,2015-08-26 00:00:00,-1,-1,-1,21000,-1,651000,-1,-1,-1,-1,-1,-1,-1,-1,-1,-1,-1,-1,-1,-1,-1,-1,-1,-1,-1,-1,False,False,0,0,0,0,-1,-1,-1,-1,-1,-1,0,0
2015-08-25,2015-08-25 00:00:00,Chevron,PILOT TRAVEL CENTERS LLC : CHV7460761,1045 SALT LAKE CITY UT TRM CHEVRON,GASOLINE,21000,651000,147000,1,0,0,0,0,0,0,0,0,0,w1,0,0,0,31500,716100,183750,Available,Available,Available,150%,150,110%,110,125%,125,Below Trend,Below Trend,Below Trend,08/26 00:00:00 MDT,09/01 00:00:00 MDT,w4,0,2015-08-26 00:00:00,Contract,Contract,Contract,21000,21000,651000,651000,147000,31500,716100,183750,0,0,0,0,0,0,2126523,2126525,2126524,21000,651000,147000,31500,716100,183750,False,False,0,0,0,0,31500,716100,183750,-1,-1,-1,0,0
2015-08-26,2015-08-26 00:00:00,Chevron,PILOT TRAVEL CENTERS LLC : CHV7460761,1045 SALT LAKE CITY UT TRM CHEVRON,GASOLINE,21000,651000,147000,1,0,0,0,0,0,0,0,0,1,w1,0,0,0,31500,716100,183750,Available,Available,Available,150%,150,110%,110,125%,125,Below Trend,Below Trend,Below Trend,08/27 00:00:00 MDT,09/01 00:00:00 MDT,w5,0,2015-09-02 00:00:00,Contract,Contract,Contract,21000,21000,651000,651000,147000,31500,716100,183750,0,0,0,0,0,0,2153856,2153858,2153857,21000,651000,147000,31500,716100,183750,False,True,0,True,0,0,31500,716100,183750,-1,-1,-1,0,0
2015-08-27,2015-08-27 00:00:00,Chevron,PILOT TRAVEL CENTERS LLC : CHV7460761,1045 SALT LAKE CITY UT TRM CHEVRON,GASOLINE,21000,651000,147000,1,7997,0,7997,7997,7997,0,7997,7997,1,w1,7997,0,7997,31500,716100,183750,Available,Available,Available,150%,150,110%,110,125%,125,On Target,Below Trend,Below Trend,08/28 00:00:00 MDT,09/01 00:00:00 MDT,w5,0,2015-09-02 00:00:00,Contract,Contract,Contract,21000,21000,651000,651000,147000,23503,708103,175753,0,0,0,0,0,0,2181320,2181322,2181321,21000,651000,147000,31500,716100,183750,False,True,7997,True,0,0,23503,708103,175753,-1,-1,-1,0,0
2015-08-28,2015-08-28 00:00:00,Chevron,PILOT TRAVEL CENTERS LLC : CHV7460761,1045 SALT LAKE CITY UT TRM CHEVRON,GASOLINE,21000,651000,147000,1,2206,0,2206,2206,10203,0,10203,10203,1,w1,2206,0,10203,31500,716100,183750,Available,Available,Available,150%,150,110%,110,125%,125,Below Trend,Below Trend,Below Trend,08/29 00:00:00 MDT,09/01 00:00:00 MDT,w5,0,2015-09-02 00:00:00,Contract,Contract,Contract,21000,21000,651000,651000,147000,29294,705897,173547,0,0,0,0,0,0,2212258,2212260,2212259,21000,651000,147000,31500,716100,183750,False,True,10203,True,0,0,29294,705897,173547,-1,-1,-1,0,0
2015-08-29,2015-08-29 00:00:00,Chevron,PILOT TRAVEL CENTERS LLC : CHV7460761,1045 SALT LAKE CITY UT TRM CHEVRON,GASOLINE,21000,651000,147000,1,0,0,0,0,10203,0,10203,10203,1,w1,0,0,10203,31500,716100,183750,Available,Available,Available,150%,150,110%,110,125%,125,Below Trend,Below Trend,Below Trend,08/30 00:00:00 MDT,09/01 00:00:00 MDT,w5,0,2015-09-02 00:00:00,Contract,Contract,Contract,21000,21000,651000,651000,147000,31500,705897,173547,0,0,0,0,0,0,2238898,2238900,2238899,21000,651000,147000,31500,716100,183750,False,True,10203,True,0,0,31500,705897,173547,-1,-1,-1,0,0
2015-08-30,2015-08-30 00:00:00,Chevron,PILOT TRAVEL CENTERS LLC : CHV7460761,1045 SALT LAKE CITY UT TRM CHEVRON,GASOLINE,21000,651000,147000,1,3497,0,3497,3497,13700,0,13700,13700,1,w1,3497,0,13700,31500,716100,183750,Available,Available,Available,150%,150,110%,110,125%,125,Below Trend,Below Trend,Below Trend,08/31 00:00:00 MDT,09/01 00:00:00 MDT,w5,0,2015-09-02 00:00:00,Contract,Contract,Contract,21000,21000,651000,651000,147000,28003,702400,170050,0,0,0,0,0,0,2265549,2265551,2265550,21000,651000,147000,31500,716100,183750,False,True,13700,True,0,0,28003,702400,170050,-1,-1,-1,0,0
2015-08-31,2015-08-31 00:00:00,Chevron,PILOT TRAVEL CENTERS LLC : CHV7460761,1045 SALT LAKE CITY UT TRM CHEVRON,GASOLINE,21000,651000,147000,1,0,0,0,0,13700,0,13700,13700,1,w1,0,0,13700,31500,716100,183750,Available,Available,Available,150%,150,110%,110,125%,125,Below Trend,Below Trend,Below Trend,09/01 00:00:00 MDT,09/01 00:00:00 MDT,w5,0,2015-09-02 00:00:00,Contract,Contract,Contract,21000,21000,651000,651000,147000,31500,702400,170050,0,0,0,0,0,0,2291203,2291205,2291204,21000,651000,147000,31500,716100,183750,False,True,13700,True,0,0,31500,702400,170050,-1,-1,-1,0,0
