,date,supplier_name,account_type,supplier_terminal_name,product_name,base_gallons_Daily,base_gallons_Weekly,lifted_gallons_daily_flag,lifted_gallons_daily_modified,Modified_WeeksByLiftedGallons,lifted_gallons_modified_WeeksByLiftedGallons,lifted_gallons_Daily,Lifted_actual_weekly,lifted_gallons_weekly_flag,WeeksByLiftedGallons,lifted_gallonsWeekly_modified_aposteriori,Modified_LiftedGallonsaposteriori,lifted_gallons_Weekly,beginning_gallons_Daily,beginning_gallons_Weekly,en_allocation_status_Daily,en_allocation_status_Weekly,percentage_allocation_Daily,percentage_allocation_Weekly,alerts_ratability_Daily,alerts_ratability_Weekly,next_refresh_date_Daily,Week_switch,Modified_NRD,next_refresh_date_Weekly,en_account_type_Daily,en_account_type_Weekly,next_refresh_base_gallons_Daily,next_refresh_base_gallons_Weekly,staging_id_Daily,staging_id_Weekly,base_gallons_Monthly,Lifted_actual_monthly,lifted_gallons_monthly_flag,lifted_gallons_Monthly,beginning_gallons_Monthly,en_allocation_status_Monthly,percentage_allocation_Monthly,alerts_ratability_Monthly,next_refresh_date_Monthly,next_refresh_base_gallons_Monthly,base_gallons_Daily_Reconciled,base_gallons_Monthly_Reconciled,beginning_gallons_Daily_Reconciled,beginning_gallons_Monthly_Reconciled,beginning_gallons_Weekly_Reconciled,sanityWeekly_CumulativeDaily_WeeksByLiftedGallons,sanityWeekly_CumulativeDaily_NextRefreshDate,computedWeekly,computedMonthly,sanityComputedMonthly,sanityMonthly_CumulativeDaily_WeeksByLiftedGallons,sanityMonthly_CumulativeDaily_WeeksByNextRefreshDate
2015-06-01,2015-06-01 00:00:00,BP,Channel: 50 - Commercial,CUYAHOGA OH - BUCKEYE (PLANT 9178),REGULAR,8894,62258,0,-1,0,-1,-1,-1,0,w1,-1,0,-1,17788.0,68484.0,-1,-1,100,100,-1,-1,-1,w1,1,2015-06-03 00:00:00,-1,-1,-1,-1,-1,-1,0,-1,0,-1,0,-1,100,-1,-1,-1,17788,-1,8894,0,62258,True,True,0,0,0,1,1
2015-06-02,2015-06-02 00:00:00,BP,Channel: 50 - Commercial,CUYAHOGA OH - BUCKEYE (PLANT 9178),REGULAR,8894,62258,0,0,0,0,0,84722,0,w1,0,0,84722,17788.0,68484.0,Out,Out,200,110,,,06/03 00:00:00 EDT,w1,0,2015-06-03 00:00:00,Contract,Contract,8894,64970,44,45,0,0,0,0,0,0,0,0,0,0,8894,-1,17788,0,68484,False,False,0,0,0,0,0
2015-06-03,2015-06-03 00:00:00,BP,Channel: 50 - Commercial,CUYAHOGA OH - BUCKEYE (PLANT 9178),REGULAR,9281,64970,0,17101,0,17101,17101,17101,0,w2,17101,0,17101,18562.0,71467.0,Available,Available,200,110,,,06/04 00:00:00 EDT,w2,0,2015-06-10 00:00:00,Contract,Contract,9281,64970,6039,6040,0,0,0,0,0,0,0,0,0,0,9281,-1,18562,0,71467,True,True,0,0,0,0,0
2015-06-04,2015-06-04 00:00:00,BP,Channel: 50 - Commercial,CUYAHOGA OH - BUCKEYE (PLANT 9178),REGULAR,9281,64970,0,8608,0,8608,8608,25709,0,w2,8608,0,25709,18562.0,71467.0,Available,Available,200,110,,,06/05 00:00:00 EDT,w2,0,2015-06-10 00:00:00,Contract,Contract,9281,64970,8784,8785,0,0,0,0,0,0,0,0,0,0,9281,-1,18562,0,71467,True,True,0,0,0,0,0
2015-06-05,2015-06-05 00:00:00,BP,Channel: 50 - Commercial,CUYAHOGA OH - BUCKEYE (PLANT 9178),REGULAR,9281,64970,3,15202,1,15202,7700,40911,0,w2,7700,0,40911,18562.0,71467.0,Available,Available,200,110,,,06/06 00:00:00 EDT,w2,0,2015-06-10 00:00:00,Contract,Contract,9281,64970,11466,11467,0,0,0,0,0,0,0,0,0,0,9281,-1,18562,0,71467,True,True,0,0,0,0,0
2015-06-06,2015-06-06 00:00:00,BP,Channel: 50 - Commercial,CUYAHOGA OH - BUCKEYE (PLANT 9178),REGULAR,8894,62258,0,-1,0,-1,-1,-1,0,w3,-1,0,-1,17788.0,68484.0,-1,-1,100,100,-1,-1,-1,w2,1,2015-06-10 00:00:00,-1,-1,-1,-1,-1,-1,0,-1,0,-1,0,-1,100,-1,-1,-1,17788,-1,8894,0,62258,True,False,0,0,0,0,0
2015-06-07,2015-06-07 00:00:00,BP,Channel: 50 - Commercial,CUYAHOGA OH - BUCKEYE (PLANT 9178),REGULAR,8894,62258,0,-1,0,-1,-1,-1,0,w3,-1,0,-1,17788.0,68484.0,-1,-1,100,100,-1,-1,-1,w2,1,2015-06-10 00:00:00,-1,-1,-1,-1,-1,-1,0,-1,0,-1,0,-1,100,-1,-1,-1,17788,-1,8894,0,62258,False,False,0,0,0,0,0
2015-06-08,2015-06-08 00:00:00,BP,Channel: 50 - Commercial,CUYAHOGA OH - BUCKEYE (PLANT 9178),REGULAR,9281,64970,0,0,0,0,0,81979,0,w3,0,0,81979,18562.0,71467.0,Out,Out,200,110,,,06/09 00:00:00 EDT,w2,0,2015-06-10 00:00:00,Contract,Contract,9281,64970,13956,13957,0,0,0,0,0,0,0,0,0,0,9281,-1,18562,0,71467,False,False,0,0,0,0,0
2015-06-09,2015-06-09 00:00:00,BP,Channel: 50 - Commercial,CUYAHOGA OH - BUCKEYE (PLANT 9178),REGULAR,8894,62258,0,-1,0,-1,-1,-1,0,w4,-1,0,-1,17788.0,68484.0,-1,-1,100,100,-1,-1,-1,w2,1,2015-06-10 00:00:00,-1,-1,-1,-1,-1,-1,0,-1,0,-1,0,-1,100,-1,-1,-1,17788,-1,8894,0,62258,True,False,0,0,0,0,0
2015-06-10,2015-06-10 00:00:00,BP,Channel: 50 - Commercial,CUYAHOGA OH - BUCKEYE (PLANT 9178),REGULAR,9281,64970,0,0,0,0,0,0,0,w4,0,0,0,18562.0,71467.0,Available,Available,200,110,,,06/11 00:00:00 EDT,w3,0,2015-06-17 00:00:00,Contract,Contract,9281,64970,20591,20592,0,0,0,0,0,0,0,0,0,0,9281,-1,18562,0,71467,False,True,0,0,0,0,0
2015-06-11,2015-06-11 00:00:00,BP,Channel: 50 - Commercial,CUYAHOGA OH - BUCKEYE (PLANT 9178),REGULAR,9281,64970,3,17510,1,17510,0,17510,0,w4,0,0,17510,18562.0,71467.0,Available,Available,200,110,,,06/12 00:00:00 EDT,w3,0,2015-06-17 00:00:00,Contract,Contract,9281,64970,23366,23367,0,0,0,0,0,0,0,0,0,0,9281,-1,18562,0,71467,False,True,17510,0,0,0,0
2015-06-12,2015-06-12 00:00:00,BP,Channel: 50 - Commercial,CUYAHOGA OH - BUCKEYE (PLANT 9178),REGULAR,8894,62258,4,41615,0,-1,-1,-1,4,w5,-1,0,59125,17788.0,68484.0,-1,-1,100,100,-1,-1,-1,w3,1,2015-06-17 00:00:00,-1,-1,-1,-1,-1,-1,0,-1,0,-1,0,-1,100,-1,-1,-1,17788,-1,8894,0,62258,True,True,59125,0,0,0,0
2015-06-13,2015-06-13 00:00:00,BP,Channel: 50 - Commercial,CUYAHOGA OH - BUCKEYE (PLANT 9178),REGULAR,9281,64970,0,7300,0,7300,7300,66425,0,w5,7300,0,66425,18562.0,71467.0,Available,Available,200,110,,,06/14 00:00:00 EDT,w3,0,2015-06-17 00:00:00,Contract,Contract,9281,64970,51050,51051,0,0,0,0,0,0,0,0,0,0,9281,-1,18562,0,71467,False,True,66425,0,0,0,0
2015-06-14,2015-06-14 00:00:00,BP,Channel: 50 - Commercial,CUYAHOGA OH - BUCKEYE (PLANT 9178),REGULAR,9281,64970,0,8811,0,8811,8811,75236,0,w5,8811,0,75236,18562.0,71467.0,Out,Out,200,110,,,06/15 00:00:00 EDT,w3,0,2015-06-17 00:00:00,Contract,Contract,9281,64970,70834,70835,0,0,0,0,0,0,0,0,0,0,9281,-1,18562,0,71467,False,True,75236,0,0,0,0
2015-06-15,2015-06-15 00:00:00,BP,Channel: 50 - Commercial,CUYAHOGA OH - BUCKEYE (PLANT 9178),REGULAR,9281,64970,0,7701,0,7701,7701,82937,0,w5,7701,0,82937,18562.0,71467.0,Available,Available,200,110,,,06/16 00:00:00 EDT,w3,0,2015-06-17 00:00:00,Contract,Contract,9281,64970,101456,101457,0,0,0,0,0,0,0,0,0,0,9281,-1,18562,0,71467,False,True,82937,0,0,0,0
2015-06-16,2015-06-16 00:00:00,BP,Channel: 50 - Commercial,CUYAHOGA OH - BUCKEYE (PLANT 9178),REGULAR,9281,64970,0,8899,0,8899,8899,91836,0,w5,8899,0,91836,18562.0,71467.0,Out,Out,200,110,,,06/17 00:00:00 EDT,w3,0,2015-06-17 00:00:00,Contract,Contract,9281,64970,123672,123673,0,0,0,0,0,0,0,0,0,0,9281,-1,18562,0,71467,False,True,91836,0,0,0,0
2015-06-17,2015-06-17 00:00:00,BP,Channel: 50 - Commercial,CUYAHOGA OH - BUCKEYE (PLANT 9178),REGULAR,9281,64970,0,26049,0,26049,26049,26049,0,w6,26049,0,26049,18562.0,71467.0,Available,Available,200,110,,,06/18 00:00:00 EDT,w4,0,2015-06-24 00:00:00,Contract,Contract,9281,64970,142280,142281,0,0,0,0,0,0,0,0,0,0,9281,-1,18562,0,71467,True,True,26049,0,0,0,0
2015-06-18,2015-06-18 00:00:00,BP,Channel: 50 - Commercial,CUYAHOGA OH - BUCKEYE (PLANT 9178),REGULAR,9281,64970,0,0,0,0,0,26049,0,w6,0,0,26049,18562.0,71467.0,Available,Available,200,110,,,06/19 00:00:00 EDT,w4,0,2015-06-24 00:00:00,Contract,Contract,9281,64970,161078,161079,0,0,0,0,0,0,0,0,0,0,9281,-1,18562,0,71467,True,True,26049,0,0,0,0
2015-06-19,2015-06-19 00:00:00,BP,Channel: 50 - Commercial,CUYAHOGA OH - BUCKEYE (PLANT 9178),REGULAR,9281,64970,0,16410,0,16410,16410,42459,0,w6,16410,0,42459,18562.0,71467.0,Available,Available,200,110,,,06/20 00:00:00 EDT,w4,0,2015-06-24 00:00:00,Contract,Contract,9281,64970,177482,177483,0,0,0,0,0,0,0,0,0,0,9281,-1,18562,0,71467,True,True,42459,0,0,0,0
2015-06-20,2015-06-20 00:00:00,BP,Channel: 50 - Commercial,CUYAHOGA OH - BUCKEYE (PLANT 9178),REGULAR,9281,64970,0,17409,0,17409,17409,59868,0,w6,17409,0,59868,18562.0,71467.0,Available,Available,200,110,,,06/21 00:00:00 EDT,w4,0,2015-06-24 00:00:00,Contract,Contract,9281,64970,190955,190956,0,0,0,0,0,0,0,0,0,0,9281,-1,18562,0,71467,True,True,59868,0,0,0,0
2015-06-21,2015-06-21 00:00:00,BP,Channel: 50 - Commercial,CUYAHOGA OH - BUCKEYE (PLANT 9178),REGULAR,9281,64970,0,23858,0,23858,23858,83726,0,w6,23858,0,83726,18562.0,71467.0,Out,Out,200,110,,,06/22 00:00:00 EDT,w4,0,2015-06-24 00:00:00,Contract,Contract,9281,64970,217297,217298,0,0,0,0,0,0,0,0,0,0,9281,-1,18562,0,71467,True,True,83726,0,0,0,0
2015-06-22,2015-06-22 00:00:00,BP,Channel: 50 - Commercial,CUYAHOGA OH - BUCKEYE (PLANT 9178),REGULAR,9281,64970,0,0,0,0,0,83726,0,w6,0,0,83726,18562.0,71467.0,Available,Available,200,110,,,06/23 00:00:00 EDT,w4,0,2015-06-24 00:00:00,Contract,Contract,9281,64970,239286,239287,0,0,0,0,0,0,0,0,0,0,9281,-1,18562,0,71467,True,True,83726,0,0,0,0
2015-06-23,2015-06-23 00:00:00,BP,Channel: 50 - Commercial,CUYAHOGA OH - BUCKEYE (PLANT 9178),REGULAR,9281,64970,0,7501,0,7501,7501,91227,0,w6,7501,0,91227,18562.0,71467.0,Out,Out,200,110,,,06/24 00:00:00 EDT,w4,0,2015-06-24 00:00:00,Contract,Contract,9281,64970,278177,278178,0,0,0,0,0,0,0,0,0,0,9281,-1,18562,0,71467,True,True,91227,0,0,0,0
2015-06-24,2015-06-24 00:00:00,BP,Channel: 50 - Commercial,CUYAHOGA OH - BUCKEYE (PLANT 9178),REGULAR,9281,64970,0,0,0,0,0,0,0,w7,0,0,0,18562.0,71467.0,Available,Available,200,110,,,06/25 00:00:00 EDT,w5,0,2015-07-01 00:00:00,Contract,Contract,9281,64049,307361,307362,0,0,0,0,0,0,0,0,0,0,9281,-1,18562,0,71467,True,True,0,0,0,0,0
2015-06-25,2015-06-25 00:00:00,BP,Channel: 50 - Commercial,CUYAHOGA OH - BUCKEYE (PLANT 9178),REGULAR,9281,64970,0,0,0,0,0,0,0,w7,0,0,0,18562.0,71467.0,Available,Available,200,110,,,06/26 00:00:00 EDT,w5,0,2015-07-01 00:00:00,Contract,Contract,9281,64049,338690,338691,0,0,0,0,0,0,0,0,0,0,9281,-1,18562,0,71467,True,True,0,0,0,0,0
2015-06-26,2015-06-26 00:00:00,BP,Channel: 50 - Commercial,CUYAHOGA OH - BUCKEYE (PLANT 9178),REGULAR,9281,64970,0,17307,0,17307,17307,17307,0,w7,17307,0,17307,18562.0,71467.0,Available,Available,200,110,,,06/27 00:00:00 EDT,w5,0,2015-07-01 00:00:00,Contract,Contract,9281,64049,368998,368999,0,0,0,0,0,0,0,0,0,0,9281,-1,18562,0,71467,True,True,17307,0,0,0,0
2015-06-27,2015-06-27 00:00:00,BP,Channel: 50 - Commercial,CUYAHOGA OH - BUCKEYE (PLANT 9178),REGULAR,9281,64970,0,17713,0,17713,17713,35020,0,w7,17713,0,35020,18562.0,71467.0,Available,Available,200,110,,,06/28 00:00:00 EDT,w5,0,2015-07-01 00:00:00,Contract,Contract,9281,64049,396080,396081,0,0,0,0,0,0,0,0,0,0,9281,-1,18562,0,71467,True,True,35020,0,0,0,0
2015-06-28,2015-06-28 00:00:00,BP,Channel: 50 - Commercial,CUYAHOGA OH - BUCKEYE (PLANT 9178),REGULAR,9281,64970,0,35114,0,35114,35114,70134,0,w7,35114,0,70134,18562.0,71467.0,Out,Out,200,110,,,06/29 00:00:00 EDT,w5,0,2015-07-01 00:00:00,Contract,Contract,9281,64049,420441,420442,0,0,0,0,0,0,0,0,0,0,9281,-1,18562,0,71467,True,True,70134,0,0,0,0
2015-06-29,2015-06-29 00:00:00,BP,Channel: 50 - Commercial,CUYAHOGA OH - BUCKEYE (PLANT 9178),REGULAR,9281,64970,0,9000,0,9000,9000,79134,0,w7,9000,0,79134,18562.0,71467.0,Available,Available,200,110,,,06/30 00:00:00 EDT,w5,0,2015-07-01 00:00:00,Contract,Contract,9281,64049,451257,451258,0,0,0,0,0,0,0,0,0,0,9281,-1,18562,0,71467,True,True,79134,0,0,0,0
2015-06-30,2015-06-30 00:00:00,BP,Channel: 50 - Commercial,CUYAHOGA OH - BUCKEYE (PLANT 9178),REGULAR,9281,64970,0,9005,0,9005,9005,88139,0,w7,9005,0,88139,18562.0,71467.0,Out,Out,200,110,,,07/01 00:00:00 EDT,w5,0,2015-07-01 00:00:00,Contract,Contract,9150,64049,477921,477922,0,0,0,0,0,0,0,0,0,0,9281,-1,18562,0,71467,True,True,88139,0,0,0,0
