,date,supplier_name,account_type,supplier_terminal_name,product_name,base_gallons_Daily,base_gallons_Weekly,lifted_gallons_daily_flag,lifted_gallons_daily_modified,Modified_WeeksByLiftedGallons,lifted_gallons_modified_WeeksByLiftedGallons,lifted_gallons_Daily,Lifted_actual_weekly,lifted_gallons_weekly_flag,WeeksByLiftedGallons,lifted_gallonsWeekly_modified_aposteriori,Modified_LiftedGallonsaposteriori,lifted_gallons_Weekly,beginning_gallons_Daily,beginning_gallons_Weekly,en_allocation_status_Daily,en_allocation_status_Weekly,percentage_allocation_Daily,percentage_allocation_Weekly,alerts_ratability_Daily,alerts_ratability_Weekly,next_refresh_date_Daily,Week_switch,Modified_NRD,next_refresh_date_Weekly,en_account_type_Daily,en_account_type_Weekly,next_refresh_base_gallons_Daily,next_refresh_base_gallons_Weekly,staging_id_Daily,staging_id_Weekly,base_gallons_Monthly,Lifted_actual_monthly,lifted_gallons_monthly_flag,lifted_gallons_Monthly,beginning_gallons_Monthly,en_allocation_status_Monthly,percentage_allocation_Monthly,alerts_ratability_Monthly,next_refresh_date_Monthly,next_refresh_base_gallons_Monthly,base_gallons_Daily_Reconciled,base_gallons_Monthly_Reconciled,beginning_gallons_Daily_Reconciled,beginning_gallons_Monthly_Reconciled,beginning_gallons_Weekly_Reconciled,sanityWeekly_CumulativeDaily_WeeksByLiftedGallons,sanityWeekly_CumulativeDaily_NextRefreshDate,computedWeekly,computedMonthly,sanityComputedMonthly,sanityMonthly_CumulativeDaily_WeeksByLiftedGallons,sanityMonthly_CumulativeDaily_WeeksByNextRefreshDate
2015-06-01,2015-06-01 00:00:00,BP,Channel: 50 - Commercial,CEDAR RAPIDS IA - BUCKEYE (PLANT 9120),DIESEL,41333,289333,0,-1,0,-1,-1,-1,0,w1,-1,0,-1,82666.0,318266.0,-1,-1,100,100,-1,-1,-1,w1,1,2015-06-03 00:00:00,-1,-1,-1,-1,-1,-1,0,-1,0,-1,0,-1,100,-1,-1,-1,82666,-1,41333,0,289333,True,True,0,0,0,1,1
2015-06-02,2015-06-02 00:00:00,BP,Channel: 50 - Commercial,CEDAR RAPIDS IA - BUCKEYE (PLANT 9120),DIESEL,41333,289333,0,7399,0,7399,7399,163764,0,w1,7399,0,163764,82666.0,318266.0,Available,Available,200,110,,,06/03 00:00:00 CDT,w1,0,2015-06-03 00:00:00,Contract,Contract,41333,289333,38,39,0,0,0,0,0,0,0,0,0,0,41333,-1,82666,0,318266,False,False,0,0,0,0,0
2015-06-03,2015-06-03 00:00:00,BP,Channel: 50 - Commercial,CEDAR RAPIDS IA - BUCKEYE (PLANT 9120),DIESEL,41333,289333,0,14902,0,14902,14902,14902,0,w2,14902,0,14902,82666.0,318266.0,Available,Available,200,110,,,06/04 00:00:00 CDT,w2,0,2015-06-10 00:00:00,Contract,Contract,41333,289333,6033,6034,0,0,0,0,0,0,0,0,0,0,41333,-1,82666,0,318266,True,True,0,0,0,0,0
2015-06-04,2015-06-04 00:00:00,BP,Channel: 50 - Commercial,CEDAR RAPIDS IA - BUCKEYE (PLANT 9120),DIESEL,41333,289333,3,37304,1,37304,0,52206,0,w2,0,0,52206,82666.0,318266.0,Available,Available,200,110,,,06/05 00:00:00 CDT,w2,0,2015-06-10 00:00:00,Contract,Contract,41333,289333,8778,8779,0,0,0,0,0,0,0,0,0,0,41333,-1,82666,0,318266,True,True,0,0,0,0,0
2015-06-05,2015-06-05 00:00:00,BP,Channel: 50 - Commercial,CEDAR RAPIDS IA - BUCKEYE (PLANT 9120),DIESEL,41333,289333,3,22404,1,22404,0,74610,0,w2,0,0,74610,82666.0,318266.0,Available,Available,200,110,,,06/06 00:00:00 CDT,w2,0,2015-06-10 00:00:00,Contract,Contract,41333,289333,11460,11461,0,0,0,0,0,0,0,0,0,0,41333,-1,82666,0,318266,True,True,0,0,0,0,0
2015-06-06,2015-06-06 00:00:00,BP,Channel: 50 - Commercial,CEDAR RAPIDS IA - BUCKEYE (PLANT 9120),DIESEL,41333,289333,0,-1,0,-1,-1,-1,0,w3,-1,0,-1,82666.0,318266.0,-1,-1,100,100,-1,-1,-1,w2,1,2015-06-10 00:00:00,-1,-1,-1,-1,-1,-1,0,-1,0,-1,0,-1,100,-1,-1,-1,82666,-1,41333,0,289333,True,False,0,0,0,0,0
2015-06-07,2015-06-07 00:00:00,BP,Channel: 50 - Commercial,CEDAR RAPIDS IA - BUCKEYE (PLANT 9120),DIESEL,41333,289333,0,-1,0,-1,-1,-1,0,w3,-1,0,-1,82666.0,318266.0,-1,-1,100,100,-1,-1,-1,w2,1,2015-06-10 00:00:00,-1,-1,-1,-1,-1,-1,0,-1,0,-1,0,-1,100,-1,-1,-1,82666,-1,41333,0,289333,False,False,0,0,0,0,0
2015-06-08,2015-06-08 00:00:00,BP,Channel: 50 - Commercial,CEDAR RAPIDS IA - BUCKEYE (PLANT 9120),DIESEL,41333,289333,0,29599,0,29599,29599,162096,0,w3,29599,0,162096,82666.0,318266.0,Available,Available,200,110,,,06/08 00:00:00 CDT,w2,0,2015-06-10 00:00:00,Contract,Contract,41333,289333,13950,13951,0,0,0,0,0,0,0,0,0,0,41333,-1,82666,0,318266,False,False,0,0,0,0,0
2015-06-09,2015-06-09 00:00:00,BP,Channel: 50 - Commercial,CEDAR RAPIDS IA - BUCKEYE (PLANT 9120),DIESEL,41333,289333,0,-1,0,-1,-1,-1,0,w4,-1,0,-1,82666.0,318266.0,-1,-1,100,100,-1,-1,-1,w2,1,2015-06-10 00:00:00,-1,-1,-1,-1,-1,-1,0,-1,0,-1,0,-1,100,-1,-1,-1,82666,-1,41333,0,289333,True,False,0,0,0,0,0
2015-06-10,2015-06-10 00:00:00,BP,Channel: 50 - Commercial,CEDAR RAPIDS IA - BUCKEYE (PLANT 9120),DIESEL,41333,289333,0,7500,0,7500,7500,7500,0,w4,7500,0,7500,82666.0,318266.0,Available,Available,200,110,,,06/11 00:00:00 CDT,w3,0,2015-06-17 00:00:00,Contract,Contract,41333,289333,20586,20587,0,0,0,0,0,0,0,0,0,0,41333,-1,82666,0,318266,False,True,7500,0,0,0,0
2015-06-11,2015-06-11 00:00:00,BP,Channel: 50 - Commercial,CEDAR RAPIDS IA - BUCKEYE (PLANT 9120),DIESEL,41333,289333,3,59676,1,59676,7700,67176,0,w4,7700,0,67176,82666.0,318266.0,Available,Available,200,110,,,06/12 00:00:00 CDT,w3,0,2015-06-17 00:00:00,Contract,Contract,41333,289333,23361,23362,0,0,0,0,0,0,0,0,0,0,41333,-1,82666,0,318266,False,True,67176,0,0,0,0
2015-06-12,2015-06-12 00:00:00,BP,Channel: 50 - Commercial,CEDAR RAPIDS IA - BUCKEYE (PLANT 9120),DIESEL,41333,289333,4,74359,0,-1,-1,-1,4,w5,-1,0,141535,82666.0,318266.0,-1,-1,100,100,-1,-1,-1,w3,1,2015-06-17 00:00:00,-1,-1,-1,-1,-1,-1,0,-1,0,-1,0,-1,100,-1,-1,-1,82666,-1,41333,0,289333,True,True,141535,0,0,0,0
2015-06-13,2015-06-13 00:00:00,BP,Channel: 50 - Commercial,CEDAR RAPIDS IA - BUCKEYE (PLANT 9120),DIESEL,41333,289333,0,30000,0,30000,30000,171535,0,w5,30000,0,171535,82666.0,318266.0,Available,Available,200,110,,,06/14 00:00:00 CDT,w3,0,2015-06-17 00:00:00,Contract,Contract,41333,289333,51044,51045,0,0,0,0,0,0,0,0,0,0,41333,-1,82666,0,318266,False,True,171535,0,0,0,0
2015-06-14,2015-06-14 00:00:00,BP,Channel: 50 - Commercial,CEDAR RAPIDS IA - BUCKEYE (PLANT 9120),DIESEL,41333,289333,0,37202,0,37202,37202,208737,0,w5,37202,0,208737,82666.0,318266.0,Available,Available,200,110,,,06/15 00:00:00 CDT,w3,0,2015-06-17 00:00:00,Contract,Contract,41333,289333,70828,70829,0,0,0,0,0,0,0,0,0,0,41333,-1,82666,0,318266,False,True,208737,0,0,0,0
2015-06-15,2015-06-15 00:00:00,BP,Channel: 50 - Commercial,CEDAR RAPIDS IA - BUCKEYE (PLANT 9120),DIESEL,41333,289333,0,37099,0,37099,37099,245836,0,w5,37099,0,245836,82666.0,318266.0,Available,Available,200,110,,,06/16 00:00:00 CDT,w3,0,2015-06-17 00:00:00,Contract,Contract,41333,289333,101450,101451,0,0,0,0,0,0,0,0,0,0,41333,-1,82666,0,318266,False,True,245836,0,0,0,0
2015-06-16,2015-06-16 00:00:00,BP,Channel: 50 - Commercial,CEDAR RAPIDS IA - BUCKEYE (PLANT 9120),DIESEL,41333,289333,0,37097,0,37097,37097,282933,0,w5,37097,0,282933,82666.0,318266.0,Available,Available,200,110,,,06/17 00:00:00 CDT,w3,0,2015-06-17 00:00:00,Contract,Contract,41333,289333,123666,123667,0,0,0,0,0,0,0,0,0,0,41333,-1,82666,0,318266,False,True,282933,0,0,0,0
2015-06-17,2015-06-17 00:00:00,BP,Channel: 50 - Commercial,CEDAR RAPIDS IA - BUCKEYE (PLANT 9120),DIESEL,41333,289333,0,51797,0,51797,51797,51797,0,w6,51797,0,51797,82666.0,318266.0,Available,Available,200,110,,,06/18 00:00:00 CDT,w4,0,2015-06-24 00:00:00,Contract,Contract,41333,289333,142274,142275,0,0,0,0,0,0,0,0,0,0,41333,-1,82666,0,318266,True,True,51797,0,0,0,0
2015-06-18,2015-06-18 00:00:00,BP,Channel: 50 - Commercial,CEDAR RAPIDS IA - BUCKEYE (PLANT 9120),DIESEL,41333,289333,0,37099,0,37099,37099,88896,0,w6,37099,0,88896,82666.0,318266.0,Available,Available,200,110,,,06/19 00:00:00 CDT,w4,0,2015-06-24 00:00:00,Contract,Contract,41333,289333,161072,161073,0,0,0,0,0,0,0,0,0,0,41333,-1,82666,0,318266,True,True,88896,0,0,0,0
2015-06-19,2015-06-19 00:00:00,BP,Channel: 50 - Commercial,CEDAR RAPIDS IA - BUCKEYE (PLANT 9120),DIESEL,41333,289333,0,37300,0,37300,37300,126196,0,w6,37300,0,126196,82666.0,318266.0,Available,Available,200,110,,,06/20 00:00:00 CDT,w4,0,2015-06-24 00:00:00,Contract,Contract,41333,289333,177476,177477,0,0,0,0,0,0,0,0,0,0,41333,-1,82666,0,318266,True,True,126196,0,0,0,0
2015-06-20,2015-06-20 00:00:00,BP,Channel: 50 - Commercial,CEDAR RAPIDS IA - BUCKEYE (PLANT 9120),DIESEL,41333,289333,0,37102,0,37102,37102,163298,0,w6,37102,0,163298,82666.0,318266.0,Available,Available,200,110,,,06/21 00:00:00 CDT,w4,0,2015-06-24 00:00:00,Contract,Contract,41333,289333,190949,190950,0,0,0,0,0,0,0,0,0,0,41333,-1,82666,0,318266,True,True,163298,0,0,0,0
2015-06-21,2015-06-21 00:00:00,BP,Channel: 50 - Commercial,CEDAR RAPIDS IA - BUCKEYE (PLANT 9120),DIESEL,41333,289333,0,36999,0,36999,36999,200297,0,w6,36999,0,200297,82666.0,318266.0,Available,Available,200,110,,,06/22 00:00:00 CDT,w4,0,2015-06-24 00:00:00,Contract,Contract,41333,289333,217291,217292,0,0,0,0,0,0,0,0,0,0,41333,-1,82666,0,318266,True,True,200297,0,0,0,0
2015-06-22,2015-06-22 00:00:00,BP,Channel: 50 - Commercial,CEDAR RAPIDS IA - BUCKEYE (PLANT 9120),DIESEL,41333,289333,0,29600,0,29600,29600,229897,0,w6,29600,0,229897,82666.0,318266.0,Available,Available,200,110,,,06/23 00:00:00 CDT,w4,0,2015-06-24 00:00:00,Contract,Contract,41333,289333,239280,239281,0,0,0,0,0,0,0,0,0,0,41333,-1,82666,0,318266,True,True,229897,0,0,0,0
2015-06-23,2015-06-23 00:00:00,BP,Channel: 50 - Commercial,CEDAR RAPIDS IA - BUCKEYE (PLANT 9120),DIESEL,41333,289333,0,37136,0,37136,37136,267033,0,w6,37136,0,267033,82666.0,318266.0,Available,Available,200,110,,,06/24 00:00:00 CDT,w4,0,2015-06-24 00:00:00,Contract,Contract,41333,289333,278171,278172,0,0,0,0,0,0,0,0,0,0,41333,-1,82666,0,318266,True,True,267033,0,0,0,0
2015-06-24,2015-06-24 00:00:00,BP,Channel: 50 - Commercial,CEDAR RAPIDS IA - BUCKEYE (PLANT 9120),DIESEL,41333,289333,0,51998,0,51998,51998,51998,0,w7,51998,0,51998,82666.0,318266.0,Available,Available,200,110,,,06/25 00:00:00 CDT,w5,0,2015-07-01 00:00:00,Contract,Contract,41333,289032,307355,307356,0,0,0,0,0,0,0,0,0,0,41333,-1,82666,0,318266,True,True,51998,0,0,0,0
2015-06-25,2015-06-25 00:00:00,BP,Channel: 50 - Commercial,CEDAR RAPIDS IA - BUCKEYE (PLANT 9120),DIESEL,41333,289333,0,37100,0,37100,37100,89098,0,w7,37100,0,89098,82666.0,318266.0,Available,Available,200,110,,,06/26 00:00:00 CDT,w5,0,2015-07-01 00:00:00,Contract,Contract,41333,289032,338684,338685,0,0,0,0,0,0,0,0,0,0,41333,-1,82666,0,318266,True,True,89098,0,0,0,0
2015-06-26,2015-06-26 00:00:00,BP,Channel: 50 - Commercial,CEDAR RAPIDS IA - BUCKEYE (PLANT 9120),DIESEL,41333,289333,0,37599,0,37599,37599,126697,0,w7,37599,0,126697,82666.0,318266.0,Available,Available,200,110,,,06/27 00:00:00 CDT,w5,0,2015-07-01 00:00:00,Contract,Contract,41333,289032,368992,368993,0,0,0,0,0,0,0,0,0,0,41333,-1,82666,0,318266,True,True,126697,0,0,0,0
2015-06-27,2015-06-27 00:00:00,BP,Channel: 50 - Commercial,CEDAR RAPIDS IA - BUCKEYE (PLANT 9120),DIESEL,41333,289333,0,44703,0,44703,44703,171400,0,w7,44703,0,171400,82666.0,318266.0,Available,Available,200,110,,,06/28 00:00:00 CDT,w5,0,2015-07-01 00:00:00,Contract,Contract,41333,289032,396074,396075,0,0,0,0,0,0,0,0,0,0,41333,-1,82666,0,318266,True,True,171400,0,0,0,0
2015-06-28,2015-06-28 00:00:00,BP,Channel: 50 - Commercial,CEDAR RAPIDS IA - BUCKEYE (PLANT 9120),DIESEL,41333,289333,0,29599,0,29599,29599,200999,0,w7,29599,0,200999,82666.0,318266.0,Available,Available,200,110,,,06/29 00:00:00 CDT,w5,0,2015-07-01 00:00:00,Contract,Contract,41333,289032,420435,420436,0,0,0,0,0,0,0,0,0,0,41333,-1,82666,0,318266,True,True,200999,0,0,0,0
2015-06-29,2015-06-29 00:00:00,BP,Channel: 50 - Commercial,CEDAR RAPIDS IA - BUCKEYE (PLANT 9120),DIESEL,41333,289333,0,37099,0,37099,37099,238098,0,w7,37099,0,238098,82666.0,318266.0,Available,Available,200,110,,,06/30 00:00:00 CDT,w5,0,2015-07-01 00:00:00,Contract,Contract,41333,289032,451251,451252,0,0,0,0,0,0,0,0,0,0,41333,-1,82666,0,318266,True,True,238098,0,0,0,0
2015-06-30,2015-06-30 00:00:00,BP,Channel: 50 - Commercial,CEDAR RAPIDS IA - BUCKEYE (PLANT 9120),DIESEL,41333,289333,0,38400,0,38400,38400,276498,0,w7,38400,0,276498,82666.0,318266.0,Available,Available,200,110,,,07/01 00:00:00 CDT,w5,0,2015-07-01 00:00:00,Contract,Contract,41290,289032,477916,477917,0,0,0,0,0,0,0,0,0,0,41333,-1,82666,0,318266,True,True,276498,0,0,0,0
