,date,supplier_name,account_type,supplier_terminal_name,product_name,base_gallons_Daily,base_gallons_Monthly,base_gallons_Weekly,lifted_gallons_daily_flag,lifted_gallons_daily_modified,Modified_WeeksByLiftedGallons,lifted_gallons_modified_WeeksByLiftedGallons,lifted_gallons_Daily,Lifted_actual_monthly,lifted_gallons_monthly_flag,lifted_gallons_Monthly,Lifted_actual_weekly,lifted_gallons_weekly_flag,WeeksByLiftedGallons,lifted_gallonsWeekly_modified_aposteriori,Modified_LiftedGallonsaposteriori,lifted_gallons_Weekly,beginning_gallons_Daily,beginning_gallons_Monthly,beginning_gallons_Weekly,en_allocation_status_Daily,en_allocation_status_Monthly,en_allocation_status_Weekly,percentage_allocation_Daily,percentage_allocation_Monthly,percentage_allocation_Weekly,alerts_ratability_Daily,alerts_ratability_Monthly,alerts_ratability_Weekly,next_refresh_date_Daily,next_refresh_date_Monthly,Week_switch,Modified_NRD,next_refresh_date_Weekly,en_account_type_Daily,en_account_type_Monthly,en_account_type_Weekly,NRB_Daily,next_refresh_base_gallons_Daily,NRB_Monthly,next_refresh_base_gallons_Monthly,next_refresh_base_gallons_Weekly,remaining_gallons_Daily,remaining_gallons_Monthly,remaining_gallons_Weekly,additional_gallons_allowed_Daily,additional_gallons_allowed_Monthly,additional_gallons_allowed_Weekly,additional_gallons_remaining_Daily,additional_gallons_remaining_Monthly,additional_gallons_remaining_Weekly,staging_id_Daily,staging_id_Monthly,staging_id_Weekly,base_gallons_Daily_Reconciled,base_gallons_Monthly_Reconciled,base_gallons_Weekly_Reconciled,beginning_gallons_Daily_Reconciled,beginning_gallons_Monthly_Reconciled,beginning_gallons_Weekly_Reconciled,sanityWeekly_CumulativeDaily_WeeksByLiftedGallons,sanityWeekly_CumulativeDaily_NextRefreshDate,computedWeekly,sanityComputedWeekly,computedMonthly,sanityComputedMonthly,remaining_gallons_Daily_Reconciled,remaining_gallons_Monthly_Reconciled,remaining_gallons_Weekly_Reconciled,additional_gallons_remaining_Daily_Reconciled,additional_gallons_remaining_Monthly_Reconciled,additional_gallons_remaining_Weekly_Reconciled,sanityMonthly_CumulativeDaily_WeeksByLiftedGallons,sanityMonthly_CumulativeDaily_WeeksByNextRefreshDate
2015-07-01,2015-07-01 00:00:00,Chevron,PILOT TRAVEL CENTERS LLC : AC7460761,1037 PASCAGOULA MS TRM CHEVRON,DIESEL #2,457,14167,3199,1,0,0,0,0,0,0,0,0,1,w1,0,0,0,686,15584,3999,Available,Available,Available,150,110,125,Below Trend,Below Trend,Below Trend,07/02 00:00:00 CDT,08/01 00:00:00 CDT,w1,0,2015-07-08 00:00:00,Contract,Contract,Contract,457,457,14167,14167,3199,686,15584,3999,0,0,0,0,0,0,508001,508003,508002,457,14167,3199,686,15584,3999,True,True,0,True,0,True,686,15584,3999,-1,-1,-1,1,1
2015-07-02,2015-07-02 00:00:00,Chevron,PILOT TRAVEL CENTERS LLC : AC7460761,1037 PASCAGOULA MS TRM CHEVRON,DIESEL #2,457,14167,3199,1,0,0,0,0,0,0,0,0,1,w1,0,0,0,686,15584,3999,Available,Available,Available,150,110,125,Below Trend,Below Trend,Below Trend,07/03 00:00:00 CDT,08/01 00:00:00 CDT,w1,0,2015-07-08 00:00:00,Contract,Contract,Contract,457,457,14167,14167,3199,686,15584,3999,0,0,0,0,0,0,527076,527078,527077,457,14167,3199,686,15584,3999,True,True,0,True,0,True,686,15584,3999,-1,-1,-1,1,1
2015-07-03,2015-07-03 00:00:00,Chevron,PILOT TRAVEL CENTERS LLC : AC7460761,1037 PASCAGOULA MS TRM CHEVRON,DIESEL #2,457,14167,3199,1,0,0,0,0,0,0,0,0,1,w1,0,0,0,686,15584,3999,Available,Available,Available,150,110,125,Below Trend,Below Trend,Below Trend,07/04 00:00:00 CDT,08/01 00:00:00 CDT,w1,0,2015-07-08 00:00:00,Contract,Contract,Contract,457,457,14167,14167,3199,686,15584,3999,0,0,0,0,0,0,534727,534729,534728,457,14167,3199,686,15584,3999,True,True,0,True,0,True,686,15584,3999,-1,-1,-1,1,1
2015-07-04,2015-07-04 00:00:00,Chevron,PILOT TRAVEL CENTERS LLC : AC7460761,1037 PASCAGOULA MS TRM CHEVRON,DIESEL #2,457,14167,3199,1,0,0,0,0,0,0,0,0,1,w1,0,0,0,686,15584,3999,Available,Available,Available,150,110,125,Below Trend,Below Trend,Below Trend,07/05 00:00:00 CDT,08/01 00:00:00 CDT,w1,0,2015-07-08 00:00:00,Contract,Contract,Contract,457,457,14167,14167,3199,686,15584,3999,0,0,0,0,0,0,540979,540981,540980,457,14167,3199,686,15584,3999,True,True,0,True,0,True,686,15584,3999,-1,-1,-1,1,1
2015-07-05,2015-07-05 00:00:00,Chevron,PILOT TRAVEL CENTERS LLC : AC7460761,1037 PASCAGOULA MS TRM CHEVRON,DIESEL #2,457,14167,3199,1,0,0,0,0,0,0,0,0,1,w1,0,0,0,686,15584,3999,Available,Available,Available,150,110,125,Below Trend,Below Trend,Below Trend,07/06 00:00:00 CDT,08/01 00:00:00 CDT,w1,0,2015-07-08 00:00:00,Contract,Contract,Contract,457,457,14167,14167,3199,686,15584,3999,0,0,0,0,0,0,547422,547424,547423,457,14167,3199,686,15584,3999,True,True,0,True,0,True,686,15584,3999,-1,-1,-1,1,1
2015-07-06,2015-07-06 00:00:00,Chevron,PILOT TRAVEL CENTERS LLC : AC7460761,1037 PASCAGOULA MS TRM CHEVRON,DIESEL #2,457,14167,3199,1,0,0,0,0,0,0,0,0,1,w1,0,0,0,686,15584,3999,Available,Available,Available,150,110,125,Below Trend,Below Trend,Below Trend,07/07 00:00:00 CDT,08/01 00:00:00 CDT,w1,0,2015-07-08 00:00:00,Contract,Contract,Contract,457,457,14167,14167,3199,686,15584,3999,0,0,0,0,0,0,553738,553740,553739,457,14167,3199,686,15584,3999,True,True,0,True,0,True,686,15584,3999,-1,-1,-1,1,1
2015-07-07,2015-07-07 00:00:00,Chevron,PILOT TRAVEL CENTERS LLC : AC7460761,1037 PASCAGOULA MS TRM CHEVRON,DIESEL #2,457,14167,3199,1,7708,0,7708,7708,7708,0,7708,7708,1,w1,7708,0,7708,686,15584,3999,Out,Available,Out,150,110,125,Above Trend,Above Trend,Above Trend,07/08 00:00:00 CDT,08/01 00:00:00 CDT,w1,0,2015-07-08 00:00:00,Contract,Contract,Contract,457,457,14167,14167,3199,-7023,7876,-3709,0,0,0,0,0,0,566751,566753,566752,457,14167,3199,686,15584,3999,True,True,7708,True,7708,True,-7022,7876,-3709,-1,-1,-1,1,1
2015-07-08,2015-07-08 00:00:00,Chevron,PILOT TRAVEL CENTERS LLC : AC7460761,1037 PASCAGOULA MS TRM CHEVRON,DIESEL #2,457,14167,3199,0,0,0,0,0,7708,0,7708,0,0,w2,0,0,0,686,15584,3999,Available,Available,Available,150,110,125,Below Trend,Above Trend,Below Trend,07/09 00:00:00 CDT,08/01 00:00:00 CDT,w2,0,2015-07-15 00:00:00,Contract,Contract,Contract,457,457,14167,14167,3199,686,7876,3999,0,0,0,0,0,0,576352,576354,576353,457,14167,3199,686,15584,3999,True,True,0,True,7708,True,686,7876,3999,-1,-1,-1,1,1
2015-07-09,2015-07-09 00:00:00,Chevron,PILOT TRAVEL CENTERS LLC : AC7460761,1037 PASCAGOULA MS TRM CHEVRON,DIESEL #2,457,14167,3199,2,0,0,-1,-1,-1,2,7708,-1,2,w3,-1,0,0,686,15584,3999,-1,-1,-1,100,100,100,-1,-1,-1,-1,-1,w2,1,2015-07-15 00:00:00,-1,-1,-1,457,-1,14167,-1,-1,-1,-1,-1,-1,-1,-1,-1,-1,-1,-1,-1,-1,686,15584,3999,457,14167,3199,True,True,0,True,7708,True,686,7876,3999,-1,-1,-1,0,1
2015-07-10,2015-07-10 00:00:00,Chevron,PILOT TRAVEL CENTERS LLC : AC7460761,1037 PASCAGOULA MS TRM CHEVRON,DIESEL #2,457,14167,3199,1,0,0,0,0,7708,0,7708,0,1,w3,0,0,0,686,15584,3999,Available,Available,Available,150,110,125,Below Trend,Above Trend,Below Trend,07/11 00:00:00 CDT,08/01 00:00:00 CDT,w2,0,2015-07-15 00:00:00,Contract,Contract,Contract,457,457,14167,14167,3199,686,7876,3999,0,0,0,0,0,0,609169,609171,609170,457,14167,3199,686,15584,3999,False,True,0,True,7708,True,686,7876,3999,-1,-1,-1,0,1
2015-07-11,2015-07-11 00:00:00,Chevron,PILOT TRAVEL CENTERS LLC : AC7460761,1037 PASCAGOULA MS TRM CHEVRON,DIESEL #2,457,14167,3199,1,0,0,0,0,7708,0,7708,0,1,w3,0,0,0,686,15584,3999,Available,Available,Available,150,110,125,Below Trend,Above Trend,Below Trend,07/12 00:00:00 CDT,08/01 00:00:00 CDT,w2,0,2015-07-15 00:00:00,Contract,Contract,Contract,457,457,14167,14167,3199,686,7876,3999,0,0,0,0,0,0,637656,637658,637657,457,14167,3199,686,15584,3999,False,True,0,True,7708,True,686,7876,3999,-1,-1,-1,0,1
2015-07-12,2015-07-12 00:00:00,Chevron,PILOT TRAVEL CENTERS LLC : AC7460761,1037 PASCAGOULA MS TRM CHEVRON,DIESEL #2,457,14167,3199,1,0,0,0,0,7708,0,7708,0,1,w3,0,0,0,686,15584,3999,Available,Available,Available,150,110,125,Below Trend,Above Trend,Below Trend,07/13 00:00:00 CDT,08/01 00:00:00 CDT,w2,0,2015-07-15 00:00:00,Contract,Contract,Contract,457,457,14167,14167,3199,686,7876,3999,0,0,0,0,0,0,667070,667072,667071,457,14167,3199,686,15584,3999,False,True,0,True,7708,True,686,7876,3999,-1,-1,-1,0,1
2015-07-13,2015-07-13 00:00:00,Chevron,PILOT TRAVEL CENTERS LLC : AC7460761,1037 PASCAGOULA MS TRM CHEVRON,DIESEL #2,457,14167,3199,1,0,0,0,0,7708,0,7708,0,1,w3,0,0,0,686,15584,3999,Available,Available,Available,150,110,125,Below Trend,Above Trend,Below Trend,07/14 00:00:00 CDT,08/01 00:00:00 CDT,w2,0,2015-07-15 00:00:00,Contract,Contract,Contract,457,457,14167,14167,3199,686,7876,3999,0,0,0,0,0,0,697666,697668,697667,457,14167,3199,686,15584,3999,False,True,0,True,7708,True,686,7876,3999,-1,-1,-1,0,1
2015-07-14,2015-07-14 00:00:00,Chevron,PILOT TRAVEL CENTERS LLC : AC7460761,1037 PASCAGOULA MS TRM CHEVRON,DIESEL #2,457,14167,3199,1,0,0,0,0,7708,0,7708,0,1,w3,0,0,0,686,15584,3999,Available,Available,Available,150,110,125,Below Trend,Above Trend,Below Trend,07/15 00:00:00 CDT,08/01 00:00:00 CDT,w2,0,2015-07-15 00:00:00,Contract,Contract,Contract,457,457,14167,14167,3199,686,7876,3999,0,0,0,0,0,0,729532,729534,729533,457,14167,3199,686,15584,3999,False,True,0,True,7708,True,686,7876,3999,-1,-1,-1,0,1
2015-07-15,2015-07-15 00:00:00,Chevron,PILOT TRAVEL CENTERS LLC : AC7460761,1037 PASCAGOULA MS TRM CHEVRON,DIESEL #2,457,14167,3199,1,0,0,0,0,7708,0,7708,0,1,w3,0,0,0,686,15584,3999,Available,Available,Available,150,110,125,Below Trend,Above Trend,Below Trend,07/16 00:00:00 CDT,08/01 00:00:00 CDT,w3,0,2015-07-22 00:00:00,Contract,Contract,Contract,457,457,14167,14167,3199,686,7876,3999,0,0,0,0,0,0,755006,755008,755007,457,14167,3199,686,15584,3999,False,True,0,True,7708,True,686,7876,3999,-1,-1,-1,0,1
2015-07-16,2015-07-16 00:00:00,Chevron,PILOT TRAVEL CENTERS LLC : AC7460761,1037 PASCAGOULA MS TRM CHEVRON,DIESEL #2,457,14167,3199,1,0,0,0,0,7708,0,7708,0,1,w3,0,0,0,686,15584,3999,Available,Available,Available,150,110,125,Below Trend,Above Trend,Below Trend,07/17 00:00:00 CDT,08/01 00:00:00 CDT,w3,0,2015-07-22 00:00:00,Contract,Contract,Contract,457,457,14167,14167,3199,686,7876,3999,0,0,0,0,0,0,788308,788310,788309,457,14167,3199,686,15584,3999,False,True,0,True,7708,True,686,7876,3999,-1,-1,-1,0,1
2015-07-17,2015-07-17 00:00:00,Chevron,PILOT TRAVEL CENTERS LLC : AC7460761,1037 PASCAGOULA MS TRM CHEVRON,DIESEL #2,457,14167,3199,1,0,0,0,0,7708,0,7708,0,1,w3,0,0,0,686,15584,3999,Available,Available,Available,150,110,125,Below Trend,Above Trend,Below Trend,07/18 00:00:00 CDT,08/01 00:00:00 CDT,w3,0,2015-07-22 00:00:00,Contract,Contract,Contract,457,457,14167,14167,3199,686,7876,3999,0,0,0,0,0,0,820332,820334,820333,457,14167,3199,686,15584,3999,False,True,0,True,7708,True,686,7876,3999,-1,-1,-1,0,1
2015-07-18,2015-07-18 00:00:00,Chevron,PILOT TRAVEL CENTERS LLC : AC7460761,1037 PASCAGOULA MS TRM CHEVRON,DIESEL #2,457,14167,3199,1,0,0,0,0,7708,0,7708,0,1,w3,0,0,0,686,15584,3999,Available,Available,Available,150,110,125,Below Trend,Above Trend,Below Trend,07/19 00:00:00 CDT,08/01 00:00:00 CDT,w3,0,2015-07-22 00:00:00,Contract,Contract,Contract,457,457,14167,14167,3199,686,7876,3999,0,0,0,0,0,0,850794,850796,850795,457,14167,3199,686,15584,3999,False,True,0,True,7708,True,686,7876,3999,-1,-1,-1,0,1
2015-07-19,2015-07-19 00:00:00,Chevron,PILOT TRAVEL CENTERS LLC : AC7460761,1037 PASCAGOULA MS TRM CHEVRON,DIESEL #2,457,14167,3199,1,0,0,0,0,7708,0,7708,0,1,w3,0,0,0,686,15584,3999,Available,Available,Available,150,110,125,Below Trend,Above Trend,Below Trend,07/20 00:00:00 CDT,08/01 00:00:00 CDT,w3,0,2015-07-22 00:00:00,Contract,Contract,Contract,457,457,14167,14167,3199,686,7876,3999,0,0,0,0,0,0,882055,882057,882056,457,14167,3199,686,15584,3999,False,True,0,True,7708,True,686,7876,3999,-1,-1,-1,0,1
2015-07-20,2015-07-20 00:00:00,Chevron,PILOT TRAVEL CENTERS LLC : AC7460761,1037 PASCAGOULA MS TRM CHEVRON,DIESEL #2,457,14167,3199,1,0,0,0,0,7708,0,7708,0,1,w3,0,0,0,686,15584,3999,Available,Available,Available,150,110,125,Below Trend,On Target,Below Trend,07/21 00:00:00 CDT,08/01 00:00:00 CDT,w3,0,2015-07-22 00:00:00,Contract,Contract,Contract,457,457,14167,14167,3199,686,7876,3999,0,0,0,0,0,0,912421,912423,912422,457,14167,3199,686,15584,3999,False,True,0,True,7708,True,686,7876,3999,-1,-1,-1,0,1
2015-07-21,2015-07-21 00:00:00,Chevron,PILOT TRAVEL CENTERS LLC : AC7460761,1037 PASCAGOULA MS TRM CHEVRON,DIESEL #2,457,14167,3199,1,0,0,0,0,7708,0,7708,0,1,w3,0,0,0,686,15584,3999,Available,Available,Available,150,110,125,Below Trend,On Target,Below Trend,07/22 00:00:00 CDT,08/01 00:00:00 CDT,w3,0,2015-07-22 00:00:00,Contract,Contract,Contract,457,457,14167,14167,3199,686,7876,3999,0,0,0,0,0,0,941608,941610,941609,457,14167,3199,686,15584,3999,False,True,0,True,7708,True,686,7876,3999,-1,-1,-1,0,1
2015-07-22,2015-07-22 00:00:00,Chevron,PILOT TRAVEL CENTERS LLC : AC7460761,1037 PASCAGOULA MS TRM CHEVRON,DIESEL #2,457,14167,3199,1,0,0,0,0,7708,0,7708,0,1,w3,0,0,0,686,15584,3999,Available,Available,Available,150,110,125,Below Trend,On Target,Below Trend,07/23 00:00:00 CDT,08/01 00:00:00 CDT,w4,0,2015-07-29 00:00:00,Contract,Contract,Contract,457,457,14167,14167,3199,686,7876,3999,0,0,0,0,0,0,975037,975039,975038,457,14167,3199,686,15584,3999,False,True,0,True,7708,True,686,7876,3999,-1,-1,-1,0,1
2015-07-23,2015-07-23 00:00:00,Chevron,PILOT TRAVEL CENTERS LLC : AC7460761,1037 PASCAGOULA MS TRM CHEVRON,DIESEL #2,457,14167,3199,1,0,0,0,0,7708,0,7708,0,1,w3,0,0,0,686,15584,3999,Available,Available,Available,150,110,125,Below Trend,On Target,Below Trend,07/24 00:00:00 CDT,08/01 00:00:00 CDT,w4,0,2015-07-29 00:00:00,Contract,Contract,Contract,457,457,14167,14167,3199,686,7876,3999,0,0,0,0,0,0,1002851,1002853,1002852,457,14167,3199,686,15584,3999,False,True,0,True,7708,True,686,7876,3999,-1,-1,-1,0,1
2015-07-24,2015-07-24 00:00:00,Chevron,PILOT TRAVEL CENTERS LLC : AC7460761,1037 PASCAGOULA MS TRM CHEVRON,DIESEL #2,457,14167,3199,1,0,0,0,0,7708,0,7708,0,1,w3,0,0,0,686,15584,3999,Available,Available,Available,150,110,125,Below Trend,On Target,Below Trend,07/25 00:00:00 CDT,08/01 00:00:00 CDT,w4,0,2015-07-29 00:00:00,Contract,Contract,Contract,457,457,14167,14167,3199,686,7876,3999,0,0,0,0,0,0,1033065,1033067,1033066,457,14167,3199,686,15584,3999,False,True,0,True,7708,True,686,7876,3999,-1,-1,-1,0,1
2015-07-25,2015-07-25 00:00:00,Chevron,PILOT TRAVEL CENTERS LLC : AC7460761,1037 PASCAGOULA MS TRM CHEVRON,DIESEL #2,457,14167,3199,1,0,0,0,0,7708,0,7708,0,1,w3,0,0,0,686,15584,3999,Available,Available,Available,150,110,125,Below Trend,On Target,Below Trend,07/26 00:00:00 CDT,08/01 00:00:00 CDT,w4,0,2015-07-29 00:00:00,Contract,Contract,Contract,457,457,14167,14167,3199,686,7876,3999,0,0,0,0,0,0,1062256,1062258,1062257,457,14167,3199,686,15584,3999,False,True,0,True,7708,True,686,7876,3999,-1,-1,-1,0,1
2015-07-26,2015-07-26 00:00:00,Chevron,PILOT TRAVEL CENTERS LLC : AC7460761,1037 PASCAGOULA MS TRM CHEVRON,DIESEL #2,457,14167,3199,1,0,0,0,0,7708,0,7708,0,1,w3,0,0,0,686,15584,3999,Available,Available,Available,150,110,125,Below Trend,On Target,Below Trend,07/27 00:00:00 CDT,08/01 00:00:00 CDT,w4,0,2015-07-29 00:00:00,Contract,Contract,Contract,457,457,14167,14167,3199,686,7876,3999,0,0,0,0,0,0,1092311,1092313,1092312,457,14167,3199,686,15584,3999,False,True,0,True,7708,True,686,7876,3999,-1,-1,-1,0,1
2015-07-27,2015-07-27 00:00:00,Chevron,PILOT TRAVEL CENTERS LLC : AC7460761,1037 PASCAGOULA MS TRM CHEVRON,DIESEL #2,457,14167,3199,1,0,0,0,0,7708,0,7708,0,1,w3,0,0,0,686,15584,3999,Available,Available,Available,150,110,125,Below Trend,On Target,Below Trend,07/28 00:00:00 CDT,08/01 00:00:00 CDT,w4,0,2015-07-29 00:00:00,Contract,Contract,Contract,457,457,14167,11848,3199,686,7876,3999,0,0,0,0,0,0,1122621,1122623,1122622,457,14167,3199,686,15584,3999,False,True,0,True,7708,True,686,7876,3999,-1,-1,-1,0,1
2015-07-28,2015-07-28 00:00:00,Chevron,PILOT TRAVEL CENTERS LLC : AC7460761,1037 PASCAGOULA MS TRM CHEVRON,DIESEL #2,457,14167,3199,1,0,0,0,0,7708,0,7708,0,1,w3,0,0,0,686,15584,3999,Available,Available,Available,150,110,125,Below Trend,On Target,Below Trend,07/29 00:00:00 CDT,08/01 00:00:00 CDT,w4,0,2015-07-29 00:00:00,Contract,Contract,Contract,457,457,14167,11848,3199,686,7876,3999,0,0,0,0,0,0,1152931,1152933,1152932,457,14167,3199,686,15584,3999,False,True,0,True,7708,True,686,7876,3999,-1,-1,-1,0,1
2015-07-29,2015-07-29 00:00:00,Chevron,PILOT TRAVEL CENTERS LLC : AC7460761,1037 PASCAGOULA MS TRM CHEVRON,DIESEL #2,457,14167,3199,1,0,0,0,0,7708,0,7708,0,1,w3,0,0,0,686,15584,3999,Available,Available,Available,150,110,125,Below Trend,On Target,Below Trend,07/30 00:00:00 CDT,08/01 00:00:00 CDT,w5,0,2015-08-05 00:00:00,Contract,Contract,Contract,457,457,14167,11848,3199,686,7876,3999,0,0,0,0,0,0,1183241,1183243,1183242,457,14167,3199,686,15584,3999,False,True,0,True,7708,True,686,7876,3999,-1,-1,-1,0,1
2015-07-30,2015-07-30 00:00:00,Chevron,PILOT TRAVEL CENTERS LLC : AC7460761,1037 PASCAGOULA MS TRM CHEVRON,DIESEL #2,457,14167,3199,1,0,0,0,0,7708,0,7708,0,1,w3,0,0,0,686,15584,3999,Available,Available,Available,150,110,125,Below Trend,On Target,Below Trend,07/31 00:00:00 CDT,08/01 00:00:00 CDT,w5,0,2015-08-05 00:00:00,Contract,Contract,Contract,457,457,14167,11848,3199,686,7876,3999,0,0,0,0,0,0,1213551,1213553,1213552,457,14167,3199,686,15584,3999,False,True,0,True,7708,True,686,7876,3999,-1,-1,-1,0,1
2015-07-31,2015-07-31 00:00:00,Chevron,PILOT TRAVEL CENTERS LLC : AC7460761,1037 PASCAGOULA MS TRM CHEVRON,DIESEL #2,457,14167,3199,1,0,0,0,0,7708,0,7708,0,1,w3,0,0,0,686,15584,3999,Available,Available,Available,150,110,125,Below Trend,On Target,Below Trend,08/01 00:00:00 CDT,08/01 00:00:00 CDT,w5,0,2015-08-05 00:00:00,Contract,Contract,Contract,457,457,11848,11848,3199,686,7876,3999,0,0,0,0,0,0,1243861,1243863,1243862,457,14167,3199,686,15584,3999,False,True,0,True,7708,True,686,7876,3999,-1,-1,-1,0,1
