,date,supplier_name,account_type,supplier_terminal_name,product_name,base_gallons_Daily,base_gallons_Monthly,base_gallons_Weekly,lifted_gallons_daily_flag,lifted_gallons_daily_modified,Modified_WeeksByLiftedGallons,lifted_gallons_modified_WeeksByLiftedGallons,lifted_gallons_Daily,Lifted_actual_monthly,lifted_gallons_monthly_flag,lifted_gallons_Monthly,Lifted_actual_weekly,lifted_gallons_weekly_flag,WeeksByLiftedGallons,lifted_gallonsWeekly_modified_aposteriori,Modified_LiftedGallonsaposteriori,lifted_gallons_Weekly,beginning_gallons_Daily,beginning_gallons_Monthly,beginning_gallons_Weekly,en_allocation_status_Daily,en_allocation_status_Monthly,en_allocation_status_Weekly,percentage_allocation_Daily,percentage_allocation_Monthly,percentage_allocation_Weekly,alerts_ratability_Daily,alerts_ratability_Monthly,alerts_ratability_Weekly,next_refresh_date_Daily,next_refresh_date_Monthly,Week_switch,Modified_NRD,next_refresh_date_Weekly,en_account_type_Daily,en_account_type_Monthly,en_account_type_Weekly,NRB_Daily,next_refresh_base_gallons_Daily,NRB_Monthly,next_refresh_base_gallons_Monthly,next_refresh_base_gallons_Weekly,remaining_gallons_Daily,remaining_gallons_Monthly,remaining_gallons_Weekly,additional_gallons_allowed_Daily,additional_gallons_allowed_Monthly,additional_gallons_allowed_Weekly,additional_gallons_remaining_Daily,additional_gallons_remaining_Monthly,additional_gallons_remaining_Weekly,staging_id_Daily,staging_id_Monthly,staging_id_Weekly,base_gallons_Daily_Reconciled,base_gallons_Monthly_Reconciled,base_gallons_Weekly_Reconciled,beginning_gallons_Daily_Reconciled,beginning_gallons_Monthly_Reconciled,beginning_gallons_Weekly_Reconciled,sanityWeekly_CumulativeDaily_WeeksByLiftedGallons,sanityWeekly_CumulativeDaily_NextRefreshDate,computedWeekly,sanityComputedWeekly,computedMonthly,sanityComputedMonthly,remaining_gallons_Daily_Reconciled,remaining_gallons_Monthly_Reconciled,remaining_gallons_Weekly_Reconciled,additional_gallons_remaining_Daily_Reconciled,additional_gallons_remaining_Monthly_Reconciled,additional_gallons_remaining_Weekly_Reconciled,sanityMonthly_CumulativeDaily_WeeksByLiftedGallons,sanityMonthly_CumulativeDaily_WeeksByNextRefreshDate
2015-07-01,2015-07-01 00:00:00,Chevron,PILOT TRAVEL CENTERS LLC : CHV7460761,1022 TAMPA FL TRM CHEVRON,DIESEL #2,103226,3200000,722581,1,164316,0,164316,164316,164316,0,164316,164316,1,w1,164316,0,164316,154839,3520000,903226,Out,Available,Available,150,110,125,Above Trend,Above Trend,Above Trend,07/02 00:00:00 EDT,08/01 00:00:00 EDT,w1,0,2015-07-08 00:00:00,Contract,Contract,Contract,103226,103226,3200000,3200000,722581,-9477,3355684,738910,0,0,0,0,0,0,507998,508000,507999,103226,3200000,722581,154839,3520000,903226,True,True,164316,True,164316,True,-9477,3355684,738910,-1,-1,-1,1,1
2015-07-02,2015-07-02 00:00:00,Chevron,PILOT TRAVEL CENTERS LLC : CHV7460761,1022 TAMPA FL TRM CHEVRON,DIESEL #2,103226,3200000,722581,1,120796,0,67896,67896,232212,0,232212,232212,1,w1,67896,0,285112,154839,3520000,903226,Available,Available,Available,150,110,125,On Target,Above Trend,Above Trend,07/03 00:00:00 EDT,08/01 00:00:00 EDT,w1,0,2015-07-08 00:00:00,Contract,Contract,Contract,103226,103226,3200000,3200000,722581,86943,3287788,671014,0,0,0,0,0,0,527073,527075,527074,103226,3200000,722581,154839,3520000,903226,True,True,285112,True,285112,True,34043,3287788,618114,-1,-1,-1,1,0
2015-07-03,2015-07-03 00:00:00,Chevron,PILOT TRAVEL CENTERS LLC : CHV7460761,1022 TAMPA FL TRM CHEVRON,DIESEL #2,103226,3200000,722581,1,53148,1,83145,30245,315357,0,315357,315357,1,w1,30245,0,338260,154839,3520000,903226,Available,Available,Available,150,110,125,On Target,Above Trend,Above Trend,07/04 00:00:00 EDT,08/01 00:00:00 EDT,w1,0,2015-07-08 00:00:00,Contract,Contract,Contract,103226,103226,3200000,3200000,722581,124594,3204643,587869,0,0,0,0,0,0,534724,534726,534725,103226,3200000,722581,154839,3520000,903226,True,True,338260,True,338260,True,101691,3204643,564966,-1,-1,-1,1,0
2015-07-04,2015-07-04 00:00:00,Chevron,PILOT TRAVEL CENTERS LLC : CHV7460761,1022 TAMPA FL TRM CHEVRON,DIESEL #2,103226,3200000,722581,1,29873,1,30412,7509,345769,0,345769,345769,1,w1,7509,0,368133,154839,3520000,903226,Available,Available,Available,150,110,125,Below Trend,Above Trend,On Target,07/05 00:00:00 EDT,08/01 00:00:00 EDT,w1,0,2015-07-08 00:00:00,Contract,Contract,Contract,103226,103226,3200000,3200000,722581,147330,3174231,557457,0,0,0,0,0,0,540976,540978,540977,103226,3200000,722581,154839,3520000,903226,True,True,368133,True,368133,True,124966,3174231,535093,-1,-1,-1,1,0
2015-07-05,2015-07-05 00:00:00,Chevron,PILOT TRAVEL CENTERS LLC : CHV7460761,1022 TAMPA FL TRM CHEVRON,DIESEL #2,103226,3200000,722581,1,15097,1,29862,7498,375631,0,375631,375631,1,w1,7498,0,383230,154839,3520000,903226,Available,Available,Available,150,110,125,Below Trend,On Target,On Target,07/06 00:00:00 EDT,08/01 00:00:00 EDT,w1,0,2015-07-08 00:00:00,Contract,Contract,Contract,103226,103226,3200000,3200000,722581,147341,3144369,527595,0,0,0,0,0,0,547419,547421,547420,103226,3200000,722581,154839,3520000,903226,True,True,383230,True,383230,True,139742,3144369,519996,-1,-1,-1,1,0
2015-07-06,2015-07-06 00:00:00,Chevron,PILOT TRAVEL CENTERS LLC : CHV7460761,1022 TAMPA FL TRM CHEVRON,DIESEL #2,103226,3200000,722581,1,68099,1,37698,30099,413329,0,413329,413329,1,w1,30099,0,451329,154839,3520000,903226,Available,Available,Available,150,110,125,On Target,On Target,On Target,07/07 00:00:00 EDT,08/01 00:00:00 EDT,w1,0,2015-07-08 00:00:00,Contract,Contract,Contract,103226,103226,3200000,3200000,722581,124740,3106671,489897,0,0,0,0,0,0,553735,553737,553736,103226,3200000,722581,154839,3520000,903226,True,True,451329,True,451329,True,86740,3106671,451897,-1,-1,-1,1,0
2015-07-07,2015-07-07 00:00:00,Chevron,PILOT TRAVEL CENTERS LLC : CHV7460761,1022 TAMPA FL TRM CHEVRON,DIESEL #2,103226,3200000,722581,1,83408,1,121408,83408,534737,0,534737,534737,1,w1,83408,0,534737,154839,3520000,903226,Limited,Available,Limited,150,110,125,On Target,On Target,On Target,07/08 00:00:00 EDT,08/01 00:00:00 EDT,w1,0,2015-07-08 00:00:00,Contract,Contract,Contract,103226,103226,3200000,3200000,722581,71431,2985263,368489,0,0,0,0,0,0,566748,566750,566749,103226,3200000,722581,154839,3520000,903226,True,True,534737,True,534737,True,71431,2985263,368489,-1,-1,-1,1,1
2015-07-08,2015-07-08 00:00:00,Chevron,PILOT TRAVEL CENTERS LLC : CHV7460761,1022 TAMPA FL TRM CHEVRON,DIESEL #2,103226,3200000,722581,0,52564,0,52564,52564,587301,0,587301,52564,0,w2,52564,0,52564,154839,3520000,903226,Available,Available,Available,150,110,125,On Target,On Target,On Target,07/09 00:00:00 EDT,08/01 00:00:00 EDT,w2,0,2015-07-15 00:00:00,Contract,Contract,Contract,103226,103226,3200000,3200000,722581,102275,2932699,850662,0,0,0,0,0,0,576349,576351,576350,103226,3200000,722581,154839,3520000,903226,True,True,52564,True,587301,True,102275,2932699,850662,-1,-1,-1,1,1
2015-07-09,2015-07-09 00:00:00,Chevron,PILOT TRAVEL CENTERS LLC : CHV7460761,1022 TAMPA FL TRM CHEVRON,DIESEL #2,103226,3200000,722581,2,218394,0,-1,-1,-1,2,805695,-1,2,w3,-1,0,270958,154839,3520000,903226,-1,-1,-1,100,100,100,-1,-1,-1,-1,-1,w2,1,2015-07-15 00:00:00,-1,-1,-1,103226,-1,3200000,-1,-1,-1,-1,-1,-1,-1,-1,-1,-1,-1,-1,-1,-1,154839,3520000,903226,103226,3200000,722581,True,True,270958,True,805695,True,-63555,2714305,632268,-1,-1,-1,0,1
2015-07-10,2015-07-10 00:00:00,Chevron,PILOT TRAVEL CENTERS LLC : CHV7460761,1022 TAMPA FL TRM CHEVRON,DIESEL #2,103226,3200000,722581,1,157973,0,157973,157973,963668,0,963668,428931,1,w3,157973,0,428931,154839,3520000,903226,Out,Available,Available,150,110,125,Above Trend,Above Trend,Above Trend,07/11 00:00:00 EDT,08/01 00:00:00 EDT,w2,0,2015-07-15 00:00:00,Contract,Contract,Contract,103226,103226,3200000,3200000,722581,-3134,2556332,474295,0,0,0,0,0,0,609166,609168,609167,103226,3200000,722581,154839,3520000,903226,False,True,428931,True,963668,True,-3134,2556332,474295,-1,-1,-1,0,1
2015-07-11,2015-07-11 00:00:00,Chevron,PILOT TRAVEL CENTERS LLC : CHV7460761,1022 TAMPA FL TRM CHEVRON,DIESEL #2,103226,3200000,722581,1,74089,0,74089,74089,1037757,0,1037757,503020,1,w3,74089,0,503020,154839,3520000,903226,Available,Available,Limited,150,110,125,On Target,Above Trend,Above Trend,07/12 00:00:00 EDT,08/01 00:00:00 EDT,w2,0,2015-07-15 00:00:00,Contract,Contract,Contract,103226,103226,3200000,3200000,722581,80750,2482243,400206,0,0,0,0,0,0,637653,637655,637654,103226,3200000,722581,154839,3520000,903226,False,True,503020,True,1037757,True,80750,2482243,400206,-1,-1,-1,0,1
2015-07-12,2015-07-12 00:00:00,Chevron,PILOT TRAVEL CENTERS LLC : CHV7460761,1022 TAMPA FL TRM CHEVRON,DIESEL #2,103226,3200000,722581,1,25699,0,25699,25699,1063456,0,1063456,528719,1,w3,25699,0,528719,154839,3520000,903226,Available,Available,Limited,150,110,125,Below Trend,On Target,Above Trend,07/13 00:00:00 EDT,08/01 00:00:00 EDT,w2,0,2015-07-15 00:00:00,Contract,Contract,Contract,103226,103226,3200000,3200000,722581,129140,2456544,374507,0,0,0,0,0,0,667067,667069,667068,103226,3200000,722581,154839,3520000,903226,False,True,528719,True,1063456,True,129140,2456544,374507,-1,-1,-1,0,1
2015-07-13,2015-07-13 00:00:00,Chevron,PILOT TRAVEL CENTERS LLC : CHV7460761,1022 TAMPA FL TRM CHEVRON,DIESEL #2,103226,3200000,722581,1,151197,0,151197,151197,1214653,0,1214653,679916,1,w3,151197,0,679916,154839,3520000,903226,Low,Available,Limited,150,110,125,Above Trend,Above Trend,Above Trend,07/14 00:00:00 EDT,08/01 00:00:00 EDT,w2,0,2015-07-15 00:00:00,Contract,Contract,Contract,103226,103226,3200000,3200000,722581,3642,2305347,223310,0,0,0,0,0,0,697663,697665,697664,103226,3200000,722581,154839,3520000,903226,False,True,679916,True,1214653,True,3642,2305347,223310,-1,-1,-1,0,1
2015-07-14,2015-07-14 00:00:00,Chevron,PILOT TRAVEL CENTERS LLC : CHV7460761,1022 TAMPA FL TRM CHEVRON,DIESEL #2,103226,3200000,722581,1,111238,0,111238,111238,1325891,0,1325891,791154,1,w3,111238,0,791154,154839,3520000,903226,Limited,Available,Low,150,110,125,On Target,Above Trend,Above Trend,07/15 00:00:00 EDT,08/01 00:00:00 EDT,w2,0,2015-07-15 00:00:00,Contract,Contract,Contract,103226,103226,3200000,3200000,722581,43601,2194109,112072,15000,15000,15000,15000,15000,15000,729529,729531,729530,103226,3200000,722581,154839,3520000,903226,False,True,791154,True,1325891,True,43601,2194109,112072,-1,-1,-1,0,1
2015-07-15,2015-07-15 00:00:00,Chevron,PILOT TRAVEL CENTERS LLC : CHV7460761,1022 TAMPA FL TRM CHEVRON,DIESEL #2,103226,3200000,722581,1,157308,0,157308,157308,1483199,0,1483199,157308,1,w4,157308,0,157308,154839,3520000,903226,Out,Available,Available,150,110,125,Above Trend,Above Trend,Above Trend,07/16 00:00:00 EDT,08/01 00:00:00 EDT,w3,0,2015-07-22 00:00:00,Contract,Contract,Contract,103226,103226,3200000,3200000,722581,-2469,2036801,745918,0,0,0,0,0,0,755003,755005,755004,103226,3200000,722581,154839,3520000,903226,True,True,157308,True,1483199,True,-2469,2036801,745918,-1,-1,-1,0,1
2015-07-16,2015-07-16 00:00:00,Chevron,PILOT TRAVEL CENTERS LLC : CHV7460761,1022 TAMPA FL TRM CHEVRON,DIESEL #2,103226,3200000,722581,1,127706,0,127706,127706,1610905,0,1610905,285014,1,w4,127706,0,285014,154839,3520000,903226,Limited,Available,Available,150,110,125,Above Trend,Above Trend,Above Trend,07/17 00:00:00 EDT,08/01 00:00:00 EDT,w3,0,2015-07-22 00:00:00,Contract,Contract,Contract,103226,103226,3200000,3200000,722581,27133,1909095,618212,15000,15000,15000,15000,15000,15000,788305,788307,788306,103226,3200000,722581,154839,3520000,903226,True,True,285014,True,1610905,True,27133,1909095,618212,-1,-1,-1,0,1
2015-07-17,2015-07-17 00:00:00,Chevron,PILOT TRAVEL CENTERS LLC : CHV7460761,1022 TAMPA FL TRM CHEVRON,DIESEL #2,103226,3200000,722581,1,173121,0,173121,173121,1784026,0,1784026,458135,1,w4,173121,0,458135,154839,3520000,903226,Out,Available,Limited,150,110,125,Above Trend,Above Trend,Above Trend,07/18 00:00:00 EDT,08/01 00:00:00 EDT,w3,0,2015-07-22 00:00:00,Contract,Contract,Contract,103226,103226,3200000,3200000,722581,-18282,1735974,445091,15000,15000,15000,3282,3282,3282,820329,820331,820330,103226,3200000,722581,154839,3520000,903226,True,True,458135,True,1784026,True,-18282,1735974,445091,15000,-1,-1,0,1
2015-07-18,2015-07-18 00:00:00,Chevron,PILOT TRAVEL CENTERS LLC : CHV7460761,1022 TAMPA FL TRM CHEVRON,DIESEL #2,103226,3200000,722581,1,72459,0,72459,72459,1856485,0,1856485,530594,1,w4,72459,0,530594,154839,3520000,903226,Available,Limited,Limited,150,110,125,On Target,Above Trend,Above Trend,07/19 00:00:00 EDT,08/01 00:00:00 EDT,w3,0,2015-07-22 00:00:00,Contract,Contract,Contract,103226,103226,3200000,3200000,722581,82380,1663515,372632,0,0,0,0,0,0,850791,850793,850792,103226,3200000,722581,154839,3520000,903226,True,True,530594,True,1856485,True,82380,1663515,372632,-1,-1,-1,0,1
2015-07-19,2015-07-19 00:00:00,Chevron,PILOT TRAVEL CENTERS LLC : CHV7460761,1022 TAMPA FL TRM CHEVRON,DIESEL #2,103226,3200000,722581,1,15171,0,15171,15171,1871656,0,1871656,545765,1,w4,15171,0,545765,154839,3520000,903226,Available,Limited,Limited,150,110,125,Below Trend,Above Trend,Above Trend,07/20 00:00:00 EDT,08/01 00:00:00 EDT,w3,0,2015-07-22 00:00:00,Contract,Contract,Contract,103226,103226,3200000,3200000,722581,139668,1648344,357461,0,0,0,0,0,0,882052,882054,882053,103226,3200000,722581,154839,3520000,903226,True,True,545765,True,1871656,True,139668,1648344,357461,-1,-1,-1,0,1
2015-07-20,2015-07-20 00:00:00,Chevron,PILOT TRAVEL CENTERS LLC : CHV7460761,1022 TAMPA FL TRM CHEVRON,DIESEL #2,103226,3200000,722581,1,128058,0,128058,128058,1999714,0,1999714,673823,1,w4,128058,0,673823,154839,3520000,903226,Low,Limited,Limited,150,110,125,Above Trend,Above Trend,Above Trend,07/21 00:00:00 EDT,08/01 00:00:00 EDT,w3,0,2015-07-22 00:00:00,Contract,Contract,Contract,103226,103226,3200000,3200000,722581,26781,1520286,229403,0,0,0,0,0,0,912418,912420,912419,103226,3200000,722581,154839,3520000,903226,True,True,673823,True,1999714,True,26781,1520286,229403,-1,-1,-1,0,1
2015-07-21,2015-07-21 00:00:00,Chevron,PILOT TRAVEL CENTERS LLC : CHV7460761,1022 TAMPA FL TRM CHEVRON,DIESEL #2,103226,3200000,722581,1,151728,0,151728,151728,2151442,0,2151442,825551,1,w4,151728,0,825551,154839,3520000,903226,Low,Limited,Low,150,110,125,Above Trend,Above Trend,Above Trend,07/22 00:00:00 EDT,08/01 00:00:00 EDT,w3,0,2015-07-22 00:00:00,Contract,Contract,Contract,103226,103226,3200000,3200000,722581,3111,1368558,77675,30000,30000,30000,30000,30000,30000,941605,941607,941606,103226,3200000,722581,154839,3520000,903226,True,True,825551,True,2151442,True,3111,1368558,77675,-1,-1,-1,0,1
2015-07-22,2015-07-22 00:00:00,Chevron,PILOT TRAVEL CENTERS LLC : CHV7460761,1022 TAMPA FL TRM CHEVRON,DIESEL #2,103226,3200000,722581,1,166723,0,166723,166723,2318165,0,2318165,166723,1,w5,166723,0,166723,154839,3520000,903226,Out,Available,Available,150,110,125,Above Trend,Above Trend,Above Trend,07/23 00:00:00 EDT,08/01 00:00:00 EDT,w4,0,2015-07-29 00:00:00,Contract,Contract,Contract,103226,103226,3200000,3200000,722581,-11884,1201835,736503,0,0,0,0,0,0,975034,975036,975035,103226,3200000,722581,154839,3520000,903226,True,True,166723,True,2318165,True,-11884,1201835,736503,-1,-1,-1,0,1
2015-07-23,2015-07-23 00:00:00,Chevron,PILOT TRAVEL CENTERS LLC : CHV7460761,1022 TAMPA FL TRM CHEVRON,DIESEL #2,103226,3200000,722581,1,158883,0,158883,158883,2477048,0,2477048,325606,1,w5,158883,0,325606,154839,3520000,903226,Out,Limited,Available,150,110,125,Above Trend,Above Trend,Above Trend,07/24 00:00:00 EDT,08/01 00:00:00 EDT,w4,0,2015-07-29 00:00:00,Contract,Contract,Contract,103226,103226,3200000,3200000,722581,-4044,1042952,577620,0,0,0,0,0,0,1002848,1002850,1002849,103226,3200000,722581,154839,3520000,903226,True,True,325606,True,2477048,True,-4044,1042952,577620,-1,-1,-1,0,1
2015-07-24,2015-07-24 00:00:00,Chevron,PILOT TRAVEL CENTERS LLC : CHV7460761,1022 TAMPA FL TRM CHEVRON,DIESEL #2,103226,3200000,722581,1,90870,0,90870,90870,2567918,0,2567918,416476,1,w5,90870,0,416476,154839,3520000,903226,Available,Limited,Available,150,110,125,On Target,Above Trend,Above Trend,07/25 00:00:00 EDT,08/01 00:00:00 EDT,w4,0,2015-07-29 00:00:00,Contract,Contract,Contract,103226,103226,3200000,3200000,722581,63969,952082,486750,0,0,0,0,0,0,1033062,1033064,1033063,103226,3200000,722581,154839,3520000,903226,True,True,416476,True,2567918,True,63969,952082,486750,-1,-1,-1,0,1
2015-07-25,2015-07-25 00:00:00,Chevron,PILOT TRAVEL CENTERS LLC : CHV7460761,1022 TAMPA FL TRM CHEVRON,DIESEL #2,103226,3200000,722581,1,83420,0,83420,83420,2651338,0,2651338,499896,1,w5,83420,0,499896,154839,3520000,903226,Available,Limited,Available,150,110,125,On Target,Above Trend,Above Trend,07/26 00:00:00 EDT,08/01 00:00:00 EDT,w4,0,2015-07-29 00:00:00,Contract,Contract,Contract,103226,103226,3200000,3200000,722581,71419,868662,403330,0,0,0,0,0,0,1062253,1062255,1062254,103226,3200000,722581,154839,3520000,903226,True,True,499896,True,2651338,True,71419,868662,403330,-1,-1,-1,0,1
2015-07-26,2015-07-26 00:00:00,Chevron,PILOT TRAVEL CENTERS LLC : CHV7460761,1022 TAMPA FL TRM CHEVRON,DIESEL #2,103226,3200000,722581,1,50787,0,50787,50787,2702125,0,2702125,550683,1,w5,50787,0,550683,154839,3520000,903226,Available,Limited,Available,150,110,125,On Target,Above Trend,Above Trend,07/27 00:00:00 EDT,08/01 00:00:00 EDT,w4,0,2015-07-29 00:00:00,Contract,Contract,Contract,103226,103226,3200000,3200000,722581,104052,817875,352543,0,0,0,0,0,0,1092308,1092310,1092309,103226,3200000,722581,154839,3520000,903226,True,True,550683,True,2702125,True,104052,817875,352543,-1,-1,-1,0,1
2015-07-27,2015-07-27 00:00:00,Chevron,PILOT TRAVEL CENTERS LLC : CHV7460761,1022 TAMPA FL TRM CHEVRON,DIESEL #2,103226,3200000,722581,1,120471,0,120471,120471,2822596,0,2822596,671154,1,w5,120471,0,671154,154839,3520000,903226,Limited,Low,Limited,150,110,125,On Target,Above Trend,Above Trend,07/28 00:00:00 EDT,08/01 00:00:00 EDT,w4,0,2015-07-29 00:00:00,Contract,Contract,Contract,103226,103226,3200000,2799300,722581,34368,697404,232072,0,0,0,0,0,0,1122618,1122620,1122619,103226,3200000,722581,154839,3520000,903226,True,True,671154,True,2822596,True,34368,697404,232072,-1,-1,-1,0,1
2015-07-28,2015-07-28 00:00:00,Chevron,PILOT TRAVEL CENTERS LLC : CHV7460761,1022 TAMPA FL TRM CHEVRON,DIESEL #2,103226,3200000,722581,1,129003,0,129003,129003,2951599,0,2951599,800157,1,w5,129003,0,800157,154839,3520000,903226,Low,Low,Low,150,110,125,Above Trend,Above Trend,Above Trend,07/29 00:00:00 EDT,08/01 00:00:00 EDT,w4,0,2015-07-29 00:00:00,Contract,Contract,Contract,103226,103226,3200000,2799300,722581,25836,568401,103069,0,0,0,0,0,0,1152928,1152930,1152929,103226,3200000,722581,154839,3520000,903226,True,True,800157,True,2951599,True,25836,568401,103069,-1,-1,-1,0,1
2015-07-29,2015-07-29 00:00:00,Chevron,PILOT TRAVEL CENTERS LLC : CHV7460761,1022 TAMPA FL TRM CHEVRON,DIESEL #2,103226,3200000,722581,1,158240,0,158240,158240,3109839,0,3109839,158240,1,w6,158240,0,158240,154839,3520000,903226,Out,Low,Available,150,110,125,Above Trend,Above Trend,Above Trend,07/30 00:00:00 EDT,08/01 00:00:00 EDT,w5,0,2015-08-05 00:00:00,Contract,Contract,Contract,103226,103226,3200000,2799300,722581,-3401,410161,744986,0,0,0,0,0,0,1183238,1183240,1183239,103226,3200000,722581,154839,3520000,903226,True,True,158240,True,3109839,True,-3401,410161,744986,-1,-1,-1,0,1
2015-07-30,2015-07-30 00:00:00,Chevron,PILOT TRAVEL CENTERS LLC : CHV7460761,1022 TAMPA FL TRM CHEVRON,DIESEL #2,103226,3200000,722581,1,125632,0,125632,125632,3235471,0,3235471,283872,1,w6,125632,0,283872,154839,3520000,903226,Low,Low,Available,150,110,125,Above Trend,Above Trend,Above Trend,07/31 00:00:00 EDT,08/01 00:00:00 EDT,w5,0,2015-08-05 00:00:00,Contract,Contract,Contract,103226,103226,3200000,2799300,722581,29207,284529,619354,0,0,0,0,0,0,1213548,1213550,1213549,103226,3200000,722581,154839,3520000,903226,True,True,283872,True,3235471,True,29207,284529,619354,-1,-1,-1,0,1
2015-07-31,2015-07-31 00:00:00,Chevron,PILOT TRAVEL CENTERS LLC : CHV7460761,1022 TAMPA FL TRM CHEVRON,DIESEL #2,103226,3200000,722581,1,83214,0,83214,83214,3318685,0,3318685,367086,1,w6,83214,0,367086,154839,3520000,903226,Available,Low,Available,150,110,125,On Target,Above Trend,Above Trend,08/01 00:00:00 EDT,08/01 00:00:00 EDT,w5,0,2015-08-05 00:00:00,Contract,Contract,Contract,103226,103226,2799300,2799300,722581,71625,201315,536140,0,0,0,0,0,0,1243858,1243860,1243859,103226,3200000,722581,154839,3520000,903226,True,True,367086,True,3318685,True,71625,201315,536140,-1,-1,-1,0,1
