,date,supplier_name,account_type,supplier_terminal_name,product_name,base_gallons_Daily,base_gallons_Monthly,base_gallons_Weekly,lifted_gallons_daily_flag,lifted_gallons_daily_modified,Modified_WeeksByLiftedGallons,lifted_gallons_modified_WeeksByLiftedGallons,lifted_gallons_Daily,Lifted_actual_monthly,lifted_gallons_monthly_flag,lifted_gallons_Monthly,Lifted_actual_weekly,lifted_gallons_weekly_flag,WeeksByLiftedGallons,lifted_gallonsWeekly_modified_aposteriori,Modified_LiftedGallonsaposteriori,lifted_gallons_Weekly,beginning_gallons_Daily,beginning_gallons_Monthly,beginning_gallons_Weekly,en_allocation_status_Daily,en_allocation_status_Monthly,en_allocation_status_Weekly,percentage_allocation_Daily,percentage_allocation_Monthly,percentage_allocation_Weekly,alerts_ratability_Daily,alerts_ratability_Monthly,alerts_ratability_Weekly,next_refresh_date_Daily,next_refresh_date_Monthly,Week_switch,Modified_NRD,next_refresh_date_Weekly,en_account_type_Daily,en_account_type_Monthly,en_account_type_Weekly,NRB_Daily,next_refresh_base_gallons_Daily,NRB_Monthly,next_refresh_base_gallons_Monthly,next_refresh_base_gallons_Weekly,remaining_gallons_Daily,remaining_gallons_Monthly,remaining_gallons_Weekly,additional_gallons_allowed_Daily,additional_gallons_allowed_Monthly,additional_gallons_allowed_Weekly,additional_gallons_remaining_Daily,additional_gallons_remaining_Monthly,additional_gallons_remaining_Weekly,staging_id_Daily,staging_id_Monthly,staging_id_Weekly,base_gallons_Daily_Reconciled,base_gallons_Monthly_Reconciled,base_gallons_Weekly_Reconciled,beginning_gallons_Daily_Reconciled,beginning_gallons_Monthly_Reconciled,beginning_gallons_Weekly_Reconciled,sanityWeekly_CumulativeDaily_WeeksByLiftedGallons,sanityWeekly_CumulativeDaily_NextRefreshDate,computedWeekly,computedMonthly,sanityComputedMonthly,remaining_gallons_Daily_Reconciled,remaining_gallons_Monthly_Reconciled,remaining_gallons_Weekly_Reconciled,additional_gallons_remaining_Daily_Reconciled,additional_gallons_remaining_Monthly_Reconciled,additional_gallons_remaining_Weekly_Reconciled,sanityMonthly_CumulativeDaily_WeeksByLiftedGallons,sanityMonthly_CumulativeDaily_WeeksByNextRefreshDate
2015-08-01,2015-08-01 00:00:00,Exxon,PILOT TRAVEL CENTERS LLC 103637 WS,MEMPHIS TN (MOC) - 00QE,Reg CBOB,36284,-1,253987,0,-1,0,-1,-1,-1,0,-1,-1,0,w1,-1,0,-1,54426,-1,355582,-1,-1,-1,100,100,100,-1,-1,-1,-1,-1,w1,1,2015-08-06 00:00:00,-1,-1,-1,36284,-1,-1,-1,-1,-1,-1,-1,-1,-1,-1,-1,-1,-1,-1,-1,-1,54426,-1,355582,36284,-1,253987,True,True,0,0,0,54427,-1,355583,-1,-1,-1,1,1
2015-08-02,2015-08-02 00:00:00,Exxon,PILOT TRAVEL CENTERS LLC 103637 WS,MEMPHIS TN (MOC) - 00QE,Reg CBOB,36284,-1,253987,0,-1,0,-1,-1,-1,0,-1,-1,0,w1,-1,0,-1,54426,-1,355582,-1,-1,-1,100,100,100,-1,-1,-1,-1,-1,w1,1,2015-08-06 00:00:00,-1,-1,-1,36284,-1,-1,-1,-1,-1,-1,-1,-1,-1,-1,-1,-1,-1,-1,-1,-1,54426,-1,355582,36284,-1,253987,False,False,0,0,0,54427,-1,355583,-1,-1,-1,0,0
2015-08-03,2015-08-03 00:00:00,Exxon,PILOT TRAVEL CENTERS LLC 103637 WS,MEMPHIS TN (MOC) - 00QE,Reg CBOB,36284,-1,253987,0,-1,0,-1,-1,-1,0,-1,-1,0,w1,-1,0,-1,54426,-1,355582,-1,-1,-1,100,100,100,-1,-1,-1,-1,-1,w1,1,2015-08-06 00:00:00,-1,-1,-1,36284,-1,-1,-1,-1,-1,-1,-1,-1,-1,-1,-1,-1,-1,-1,-1,-1,54426,-1,355582,36284,-1,253987,False,False,0,0,0,54427,-1,355583,-1,-1,-1,0,0
2015-08-04,2015-08-04 00:00:00,Exxon,PILOT TRAVEL CENTERS LLC 103637 WS,MEMPHIS TN (MOC) - 00QE,Reg CBOB,36284,-1,253987,0,-1,0,-1,-1,-1,0,-1,-1,0,w1,-1,0,-1,54426,-1,355582,-1,-1,-1,100,100,100,-1,-1,-1,-1,-1,w1,1,2015-08-06 00:00:00,-1,-1,-1,36284,-1,-1,-1,-1,-1,-1,-1,-1,-1,-1,-1,-1,-1,-1,-1,-1,54426,-1,355582,36284,-1,253987,False,False,0,0,0,54427,-1,355583,-1,-1,-1,0,0
2015-08-05,2015-08-05 00:00:00,Exxon,PILOT TRAVEL CENTERS LLC 103637 WS,MEMPHIS TN (MOC) - 00QE,Reg CBOB,36284,-1,253987,0,-1,0,-1,-1,-1,0,-1,-1,0,w1,-1,0,-1,54426,-1,355582,-1,-1,-1,100,100,100,-1,-1,-1,-1,-1,w1,1,2015-08-06 00:00:00,-1,-1,-1,36284,-1,-1,-1,-1,-1,-1,-1,-1,-1,-1,-1,-1,-1,-1,-1,-1,54426,-1,355582,36284,-1,253987,False,False,0,0,0,54427,-1,355583,-1,-1,-1,0,0
2015-08-06,2015-08-06 00:00:00,Exxon,PILOT TRAVEL CENTERS LLC 103637 WS,MEMPHIS TN (MOC) - 00QE,Reg CBOB,36284,-1,253987,0,-1,0,-1,-1,-1,0,-1,-1,0,w1,-1,0,-1,54426,-1,355582,-1,-1,-1,100,100,100,-1,-1,-1,-1,-1,w2,1,2015-08-13 00:00:00,-1,-1,-1,36284,-1,-1,-1,-1,-1,-1,-1,-1,-1,-1,-1,-1,-1,-1,-1,-1,54426,-1,355582,36284,-1,253987,False,True,0,0,0,54427,-1,355583,-1,-1,-1,0,0
2015-08-07,2015-08-07 00:00:00,Exxon,PILOT TRAVEL CENTERS LLC 103637 WS,MEMPHIS TN (MOC) - 00QE,Reg CBOB,36284,-1,253987,0,-1,0,-1,-1,-1,0,-1,-1,0,w1,-1,0,-1,54426,-1,355582,-1,-1,-1,100,100,100,-1,-1,-1,-1,-1,w2,1,2015-08-13 00:00:00,-1,-1,-1,36284,-1,-1,-1,-1,-1,-1,-1,-1,-1,-1,-1,-1,-1,-1,-1,-1,54426,-1,355582,36284,-1,253987,False,False,0,0,0,54427,-1,355583,-1,-1,-1,0,0
2015-08-08,2015-08-08 00:00:00,Exxon,PILOT TRAVEL CENTERS LLC 103637 WS,MEMPHIS TN (MOC) - 00QE,Reg CBOB,36284,-1,253987,0,-1,0,-1,-1,-1,0,-1,-1,0,w1,-1,0,-1,54426,-1,355582,-1,-1,-1,100,100,100,-1,-1,-1,-1,-1,w2,1,2015-08-13 00:00:00,-1,-1,-1,36284,-1,-1,-1,-1,-1,-1,-1,-1,-1,-1,-1,-1,-1,-1,-1,-1,54426,-1,355582,36284,-1,253987,False,False,0,0,0,54427,-1,355583,-1,-1,-1,0,0
2015-08-09,2015-08-09 00:00:00,Exxon,PILOT TRAVEL CENTERS LLC 103637 WS,MEMPHIS TN (MOC) - 00QE,Reg CBOB,36284,-1,253987,0,-1,0,-1,-1,-1,0,-1,-1,0,w1,-1,0,-1,54426,-1,355582,-1,-1,-1,100,100,100,-1,-1,-1,-1,-1,w2,1,2015-08-13 00:00:00,-1,-1,-1,36284,-1,-1,-1,-1,-1,-1,-1,-1,-1,-1,-1,-1,-1,-1,-1,-1,54426,-1,355582,36284,-1,253987,False,False,0,0,0,54427,-1,355583,-1,-1,-1,0,0
2015-08-10,2015-08-10 00:00:00,Exxon,PILOT TRAVEL CENTERS LLC 103637 WS,MEMPHIS TN (MOC) - 00QE,Reg CBOB,36284,-1,253987,0,-1,0,-1,-1,-1,0,-1,-1,0,w1,-1,0,-1,54426,-1,355582,-1,-1,-1,100,100,100,-1,-1,-1,-1,-1,w2,1,2015-08-13 00:00:00,-1,-1,-1,36284,-1,-1,-1,-1,-1,-1,-1,-1,-1,-1,-1,-1,-1,-1,-1,-1,54426,-1,355582,36284,-1,253987,False,False,0,0,0,54427,-1,355583,-1,-1,-1,0,0
2015-08-11,2015-08-11 00:00:00,Exxon,PILOT TRAVEL CENTERS LLC 103637 WS,MEMPHIS TN (MOC) - 00QE,Reg CBOB,36284,-1,253987,0,-1,0,-1,-1,-1,0,-1,-1,0,w1,-1,0,-1,54426,-1,355582,-1,-1,-1,100,100,100,-1,-1,-1,-1,-1,w2,1,2015-08-13 00:00:00,-1,-1,-1,36284,-1,-1,-1,-1,-1,-1,-1,-1,-1,-1,-1,-1,-1,-1,-1,-1,54426,-1,355582,36284,-1,253987,False,False,0,0,0,54427,-1,355583,-1,-1,-1,0,0
2015-08-12,2015-08-12 00:00:00,Exxon,PILOT TRAVEL CENTERS LLC 103637 WS,MEMPHIS TN (MOC) - 00QE,Reg CBOB,36284,-1,253987,0,-1,0,-1,-1,-1,0,-1,-1,0,w1,-1,0,-1,54426,-1,355582,-1,-1,-1,100,100,100,-1,-1,-1,-1,-1,w2,1,2015-08-13 00:00:00,-1,-1,-1,36284,-1,-1,-1,-1,-1,-1,-1,-1,-1,-1,-1,-1,-1,-1,-1,-1,54426,-1,355582,36284,-1,253987,False,False,0,0,0,54427,-1,355583,-1,-1,-1,0,0
2015-08-13,2015-08-13 00:00:00,Exxon,PILOT TRAVEL CENTERS LLC 103637 WS,MEMPHIS TN (MOC) - 00QE,Reg CBOB,36284,-1,253987,0,-1,0,-1,-1,-1,0,-1,-1,0,w1,-1,0,-1,54426,-1,355582,-1,-1,-1,100,100,100,-1,-1,-1,-1,-1,w3,1,2015-08-20 00:00:00,-1,-1,-1,36284,-1,-1,-1,-1,-1,-1,-1,-1,-1,-1,-1,-1,-1,-1,-1,-1,54426,-1,355582,36284,-1,253987,False,True,0,0,0,54427,-1,355583,-1,-1,-1,0,0
2015-08-14,2015-08-14 00:00:00,Exxon,PILOT TRAVEL CENTERS LLC 103637 WS,MEMPHIS TN (MOC) - 00QE,Reg CBOB,36284,-1,253987,0,-1,0,-1,-1,-1,0,-1,-1,0,w1,-1,0,-1,54426,-1,355582,-1,-1,-1,100,100,100,-1,-1,-1,-1,-1,w3,1,2015-08-20 00:00:00,-1,-1,-1,36284,-1,-1,-1,-1,-1,-1,-1,-1,-1,-1,-1,-1,-1,-1,-1,-1,54426,-1,355582,36284,-1,253987,False,False,0,0,0,54427,-1,355583,-1,-1,-1,0,0
2015-08-15,2015-08-15 00:00:00,Exxon,PILOT TRAVEL CENTERS LLC 103637 WS,MEMPHIS TN (MOC) - 00QE,Reg CBOB,36284,-1,253987,0,-1,0,-1,-1,-1,0,-1,-1,0,w1,-1,0,-1,54426,-1,355582,-1,-1,-1,100,100,100,-1,-1,-1,-1,-1,w3,1,2015-08-20 00:00:00,-1,-1,-1,36284,-1,-1,-1,-1,-1,-1,-1,-1,-1,-1,-1,-1,-1,-1,-1,-1,54426,-1,355582,36284,-1,253987,False,False,0,0,0,54427,-1,355583,-1,-1,-1,0,0
2015-08-16,2015-08-16 00:00:00,Exxon,PILOT TRAVEL CENTERS LLC 103637 WS,MEMPHIS TN (MOC) - 00QE,Reg CBOB,36284,-1,253987,0,-1,0,-1,-1,-1,0,-1,-1,0,w1,-1,0,-1,54426,-1,355582,-1,-1,-1,100,100,100,-1,-1,-1,-1,-1,w3,1,2015-08-20 00:00:00,-1,-1,-1,36284,-1,-1,-1,-1,-1,-1,-1,-1,-1,-1,-1,-1,-1,-1,-1,-1,54426,-1,355582,36284,-1,253987,False,False,0,0,0,54427,-1,355583,-1,-1,-1,0,0
2015-08-17,2015-08-17 00:00:00,Exxon,PILOT TRAVEL CENTERS LLC 103637 WS,MEMPHIS TN (MOC) - 00QE,Reg CBOB,36284,-1,253987,0,-1,0,-1,-1,-1,0,-1,-1,0,w1,-1,0,-1,54426,-1,355582,-1,-1,-1,100,100,100,-1,-1,-1,-1,-1,w3,1,2015-08-20 00:00:00,-1,-1,-1,36284,-1,-1,-1,-1,-1,-1,-1,-1,-1,-1,-1,-1,-1,-1,-1,-1,54426,-1,355582,36284,-1,253987,False,False,0,0,0,54427,-1,355583,-1,-1,-1,0,0
2015-08-18,2015-08-18 00:00:00,Exxon,PILOT TRAVEL CENTERS LLC 103637 WS,MEMPHIS TN (MOC) - 00QE,Reg CBOB,36284,-1,253987,0,23900,0,23900,23900,-1,0,-1,309849,0,w1,23900,0,309849,54426,-1,355582,Available,-1,Available,150,100,140,Below Trend,-1,On Track,08/19 00:00:00 CDT,-1,w3,0,2015-08-20 00:00:00,Contract,-1,Contract,36284,36284,-1,-1,253987,30526,-1,62125,0,-1,0,0,-1,0,1871336,-1,1871337,36284,-1,253987,54426,-1,355582,False,False,0,0,0,30526,-1,45733,-1,-1,-1,0,0
2015-08-19,2015-08-19 00:00:00,Exxon,PILOT TRAVEL CENTERS LLC 103637 WS,MEMPHIS TN (MOC) - 00QE,Reg CBOB,36284,-1,253987,0,55860,0,55860,55860,-1,0,-1,365709,0,w1,55860,0,365709,54426,-1,355582,Out,-1,Out,150,100,140,Above Trend,-1,On Track,08/20 00:00:00 CDT,-1,w3,0,2015-08-20 00:00:00,Contract,-1,Contract,36284,36284,-1,-1,253987,-1434,-1,6265,0,-1,0,0,-1,0,1903548,-1,1903549,36284,-1,253987,54426,-1,355582,False,False,0,0,0,-1434,-1,-10127,-1,-1,-1,0,0
2015-08-20,2015-08-20 00:00:00,Exxon,PILOT TRAVEL CENTERS LLC 103637 WS,MEMPHIS TN (MOC) - 00QE,Reg CBOB,36284,-1,253987,0,65611,0,65611,65611,-1,0,-1,65611,0,w2,65611,0,65611,54426,-1,355582,Out,-1,Out,150,100,140,Above Trend,-1,Above Trend,08/21 00:00:00 CDT,-1,w4,0,2015-08-27 00:00:00,Contract,-1,Contract,36284,36284,-1,-1,253987,0,-1,301156,8000,-1,8000,3185,-1,3185,1946151,-1,1946152,36284,-1,253987,54426,-1,355582,True,True,65611,0,0,-11185,-1,289971,8000,-1,-1,0,0
2015-08-21,2015-08-21 00:00:00,Exxon,PILOT TRAVEL CENTERS LLC 103637 WS,MEMPHIS TN (MOC) - 00QE,Reg CBOB,36284,-1,253987,0,55775,0,55775,55775,-1,0,-1,121386,0,w2,55775,0,121386,54426,-1,355582,Out,-1,Out,150,100,140,On Track,-1,Above Trend,08/22 00:00:00 CDT,-1,w4,0,2015-08-27 00:00:00,Contract,-1,Contract,36284,36284,-1,-1,253987,-1349,-1,245381,0,-1,0,0,-1,0,1985408,-1,1985409,36284,-1,253987,54426,-1,355582,True,True,121386,0,0,-1349,-1,234196,-1,-1,-1,0,0
2015-08-22,2015-08-22 00:00:00,Exxon,PILOT TRAVEL CENTERS LLC 103637 WS,MEMPHIS TN (MOC) - 00QE,Reg CBOB,36284,-1,253987,0,49400,0,49400,49400,-1,0,-1,170786,0,w2,49400,0,170786,54426,-1,355582,Available,-1,Available,150,100,140,On Track,-1,On Track,08/23 00:00:00 CDT,-1,w4,0,2015-08-27 00:00:00,Contract,-1,Contract,36284,36284,-1,-1,253987,5026,-1,195981,0,-1,0,0,-1,0,2022881,-1,2022882,36284,-1,253987,54426,-1,355582,True,True,170786,0,0,5026,-1,184796,-1,-1,-1,0,0
2015-08-23,2015-08-23 00:00:00,Exxon,PILOT TRAVEL CENTERS LLC 103637 WS,MEMPHIS TN (MOC) - 00QE,Reg CBOB,36284,-1,253987,0,47025,0,47025,47025,-1,0,-1,217811,0,w2,47025,0,217811,54426,-1,355582,Available,-1,Available,150,100,140,On Track,-1,On Track,08/24 00:00:00 CDT,-1,w4,0,2015-08-27 00:00:00,Contract,-1,Contract,36284,36284,-1,-1,253987,7401,-1,148956,0,-1,0,0,-1,0,2058916,-1,2058917,36284,-1,253987,54426,-1,355582,True,True,217811,0,0,7401,-1,137771,-1,-1,-1,0,0
2015-08-24,2015-08-24 00:00:00,Exxon,PILOT TRAVEL CENTERS LLC 103637 WS,MEMPHIS TN (MOC) - 00QE,Reg CBOB,36284,-1,253987,3,40206,1,40206,31156,-1,0,-1,258017,0,w2,31156,0,258017,54426,-1,355582,Available,-1,Available,150,100,140,Below Trend,-1,On Track,08/25 00:00:00 CDT,-1,w4,0,2015-08-27 00:00:00,Contract,-1,Contract,36284,36284,-1,-1,253987,23270,-1,108750,0,-1,0,0,-1,0,2096963,-1,2096964,36284,-1,253987,54426,-1,355582,True,True,258017,0,0,14220,-1,97565,-1,-1,-1,0,0
2015-08-25,2015-08-25 00:00:00,Exxon,PILOT TRAVEL CENTERS LLC 103637 WS,MEMPHIS TN (MOC) - 00QE,Reg CBOB,36284,-1,253987,3,42301,1,42301,34501,-1,0,-1,300318,0,w2,34501,0,300318,54426,-1,355582,Available,-1,Available,150,100,140,Below Trend,-1,On Track,08/26 00:00:00 CDT,-1,w4,0,2015-08-27 00:00:00,Contract,-1,Contract,36284,36284,-1,-1,253987,19925,-1,66449,0,-1,0,0,-1,0,2127961,-1,2127962,36284,-1,253987,54426,-1,355582,True,True,300318,0,0,12125,-1,55264,-1,-1,-1,0,0
2015-08-26,2015-08-26 00:00:00,Exxon,PILOT TRAVEL CENTERS LLC 103637 WS,MEMPHIS TN (MOC) - 00QE,Reg CBOB,36284,-1,253987,3,37375,1,37375,33375,-1,0,-1,337693,0,w2,33375,0,337693,54426,-1,355582,Available,-1,Available,150,100,140,Below Trend,-1,On Track,08/27 00:00:00 CDT,-1,w4,0,2015-08-27 00:00:00,Contract,-1,Contract,36284,36284,-1,-1,253987,21051,-1,29074,0,-1,0,0,-1,0,2155550,-1,2155551,36284,-1,253987,54426,-1,355582,True,True,337693,0,0,17051,-1,17889,-1,-1,-1,0,0
2015-08-27,2015-08-27 00:00:00,Exxon,PILOT TRAVEL CENTERS LLC 103637 WS,MEMPHIS TN (MOC) - 00QE,Reg CBOB,36284,-1,253987,0,49457,0,49457,49457,-1,0,-1,49457,0,w3,49457,0,49457,54426,-1,355582,Available,-1,Available,150,100,140,On Track,-1,On Track,08/28 00:00:00 CDT,-1,w5,0,2015-09-03 00:00:00,Contract,-1,Contract,36284,36284,-1,-1,253987,4969,-1,306125,0,-1,0,0,-1,0,2182759,-1,2182760,36284,-1,253987,54426,-1,355582,True,True,49457,0,0,4969,-1,306125,-1,-1,-1,0,0
2015-08-28,2015-08-28 00:00:00,Exxon,PILOT TRAVEL CENTERS LLC 103637 WS,MEMPHIS TN (MOC) - 00QE,Reg CBOB,36284,-1,253987,3,16175,1,16175,7575,-1,0,-1,65632,0,w3,7575,0,65632,54426,-1,355582,Available,-1,Available,150,100,140,Below Trend,-1,On Track,08/29 00:00:00 CDT,-1,w5,0,2015-09-03 00:00:00,Contract,-1,Contract,36284,36284,-1,-1,253987,46851,-1,289950,0,-1,0,0,-1,0,2190883,-1,2190884,36284,-1,253987,54426,-1,355582,True,True,65632,0,0,38251,-1,289950,-1,-1,-1,0,0
2015-08-29,2015-08-29 00:00:00,Exxon,PILOT TRAVEL CENTERS LLC 103637 WS,MEMPHIS TN (MOC) - 00QE,Reg CBOB,36284,-1,253987,3,85501,1,85501,44501,-1,0,-1,151133,0,w3,44501,0,151133,54426,-1,355582,Available,-1,Available,150,100,140,On Track,-1,On Track,08/30 00:00:00 CDT,-1,w5,0,2015-09-03 00:00:00,Contract,-1,Contract,36284,36284,-1,-1,253987,9925,-1,204449,0,-1,0,0,-1,0,2240433,-1,2240434,36284,-1,253987,54426,-1,355582,True,True,151133,0,0,-31075,-1,204449,-1,-1,-1,0,0
2015-08-30,2015-08-30 00:00:00,Exxon,PILOT TRAVEL CENTERS LLC 103637 WS,MEMPHIS TN (MOC) - 00QE,Reg CBOB,36284,-1,253987,0,9200,0,9200,9200,-1,0,-1,160333,0,w3,9200,0,160333,54426,-1,355582,Available,-1,Available,150,100,140,Below Trend,-1,On Track,08/31 00:00:00 CDT,-1,w5,0,2015-09-03 00:00:00,Contract,-1,Contract,50000,50000,-1,-1,350000,45226,-1,195249,0,-1,0,0,-1,0,2248402,-1,2248403,36284,-1,253987,54426,-1,355582,True,True,160333,0,0,45226,-1,195249,-1,-1,-1,0,0
2015-08-31,2015-08-31 00:00:00,Exxon,PILOT TRAVEL CENTERS LLC 103637 WS,MEMPHIS TN (MOC) - 00QE,Reg CBOB,50000,-1,253987,3,62401,1,62401,30601,-1,0,-1,222734,0,w3,30601,0,222734,75000,-1,355582,Available,-1,Available,150,100,140,Below Trend,-1,On Track,09/01 00:00:00 CDT,-1,w5,0,2015-09-03 00:00:00,Contract,-1,Contract,50000,50000,-1,-1,350000,44399,-1,132848,0,-1,0,0,-1,0,2292738,-1,2292739,50000,-1,253987,75000,-1,355582,True,True,222734,0,0,12599,-1,132848,-1,-1,-1,0,0
