,date,supplier_name,account_type,supplier_terminal_name,product_name,base_gallons_Daily,base_gallons_Monthly,base_gallons_Weekly,lifted_gallons_daily_flag,lifted_gallons_daily_modified,Modified_WeeksByLiftedGallons,lifted_gallons_modified_WeeksByLiftedGallons,lifted_gallons_Daily,Lifted_actual_monthly,lifted_gallons_monthly_flag,lifted_gallons_Monthly,Lifted_actual_weekly,lifted_gallons_weekly_flag,WeeksByLiftedGallons,lifted_gallonsWeekly_modified_aposteriori,Modified_LiftedGallonsaposteriori,lifted_gallons_Weekly,beginning_gallons_Daily,beginning_gallons_Monthly,beginning_gallons_Weekly,en_allocation_status_Daily,en_allocation_status_Monthly,en_allocation_status_Weekly,percentage_allocation_Daily,percentage_allocation_Monthly,percentage_allocation_Weekly,alerts_ratability_Daily,alerts_ratability_Monthly,alerts_ratability_Weekly,next_refresh_date_Daily,next_refresh_date_Monthly,Week_switch,Modified_NRD,next_refresh_date_Weekly,en_account_type_Daily,en_account_type_Monthly,en_account_type_Weekly,NRB_Daily,next_refresh_base_gallons_Daily,NRB_Monthly,next_refresh_base_gallons_Monthly,next_refresh_base_gallons_Weekly,remaining_gallons_Daily,remaining_gallons_Monthly,remaining_gallons_Weekly,additional_gallons_allowed_Daily,additional_gallons_allowed_Monthly,additional_gallons_allowed_Weekly,additional_gallons_remaining_Daily,additional_gallons_remaining_Monthly,additional_gallons_remaining_Weekly,staging_id_Daily,staging_id_Monthly,staging_id_Weekly,base_gallons_Daily_Reconciled,base_gallons_Monthly_Reconciled,base_gallons_Weekly_Reconciled,beginning_gallons_Daily_Reconciled,beginning_gallons_Monthly_Reconciled,beginning_gallons_Weekly_Reconciled,sanityWeekly_CumulativeDaily_WeeksByLiftedGallons,sanityWeekly_CumulativeDaily_NextRefreshDate,computedWeekly,computedMonthly,sanityComputedMonthly,remaining_gallons_Daily_Reconciled,remaining_gallons_Monthly_Reconciled,remaining_gallons_Weekly_Reconciled,additional_gallons_remaining_Daily_Reconciled,additional_gallons_remaining_Monthly_Reconciled,additional_gallons_remaining_Weekly_Reconciled,sanityMonthly_CumulativeDaily_WeeksByLiftedGallons,sanityMonthly_CumulativeDaily_WeeksByNextRefreshDate
2015-08-01,2015-08-01 00:00:00,Exxon,PILOT TRAVEL CENTERS LLC 103637 IW,LOCKPORT IL (MOC) - 00MD,ULSD,45391,-1,317735,0,29800,0,29800,29800,-1,0,-1,163423,0,w1,29800,0,163423,68087,-1,444829,Available,-1,Available,150,100,140,Below Trend,-1,On Track,08/02 00:00:00 CDT,-1,w1,0,2015-08-06 00:00:00,Contract,-1,Contract,45391,45391,-1,-1,317735,38287,-1,281406,0,-1,0,0,-1,0,1273480,-1,1273481,45391,-1,317735,68087,-1,444829,True,True,29800,0,0,38287,-1,281406,-1,-1,-1,0,0
2015-08-02,2015-08-02 00:00:00,Exxon,PILOT TRAVEL CENTERS LLC 103637 IW,LOCKPORT IL (MOC) - 00MD,ULSD,45391,-1,317735,0,29852,0,29852,29852,-1,0,-1,193275,0,w1,29852,0,193275,68087,-1,444829,Available,-1,Available,150,100,140,Below Trend,-1,Below Trend,08/03 00:00:00 CDT,-1,w1,0,2015-08-06 00:00:00,Contract,-1,Contract,45391,45391,-1,-1,317735,38235,-1,251554,0,-1,0,0,-1,0,1303439,-1,1303440,45391,-1,317735,68087,-1,444829,True,True,59652,0,0,38235,-1,251554,-1,-1,-1,0,0
2015-08-03,2015-08-03 00:00:00,Exxon,PILOT TRAVEL CENTERS LLC 103637 IW,LOCKPORT IL (MOC) - 00MD,ULSD,45391,-1,317735,0,52012,0,52012,52012,-1,0,-1,245287,0,w1,52012,0,245287,68087,-1,444829,Available,-1,Available,150,100,140,Below Trend,-1,Below Trend,08/04 00:00:00 CDT,-1,w1,0,2015-08-06 00:00:00,Contract,-1,Contract,45391,45391,-1,-1,317735,16075,-1,199542,0,-1,0,0,-1,0,1332758,-1,1332759,45391,-1,317735,68087,-1,444829,True,True,111664,0,0,16075,-1,199542,-1,-1,-1,0,0
2015-08-04,2015-08-04 00:00:00,Exxon,PILOT TRAVEL CENTERS LLC 103637 IW,LOCKPORT IL (MOC) - 00MD,ULSD,45391,-1,317735,0,74279,0,74279,74279,-1,0,-1,319566,0,w1,74279,0,319566,68087,-1,444829,Out,-1,Out,150,100,140,On Track,-1,On Track,08/05 00:00:00 CDT,-1,w1,0,2015-08-06 00:00:00,Contract,-1,Contract,45391,45391,-1,-1,317735,-6193,-1,125263,0,-1,0,0,-1,0,1362942,-1,1362943,45391,-1,317735,68087,-1,444829,True,True,185943,0,0,-6192,-1,125263,-1,-1,-1,0,0
2015-08-05,2015-08-05 00:00:00,Exxon,PILOT TRAVEL CENTERS LLC 103637 IW,LOCKPORT IL (MOC) - 00MD,ULSD,45391,-1,317735,0,74627,0,74627,74627,-1,0,-1,394193,0,w1,74627,0,394193,68087,-1,444829,Out,-1,Out,150,100,140,On Track,-1,On Track,08/06 00:00:00 CDT,-1,w1,0,2015-08-06 00:00:00,Contract,-1,Contract,45391,45391,-1,-1,317735,-6541,-1,50636,0,-1,0,0,-1,0,1394108,-1,1394109,45391,-1,317735,68087,-1,444829,True,True,260570,0,0,-6540,-1,50636,-1,-1,-1,0,0
2015-08-06,2015-08-06 00:00:00,Exxon,PILOT TRAVEL CENTERS LLC 103637 IW,LOCKPORT IL (MOC) - 00MD,ULSD,45391,-1,317735,0,44661,0,44661,44661,-1,0,-1,44661,0,w2,44661,0,44661,68087,-1,444829,Available,-1,Available,150,100,140,Below Trend,-1,Below Trend,08/07 00:00:00 CDT,-1,w2,0,2015-08-13 00:00:00,Contract,-1,Contract,45391,45391,-1,-1,317735,23426,-1,400168,0,-1,0,0,-1,0,1428298,-1,1428299,45391,-1,317735,68087,-1,444829,True,True,44661,0,0,23426,-1,400168,-1,-1,-1,0,0
2015-08-07,2015-08-07 00:00:00,Exxon,PILOT TRAVEL CENTERS LLC 103637 IW,LOCKPORT IL (MOC) - 00MD,ULSD,45391,-1,317735,0,67159,0,67159,67159,-1,0,-1,111820,0,w2,67159,0,111820,68087,-1,444829,Available,-1,Available,150,100,140,On Track,-1,On Track,08/08 00:00:00 CDT,-1,w2,0,2015-08-13 00:00:00,Contract,-1,Contract,45391,45391,-1,-1,317735,928,-1,333009,0,-1,0,0,-1,0,1462810,-1,1462811,45391,-1,317735,68087,-1,444829,True,True,111820,0,0,928,-1,333009,-1,-1,-1,0,0
2015-08-08,2015-08-08 00:00:00,Exxon,PILOT TRAVEL CENTERS LLC 103637 IW,LOCKPORT IL (MOC) - 00MD,ULSD,45391,-1,317735,0,59456,0,59456,59456,-1,0,-1,171276,0,w2,59456,0,171276,68087,-1,444829,Available,-1,Available,150,100,140,On Track,-1,On Track,08/09 00:00:00 CDT,-1,w2,0,2015-08-13 00:00:00,Contract,-1,Contract,45391,45391,-1,-1,317735,8631,-1,273553,0,-1,0,0,-1,0,1497099,-1,1497100,45391,-1,317735,68087,-1,444829,True,True,171276,0,0,8631,-1,273553,-1,-1,-1,0,0
2015-08-09,2015-08-09 00:00:00,Exxon,PILOT TRAVEL CENTERS LLC 103637 IW,LOCKPORT IL (MOC) - 00MD,ULSD,45391,-1,317735,0,29861,0,29861,29861,-1,0,-1,201137,0,w2,29861,0,201137,68087,-1,444829,Available,-1,Available,150,100,140,Below Trend,-1,Below Trend,08/10 00:00:00 CDT,-1,w2,0,2015-08-13 00:00:00,Contract,-1,Contract,45391,45391,-1,-1,317735,38226,-1,243692,0,-1,0,0,-1,0,1530784,-1,1530785,45391,-1,317735,68087,-1,444829,True,True,201137,0,0,38226,-1,243692,-1,-1,-1,0,0
2015-08-10,2015-08-10 00:00:00,Exxon,PILOT TRAVEL CENTERS LLC 103637 IW,LOCKPORT IL (MOC) - 00MD,ULSD,45391,-1,317735,3,44407,1,44407,36957,-1,0,-1,245544,0,w2,36957,0,245544,68087,-1,444829,Available,-1,Available,150,100,140,Below Trend,-1,Below Trend,08/11 00:00:00 CDT,-1,w2,0,2015-08-13 00:00:00,Contract,-1,Contract,45391,45391,-1,-1,317735,31130,-1,199285,0,-1,0,0,-1,0,1563891,-1,1563892,45391,-1,317735,68087,-1,444829,True,True,245544,0,0,23680,-1,199285,-1,-1,-1,0,0
2015-08-11,2015-08-11 00:00:00,Exxon,PILOT TRAVEL CENTERS LLC 103637 IW,LOCKPORT IL (MOC) - 00MD,ULSD,45391,-1,317735,0,67109,0,67109,67109,-1,0,-1,312653,0,w2,67109,0,312653,68087,-1,444829,Available,-1,Available,150,100,140,On Track,-1,On Track,08/12 00:00:00 CDT,-1,w2,0,2015-08-13 00:00:00,Contract,-1,Contract,45391,45391,-1,-1,317735,978,-1,132176,0,-1,0,0,-1,0,1595631,-1,1595632,45391,-1,317735,68087,-1,444829,True,True,312653,0,0,978,-1,132176,-1,-1,-1,0,0
2015-08-12,2015-08-12 00:00:00,Exxon,PILOT TRAVEL CENTERS LLC 103637 IW,LOCKPORT IL (MOC) - 00MD,ULSD,45391,-1,317735,0,59681,0,59681,59681,-1,0,-1,372334,0,w2,59681,0,372334,68087,-1,444829,Available,-1,Available,150,100,140,On Track,-1,On Track,08/13 00:00:00 CDT,-1,w2,0,2015-08-13 00:00:00,Contract,-1,Contract,45391,45391,-1,-1,317735,8406,-1,72495,0,-1,0,0,-1,0,1636136,-1,1636137,45391,-1,317735,68087,-1,444829,True,True,372334,0,0,8406,-1,72495,-1,-1,-1,0,0
2015-08-13,2015-08-13 00:00:00,Exxon,PILOT TRAVEL CENTERS LLC 103637 IW,LOCKPORT IL (MOC) - 00MD,ULSD,45391,-1,317735,0,22350,0,22350,22350,-1,0,-1,22350,0,w3,22350,0,22350,68087,-1,444829,Available,-1,Available,150,100,140,On Track,-1,On Track,08/14 00:00:00 CDT,-1,w3,0,2015-08-20 00:00:00,Contract,-1,Contract,45391,45391,-1,-1,317735,45737,-1,422479,0,-1,0,0,-1,0,1648160,-1,1648161,45391,-1,317735,68087,-1,444829,True,True,0,0,0,45737,-1,422479,-1,-1,-1,0,0
2015-08-14,2015-08-14 00:00:00,Exxon,PILOT TRAVEL CENTERS LLC 103637 IW,LOCKPORT IL (MOC) - 00MD,ULSD,45391,-1,317735,0,-1,0,-1,-1,-1,0,-1,-1,0,w4,-1,0,-1,68087,-1,444829,-1,-1,-1,100,100,100,-1,-1,-1,-1,-1,w3,1,2015-08-20 00:00:00,-1,-1,-1,45391,-1,-1,-1,-1,-1,-1,-1,-1,-1,-1,-1,-1,-1,-1,-1,-1,68087,-1,444829,45391,-1,317735,True,False,0,0,0,68088,-1,444830,-1,-1,-1,0,0
2015-08-15,2015-08-15 00:00:00,Exxon,PILOT TRAVEL CENTERS LLC 103637 IW,LOCKPORT IL (MOC) - 00MD,ULSD,45391,-1,317735,0,-1,0,-1,-1,-1,0,-1,-1,0,w4,-1,0,-1,68087,-1,444829,-1,-1,-1,100,100,100,-1,-1,-1,-1,-1,w3,1,2015-08-20 00:00:00,-1,-1,-1,45391,-1,-1,-1,-1,-1,-1,-1,-1,-1,-1,-1,-1,-1,-1,-1,-1,68087,-1,444829,45391,-1,317735,False,False,0,0,0,68088,-1,444830,-1,-1,-1,0,0
2015-08-16,2015-08-16 00:00:00,Exxon,PILOT TRAVEL CENTERS LLC 103637 IW,LOCKPORT IL (MOC) - 00MD,ULSD,45391,-1,317735,0,-1,0,-1,-1,-1,0,-1,-1,0,w4,-1,0,-1,68087,-1,444829,-1,-1,-1,100,100,100,-1,-1,-1,-1,-1,w3,1,2015-08-20 00:00:00,-1,-1,-1,45391,-1,-1,-1,-1,-1,-1,-1,-1,-1,-1,-1,-1,-1,-1,-1,-1,68087,-1,444829,45391,-1,317735,False,False,0,0,0,68088,-1,444830,-1,-1,-1,0,0
2015-08-17,2015-08-17 00:00:00,Exxon,PILOT TRAVEL CENTERS LLC 103637 IW,LOCKPORT IL (MOC) - 00MD,ULSD,45391,-1,317735,0,-1,0,-1,-1,-1,0,-1,-1,0,w4,-1,0,-1,68087,-1,444829,-1,-1,-1,100,100,100,-1,-1,-1,-1,-1,w3,1,2015-08-20 00:00:00,-1,-1,-1,45391,-1,-1,-1,-1,-1,-1,-1,-1,-1,-1,-1,-1,-1,-1,-1,-1,68087,-1,444829,45391,-1,317735,False,False,0,0,0,68088,-1,444830,-1,-1,-1,0,0
2015-08-18,2015-08-18 00:00:00,Exxon,PILOT TRAVEL CENTERS LLC 103637 IW,LOCKPORT IL (MOC) - 00MD,ULSD,45391,-1,317735,0,-1,0,-1,-1,-1,0,-1,-1,0,w4,-1,0,-1,68087,-1,444829,-1,-1,-1,100,100,100,-1,-1,-1,-1,-1,w3,1,2015-08-20 00:00:00,-1,-1,-1,45391,-1,-1,-1,-1,-1,-1,-1,-1,-1,-1,-1,-1,-1,-1,-1,-1,68087,-1,444829,45391,-1,317735,False,False,0,0,0,68088,-1,444830,-1,-1,-1,0,0
2015-08-19,2015-08-19 00:00:00,Exxon,PILOT TRAVEL CENTERS LLC 103637 IW,LOCKPORT IL (MOC) - 00MD,ULSD,45391,-1,317735,0,-1,0,-1,-1,-1,0,-1,-1,0,w4,-1,0,-1,68087,-1,444829,-1,-1,-1,100,100,100,-1,-1,-1,-1,-1,w3,1,2015-08-20 00:00:00,-1,-1,-1,45391,-1,-1,-1,-1,-1,-1,-1,-1,-1,-1,-1,-1,-1,-1,-1,-1,68087,-1,444829,45391,-1,317735,False,False,0,0,0,68088,-1,444830,-1,-1,-1,0,0
2015-08-20,2015-08-20 00:00:00,Exxon,PILOT TRAVEL CENTERS LLC 103637 IW,LOCKPORT IL (MOC) - 00MD,ULSD,45391,-1,317735,0,-1,0,-1,-1,-1,0,-1,-1,0,w4,-1,0,-1,68087,-1,444829,-1,-1,-1,100,100,100,-1,-1,-1,-1,-1,w4,1,2015-08-27 00:00:00,-1,-1,-1,45391,-1,-1,-1,-1,-1,-1,-1,-1,-1,-1,-1,-1,-1,-1,-1,-1,68087,-1,444829,45391,-1,317735,False,True,0,0,0,68088,-1,444830,-1,-1,-1,0,0
2015-08-21,2015-08-21 00:00:00,Exxon,PILOT TRAVEL CENTERS LLC 103637 IW,LOCKPORT IL (MOC) - 00MD,ULSD,45391,-1,317735,0,-1,0,-1,-1,-1,0,-1,-1,0,w4,-1,0,-1,68087,-1,444829,-1,-1,-1,100,100,100,-1,-1,-1,-1,-1,w4,1,2015-08-27 00:00:00,-1,-1,-1,45391,-1,-1,-1,-1,-1,-1,-1,-1,-1,-1,-1,-1,-1,-1,-1,-1,68087,-1,444829,45391,-1,317735,False,False,0,0,0,68088,-1,444830,-1,-1,-1,0,0
2015-08-22,2015-08-22 00:00:00,Exxon,PILOT TRAVEL CENTERS LLC 103637 IW,LOCKPORT IL (MOC) - 00MD,ULSD,45391,-1,317735,0,-1,0,-1,-1,-1,0,-1,-1,0,w4,-1,0,-1,68087,-1,444829,-1,-1,-1,100,100,100,-1,-1,-1,-1,-1,w4,1,2015-08-27 00:00:00,-1,-1,-1,45391,-1,-1,-1,-1,-1,-1,-1,-1,-1,-1,-1,-1,-1,-1,-1,-1,68087,-1,444829,45391,-1,317735,False,False,0,0,0,68088,-1,444830,-1,-1,-1,0,0
2015-08-23,2015-08-23 00:00:00,Exxon,PILOT TRAVEL CENTERS LLC 103637 IW,LOCKPORT IL (MOC) - 00MD,ULSD,45391,-1,317735,0,-1,0,-1,-1,-1,0,-1,-1,0,w4,-1,0,-1,68087,-1,444829,-1,-1,-1,100,100,100,-1,-1,-1,-1,-1,w4,1,2015-08-27 00:00:00,-1,-1,-1,45391,-1,-1,-1,-1,-1,-1,-1,-1,-1,-1,-1,-1,-1,-1,-1,-1,68087,-1,444829,45391,-1,317735,False,False,0,0,0,68088,-1,444830,-1,-1,-1,0,0
2015-08-24,2015-08-24 00:00:00,Exxon,PILOT TRAVEL CENTERS LLC 103637 IW,LOCKPORT IL (MOC) - 00MD,ULSD,45391,-1,317735,0,-1,0,-1,-1,-1,0,-1,-1,0,w4,-1,0,-1,68087,-1,444829,-1,-1,-1,100,100,100,-1,-1,-1,-1,-1,w4,1,2015-08-27 00:00:00,-1,-1,-1,45391,-1,-1,-1,-1,-1,-1,-1,-1,-1,-1,-1,-1,-1,-1,-1,-1,68087,-1,444829,45391,-1,317735,False,False,0,0,0,68088,-1,444830,-1,-1,-1,0,0
2015-08-25,2015-08-25 00:00:00,Exxon,PILOT TRAVEL CENTERS LLC 103637 IW,LOCKPORT IL (MOC) - 00MD,ULSD,45391,-1,317735,0,-1,0,-1,-1,-1,0,-1,-1,0,w4,-1,0,-1,68087,-1,444829,-1,-1,-1,100,100,100,-1,-1,-1,-1,-1,w4,1,2015-08-27 00:00:00,-1,-1,-1,45391,-1,-1,-1,-1,-1,-1,-1,-1,-1,-1,-1,-1,-1,-1,-1,-1,68087,-1,444829,45391,-1,317735,False,False,0,0,0,68088,-1,444830,-1,-1,-1,0,0
2015-08-26,2015-08-26 00:00:00,Exxon,PILOT TRAVEL CENTERS LLC 103637 IW,LOCKPORT IL (MOC) - 00MD,ULSD,45391,-1,317735,0,-1,0,-1,-1,-1,0,-1,-1,0,w4,-1,0,-1,68087,-1,444829,-1,-1,-1,100,100,100,-1,-1,-1,-1,-1,w4,1,2015-08-27 00:00:00,-1,-1,-1,45391,-1,-1,-1,-1,-1,-1,-1,-1,-1,-1,-1,-1,-1,-1,-1,-1,68087,-1,444829,45391,-1,317735,False,False,0,0,0,68088,-1,444830,-1,-1,-1,0,0
2015-08-27,2015-08-27 00:00:00,Exxon,PILOT TRAVEL CENTERS LLC 103637 IW,LOCKPORT IL (MOC) - 00MD,ULSD,45391,-1,317735,0,-1,0,-1,-1,-1,0,-1,-1,0,w4,-1,0,-1,68087,-1,444829,-1,-1,-1,100,100,100,-1,-1,-1,-1,-1,w5,1,2015-09-03 00:00:00,-1,-1,-1,45391,-1,-1,-1,-1,-1,-1,-1,-1,-1,-1,-1,-1,-1,-1,-1,-1,68087,-1,444829,45391,-1,317735,False,True,0,0,0,68088,-1,444830,-1,-1,-1,0,0
2015-08-28,2015-08-28 00:00:00,Exxon,PILOT TRAVEL CENTERS LLC 103637 IW,LOCKPORT IL (MOC) - 00MD,ULSD,45391,-1,317735,0,-1,0,-1,-1,-1,0,-1,-1,0,w4,-1,0,-1,68087,-1,444829,-1,-1,-1,100,100,100,-1,-1,-1,-1,-1,w5,1,2015-09-03 00:00:00,-1,-1,-1,45391,-1,-1,-1,-1,-1,-1,-1,-1,-1,-1,-1,-1,-1,-1,-1,-1,68087,-1,444829,45391,-1,317735,False,False,0,0,0,68088,-1,444830,-1,-1,-1,0,0
2015-08-29,2015-08-29 00:00:00,Exxon,PILOT TRAVEL CENTERS LLC 103637 IW,LOCKPORT IL (MOC) - 00MD,ULSD,45391,-1,317735,0,-1,0,-1,-1,-1,0,-1,-1,0,w4,-1,0,-1,68087,-1,444829,-1,-1,-1,100,100,100,-1,-1,-1,-1,-1,w5,1,2015-09-03 00:00:00,-1,-1,-1,45391,-1,-1,-1,-1,-1,-1,-1,-1,-1,-1,-1,-1,-1,-1,-1,-1,68087,-1,444829,45391,-1,317735,False,False,0,0,0,68088,-1,444830,-1,-1,-1,0,0
2015-08-30,2015-08-30 00:00:00,Exxon,PILOT TRAVEL CENTERS LLC 103637 IW,LOCKPORT IL (MOC) - 00MD,ULSD,45391,-1,317735,0,-1,0,-1,-1,-1,0,-1,-1,0,w4,-1,0,-1,68087,-1,444829,-1,-1,-1,100,100,100,-1,-1,-1,-1,-1,w5,1,2015-09-03 00:00:00,-1,-1,-1,45391,-1,-1,-1,-1,-1,-1,-1,-1,-1,-1,-1,-1,-1,-1,-1,-1,68087,-1,444829,45391,-1,317735,False,False,0,0,0,68088,-1,444830,-1,-1,-1,0,0
2015-08-31,2015-08-31 00:00:00,Exxon,PILOT TRAVEL CENTERS LLC 103637 IW,LOCKPORT IL (MOC) - 00MD,ULSD,45391,-1,317735,0,-1,0,-1,-1,-1,0,-1,-1,0,w4,-1,0,-1,68087,-1,444829,-1,-1,-1,100,100,100,-1,-1,-1,-1,-1,w5,1,2015-09-03 00:00:00,-1,-1,-1,45391,-1,-1,-1,-1,-1,-1,-1,-1,-1,-1,-1,-1,-1,-1,-1,-1,68087,-1,444829,45391,-1,317735,False,False,0,0,0,68088,-1,444830,-1,-1,-1,0,0
