,date,supplier_name,account_type,supplier_terminal_name,product_name,base_gallons_Daily,base_gallons_Monthly,base_gallons_Weekly,lifted_gallons_daily_flag,lifted_gallons_daily_modified,Modified_WeeksByLiftedGallons,lifted_gallons_modified_WeeksByLiftedGallons,lifted_gallons_Daily,Lifted_actual_monthly,lifted_gallons_monthly_flag,lifted_gallons_Monthly,Lifted_actual_weekly,lifted_gallons_weekly_flag,WeeksByLiftedGallons,lifted_gallonsWeekly_modified_aposteriori,Modified_LiftedGallonsaposteriori,lifted_gallons_Weekly,beginning_gallons_Daily,beginning_gallons_Monthly,beginning_gallons_Weekly,en_allocation_status_Daily,en_allocation_status_Monthly,en_allocation_status_Weekly,percentage_allocation_Daily,percentage_allocation_Monthly,percentage_allocation_Weekly,alerts_ratability_Daily,alerts_ratability_Monthly,alerts_ratability_Weekly,next_refresh_date_Daily,next_refresh_date_Monthly,Week_switch,Modified_NRD,next_refresh_date_Weekly,en_account_type_Daily,en_account_type_Monthly,en_account_type_Weekly,NRB_Daily,next_refresh_base_gallons_Daily,NRB_Monthly,next_refresh_base_gallons_Monthly,next_refresh_base_gallons_Weekly,remaining_gallons_Daily,remaining_gallons_Monthly,remaining_gallons_Weekly,additional_gallons_allowed_Daily,additional_gallons_allowed_Monthly,additional_gallons_allowed_Weekly,additional_gallons_remaining_Daily,additional_gallons_remaining_Monthly,additional_gallons_remaining_Weekly,staging_id_Daily,staging_id_Monthly,staging_id_Weekly,base_gallons_Daily_Reconciled,base_gallons_Monthly_Reconciled,base_gallons_Weekly_Reconciled,beginning_gallons_Daily_Reconciled,beginning_gallons_Monthly_Reconciled,beginning_gallons_Weekly_Reconciled,sanityWeekly_CumulativeDaily_WeeksByLiftedGallons,sanityWeekly_CumulativeDaily_NextRefreshDate,computedWeekly,computedMonthly,sanityComputedMonthly,remaining_gallons_Daily_Reconciled,remaining_gallons_Monthly_Reconciled,remaining_gallons_Weekly_Reconciled,additional_gallons_remaining_Daily_Reconciled,additional_gallons_remaining_Monthly_Reconciled,additional_gallons_remaining_Weekly_Reconciled,sanityMonthly_CumulativeDaily_WeeksByLiftedGallons,sanityMonthly_CumulativeDaily_WeeksByNextRefreshDate
2015-08-01,2015-08-01 00:00:00,Exxon,PILOT TRAVEL CENTERS LLC 103637 IW,COLTON CA KM TP - 00WM,Premium Conventional / E10,2104,65223,14728,1,0,0,0,0,0,0,0,1200,1,w1,0,0,0,2104,65223,14728,Available,Available,Available,100,100,100,Below Trend,Below Trend,Below Trend,08/02 00:00:00 PDT,09/01 00:00:00 PDT,w1,0,2015-08-06 00:00:00,Contract,Contract,Contract,2104,2104,65223,65223,14728,2104,65223,13528,0,0,0,0,0,0,1273465,1273467,1273466,2104,65223,14728,2104,65223,14728,True,True,0,0,1,2104,65223,14728,-1,-1,-1,1,1
2015-08-02,2015-08-02 00:00:00,Exxon,PILOT TRAVEL CENTERS LLC 103637 IW,COLTON CA KM TP - 00WM,Premium Conventional / E10,2104,65223,14728,1,1200,0,1200,1200,1200,0,1200,2400,1,w1,1200,0,1200,2104,65223,14728,Available,Available,Available,100,100,100,Below Trend,Below Trend,Below Trend,08/03 00:00:00 PDT,09/01 00:00:00 PDT,w1,0,2015-08-06 00:00:00,Contract,Contract,Contract,2104,2104,65223,65223,14728,904,64023,12328,0,0,0,0,0,0,1303424,1303426,1303425,2104,65223,14728,2104,65223,14728,True,True,1200,0,0,904,64023,13528,-1,-1,-1,1,1
2015-08-03,2015-08-03 00:00:00,Exxon,PILOT TRAVEL CENTERS LLC 103637 IW,COLTON CA KM TP - 00WM,Premium Conventional / E10,2104,65223,14728,1,9300,0,9300,9300,10500,0,10500,11700,1,w1,9300,0,10500,2104,65223,14728,Out,Out,Out,100,100,100,Above Trend,Above Trend,On Track,08/04 00:00:00 PDT,09/01 00:00:00 PDT,w1,0,2015-08-06 00:00:00,Contract,Contract,Contract,2104,2104,65223,65223,14728,-7196,54723,3028,0,0,0,0,0,0,1332743,1332745,1332744,2104,65223,14728,2104,65223,14728,True,True,10500,0,0,-7196,54723,4228,-1,-1,-1,1,1
2015-08-04,2015-08-04 00:00:00,Exxon,PILOT TRAVEL CENTERS LLC 103637 IW,COLTON CA KM TP - 00WM,Premium Conventional / E10,2104,65223,14728,1,2600,0,2600,2600,13100,0,13100,14300,1,w1,2600,0,13100,2104,65223,14728,Out,Out,Out,100,100,100,Above Trend,Above Trend,On Track,08/05 00:00:00 PDT,09/01 00:00:00 PDT,w1,0,2015-08-06 00:00:00,Contract,Contract,Contract,2104,2104,65223,65223,14728,-496,52123,428,0,0,0,0,0,0,1362926,1362928,1362927,2104,65223,14728,2104,65223,14728,True,True,13100,0,0,-496,52123,1628,-1,-1,-1,1,1
2015-08-05,2015-08-05 00:00:00,Exxon,PILOT TRAVEL CENTERS LLC 103637 IW,COLTON CA KM TP - 00WM,Premium Conventional / E10,2104,65223,14728,1,1900,0,1900,1900,15000,0,15000,16200,1,w1,1900,0,15000,2104,65223,14728,Out,Out,Out,100,100,100,On Track,Above Trend,On Track,08/06 00:00:00 PDT,09/01 00:00:00 PDT,w1,0,2015-08-06 00:00:00,Contract,Contract,Contract,2104,2104,65223,65223,14728,204,50223,-1472,0,0,0,0,0,0,1394092,1394094,1394093,2104,65223,14728,2104,65223,14728,True,True,15000,0,0,204,50223,-272,-1,-1,-1,1,1
2015-08-06,2015-08-06 00:00:00,Exxon,PILOT TRAVEL CENTERS LLC 103637 IW,COLTON CA KM TP - 00WM,Premium Conventional / E10,2104,65223,14728,1,3004,0,3004,3004,18004,0,18004,3004,1,w2,3004,0,3004,2104,65223,14728,Out,Out,Out,100,100,100,Above Trend,Above Trend,Above Trend,08/07 00:00:00 PDT,09/01 00:00:00 PDT,w2,0,2015-08-13 00:00:00,Contract,Contract,Contract,2104,2104,65223,65223,14728,-900,47219,11724,0,0,0,0,0,0,1428283,1428285,1428284,2104,65223,14728,2104,65223,14728,True,True,3004,0,0,-900,47219,11724,-1,-1,-1,1,1
2015-08-07,2015-08-07 00:00:00,Exxon,PILOT TRAVEL CENTERS LLC 103637 IW,COLTON CA KM TP - 00WM,Premium Conventional / E10,2104,65223,14728,1,10307,0,10307,10307,28311,0,28311,13311,1,w2,10307,0,13311,2104,65223,14728,Out,Out,Out,100,100,100,Above Trend,Above Trend,Above Trend,08/08 00:00:00 PDT,09/01 00:00:00 PDT,w2,0,2015-08-13 00:00:00,Contract,Contract,Contract,2104,2104,65223,65223,14728,-8203,36912,1417,0,0,0,0,0,0,1462795,1462797,1462796,2104,65223,14728,2104,65223,14728,True,True,13311,0,0,-8203,36912,1417,-1,-1,-1,1,1
2015-08-08,2015-08-08 00:00:00,Exxon,PILOT TRAVEL CENTERS LLC 103637 IW,COLTON CA KM TP - 00WM,Premium Conventional / E10,2104,65223,14728,1,2200,0,2200,2200,30511,0,30511,15511,1,w2,2200,0,15511,2104,65223,14728,Out,Out,Out,100,100,100,On Track,Above Trend,Above Trend,08/09 00:00:00 PDT,09/01 00:00:00 PDT,w2,0,2015-08-13 00:00:00,Contract,Contract,Contract,2104,2104,65223,65223,14728,-96,34712,-783,0,0,0,0,0,0,1497084,1497086,1497085,2104,65223,14728,2104,65223,14728,True,True,15511,0,0,-96,34712,-783,-1,-1,-1,1,1
2015-08-09,2015-08-09 00:00:00,Exxon,PILOT TRAVEL CENTERS LLC 103637 IW,COLTON CA KM TP - 00WM,Premium Conventional / E10,2104,65223,14728,1,0,0,0,0,30511,0,30511,15511,1,w2,0,0,15511,2104,65223,14728,Out,Out,Out,100,100,100,Below Trend,Above Trend,Above Trend,08/10 00:00:00 PDT,09/01 00:00:00 PDT,w2,0,2015-08-13 00:00:00,Contract,Contract,Contract,2104,2104,65223,65223,14728,2104,34712,-783,0,0,0,0,0,0,1530769,1530771,1530770,2104,65223,14728,2104,65223,14728,True,True,15511,0,0,2104,34712,-783,-1,-1,-1,1,1
2015-08-10,2015-08-10 00:00:00,Exxon,PILOT TRAVEL CENTERS LLC 103637 IW,COLTON CA KM TP - 00WM,Premium Conventional / E10,2104,65223,14728,1,0,0,0,0,30511,0,30511,15511,1,w2,0,0,15511,2104,65223,14728,Out,Out,Out,100,100,100,Below Trend,Above Trend,Above Trend,08/11 00:00:00 PDT,09/01 00:00:00 PDT,w2,0,2015-08-13 00:00:00,Contract,Contract,Contract,2104,2104,65223,65223,14728,2104,34712,-783,0,0,0,0,0,0,1563876,1563878,1563877,2104,65223,14728,2104,65223,14728,True,True,15511,0,0,2104,34712,-783,-1,-1,-1,1,1
2015-08-11,2015-08-11 00:00:00,Exxon,PILOT TRAVEL CENTERS LLC 103637 IW,COLTON CA KM TP - 00WM,Premium Conventional / E10,2104,65223,14728,1,0,0,0,0,30511,0,30511,15511,1,w2,0,0,15511,2104,65223,14728,Out,Out,Out,100,100,100,Below Trend,Above Trend,Above Trend,08/12 00:00:00 PDT,09/01 00:00:00 PDT,w2,0,2015-08-13 00:00:00,Contract,Contract,Contract,2104,2104,65223,65223,14728,2104,34712,-783,0,0,0,0,0,0,1595616,1595618,1595617,2104,65223,14728,2104,65223,14728,True,True,15511,0,0,2104,34712,-783,-1,-1,-1,1,1
2015-08-12,2015-08-12 00:00:00,Exxon,PILOT TRAVEL CENTERS LLC 103637 IW,COLTON CA KM TP - 00WM,Premium Conventional / E10,2104,65223,14728,1,0,0,0,0,30511,0,30511,15511,1,w2,0,0,15511,2104,65223,14728,Out,Out,Out,100,100,100,Below Trend,Above Trend,On Track,08/13 00:00:00 PDT,09/01 00:00:00 PDT,w2,0,2015-08-13 00:00:00,Contract,Contract,Contract,2104,2104,65223,65223,14728,2104,34712,-783,0,0,0,0,0,0,1636121,1636123,1636122,2104,65223,14728,2104,65223,14728,True,True,15511,0,0,2104,34712,-783,-1,-1,-1,1,1
2015-08-13,2015-08-13 00:00:00,Exxon,PILOT TRAVEL CENTERS LLC 103637 IW,COLTON CA KM TP - 00WM,Premium Conventional / E10,2104,65223,14728,1,0,0,0,0,30511,0,30511,0,1,w3,0,0,0,2104,65223,14728,Available,Available,Available,100,100,100,Below Trend,On Track,Below Trend,08/14 00:00:00 PDT,09/01 00:00:00 PDT,w3,0,2015-08-20 00:00:00,Contract,Contract,Contract,2104,2104,65223,65223,14728,2104,34712,14728,0,0,0,0,0,0,1648145,1648147,1648146,2104,65223,14728,2104,65223,14728,True,True,0,0,0,2104,34712,14728,-1,-1,-1,1,1
2015-08-14,2015-08-14 00:00:00,Exxon,PILOT TRAVEL CENTERS LLC 103637 IW,COLTON CA KM TP - 00WM,Premium Conventional / E10,2104,65223,14728,0,-1,0,-1,-1,-1,0,-1,-1,0,w4,-1,0,-1,2104,65223,14728,-1,-1,-1,100,100,100,-1,-1,-1,-1,-1,w3,1,2015-08-20 00:00:00,-1,-1,-1,2104,-1,65223,-1,-1,-1,-1,-1,-1,-1,-1,-1,-1,-1,-1,-1,-1,2104,65223,14728,2104,65223,14728,True,True,0,0,0,2105,65224,14729,-1,-1,-1,0,0
2015-08-15,2015-08-15 00:00:00,Exxon,PILOT TRAVEL CENTERS LLC 103637 IW,COLTON CA KM TP - 00WM,Premium Conventional / E10,2104,65223,14728,0,-1,0,-1,-1,-1,0,-1,-1,0,w4,-1,0,-1,2104,65223,14728,-1,-1,-1,100,100,100,-1,-1,-1,-1,-1,w3,1,2015-08-20 00:00:00,-1,-1,-1,2104,-1,65223,-1,-1,-1,-1,-1,-1,-1,-1,-1,-1,-1,-1,-1,-1,2104,65223,14728,2104,65223,14728,False,False,0,0,0,2105,65224,14729,-1,-1,-1,0,0
2015-08-16,2015-08-16 00:00:00,Exxon,PILOT TRAVEL CENTERS LLC 103637 IW,COLTON CA KM TP - 00WM,Premium Conventional / E10,2104,65223,14728,0,-1,0,-1,-1,-1,0,-1,-1,0,w4,-1,0,-1,2104,65223,14728,-1,-1,-1,100,100,100,-1,-1,-1,-1,-1,w3,1,2015-08-20 00:00:00,-1,-1,-1,2104,-1,65223,-1,-1,-1,-1,-1,-1,-1,-1,-1,-1,-1,-1,-1,-1,2104,65223,14728,2104,65223,14728,False,False,0,0,0,2105,65224,14729,-1,-1,-1,0,0
2015-08-17,2015-08-17 00:00:00,Exxon,PILOT TRAVEL CENTERS LLC 103637 IW,COLTON CA KM TP - 00WM,Premium Conventional / E10,2104,65223,14728,0,-1,0,-1,-1,-1,0,-1,-1,0,w4,-1,0,-1,2104,65223,14728,-1,-1,-1,100,100,100,-1,-1,-1,-1,-1,w3,1,2015-08-20 00:00:00,-1,-1,-1,2104,-1,65223,-1,-1,-1,-1,-1,-1,-1,-1,-1,-1,-1,-1,-1,-1,2104,65223,14728,2104,65223,14728,False,False,0,0,0,2105,65224,14729,-1,-1,-1,0,0
2015-08-18,2015-08-18 00:00:00,Exxon,PILOT TRAVEL CENTERS LLC 103637 IW,COLTON CA KM TP - 00WM,Premium Conventional / E10,2104,65223,14728,0,-1,0,-1,-1,-1,0,-1,-1,0,w4,-1,0,-1,2104,65223,14728,-1,-1,-1,100,100,100,-1,-1,-1,-1,-1,w3,1,2015-08-20 00:00:00,-1,-1,-1,2104,-1,65223,-1,-1,-1,-1,-1,-1,-1,-1,-1,-1,-1,-1,-1,-1,2104,65223,14728,2104,65223,14728,False,False,0,0,0,2105,65224,14729,-1,-1,-1,0,0
2015-08-19,2015-08-19 00:00:00,Exxon,PILOT TRAVEL CENTERS LLC 103637 IW,COLTON CA KM TP - 00WM,Premium Conventional / E10,2104,65223,14728,0,-1,0,-1,-1,-1,0,-1,-1,0,w4,-1,0,-1,2104,65223,14728,-1,-1,-1,100,100,100,-1,-1,-1,-1,-1,w3,1,2015-08-20 00:00:00,-1,-1,-1,2104,-1,65223,-1,-1,-1,-1,-1,-1,-1,-1,-1,-1,-1,-1,-1,-1,2104,65223,14728,2104,65223,14728,False,False,0,0,0,2105,65224,14729,-1,-1,-1,0,0
2015-08-20,2015-08-20 00:00:00,Exxon,PILOT TRAVEL CENTERS LLC 103637 IW,COLTON CA KM TP - 00WM,Premium Conventional / E10,2104,65223,14728,0,-1,0,-1,-1,-1,0,-1,-1,0,w4,-1,0,-1,2104,65223,14728,-1,-1,-1,100,100,100,-1,-1,-1,-1,-1,w4,1,2015-08-27 00:00:00,-1,-1,-1,2104,-1,65223,-1,-1,-1,-1,-1,-1,-1,-1,-1,-1,-1,-1,-1,-1,2104,65223,14728,2104,65223,14728,False,True,0,0,0,2105,65224,14729,-1,-1,-1,0,0
2015-08-21,2015-08-21 00:00:00,Exxon,PILOT TRAVEL CENTERS LLC 103637 IW,COLTON CA KM TP - 00WM,Premium Conventional / E10,2104,65223,14728,0,-1,0,-1,-1,-1,0,-1,-1,0,w4,-1,0,-1,2104,65223,14728,-1,-1,-1,100,100,100,-1,-1,-1,-1,-1,w4,1,2015-08-27 00:00:00,-1,-1,-1,2104,-1,65223,-1,-1,-1,-1,-1,-1,-1,-1,-1,-1,-1,-1,-1,-1,2104,65223,14728,2104,65223,14728,False,False,0,0,0,2105,65224,14729,-1,-1,-1,0,0
2015-08-22,2015-08-22 00:00:00,Exxon,PILOT TRAVEL CENTERS LLC 103637 IW,COLTON CA KM TP - 00WM,Premium Conventional / E10,2104,65223,14728,0,-1,0,-1,-1,-1,0,-1,-1,0,w4,-1,0,-1,2104,65223,14728,-1,-1,-1,100,100,100,-1,-1,-1,-1,-1,w4,1,2015-08-27 00:00:00,-1,-1,-1,2104,-1,65223,-1,-1,-1,-1,-1,-1,-1,-1,-1,-1,-1,-1,-1,-1,2104,65223,14728,2104,65223,14728,False,False,0,0,0,2105,65224,14729,-1,-1,-1,0,0
2015-08-23,2015-08-23 00:00:00,Exxon,PILOT TRAVEL CENTERS LLC 103637 IW,COLTON CA KM TP - 00WM,Premium Conventional / E10,2104,65223,14728,0,-1,0,-1,-1,-1,0,-1,-1,0,w4,-1,0,-1,2104,65223,14728,-1,-1,-1,100,100,100,-1,-1,-1,-1,-1,w4,1,2015-08-27 00:00:00,-1,-1,-1,2104,-1,65223,-1,-1,-1,-1,-1,-1,-1,-1,-1,-1,-1,-1,-1,-1,2104,65223,14728,2104,65223,14728,False,False,0,0,0,2105,65224,14729,-1,-1,-1,0,0
2015-08-24,2015-08-24 00:00:00,Exxon,PILOT TRAVEL CENTERS LLC 103637 IW,COLTON CA KM TP - 00WM,Premium Conventional / E10,2104,65223,14728,0,-1,0,-1,-1,-1,0,-1,-1,0,w4,-1,0,-1,2104,65223,14728,-1,-1,-1,100,100,100,-1,-1,-1,-1,-1,w4,1,2015-08-27 00:00:00,-1,-1,-1,2104,-1,65223,-1,-1,-1,-1,-1,-1,-1,-1,-1,-1,-1,-1,-1,-1,2104,65223,14728,2104,65223,14728,False,False,0,0,0,2105,65224,14729,-1,-1,-1,0,0
2015-08-25,2015-08-25 00:00:00,Exxon,PILOT TRAVEL CENTERS LLC 103637 IW,COLTON CA KM TP - 00WM,Premium Conventional / E10,2104,65223,14728,0,-1,0,-1,-1,-1,0,-1,-1,0,w4,-1,0,-1,2104,65223,14728,-1,-1,-1,100,100,100,-1,-1,-1,-1,-1,w4,1,2015-08-27 00:00:00,-1,-1,-1,2104,-1,65223,-1,-1,-1,-1,-1,-1,-1,-1,-1,-1,-1,-1,-1,-1,2104,65223,14728,2104,65223,14728,False,False,0,0,0,2105,65224,14729,-1,-1,-1,0,0
2015-08-26,2015-08-26 00:00:00,Exxon,PILOT TRAVEL CENTERS LLC 103637 IW,COLTON CA KM TP - 00WM,Premium Conventional / E10,2104,65223,14728,0,-1,0,-1,-1,-1,0,-1,-1,0,w4,-1,0,-1,2104,65223,14728,-1,-1,-1,100,100,100,-1,-1,-1,-1,-1,w4,1,2015-08-27 00:00:00,-1,-1,-1,2104,-1,65223,-1,-1,-1,-1,-1,-1,-1,-1,-1,-1,-1,-1,-1,-1,2104,65223,14728,2104,65223,14728,False,False,0,0,0,2105,65224,14729,-1,-1,-1,0,0
2015-08-27,2015-08-27 00:00:00,Exxon,PILOT TRAVEL CENTERS LLC 103637 IW,COLTON CA KM TP - 00WM,Premium Conventional / E10,2104,65223,14728,0,-1,0,-1,-1,-1,0,-1,-1,0,w4,-1,0,-1,2104,65223,14728,-1,-1,-1,100,100,100,-1,-1,-1,-1,-1,w5,1,2015-09-03 00:00:00,-1,-1,-1,2104,-1,65223,-1,-1,-1,-1,-1,-1,-1,-1,-1,-1,-1,-1,-1,-1,2104,65223,14728,2104,65223,14728,False,True,0,0,0,2105,65224,14729,-1,-1,-1,0,0
2015-08-28,2015-08-28 00:00:00,Exxon,PILOT TRAVEL CENTERS LLC 103637 IW,COLTON CA KM TP - 00WM,Premium Conventional / E10,2104,65223,14728,0,-1,0,-1,-1,-1,0,-1,-1,0,w4,-1,0,-1,2104,65223,14728,-1,-1,-1,100,100,100,-1,-1,-1,-1,-1,w5,1,2015-09-03 00:00:00,-1,-1,-1,2104,-1,65223,-1,-1,-1,-1,-1,-1,-1,-1,-1,-1,-1,-1,-1,-1,2104,65223,14728,2104,65223,14728,False,False,0,0,0,2105,65224,14729,-1,-1,-1,0,0
2015-08-29,2015-08-29 00:00:00,Exxon,PILOT TRAVEL CENTERS LLC 103637 IW,COLTON CA KM TP - 00WM,Premium Conventional / E10,2104,65223,14728,0,-1,0,-1,-1,-1,0,-1,-1,0,w4,-1,0,-1,2104,65223,14728,-1,-1,-1,100,100,100,-1,-1,-1,-1,-1,w5,1,2015-09-03 00:00:00,-1,-1,-1,2104,-1,65223,-1,-1,-1,-1,-1,-1,-1,-1,-1,-1,-1,-1,-1,-1,2104,65223,14728,2104,65223,14728,False,False,0,0,0,2105,65224,14729,-1,-1,-1,0,0
2015-08-30,2015-08-30 00:00:00,Exxon,PILOT TRAVEL CENTERS LLC 103637 IW,COLTON CA KM TP - 00WM,Premium Conventional / E10,2104,65223,14728,0,-1,0,-1,-1,-1,0,-1,-1,0,w4,-1,0,-1,2104,65223,14728,-1,-1,-1,100,100,100,-1,-1,-1,-1,-1,w5,1,2015-09-03 00:00:00,-1,-1,-1,2104,-1,65223,-1,-1,-1,-1,-1,-1,-1,-1,-1,-1,-1,-1,-1,-1,2104,65223,14728,2104,65223,14728,False,False,0,0,0,2105,65224,14729,-1,-1,-1,0,0
2015-08-31,2015-08-31 00:00:00,Exxon,PILOT TRAVEL CENTERS LLC 103637 IW,COLTON CA KM TP - 00WM,Premium Conventional / E10,2104,65223,14728,0,-1,0,-1,-1,-1,0,-1,-1,0,w4,-1,0,-1,2104,65223,14728,-1,-1,-1,100,100,100,-1,-1,-1,-1,-1,w5,1,2015-09-03 00:00:00,-1,-1,-1,2104,-1,65223,-1,-1,-1,-1,-1,-1,-1,-1,-1,-1,-1,-1,-1,-1,2104,65223,14728,2104,65223,14728,False,False,0,0,0,2105,65224,14729,-1,-1,-1,0,0
