,date,supplier_name,account_type,supplier_terminal_name,product_name,base_gallons_Daily,base_gallons_Monthly,base_gallons_Weekly,lifted_gallons_daily_flag,lifted_gallons_daily_modified,Modified_WeeksByLiftedGallons,lifted_gallons_modified_WeeksByLiftedGallons,lifted_gallons_Daily,Lifted_actual_monthly,lifted_gallons_monthly_flag,lifted_gallons_Monthly,Lifted_actual_weekly,lifted_gallons_weekly_flag,WeeksByLiftedGallons,lifted_gallonsWeekly_modified_aposteriori,Modified_LiftedGallonsaposteriori,lifted_gallons_Weekly,beginning_gallons_Daily,beginning_gallons_Monthly,beginning_gallons_Weekly,en_allocation_status_Daily,en_allocation_status_Monthly,en_allocation_status_Weekly,percentage_allocation_Daily_actual,percentage_allocation_Daily,percentage_allocation_Monthly_actual,percentage_allocation_Monthly,percentage_allocation_Weekly_actual,percentage_allocation_Weekly,alerts_ratability_Daily,alerts_ratability_Monthly,alerts_ratability_Weekly,next_refresh_date_Daily,next_refresh_date_Monthly,Week_switch,Modified_NRD,next_refresh_date_Weekly,en_account_type_Daily,en_account_type_Monthly,en_account_type_Weekly,NRB_Daily,next_refresh_base_gallons_Daily,NRB_Monthly,next_refresh_base_gallons_Monthly,next_refresh_base_gallons_Weekly,remaining_gallons_Daily,remaining_gallons_Monthly,remaining_gallons_Weekly,additional_gallons_allowed_Daily,additional_gallons_allowed_Monthly,additional_gallons_allowed_Weekly,additional_gallons_remaining_Daily,additional_gallons_remaining_Monthly,additional_gallons_remaining_Weekly,staging_id_Daily,staging_id_Monthly,staging_id_Weekly,base_gallons_Daily_Reconciled,base_gallons_Monthly_Reconciled,base_gallons_Weekly_Reconciled,beginning_gallons_Daily_Reconciled,beginning_gallons_Monthly_Reconciled,beginning_gallons_Weekly_Reconciled,sanityWeekly_CumulativeDaily_WeeksByLiftedGallons,sanityWeekly_CumulativeDaily_NextRefreshDate,computedWeekly,computedMonthly,sanityComputedMonthly,remaining_gallons_Daily_Reconciled,remaining_gallons_Monthly_Reconciled,remaining_gallons_Weekly_Reconciled,additional_gallons_remaining_Daily_Reconciled,additional_gallons_remaining_Monthly_Reconciled,additional_gallons_remaining_Weekly_Reconciled,sanityMonthly_CumulativeDaily_WeeksByLiftedGallons,sanityMonthly_CumulativeDaily_WeeksByNextRefreshDate
2015-07-01,2015-07-01 00:00:00,Chevron,PILOT TRAVEL CENTERS LLC : CHV7460761,1043 MONTEBELLO CA TRM CHEVRON,DIESEL #2,38691,1199406,270834,1,37899,0,37899,37899,37899,0,37899,37899,1,w1,37899,0,37899,58037,1319347,338543,Limited,Available,Available,150%,150,110%,110,125%,125,On Target,Above Trend,Above Trend,07/02 00:00:00 PDT,08/01 00:00:00 PDT,w1,0,2015-07-08 00:00:00,Contract,Contract,Contract,38691,38691,1199406,1199406,270834,20138,1281448,300644,0,0,0,0,0,0,508010,508012,508011,38600,1199400,270800,58036,1319346,338542,True,True,37899,37899,1,20138,1281448,300644,-1,-1,-1,1,1
2015-07-02,2015-07-02 00:00:00,Chevron,PILOT TRAVEL CENTERS LLC : CHV7460761,1043 MONTEBELLO CA TRM CHEVRON,DIESEL #2,38691,1199406,270834,1,30304,1,30304,22704,68203,0,68203,68203,1,w1,22704,0,68203,58037,1319347,338543,Available,Available,Available,150%,150,110%,110,125%,125,On Target,Above Trend,Above Trend,07/03 00:00:00 PDT,08/01 00:00:00 PDT,w1,0,2015-07-08 00:00:00,Contract,Contract,Contract,38691,38691,1199406,1199406,270834,35333,1251144,270340,0,0,0,0,0,0,527085,527087,527086,38600,1199400,270800,58036,1319346,338542,True,True,68203,68203,1,27733,1251144,270340,-1,-1,-1,1,1
2015-07-03,2015-07-03 00:00:00,Chevron,PILOT TRAVEL CENTERS LLC : CHV7460761,1043 MONTEBELLO CA TRM CHEVRON,DIESEL #2,38691,1199406,270834,1,22802,1,22802,7602,91005,0,91005,91005,1,w1,7602,0,91005,58037,1319347,338543,Available,Available,Available,150%,150,110%,110,125%,125,On Target,Above Trend,Above Trend,07/04 00:00:00 PDT,08/01 00:00:00 PDT,w1,0,2015-07-08 00:00:00,Contract,Contract,Contract,38691,38691,1199406,1199406,270834,50435,1228342,247538,0,0,0,0,0,0,534736,534738,534737,38600,1199400,270800,58036,1319346,338542,True,True,91005,91005,1,35235,1228342,247538,-1,-1,-1,1,1
2015-07-04,2015-07-04 00:00:00,Chevron,PILOT TRAVEL CENTERS LLC : CHV7460761,1043 MONTEBELLO CA TRM CHEVRON,DIESEL #2,38691,1199406,270834,1,22702,1,22702,7501,113707,0,113707,113707,1,w1,7501,0,113707,58037,1319347,338543,Available,Available,Available,150%,150,110%,110,125%,125,On Target,Above Trend,On Target,07/05 00:00:00 PDT,08/01 00:00:00 PDT,w1,0,2015-07-08 00:00:00,Contract,Contract,Contract,38691,38691,1199406,1199406,270834,50536,1205640,224836,0,0,0,0,0,0,540988,540990,540989,38600,1199400,270800,58036,1319346,338542,True,True,113707,113707,1,35335,1205640,224836,-1,-1,-1,1,1
2015-07-05,2015-07-05 00:00:00,Chevron,PILOT TRAVEL CENTERS LLC : CHV7460761,1043 MONTEBELLO CA TRM CHEVRON,DIESEL #2,38691,1199406,270834,1,15199,1,15199,7600,128906,0,128906,128906,1,w1,7600,0,128906,58037,1319347,338543,Available,Available,Available,150%,150,110%,110,125%,125,On Target,On Target,On Target,07/06 00:00:00 PDT,08/01 00:00:00 PDT,w1,0,2015-07-08 00:00:00,Contract,Contract,Contract,38691,38691,1199406,1199406,270834,50437,1190441,209637,0,0,0,0,0,0,547431,547433,547432,38600,1199400,270800,58036,1319346,338542,True,True,128906,128906,1,42838,1190441,209637,-1,-1,-1,1,1
2015-07-06,2015-07-06 00:00:00,Chevron,PILOT TRAVEL CENTERS LLC : CHV7460761,1043 MONTEBELLO CA TRM CHEVRON,DIESEL #2,38691,1199406,270834,1,22701,1,22701,7599,151607,0,151607,151607,1,w1,7599,0,151607,58037,1319347,338543,Available,Available,Available,150%,150,110%,110,125%,125,On Target,On Target,On Target,07/07 00:00:00 PDT,08/01 00:00:00 PDT,w1,0,2015-07-08 00:00:00,Contract,Contract,Contract,38691,38691,1199406,1199406,270834,50438,1167740,186936,0,0,0,0,0,0,553747,553749,553748,38600,1199400,270800,58036,1319346,338542,True,True,151607,151607,1,35336,1167740,186936,-1,-1,-1,1,1
2015-07-07,2015-07-07 00:00:00,Chevron,PILOT TRAVEL CENTERS LLC : CHV7460761,1043 MONTEBELLO CA TRM CHEVRON,DIESEL #2,38691,1199406,270834,1,75798,1,75798,60596,227405,0,227405,227405,1,w1,60596,0,227405,58037,1319347,338543,Limited,Available,Limited,150%,150,110%,110,125%,125,Above Trend,On Target,On Target,07/08 00:00:00 PDT,08/01 00:00:00 PDT,w1,0,2015-07-08 00:00:00,Contract,Contract,Contract,38691,38691,1199406,1199406,270834,-2560,1091942,111138,23000,23000,23000,20440,20440,20440,566760,566762,566761,38600,1199400,270800,58036,1319346,338542,True,True,227405,227405,1,-17761,1091942,111138,23000,-1,-1,1,1
2015-07-08,2015-07-08 00:00:00,Chevron,PILOT TRAVEL CENTERS LLC : CHV7460761,1043 MONTEBELLO CA TRM CHEVRON,DIESEL #2,38691,1199406,270834,1,38201,0,23000,23000,265606,0,265606,23000,1,w2,23000,0,38201,58037,1319347,338543,Available,Available,Available,150%,150,110%,110,125%,125,Above Trend,Above Trend,Above Trend,07/09 00:00:00 PDT,08/01 00:00:00 PDT,w2,0,2015-07-15 00:00:00,Contract,Contract,Contract,38691,38691,1199406,1199406,270834,35037,1053741,315543,0,0,0,0,0,0,576361,576363,576362,38600,1199400,270800,58036,1319346,338542,True,True,38201,265606,1,19836,1053741,300342,-1,-1,-1,0,1
2015-07-09,2015-07-09 00:00:00,Chevron,PILOT TRAVEL CENTERS LLC : CHV7460761,1043 MONTEBELLO CA TRM CHEVRON,DIESEL #2,38691,1199406,270834,2,53202,0,-1,-1,-1,2,318808,-1,2,w3,-1,0,91403,42560,1319347,338543,-1,-1,-1,-1,150,-1,110,-1,125,-1,-1,-1,-1,-1,w2,1,2015-07-15 00:00:00,-1,-1,-1,38691,-1,1199406,-1,-1,-1,-1,-1,-1,-1,-1,-1,-1,-1,-1,-1,-1,28300,1199400,270800,58036,1319346,338542,True,True,91403,318808,1,-10642,1000539,247140,-1,-1,-1,0,1
2015-07-10,2015-07-10 00:00:00,Chevron,PILOT TRAVEL CENTERS LLC : CHV7460761,1043 MONTEBELLO CA TRM CHEVRON,DIESEL #2,38691,1199406,270834,1,22803,0,22803,22803,341611,0,341611,99005,1,w3,22803,0,114206,42560,1319347,338543,Limited,Available,Available,110%,110,110%,110,125%,125,On Target,Above Trend,On Target,07/11 00:00:00 PDT,08/01 00:00:00 PDT,w2,0,2015-07-15 00:00:00,Contract,Contract,Contract,38691,38691,1199406,1199406,270834,19757,977736,239538,0,0,0,0,0,0,609178,609180,609179,38600,1199400,270800,42560,1319346,338542,False,True,114206,341611,1,19757,977736,224337,-1,-1,-1,0,1
2015-07-11,2015-07-11 00:00:00,Chevron,PILOT TRAVEL CENTERS LLC : CHV7460761,1043 MONTEBELLO CA TRM CHEVRON,DIESEL #2,38691,1199406,270834,1,0,0,0,0,341611,0,341611,99005,1,w3,0,0,114206,42560,1319347,338543,Available,Available,Available,110%,110,110%,110,125%,125,Below Trend,On Target,On Target,07/12 00:00:00 PDT,08/01 00:00:00 PDT,w2,0,2015-07-15 00:00:00,Contract,Contract,Contract,38691,38691,1199406,1199406,270834,42560,977736,239538,0,0,0,0,0,0,637665,637667,637666,38600,1199400,270800,42560,1319346,338542,False,True,114206,341611,1,42560,977736,224337,-1,-1,-1,0,1
2015-07-12,2015-07-12 00:00:00,Chevron,PILOT TRAVEL CENTERS LLC : CHV7460761,1043 MONTEBELLO CA TRM CHEVRON,DIESEL #2,38691,1199406,270834,1,30510,1,30510,22910,372121,0,372121,129515,1,w3,22910,0,144716,42560,1319347,338543,Limited,Available,Available,110%,110,110%,110,125%,125,On Target,On Target,On Target,07/13 00:00:00 PDT,08/01 00:00:00 PDT,w2,0,2015-07-15 00:00:00,Contract,Contract,Contract,38691,38691,1199406,1199406,270834,19650,947226,209028,0,0,0,0,0,0,667079,667081,667080,38600,1199400,270800,42560,1319346,338542,False,True,144716,372121,1,12050,947226,193827,-1,-1,-1,0,1
2015-07-13,2015-07-13 00:00:00,Chevron,PILOT TRAVEL CENTERS LLC : CHV7460761,1043 MONTEBELLO CA TRM CHEVRON,DIESEL #2,38691,1199406,270834,1,15200,1,15200,7599,387321,0,387321,144715,1,w3,7599,0,159916,42560,1319347,338543,Available,Available,Available,110%,110,110%,110,125%,125,On Target,On Target,On Target,07/14 00:00:00 PDT,08/01 00:00:00 PDT,w2,0,2015-07-15 00:00:00,Contract,Contract,Contract,38691,38691,1199406,1199406,270834,34961,932026,193828,0,0,0,0,0,0,697675,697677,697676,38600,1199400,270800,42560,1319346,338542,False,True,159916,387321,1,27360,932026,178627,-1,-1,-1,0,1
2015-07-14,2015-07-14 00:00:00,Chevron,PILOT TRAVEL CENTERS LLC : CHV7460761,1043 MONTEBELLO CA TRM CHEVRON,DIESEL #2,38691,1199406,270834,1,38001,1,38001,30401,425322,0,425322,182716,1,w3,30401,0,197917,42560,1319347,338543,Limited,Available,Limited,110%,110,110%,110,125%,125,Above Trend,On Target,On Target,07/15 00:00:00 PDT,08/01 00:00:00 PDT,w2,0,2015-07-15 00:00:00,Contract,Contract,Contract,38691,38691,1199406,1199406,270834,12159,894025,155827,0,0,0,0,0,0,729541,729543,729542,38600,1199400,270800,42560,1319346,338542,False,True,197917,425322,1,4559,894025,140626,-1,-1,-1,0,1
2015-07-15,2015-07-15 00:00:00,Chevron,PILOT TRAVEL CENTERS LLC : CHV7460761,1043 MONTEBELLO CA TRM CHEVRON,DIESEL #2,38691,1199406,270834,1,38001,0,30401,30401,463323,0,463323,30401,1,w4,30401,0,38001,77382,1319347,338543,Available,Available,Available,200%,200,110%,110,125%,125,On Target,On Target,On Target,07/16 00:00:00 PDT,08/01 00:00:00 PDT,w3,0,2015-07-22 00:00:00,Contract,Contract,Contract,38691,38691,1199406,1199406,270834,46981,856024,308142,0,0,0,0,0,0,755015,755017,755016,38600,1199400,270800,77382,1319346,338542,True,True,38001,463323,1,39381,856024,300542,-1,-1,-1,0,1
2015-07-16,2015-07-16 00:00:00,Chevron,PILOT TRAVEL CENTERS LLC : CHV7460761,1043 MONTEBELLO CA TRM CHEVRON,DIESEL #2,38691,1199406,270834,1,53202,1,53202,45602,516525,0,516525,83603,1,w4,45602,0,91203,77382,1319347,338543,Limited,Available,Available,200%,200,110%,110,125%,125,On Target,On Target,Above Trend,07/17 00:00:00 PDT,08/01 00:00:00 PDT,w3,0,2015-07-22 00:00:00,Contract,Contract,Contract,38691,38691,1199406,1199406,270834,31780,802822,254940,0,0,0,0,0,0,788317,788319,788318,38600,1199400,270800,77382,1319346,338542,True,True,91203,516525,1,24180,802822,247340,-1,-1,-1,0,1
2015-07-17,2015-07-17 00:00:00,Chevron,PILOT TRAVEL CENTERS LLC : CHV7460761,1043 MONTEBELLO CA TRM CHEVRON,DIESEL #2,38691,1199406,270834,1,15101,0,15101,15101,531626,0,531626,98704,1,w4,15101,0,106304,77382,1319347,338543,Available,Available,Available,200%,200,110%,110,125%,125,On Target,On Target,On Target,07/18 00:00:00 PDT,08/01 00:00:00 PDT,w3,0,2015-07-22 00:00:00,Contract,Contract,Contract,38691,38691,1199406,1199406,270834,62281,787721,239839,0,0,0,0,0,0,820341,820343,820342,38600,1199400,270800,77382,1319346,338542,True,True,106304,531626,1,62281,787721,232239,-1,-1,-1,0,1
2015-07-18,2015-07-18 00:00:00,Chevron,PILOT TRAVEL CENTERS LLC : CHV7460761,1043 MONTEBELLO CA TRM CHEVRON,DIESEL #2,38691,1199406,270834,1,22803,0,22803,22803,554429,0,554429,121507,1,w4,22803,0,129107,77382,1319347,338543,Available,Available,Available,200%,200,110%,110,125%,125,On Target,On Target,On Target,07/19 00:00:00 PDT,08/01 00:00:00 PDT,w3,0,2015-07-22 00:00:00,Contract,Contract,Contract,38691,38691,1199406,1199406,270834,54579,764918,217036,0,0,0,0,0,0,850803,850805,850804,38600,1199400,270800,77382,1319346,338542,True,True,129107,554429,1,54579,764918,209436,-1,-1,-1,0,1
2015-07-19,2015-07-19 00:00:00,Chevron,PILOT TRAVEL CENTERS LLC : CHV7460761,1043 MONTEBELLO CA TRM CHEVRON,DIESEL #2,38691,1199406,270834,1,30400,1,30400,22803,584829,0,584829,151907,1,w4,22803,0,159507,77382,1319347,338543,Available,Available,Available,200%,200,110%,110,125%,125,On Target,On Target,On Target,07/20 00:00:00 PDT,08/01 00:00:00 PDT,w3,0,2015-07-22 00:00:00,Contract,Contract,Contract,38691,38691,1199406,1199406,270834,54579,734518,186636,0,0,0,0,0,0,882064,882066,882065,38600,1199400,270800,77382,1319346,338542,True,True,159507,584829,1,46982,734518,179036,-1,-1,-1,0,1
2015-07-20,2015-07-20 00:00:00,Chevron,PILOT TRAVEL CENTERS LLC : CHV7460761,1043 MONTEBELLO CA TRM CHEVRON,DIESEL #2,38691,1199406,270834,1,7499,0,7499,7499,592328,0,592328,159406,1,w4,7499,0,167006,77382,1319347,338543,Available,Available,Available,200%,200,110%,110,125%,125,Below Trend,On Target,On Target,07/21 00:00:00 PDT,08/01 00:00:00 PDT,w3,0,2015-07-22 00:00:00,Contract,Contract,Contract,38691,38691,1199406,1199406,270834,69883,727019,179137,0,0,0,0,0,0,912430,912432,912431,38600,1199400,270800,77382,1319346,338542,True,True,167006,592328,1,69883,727019,171537,-1,-1,-1,0,1
2015-07-21,2015-07-21 00:00:00,Chevron,PILOT TRAVEL CENTERS LLC : CHV7460761,1043 MONTEBELLO CA TRM CHEVRON,DIESEL #2,38691,1199406,270834,1,37806,1,37806,22606,630134,0,630134,197212,1,w4,22606,0,204812,77382,1319347,338543,Available,Available,Limited,200%,200,110%,110,125%,125,On Target,On Target,On Target,07/22 00:00:00 PDT,08/01 00:00:00 PDT,w3,0,2015-07-22 00:00:00,Contract,Contract,Contract,38691,38691,1199406,1199406,270834,54776,689213,141331,0,0,0,0,0,0,941617,941619,941618,38600,1199400,270800,77382,1319346,338542,True,True,204812,630134,1,39576,689213,133731,-1,-1,-1,0,1
2015-07-22,2015-07-22 00:00:00,Chevron,PILOT TRAVEL CENTERS LLC : CHV7460761,1043 MONTEBELLO CA TRM CHEVRON,DIESEL #2,38691,1199406,270834,1,37904,0,30305,30305,668038,0,668038,30305,1,w5,30305,0,37904,77382,1319347,338543,Available,Available,Available,200%,200,110%,110,125%,125,On Target,On Target,On Target,07/23 00:00:00 PDT,08/01 00:00:00 PDT,w4,0,2015-07-29 00:00:00,Contract,Contract,Contract,38691,38691,1199406,1199406,270834,47077,651309,308238,0,0,0,0,0,0,975046,975048,975047,38600,1199400,270800,77382,1319346,338542,True,True,37904,668038,1,39478,651309,300639,-1,-1,-1,0,1
2015-07-23,2015-07-23 00:00:00,Chevron,PILOT TRAVEL CENTERS LLC : CHV7460761,1043 MONTEBELLO CA TRM CHEVRON,DIESEL #2,38691,1199406,270834,1,60205,1,60205,45004,728243,0,728243,90510,1,w5,45004,0,98109,77382,1319347,338543,Available,Available,Available,200%,200,110%,110,125%,125,On Target,On Target,Above Trend,07/24 00:00:00 PDT,08/01 00:00:00 PDT,w4,0,2015-07-29 00:00:00,Contract,Contract,Contract,38691,38691,1199406,1199406,270834,32378,591104,248033,0,0,0,0,0,0,1002860,1002862,1002861,38600,1199400,270800,77382,1319346,338542,True,True,98109,728243,1,17177,591104,240434,-1,-1,-1,0,1
2015-07-24,2015-07-24 00:00:00,Chevron,PILOT TRAVEL CENTERS LLC : CHV7460761,1043 MONTEBELLO CA TRM CHEVRON,DIESEL #2,38691,1199406,270834,1,37902,0,37902,37902,766145,0,766145,128412,1,w5,37902,0,136011,77382,1319347,338543,Available,Available,Available,200%,200,110%,110,125%,125,On Target,On Target,Above Trend,07/25 00:00:00 PDT,08/01 00:00:00 PDT,w4,0,2015-07-29 00:00:00,Contract,Contract,Contract,38691,38691,1199406,1199406,270834,39480,553202,210131,0,0,0,0,0,0,1033074,1033076,1033075,38600,1199400,270800,77382,1319346,338542,True,True,136011,766145,1,39480,553202,202532,-1,-1,-1,0,1
2015-07-25,2015-07-25 00:00:00,Chevron,PILOT TRAVEL CENTERS LLC : CHV7460761,1043 MONTEBELLO CA TRM CHEVRON,DIESEL #2,38691,1199406,270834,1,45449,1,45449,30250,811594,0,811594,173861,1,w5,30250,0,181460,77382,1319347,338543,Available,Available,Available,200%,200,110%,110,125%,125,On Target,On Target,Above Trend,07/26 00:00:00 PDT,08/01 00:00:00 PDT,w4,0,2015-07-29 00:00:00,Contract,Contract,Contract,38691,38691,1199406,1199406,270834,47132,507753,164682,0,0,0,0,0,0,1062265,1062267,1062266,38600,1199400,270800,77382,1319346,338542,True,True,181460,811594,1,31933,507753,157083,-1,-1,-1,0,1
2015-07-26,2015-07-26 00:00:00,Chevron,PILOT TRAVEL CENTERS LLC : CHV7460761,1043 MONTEBELLO CA TRM CHEVRON,DIESEL #2,38691,1199406,270834,1,30598,1,30598,22998,842192,0,842192,204459,1,w5,22998,0,212058,77382,1319347,338543,Available,Available,Available,200%,200,110%,110,125%,125,On Target,On Target,Above Trend,07/27 00:00:00 PDT,08/01 00:00:00 PDT,w4,0,2015-07-29 00:00:00,Contract,Contract,Contract,38691,38691,1199406,1199406,270834,54384,477155,134084,0,0,0,0,0,0,1092320,1092322,1092321,38600,1199400,270800,77382,1319346,338542,True,True,212058,842192,1,46784,477155,126485,-1,-1,-1,0,1
2015-07-27,2015-07-27 00:00:00,Chevron,PILOT TRAVEL CENTERS LLC : CHV7460761,1043 MONTEBELLO CA TRM CHEVRON,DIESEL #2,38691,1199406,270834,1,22701,1,22701,15101,864893,0,864893,227160,1,w5,15101,0,234759,77382,1319347,338543,Available,Available,Available,200%,200,110%,110,125%,125,On Target,On Target,On Target,07/28 00:00:00 PDT,08/01 00:00:00 PDT,w4,0,2015-07-29 00:00:00,Contract,Contract,Contract,38691,38691,1199406,919634,270834,62281,454454,111383,0,0,0,0,0,0,1122630,1122632,1122631,38600,1199400,270800,77382,1319346,338542,True,True,234759,864893,1,54681,454454,103784,-1,-1,-1,0,1
2015-07-28,2015-07-28 00:00:00,Chevron,PILOT TRAVEL CENTERS LLC : CHV7460761,1043 MONTEBELLO CA TRM CHEVRON,DIESEL #2,38691,1199406,270834,1,22801,0,22801,22801,887694,0,887694,249961,1,w5,22801,0,257560,77382,1319347,338543,Available,Available,Limited,200%,200,110%,110,125%,125,On Target,On Target,On Target,07/29 00:00:00 PDT,08/01 00:00:00 PDT,w4,0,2015-07-29 00:00:00,Contract,Contract,Contract,38691,38691,1199406,919634,270834,54581,431653,88582,0,0,0,0,0,0,1152940,1152942,1152941,38600,1199400,270800,77382,1319346,338542,True,True,257560,887694,1,54581,431653,80983,-1,-1,-1,0,1
2015-07-29,2015-07-29 00:00:00,Chevron,PILOT TRAVEL CENTERS LLC : CHV7460761,1043 MONTEBELLO CA TRM CHEVRON,DIESEL #2,38691,1199406,270834,1,67845,0,60401,60401,955539,0,955539,60401,1,w6,60401,0,67845,77382,1319347,338543,Limited,Limited,Available,200%,200,110%,110,125%,125,Above Trend,On Target,Above Trend,07/30 00:00:00 PDT,08/01 00:00:00 PDT,w5,0,2015-08-05 00:00:00,Contract,Contract,Contract,38691,38691,1199406,919634,270834,16981,363808,278142,0,0,0,0,0,0,1183250,1183252,1183251,38600,1199400,270800,77382,1319346,338542,True,True,67845,955539,1,9537,363808,270698,-1,-1,-1,0,1
2015-07-30,2015-07-30 00:00:00,Chevron,PILOT TRAVEL CENTERS LLC : CHV7460761,1043 MONTEBELLO CA TRM CHEVRON,DIESEL #2,38691,1199406,270834,1,53001,1,53001,45401,1008540,0,1008540,113402,1,w6,45401,0,120846,77382,1319347,338543,Available,Limited,Available,200%,200,110%,110,125%,125,On Target,On Target,Above Trend,07/31 00:00:00 PDT,08/01 00:00:00 PDT,w5,0,2015-08-05 00:00:00,Contract,Contract,Contract,38691,38691,1199406,919634,270834,31981,310807,225141,0,0,0,0,0,0,1213560,1213562,1213561,38600,1199400,270800,77382,1319346,338542,True,True,120846,1008540,1,24381,310807,217697,-1,-1,-1,0,1
2015-07-31,2015-07-31 00:00:00,Chevron,PILOT TRAVEL CENTERS LLC : CHV7460761,1043 MONTEBELLO CA TRM CHEVRON,DIESEL #2,38691,1199406,270834,1,53197,1,53197,45597,1061737,0,1061737,166599,1,w6,45597,0,174043,77382,1319347,338543,Available,Low,Available,200%,200,110%,110,125%,125,On Target,Above Trend,Above Trend,08/01 00:00:00 PDT,08/01 00:00:00 PDT,w5,0,2015-08-05 00:00:00,Contract,Contract,Contract,38691,38691,919634,919634,270834,31785,257610,171944,0,0,0,0,0,0,1243870,1243872,1243871,38600,1199400,270800,77382,1319346,338542,True,True,174043,1061737,1,24185,257610,164500,-1,-1,-1,0,1
