,date,supplier_name,account_type,supplier_terminal_name,product_name,base_gallons_Daily,base_gallons_Monthly,base_gallons_Weekly,lifted_gallons_daily_flag,lifted_gallons_daily_modified,Modified_WeeksByLiftedGallons,lifted_gallons_modified_WeeksByLiftedGallons,lifted_gallons_Daily,Lifted_actual_monthly,lifted_gallons_monthly_flag,lifted_gallons_Monthly,Lifted_actual_weekly,lifted_gallons_weekly_flag,WeeksByLiftedGallons,lifted_gallonsWeekly_modified_aposteriori,Modified_LiftedGallonsaposteriori,lifted_gallons_Weekly,beginning_gallons_Daily,beginning_gallons_Monthly,beginning_gallons_Weekly,en_allocation_status_Daily,en_allocation_status_Monthly,en_allocation_status_Weekly,percentage_allocation_Daily,percentage_allocation_Monthly,percentage_allocation_Weekly,alerts_ratability_Daily,alerts_ratability_Monthly,alerts_ratability_Weekly,next_refresh_date_Daily,next_refresh_date_Monthly,Week_switch,Modified_NRD,next_refresh_date_Weekly,en_account_type_Daily,en_account_type_Monthly,en_account_type_Weekly,staging_id_Daily,staging_id_Monthly,staging_id_Weekly,base_gallons_Daily_Reconciled,base_gallons_Monthly_Reconciled,base_gallons_Weekly_Reconciled,beginning_gallons_Daily_Reconciled,beginning_gallons_Monthly_Reconciled,beginning_gallons_Weekly_Reconciled,sanityWeekly_CumulativeDaily_WeeksByLiftedGallons,sanityWeekly_CumulativeDaily_NextRefreshDate,computedWeekly,computedMonthly,sanityComputedMonthly,sanityMonthly_CumulativeDaily_WeeksByLiftedGallons,sanityMonthly_CumulativeDaily_WeeksByNextRefreshDate
2015-07-01,2015-07-01 00:00:00,Exxon,PILOT TRAVEL CENTERS LLC 103637 IW,MEMPHIS TN (MOC) - 00QE,ULSD,26442,-1,185092,0,45460,0,45460,45460,-1,0,-1,258946,0,w1,45460,0,258946,39663,-1,259129,Out,-1,Out,150,100,140,Above Trend,-1,On Track,07/02 00:00:00 CDT,-1,w1,0,2015-07-02 00:00:00,Contract,-1,Contract,507953,-1,507954,26442,-1,185092,39663,-1,259129,True,True,45460,45460,1,0,0
2015-07-02,2015-07-02 00:00:00,Exxon,PILOT TRAVEL CENTERS LLC 103637 IW,MEMPHIS TN (MOC) - 00QE,ULSD,26442,-1,185092,0,38635,0,38635,38635,-1,0,-1,38635,0,w2,38635,0,38635,39663,-1,259129,Available,-1,Available,150,100,140,Above Trend,-1,Above Trend,07/03 00:00:00 CDT,-1,w2,0,2015-07-09 00:00:00,Contract,-1,Contract,527028,-1,527029,26442,-1,185092,39663,-1,259129,True,True,38635,84095,1,0,0
2015-07-03,2015-07-03 00:00:00,Exxon,PILOT TRAVEL CENTERS LLC 103637 IW,MEMPHIS TN (MOC) - 00QE,ULSD,26442,-1,185092,3,15451,1,15451,7726,-1,0,-1,54086,0,w2,7726,0,54086,39663,-1,259129,Available,-1,Available,150,100,140,Below Trend,-1,On Track,07/04 00:00:00 CDT,-1,w2,0,2015-07-09 00:00:00,Contract,-1,Contract,534869,-1,534870,26442,-1,185092,39663,-1,259129,True,True,54086,99546,1,0,0
2015-07-04,2015-07-04 00:00:00,Exxon,PILOT TRAVEL CENTERS LLC 103637 IW,MEMPHIS TN (MOC) - 00QE,ULSD,26442,-1,185092,3,68250,1,68250,45175,-1,0,-1,122336,0,w2,45175,0,122336,39663,-1,259129,Out,-1,Out,150,100,140,Above Trend,-1,Above Trend,07/05 00:00:00 CDT,-1,w2,0,2015-07-09 00:00:00,Contract,-1,Contract,540931,-1,540932,26442,-1,185092,39663,-1,259129,True,True,122336,167796,1,0,0
2015-07-05,2015-07-05 00:00:00,Exxon,PILOT TRAVEL CENTERS LLC 103637 IW,MEMPHIS TN (MOC) - 00QE,ULSD,26442,-1,185092,0,11200,0,11200,11200,-1,0,-1,133536,0,w2,11200,0,133536,39663,-1,259129,Available,-1,Available,150,100,140,On Track,-1,On Track,07/06 00:00:00 CDT,-1,w2,0,2015-07-09 00:00:00,Contract,-1,Contract,547374,-1,547375,26442,-1,185092,39663,-1,259129,True,True,133536,178996,1,0,0
2015-07-06,2015-07-06 00:00:00,Exxon,PILOT TRAVEL CENTERS LLC 103637 IW,MEMPHIS TN (MOC) - 00QE,ULSD,26442,-1,185092,3,35125,1,35125,23175,-1,0,-1,168661,0,w2,23175,0,168661,39663,-1,259129,Available,-1,Available,150,100,140,Above Trend,-1,On Track,07/07 00:00:00 CDT,-1,w2,0,2015-07-09 00:00:00,Contract,-1,Contract,553690,-1,553691,26442,-1,185092,39663,-1,259129,True,True,168661,214121,1,0,0
2015-07-07,2015-07-07 00:00:00,Exxon,PILOT TRAVEL CENTERS LLC 103637 IW,MEMPHIS TN (MOC) - 00QE,ULSD,26442,-1,185092,3,53375,1,53375,45650,-1,0,-1,222036,0,w2,45650,0,222036,39663,-1,259129,Available,-1,Available,150,100,140,Above Trend,-1,On Track,07/08 00:00:00 CDT,-1,w2,0,2015-07-09 00:00:00,Contract,-1,Contract,566703,-1,566704,26442,-1,185092,39663,-1,259129,True,True,222036,267496,1,0,0
2015-07-08,2015-07-08 00:00:00,Exxon,PILOT TRAVEL CENTERS LLC 103637 IW,MEMPHIS TN (MOC) - 00QE,ULSD,26442,-1,185092,0,30901,0,30901,30901,-1,0,-1,252937,0,w2,30901,0,252937,39663,-1,259129,Available,-1,Available,150,100,140,Above Trend,-1,On Track,07/09 00:00:00 CDT,-1,w2,0,2015-07-09 00:00:00,Contract,-1,Contract,576304,-1,576305,26442,-1,185092,39663,-1,259129,True,True,252937,298397,1,0,0
2015-07-09,2015-07-09 00:00:00,Exxon,PILOT TRAVEL CENTERS LLC 103637 IW,MEMPHIS TN (MOC) - 00QE,ULSD,26442,-1,185092,6,46626,0,-1,-1,-1,0,-1,-1,6,w3,-1,0,46626,39663,-1,259129,-1,-1,-1,100,100,100,-1,-1,-1,-1,-1,w3,1,2015-07-16 00:00:00,-1,-1,-1,-1,-1,-1,39663,-1,259129,26442,-1,185092,True,True,46626,345023,1,0,0
2015-07-10,2015-07-10 00:00:00,Exxon,PILOT TRAVEL CENTERS LLC 103637 IW,MEMPHIS TN (MOC) - 00QE,ULSD,26442,-1,185092,0,46075,0,46075,46075,-1,0,-1,92701,0,w3,46075,0,92701,39663,-1,259129,Out,-1,Out,150,100,140,Above Trend,-1,Above Trend,07/11 00:00:00 CDT,-1,w3,0,2015-07-16 00:00:00,Contract,-1,Contract,609311,-1,609312,26442,-1,185092,39663,-1,259129,False,True,92701,391098,1,0,0
2015-07-11,2015-07-11 00:00:00,Exxon,PILOT TRAVEL CENTERS LLC 103637 IW,MEMPHIS TN (MOC) - 00QE,ULSD,26442,-1,185092,0,46150,0,46150,46150,-1,0,-1,138851,0,w3,46150,0,138851,39663,-1,259129,Out,-1,Out,150,100,140,Above Trend,-1,Above Trend,07/12 00:00:00 CDT,-1,w3,0,2015-07-16 00:00:00,Contract,-1,Contract,637925,-1,637926,26442,-1,185092,39663,-1,259129,False,True,138851,437248,1,0,0
2015-07-12,2015-07-12 00:00:00,Exxon,PILOT TRAVEL CENTERS LLC 103637 IW,MEMPHIS TN (MOC) - 00QE,ULSD,26442,-1,185092,0,32040,0,32040,32040,-1,0,-1,170891,0,w3,32040,0,170891,39663,-1,259129,Available,-1,Available,150,100,140,On Track,-1,On Track,07/13 00:00:00 CDT,-1,w3,0,2015-07-16 00:00:00,Contract,-1,Contract,667339,-1,667340,26442,-1,185092,39663,-1,259129,False,True,170891,469288,1,0,0
2015-07-13,2015-07-13 00:00:00,Exxon,PILOT TRAVEL CENTERS LLC 103637 IW,MEMPHIS TN (MOC) - 00QE,ULSD,26442,-1,185092,0,30535,0,30535,30535,-1,0,-1,201426,0,w3,30535,0,201426,39663,-1,259129,Available,-1,Available,150,100,140,On Track,-1,On Track,07/14 00:00:00 CDT,-1,w3,0,2015-07-16 00:00:00,Contract,-1,Contract,697934,-1,697935,26442,-1,185092,39663,-1,259129,False,True,201426,499823,1,0,0
2015-07-14,2015-07-14 00:00:00,Exxon,PILOT TRAVEL CENTERS LLC 103637 IW,MEMPHIS TN (MOC) - 00QE,ULSD,26442,-1,185092,0,45851,0,45851,45851,-1,0,-1,247277,0,w3,45851,0,247277,39663,-1,259129,Out,-1,Out,150,100,140,Above Trend,-1,On Track,07/15 00:00:00 CDT,-1,w3,0,2015-07-16 00:00:00,Contract,-1,Contract,730825,-1,730826,26442,-1,185092,39663,-1,259129,False,True,247277,545674,1,0,0
2015-07-15,2015-07-15 00:00:00,Exxon,PILOT TRAVEL CENTERS LLC 103637 IW,MEMPHIS TN (MOC) - 00QE,ULSD,26442,-1,185092,0,15575,0,15575,15575,-1,0,-1,262852,0,w3,15575,0,262852,39663,-1,259129,Out,-1,Out,150,100,140,Below Trend,-1,On Track,07/16 00:00:00 CDT,-1,w3,0,2015-07-16 00:00:00,Contract,-1,Contract,756299,-1,756300,26442,-1,185092,39663,-1,259129,False,True,262852,561249,1,0,0
2015-07-16,2015-07-16 00:00:00,Exxon,PILOT TRAVEL CENTERS LLC 103637 IW,MEMPHIS TN (MOC) - 00QE,ULSD,26442,-1,185092,0,46350,0,46350,46350,-1,0,-1,46350,0,w4,46350,0,46350,39663,-1,259129,Out,-1,Out,150,100,140,Above Trend,-1,Above Trend,07/17 00:00:00 CDT,-1,w4,0,2015-07-23 00:00:00,Contract,-1,Contract,788578,-1,788579,26442,-1,185092,39663,-1,259129,True,True,46350,607599,1,0,0
2015-07-17,2015-07-17 00:00:00,Exxon,PILOT TRAVEL CENTERS LLC 103637 IW,MEMPHIS TN (MOC) - 00QE,ULSD,26442,-1,185092,0,33499,0,33499,33499,-1,0,-1,79849,0,w4,33499,0,79849,39663,-1,259129,Available,-1,Available,150,100,140,On Track,-1,On Track,07/18 00:00:00 CDT,-1,w4,0,2015-07-23 00:00:00,Contract,-1,Contract,821625,-1,821626,26442,-1,185092,39663,-1,259129,True,True,79849,641098,1,0,0
2015-07-18,2015-07-18 00:00:00,Exxon,PILOT TRAVEL CENTERS LLC 103637 IW,MEMPHIS TN (MOC) - 00QE,ULSD,26442,-1,185092,0,24425,0,24425,24425,-1,0,-1,104274,0,w4,24425,0,104274,39663,-1,259129,Available,-1,Available,150,100,140,Below Trend,-1,On Track,07/19 00:00:00 CDT,-1,w4,0,2015-07-23 00:00:00,Contract,-1,Contract,852087,-1,852088,26442,-1,185092,39663,-1,259129,True,True,104274,665523,1,0,0
2015-07-19,2015-07-19 00:00:00,Exxon,PILOT TRAVEL CENTERS LLC 103637 IW,MEMPHIS TN (MOC) - 00QE,ULSD,26442,-1,185092,0,37650,0,37650,37650,-1,0,-1,141924,0,w4,37650,0,141924,39663,-1,259129,Available,-1,Available,150,100,140,On Track,-1,On Track,07/20 00:00:00 CDT,-1,w4,0,2015-07-23 00:00:00,Contract,-1,Contract,883348,-1,883349,26442,-1,185092,39663,-1,259129,True,True,141924,703173,1,0,0
2015-07-20,2015-07-20 00:00:00,Exxon,PILOT TRAVEL CENTERS LLC 103637 IW,MEMPHIS TN (MOC) - 00QE,ULSD,26442,-1,185092,0,45740,0,45740,45740,-1,0,-1,187664,0,w4,45740,0,187664,39663,-1,259129,Out,-1,Out,150,100,140,Above Trend,-1,On Track,07/21 00:00:00 CDT,-1,w4,0,2015-07-23 00:00:00,Contract,-1,Contract,913714,-1,913715,26442,-1,185092,39663,-1,259129,True,True,187664,748913,1,0,0
2015-07-21,2015-07-21 00:00:00,Exxon,PILOT TRAVEL CENTERS LLC 103637 IW,MEMPHIS TN (MOC) - 00QE,ULSD,26442,-1,185092,0,46080,0,46080,46080,-1,0,-1,233744,0,w4,46080,0,233744,39663,-1,259129,Out,-1,Out,150,100,140,Above Trend,-1,On Track,07/22 00:00:00 CDT,-1,w4,0,2015-07-23 00:00:00,Contract,-1,Contract,942901,-1,942902,26442,-1,185092,39663,-1,259129,True,True,233744,794993,1,0,0
2015-07-22,2015-07-22 00:00:00,Exxon,PILOT TRAVEL CENTERS LLC 103637 IW,MEMPHIS TN (MOC) - 00QE,ULSD,26442,-1,185092,0,30801,0,30801,30801,-1,0,-1,264545,0,w4,30801,0,264545,39663,-1,259129,Out,-1,Out,150,100,140,On Track,-1,On Track,07/23 00:00:00 CDT,-1,w4,0,2015-07-23 00:00:00,Contract,-1,Contract,976330,-1,976331,26442,-1,185092,39663,-1,259129,True,True,264545,825794,1,0,0
2015-07-23,2015-07-23 00:00:00,Exxon,PILOT TRAVEL CENTERS LLC 103637 IW,MEMPHIS TN (MOC) - 00QE,ULSD,26442,-1,185092,0,46154,0,46154,46154,-1,0,-1,46154,0,w5,46154,0,46154,39663,-1,259129,Out,-1,Out,150,100,140,Above Trend,-1,Above Trend,07/24 00:00:00 CDT,-1,w5,0,2015-07-30 00:00:00,Contract,-1,Contract,1002994,-1,1002995,26442,-1,185092,39663,-1,259129,True,True,46154,871948,1,0,0
2015-07-24,2015-07-24 00:00:00,Exxon,PILOT TRAVEL CENTERS LLC 103637 IW,MEMPHIS TN (MOC) - 00QE,ULSD,26442,-1,185092,0,30735,0,30735,30735,-1,0,-1,76889,0,w5,30735,0,76889,39663,-1,259129,Available,-1,Available,150,100,140,On Track,-1,On Track,07/25 00:00:00 CDT,-1,w5,0,2015-07-30 00:00:00,Contract,-1,Contract,1033240,-1,1033241,26442,-1,185092,39663,-1,259129,True,True,76889,902683,1,0,0
2015-07-25,2015-07-25 00:00:00,Exxon,PILOT TRAVEL CENTERS LLC 103637 IW,MEMPHIS TN (MOC) - 00QE,ULSD,26442,-1,185092,0,30325,0,30325,30325,-1,0,-1,107214,0,w5,30325,0,107214,39663,-1,259129,Available,-1,Available,150,100,140,Below Trend,-1,On Track,07/26 00:00:00 CDT,-1,w5,0,2015-07-30 00:00:00,Contract,-1,Contract,1063550,-1,1063551,26442,-1,185092,39663,-1,259129,True,True,107214,933008,1,0,0
2015-07-26,2015-07-26 00:00:00,Exxon,PILOT TRAVEL CENTERS LLC 103637 IW,MEMPHIS TN (MOC) - 00QE,ULSD,26442,-1,185092,0,53225,0,53225,53225,-1,0,-1,160439,0,w5,53225,0,160439,39663,-1,259129,Out,-1,Out,150,100,140,Above Trend,-1,On Track,07/27 00:00:00 CDT,-1,w5,0,2015-07-30 00:00:00,Contract,-1,Contract,1093605,-1,1093606,26442,-1,185092,39663,-1,259129,True,True,160439,986233,1,0,0
2015-07-27,2015-07-27 00:00:00,Exxon,PILOT TRAVEL CENTERS LLC 103637 IW,MEMPHIS TN (MOC) - 00QE,ULSD,26442,-1,185092,0,34250,0,34250,34250,-1,0,-1,194689,0,w5,34250,0,194689,39663,-1,259129,Available,-1,Available,150,100,140,On Track,-1,On Track,07/28 00:00:00 CDT,-1,w5,0,2015-07-30 00:00:00,Contract,-1,Contract,1123916,-1,1123917,26442,-1,185092,39663,-1,259129,True,True,194689,1020483,1,0,0
2015-07-28,2015-07-28 00:00:00,Exxon,PILOT TRAVEL CENTERS LLC 103637 IW,MEMPHIS TN (MOC) - 00QE,ULSD,26442,-1,185092,0,38286,0,38286,38286,-1,0,-1,232975,0,w5,38286,0,232975,39663,-1,259129,Available,-1,Available,150,100,140,On Track,-1,On Track,07/29 00:00:00 CDT,-1,w5,0,2015-07-30 00:00:00,Contract,-1,Contract,1154226,-1,1154227,26442,-1,185092,39663,-1,259129,True,True,232975,1058769,1,0,0
2015-07-29,2015-07-29 00:00:00,Exxon,PILOT TRAVEL CENTERS LLC 103637 IW,MEMPHIS TN (MOC) - 00QE,ULSD,26442,-1,185092,0,27275,0,27275,27275,-1,0,-1,260250,0,w5,27275,0,260250,39663,-1,259129,Out,-1,Out,150,100,140,Below Trend,-1,On Track,07/30 00:00:00 CDT,-1,w5,0,2015-07-30 00:00:00,Contract,-1,Contract,1183515,-1,1183516,26442,-1,185092,39663,-1,259129,True,True,260250,1086044,1,0,0
2015-07-30,2015-07-30 00:00:00,Exxon,PILOT TRAVEL CENTERS LLC 103637 IW,MEMPHIS TN (MOC) - 00QE,ULSD,26442,-1,185092,0,45948,0,45948,45948,-1,0,-1,45948,0,w6,45948,0,45948,39663,-1,259129,Out,-1,Out,150,100,140,Above Trend,-1,Above Trend,07/31 00:00:00 CDT,-1,w6,0,2015-08-06 00:00:00,Contract,-1,Contract,1214847,-1,1214848,26442,-1,185092,39663,-1,259129,True,True,45948,1131992,1,0,0
2015-07-31,2015-07-31 00:00:00,Exxon,PILOT TRAVEL CENTERS LLC 103637 IW,MEMPHIS TN (MOC) - 00QE,ULSD,38988,-1,185092,0,30575,0,30575,30575,-1,0,-1,76523,0,w6,30575,0,76523,58482,-1,259129,Available,-1,Available,150,100,140,Below Trend,-1,On Track,08/01 00:00:00 CDT,-1,w6,0,2015-08-06 00:00:00,Contract,-1,Contract,1245029,-1,1245030,38988,-1,185092,58482,-1,259129,True,True,76523,1162567,1,0,0
