,date,supplier_name,account_type,supplier_terminal_name,product_name,base_gallons_Daily,base_gallons_Monthly,base_gallons_Weekly,lifted_gallons_daily_flag,lifted_gallons_daily_modified,Modified_WeeksByLiftedGallons,lifted_gallons_modified_WeeksByLiftedGallons,lifted_gallons_Daily,Lifted_actual_monthly,lifted_gallons_monthly_flag,lifted_gallons_Monthly,Lifted_actual_weekly,lifted_gallons_weekly_flag,WeeksByLiftedGallons,lifted_gallonsWeekly_modified_aposteriori,Modified_LiftedGallonsaposteriori,lifted_gallons_Weekly,beginning_gallons_Daily,beginning_gallons_Monthly,beginning_gallons_Weekly,en_allocation_status_Daily,en_allocation_status_Monthly,en_allocation_status_Weekly,percentage_allocation_Daily,percentage_allocation_Monthly,percentage_allocation_Weekly,alerts_ratability_Daily,alerts_ratability_Monthly,alerts_ratability_Weekly,next_refresh_date_Daily,next_refresh_date_Monthly,Week_switch,Modified_NRD,next_refresh_date_Weekly,en_account_type_Daily,en_account_type_Monthly,en_account_type_Weekly,staging_id_Daily,staging_id_Monthly,staging_id_Weekly,base_gallons_Daily_Reconciled,base_gallons_Monthly_Reconciled,base_gallons_Weekly_Reconciled,beginning_gallons_Daily_Reconciled,beginning_gallons_Monthly_Reconciled,beginning_gallons_Weekly_Reconciled,sanityWeekly_CumulativeDaily_WeeksByLiftedGallons,sanityWeekly_CumulativeDaily_NextRefreshDate,computedWeekly,computedMonthly,sanityComputedMonthly,sanityMonthly_CumulativeDaily_WeeksByLiftedGallons,sanityMonthly_CumulativeDaily_WeeksByNextRefreshDate
2015-07-01,2015-07-01 00:00:00,Exxon,PILOT TRAVEL CENTERS LLC 103637 IW,BATON ROUGE LA (MOC) - 00CE,Prem CG DS,362,-1,2534,0,0,0,0,0,-1,0,-1,6000,0,w1,0,0,6000,543,-1,3548,Available,-1,Available,150,100,140,Below Trend,-1,Above Trend,07/02 00:00:00 CDT,-1,w1,0,2015-07-02 00:00:00,Contract,-1,Contract,507926,-1,507927,362,-1,2534,543,-1,3548,True,True,0,0,1,0,0
2015-07-02,2015-07-02 00:00:00,Exxon,PILOT TRAVEL CENTERS LLC 103637 IW,BATON ROUGE LA (MOC) - 00CE,Prem CG DS,362,-1,2534,0,5500,0,5500,5500,-1,0,-1,5500,0,w2,5500,0,5500,543,-1,3548,Out,-1,Out,150,100,140,Above Trend,-1,Above Trend,07/03 00:00:00 CDT,-1,w2,0,2015-07-09 00:00:00,Contract,-1,Contract,527001,-1,527002,362,-1,2534,543,-1,3548,True,True,5500,5500,1,0,0
2015-07-03,2015-07-03 00:00:00,Exxon,PILOT TRAVEL CENTERS LLC 103637 IW,BATON ROUGE LA (MOC) - 00CE,Prem CG DS,362,-1,2534,0,0,0,0,0,-1,0,-1,5500,0,w2,0,0,5500,543,-1,3548,Out,-1,Out,150,100,140,Below Trend,-1,Above Trend,07/04 00:00:00 CDT,-1,w2,0,2015-07-09 00:00:00,Contract,-1,Contract,534842,-1,534843,362,-1,2534,543,-1,3548,True,True,5500,5500,1,0,0
2015-07-04,2015-07-04 00:00:00,Exxon,PILOT TRAVEL CENTERS LLC 103637 IW,BATON ROUGE LA (MOC) - 00CE,Prem CG DS,362,-1,2534,0,0,0,0,0,-1,0,-1,5500,0,w2,0,0,5500,543,-1,3548,Out,-1,Out,150,100,140,Below Trend,-1,Above Trend,07/05 00:00:00 CDT,-1,w2,0,2015-07-09 00:00:00,Contract,-1,Contract,540904,-1,540905,362,-1,2534,543,-1,3548,True,True,5500,5500,1,0,0
2015-07-05,2015-07-05 00:00:00,Exxon,PILOT TRAVEL CENTERS LLC 103637 IW,BATON ROUGE LA (MOC) - 00CE,Prem CG DS,362,-1,2534,0,0,0,0,0,-1,0,-1,5500,0,w2,0,0,5500,543,-1,3548,Out,-1,Out,150,100,140,Below Trend,-1,Above Trend,07/06 00:00:00 CDT,-1,w2,0,2015-07-09 00:00:00,Contract,-1,Contract,547347,-1,547348,362,-1,2534,543,-1,3548,True,True,5500,5500,1,0,0
2015-07-06,2015-07-06 00:00:00,Exxon,PILOT TRAVEL CENTERS LLC 103637 IW,BATON ROUGE LA (MOC) - 00CE,Prem CG DS,362,-1,2534,0,0,0,0,0,-1,0,-1,5500,0,w2,0,0,5500,543,-1,3548,Available,-1,Available,150,100,140,Below Trend,-1,Above Trend,07/07 00:00:00 CDT,-1,w2,0,2015-07-09 00:00:00,Contract,-1,Contract,553663,-1,553664,362,-1,2534,543,-1,3548,True,True,5500,5500,1,0,0
2015-07-07,2015-07-07 00:00:00,Exxon,PILOT TRAVEL CENTERS LLC 103637 IW,BATON ROUGE LA (MOC) - 00CE,Prem CG DS,362,-1,2534,0,1200,0,1200,1200,-1,0,-1,6700,0,w2,1200,0,6700,543,-1,3548,Available,-1,Available,150,100,140,Above Trend,-1,Above Trend,07/08 00:00:00 CDT,-1,w2,0,2015-07-09 00:00:00,Contract,-1,Contract,566676,-1,566677,362,-1,2534,543,-1,3548,True,True,6700,6700,1,0,0
2015-07-08,2015-07-08 00:00:00,Exxon,PILOT TRAVEL CENTERS LLC 103637 IW,BATON ROUGE LA (MOC) - 00CE,Prem CG DS,362,-1,2534,0,0,0,0,0,-1,0,-1,6700,0,w2,0,0,6700,543,-1,3548,Available,-1,Available,150,100,140,Below Trend,-1,Above Trend,07/09 00:00:00 CDT,-1,w2,0,2015-07-09 00:00:00,Contract,-1,Contract,576277,-1,576278,362,-1,2534,543,-1,3548,True,True,6700,6700,1,0,0
2015-07-09,2015-07-09 00:00:00,Exxon,PILOT TRAVEL CENTERS LLC 103637 IW,BATON ROUGE LA (MOC) - 00CE,Prem CG DS,362,-1,2534,6,0,0,-1,-1,-1,0,-1,-1,6,w3,-1,0,0,543,-1,3548,-1,-1,-1,100,100,100,-1,-1,-1,-1,-1,w3,1,2015-07-16 00:00:00,-1,-1,-1,-1,-1,-1,543,-1,3548,362,-1,2534,True,True,0,6700,1,0,0
2015-07-10,2015-07-10 00:00:00,Exxon,PILOT TRAVEL CENTERS LLC 103637 IW,BATON ROUGE LA (MOC) - 00CE,Prem CG DS,362,-1,2534,0,1200,0,1200,1200,-1,0,-1,1200,0,w3,1200,0,1200,543,-1,3548,Out,-1,Out,150,100,140,Above Trend,-1,Above Trend,07/11 00:00:00 CDT,-1,w3,0,2015-07-16 00:00:00,Contract,-1,Contract,609284,-1,609285,362,-1,2534,543,-1,3548,False,True,1200,7900,1,0,0
2015-07-11,2015-07-11 00:00:00,Exxon,PILOT TRAVEL CENTERS LLC 103637 IW,BATON ROUGE LA (MOC) - 00CE,Prem CG DS,362,-1,2534,0,0,0,0,0,-1,0,-1,1200,0,w3,0,0,1200,543,-1,3548,Available,-1,Available,150,100,140,Below Trend,-1,On Track,07/12 00:00:00 CDT,-1,w3,0,2015-07-16 00:00:00,Contract,-1,Contract,637898,-1,637899,362,-1,2534,543,-1,3548,False,True,1200,7900,1,0,0
2015-07-12,2015-07-12 00:00:00,Exxon,PILOT TRAVEL CENTERS LLC 103637 IW,BATON ROUGE LA (MOC) - 00CE,Prem CG DS,362,-1,2534,0,0,0,0,0,-1,0,-1,1200,0,w3,0,0,1200,543,-1,3548,Available,-1,Available,150,100,140,Below Trend,-1,Below Trend,07/13 00:00:00 CDT,-1,w3,0,2015-07-16 00:00:00,Contract,-1,Contract,667312,-1,667313,362,-1,2534,543,-1,3548,False,True,1200,7900,1,0,0
2015-07-13,2015-07-13 00:00:00,Exxon,PILOT TRAVEL CENTERS LLC 103637 IW,BATON ROUGE LA (MOC) - 00CE,Prem CG DS,362,-1,2534,0,0,0,0,0,-1,0,-1,1200,0,w3,0,0,1200,543,-1,3548,Available,-1,Available,150,100,140,Below Trend,-1,Below Trend,07/14 00:00:00 CDT,-1,w3,0,2015-07-16 00:00:00,Contract,-1,Contract,697908,-1,697909,362,-1,2534,543,-1,3548,False,True,1200,7900,1,0,0
2015-07-14,2015-07-14 00:00:00,Exxon,PILOT TRAVEL CENTERS LLC 103637 IW,BATON ROUGE LA (MOC) - 00CE,Prem CG DS,362,-1,2534,0,2303,0,2303,2303,-1,0,-1,3503,0,w3,2303,0,3503,543,-1,3548,Out,-1,Out,150,100,140,Above Trend,-1,On Track,07/15 00:00:00 CDT,-1,w3,0,2015-07-16 00:00:00,Contract,-1,Contract,730797,-1,730798,362,-1,2534,543,-1,3548,False,True,3503,10203,1,0,0
2015-07-15,2015-07-15 00:00:00,Exxon,PILOT TRAVEL CENTERS LLC 103637 IW,BATON ROUGE LA (MOC) - 00CE,Prem CG DS,362,-1,2534,0,1200,0,1200,1200,-1,0,-1,4703,0,w3,1200,0,4703,543,-1,3548,Out,-1,Out,150,100,140,Above Trend,-1,Above Trend,07/16 00:00:00 CDT,-1,w3,0,2015-07-16 00:00:00,Contract,-1,Contract,756271,-1,756272,362,-1,2534,543,-1,3548,False,True,4703,11403,1,0,0
2015-07-16,2015-07-16 00:00:00,Exxon,PILOT TRAVEL CENTERS LLC 103637 IW,BATON ROUGE LA (MOC) - 00CE,Prem CG DS,362,-1,2534,0,1900,0,1900,1900,-1,0,-1,1900,0,w4,1900,0,1900,543,-1,3548,Out,-1,Out,150,100,140,Above Trend,-1,Above Trend,07/17 00:00:00 CDT,-1,w4,0,2015-07-23 00:00:00,Contract,-1,Contract,788550,-1,788551,362,-1,2534,543,-1,3548,True,True,1900,13303,1,0,0
2015-07-17,2015-07-17 00:00:00,Exxon,PILOT TRAVEL CENTERS LLC 103637 IW,BATON ROUGE LA (MOC) - 00CE,Prem CG DS,362,-1,2534,0,1200,0,1200,1200,-1,0,-1,3100,0,w4,1200,0,3100,543,-1,3548,Out,-1,Out,150,100,140,Above Trend,-1,Above Trend,07/18 00:00:00 CDT,-1,w4,0,2015-07-23 00:00:00,Contract,-1,Contract,821597,-1,821598,362,-1,2534,543,-1,3548,True,True,3100,14503,1,0,0
2015-07-18,2015-07-18 00:00:00,Exxon,PILOT TRAVEL CENTERS LLC 103637 IW,BATON ROUGE LA (MOC) - 00CE,Prem CG DS,362,-1,2534,0,1250,0,1250,1250,-1,0,-1,4350,0,w4,1250,0,4350,543,-1,3548,Out,-1,Out,150,100,140,Above Trend,-1,Above Trend,07/19 00:00:00 CDT,-1,w4,0,2015-07-23 00:00:00,Contract,-1,Contract,852059,-1,852060,362,-1,2534,543,-1,3548,True,True,4350,15753,1,0,0
2015-07-19,2015-07-19 00:00:00,Exxon,PILOT TRAVEL CENTERS LLC 103637 IW,BATON ROUGE LA (MOC) - 00CE,Prem CG DS,362,-1,2534,0,0,0,0,0,-1,0,-1,4350,0,w4,0,0,4350,543,-1,3548,Out,-1,Out,150,100,140,Below Trend,-1,Above Trend,07/20 00:00:00 CDT,-1,w4,0,2015-07-23 00:00:00,Contract,-1,Contract,883320,-1,883321,362,-1,2534,543,-1,3548,True,True,4350,15753,1,0,0
2015-07-20,2015-07-20 00:00:00,Exxon,PILOT TRAVEL CENTERS LLC 103637 IW,BATON ROUGE LA (MOC) - 00CE,Prem CG DS,362,-1,2534,0,0,0,0,0,-1,0,-1,4350,0,w4,0,0,4350,543,-1,3548,Available,-1,Available,150,100,140,Below Trend,-1,Above Trend,07/21 00:00:00 CDT,-1,w4,0,2015-07-23 00:00:00,Contract,-1,Contract,913686,-1,913687,362,-1,2534,543,-1,3548,True,True,4350,15753,1,0,0
2015-07-21,2015-07-21 00:00:00,Exxon,PILOT TRAVEL CENTERS LLC 103637 IW,BATON ROUGE LA (MOC) - 00CE,Prem CG DS,362,-1,2534,0,1200,0,1200,1200,-1,0,-1,5550,0,w4,1200,0,5550,543,-1,3548,Available,-1,Available,150,100,140,Above Trend,-1,Above Trend,07/22 00:00:00 CDT,-1,w4,0,2015-07-23 00:00:00,Contract,-1,Contract,942873,-1,942874,362,-1,2534,543,-1,3548,True,True,5550,16953,1,0,0
2015-07-22,2015-07-22 00:00:00,Exxon,PILOT TRAVEL CENTERS LLC 103637 IW,BATON ROUGE LA (MOC) - 00CE,Prem CG DS,362,-1,2534,0,0,0,0,0,-1,0,-1,5550,0,w4,0,0,5550,543,-1,3548,Available,-1,Available,150,100,140,Below Trend,-1,Above Trend,07/23 00:00:00 CDT,-1,w4,0,2015-07-23 00:00:00,Contract,-1,Contract,976302,-1,976303,362,-1,2534,543,-1,3548,True,True,5550,16953,1,0,0
2015-07-23,2015-07-23 00:00:00,Exxon,PILOT TRAVEL CENTERS LLC 103637 IW,BATON ROUGE LA (MOC) - 00CE,Prem CG DS,362,-1,2534,0,1200,0,1200,1200,-1,0,-1,1200,0,w5,1200,0,1200,543,-1,3548,Out,-1,Out,150,100,140,Above Trend,-1,Above Trend,07/24 00:00:00 CDT,-1,w5,0,2015-07-30 00:00:00,Contract,-1,Contract,1002966,-1,1002967,362,-1,2534,543,-1,3548,True,True,1200,18153,1,0,0
2015-07-24,2015-07-24 00:00:00,Exxon,PILOT TRAVEL CENTERS LLC 103637 IW,BATON ROUGE LA (MOC) - 00CE,Prem CG DS,362,-1,2534,0,1200,0,1200,1200,-1,0,-1,2400,0,w5,1200,0,2400,543,-1,3548,Out,-1,Out,150,100,140,Above Trend,-1,Above Trend,07/25 00:00:00 CDT,-1,w5,0,2015-07-30 00:00:00,Contract,-1,Contract,1033211,-1,1033212,362,-1,2534,543,-1,3548,True,True,2400,19353,1,0,0
2015-07-25,2015-07-25 00:00:00,Exxon,PILOT TRAVEL CENTERS LLC 103637 IW,BATON ROUGE LA (MOC) - 00CE,Prem CG DS,362,-1,2534,0,1200,0,1200,1200,-1,0,-1,3600,0,w5,1200,0,3600,543,-1,3548,Out,-1,Out,150,100,140,Above Trend,-1,Above Trend,07/26 00:00:00 CDT,-1,w5,0,2015-07-30 00:00:00,Contract,-1,Contract,1063521,-1,1063522,362,-1,2534,543,-1,3548,True,True,3600,20553,1,0,0
2015-07-26,2015-07-26 00:00:00,Exxon,PILOT TRAVEL CENTERS LLC 103637 IW,BATON ROUGE LA (MOC) - 00CE,Prem CG DS,362,-1,2534,0,0,0,0,0,-1,0,-1,3600,0,w5,0,0,3600,543,-1,3548,Out,-1,Out,150,100,140,Below Trend,-1,Above Trend,07/27 00:00:00 CDT,-1,w5,0,2015-07-30 00:00:00,Contract,-1,Contract,1093576,-1,1093577,362,-1,2534,543,-1,3548,True,True,3600,20553,1,0,0
2015-07-27,2015-07-27 00:00:00,Exxon,PILOT TRAVEL CENTERS LLC 103637 IW,BATON ROUGE LA (MOC) - 00CE,Prem CG DS,362,-1,2534,0,1100,0,1100,1100,-1,0,-1,4700,0,w5,1100,0,4700,543,-1,3548,Available,-1,Available,150,100,140,Above Trend,-1,Above Trend,07/28 00:00:00 CDT,-1,w5,0,2015-07-30 00:00:00,Contract,-1,Contract,1123886,-1,1123887,362,-1,2534,543,-1,3548,True,True,4700,21653,1,0,0
2015-07-28,2015-07-28 00:00:00,Exxon,PILOT TRAVEL CENTERS LLC 103637 IW,BATON ROUGE LA (MOC) - 00CE,Prem CG DS,362,-1,2534,0,1000,0,1000,1000,-1,0,-1,5700,0,w5,1000,0,5700,543,-1,3548,Available,-1,Available,150,100,140,Above Trend,-1,Above Trend,07/29 00:00:00 CDT,-1,w5,0,2015-07-30 00:00:00,Contract,-1,Contract,1154196,-1,1154197,362,-1,2534,543,-1,3548,True,True,5700,22653,1,0,0
2015-07-29,2015-07-29 00:00:00,Exxon,PILOT TRAVEL CENTERS LLC 103637 IW,BATON ROUGE LA (MOC) - 00CE,Prem CG DS,362,-1,2534,0,0,0,0,0,-1,0,-1,5700,0,w5,0,0,5700,543,-1,3548,Available,-1,Available,150,100,140,Below Trend,-1,Above Trend,07/30 00:00:00 CDT,-1,w5,0,2015-07-30 00:00:00,Contract,-1,Contract,1183483,-1,1183484,362,-1,2534,543,-1,3548,True,True,5700,22653,1,0,0
2015-07-30,2015-07-30 00:00:00,Exxon,PILOT TRAVEL CENTERS LLC 103637 IW,BATON ROUGE LA (MOC) - 00CE,Prem CG DS,362,-1,2534,0,0,0,0,0,-1,0,-1,0,0,w6,0,0,0,543,-1,3548,Available,-1,Available,150,100,140,Below Trend,-1,Below Trend,07/31 00:00:00 CDT,-1,w6,0,2015-08-06 00:00:00,Contract,-1,Contract,1214816,-1,1214817,362,-1,2534,543,-1,3548,True,True,0,22653,1,0,0
2015-07-31,2015-07-31 00:00:00,Exxon,PILOT TRAVEL CENTERS LLC 103637 IW,BATON ROUGE LA (MOC) - 00CE,Prem CG DS,362,-1,2534,0,1200,0,1200,1200,-1,0,-1,1200,0,w6,1200,0,1200,543,-1,3548,Out,-1,Out,150,100,140,Above Trend,-1,Above Trend,08/01 00:00:00 CDT,-1,w6,0,2015-08-06 00:00:00,Contract,-1,Contract,1244999,-1,1245000,362,-1,2534,543,-1,3548,True,True,1200,23853,1,0,0
