,date,supplier_name,account_type,supplier_terminal_name,product_name,base_gallons_Daily,base_gallons_Monthly,base_gallons_Weekly,lifted_gallons_daily_flag,lifted_gallons_daily_modified,Modified_WeeksByLiftedGallons,lifted_gallons_modified_WeeksByLiftedGallons,lifted_gallons_Daily,Lifted_actual_monthly,lifted_gallons_monthly_flag,lifted_gallons_Monthly,Lifted_actual_weekly,lifted_gallons_weekly_flag,WeeksByLiftedGallons,lifted_gallonsWeekly_modified_aposteriori,Modified_LiftedGallonsaposteriori,lifted_gallons_Weekly,beginning_gallons_Daily,beginning_gallons_Monthly,beginning_gallons_Weekly,en_allocation_status_Daily,en_allocation_status_Monthly,en_allocation_status_Weekly,percentage_allocation_Daily,percentage_allocation_Monthly,percentage_allocation_Weekly,alerts_ratability_Daily,alerts_ratability_Monthly,alerts_ratability_Weekly,next_refresh_date_Daily,next_refresh_date_Monthly,Week_switch,Modified_NRD,next_refresh_date_Weekly,en_account_type_Daily,en_account_type_Monthly,en_account_type_Weekly,staging_id_Daily,staging_id_Monthly,staging_id_Weekly,base_gallons_Daily_Reconciled,base_gallons_Monthly_Reconciled,base_gallons_Weekly_Reconciled,beginning_gallons_Daily_Reconciled,beginning_gallons_Monthly_Reconciled,beginning_gallons_Weekly_Reconciled,sanityWeekly_CumulativeDaily_WeeksByLiftedGallons,sanityWeekly_CumulativeDaily_NextRefreshDate,computedWeekly,computedMonthly,sanityComputedMonthly,sanityMonthly_CumulativeDaily_WeeksByLiftedGallons,sanityMonthly_CumulativeDaily_WeeksByNextRefreshDate
2015-07-01,2015-07-01 00:00:00,Exxon,PILOT TRAVEL CENTERS LLC 103637 IW,DES PLAINES IL (MOC) - 00BN,ULSD,20529,-1,143703,0,29798,0,29798,29798,-1,0,-1,141573,0,w1,29798,0,141573,30794,-1,201184,Available,-1,Available,150,100,140,On Track,-1,Below Trend,07/02 00:00:00 CDT,-1,w1,0,2015-07-02 00:00:00,Contract,-1,Contract,507936,-1,507937,20529,-1,143703,30794,-1,201184,True,True,29798,29798,1,0,0
2015-07-02,2015-07-02 00:00:00,Exxon,PILOT TRAVEL CENTERS LLC 103637 IW,DES PLAINES IL (MOC) - 00BN,ULSD,20529,-1,143703,0,22362,0,22362,22362,-1,0,-1,22362,0,w2,22362,0,22362,30794,-1,201184,Available,-1,Available,150,100,140,Above Trend,-1,Above Trend,07/03 00:00:00 CDT,-1,w2,0,2015-07-09 00:00:00,Contract,-1,Contract,527011,-1,527012,20529,-1,143703,30794,-1,201184,True,True,22362,52160,1,0,0
2015-07-03,2015-07-03 00:00:00,Exxon,PILOT TRAVEL CENTERS LLC 103637 IW,DES PLAINES IL (MOC) - 00BN,ULSD,20529,-1,143703,3,22300,1,22300,14850,-1,0,-1,44662,0,w2,14850,0,44662,30794,-1,201184,Available,-1,Available,150,100,140,Above Trend,-1,On Track,07/04 00:00:00 CDT,-1,w2,0,2015-07-09 00:00:00,Contract,-1,Contract,534852,-1,534853,20529,-1,143703,30794,-1,201184,True,True,44662,74460,1,0,0
2015-07-04,2015-07-04 00:00:00,Exxon,PILOT TRAVEL CENTERS LLC 103637 IW,DES PLAINES IL (MOC) - 00BN,ULSD,20529,-1,143703,3,7403,1,7403,0,-1,0,-1,52065,0,w2,0,0,52065,30794,-1,201184,Available,-1,Available,150,100,140,Below Trend,-1,Below Trend,07/05 00:00:00 CDT,-1,w2,0,2015-07-09 00:00:00,Contract,-1,Contract,540914,-1,540915,20529,-1,143703,30794,-1,201184,True,True,52065,81863,1,0,0
2015-07-05,2015-07-05 00:00:00,Exxon,PILOT TRAVEL CENTERS LLC 103637 IW,DES PLAINES IL (MOC) - 00BN,ULSD,20529,-1,143703,3,7402,1,7402,0,-1,0,-1,59467,0,w2,0,0,59467,30794,-1,201184,Available,-1,Available,150,100,140,Below Trend,-1,Below Trend,07/06 00:00:00 CDT,-1,w2,0,2015-07-09 00:00:00,Contract,-1,Contract,547357,-1,547358,20529,-1,143703,30794,-1,201184,True,True,59467,89265,1,0,0
2015-07-06,2015-07-06 00:00:00,Exxon,PILOT TRAVEL CENTERS LLC 103637 IW,DES PLAINES IL (MOC) - 00BN,ULSD,20529,-1,143703,3,14904,1,14904,7451,-1,0,-1,74371,0,w2,7451,0,74371,30794,-1,201184,Available,-1,Available,150,100,140,Below Trend,-1,Below Trend,07/07 00:00:00 CDT,-1,w2,0,2015-07-09 00:00:00,Contract,-1,Contract,553673,-1,553674,20529,-1,143703,30794,-1,201184,True,True,74371,104169,1,0,0
2015-07-07,2015-07-07 00:00:00,Exxon,PILOT TRAVEL CENTERS LLC 103637 IW,DES PLAINES IL (MOC) - 00BN,ULSD,20529,-1,143703,3,29819,1,29819,14915,-1,0,-1,104190,0,w2,14915,0,104190,30794,-1,201184,Available,-1,Available,150,100,140,Below Trend,-1,Below Trend,07/08 00:00:00 CDT,-1,w2,0,2015-07-09 00:00:00,Contract,-1,Contract,566686,-1,566687,20529,-1,143703,30794,-1,201184,True,True,104190,133988,1,0,0
2015-07-08,2015-07-08 00:00:00,Exxon,PILOT TRAVEL CENTERS LLC 103637 IW,DES PLAINES IL (MOC) - 00BN,ULSD,20529,-1,143703,3,22308,1,22308,7458,-1,0,-1,126498,0,w2,7458,0,126498,30794,-1,201184,Available,-1,Available,150,100,140,Below Trend,-1,Below Trend,07/09 00:00:00 CDT,-1,w2,0,2015-07-09 00:00:00,Contract,-1,Contract,576287,-1,576288,20529,-1,143703,30794,-1,201184,True,True,126498,156296,1,0,0
2015-07-09,2015-07-09 00:00:00,Exxon,PILOT TRAVEL CENTERS LLC 103637 IW,DES PLAINES IL (MOC) - 00BN,ULSD,19615,-1,143703,6,22357,0,-1,-1,-1,0,-1,-1,6,w3,-1,0,22357,29423,-1,201184,-1,-1,-1,100,100,100,-1,-1,-1,-1,-1,w3,1,2015-07-16 00:00:00,-1,-1,-1,-1,-1,-1,29423,-1,201184,19615,-1,143703,True,True,22357,178653,1,0,0
2015-07-10,2015-07-10 00:00:00,Exxon,PILOT TRAVEL CENTERS LLC 103637 IW,DES PLAINES IL (MOC) - 00BN,ULSD,20529,-1,143703,0,22364,0,22364,22364,-1,0,-1,44721,0,w3,22364,0,44721,30794,-1,201184,Available,-1,Available,150,100,140,Below Trend,-1,Below Trend,07/11 00:00:00 CDT,-1,w3,0,2015-07-16 00:00:00,Contract,-1,Contract,609294,-1,609295,20529,-1,143703,30794,-1,201184,False,True,44721,201017,1,0,0
2015-07-11,2015-07-11 00:00:00,Exxon,PILOT TRAVEL CENTERS LLC 103637 IW,DES PLAINES IL (MOC) - 00BN,ULSD,20529,-1,143703,0,14902,0,14902,14902,-1,0,-1,59623,0,w3,14902,0,59623,30794,-1,201184,Available,-1,Available,150,100,140,Below Trend,-1,Below Trend,07/12 00:00:00 CDT,-1,w3,0,2015-07-16 00:00:00,Contract,-1,Contract,637908,-1,637909,20529,-1,143703,30794,-1,201184,False,True,59623,215919,1,0,0
2015-07-12,2015-07-12 00:00:00,Exxon,PILOT TRAVEL CENTERS LLC 103637 IW,DES PLAINES IL (MOC) - 00BN,ULSD,20529,-1,143703,0,7451,0,7451,7451,-1,0,-1,67074,0,w3,7451,0,67074,30794,-1,201184,Available,-1,Available,150,100,140,Below Trend,-1,Below Trend,07/13 00:00:00 CDT,-1,w3,0,2015-07-16 00:00:00,Contract,-1,Contract,667322,-1,667323,20529,-1,143703,30794,-1,201184,False,True,67074,223370,1,0,0
2015-07-13,2015-07-13 00:00:00,Exxon,PILOT TRAVEL CENTERS LLC 103637 IW,DES PLAINES IL (MOC) - 00BN,ULSD,20529,-1,143703,0,22364,0,22364,22364,-1,0,-1,89438,0,w3,22364,0,89438,30794,-1,201184,Available,-1,Available,150,100,140,Below Trend,-1,Below Trend,07/14 00:00:00 CDT,-1,w3,0,2015-07-16 00:00:00,Contract,-1,Contract,697918,-1,697919,20529,-1,143703,30794,-1,201184,False,True,89438,245734,1,0,0
2015-07-14,2015-07-14 00:00:00,Exxon,PILOT TRAVEL CENTERS LLC 103637 IW,DES PLAINES IL (MOC) - 00BN,ULSD,20529,-1,143703,0,29815,0,29815,29815,-1,0,-1,119253,0,w3,29815,0,119253,30794,-1,201184,Available,-1,Available,150,100,140,On Track,-1,Below Trend,07/15 00:00:00 CDT,-1,w3,0,2015-07-16 00:00:00,Contract,-1,Contract,730807,-1,730808,20529,-1,143703,30794,-1,201184,False,True,119253,275549,1,0,0
2015-07-15,2015-07-15 00:00:00,Exxon,PILOT TRAVEL CENTERS LLC 103637 IW,DES PLAINES IL (MOC) - 00BN,ULSD,20529,-1,143703,0,22365,0,22365,22365,-1,0,-1,141618,0,w3,22365,0,141618,30794,-1,201184,Available,-1,Available,150,100,140,Below Trend,-1,Below Trend,07/16 00:00:00 CDT,-1,w3,0,2015-07-16 00:00:00,Contract,-1,Contract,756281,-1,756282,20529,-1,143703,30794,-1,201184,False,True,141618,297914,1,0,0
2015-07-16,2015-07-16 00:00:00,Exxon,PILOT TRAVEL CENTERS LLC 103637 IW,DES PLAINES IL (MOC) - 00BN,ULSD,20529,-1,143703,0,22365,0,22365,22365,-1,0,-1,22365,0,w4,22365,0,22365,30794,-1,201184,Available,-1,Available,150,100,140,Below Trend,-1,On Track,07/17 00:00:00 CDT,-1,w4,0,2015-07-23 00:00:00,Contract,-1,Contract,788560,-1,788561,20529,-1,143703,30794,-1,201184,True,True,22365,320279,1,0,0
2015-07-17,2015-07-17 00:00:00,Exxon,PILOT TRAVEL CENTERS LLC 103637 IW,DES PLAINES IL (MOC) - 00BN,ULSD,20529,-1,143703,0,14909,0,14909,14909,-1,0,-1,37274,0,w4,14909,0,37274,30794,-1,201184,Available,-1,Available,150,100,140,Below Trend,-1,Below Trend,07/18 00:00:00 CDT,-1,w4,0,2015-07-23 00:00:00,Contract,-1,Contract,821607,-1,821608,20529,-1,143703,30794,-1,201184,True,True,37274,335188,1,0,0
2015-07-18,2015-07-18 00:00:00,Exxon,PILOT TRAVEL CENTERS LLC 103637 IW,DES PLAINES IL (MOC) - 00BN,ULSD,20529,-1,143703,0,22363,0,22363,22363,-1,0,-1,59637,0,w4,22363,0,59637,30794,-1,201184,Available,-1,Available,150,100,140,Below Trend,-1,Below Trend,07/19 00:00:00 CDT,-1,w4,0,2015-07-23 00:00:00,Contract,-1,Contract,852069,-1,852070,20529,-1,143703,30794,-1,201184,True,True,59637,357551,1,0,0
2015-07-19,2015-07-19 00:00:00,Exxon,PILOT TRAVEL CENTERS LLC 103637 IW,DES PLAINES IL (MOC) - 00BN,ULSD,20529,-1,143703,0,7451,0,7451,7451,-1,0,-1,67088,0,w4,7451,0,67088,30794,-1,201184,Available,-1,Available,150,100,140,Below Trend,-1,Below Trend,07/20 00:00:00 CDT,-1,w4,0,2015-07-23 00:00:00,Contract,-1,Contract,883330,-1,883331,20529,-1,143703,30794,-1,201184,True,True,67088,365002,1,0,0
2015-07-20,2015-07-20 00:00:00,Exxon,PILOT TRAVEL CENTERS LLC 103637 IW,DES PLAINES IL (MOC) - 00BN,ULSD,20529,-1,143703,0,14912,0,14912,14912,-1,0,-1,82000,0,w4,14912,0,82000,30794,-1,201184,Available,-1,Available,150,100,140,Below Trend,-1,Below Trend,07/21 00:00:00 CDT,-1,w4,0,2015-07-23 00:00:00,Contract,-1,Contract,913696,-1,913697,20529,-1,143703,30794,-1,201184,True,True,82000,379914,1,0,0
2015-07-21,2015-07-21 00:00:00,Exxon,PILOT TRAVEL CENTERS LLC 103637 IW,DES PLAINES IL (MOC) - 00BN,ULSD,20529,-1,143703,3,29814,1,29814,22363,-1,0,-1,111814,0,w4,22363,0,111814,30794,-1,201184,Available,-1,Available,150,100,140,Below Trend,-1,Below Trend,07/22 00:00:00 CDT,-1,w4,0,2015-07-23 00:00:00,Contract,-1,Contract,942883,-1,942884,20529,-1,143703,30794,-1,201184,True,True,111814,409728,1,0,0
2015-07-22,2015-07-22 00:00:00,Exxon,PILOT TRAVEL CENTERS LLC 103637 IW,DES PLAINES IL (MOC) - 00BN,ULSD,20529,-1,143703,3,29815,1,29815,22364,-1,0,-1,141629,0,w4,22364,0,141629,30794,-1,201184,Available,-1,Available,150,100,140,Below Trend,-1,Below Trend,07/23 00:00:00 CDT,-1,w4,0,2015-07-23 00:00:00,Contract,-1,Contract,976312,-1,976313,20529,-1,143703,30794,-1,201184,True,True,141629,439543,1,0,0
2015-07-23,2015-07-23 00:00:00,Exxon,PILOT TRAVEL CENTERS LLC 103637 IW,DES PLAINES IL (MOC) - 00BN,ULSD,20529,-1,143703,0,22358,0,22358,22358,-1,0,-1,22358,0,w5,22358,0,22358,30794,-1,201184,Available,-1,Available,150,100,140,Below Trend,-1,On Track,07/24 00:00:00 CDT,-1,w5,0,2015-07-30 00:00:00,Contract,-1,Contract,1002976,-1,1002977,20529,-1,143703,30794,-1,201184,True,True,22358,461901,1,0,0
2015-07-24,2015-07-24 00:00:00,Exxon,PILOT TRAVEL CENTERS LLC 103637 IW,DES PLAINES IL (MOC) - 00BN,ULSD,20529,-1,143703,0,22363,0,22363,22363,-1,0,-1,44721,0,w5,22363,0,44721,30794,-1,201184,Available,-1,Available,150,100,140,Below Trend,-1,Below Trend,07/25 00:00:00 CDT,-1,w5,0,2015-07-30 00:00:00,Contract,-1,Contract,1033221,-1,1033222,20529,-1,143703,30794,-1,201184,True,True,44721,484264,1,0,0
2015-07-25,2015-07-25 00:00:00,Exxon,PILOT TRAVEL CENTERS LLC 103637 IW,DES PLAINES IL (MOC) - 00BN,ULSD,20529,-1,143703,0,14900,0,14900,14900,-1,0,-1,59621,0,w5,14900,0,59621,30794,-1,201184,Available,-1,Available,150,100,140,Below Trend,-1,Below Trend,07/26 00:00:00 CDT,-1,w5,0,2015-07-30 00:00:00,Contract,-1,Contract,1063531,-1,1063532,20529,-1,143703,30794,-1,201184,True,True,59621,499164,1,0,0
2015-07-26,2015-07-26 00:00:00,Exxon,PILOT TRAVEL CENTERS LLC 103637 IW,DES PLAINES IL (MOC) - 00BN,ULSD,20529,-1,143703,0,7451,0,7451,7451,-1,0,-1,67072,0,w5,7451,0,67072,30794,-1,201184,Available,-1,Available,150,100,140,Below Trend,-1,Below Trend,07/27 00:00:00 CDT,-1,w5,0,2015-07-30 00:00:00,Contract,-1,Contract,1093586,-1,1093587,20529,-1,143703,30794,-1,201184,True,True,67072,506615,1,0,0
2015-07-27,2015-07-27 00:00:00,Exxon,PILOT TRAVEL CENTERS LLC 103637 IW,DES PLAINES IL (MOC) - 00BN,ULSD,20529,-1,143703,0,29366,0,29366,29366,-1,0,-1,96438,0,w5,29366,0,96438,30794,-1,201184,Available,-1,Available,150,100,140,On Track,-1,Below Trend,07/28 00:00:00 CDT,-1,w5,0,2015-07-30 00:00:00,Contract,-1,Contract,1123896,-1,1123897,20529,-1,143703,30794,-1,201184,True,True,96438,535981,1,0,0
2015-07-28,2015-07-28 00:00:00,Exxon,PILOT TRAVEL CENTERS LLC 103637 IW,DES PLAINES IL (MOC) - 00BN,ULSD,20529,-1,143703,0,29817,0,29817,29817,-1,0,-1,126255,0,w5,29817,0,126255,30794,-1,201184,Available,-1,Available,150,100,140,On Track,-1,Below Trend,07/29 00:00:00 CDT,-1,w5,0,2015-07-30 00:00:00,Contract,-1,Contract,1154206,-1,1154207,20529,-1,143703,30794,-1,201184,True,True,126255,565798,1,0,0
2015-07-29,2015-07-29 00:00:00,Exxon,PILOT TRAVEL CENTERS LLC 103637 IW,DES PLAINES IL (MOC) - 00BN,ULSD,20529,-1,143703,0,22373,0,22373,22373,-1,0,-1,148628,0,w5,22373,0,148628,30794,-1,201184,Available,-1,Available,150,100,140,Below Trend,-1,Below Trend,07/30 00:00:00 CDT,-1,w5,0,2015-07-30 00:00:00,Contract,-1,Contract,1183495,-1,1183496,20529,-1,143703,30794,-1,201184,True,True,148628,588171,1,0,0
2015-07-30,2015-07-30 00:00:00,Exxon,PILOT TRAVEL CENTERS LLC 103637 IW,DES PLAINES IL (MOC) - 00BN,ULSD,20529,-1,143703,0,29809,0,29809,29809,-1,0,-1,29809,0,w6,29809,0,29809,30794,-1,201184,Available,-1,Available,150,100,140,On Track,-1,On Track,07/31 00:00:00 CDT,-1,w6,0,2015-08-06 00:00:00,Contract,-1,Contract,1214828,-1,1214829,20529,-1,143703,30794,-1,201184,True,True,29809,617980,1,0,0
2015-07-31,2015-07-31 00:00:00,Exxon,PILOT TRAVEL CENTERS LLC 103637 IW,DES PLAINES IL (MOC) - 00BN,ULSD,19615,-1,143703,3,29811,1,29811,22360,-1,0,-1,59620,0,w6,22360,0,59620,29423,-1,201184,Available,-1,Available,150,100,140,Below Trend,-1,On Track,08/01 00:00:00 CDT,-1,w6,0,2015-08-06 00:00:00,Contract,-1,Contract,1245011,-1,1245012,19615,-1,143703,29423,-1,201184,True,True,59620,647791,1,0,0
