,date,supplier_name,account_type,supplier_terminal_name,product_name,base_gallons_Daily,base_gallons_Weekly,lifted_gallons_daily_flag,lifted_gallons_daily_modified,Modified_WeeksByLiftedGallons,lifted_gallons_modified_WeeksByLiftedGallons,lifted_gallons_Daily,Lifted_actual_weekly,lifted_gallons_weekly_flag,WeeksByLiftedGallons,lifted_gallonsWeekly_modified_aposteriori,Modified_LiftedGallonsaposteriori,lifted_gallons_Weekly,beginning_gallons_Daily,beginning_gallons_Weekly,en_allocation_status_Daily,en_allocation_status_Weekly,percentage_allocation_Daily,percentage_allocation_Weekly,alerts_ratability_Daily,alerts_ratability_Weekly,next_refresh_date_Daily,Week_switch,Modified_NRD,next_refresh_date_Weekly,en_account_type_Daily,en_account_type_Weekly,NRB_Daily,next_refresh_base_gallons_Daily,next_refresh_base_gallons_Weekly,remaining_gallons_Daily,remaining_gallons_Weekly,additional_gallons_allowed_Daily,additional_gallons_allowed_Weekly,additional_gallons_remaining_Daily,additional_gallons_remaining_Weekly,staging_id_Daily,staging_id_Weekly,base_gallons_Monthly,Lifted_actual_monthly,lifted_gallons_monthly_flag,lifted_gallons_Monthly,beginning_gallons_Monthly,en_allocation_status_Monthly,percentage_allocation_Monthly,alerts_ratability_Monthly,next_refresh_date_Monthly,NRB_Monthly,next_refresh_base_gallons_Monthly,remaining_gallons_Monthly,additional_gallons_allowed_Monthly,additional_gallons_remaining_Monthly,base_gallons_Daily_Reconciled,base_gallons_Monthly_Reconciled,beginning_gallons_Daily_Reconciled,beginning_gallons_Monthly_Reconciled,beginning_gallons_Weekly_Reconciled,sanityWeekly_CumulativeDaily_WeeksByLiftedGallons,sanityWeekly_CumulativeDaily_NextRefreshDate,computedWeekly,computedMonthly,sanityComputedMonthly,remaining_gallons_Daily_Reconciled,remaining_gallons_Monthly_Reconciled,remaining_gallons_Weekly_Reconciled,additional_gallons_remaining_Daily_Reconciled,additional_gallons_remaining_Monthly_Reconciled,additional_gallons_remaining_Weekly_Reconciled,sanityMonthly_CumulativeDaily_WeeksByLiftedGallons,sanityMonthly_CumulativeDaily_WeeksByNextRefreshDate
2015-06-01,2015-06-01 00:00:00,BP,50 - Commercial,SOUTH BEND IN - BUCKEYE (PLANT 9121),DIESEL,75778,530444,0,-1,0,-1,-1,-1,0,w1,-1,0,-1,151556.0,530444.0,-1,-1,100,100,-1,-1,-1,w1,1,2015-06-03 00:00:00,-1,-1,75778,-1,-1,-1,-1,-1,-1,-1,-1,-1,-1,0,-1,0,-1,0,-1,100,-1,-1,0,-1,-1,-1,-1,151556,-1,75778,0,530444,True,True,0,0,0,151557,1,530445,-1,-1,-1,1,1
2015-06-02,2015-06-02 00:00:00,BP,50 - Commercial,SOUTH BEND IN - BUCKEYE (PLANT 9121),DIESEL,75778,530444,0,-1,0,-1,-1,-1,0,w1,-1,0,-1,151556.0,530444.0,-1,-1,100,100,-1,-1,-1,w1,1,2015-06-03 00:00:00,-1,-1,75778,-1,-1,-1,-1,-1,-1,-1,-1,-1,-1,0,-1,0,-1,0,-1,100,-1,-1,0,-1,-1,-1,-1,151556,-1,75778,0,530444,False,False,0,0,0,151557,1,530445,-1,-1,-1,0,0
2015-06-03,2015-06-03 00:00:00,BP,50 - Commercial,SOUTH BEND IN - BUCKEYE (PLANT 9121),DIESEL,75778,530444,0,30105,0,30105,30105,30105,0,w1,30105,0,30105,151556.0,530444.0,Unknown,Unknown,200,100,,,06/04 00:00:00 EDT,w2,0,2015-06-10 00:00:00,Contract,Contract,75778,75778,530444,121451,500339,0,0,0,0,662,663,0,0,0,0,0,0,0,0,0,0,0,0,0,0,75778,-1,151556,0,530444,False,True,0,0,0,121451,0,500339,-1,-1,-1,0,0
2015-06-04,2015-06-04 00:00:00,BP,50 - Commercial,SOUTH BEND IN - BUCKEYE (PLANT 9121),DIESEL,75778,530444,3,67210,1,67210,14904,97315,0,w1,14904,0,97315,151556.0,530444.0,Unknown,Unknown,200,100,,,06/05 00:00:00 EDT,w2,0,2015-06-10 00:00:00,Contract,Contract,75778,75778,530444,136652,433129,0,0,0,0,1100,1101,0,0,0,0,0,0,0,0,0,0,0,0,0,0,75778,-1,151556,0,530444,False,True,0,0,0,84346,0,433129,-1,-1,-1,0,0
2015-06-05,2015-06-05 00:00:00,BP,50 - Commercial,SOUTH BEND IN - BUCKEYE (PLANT 9121),DIESEL,75778,530444,3,111759,1,111759,7501,209074,0,w1,7501,0,209074,151556.0,530444.0,Unknown,Unknown,200,100,,,06/06 00:00:00 EDT,w2,0,2015-06-10 00:00:00,Contract,Contract,75778,75778,530444,144055,321370,0,0,0,0,1163,1164,0,0,0,0,0,0,0,0,0,0,0,0,0,0,75778,-1,151556,0,530444,False,True,0,0,0,39797,0,321370,-1,-1,-1,0,0
2015-06-06,2015-06-06 00:00:00,BP,50 - Commercial,SOUTH BEND IN - BUCKEYE (PLANT 9121),DIESEL,75778,530444,0,-1,0,-1,-1,-1,0,w2,-1,0,-1,151556.0,530444.0,-1,-1,100,100,-1,-1,-1,w2,1,2015-06-10 00:00:00,-1,-1,75778,-1,-1,-1,-1,-1,-1,-1,-1,-1,-1,0,-1,0,-1,0,-1,100,-1,-1,0,-1,-1,-1,-1,151556,-1,75778,0,530444,True,False,0,0,0,151557,1,530445,-1,-1,-1,0,0
2015-06-07,2015-06-07 00:00:00,BP,50 - Commercial,SOUTH BEND IN - BUCKEYE (PLANT 9121),DIESEL,75778,530444,0,-1,0,-1,-1,-1,0,w2,-1,0,-1,151556.0,530444.0,-1,-1,100,100,-1,-1,-1,w2,1,2015-06-10 00:00:00,-1,-1,75778,-1,-1,-1,-1,-1,-1,-1,-1,-1,-1,0,-1,0,-1,0,-1,100,-1,-1,0,-1,-1,-1,-1,151556,-1,75778,0,530444,False,False,0,0,0,151557,1,530445,-1,-1,-1,0,0
2015-06-08,2015-06-08 00:00:00,BP,50 - Commercial,SOUTH BEND IN - BUCKEYE (PLANT 9121),DIESEL,75778,530444,0,-1,0,-1,-1,-1,0,w2,-1,0,-1,151556.0,530444.0,-1,-1,100,100,-1,-1,-1,w2,1,2015-06-10 00:00:00,-1,-1,75778,-1,-1,-1,-1,-1,-1,-1,-1,-1,-1,0,-1,0,-1,0,-1,100,-1,-1,0,-1,-1,-1,-1,151556,-1,75778,0,530444,False,False,0,0,0,151557,1,530445,-1,-1,-1,0,0
2015-06-09,2015-06-09 00:00:00,BP,50 - Commercial,SOUTH BEND IN - BUCKEYE (PLANT 9121),DIESEL,75778,530444,0,-1,0,-1,-1,-1,0,w2,-1,0,-1,151556.0,530444.0,-1,-1,100,100,-1,-1,-1,w2,1,2015-06-10 00:00:00,-1,-1,75778,-1,-1,-1,-1,-1,-1,-1,-1,-1,-1,0,-1,0,-1,0,-1,100,-1,-1,0,-1,-1,-1,-1,151556,-1,75778,0,530444,False,False,0,0,0,151557,1,530445,-1,-1,-1,0,0
2015-06-10,2015-06-10 00:00:00,BP,50 - Commercial,SOUTH BEND IN - BUCKEYE (PLANT 9121),DIESEL,75778,530444,0,-1,0,-1,-1,-1,0,w2,-1,0,-1,151556.0,530444.0,-1,-1,100,100,-1,-1,-1,w3,1,2015-06-17 00:00:00,-1,-1,75778,-1,-1,-1,-1,-1,-1,-1,-1,-1,-1,0,-1,0,-1,0,-1,100,-1,-1,0,-1,-1,-1,-1,151556,-1,75778,0,530444,False,True,0,0,0,151557,1,530445,-1,-1,-1,0,0
2015-06-11,2015-06-11 00:00:00,BP,50 - Commercial,SOUTH BEND IN - BUCKEYE (PLANT 9121),DIESEL,75778,530444,0,-1,0,-1,-1,-1,0,w2,-1,0,-1,151556.0,530444.0,-1,-1,100,100,-1,-1,-1,w3,1,2015-06-17 00:00:00,-1,-1,75778,-1,-1,-1,-1,-1,-1,-1,-1,-1,-1,0,-1,0,-1,0,-1,100,-1,-1,0,-1,-1,-1,-1,151556,-1,75778,0,530444,False,False,0,0,0,151557,1,530445,-1,-1,-1,0,0
2015-06-12,2015-06-12 00:00:00,BP,50 - Commercial,SOUTH BEND IN - BUCKEYE (PLANT 9121),DIESEL,75778,530444,0,-1,0,-1,-1,-1,0,w2,-1,0,-1,151556.0,530444.0,-1,-1,100,100,-1,-1,-1,w3,1,2015-06-17 00:00:00,-1,-1,75778,-1,-1,-1,-1,-1,-1,-1,-1,-1,-1,0,-1,0,-1,0,-1,100,-1,-1,0,-1,-1,-1,-1,151556,-1,75778,0,530444,False,False,0,0,0,151557,1,530445,-1,-1,-1,0,0
2015-06-13,2015-06-13 00:00:00,BP,50 - Commercial,SOUTH BEND IN - BUCKEYE (PLANT 9121),DIESEL,75778,530444,0,-1,0,-1,-1,-1,0,w2,-1,0,-1,151556.0,530444.0,-1,-1,100,100,-1,-1,-1,w3,1,2015-06-17 00:00:00,-1,-1,75778,-1,-1,-1,-1,-1,-1,-1,-1,-1,-1,0,-1,0,-1,0,-1,100,-1,-1,0,-1,-1,-1,-1,151556,-1,75778,0,530444,False,False,0,0,0,151557,1,530445,-1,-1,-1,0,0
2015-06-14,2015-06-14 00:00:00,BP,50 - Commercial,SOUTH BEND IN - BUCKEYE (PLANT 9121),DIESEL,75778,530444,0,-1,0,-1,-1,-1,0,w2,-1,0,-1,151556.0,530444.0,-1,-1,100,100,-1,-1,-1,w3,1,2015-06-17 00:00:00,-1,-1,75778,-1,-1,-1,-1,-1,-1,-1,-1,-1,-1,0,-1,0,-1,0,-1,100,-1,-1,0,-1,-1,-1,-1,151556,-1,75778,0,530444,False,False,0,0,0,151557,1,530445,-1,-1,-1,0,0
2015-06-15,2015-06-15 00:00:00,BP,50 - Commercial,SOUTH BEND IN - BUCKEYE (PLANT 9121),DIESEL,75778,530444,0,-1,0,-1,-1,-1,0,w2,-1,0,-1,151556.0,530444.0,-1,-1,100,100,-1,-1,-1,w3,1,2015-06-17 00:00:00,-1,-1,75778,-1,-1,-1,-1,-1,-1,-1,-1,-1,-1,0,-1,0,-1,0,-1,100,-1,-1,0,-1,-1,-1,-1,151556,-1,75778,0,530444,False,False,0,0,0,151557,1,530445,-1,-1,-1,0,0
2015-06-16,2015-06-16 00:00:00,BP,50 - Commercial,SOUTH BEND IN - BUCKEYE (PLANT 9121),DIESEL,75778,530444,0,-1,0,-1,-1,-1,0,w2,-1,0,-1,151556.0,530444.0,-1,-1,100,100,-1,-1,-1,w3,1,2015-06-17 00:00:00,-1,-1,75778,-1,-1,-1,-1,-1,-1,-1,-1,-1,-1,0,-1,0,-1,0,-1,100,-1,-1,0,-1,-1,-1,-1,151556,-1,75778,0,530444,False,False,0,0,0,151557,1,530445,-1,-1,-1,0,0
2015-06-17,2015-06-17 00:00:00,BP,50 - Commercial,SOUTH BEND IN - BUCKEYE (PLANT 9121),DIESEL,75778,530444,0,-1,0,-1,-1,-1,0,w2,-1,0,-1,151556.0,530444.0,-1,-1,100,100,-1,-1,-1,w4,1,2015-06-24 00:00:00,-1,-1,75778,-1,-1,-1,-1,-1,-1,-1,-1,-1,-1,0,-1,0,-1,0,-1,100,-1,-1,0,-1,-1,-1,-1,151556,-1,75778,0,530444,False,True,0,0,0,151557,1,530445,-1,-1,-1,0,0
2015-06-18,2015-06-18 00:00:00,BP,50 - Commercial,SOUTH BEND IN - BUCKEYE (PLANT 9121),DIESEL,75778,530444,0,-1,0,-1,-1,-1,0,w2,-1,0,-1,151556.0,530444.0,-1,-1,100,100,-1,-1,-1,w4,1,2015-06-24 00:00:00,-1,-1,75778,-1,-1,-1,-1,-1,-1,-1,-1,-1,-1,0,-1,0,-1,0,-1,100,-1,-1,0,-1,-1,-1,-1,151556,-1,75778,0,530444,False,False,0,0,0,151557,1,530445,-1,-1,-1,0,0
2015-06-19,2015-06-19 00:00:00,BP,50 - Commercial,SOUTH BEND IN - BUCKEYE (PLANT 9121),DIESEL,75778,530444,0,-1,0,-1,-1,-1,0,w2,-1,0,-1,151556.0,530444.0,-1,-1,100,100,-1,-1,-1,w4,1,2015-06-24 00:00:00,-1,-1,75778,-1,-1,-1,-1,-1,-1,-1,-1,-1,-1,0,-1,0,-1,0,-1,100,-1,-1,0,-1,-1,-1,-1,151556,-1,75778,0,530444,False,False,0,0,0,151557,1,530445,-1,-1,-1,0,0
2015-06-20,2015-06-20 00:00:00,BP,50 - Commercial,SOUTH BEND IN - BUCKEYE (PLANT 9121),DIESEL,75778,530444,0,-1,0,-1,-1,-1,0,w2,-1,0,-1,151556.0,530444.0,-1,-1,100,100,-1,-1,-1,w4,1,2015-06-24 00:00:00,-1,-1,75778,-1,-1,-1,-1,-1,-1,-1,-1,-1,-1,0,-1,0,-1,0,-1,100,-1,-1,0,-1,-1,-1,-1,151556,-1,75778,0,530444,False,False,0,0,0,151557,1,530445,-1,-1,-1,0,0
2015-06-21,2015-06-21 00:00:00,BP,50 - Commercial,SOUTH BEND IN - BUCKEYE (PLANT 9121),DIESEL,75778,530444,0,-1,0,-1,-1,-1,0,w2,-1,0,-1,151556.0,530444.0,-1,-1,100,100,-1,-1,-1,w4,1,2015-06-24 00:00:00,-1,-1,75778,-1,-1,-1,-1,-1,-1,-1,-1,-1,-1,0,-1,0,-1,0,-1,100,-1,-1,0,-1,-1,-1,-1,151556,-1,75778,0,530444,False,False,0,0,0,151557,1,530445,-1,-1,-1,0,0
2015-06-22,2015-06-22 00:00:00,BP,50 - Commercial,SOUTH BEND IN - BUCKEYE (PLANT 9121),DIESEL,75778,530444,0,-1,0,-1,-1,-1,0,w2,-1,0,-1,151556.0,530444.0,-1,-1,100,100,-1,-1,-1,w4,1,2015-06-24 00:00:00,-1,-1,75778,-1,-1,-1,-1,-1,-1,-1,-1,-1,-1,0,-1,0,-1,0,-1,100,-1,-1,0,-1,-1,-1,-1,151556,-1,75778,0,530444,False,False,0,0,0,151557,1,530445,-1,-1,-1,0,0
2015-06-23,2015-06-23 00:00:00,BP,50 - Commercial,SOUTH BEND IN - BUCKEYE (PLANT 9121),DIESEL,75778,530444,0,-1,0,-1,-1,-1,0,w2,-1,0,-1,151556.0,530444.0,-1,-1,100,100,-1,-1,-1,w4,1,2015-06-24 00:00:00,-1,-1,75778,-1,-1,-1,-1,-1,-1,-1,-1,-1,-1,0,-1,0,-1,0,-1,100,-1,-1,0,-1,-1,-1,-1,151556,-1,75778,0,530444,False,False,0,0,0,151557,1,530445,-1,-1,-1,0,0
2015-06-24,2015-06-24 00:00:00,BP,50 - Commercial,SOUTH BEND IN - BUCKEYE (PLANT 9121),DIESEL,75778,530444,0,-1,0,-1,-1,-1,0,w2,-1,0,-1,151556.0,530444.0,-1,-1,100,100,-1,-1,-1,w5,1,2015-07-01 00:00:00,-1,-1,75778,-1,-1,-1,-1,-1,-1,-1,-1,-1,-1,0,-1,0,-1,0,-1,100,-1,-1,0,-1,-1,-1,-1,151556,-1,75778,0,530444,False,True,0,0,0,151557,1,530445,-1,-1,-1,0,0
2015-06-25,2015-06-25 00:00:00,BP,50 - Commercial,SOUTH BEND IN - BUCKEYE (PLANT 9121),DIESEL,75778,530444,0,-1,0,-1,-1,-1,0,w2,-1,0,-1,151556.0,530444.0,-1,-1,100,100,-1,-1,-1,w5,1,2015-07-01 00:00:00,-1,-1,75778,-1,-1,-1,-1,-1,-1,-1,-1,-1,-1,0,-1,0,-1,0,-1,100,-1,-1,0,-1,-1,-1,-1,151556,-1,75778,0,530444,False,False,0,0,0,151557,1,530445,-1,-1,-1,0,0
2015-06-26,2015-06-26 00:00:00,BP,50 - Commercial,SOUTH BEND IN - BUCKEYE (PLANT 9121),DIESEL,75778,530444,0,-1,0,-1,-1,-1,0,w2,-1,0,-1,151556.0,530444.0,-1,-1,100,100,-1,-1,-1,w5,1,2015-07-01 00:00:00,-1,-1,75778,-1,-1,-1,-1,-1,-1,-1,-1,-1,-1,0,-1,0,-1,0,-1,100,-1,-1,0,-1,-1,-1,-1,151556,-1,75778,0,530444,False,False,0,0,0,151557,1,530445,-1,-1,-1,0,0
2015-06-27,2015-06-27 00:00:00,BP,50 - Commercial,SOUTH BEND IN - BUCKEYE (PLANT 9121),DIESEL,75778,530444,0,-1,0,-1,-1,-1,0,w2,-1,0,-1,151556.0,530444.0,-1,-1,100,100,-1,-1,-1,w5,1,2015-07-01 00:00:00,-1,-1,75778,-1,-1,-1,-1,-1,-1,-1,-1,-1,-1,0,-1,0,-1,0,-1,100,-1,-1,0,-1,-1,-1,-1,151556,-1,75778,0,530444,False,False,0,0,0,151557,1,530445,-1,-1,-1,0,0
2015-06-28,2015-06-28 00:00:00,BP,50 - Commercial,SOUTH BEND IN - BUCKEYE (PLANT 9121),DIESEL,75778,530444,0,-1,0,-1,-1,-1,0,w2,-1,0,-1,151556.0,530444.0,-1,-1,100,100,-1,-1,-1,w5,1,2015-07-01 00:00:00,-1,-1,75778,-1,-1,-1,-1,-1,-1,-1,-1,-1,-1,0,-1,0,-1,0,-1,100,-1,-1,0,-1,-1,-1,-1,151556,-1,75778,0,530444,False,False,0,0,0,151557,1,530445,-1,-1,-1,0,0
2015-06-29,2015-06-29 00:00:00,BP,50 - Commercial,SOUTH BEND IN - BUCKEYE (PLANT 9121),DIESEL,75778,530444,0,-1,0,-1,-1,-1,0,w2,-1,0,-1,151556.0,530444.0,-1,-1,100,100,-1,-1,-1,w5,1,2015-07-01 00:00:00,-1,-1,75778,-1,-1,-1,-1,-1,-1,-1,-1,-1,-1,0,-1,0,-1,0,-1,100,-1,-1,0,-1,-1,-1,-1,151556,-1,75778,0,530444,False,False,0,0,0,151557,1,530445,-1,-1,-1,0,0
2015-06-30,2015-06-30 00:00:00,BP,50 - Commercial,SOUTH BEND IN - BUCKEYE (PLANT 9121),DIESEL,75778,530444,0,-1,0,-1,-1,-1,0,w2,-1,0,-1,151556.0,530444.0,-1,-1,100,100,-1,-1,-1,w5,1,2015-07-01 00:00:00,-1,-1,75778,-1,-1,-1,-1,-1,-1,-1,-1,-1,-1,0,-1,0,-1,0,-1,100,-1,-1,0,-1,-1,-1,-1,151556,-1,75778,0,530444,False,False,0,0,0,151557,1,530445,-1,-1,-1,0,0
