,date,supplier_name,account_type,supplier_terminal_name,product_name,base_gallons_Daily,base_gallons_Weekly,lifted_gallons_daily_flag,lifted_gallons_daily_modified,Modified_WeeksByLiftedGallons,lifted_gallons_modified_WeeksByLiftedGallons,lifted_gallons_Daily,Lifted_actual_weekly,lifted_gallons_weekly_flag,WeeksByLiftedGallons,lifted_gallonsWeekly_modified_aposteriori,Modified_LiftedGallonsaposteriori,lifted_gallons_Weekly,beginning_gallons_Daily,beginning_gallons_Weekly,en_allocation_status_Daily,en_allocation_status_Weekly,percentage_allocation_Daily,percentage_allocation_Weekly,alerts_ratability_Daily,alerts_ratability_Weekly,next_refresh_date_Daily,Week_switch,Modified_NRD,next_refresh_date_Weekly,en_account_type_Daily,en_account_type_Weekly,NRB_Daily,next_refresh_base_gallons_Daily,next_refresh_base_gallons_Weekly,remaining_gallons_Daily,remaining_gallons_Weekly,additional_gallons_allowed_Daily,additional_gallons_allowed_Weekly,additional_gallons_remaining_Daily,additional_gallons_remaining_Weekly,staging_id_Daily,staging_id_Weekly,base_gallons_Monthly,Lifted_actual_monthly,lifted_gallons_monthly_flag,lifted_gallons_Monthly,beginning_gallons_Monthly,en_allocation_status_Monthly,percentage_allocation_Monthly,alerts_ratability_Monthly,next_refresh_date_Monthly,NRB_Monthly,next_refresh_base_gallons_Monthly,remaining_gallons_Monthly,additional_gallons_allowed_Monthly,additional_gallons_remaining_Monthly,base_gallons_Daily_Reconciled,base_gallons_Monthly_Reconciled,beginning_gallons_Daily_Reconciled,beginning_gallons_Monthly_Reconciled,beginning_gallons_Weekly_Reconciled,sanityWeekly_CumulativeDaily_WeeksByLiftedGallons,sanityWeekly_CumulativeDaily_NextRefreshDate,computedWeekly,computedMonthly,sanityComputedMonthly,remaining_gallons_Daily_Reconciled,remaining_gallons_Monthly_Reconciled,remaining_gallons_Weekly_Reconciled,additional_gallons_remaining_Daily_Reconciled,additional_gallons_remaining_Monthly_Reconciled,additional_gallons_remaining_Weekly_Reconciled,sanityMonthly_CumulativeDaily_WeeksByLiftedGallons,sanityMonthly_CumulativeDaily_WeeksByNextRefreshDate
2015-06-01,2015-06-01 00:00:00,BP,50 - Commercial,CUYAHOGA OH - BUCKEYE (PLANT 9178),DIESEL,37200,260400,0,-1,0,-1,-1,-1,0,w1,-1,0,-1,74400.0,286440.0,-1,-1,100,100,-1,-1,-1,w1,1,2015-06-03 00:00:00,-1,-1,37200,-1,-1,-1,-1,-1,-1,-1,-1,-1,-1,0,-1,0,-1,0,-1,100,-1,-1,0,-1,-1,-1,-1,74400,-1,37200,0,260400,True,True,0,0,0,74401,1,286441,-1,-1,-1,1,1
2015-06-02,2015-06-02 00:00:00,BP,50 - Commercial,CUYAHOGA OH - BUCKEYE (PLANT 9178),DIESEL,37200,260400,0,-1,0,-1,-1,-1,0,w1,-1,0,-1,74400.0,286440.0,-1,-1,100,100,-1,-1,-1,w1,1,2015-06-03 00:00:00,-1,-1,37200,-1,-1,-1,-1,-1,-1,-1,-1,-1,-1,0,-1,0,-1,0,-1,100,-1,-1,0,-1,-1,-1,-1,74400,-1,37200,0,260400,False,False,0,0,0,74401,1,286441,-1,-1,-1,0,0
2015-06-03,2015-06-03 00:00:00,BP,50 - Commercial,CUYAHOGA OH - BUCKEYE (PLANT 9178),DIESEL,37200,260400,0,15204,0,15204,15204,15204,0,w1,15204,0,15204,74400.0,286440.0,Unknown,Unknown,200,110,,,06/04 00:00:00 EDT,w2,0,2015-06-10 00:00:00,Contract,Contract,37200,37200,260400,59196,271236,0,0,0,0,639,640,0,0,0,0,0,0,0,0,0,0,0,0,0,0,37200,-1,74400,0,286440,False,True,0,0,0,59196,0,271236,-1,-1,-1,0,0
2015-06-04,2015-06-04 00:00:00,BP,50 - Commercial,CUYAHOGA OH - BUCKEYE (PLANT 9178),DIESEL,37200,260400,3,83244,1,83244,22815,98448,0,w1,22815,0,98448,74400.0,286440.0,Unknown,Unknown,200,110,,,06/05 00:00:00 EDT,w2,0,2015-06-10 00:00:00,Contract,Contract,37200,37200,260400,51585,187992,0,0,0,0,1082,1083,0,0,0,0,0,0,0,0,0,0,0,0,0,0,37200,-1,74400,0,286440,False,True,0,0,0,-8844,0,187992,-1,-1,-1,0,0
2015-06-05,2015-06-05 00:00:00,BP,50 - Commercial,CUYAHOGA OH - BUCKEYE (PLANT 9178),DIESEL,37200,260400,3,75632,1,75632,7603,174080,0,w1,7603,0,174080,74400.0,286440.0,Unknown,Unknown,200,110,,,06/06 00:00:00 EDT,w2,0,2015-06-10 00:00:00,Contract,Contract,37200,37200,260400,66797,127467,8000,8000,7107,7107,1145,1146,0,0,0,0,0,0,0,0,0,0,0,0,0,0,37200,-1,74400,0,286440,False,True,0,0,0,-1232,0,112360,8000,-1,-1,0,0
2015-06-06,2015-06-06 00:00:00,BP,50 - Commercial,CUYAHOGA OH - BUCKEYE (PLANT 9178),DIESEL,37200,260400,0,-1,0,-1,-1,-1,0,w2,-1,0,-1,74400.0,286440.0,-1,-1,100,100,-1,-1,-1,w2,1,2015-06-10 00:00:00,-1,-1,37200,-1,-1,-1,-1,-1,-1,-1,-1,-1,-1,0,-1,0,-1,0,-1,100,-1,-1,0,-1,-1,-1,-1,74400,-1,37200,0,260400,True,False,0,0,0,74401,1,286441,-1,-1,-1,0,0
2015-06-07,2015-06-07 00:00:00,BP,50 - Commercial,CUYAHOGA OH - BUCKEYE (PLANT 9178),DIESEL,37200,260400,0,-1,0,-1,-1,-1,0,w2,-1,0,-1,74400.0,286440.0,-1,-1,100,100,-1,-1,-1,w2,1,2015-06-10 00:00:00,-1,-1,37200,-1,-1,-1,-1,-1,-1,-1,-1,-1,-1,0,-1,0,-1,0,-1,100,-1,-1,0,-1,-1,-1,-1,74400,-1,37200,0,260400,False,False,0,0,0,74401,1,286441,-1,-1,-1,0,0
2015-06-08,2015-06-08 00:00:00,BP,50 - Commercial,CUYAHOGA OH - BUCKEYE (PLANT 9178),DIESEL,37200,260400,0,0,0,0,0,257127,0,w2,0,0,257127,74400.0,286440.0,Unknown,Unknown,200,110,,,06/09 00:00:00 EDT,w2,0,2015-06-10 00:00:00,Contract,Contract,37200,37200,260400,74400,44420,8000,8000,7107,7107,1335,1336,0,0,0,0,0,0,0,0,0,0,0,0,0,0,37200,-1,74400,0,286440,False,False,0,0,0,74400,0,29313,-1,-1,-1,0,0
2015-06-09,2015-06-09 00:00:00,BP,50 - Commercial,CUYAHOGA OH - BUCKEYE (PLANT 9178),DIESEL,37200,260400,3,45455,1,45455,0,302582,0,w2,0,0,302582,74400.0,286440.0,Unknown,Unknown,200,110,,,06/10 00:00:00 EDT,w2,0,2015-06-10 00:00:00,Contract,Contract,37200,37200,260400,74400,0,8000,8000,8142,8142,1587,1588,0,0,0,0,0,0,0,0,0,0,0,0,0,0,37200,-1,74400,0,286440,False,False,0,0,0,28945,0,-16142,-1,-1,8000,0,0
2015-06-10,2015-06-10 00:00:00,BP,50 - Commercial,CUYAHOGA OH - BUCKEYE (PLANT 9178),DIESEL,37200,260400,0,-1,0,-1,-1,-1,0,w3,-1,0,-1,74400.0,286440.0,-1,-1,100,100,-1,-1,-1,w3,1,2015-06-17 00:00:00,-1,-1,37200,-1,-1,-1,-1,-1,-1,-1,-1,-1,-1,0,-1,0,-1,0,-1,100,-1,-1,0,-1,-1,-1,-1,74400,-1,37200,0,260400,True,True,0,0,0,74401,1,286441,-1,-1,-1,0,0
2015-06-11,2015-06-11 00:00:00,BP,50 - Commercial,CUYAHOGA OH - BUCKEYE (PLANT 9178),DIESEL,37200,260400,0,-1,0,-1,-1,-1,0,w3,-1,0,-1,74400.0,286440.0,-1,-1,100,100,-1,-1,-1,w3,1,2015-06-17 00:00:00,-1,-1,37200,-1,-1,-1,-1,-1,-1,-1,-1,-1,-1,0,-1,0,-1,0,-1,100,-1,-1,0,-1,-1,-1,-1,74400,-1,37200,0,260400,False,False,0,0,0,74401,1,286441,-1,-1,-1,0,0
2015-06-12,2015-06-12 00:00:00,BP,50 - Commercial,CUYAHOGA OH - BUCKEYE (PLANT 9178),DIESEL,37200,260400,0,-1,0,-1,-1,-1,0,w3,-1,0,-1,74400.0,286440.0,-1,-1,100,100,-1,-1,-1,w3,1,2015-06-17 00:00:00,-1,-1,37200,-1,-1,-1,-1,-1,-1,-1,-1,-1,-1,0,-1,0,-1,0,-1,100,-1,-1,0,-1,-1,-1,-1,74400,-1,37200,0,260400,False,False,0,0,0,74401,1,286441,-1,-1,-1,0,0
2015-06-13,2015-06-13 00:00:00,BP,50 - Commercial,CUYAHOGA OH - BUCKEYE (PLANT 9178),DIESEL,37200,260400,0,-1,0,-1,-1,-1,0,w3,-1,0,-1,74400.0,286440.0,-1,-1,100,100,-1,-1,-1,w3,1,2015-06-17 00:00:00,-1,-1,37200,-1,-1,-1,-1,-1,-1,-1,-1,-1,-1,0,-1,0,-1,0,-1,100,-1,-1,0,-1,-1,-1,-1,74400,-1,37200,0,260400,False,False,0,0,0,74401,1,286441,-1,-1,-1,0,0
2015-06-14,2015-06-14 00:00:00,BP,50 - Commercial,CUYAHOGA OH - BUCKEYE (PLANT 9178),DIESEL,37200,260400,0,-1,0,-1,-1,-1,0,w3,-1,0,-1,74400.0,286440.0,-1,-1,100,100,-1,-1,-1,w3,1,2015-06-17 00:00:00,-1,-1,37200,-1,-1,-1,-1,-1,-1,-1,-1,-1,-1,0,-1,0,-1,0,-1,100,-1,-1,0,-1,-1,-1,-1,74400,-1,37200,0,260400,False,False,0,0,0,74401,1,286441,-1,-1,-1,0,0
2015-06-15,2015-06-15 00:00:00,BP,50 - Commercial,CUYAHOGA OH - BUCKEYE (PLANT 9178),DIESEL,37200,260400,0,-1,0,-1,-1,-1,0,w3,-1,0,-1,74400.0,286440.0,-1,-1,100,100,-1,-1,-1,w3,1,2015-06-17 00:00:00,-1,-1,37200,-1,-1,-1,-1,-1,-1,-1,-1,-1,-1,0,-1,0,-1,0,-1,100,-1,-1,0,-1,-1,-1,-1,74400,-1,37200,0,260400,False,False,0,0,0,74401,1,286441,-1,-1,-1,0,0
2015-06-16,2015-06-16 00:00:00,BP,50 - Commercial,CUYAHOGA OH - BUCKEYE (PLANT 9178),DIESEL,37200,260400,0,-1,0,-1,-1,-1,0,w3,-1,0,-1,74400.0,286440.0,-1,-1,100,100,-1,-1,-1,w3,1,2015-06-17 00:00:00,-1,-1,37200,-1,-1,-1,-1,-1,-1,-1,-1,-1,-1,0,-1,0,-1,0,-1,100,-1,-1,0,-1,-1,-1,-1,74400,-1,37200,0,260400,False,False,0,0,0,74401,1,286441,-1,-1,-1,0,0
2015-06-17,2015-06-17 00:00:00,BP,50 - Commercial,CUYAHOGA OH - BUCKEYE (PLANT 9178),DIESEL,37200,260400,0,-1,0,-1,-1,-1,0,w3,-1,0,-1,74400.0,286440.0,-1,-1,100,100,-1,-1,-1,w4,1,2015-06-24 00:00:00,-1,-1,37200,-1,-1,-1,-1,-1,-1,-1,-1,-1,-1,0,-1,0,-1,0,-1,100,-1,-1,0,-1,-1,-1,-1,74400,-1,37200,0,260400,False,True,0,0,0,74401,1,286441,-1,-1,-1,0,0
2015-06-18,2015-06-18 00:00:00,BP,50 - Commercial,CUYAHOGA OH - BUCKEYE (PLANT 9178),DIESEL,37200,260400,0,-1,0,-1,-1,-1,0,w3,-1,0,-1,74400.0,286440.0,-1,-1,100,100,-1,-1,-1,w4,1,2015-06-24 00:00:00,-1,-1,37200,-1,-1,-1,-1,-1,-1,-1,-1,-1,-1,0,-1,0,-1,0,-1,100,-1,-1,0,-1,-1,-1,-1,74400,-1,37200,0,260400,False,False,0,0,0,74401,1,286441,-1,-1,-1,0,0
2015-06-19,2015-06-19 00:00:00,BP,50 - Commercial,CUYAHOGA OH - BUCKEYE (PLANT 9178),DIESEL,37200,260400,0,-1,0,-1,-1,-1,0,w3,-1,0,-1,74400.0,286440.0,-1,-1,100,100,-1,-1,-1,w4,1,2015-06-24 00:00:00,-1,-1,37200,-1,-1,-1,-1,-1,-1,-1,-1,-1,-1,0,-1,0,-1,0,-1,100,-1,-1,0,-1,-1,-1,-1,74400,-1,37200,0,260400,False,False,0,0,0,74401,1,286441,-1,-1,-1,0,0
2015-06-20,2015-06-20 00:00:00,BP,50 - Commercial,CUYAHOGA OH - BUCKEYE (PLANT 9178),DIESEL,37200,260400,0,-1,0,-1,-1,-1,0,w3,-1,0,-1,74400.0,286440.0,-1,-1,100,100,-1,-1,-1,w4,1,2015-06-24 00:00:00,-1,-1,37200,-1,-1,-1,-1,-1,-1,-1,-1,-1,-1,0,-1,0,-1,0,-1,100,-1,-1,0,-1,-1,-1,-1,74400,-1,37200,0,260400,False,False,0,0,0,74401,1,286441,-1,-1,-1,0,0
2015-06-21,2015-06-21 00:00:00,BP,50 - Commercial,CUYAHOGA OH - BUCKEYE (PLANT 9178),DIESEL,37200,260400,0,-1,0,-1,-1,-1,0,w3,-1,0,-1,74400.0,286440.0,-1,-1,100,100,-1,-1,-1,w4,1,2015-06-24 00:00:00,-1,-1,37200,-1,-1,-1,-1,-1,-1,-1,-1,-1,-1,0,-1,0,-1,0,-1,100,-1,-1,0,-1,-1,-1,-1,74400,-1,37200,0,260400,False,False,0,0,0,74401,1,286441,-1,-1,-1,0,0
2015-06-22,2015-06-22 00:00:00,BP,50 - Commercial,CUYAHOGA OH - BUCKEYE (PLANT 9178),DIESEL,37200,260400,0,-1,0,-1,-1,-1,0,w3,-1,0,-1,74400.0,286440.0,-1,-1,100,100,-1,-1,-1,w4,1,2015-06-24 00:00:00,-1,-1,37200,-1,-1,-1,-1,-1,-1,-1,-1,-1,-1,0,-1,0,-1,0,-1,100,-1,-1,0,-1,-1,-1,-1,74400,-1,37200,0,260400,False,False,0,0,0,74401,1,286441,-1,-1,-1,0,0
2015-06-23,2015-06-23 00:00:00,BP,50 - Commercial,CUYAHOGA OH - BUCKEYE (PLANT 9178),DIESEL,37200,260400,0,-1,0,-1,-1,-1,0,w3,-1,0,-1,74400.0,286440.0,-1,-1,100,100,-1,-1,-1,w4,1,2015-06-24 00:00:00,-1,-1,37200,-1,-1,-1,-1,-1,-1,-1,-1,-1,-1,0,-1,0,-1,0,-1,100,-1,-1,0,-1,-1,-1,-1,74400,-1,37200,0,260400,False,False,0,0,0,74401,1,286441,-1,-1,-1,0,0
2015-06-24,2015-06-24 00:00:00,BP,50 - Commercial,CUYAHOGA OH - BUCKEYE (PLANT 9178),DIESEL,37200,260400,0,-1,0,-1,-1,-1,0,w3,-1,0,-1,74400.0,286440.0,-1,-1,100,100,-1,-1,-1,w5,1,2015-07-01 00:00:00,-1,-1,37200,-1,-1,-1,-1,-1,-1,-1,-1,-1,-1,0,-1,0,-1,0,-1,100,-1,-1,0,-1,-1,-1,-1,74400,-1,37200,0,260400,False,True,0,0,0,74401,1,286441,-1,-1,-1,0,0
2015-06-25,2015-06-25 00:00:00,BP,50 - Commercial,CUYAHOGA OH - BUCKEYE (PLANT 9178),DIESEL,37200,260400,0,-1,0,-1,-1,-1,0,w3,-1,0,-1,74400.0,286440.0,-1,-1,100,100,-1,-1,-1,w5,1,2015-07-01 00:00:00,-1,-1,37200,-1,-1,-1,-1,-1,-1,-1,-1,-1,-1,0,-1,0,-1,0,-1,100,-1,-1,0,-1,-1,-1,-1,74400,-1,37200,0,260400,False,False,0,0,0,74401,1,286441,-1,-1,-1,0,0
2015-06-26,2015-06-26 00:00:00,BP,50 - Commercial,CUYAHOGA OH - BUCKEYE (PLANT 9178),DIESEL,37200,260400,0,-1,0,-1,-1,-1,0,w3,-1,0,-1,74400.0,286440.0,-1,-1,100,100,-1,-1,-1,w5,1,2015-07-01 00:00:00,-1,-1,37200,-1,-1,-1,-1,-1,-1,-1,-1,-1,-1,0,-1,0,-1,0,-1,100,-1,-1,0,-1,-1,-1,-1,74400,-1,37200,0,260400,False,False,0,0,0,74401,1,286441,-1,-1,-1,0,0
2015-06-27,2015-06-27 00:00:00,BP,50 - Commercial,CUYAHOGA OH - BUCKEYE (PLANT 9178),DIESEL,37200,260400,0,-1,0,-1,-1,-1,0,w3,-1,0,-1,74400.0,286440.0,-1,-1,100,100,-1,-1,-1,w5,1,2015-07-01 00:00:00,-1,-1,37200,-1,-1,-1,-1,-1,-1,-1,-1,-1,-1,0,-1,0,-1,0,-1,100,-1,-1,0,-1,-1,-1,-1,74400,-1,37200,0,260400,False,False,0,0,0,74401,1,286441,-1,-1,-1,0,0
2015-06-28,2015-06-28 00:00:00,BP,50 - Commercial,CUYAHOGA OH - BUCKEYE (PLANT 9178),DIESEL,37200,260400,0,-1,0,-1,-1,-1,0,w3,-1,0,-1,74400.0,286440.0,-1,-1,100,100,-1,-1,-1,w5,1,2015-07-01 00:00:00,-1,-1,37200,-1,-1,-1,-1,-1,-1,-1,-1,-1,-1,0,-1,0,-1,0,-1,100,-1,-1,0,-1,-1,-1,-1,74400,-1,37200,0,260400,False,False,0,0,0,74401,1,286441,-1,-1,-1,0,0
2015-06-29,2015-06-29 00:00:00,BP,50 - Commercial,CUYAHOGA OH - BUCKEYE (PLANT 9178),DIESEL,37200,260400,0,-1,0,-1,-1,-1,0,w3,-1,0,-1,74400.0,286440.0,-1,-1,100,100,-1,-1,-1,w5,1,2015-07-01 00:00:00,-1,-1,37200,-1,-1,-1,-1,-1,-1,-1,-1,-1,-1,0,-1,0,-1,0,-1,100,-1,-1,0,-1,-1,-1,-1,74400,-1,37200,0,260400,False,False,0,0,0,74401,1,286441,-1,-1,-1,0,0
2015-06-30,2015-06-30 00:00:00,BP,50 - Commercial,CUYAHOGA OH - BUCKEYE (PLANT 9178),DIESEL,37200,260400,0,-1,0,-1,-1,-1,0,w3,-1,0,-1,74400.0,286440.0,-1,-1,100,100,-1,-1,-1,w5,1,2015-07-01 00:00:00,-1,-1,37200,-1,-1,-1,-1,-1,-1,-1,-1,-1,-1,0,-1,0,-1,0,-1,100,-1,-1,0,-1,-1,-1,-1,74400,-1,37200,0,260400,False,False,0,0,0,74401,1,286441,-1,-1,-1,0,0
