,date,supplier_name,account_type,supplier_terminal_name,product_name,base_gallons_Daily,base_gallons_Weekly,lifted_gallons_daily_flag,lifted_gallons_daily_modified,Modified_WeeksByLiftedGallons,lifted_gallons_modified_WeeksByLiftedGallons,lifted_gallons_Daily,Lifted_actual_weekly,lifted_gallons_weekly_flag,WeeksByLiftedGallons,lifted_gallonsWeekly_modified_aposteriori,Modified_LiftedGallonsaposteriori,lifted_gallons_Weekly,beginning_gallons_Daily,beginning_gallons_Weekly,en_allocation_status_Daily,en_allocation_status_Weekly,percentage_allocation_Daily,percentage_allocation_Weekly,alerts_ratability_Daily,alerts_ratability_Weekly,next_refresh_date_Daily,Week_switch,Modified_NRD,next_refresh_date_Weekly,en_account_type_Daily,en_account_type_Weekly,NRB_Daily,next_refresh_base_gallons_Daily,next_refresh_base_gallons_Weekly,remaining_gallons_Daily,remaining_gallons_Weekly,additional_gallons_allowed_Daily,additional_gallons_allowed_Weekly,additional_gallons_remaining_Daily,additional_gallons_remaining_Weekly,staging_id_Daily,staging_id_Weekly,base_gallons_Monthly,Lifted_actual_monthly,lifted_gallons_monthly_flag,lifted_gallons_Monthly,beginning_gallons_Monthly,en_allocation_status_Monthly,percentage_allocation_Monthly,alerts_ratability_Monthly,next_refresh_date_Monthly,NRB_Monthly,next_refresh_base_gallons_Monthly,remaining_gallons_Monthly,additional_gallons_allowed_Monthly,additional_gallons_remaining_Monthly,base_gallons_Daily_Reconciled,base_gallons_Monthly_Reconciled,beginning_gallons_Daily_Reconciled,beginning_gallons_Monthly_Reconciled,beginning_gallons_Weekly_Reconciled,sanityWeekly_CumulativeDaily_WeeksByLiftedGallons,sanityWeekly_CumulativeDaily_NextRefreshDate,computedWeekly,computedMonthly,sanityComputedMonthly,remaining_gallons_Daily_Reconciled,remaining_gallons_Monthly_Reconciled,remaining_gallons_Weekly_Reconciled,additional_gallons_remaining_Daily_Reconciled,additional_gallons_remaining_Monthly_Reconciled,additional_gallons_remaining_Weekly_Reconciled,sanityMonthly_CumulativeDaily_WeeksByLiftedGallons,sanityMonthly_CumulativeDaily_WeeksByNextRefreshDate
2015-06-01,2015-06-01 00:00:00,BP,Channel: 50 - Commercial,WHITING IN - BP (PLANT 0453),DIESEL,27556,192889,0,-1,0,-1,-1,-1,0,w1,-1,0,-1,55112.0,212178.0,-1,-1,100,100,-1,-1,-1,w1,1,2015-06-03 00:00:00,-1,-1,27556,-1,-1,-1,-1,-1,-1,-1,-1,-1,-1,0,-1,0,-1,0,-1,100,-1,-1,0,-1,-1,-1,-1,55112,-1,27556,0,192889,True,True,0,0,0,55113,1,212179,-1,-1,-1,1,1
2015-06-02,2015-06-02 00:00:00,BP,Channel: 50 - Commercial,WHITING IN - BP (PLANT 0453),DIESEL,27556,192889,0,0,0,0,0,230371,0,w1,0,0,230371,55112.0,212178.0,Available,Available,200,110,,,06/03 00:00:00 CDT,w1,0,2015-06-03 00:00:00,Contract,Contract,27556,27556,192889,55112,0,32000,32000,13806,13806,68,69,0,0,0,0,0,0,0,0,0,0,0,0,0,0,27556,-1,55112,0,212178,False,False,0,0,0,55112,0,-18193,-1,-1,32000,0,0
2015-06-03,2015-06-03 00:00:00,BP,Channel: 50 - Commercial,WHITING IN - BP (PLANT 0453),DIESEL,27556,192889,0,7301,0,7301,7301,7301,0,w2,7301,0,7301,55112.0,212178.0,Available,Available,200,110,,,06/04 00:00:00 CDT,w2,0,2015-06-10 00:00:00,Contract,Contract,27556,27556,192889,47811,204877,0,0,0,0,6063,6064,0,0,0,0,0,0,0,0,0,0,0,0,0,0,27556,-1,55112,0,212178,True,True,0,0,0,47811,0,204877,-1,-1,-1,0,0
2015-06-04,2015-06-04 00:00:00,BP,Channel: 50 - Commercial,WHITING IN - BP (PLANT 0453),DIESEL,27556,192889,3,51626,1,51626,7507,58927,0,w2,7507,0,58927,55112.0,212178.0,Available,Available,200,110,,,06/05 00:00:00 CDT,w2,0,2015-06-10 00:00:00,Contract,Contract,27556,27556,192889,47605,153251,0,0,0,0,8803,8804,0,0,0,0,0,0,0,0,0,0,0,0,0,0,27556,-1,55112,0,212178,True,True,0,0,0,3486,0,153251,-1,-1,-1,0,0
2015-06-05,2015-06-05 00:00:00,BP,Channel: 50 - Commercial,WHITING IN - BP (PLANT 0453),DIESEL,27556,192889,3,67845,1,67845,0,126772,0,w2,0,0,126772,55112.0,212178.0,Available,Available,200,110,,,06/06 00:00:00 CDT,w2,0,2015-06-10 00:00:00,Contract,Contract,27556,27556,192889,55112,105646,32000,32000,11760,11760,11485,11486,0,0,0,0,0,0,0,0,0,0,0,0,0,0,27556,-1,55112,0,212178,True,True,0,0,0,-12733,0,85406,32000,-1,-1,0,0
2015-06-06,2015-06-06 00:00:00,BP,Channel: 50 - Commercial,WHITING IN - BP (PLANT 0453),DIESEL,27556,192889,0,-1,0,-1,-1,-1,0,w3,-1,0,-1,55112.0,212178.0,-1,-1,100,100,-1,-1,-1,w2,1,2015-06-10 00:00:00,-1,-1,27556,-1,-1,-1,-1,-1,-1,-1,-1,-1,-1,0,-1,0,-1,0,-1,100,-1,-1,0,-1,-1,-1,-1,55112,-1,27556,0,192889,True,False,0,0,0,55113,1,212179,-1,-1,-1,0,0
2015-06-07,2015-06-07 00:00:00,BP,Channel: 50 - Commercial,WHITING IN - BP (PLANT 0453),DIESEL,27556,192889,0,-1,0,-1,-1,-1,0,w3,-1,0,-1,55112.0,212178.0,-1,-1,100,100,-1,-1,-1,w2,1,2015-06-10 00:00:00,-1,-1,27556,-1,-1,-1,-1,-1,-1,-1,-1,-1,-1,0,-1,0,-1,0,-1,100,-1,-1,0,-1,-1,-1,-1,55112,-1,27556,0,192889,False,False,0,0,0,55113,1,212179,-1,-1,-1,0,0
2015-06-08,2015-06-08 00:00:00,BP,Channel: 50 - Commercial,WHITING IN - BP (PLANT 0453),DIESEL,27556,192889,0,14927,0,14927,14927,201020,0,w3,14927,0,201020,55112.0,212178.0,Available,Available,200,110,,,06/08 00:00:00 CDT,w2,0,2015-06-10 00:00:00,Contract,Contract,27556,27556,192889,40185,31398,32000,32000,11760,11760,13977,13978,0,0,0,0,0,0,0,0,0,0,0,0,0,0,27556,-1,55112,0,212178,False,False,0,0,0,40185,0,11158,-1,-1,-1,0,0
2015-06-09,2015-06-09 00:00:00,BP,Channel: 50 - Commercial,WHITING IN - BP (PLANT 0453),DIESEL,27556,192889,4,44697,0,-1,-1,-1,4,w4,-1,0,245717,55112.0,212178.0,-1,-1,100,100,-1,-1,-1,w2,1,2015-06-10 00:00:00,-1,-1,27556,-1,-1,-1,-1,-1,-1,-1,-1,-1,-1,0,-1,0,-1,0,-1,100,-1,-1,0,-1,-1,-1,-1,55112,-1,27556,0,192889,True,False,0,0,0,10415,1,-33539,-1,-1,-1,0,0
2015-06-10,2015-06-10 00:00:00,BP,Channel: 50 - Commercial,WHITING IN - BP (PLANT 0453),DIESEL,27556,192889,0,0,0,0,0,245717,0,w4,0,0,245717,55112.0,212178.0,Out,Out,200,110,,,06/10 00:00:00 CDT,w2,0,2015-06-10 00:00:00,Contract,Contract,27556,27556,192889,55112,0,0,0,0,0,20612,20613,0,0,0,0,0,0,0,0,0,0,0,0,0,0,27556,-1,55112,0,212178,False,False,0,0,0,55112,0,-33539,-1,-1,-1,0,0
2015-06-11,2015-06-11 00:00:00,BP,Channel: 50 - Commercial,WHITING IN - BP (PLANT 0453),DIESEL,27556,192889,3,81936,1,81936,14696,81936,0,w5,14696,0,81936,55112.0,212178.0,Available,Available,200,110,,,06/12 00:00:00 CDT,w3,0,2015-06-17 00:00:00,Contract,Contract,27556,27556,192889,40416,137743,32000,32000,24499,24499,23387,23388,0,0,0,0,0,0,0,0,0,0,0,0,0,0,27556,-1,55112,0,212178,True,True,81936,0,0,-26824,0,130242,32000,-1,-1,0,0
2015-06-12,2015-06-12 00:00:00,BP,Channel: 50 - Commercial,WHITING IN - BP (PLANT 0453),DIESEL,27556,192889,4,82017,0,-1,-1,-1,4,w6,-1,0,163953,55112.0,212178.0,-1,-1,100,100,-1,-1,-1,w3,1,2015-06-17 00:00:00,-1,-1,27556,-1,-1,-1,-1,-1,-1,-1,-1,-1,-1,0,-1,0,-1,0,-1,100,-1,-1,0,-1,-1,-1,-1,55112,-1,27556,0,192889,True,True,163953,0,0,-26905,1,48225,-1,-1,-1,0,0
2015-06-13,2015-06-13 00:00:00,BP,Channel: 50 - Commercial,WHITING IN - BP (PLANT 0453),DIESEL,27556,192889,0,22311,0,22311,22311,186264,0,w6,22311,0,186264,55112.0,212178.0,Available,Available,200,110,,,06/14 00:00:00 CDT,w3,0,2015-06-17 00:00:00,Contract,Contract,27556,27556,192889,32801,33415,32000,32000,24499,24499,51071,51072,0,0,0,0,0,0,0,0,0,0,0,0,0,0,27556,-1,55112,0,212178,False,True,186264,0,0,32801,0,25914,-1,-1,-1,0,0
2015-06-14,2015-06-14 00:00:00,BP,Channel: 50 - Commercial,WHITING IN - BP (PLANT 0453),DIESEL,27556,192889,0,29792,0,29792,29792,216056,0,w6,29792,0,216056,55112.0,212178.0,Available,Available,200,110,,,06/15 00:00:00 CDT,w3,0,2015-06-17 00:00:00,Contract,Contract,27556,27556,192889,25320,3623,32000,32000,24499,24499,70855,70856,0,0,0,0,0,0,0,0,0,0,0,0,0,0,27556,-1,55112,0,212178,False,True,216056,0,0,25320,0,-3878,-1,-1,32000,0,0
2015-06-15,2015-06-15 00:00:00,BP,Channel: 50 - Commercial,WHITING IN - BP (PLANT 0453),DIESEL,27556,192889,3,29692,1,29692,22395,245748,0,w6,22395,0,245748,55112.0,212178.0,Out,Out,200,110,,,06/16 00:00:00 CDT,w3,0,2015-06-17 00:00:00,Contract,Contract,27556,27556,192889,55112,0,32000,32000,1571,1571,101473,101474,0,0,0,0,0,0,0,0,0,0,0,0,0,0,27556,-1,55112,0,212178,False,True,245748,0,0,25420,0,-33570,-1,-1,32000,0,0
2015-06-16,2015-06-16 00:00:00,BP,Channel: 50 - Commercial,WHITING IN - BP (PLANT 0453),DIESEL,27556,192889,0,0,0,0,0,245748,0,w6,0,0,245748,55112.0,212178.0,Out,Out,200,110,,,06/17 00:00:00 CDT,w3,0,2015-06-17 00:00:00,Contract,Contract,27556,27556,192889,55112,0,32000,32000,1571,1571,123692,123693,0,0,0,0,0,0,0,0,0,0,0,0,0,0,27556,-1,55112,0,212178,False,True,245748,0,0,55112,0,-33570,-1,-1,32000,0,0
2015-06-17,2015-06-17 00:00:00,BP,Channel: 50 - Commercial,WHITING IN - BP (PLANT 0453),DIESEL,27556,192889,0,59721,0,59721,59721,59721,0,w7,59721,0,59721,55112.0,212178.0,Out,Out,200,110,,,06/18 00:00:00 CDT,w4,0,2015-06-24 00:00:00,Contract,Contract,27556,27556,192889,-4609,152457,0,0,0,0,142300,142301,0,0,0,0,0,0,0,0,0,0,0,0,0,0,27556,-1,55112,0,212178,True,True,59721,0,0,-4609,0,152457,-1,-1,-1,0,0
2015-06-18,2015-06-18 00:00:00,BP,Channel: 50 - Commercial,WHITING IN - BP (PLANT 0453),DIESEL,27556,192889,0,67339,0,67339,67339,127060,0,w7,67339,0,127060,55112.0,212178.0,Available,Available,200,110,,,06/19 00:00:00 CDT,w4,0,2015-06-24 00:00:00,Contract,Contract,27556,27556,192889,-4705,92640,32000,32000,24478,24478,161098,161099,0,0,0,0,0,0,0,0,0,0,0,0,0,0,27556,-1,55112,0,212178,True,True,127060,0,0,-12227,0,85118,32000,-1,-1,0,0
2015-06-19,2015-06-19 00:00:00,BP,Channel: 50 - Commercial,WHITING IN - BP (PLANT 0453),DIESEL,27556,192889,0,22406,0,22406,22406,149466,0,w7,22406,0,149466,55112.0,212178.0,Available,Available,200,110,,,06/20 00:00:00 CDT,w4,0,2015-06-24 00:00:00,Contract,Contract,27556,27556,192889,32706,70234,32000,32000,24478,24478,177502,177503,0,0,0,0,0,0,0,0,0,0,0,0,0,0,27556,-1,55112,0,212178,True,True,149466,0,0,32706,0,62712,-1,-1,-1,0,0
2015-06-20,2015-06-20 00:00:00,BP,Channel: 50 - Commercial,WHITING IN - BP (PLANT 0453),DIESEL,27556,192889,0,52064,0,52064,52064,201530,0,w7,52064,0,201530,55112.0,212178.0,Available,Available,200,110,,,06/21 00:00:00 CDT,w4,0,2015-06-24 00:00:00,Contract,Contract,27556,27556,192889,3048,18170,32000,32000,24478,24478,190978,190979,0,0,0,0,0,0,0,0,0,0,0,0,0,0,27556,-1,55112,0,212178,True,True,201530,0,0,3048,0,10648,-1,-1,-1,0,0
2015-06-21,2015-06-21 00:00:00,BP,Channel: 50 - Commercial,WHITING IN - BP (PLANT 0453),DIESEL,27556,192889,0,22615,0,22615,22615,224145,0,w7,22615,0,224145,55112.0,212178.0,Available,Available,200,110,,,06/22 00:00:00 CDT,w4,0,2015-06-24 00:00:00,Contract,Contract,88336,27556,192889,36942,0,32000,32000,20032,20032,217320,217321,0,0,0,0,0,0,0,0,0,0,0,0,0,0,27556,-1,55112,0,212178,True,True,224145,0,0,32497,0,-11967,-1,-1,32000,0,0
2015-06-22,2015-06-22 00:00:00,BP,Channel: 50 - Commercial,WHITING IN - BP (PLANT 0453),DIESEL,88336,723333,0,52092,0,52092,52092,276237,0,w7,52092,0,276237,176672.0,795666.0,Available,Available,200,110,,,06/23 00:00:00 CDT,w4,0,2015-06-24 00:00:00,Contract,Contract,103334,103334,723333,131982,538798,32000,32000,12630,12630,239305,239306,0,0,0,0,0,0,0,0,0,0,0,0,0,0,88336,-1,176672,0,795666,True,True,276237,0,0,124580,0,519429,-1,-1,-1,0,0
2015-06-23,2015-06-23 00:00:00,BP,Channel: 50 - Commercial,WHITING IN - BP (PLANT 0453),DIESEL,103334,723333,0,163013,0,163013,163013,439250,0,w7,163013,0,439250,206668.0,795666.0,Available,Available,200,110,,,06/24 00:00:00 CDT,w4,0,2015-06-24 00:00:00,Contract,Contract,27556,27556,192889,43655,375785,32000,32000,12630,12630,278196,278197,0,0,0,0,0,0,0,0,0,0,0,0,0,0,103334,-1,206668,0,795666,True,True,439250,0,0,43655,0,356416,-1,-1,-1,0,0
2015-06-24,2015-06-24 00:00:00,BP,Channel: 50 - Commercial,WHITING IN - BP (PLANT 0453),DIESEL,27556,192889,0,59134,0,59134,59134,59134,0,w8,59134,0,59134,55112.0,212178.0,Available,Available,200,110,,,06/25 00:00:00 CDT,w5,0,2015-07-01 00:00:00,Contract,Contract,27556,27556,187419,0,157066,32000,32000,27978,27978,307380,307381,0,0,0,0,0,0,0,0,0,0,0,0,0,0,27556,-1,55112,0,212178,True,True,59134,0,0,-4022,0,153044,32000,-1,-1,0,0
2015-06-25,2015-06-25 00:00:00,BP,Channel: 50 - Commercial,WHITING IN - BP (PLANT 0453),DIESEL,27556,192889,0,57694,0,57694,57694,116828,0,w8,57694,0,116828,55112.0,212178.0,Available,Available,200,110,,,06/26 00:00:00 CDT,w5,0,2015-07-01 00:00:00,Contract,Contract,27556,27556,187419,0,101954,32000,32000,25396,25396,338710,338711,0,0,0,0,0,0,0,0,0,0,0,0,0,0,27556,-1,55112,0,212178,True,True,116828,0,0,-2582,0,95350,32000,-1,-1,0,0
2015-06-26,2015-06-26 00:00:00,BP,Channel: 50 - Commercial,WHITING IN - BP (PLANT 0453),DIESEL,27556,192889,0,37331,0,37331,37331,154159,0,w8,37331,0,154159,55112.0,212178.0,Available,Available,200,110,,,06/27 00:00:00 CDT,w5,0,2015-07-01 00:00:00,Contract,Contract,27556,27556,187419,17781,64623,32000,32000,25396,25396,369018,369019,0,0,0,0,0,0,0,0,0,0,0,0,0,0,27556,-1,55112,0,212178,True,True,154159,0,0,17781,0,58019,-1,-1,-1,0,0
2015-06-27,2015-06-27 00:00:00,BP,Channel: 50 - Commercial,WHITING IN - BP (PLANT 0453),DIESEL,27556,192889,3,44121,1,44121,36817,198280,0,w8,36817,0,198280,55112.0,212178.0,Available,Available,200,110,,,06/28 00:00:00 CDT,w5,0,2015-07-01 00:00:00,Contract,Contract,27556,27556,187419,18295,20502,32000,32000,25396,25396,396100,396101,0,0,0,0,0,0,0,0,0,0,0,0,0,0,27556,-1,55112,0,212178,True,True,198280,0,0,10991,0,13898,-1,-1,-1,0,0
2015-06-28,2015-06-28 00:00:00,BP,Channel: 50 - Commercial,WHITING IN - BP (PLANT 0453),DIESEL,27556,192889,0,22102,0,22102,22102,220382,0,w8,22102,0,220382,55112.0,212178.0,Available,Available,200,110,,,06/29 00:00:00 CDT,w5,0,2015-07-01 00:00:00,Contract,Contract,27556,27556,187419,34610,0,32000,32000,23795,23795,420464,420465,0,0,0,0,0,0,0,0,0,0,0,0,0,0,27556,-1,55112,0,212178,True,True,220382,0,0,33010,0,-8204,-1,-1,32000,0,0
2015-06-29,2015-06-29 00:00:00,BP,Channel: 50 - Commercial,WHITING IN - BP (PLANT 0453),DIESEL,27556,192889,0,29603,0,29603,29603,249985,0,w8,29603,0,249985,55112.0,212178.0,Out,Out,200,110,,,06/30 00:00:00 CDT,w5,0,2015-07-01 00:00:00,Contract,Contract,27556,27556,187419,55112,0,32000,32000,5808,5808,451280,451281,0,0,0,0,0,0,0,0,0,0,0,0,0,0,27556,-1,55112,0,212178,True,True,249985,0,0,25509,0,-37807,-1,-1,32000,0,0
2015-06-30,2015-06-30 00:00:00,BP,Channel: 50 - Commercial,WHITING IN - BP (PLANT 0453),DIESEL,27556,192889,0,0,0,0,0,249985,0,w8,0,0,249985,55112.0,212178.0,Out,Out,200,110,,,07/01 00:00:00 CDT,w5,0,2015-07-01 00:00:00,Contract,Contract,26774,26774,187419,55112,0,32000,32000,5808,5808,477942,477943,0,0,0,0,0,0,0,0,0,0,0,0,0,0,27556,-1,55112,0,212178,True,True,249985,0,0,55112,0,-37807,-1,-1,32000,0,0
