,date,supplier_name,account_type,supplier_terminal_name,product_name,base_gallons_Daily,base_gallons_Monthly,base_gallons_Weekly,lifted_gallons_daily_flag,lifted_gallons_daily_modified,Modified_WeeksByLiftedGallons,lifted_gallons_modified_WeeksByLiftedGallons,lifted_gallons_Daily,Lifted_actual_monthly,lifted_gallons_monthly_flag,lifted_gallons_Monthly,Lifted_actual_weekly,lifted_gallons_weekly_flag,WeeksByLiftedGallons,lifted_gallonsWeekly_modified_aposteriori,Modified_LiftedGallonsaposteriori,lifted_gallons_Weekly,beginning_gallons_Daily,beginning_gallons_Monthly,beginning_gallons_Weekly,en_allocation_status_Daily,en_allocation_status_Monthly,en_allocation_status_Weekly,percentage_allocation_Daily,percentage_allocation_Monthly,percentage_allocation_Weekly,alerts_ratability_Daily,alerts_ratability_Monthly,alerts_ratability_Weekly,next_refresh_date_Daily,next_refresh_date_Monthly,Week_switch,Modified_NRD,next_refresh_date_Weekly,en_account_type_Daily,en_account_type_Monthly,en_account_type_Weekly,NRB_Daily,next_refresh_base_gallons_Daily,NRB_Monthly,next_refresh_base_gallons_Monthly,next_refresh_base_gallons_Weekly,remaining_gallons_Daily,remaining_gallons_Monthly,remaining_gallons_Weekly,additional_gallons_allowed_Daily,additional_gallons_allowed_Monthly,additional_gallons_allowed_Weekly,additional_gallons_remaining_Daily,additional_gallons_remaining_Monthly,additional_gallons_remaining_Weekly,staging_id_Daily,staging_id_Monthly,staging_id_Weekly,base_gallons_Daily_Reconciled,base_gallons_Monthly_Reconciled,base_gallons_Weekly_Reconciled,beginning_gallons_Daily_Reconciled,beginning_gallons_Monthly_Reconciled,beginning_gallons_Weekly_Reconciled,sanityWeekly_CumulativeDaily_WeeksByLiftedGallons,sanityWeekly_CumulativeDaily_NextRefreshDate,computedWeekly,computedMonthly,sanityComputedMonthly,remaining_gallons_Daily_Reconciled,remaining_gallons_Monthly_Reconciled,remaining_gallons_Weekly_Reconciled,additional_gallons_remaining_Daily_Reconciled,additional_gallons_remaining_Monthly_Reconciled,additional_gallons_remaining_Weekly_Reconciled,sanityMonthly_CumulativeDaily_WeeksByLiftedGallons,sanityMonthly_CumulativeDaily_WeeksByNextRefreshDate
2015-06-01,2015-06-01 00:00:00,Chevron,PILOT TRAVEL CENTERS LLC : CHV7460761,1022 TAMPA FL TRM CHEVRON,DIESEL #2,92400,2772000,646800,7,90718,0,-1,-1,-1,7,90718,-1,7,w1,-1,0,90718,138600,3049200,808500,-1,-1,-1,100,100,100,-1,-1,-1,-1,-1,w1,1,2015-06-03 00:00:00,-1,-1,-1,92400,-1,2772000,-1,-1,-1,-1,-1,-1,-1,-1,-1,-1,-1,-1,-1,-1,138600,3049200,808500,92400,2772000,646800,True,True,90718,0,0,47882,2958482,717782,-1,-1,-1,0,1
2015-06-02,2015-06-02 00:00:00,Chevron,PILOT TRAVEL CENTERS LLC : CHV7460761,1022 TAMPA FL TRM CHEVRON,DIESEL #2,92400,2772000,646800,1,28232,0,28232,28232,118950,0,118950,540102,1,w1,28232,0,118950,138600,3049200,808500,Available,Available,Limited,150,110,125,On Target,Above Trend,On Target,06/03 00:00:00 EDT,07/01 00:00:00 EDT,w1,0,2015-06-03 00:00:00,Contract,Contract,Contract,92400,92400,2772000,2772000,646800,110368,2930250,268398,0,0,0,0,0,0,137,139,138,92400,2772000,646800,138600,3049200,808500,False,True,118950,0,0,110368,2930250,689550,-1,-1,-1,0,1
2015-06-03,2015-06-03 00:00:00,Chevron,PILOT TRAVEL CENTERS LLC : CHV7460761,1022 TAMPA FL TRM CHEVRON,DIESEL #2,92400,2772000,646800,1,113507,0,45481,45481,232457,0,232457,45481,1,w2,45481,0,113507,138600,3049200,808500,Available,Available,Available,150,110,125,Above Trend,Above Trend,Above Trend,06/04 00:00:00 EDT,07/01 00:00:00 EDT,w2,0,2015-06-10 00:00:00,Contract,Contract,Contract,92400,92400,2772000,2772000,646800,93119,2816743,763019,0,0,0,0,0,0,6135,6137,6136,92400,2772000,646800,138600,3049200,808500,True,True,0,0,0,25093,2816743,694993,-1,-1,-1,0,1
2015-06-04,2015-06-04 00:00:00,Chevron,PILOT TRAVEL CENTERS LLC : CHV7460761,1022 TAMPA FL TRM CHEVRON,DIESEL #2,92400,2772000,646800,1,112225,1,112225,19871,344682,0,344682,157706,1,w2,19871,0,225732,138600,3049200,808500,Available,Available,Available,150,110,125,On Target,Above Trend,Above Trend,06/05 00:00:00 EDT,07/01 00:00:00 EDT,w2,0,2015-06-10 00:00:00,Contract,Contract,Contract,92400,92400,2772000,2772000,646800,118729,2704518,650794,0,0,0,0,0,0,8880,8882,8881,92400,2772000,646800,138600,3049200,808500,True,True,0,0,0,26375,2704518,582768,-1,-1,-1,0,1
2015-06-05,2015-06-05 00:00:00,Chevron,PILOT TRAVEL CENTERS LLC : CHV7460761,1022 TAMPA FL TRM CHEVRON,DIESEL #2,92400,2772000,646800,1,72791,1,72791,13340,417473,0,417473,230497,1,w2,13340,0,298523,138600,3049200,808500,Available,Available,Available,150,110,125,On Target,Above Trend,Above Trend,06/06 00:00:00 EDT,07/01 00:00:00 EDT,w2,0,2015-06-10 00:00:00,Contract,Contract,Contract,92400,92400,2772000,2772000,646800,125260,2631727,578003,0,0,0,0,0,0,12775,12777,12776,92400,2772000,646800,138600,3049200,808500,True,True,0,0,0,65809,2631727,509977,-1,-1,-1,0,1
2015-06-06,2015-06-06 00:00:00,Chevron,PILOT TRAVEL CENTERS LLC : CHV7460761,1022 TAMPA FL TRM CHEVRON,DIESEL #2,92400,2772000,646800,0,-1,0,-1,-1,-1,0,-1,-1,0,w3,-1,0,-1,138600,3049200,808500,-1,-1,-1,100,100,100,-1,-1,-1,-1,-1,w2,1,2015-06-10 00:00:00,-1,-1,-1,92400,-1,2772000,-1,-1,-1,-1,-1,-1,-1,-1,-1,-1,-1,-1,-1,-1,138600,3049200,808500,92400,2772000,646800,True,False,0,0,0,138601,3049201,808501,-1,-1,-1,0,0
2015-06-07,2015-06-07 00:00:00,Chevron,PILOT TRAVEL CENTERS LLC : CHV7460761,1022 TAMPA FL TRM CHEVRON,DIESEL #2,92400,2772000,646800,0,-1,0,-1,-1,-1,0,-1,-1,0,w3,-1,0,-1,138600,3049200,808500,-1,-1,-1,100,100,100,-1,-1,-1,-1,-1,w2,1,2015-06-10 00:00:00,-1,-1,-1,92400,-1,2772000,-1,-1,-1,-1,-1,-1,-1,-1,-1,-1,-1,-1,-1,-1,138600,3049200,808500,92400,2772000,646800,False,False,0,0,0,138601,3049201,808501,-1,-1,-1,0,0
2015-06-08,2015-06-08 00:00:00,Chevron,PILOT TRAVEL CENTERS LLC : CHV7460761,1022 TAMPA FL TRM CHEVRON,DIESEL #2,92400,2772000,646800,0,0,0,0,0,574698,0,574698,387722,0,w3,0,0,387722,138600,3049200,808500,Available,Available,Available,150,110,125,Below Trend,Above Trend,On Target,06/09 00:00:00 EDT,07/01 00:00:00 EDT,w2,0,2015-06-10 00:00:00,Contract,Contract,Contract,92400,92400,2772000,2772000,646800,138600,2474502,420778,0,0,0,0,0,0,15075,15077,15076,92400,2772000,646800,138600,3049200,808500,False,False,0,0,0,138600,2474502,420778,-1,-1,-1,0,0
2015-06-09,2015-06-09 00:00:00,Chevron,PILOT TRAVEL CENTERS LLC : CHV7460761,1022 TAMPA FL TRM CHEVRON,DIESEL #2,92400,2772000,646800,2,188099,0,-1,-1,-1,2,762797,-1,2,w4,-1,0,575821,138600,3049200,808500,-1,-1,-1,100,100,100,-1,-1,-1,-1,-1,w2,1,2015-06-10 00:00:00,-1,-1,-1,92400,-1,2772000,-1,-1,-1,-1,-1,-1,-1,-1,-1,-1,-1,-1,-1,-1,138600,3049200,808500,92400,2772000,646800,True,False,0,0,0,-49499,2286403,232679,-1,-1,-1,0,0
2015-06-10,2015-06-10 00:00:00,Chevron,PILOT TRAVEL CENTERS LLC : CHV7460761,1022 TAMPA FL TRM CHEVRON,DIESEL #2,92400,2772000,646800,1,0,0,0,0,762797,0,762797,0,1,w4,0,0,0,138600,3049200,808500,Available,Available,Available,150,110,125,Below Trend,Above Trend,Below Trend,06/11 00:00:00 EDT,07/01 00:00:00 EDT,w3,0,2015-06-17 00:00:00,Contract,Contract,Contract,92400,92400,2772000,2772000,646800,138600,2286403,808500,0,0,0,0,0,0,20688,20690,20689,92400,2772000,646800,138600,3049200,808500,False,True,0,0,0,138600,2286403,808500,-1,-1,-1,0,0
2015-06-11,2015-06-11 00:00:00,Chevron,PILOT TRAVEL CENTERS LLC : CHV7460761,1022 TAMPA FL TRM CHEVRON,DIESEL #2,92400,2772000,646800,1,126777,1,126777,22518,889574,0,889574,126777,1,w4,22518,0,126777,138600,3049200,808500,Available,Available,Available,150,110,125,On Target,Above Trend,Above Trend,06/12 00:00:00 EDT,07/01 00:00:00 EDT,w3,0,2015-06-17 00:00:00,Contract,Contract,Contract,92400,92400,2772000,2772000,646800,116082,2159626,681723,0,0,0,0,0,0,23590,23592,23591,92400,2772000,646800,138600,3049200,808500,False,True,126777,0,0,11823,2159626,681723,-1,-1,-1,0,0
2015-06-12,2015-06-12 00:00:00,Chevron,PILOT TRAVEL CENTERS LLC : CHV7460761,1022 TAMPA FL TRM CHEVRON,DIESEL #2,92400,2772000,646800,2,118401,0,-1,-1,-1,2,1007975,-1,2,w5,-1,0,245178,138600,3049200,808500,-1,-1,-1,100,100,100,-1,-1,-1,-1,-1,w3,1,2015-06-17 00:00:00,-1,-1,-1,92400,-1,2772000,-1,-1,-1,-1,-1,-1,-1,-1,-1,-1,-1,-1,-1,-1,138600,3049200,808500,92400,2772000,646800,True,True,245178,0,0,20199,2041225,563322,-1,-1,-1,0,0
2015-06-13,2015-06-13 00:00:00,Chevron,PILOT TRAVEL CENTERS LLC : CHV7460761,1022 TAMPA FL TRM CHEVRON,DIESEL #2,92400,2772000,646800,1,59836,0,59836,59836,1067811,0,1067811,305014,1,w5,59836,0,305014,138600,3049200,808500,Available,Available,Available,150,110,125,On Target,Above Trend,On Target,06/14 00:00:00 EDT,07/01 00:00:00 EDT,w3,0,2015-06-17 00:00:00,Contract,Contract,Contract,92400,92400,2772000,2772000,646800,78764,1981389,503486,0,0,0,0,0,0,51177,51179,51178,92400,2772000,646800,138600,3049200,808500,False,True,305014,0,0,78764,1981389,503486,-1,-1,-1,0,0
2015-06-14,2015-06-14 00:00:00,Chevron,PILOT TRAVEL CENTERS LLC : CHV7460761,1022 TAMPA FL TRM CHEVRON,DIESEL #2,92400,2772000,646800,1,38409,0,38409,38409,1106220,0,1106220,343423,1,w5,38409,0,343423,138600,3049200,808500,Available,Available,Available,150,110,125,On Target,On Target,On Target,06/15 00:00:00 EDT,07/01 00:00:00 EDT,w3,0,2015-06-17 00:00:00,Contract,Contract,Contract,92400,92400,2772000,2772000,646800,100191,1942980,465077,0,0,0,0,0,0,70961,70963,70962,92400,2772000,646800,138600,3049200,808500,False,True,343423,0,0,100191,1942980,465077,-1,-1,-1,0,0
2015-06-15,2015-06-15 00:00:00,Chevron,PILOT TRAVEL CENTERS LLC : CHV7460761,1022 TAMPA FL TRM CHEVRON,DIESEL #2,92400,2772000,646800,1,75454,0,75454,75454,1181674,0,1181674,418877,1,w5,75454,0,418877,138600,3049200,808500,Limited,Available,Limited,150,110,125,On Target,On Target,On Target,06/16 00:00:00 EDT,07/01 00:00:00 EDT,w3,0,2015-06-17 00:00:00,Contract,Contract,Contract,92400,92400,2772000,2772000,646800,63146,1867526,389623,0,0,0,0,0,0,101488,101490,101489,92400,2772000,646800,138600,3049200,808500,False,True,418877,0,0,63146,1867526,389623,-1,-1,-1,0,0
2015-06-16,2015-06-16 00:00:00,Chevron,PILOT TRAVEL CENTERS LLC : CHV7460761,1022 TAMPA FL TRM CHEVRON,DIESEL #2,92400,2772000,646800,1,53230,0,53230,53230,1234904,0,1234904,472107,1,w5,53230,0,472107,138600,3049200,808500,Available,Available,Limited,150,110,125,On Target,On Target,On Target,06/17 00:00:00 EDT,07/01 00:00:00 EDT,w3,0,2015-06-17 00:00:00,Contract,Contract,Contract,92400,92400,2772000,2772000,646800,85370,1814296,336393,0,0,0,0,0,0,123799,123801,123800,92400,2772000,646800,138600,3049200,808500,False,True,472107,0,0,85370,1814296,336393,-1,-1,-1,0,0
2015-06-17,2015-06-17 00:00:00,Chevron,PILOT TRAVEL CENTERS LLC : CHV7460761,1022 TAMPA FL TRM CHEVRON,DIESEL #2,92400,2772000,646800,1,97164,0,97164,97164,1332068,0,1332068,97164,1,w6,97164,0,97164,138600,3049200,808500,Limited,Available,Available,150,110,125,On Target,On Target,Above Trend,06/18 00:00:00 EDT,07/01 00:00:00 EDT,w4,0,2015-06-24 00:00:00,Contract,Contract,Contract,92400,92400,2772000,2772000,646800,41436,1717132,711336,0,0,0,0,0,0,142406,142408,142407,92400,2772000,646800,138600,3049200,808500,True,True,97164,0,0,41436,1717132,711336,-1,-1,-1,0,0
2015-06-18,2015-06-18 00:00:00,Chevron,PILOT TRAVEL CENTERS LLC : CHV7460761,1022 TAMPA FL TRM CHEVRON,DIESEL #2,92400,2772000,646800,1,141844,1,141844,134239,1473912,0,1473912,239008,1,w6,134239,0,239008,138600,3049200,808500,Low,Available,Available,150,110,125,Above Trend,Above Trend,Above Trend,06/19 00:00:00 EDT,07/01 00:00:00 EDT,w4,0,2015-06-24 00:00:00,Contract,Contract,Contract,92400,92400,2772000,2772000,646800,4361,1575288,569492,0,0,0,0,0,0,161173,161175,161174,92400,2772000,646800,138600,3049200,808500,True,True,239008,0,0,-3244,1575288,569492,-1,-1,-1,0,0
2015-06-19,2015-06-19 00:00:00,Chevron,PILOT TRAVEL CENTERS LLC : CHV7460761,1022 TAMPA FL TRM CHEVRON,DIESEL #2,92400,2772000,646800,1,97738,0,97738,97738,1571650,0,1571650,336746,1,w6,97738,0,336746,138600,3049200,808500,Limited,Limited,Available,150,110,125,Above Trend,Above Trend,Above Trend,06/20 00:00:00 EDT,07/01 00:00:00 EDT,w4,0,2015-06-24 00:00:00,Contract,Contract,Contract,92400,92400,2772000,2772000,646800,40862,1477550,471754,0,0,0,0,0,0,174422,174424,174423,92400,2772000,646800,138600,3049200,808500,True,True,336746,0,0,40862,1477550,471754,-1,-1,-1,0,0
2015-06-20,2015-06-20 00:00:00,Chevron,PILOT TRAVEL CENTERS LLC : CHV7460761,1022 TAMPA FL TRM CHEVRON,DIESEL #2,92400,2772000,646800,1,75874,1,75874,60569,1647524,0,1647524,412620,1,w6,60569,0,412620,138600,3049200,808500,Available,Limited,Limited,150,110,125,On Target,Above Trend,Above Trend,06/21 00:00:00 EDT,07/01 00:00:00 EDT,w4,0,2015-06-24 00:00:00,Contract,Contract,Contract,92400,92400,2772000,2772000,646800,78031,1401676,395880,0,0,0,0,0,0,191050,191052,191051,92400,2772000,646800,138600,3049200,808500,True,True,412620,0,0,62726,1401676,395880,-1,-1,-1,0,0
2015-06-21,2015-06-21 00:00:00,Chevron,PILOT TRAVEL CENTERS LLC : CHV7460761,1022 TAMPA FL TRM CHEVRON,DIESEL #2,92400,2772000,646800,1,7605,0,7605,7605,1655129,0,1655129,420225,1,w6,7605,0,420225,138600,3049200,808500,Available,Limited,Limited,150,110,125,Below Trend,On Target,On Target,06/22 00:00:00 EDT,07/01 00:00:00 EDT,w4,0,2015-06-24 00:00:00,Contract,Contract,Contract,92400,92400,2772000,2772000,646800,130995,1394071,388275,0,0,0,0,0,0,217392,217394,217393,92400,2772000,646800,138600,3049200,808500,True,True,420225,0,0,130995,1394071,388275,-1,-1,-1,0,0
2015-06-22,2015-06-22 00:00:00,Chevron,PILOT TRAVEL CENTERS LLC : CHV7460761,1022 TAMPA FL TRM CHEVRON,DIESEL #2,92400,2772000,646800,1,82930,0,82930,82930,1738059,0,1738059,503155,1,w6,82930,0,503155,138600,3049200,808500,Limited,Limited,Limited,150,110,125,On Target,On Target,On Target,06/23 00:00:00 EDT,07/01 00:00:00 EDT,w4,0,2015-06-24 00:00:00,Contract,Contract,Contract,92400,92400,2772000,2772000,646800,55670,1311141,305345,0,0,0,0,0,0,239381,239383,239382,92400,2772000,646800,138600,3049200,808500,True,True,503155,0,0,55670,1311141,305345,-1,-1,-1,0,0
2015-06-23,2015-06-23 00:00:00,Chevron,PILOT TRAVEL CENTERS LLC : CHV7460761,1022 TAMPA FL TRM CHEVRON,DIESEL #2,92400,2772000,646800,1,113017,1,113017,105514,1851076,0,1851076,616172,1,w6,105514,0,616172,138600,3049200,808500,Limited,Limited,Limited,150,110,125,On Target,On Target,On Target,06/24 00:00:00 EDT,07/01 00:00:00 EDT,w4,0,2015-06-24 00:00:00,Contract,Contract,Contract,92400,92400,2772000,2772000,646800,33086,1198124,192328,0,0,0,0,0,0,276868,276870,276869,92400,2772000,646800,138600,3049200,808500,True,True,616172,0,0,25583,1198124,192328,-1,-1,-1,0,0
2015-06-24,2015-06-24 00:00:00,Chevron,PILOT TRAVEL CENTERS LLC : CHV7460761,1022 TAMPA FL TRM CHEVRON,DIESEL #2,92400,2772000,646800,1,128472,0,128472,128472,1979548,0,1979548,128472,1,w7,128472,0,128472,138600,3049200,808500,Low,Limited,Available,150,110,125,Above Trend,Above Trend,Above Trend,06/25 00:00:00 EDT,07/01 00:00:00 EDT,w5,0,2015-07-01 00:00:00,Contract,Contract,Contract,92400,92400,2772000,2772000,646800,10128,1069652,680028,0,0,0,0,0,0,307072,307074,307073,92400,2772000,646800,138600,3049200,808500,True,True,128472,0,0,10128,1069652,680028,-1,-1,-1,0,0
2015-06-25,2015-06-25 00:00:00,Chevron,PILOT TRAVEL CENTERS LLC : CHV7460761,1022 TAMPA FL TRM CHEVRON,DIESEL #2,92400,2772000,646800,1,90732,0,90732,90732,2070280,0,2070280,219204,1,w7,90732,0,219204,138600,3049200,808500,Limited,Limited,Available,150,110,125,On Target,Above Trend,Above Trend,06/26 00:00:00 EDT,07/01 00:00:00 EDT,w5,0,2015-07-01 00:00:00,Contract,Contract,Contract,92400,92400,2772000,2772000,646800,47868,978920,589296,0,0,0,0,0,0,338783,338785,338784,92400,2772000,646800,138600,3049200,808500,True,True,219204,0,0,47868,978920,589296,-1,-1,-1,0,0
2015-06-26,2015-06-26 00:00:00,Chevron,PILOT TRAVEL CENTERS LLC : CHV7460761,1022 TAMPA FL TRM CHEVRON,DIESEL #2,92400,2772000,646800,1,105353,0,105353,105353,2175633,0,2175633,324557,1,w7,105353,0,324557,138600,3049200,808500,Limited,Limited,Available,150,110,125,On Target,Above Trend,Above Trend,06/27 00:00:00 EDT,07/01 00:00:00 EDT,w5,0,2015-07-01 00:00:00,Contract,Contract,Contract,92400,92400,2772000,2994600,646800,33247,873567,483943,0,0,0,0,0,0,369122,369124,369123,92400,2772000,646800,138600,3049200,808500,True,True,324557,0,0,33247,873567,483943,-1,-1,-1,0,0
2015-06-27,2015-06-27 00:00:00,Chevron,PILOT TRAVEL CENTERS LLC : CHV7460761,1022 TAMPA FL TRM CHEVRON,DIESEL #2,92400,2772000,646800,1,37774,0,37774,37774,2213407,0,2213407,362331,1,w7,37774,0,362331,138600,3049200,808500,Available,Limited,Available,150,110,125,On Target,Above Trend,On Target,06/28 00:00:00 EDT,07/01 00:00:00 EDT,w5,0,2015-07-01 00:00:00,Contract,Contract,Contract,92400,92400,2772000,2994600,646800,100826,835793,446169,0,0,0,0,0,0,396204,396206,396205,92400,2772000,646800,138600,3049200,808500,True,True,362331,0,0,100826,835793,446169,-1,-1,-1,0,0
2015-06-28,2015-06-28 00:00:00,Chevron,PILOT TRAVEL CENTERS LLC : CHV7460761,1022 TAMPA FL TRM CHEVRON,DIESEL #2,92400,2772000,646800,1,22507,0,22507,22507,2235914,0,2235914,384838,1,w7,22507,0,384838,138600,3049200,808500,Available,Limited,Available,150,110,125,Below Trend,On Target,On Target,06/29 00:00:00 EDT,07/01 00:00:00 EDT,w5,0,2015-07-01 00:00:00,Contract,Contract,Contract,106667,92400,3200000,2994600,646800,116093,813286,423662,0,0,0,0,0,0,419130,419132,419131,92400,2772000,646800,138600,3049200,808500,True,True,384838,0,0,116093,813286,423662,-1,-1,-1,0,0
2015-06-29,2015-06-29 00:00:00,Chevron,PILOT TRAVEL CENTERS LLC : CHV7460761,1022 TAMPA FL TRM CHEVRON,DIESEL #2,106667,3200000,746667,1,117328,0,117328,117328,2353242,0,2353242,502166,1,w7,117328,0,502166,160001,3520000,933334,Limited,Limited,Limited,150,110,125,On Target,On Target,On Target,06/30 00:00:00 EDT,07/01 00:00:00 EDT,w5,0,2015-07-01 00:00:00,Contract,Contract,Contract,106667,106667,3200000,3200000,746667,42673,1166758,431168,0,0,0,0,0,0,449945,449947,449946,106667,3200000,746667,160001,3520000,933334,True,True,502166,0,0,42673,1166758,431168,-1,-1,-1,0,0
2015-06-30,2015-06-30 00:00:00,Chevron,PILOT TRAVEL CENTERS LLC : CHV7460761,1022 TAMPA FL TRM CHEVRON,DIESEL #2,106667,3200000,746667,1,165737,0,165737,165737,2518979,0,2518979,667903,1,w7,165737,0,667903,160001,3520000,933334,Out,Limited,Limited,150,110,125,Above Trend,On Target,On Target,07/01 00:00:00 EDT,07/01 00:00:00 EDT,w5,0,2015-07-01 00:00:00,Contract,Contract,Contract,106667,106667,3200000,3200000,746667,-5737,1001021,265431,0,0,0,0,0,0,476610,476612,476611,106667,3200000,746667,160001,3520000,933334,True,True,667903,0,0,-5736,1001021,265431,-1,-1,-1,0,0
