,date,supplier_name,account_type,supplier_terminal_name,product_name,base_gallons_Daily,base_gallons_Monthly,base_gallons_Weekly,lifted_gallons_daily_flag,lifted_gallons_daily_modified,Modified_WeeksByLiftedGallons,lifted_gallons_modified_WeeksByLiftedGallons,lifted_gallons_Daily,Lifted_actual_monthly,lifted_gallons_monthly_flag,lifted_gallons_Monthly,Lifted_actual_weekly,lifted_gallons_weekly_flag,WeeksByLiftedGallons,lifted_gallonsWeekly_modified_aposteriori,Modified_LiftedGallonsaposteriori,lifted_gallons_Weekly,beginning_gallons_Daily,beginning_gallons_Monthly,beginning_gallons_Weekly,en_allocation_status_Daily,en_allocation_status_Monthly,en_allocation_status_Weekly,percentage_allocation_Daily,percentage_allocation_Monthly,percentage_allocation_Weekly,alerts_ratability_Daily,alerts_ratability_Monthly,alerts_ratability_Weekly,next_refresh_date_Daily,next_refresh_date_Monthly,Week_switch,Modified_NRD,next_refresh_date_Weekly,en_account_type_Daily,en_account_type_Monthly,en_account_type_Weekly,NRB_Daily,next_refresh_base_gallons_Daily,NRB_Monthly,next_refresh_base_gallons_Monthly,next_refresh_base_gallons_Weekly,remaining_gallons_Daily,remaining_gallons_Monthly,remaining_gallons_Weekly,additional_gallons_allowed_Daily,additional_gallons_allowed_Monthly,additional_gallons_allowed_Weekly,additional_gallons_remaining_Daily,additional_gallons_remaining_Monthly,additional_gallons_remaining_Weekly,staging_id_Daily,staging_id_Monthly,staging_id_Weekly,base_gallons_Daily_Reconciled,base_gallons_Monthly_Reconciled,base_gallons_Weekly_Reconciled,beginning_gallons_Daily_Reconciled,beginning_gallons_Monthly_Reconciled,beginning_gallons_Weekly_Reconciled,sanityWeekly_CumulativeDaily_WeeksByLiftedGallons,sanityWeekly_CumulativeDaily_NextRefreshDate,computedWeekly,computedMonthly,sanityComputedMonthly,remaining_gallons_Daily_Reconciled,remaining_gallons_Monthly_Reconciled,remaining_gallons_Weekly_Reconciled,additional_gallons_remaining_Daily_Reconciled,additional_gallons_remaining_Monthly_Reconciled,additional_gallons_remaining_Weekly_Reconciled,sanityMonthly_CumulativeDaily_WeeksByLiftedGallons,sanityMonthly_CumulativeDaily_WeeksByNextRefreshDate
2015-06-01,2015-06-01 00:00:00,Chevron,PILOT TRAVEL CENTERS LLC : CHV7460761,1043 MONTEBELLO CA TRM CHEVRON,DIESEL #2,36393,1091797,254753,7,15199,0,-1,-1,-1,7,15199,-1,7,w1,-1,0,15199,54590,1200977,318441,-1,-1,-1,100,100,100,-1,-1,-1,-1,-1,w1,1,2015-06-03 00:00:00,-1,-1,-1,36393,-1,1091797,-1,-1,-1,-1,-1,-1,-1,-1,-1,-1,-1,-1,-1,-1,54590,1200977,318441,36393,1091797,254753,True,True,15199,0,0,39391,1185778,303242,-1,-1,-1,0,1
2015-06-02,2015-06-02 00:00:00,Chevron,PILOT TRAVEL CENTERS LLC : CHV7460761,1043 MONTEBELLO CA TRM CHEVRON,DIESEL #2,36393,1091797,254753,1,30304,0,30304,30304,45503,0,45503,204104,1,w1,30304,0,45503,54590,1200977,318441,Limited,Available,Limited,150,110,125,Above Trend,Above Trend,On Target,06/03 00:00:00 PDT,07/01 00:00:00 PDT,w1,0,2015-06-03 00:00:00,Contract,Contract,Contract,36393,36393,1091797,1091797,254753,24286,1155474,114337,0,0,0,0,0,0,151,153,152,36393,1091797,254753,54590,1200977,318441,False,True,45503,0,0,24286,1155474,272938,-1,-1,-1,0,1
2015-06-03,2015-06-03 00:00:00,Chevron,PILOT TRAVEL CENTERS LLC : CHV7460761,1043 MONTEBELLO CA TRM CHEVRON,DIESEL #2,36393,1091797,254753,1,37905,0,15204,15204,83408,0,83408,15204,1,w2,15204,0,37905,54590,1200977,318441,Available,Available,Available,150,110,125,Above Trend,Above Trend,Above Trend,06/04 00:00:00 PDT,07/01 00:00:00 PDT,w2,0,2015-06-10 00:00:00,Contract,Contract,Contract,36393,36393,1091797,1091797,254753,39386,1117569,303237,0,0,0,0,0,0,6149,6151,6150,36393,1091797,254753,54590,1200977,318441,True,True,0,0,0,16685,1117569,280536,-1,-1,-1,0,1
2015-06-04,2015-06-04 00:00:00,Chevron,PILOT TRAVEL CENTERS LLC : CHV7460761,1043 MONTEBELLO CA TRM CHEVRON,DIESEL #2,36393,1091797,254753,1,7600,1,7600,0,91008,0,91008,22804,1,w2,0,0,45505,54590,1200977,318441,Available,Available,Available,150,110,125,Below Trend,On Target,On Target,06/05 00:00:00 PDT,07/01 00:00:00 PDT,w2,0,2015-06-10 00:00:00,Contract,Contract,Contract,36393,36393,1091797,1091797,254753,54590,1109969,295637,0,0,0,0,0,0,8894,8896,8895,36393,1091797,254753,54590,1200977,318441,True,True,0,0,0,46990,1109969,272936,-1,-1,-1,0,1
2015-06-05,2015-06-05 00:00:00,Chevron,PILOT TRAVEL CENTERS LLC : CHV7460761,1043 MONTEBELLO CA TRM CHEVRON,DIESEL #2,36393,1091797,254753,1,45299,1,45299,0,136307,0,136307,68103,1,w2,0,0,90804,54590,1200977,318441,Available,Available,Available,150,110,125,Below Trend,Above Trend,On Target,06/06 00:00:00 PDT,07/01 00:00:00 PDT,w2,0,2015-06-10 00:00:00,Contract,Contract,Contract,36393,36393,1091797,1091797,254753,54590,1064670,250338,0,0,0,0,0,0,12789,12791,12790,36393,1091797,254753,54590,1200977,318441,True,True,0,0,0,9291,1064670,227637,-1,-1,-1,0,1
2015-06-06,2015-06-06 00:00:00,Chevron,PILOT TRAVEL CENTERS LLC : CHV7460761,1043 MONTEBELLO CA TRM CHEVRON,DIESEL #2,36393,1091797,254753,0,-1,0,-1,-1,-1,0,-1,-1,0,w3,-1,0,-1,54590,1200977,318441,-1,-1,-1,100,100,100,-1,-1,-1,-1,-1,w2,1,2015-06-10 00:00:00,-1,-1,-1,36393,-1,1091797,-1,-1,-1,-1,-1,-1,-1,-1,-1,-1,-1,-1,-1,-1,54590,1200977,318441,36393,1091797,254753,True,False,0,0,0,54591,1200978,318442,-1,-1,-1,0,0
2015-06-07,2015-06-07 00:00:00,Chevron,PILOT TRAVEL CENTERS LLC : CHV7460761,1043 MONTEBELLO CA TRM CHEVRON,DIESEL #2,36393,1091797,254753,0,-1,0,-1,-1,-1,0,-1,-1,0,w3,-1,0,-1,54590,1200977,318441,-1,-1,-1,100,100,100,-1,-1,-1,-1,-1,w2,1,2015-06-10 00:00:00,-1,-1,-1,36393,-1,1091797,-1,-1,-1,-1,-1,-1,-1,-1,-1,-1,-1,-1,-1,-1,54590,1200977,318441,36393,1091797,254753,False,False,0,0,0,54591,1200978,318442,-1,-1,-1,0,0
2015-06-08,2015-06-08 00:00:00,Chevron,PILOT TRAVEL CENTERS LLC : CHV7460761,1043 MONTEBELLO CA TRM CHEVRON,DIESEL #2,36393,1091797,254753,0,7500,0,7500,7500,159010,0,159010,90806,0,w3,7500,0,90806,54590,1200977,318441,Available,Available,Available,150,110,125,Below Trend,On Target,On Target,06/08 00:00:00 PDT,07/01 00:00:00 PDT,w2,0,2015-06-10 00:00:00,Contract,Contract,Contract,36393,36393,1091797,1091797,254753,47090,1041967,227635,0,0,0,0,0,0,15089,15091,15090,36393,1091797,254753,54590,1200977,318441,False,False,0,0,0,47090,1041967,227635,-1,-1,-1,0,0
2015-06-09,2015-06-09 00:00:00,Chevron,PILOT TRAVEL CENTERS LLC : CHV7460761,1043 MONTEBELLO CA TRM CHEVRON,DIESEL #2,36393,1091797,254753,2,15105,0,-1,-1,-1,2,174115,-1,2,w4,-1,0,105911,54590,1200977,318441,-1,-1,-1,100,100,100,-1,-1,-1,-1,-1,w2,1,2015-06-10 00:00:00,-1,-1,-1,36393,-1,1091797,-1,-1,-1,-1,-1,-1,-1,-1,-1,-1,-1,-1,-1,-1,54590,1200977,318441,36393,1091797,254753,True,False,0,0,0,39485,1026862,212530,-1,-1,-1,0,0
2015-06-10,2015-06-10 00:00:00,Chevron,PILOT TRAVEL CENTERS LLC : CHV7460761,1043 MONTEBELLO CA TRM CHEVRON,DIESEL #2,36393,1091797,254753,1,45602,0,45602,45602,219717,0,219717,151513,1,w4,45602,0,151513,54590,1200977,318441,Low,Available,Available,150,110,125,Above Trend,On Target,On Target,06/10 00:00:00 PDT,07/01 00:00:00 PDT,w2,0,2015-06-10 00:00:00,Contract,Contract,Contract,36393,36393,1091797,1091797,254753,8988,981260,166928,0,0,0,0,0,0,20702,20704,20703,36393,1091797,254753,54590,1200977,318441,False,False,0,0,0,8988,981260,166928,-1,-1,-1,0,0
2015-06-11,2015-06-11 00:00:00,Chevron,PILOT TRAVEL CENTERS LLC : CHV7460761,1043 MONTEBELLO CA TRM CHEVRON,DIESEL #2,36393,1091797,254753,1,60602,1,60602,7600,280319,0,280319,60602,1,w5,7600,0,60602,54590,1200977,318441,Available,Available,Available,150,110,125,Above Trend,On Target,Above Trend,06/12 00:00:00 PDT,07/01 00:00:00 PDT,w3,0,2015-06-17 00:00:00,Contract,Contract,Contract,36393,36393,1091797,1091797,254753,46990,920658,257839,0,0,0,0,0,0,23604,23606,23605,36393,1091797,254753,54590,1200977,318441,True,True,60602,0,0,-6012,920658,257839,-1,-1,-1,0,0
2015-06-12,2015-06-12 00:00:00,Chevron,PILOT TRAVEL CENTERS LLC : CHV7460761,1043 MONTEBELLO CA TRM CHEVRON,DIESEL #2,36393,1091797,254753,2,60604,0,-1,-1,-1,2,340923,-1,2,w6,-1,0,121206,54590,1200977,318441,-1,-1,-1,100,100,100,-1,-1,-1,-1,-1,w3,1,2015-06-17 00:00:00,-1,-1,-1,36393,-1,1091797,-1,-1,-1,-1,-1,-1,-1,-1,-1,-1,-1,-1,-1,-1,54590,1200977,318441,36393,1091797,254753,True,True,121206,0,0,-6014,860054,197235,-1,-1,-1,0,0
2015-06-13,2015-06-13 00:00:00,Chevron,PILOT TRAVEL CENTERS LLC : CHV7460761,1043 MONTEBELLO CA TRM CHEVRON,DIESEL #2,36393,1091797,254753,1,15201,0,15201,15201,356124,0,356124,136407,1,w6,15201,0,136407,54590,1200977,318441,Available,Available,Available,150,110,125,On Target,On Target,On Target,06/14 00:00:00 PDT,07/01 00:00:00 PDT,w3,0,2015-06-17 00:00:00,Contract,Contract,Contract,36393,36393,1091797,1091797,254753,39389,844853,182034,0,0,0,0,0,0,51191,51193,51192,36393,1091797,254753,54590,1200977,318441,False,True,136407,0,0,39389,844853,182034,-1,-1,-1,0,0
2015-06-14,2015-06-14 00:00:00,Chevron,PILOT TRAVEL CENTERS LLC : CHV7460761,1043 MONTEBELLO CA TRM CHEVRON,DIESEL #2,36393,1091797,254753,1,15201,1,15201,7600,371325,0,371325,151608,1,w6,7600,0,151608,54590,1200977,318441,Available,Available,Available,150,110,125,Below Trend,On Target,On Target,06/15 00:00:00 PDT,07/01 00:00:00 PDT,w3,0,2015-06-17 00:00:00,Contract,Contract,Contract,36393,36393,1091797,1091797,254753,46990,829652,166833,0,0,0,0,0,0,70975,70977,70976,36393,1091797,254753,54590,1200977,318441,False,True,151608,0,0,39389,829652,166833,-1,-1,-1,0,0
2015-06-15,2015-06-15 00:00:00,Chevron,PILOT TRAVEL CENTERS LLC : CHV7460761,1043 MONTEBELLO CA TRM CHEVRON,DIESEL #2,36393,1091797,254753,1,37998,1,37998,22799,409323,0,409323,189606,1,w6,22799,0,189606,54590,1200977,318441,Available,Available,Limited,150,110,125,On Target,On Target,On Target,06/16 00:00:00 PDT,07/01 00:00:00 PDT,w3,0,2015-06-17 00:00:00,Contract,Contract,Contract,36393,36393,1091797,1091797,254753,31791,791654,128835,0,0,0,0,0,0,101502,101504,101503,36393,1091797,254753,54590,1200977,318441,False,True,189606,0,0,16592,791654,128835,-1,-1,-1,0,0
2015-06-16,2015-06-16 00:00:00,Chevron,PILOT TRAVEL CENTERS LLC : CHV7460761,1043 MONTEBELLO CA TRM CHEVRON,DIESEL #2,36393,1091797,254753,1,30398,1,30398,22799,439721,0,439721,220004,1,w6,22799,0,220004,54590,1200977,318441,Available,Available,Limited,150,110,125,On Target,On Target,On Target,06/17 00:00:00 PDT,07/01 00:00:00 PDT,w3,0,2015-06-17 00:00:00,Contract,Contract,Contract,36393,36393,1091797,1091797,254753,31791,761256,98437,0,0,0,0,0,0,123813,123815,123814,36393,1091797,254753,54590,1200977,318441,False,True,220004,0,0,24192,761256,98437,-1,-1,-1,0,0
2015-06-17,2015-06-17 00:00:00,Chevron,PILOT TRAVEL CENTERS LLC : CHV7460761,1043 MONTEBELLO CA TRM CHEVRON,DIESEL #2,36393,1091797,254753,1,60609,0,45407,45407,500330,0,500330,45407,1,w7,45407,0,60609,54590,1200977,318441,Low,Available,Available,150,110,125,Above Trend,On Target,Above Trend,06/18 00:00:00 PDT,07/01 00:00:00 PDT,w4,0,2015-06-24 00:00:00,Contract,Contract,Contract,36393,36393,1091797,1091797,254753,9183,700647,273034,0,0,0,0,0,0,142420,142422,142421,36393,1091797,254753,54590,1200977,318441,True,True,60609,0,0,-6019,700647,257832,-1,-1,-1,0,0
2015-06-18,2015-06-18 00:00:00,Chevron,PILOT TRAVEL CENTERS LLC : CHV7460761,1043 MONTEBELLO CA TRM CHEVRON,DIESEL #2,36393,1091797,254753,1,45505,1,45505,37905,545835,0,545835,90912,1,w7,37905,0,106114,54590,1200977,318441,Limited,Available,Available,150,110,125,On Target,On Target,Above Trend,06/19 00:00:00 PDT,07/01 00:00:00 PDT,w4,0,2015-06-24 00:00:00,Contract,Contract,Contract,36393,36393,1091797,1091797,254753,16685,655142,227529,0,0,0,0,0,0,161187,161189,161188,36393,1091797,254753,54590,1200977,318441,True,True,106114,0,0,9085,655142,212327,-1,-1,-1,0,0
2015-06-19,2015-06-19 00:00:00,Chevron,PILOT TRAVEL CENTERS LLC : CHV7460761,1043 MONTEBELLO CA TRM CHEVRON,DIESEL #2,36393,1091797,254753,1,22797,0,22797,22797,568632,0,568632,113709,1,w7,22797,0,128911,54590,1200977,318441,Available,Available,Available,150,110,125,On Target,On Target,Above Trend,06/20 00:00:00 PDT,07/01 00:00:00 PDT,w4,0,2015-06-24 00:00:00,Contract,Contract,Contract,36393,36393,1091797,1091797,254753,31793,632345,204732,0,0,0,0,0,0,174436,174438,174437,36393,1091797,254753,54590,1200977,318441,True,True,128911,0,0,31793,632345,189530,-1,-1,-1,0,0
2015-06-20,2015-06-20 00:00:00,Chevron,PILOT TRAVEL CENTERS LLC : CHV7460761,1043 MONTEBELLO CA TRM CHEVRON,DIESEL #2,36393,1091797,254753,1,30203,1,30203,22602,598835,0,598835,143912,1,w7,22602,0,159114,54590,1200977,318441,Available,Available,Available,150,110,125,On Target,On Target,Above Trend,06/21 00:00:00 PDT,07/01 00:00:00 PDT,w4,0,2015-06-24 00:00:00,Contract,Contract,Contract,36393,36393,1091797,1091797,254753,31988,602142,174529,0,0,0,0,0,0,191064,191066,191065,36393,1091797,254753,54590,1200977,318441,True,True,159114,0,0,24387,602142,159327,-1,-1,-1,0,0
2015-06-21,2015-06-21 00:00:00,Chevron,PILOT TRAVEL CENTERS LLC : CHV7460761,1043 MONTEBELLO CA TRM CHEVRON,DIESEL #2,36393,1091797,254753,1,15102,1,15102,7500,613937,0,613937,159014,1,w7,7500,0,174216,54590,1200977,318441,Available,Limited,Available,150,110,125,Below Trend,On Target,On Target,06/22 00:00:00 PDT,07/01 00:00:00 PDT,w4,0,2015-06-24 00:00:00,Contract,Contract,Contract,36393,36393,1091797,1091797,254753,47090,587040,159427,0,0,0,0,0,0,217406,217408,217407,36393,1091797,254753,54590,1200977,318441,True,True,174216,0,0,39488,587040,144225,-1,-1,-1,0,0
2015-06-22,2015-06-22 00:00:00,Chevron,PILOT TRAVEL CENTERS LLC : CHV7460761,1043 MONTEBELLO CA TRM CHEVRON,DIESEL #2,36393,1091797,254753,1,45499,1,45499,37899,659436,0,659436,204513,1,w7,37899,0,219715,54590,1200977,318441,Limited,Limited,Limited,150,110,125,On Target,On Target,On Target,06/23 00:00:00 PDT,07/01 00:00:00 PDT,w4,0,2015-06-24 00:00:00,Contract,Contract,Contract,36393,36393,1091797,1091797,254753,16691,541541,113928,0,0,0,0,0,0,239395,239397,239396,36393,1091797,254753,54590,1200977,318441,True,True,219715,0,0,9091,541541,98726,-1,-1,-1,0,0
2015-06-23,2015-06-23 00:00:00,Chevron,PILOT TRAVEL CENTERS LLC : CHV7460761,1043 MONTEBELLO CA TRM CHEVRON,DIESEL #2,36393,1091797,254753,1,15399,0,15399,15399,674835,0,674835,219912,1,w7,15399,0,235114,54590,1200977,318441,Available,Limited,Limited,150,110,125,On Target,On Target,On Target,06/24 00:00:00 PDT,07/01 00:00:00 PDT,w4,0,2015-06-24 00:00:00,Contract,Contract,Contract,36393,36393,1091797,1091797,254753,39191,526142,98529,0,0,0,0,0,0,276882,276884,276883,36393,1091797,254753,54590,1200977,318441,True,True,235114,0,0,39191,526142,83327,-1,-1,-1,0,0
2015-06-24,2015-06-24 00:00:00,Chevron,PILOT TRAVEL CENTERS LLC : CHV7460761,1043 MONTEBELLO CA TRM CHEVRON,DIESEL #2,36393,1091797,254753,1,53001,0,45400,45400,727836,0,727836,45400,1,w8,45400,0,53001,54590,1200977,318441,Low,Limited,Available,150,110,125,Above Trend,On Target,Above Trend,06/25 00:00:00 PDT,07/01 00:00:00 PDT,w5,0,2015-07-01 00:00:00,Contract,Contract,Contract,36393,36393,1091797,1091797,254753,9190,473141,273041,0,0,0,0,0,0,307084,307086,307085,36393,1091797,254753,54590,1200977,318441,True,True,53001,0,0,1589,473141,265440,-1,-1,-1,0,0
2015-06-25,2015-06-25 00:00:00,Chevron,PILOT TRAVEL CENTERS LLC : CHV7460761,1043 MONTEBELLO CA TRM CHEVRON,DIESEL #2,36393,1091797,254753,1,37967,0,37967,37967,765803,0,765803,83367,1,w8,37967,0,90968,54590,1200977,318441,Limited,Limited,Available,150,110,125,On Target,On Target,Above Trend,06/26 00:00:00 PDT,07/01 00:00:00 PDT,w5,0,2015-07-01 00:00:00,Contract,Contract,Contract,36393,36393,1091797,1091797,254753,16623,435174,235074,0,0,0,0,0,0,338795,338797,338796,36393,1091797,254753,54590,1200977,318441,True,True,90968,0,0,16623,435174,227473,-1,-1,-1,0,0
2015-06-26,2015-06-26 00:00:00,Chevron,PILOT TRAVEL CENTERS LLC : CHV7460761,1043 MONTEBELLO CA TRM CHEVRON,DIESEL #2,36393,1091797,254753,1,45604,0,45604,45604,811407,0,811407,128971,1,w8,45604,0,136572,54590,1200977,318441,Low,Limited,Available,150,110,125,Above Trend,On Target,Above Trend,06/27 00:00:00 PDT,07/01 00:00:00 PDT,w5,0,2015-07-01 00:00:00,Contract,Contract,Contract,36393,36393,1091797,1199406,254753,8986,389570,189470,0,0,0,0,0,0,369134,369136,369135,36393,1091797,254753,54590,1200977,318441,True,True,136572,0,0,8986,389570,181869,-1,-1,-1,0,0
2015-06-27,2015-06-27 00:00:00,Chevron,PILOT TRAVEL CENTERS LLC : CHV7460761,1043 MONTEBELLO CA TRM CHEVRON,DIESEL #2,36393,1091797,254753,1,30301,1,30301,22701,841708,0,841708,159272,1,w8,22701,0,166873,54590,1200977,318441,Available,Limited,Available,150,110,125,On Target,On Target,Above Trend,06/28 00:00:00 PDT,07/01 00:00:00 PDT,w5,0,2015-07-01 00:00:00,Contract,Contract,Contract,36393,36393,1091797,1199406,254753,31889,359269,159169,0,0,0,0,0,0,396216,396218,396217,36393,1091797,254753,54590,1200977,318441,True,True,166873,0,0,24289,359269,151568,-1,-1,-1,0,0
2015-06-28,2015-06-28 00:00:00,Chevron,PILOT TRAVEL CENTERS LLC : CHV7460761,1043 MONTEBELLO CA TRM CHEVRON,DIESEL #2,36393,1091797,254753,1,45601,1,45601,30400,887309,0,887309,204873,1,w8,30400,0,212474,54590,1200977,318441,Limited,Limited,Limited,150,110,125,On Target,On Target,Above Trend,06/29 00:00:00 PDT,07/01 00:00:00 PDT,w5,0,2015-07-01 00:00:00,Contract,Contract,Contract,36393,36393,1091797,1199406,254753,24190,313668,113568,0,0,0,0,0,0,419142,419144,419143,36393,1091797,254753,54590,1200977,318441,True,True,212474,0,0,8989,313668,105967,-1,-1,-1,0,0
2015-06-29,2015-06-29 00:00:00,Chevron,PILOT TRAVEL CENTERS LLC : CHV7460761,1043 MONTEBELLO CA TRM CHEVRON,DIESEL #2,36393,1091797,254753,1,22803,1,22803,15202,910112,0,910112,227676,1,w8,15202,0,235277,54590,1200977,318441,Available,Limited,Limited,150,110,125,On Target,On Target,Above Trend,06/30 00:00:00 PDT,07/01 00:00:00 PDT,w5,0,2015-07-01 00:00:00,Contract,Contract,Contract,36393,36393,1091797,1199406,254753,39388,290865,90765,0,0,0,0,0,0,449957,449959,449958,36393,1091797,254753,54590,1200977,318441,True,True,235277,0,0,31787,290865,83164,-1,-1,-1,0,0
2015-06-30,2015-06-30 00:00:00,Chevron,PILOT TRAVEL CENTERS LLC : CHV7460761,1043 MONTEBELLO CA TRM CHEVRON,DIESEL #2,36393,1091797,254753,1,37986,1,37986,30388,948098,0,948098,265662,1,w8,30388,0,273263,54590,1200977,318441,Limited,Limited,Low,150,110,125,On Target,On Target,Above Trend,07/01 00:00:00 PDT,07/01 00:00:00 PDT,w5,0,2015-07-01 00:00:00,Contract,Contract,Contract,36393,36393,1199406,1199406,254753,24202,252879,52779,0,0,0,0,0,0,476622,476624,476623,36393,1091797,254753,54590,1200977,318441,True,True,273263,0,0,16604,252879,45178,-1,-1,-1,0,0
