,date,supplier_name,account_type,supplier_terminal_name,product_name,base_gallons_Daily,base_gallons_Monthly,base_gallons_Weekly,lifted_gallons_daily_flag,lifted_gallons_daily_modified,Modified_WeeksByLiftedGallons,lifted_gallons_modified_WeeksByLiftedGallons,lifted_gallons_Daily,Lifted_actual_monthly,lifted_gallons_monthly_flag,lifted_gallons_Monthly,Lifted_actual_weekly,lifted_gallons_weekly_flag,WeeksByLiftedGallons,lifted_gallonsWeekly_modified_aposteriori,Modified_LiftedGallonsaposteriori,lifted_gallons_Weekly,beginning_gallons_Daily,beginning_gallons_Monthly,beginning_gallons_Weekly,en_allocation_status_Daily,en_allocation_status_Monthly,en_allocation_status_Weekly,percentage_allocation_Daily_actual,percentage_allocation_Daily,percentage_allocation_Monthly_actual,percentage_allocation_Monthly,percentage_allocation_Weekly_actual,percentage_allocation_Weekly,alerts_ratability_Daily,alerts_ratability_Monthly,alerts_ratability_Weekly,next_refresh_date_Daily,next_refresh_date_Monthly,Week_switch,Modified_NRD,next_refresh_date_Weekly,en_account_type_Daily,en_account_type_Monthly,en_account_type_Weekly,NRB_Daily,next_refresh_base_gallons_Daily,NRB_Monthly,next_refresh_base_gallons_Monthly,next_refresh_base_gallons_Weekly,remaining_gallons_Daily,remaining_gallons_Monthly,remaining_gallons_Weekly,additional_gallons_allowed_Daily,additional_gallons_allowed_Monthly,additional_gallons_allowed_Weekly,additional_gallons_remaining_Daily,additional_gallons_remaining_Monthly,additional_gallons_remaining_Weekly,staging_id_Daily,staging_id_Monthly,staging_id_Weekly,execution_date_Daily,execution_date_Monthly,execution_date_Weekly,base_gallons_Daily_Reconciled,base_gallons_Monthly_Reconciled,base_gallons_Weekly_Reconciled,beginning_gallons_Daily_Reconciled,beginning_gallons_Monthly_Reconciled,beginning_gallons_Weekly_Reconciled,sanityWeekly_CumulativeDaily_WeeksByLiftedGallons,sanityWeekly_CumulativeDaily_NextRefreshDate,computedWeekly,sanityComputedWeekly,computedMonthly,sanityComputedMonthly,remaining_gallons_Daily_Reconciled,remaining_gallons_Monthly_Reconciled,remaining_gallons_Weekly_Reconciled,additional_gallons_remaining_Daily_Reconciled,additional_gallons_remaining_Monthly_Reconciled,additional_gallons_remaining_Weekly_Reconciled,Ratability_Monthly,Ratability_Daily,Ratability_Weekly,sanityMonthly_CumulativeDaily_WeeksByLiftedGallons,sanityMonthly_CumulativeDaily_WeeksByNextRefreshDate
2015-07-01,2015-07-01 00:00:00,Exxon,PILOT TRAVEL CENTERS LLC 103637 IW,HAMMOND IN (MOC) - 00DH,Prem RFG,5181,-1,36265,0,18800,0,18800,18800,-1,0,-1,41906,0,w1,18800,0,41906,7772,-1,50771,Available,-1,Available,150%,150,-1,100,140%,140,Above Trend,-1,On Track,07/02 00:00:00 EDT,-1,w1,0,2015-07-02 00:00:00,Contract,-1,Contract,5181,5181,-1,-1,36265,-2929,-1,16965,9000,-1,9000,900,-1,900,507939,-1,507940,2015-07-01 23:47:57,-1,2015-07-01 23:47:57,5100,-1,36200,7771,-1,50771,True,True,18800,False,18800,False,-11028,-1,8865,9000,-1,-1,-1,400.0,100,0,0
2015-07-02,2015-07-02 00:00:00,Exxon,PILOT TRAVEL CENTERS LLC 103637 IW,HAMMOND IN (MOC) - 00DH,Prem RFG,5181,-1,36265,3,6500,0,6500,6500,-1,0,-1,6500,0,w2,6500,0,6500,7772,-1,50771,Available,-1,Available,150%,150,-1,100,140%,140,Above Trend,-1,Above Trend,07/03 00:00:00 EDT,-1,w2,0,2015-07-09 00:00:00,Contract,-1,Contract,5181,5181,-1,-1,36265,1272,-1,44271,0,-1,0,0,-1,0,527014,-1,527015,2015-07-02 14:47:21,-1,2015-07-02 14:47:21,5100,-1,36200,7771,-1,50771,True,True,6500,True,25300,False,1272,-1,44271,-1,-1,-1,-1,200.0,0,0,0
2015-07-03,2015-07-03 00:00:00,Exxon,PILOT TRAVEL CENTERS LLC 103637 IW,HAMMOND IN (MOC) - 00DH,Prem RFG,5181,-1,36265,3,6407,0,2400,2400,-1,0,-1,8900,0,w2,2400,0,8900,7772,-1,50771,Available,-1,Available,150%,150,-1,100,140%,140,Below Trend,-1,On Track,07/04 00:00:00 EDT,-1,w2,0,2015-07-09 00:00:00,Contract,-1,Contract,5181,5181,-1,-1,36265,5372,-1,41871,0,-1,0,0,-1,0,534855,-1,534856,2015-07-03 09:23:07,-1,2015-07-03 09:23:07,5100,-1,36200,7771,-1,50771,True,False,12907,True,31707,False,1365,-1,41871,-1,-1,-1,-1,400.0,0,0,0
2015-07-04,2015-07-04 00:00:00,Exxon,PILOT TRAVEL CENTERS LLC 103637 IW,HAMMOND IN (MOC) - 00DH,Prem RFG,5181,-1,36265,3,10603,1,9210,5203,-1,0,-1,18110,0,w2,5203,0,18110,7772,-1,50771,Available,-1,Available,150%,150,-1,100,140%,140,Above Trend,-1,On Track,07/05 00:00:00 EDT,-1,w2,0,2015-07-09 00:00:00,Contract,-1,Contract,5181,5181,-1,-1,36265,2569,-1,32661,0,-1,0,0,-1,0,540917,-1,540918,2015-07-04 08:42:40,-1,2015-07-04 08:42:40,5100,-1,36200,7771,-1,50771,True,False,23510,True,42310,False,-2831,-1,32661,-1,-1,-1,-1,800.0,0,0,0
2015-07-05,2015-07-05 00:00:00,Exxon,PILOT TRAVEL CENTERS LLC 103637 IW,HAMMOND IN (MOC) - 00DH,Prem RFG,5181,-1,36265,3,10202,1,10302,4902,-1,0,-1,28412,0,w2,4902,0,28412,7772,-1,50771,Available,-1,Available,150%,150,-1,100,140%,140,Above Trend,-1,On Track,07/06 00:00:00 EDT,-1,w2,0,2015-07-09 00:00:00,Contract,-1,Contract,5181,5181,-1,-1,36265,2870,-1,22359,0,-1,0,0,-1,0,547360,-1,547361,2015-07-05 08:42:30,-1,2015-07-05 08:42:30,5100,-1,36200,7771,-1,50771,True,False,33712,True,52512,False,-2430,-1,22359,-1,-1,-1,-1,800.0,0,0,0
2015-07-06,2015-07-06 00:00:00,Exxon,PILOT TRAVEL CENTERS LLC 103637 IW,HAMMOND IN (MOC) - 00DH,Prem RFG,5181,-1,36265,3,9800,1,15100,9800,-1,0,-1,43512,0,w2,9800,0,43512,7772,-1,50771,Available,-1,Available,150%,150,-1,100,140%,140,Above Trend,-1,Above Trend,07/07 00:00:00 EDT,-1,w2,0,2015-07-09 00:00:00,Contract,-1,Contract,5181,5181,-1,-1,36265,0,-1,9288,6744,-1,6744,4715,-1,4715,553676,-1,553677,2015-07-06 08:43:29,-1,2015-07-06 08:43:29,5100,-1,36200,7771,-1,50771,True,True,43512,True,62312,False,-2028,-1,7259,6744,-1,-1,-1,400.0,0,0,0
2015-07-07,2015-07-07 00:00:00,Exxon,PILOT TRAVEL CENTERS LLC 103637 IW,HAMMOND IN (MOC) - 00DH,Prem RFG,5181,-1,36265,3,1250,0,1250,1250,-1,0,-1,44762,0,w2,1250,0,44762,7772,-1,50771,Available,-1,Available,150%,150,-1,100,140%,140,Below Trend,-1,On Track,07/08 00:00:00 EDT,-1,w2,0,2015-07-09 00:00:00,Contract,-1,Contract,5181,5181,-1,-1,36265,6522,-1,8038,6744,-1,6744,4715,-1,4715,566689,-1,566690,2015-07-07 22:43:38,-1,2015-07-07 22:43:38,5100,-1,36200,7771,-1,50771,True,True,44762,True,63562,False,6522,-1,6009,-1,-1,-1,-1,0.0,0,0,0
2015-07-08,2015-07-08 00:00:00,Exxon,PILOT TRAVEL CENTERS LLC 103637 IW,HAMMOND IN (MOC) - 00DH,Prem RFG,5181,-1,36265,0,7900,0,7900,7900,-1,0,-1,52662,0,w2,7900,0,52662,7772,-1,50771,Available,-1,Available,150%,150,-1,100,140%,140,Above Trend,-1,On Track,07/09 00:00:00 EDT,-1,w2,0,2015-07-09 00:00:00,Contract,-1,Contract,5181,5181,-1,-1,36265,0,-1,266,6744,-1,6744,4587,-1,4587,576290,-1,576291,2015-07-08 12:43:31,-1,2015-07-08 12:43:31,5100,-1,36200,7771,-1,50771,True,True,52662,True,71462,False,-128,-1,-1891,6744,-1,6744,-1,400.0,100,0,0
2015-07-09,2015-07-09 00:00:00,Exxon,PILOT TRAVEL CENTERS LLC 103637 IW,HAMMOND IN (MOC) - 00DH,Prem RFG,-1,-1,-1,6,8855,0,-1,-1,-1,0,-1,-1,6,w3,-1,0,8855,-1,-1,-1,-1,-1,-1,-1,150,-1,100,-1,140,-1,-1,-1,-1,-1,w3,1,2015-07-16 00:00:00,-1,-1,-1,5181,-1,-1,-1,-1,-1,-1,-1,-1,-1,-1,-1,-1,-1,-1,-1,-1,2015-07-09 00:00:00,2015-07-09 00:00:00,2015-07-09 00:00:00,5100,-1,36200,7771,-1,50771,True,True,8855,True,80317,False,-1,-1,-1,-1,-1,-1,-1,0.0,0,0,0
2015-07-10,2015-07-10 00:00:00,Exxon,PILOT TRAVEL CENTERS LLC 103637 IW,HAMMOND IN (MOC) - 00DH,Prem RFG,5181,-1,36265,3,9700,0,9700,9700,-1,0,-1,18555,0,w3,9700,0,18555,7772,-1,50771,Out,-1,Out,150%,150,-1,100,140%,140,Above Trend,-1,Above Trend,07/11 00:00:00 EDT,-1,w3,0,2015-07-16 00:00:00,Contract,-1,Contract,5181,5181,-1,-1,36265,-1929,-1,32216,0,-1,0,0,-1,0,609297,-1,609298,2015-07-10 23:53:18,-1,2015-07-10 23:53:18,5100,-1,36200,7771,-1,50771,False,True,18555,True,90017,False,-1928,-1,32216,-1,-1,-1,-1,133.0,0,0,0
2015-07-11,2015-07-11 00:00:00,Exxon,PILOT TRAVEL CENTERS LLC 103637 IW,HAMMOND IN (MOC) - 00DH,Prem RFG,5181,-1,36265,3,4000,0,4000,4000,-1,0,-1,22555,0,w3,4000,0,22555,7772,-1,50771,Available,-1,Available,150%,150,-1,100,140%,140,Below Trend,-1,On Track,07/12 00:00:00 EDT,-1,w3,0,2015-07-16 00:00:00,Contract,-1,Contract,5181,5181,-1,-1,36265,3772,-1,28216,0,-1,0,0,-1,0,637911,-1,637912,2015-07-11 23:50:26,-1,2015-07-11 23:50:26,5100,-1,36200,7771,-1,50771,False,True,22555,True,94017,False,3772,-1,28216,-1,-1,-1,-1,0.0,0,0,0
2015-07-12,2015-07-12 00:00:00,Exxon,PILOT TRAVEL CENTERS LLC 103637 IW,HAMMOND IN (MOC) - 00DH,Prem RFG,5181,-1,36265,3,1200,0,1200,1200,-1,0,-1,23755,0,w3,1200,0,23755,7772,-1,50771,Available,-1,Available,150%,150,-1,100,140%,140,Below Trend,-1,On Track,07/13 00:00:00 EDT,-1,w3,0,2015-07-16 00:00:00,Contract,-1,Contract,5181,5181,-1,-1,36265,6572,-1,27016,0,-1,0,0,-1,0,667325,-1,667326,2015-07-12 23:50:29,-1,2015-07-12 23:50:29,5100,-1,36200,7771,-1,50771,False,True,23755,True,95217,False,6572,-1,27016,-1,-1,-1,-1,0.0,0,0,0
2015-07-13,2015-07-13 00:00:00,Exxon,PILOT TRAVEL CENTERS LLC 103637 IW,HAMMOND IN (MOC) - 00DH,Prem RFG,5181,-1,36265,3,4803,0,4803,4803,-1,0,-1,28558,0,w3,4803,0,28558,7772,-1,50771,Available,-1,Available,150%,150,-1,100,140%,140,Below Trend,-1,Below Trend,07/14 00:00:00 EDT,-1,w3,0,2015-07-16 00:00:00,Contract,-1,Contract,5181,5181,-1,-1,36265,2969,-1,22213,0,-1,0,0,-1,0,697921,-1,697922,2015-07-13 23:50:35,-1,2015-07-13 23:50:35,5100,-1,36200,7771,-1,50771,False,True,28558,True,100020,False,2969,-1,22213,-1,-1,-1,-1,0.0,0,0,0
2015-07-14,2015-07-14 00:00:00,Exxon,PILOT TRAVEL CENTERS LLC 103637 IW,HAMMOND IN (MOC) - 00DH,Prem RFG,5181,-1,36265,3,3200,0,3200,3200,-1,0,-1,31758,0,w3,3200,0,31758,7772,-1,50771,Available,-1,Available,150%,150,-1,100,140%,140,Below Trend,-1,Below Trend,07/15 00:00:00 EDT,-1,w3,0,2015-07-16 00:00:00,Contract,-1,Contract,5181,5181,-1,-1,36265,4572,-1,19013,0,-1,0,0,-1,0,730811,-1,730812,2015-07-14 23:50:37,-1,2015-07-14 23:50:37,5100,-1,36200,7771,-1,50771,False,True,31758,True,103220,False,4572,-1,19013,-1,-1,-1,-1,0.0,0,0,0
2015-07-15,2015-07-15 00:00:00,Exxon,PILOT TRAVEL CENTERS LLC 103637 IW,HAMMOND IN (MOC) - 00DH,Prem RFG,5181,-1,36265,0,9500,0,9500,9500,-1,0,-1,41258,0,w3,9500,0,41258,7772,-1,50771,Out,-1,Out,150%,150,-1,100,140%,140,Above Trend,-1,On Track,07/16 00:00:00 EDT,-1,w3,0,2015-07-16 00:00:00,Contract,-1,Contract,5181,5181,-1,-1,36265,-1729,-1,9513,0,-1,0,0,-1,0,756285,-1,756286,2015-07-15 23:50:31,-1,2015-07-15 23:50:31,5100,-1,36200,7771,-1,50771,False,True,41258,True,112720,False,-1728,-1,9513,-1,-1,-1,-1,133.0,100,0,0
2015-07-16,2015-07-16 00:00:00,Exxon,PILOT TRAVEL CENTERS LLC 103637 IW,HAMMOND IN (MOC) - 00DH,Prem RFG,5181,-1,36265,3,4700,0,4700,4700,-1,0,-1,4700,0,w4,4700,0,4700,7772,-1,50771,Available,-1,Available,150%,150,-1,100,140%,140,Below Trend,-1,Below Trend,07/17 00:00:00 EDT,-1,w4,0,2015-07-23 00:00:00,Contract,-1,Contract,5181,5181,-1,-1,36265,3072,-1,46071,0,-1,0,0,-1,0,788564,-1,788565,2015-07-16 23:50:39,-1,2015-07-16 23:50:39,5100,-1,36200,7771,-1,50771,True,True,4700,True,117420,False,3072,-1,46071,-1,-1,-1,-1,0.0,0,0,0
2015-07-17,2015-07-17 00:00:00,Exxon,PILOT TRAVEL CENTERS LLC 103637 IW,HAMMOND IN (MOC) - 00DH,Prem RFG,5181,-1,36265,3,3700,0,0,0,-1,0,-1,4700,0,w4,0,0,4700,7772,-1,50771,Available,-1,Available,150%,150,-1,100,140%,140,Below Trend,-1,Below Trend,07/18 00:00:00 EDT,-1,w4,0,2015-07-23 00:00:00,Contract,-1,Contract,5181,5181,-1,-1,36265,7772,-1,46071,0,-1,0,0,-1,0,821611,-1,821612,2015-07-17 23:50:51,-1,2015-07-17 23:50:51,5100,-1,36200,7771,-1,50771,True,False,8400,True,121120,False,4072,-1,46071,-1,-1,-1,-1,0.0,0,0,0
2015-07-18,2015-07-18 00:00:00,Exxon,PILOT TRAVEL CENTERS LLC 103637 IW,HAMMOND IN (MOC) - 00DH,Prem RFG,5181,-1,36265,3,1001,1,4701,1001,-1,0,-1,9401,0,w4,1001,0,9401,7772,-1,50771,Available,-1,Available,150%,150,-1,100,140%,140,Below Trend,-1,Below Trend,07/19 00:00:00 EDT,-1,w4,0,2015-07-23 00:00:00,Contract,-1,Contract,5181,5181,-1,-1,36265,6771,-1,41370,0,-1,0,0,-1,0,852073,-1,852074,2015-07-18 23:50:40,-1,2015-07-18 23:50:40,5100,-1,36200,7771,-1,50771,True,True,9401,True,122121,False,6771,-1,41370,-1,-1,-1,-1,0.0,0,0,0
2015-07-19,2015-07-19 00:00:00,Exxon,PILOT TRAVEL CENTERS LLC 103637 IW,HAMMOND IN (MOC) - 00DH,Prem RFG,5181,-1,36265,3,4703,0,4703,4703,-1,0,-1,14104,0,w4,4703,0,14104,7772,-1,50771,Available,-1,Available,150%,150,-1,100,140%,140,Below Trend,-1,Below Trend,07/20 00:00:00 EDT,-1,w4,0,2015-07-23 00:00:00,Contract,-1,Contract,5181,5181,-1,-1,36265,3069,-1,36667,0,-1,0,0,-1,0,883334,-1,883335,2015-07-19 23:50:38,-1,2015-07-19 23:50:38,5100,-1,36200,7771,-1,50771,True,True,14104,True,126824,False,3069,-1,36667,-1,-1,-1,-1,0.0,0,0,0
2015-07-20,2015-07-20 00:00:00,Exxon,PILOT TRAVEL CENTERS LLC 103637 IW,HAMMOND IN (MOC) - 00DH,Prem RFG,5181,-1,36265,3,5803,0,5803,5803,-1,0,-1,19907,0,w4,5803,0,19907,7772,-1,50771,Available,-1,Available,150%,150,-1,100,140%,140,Below Trend,-1,Below Trend,07/21 00:00:00 EDT,-1,w4,0,2015-07-23 00:00:00,Contract,-1,Contract,5181,5181,-1,-1,36265,1969,-1,30864,0,-1,0,0,-1,0,913700,-1,913701,2015-07-20 23:50:53,-1,2015-07-20 23:50:53,5100,-1,36200,7771,-1,50771,True,True,19907,True,132627,False,1969,-1,30864,-1,-1,-1,-1,133.0,0,0,0
2015-07-21,2015-07-21 00:00:00,Exxon,PILOT TRAVEL CENTERS LLC 103637 IW,HAMMOND IN (MOC) - 00DH,Prem RFG,5181,-1,36265,3,5403,0,5403,5403,-1,0,-1,25310,0,w4,5403,0,25310,7772,-1,50771,Available,-1,Available,150%,150,-1,100,140%,140,Below Trend,-1,Below Trend,07/22 00:00:00 EDT,-1,w4,0,2015-07-23 00:00:00,Contract,-1,Contract,5181,5181,-1,-1,36265,2369,-1,25461,0,-1,0,0,-1,0,942887,-1,942888,2015-07-21 23:48:26,-1,2015-07-21 23:48:26,5100,-1,36200,7771,-1,50771,True,True,25310,True,138030,False,2369,-1,25461,-1,-1,-1,-1,133.0,0,0,0
2015-07-22,2015-07-22 00:00:00,Exxon,PILOT TRAVEL CENTERS LLC 103637 IW,HAMMOND IN (MOC) - 00DH,Prem RFG,5181,-1,36265,0,1200,0,1200,1200,-1,0,-1,26510,0,w4,1200,0,26510,7772,-1,50771,Available,-1,Available,150%,150,-1,100,140%,140,Below Trend,-1,Below Trend,07/23 00:00:00 EDT,-1,w4,0,2015-07-23 00:00:00,Contract,-1,Contract,5181,5181,-1,-1,36265,6572,-1,24261,0,-1,0,0,-1,0,976316,-1,976317,2015-07-22 23:50:53,-1,2015-07-22 23:50:53,5100,-1,36200,7771,-1,50771,True,True,26510,True,139230,False,6572,-1,24261,-1,-1,-1,-1,0.0,0,0,0
2015-07-23,2015-07-23 00:00:00,Exxon,PILOT TRAVEL CENTERS LLC 103637 IW,HAMMOND IN (MOC) - 00DH,Prem RFG,5181,-1,36265,3,12300,0,12300,12300,-1,0,-1,12300,0,w5,12300,0,12300,7772,-1,50771,Out,-1,Out,150%,150,-1,100,140%,140,Above Trend,-1,Above Trend,07/24 00:00:00 EDT,-1,w5,0,2015-07-30 00:00:00,Contract,-1,Contract,5181,5181,-1,-1,36265,-4529,-1,38471,0,-1,0,0,-1,0,1002980,-1,1002981,2015-07-23 23:49:40,-1,2015-07-23 23:49:40,5100,-1,36200,7771,-1,50771,True,True,12300,True,151530,False,-4528,-1,38471,-1,-1,-1,-1,267.0,0,0,0
2015-07-24,2015-07-24 00:00:00,Exxon,PILOT TRAVEL CENTERS LLC 103637 IW,HAMMOND IN (MOC) - 00DH,Prem RFG,5181,-1,36265,3,9200,0,9200,9200,-1,0,-1,21500,0,w5,9200,0,21500,7772,-1,50771,Out,-1,Out,150%,150,-1,100,140%,140,On Track,-1,Above Trend,07/25 00:00:00 EDT,-1,w5,0,2015-07-30 00:00:00,Contract,-1,Contract,5181,5181,-1,-1,36265,-1429,-1,29271,0,-1,0,0,-1,0,1033225,-1,1033226,2015-07-24 23:49:36,-1,2015-07-24 23:49:36,5100,-1,36200,7771,-1,50771,True,True,21500,True,160730,False,-1428,-1,29271,-1,-1,-1,-1,133.0,0,0,0
2015-07-25,2015-07-25 00:00:00,Exxon,PILOT TRAVEL CENTERS LLC 103637 IW,HAMMOND IN (MOC) - 00DH,Prem RFG,5181,-1,36265,3,4200,0,4200,4200,-1,0,-1,25700,0,w5,4200,0,25700,7772,-1,50771,Available,-1,Available,150%,150,-1,100,140%,140,Below Trend,-1,On Track,07/26 00:00:00 EDT,-1,w5,0,2015-07-30 00:00:00,Contract,-1,Contract,5181,5181,-1,-1,36265,3572,-1,25071,0,-1,0,0,-1,0,1063535,-1,1063536,2015-07-25 23:50:03,-1,2015-07-25 23:50:03,5100,-1,36200,7771,-1,50771,True,True,25700,True,164930,False,3572,-1,25071,-1,-1,-1,-1,0.0,0,0,0
2015-07-26,2015-07-26 00:00:00,Exxon,PILOT TRAVEL CENTERS LLC 103637 IW,HAMMOND IN (MOC) - 00DH,Prem RFG,5181,-1,36265,3,4003,0,4003,4003,-1,0,-1,29703,0,w5,4003,0,29703,7772,-1,50771,Available,-1,Available,150%,150,-1,100,140%,140,Below Trend,-1,On Track,07/27 00:00:00 EDT,-1,w5,0,2015-07-30 00:00:00,Contract,-1,Contract,5181,5181,-1,-1,36265,3769,-1,21068,0,-1,0,0,-1,0,1093590,-1,1093591,2015-07-26 23:50:08,-1,2015-07-26 23:50:08,5100,-1,36200,7771,-1,50771,True,True,29703,True,168933,False,3769,-1,21068,-1,-1,-1,-1,0.0,0,0,0
2015-07-27,2015-07-27 00:00:00,Exxon,PILOT TRAVEL CENTERS LLC 103637 IW,HAMMOND IN (MOC) - 00DH,Prem RFG,5181,-1,36265,3,3301,0,3301,3301,-1,0,-1,33004,0,w5,3301,0,33004,7772,-1,50771,Available,-1,Available,150%,150,-1,100,140%,140,Below Trend,-1,On Track,07/28 00:00:00 EDT,-1,w5,0,2015-07-30 00:00:00,Contract,-1,Contract,5181,5181,-1,-1,36265,4471,-1,17767,4674,-1,4674,4674,-1,4674,1123901,-1,1123902,2015-07-27 23:50:05,-1,2015-07-27 23:50:05,5100,-1,36200,7771,-1,50771,True,True,33004,True,172234,False,4471,-1,17767,-1,-1,-1,-1,0.0,0,0,0
2015-07-28,2015-07-28 00:00:00,Exxon,PILOT TRAVEL CENTERS LLC 103637 IW,HAMMOND IN (MOC) - 00DH,Prem RFG,5181,-1,36265,3,2803,0,2803,2803,-1,0,-1,35807,0,w5,2803,0,35807,7772,-1,50771,Available,-1,Available,150%,150,-1,100,140%,140,Below Trend,-1,On Track,07/29 00:00:00 EDT,-1,w5,0,2015-07-30 00:00:00,Contract,-1,Contract,5181,5181,-1,-1,36265,4969,-1,14964,4674,-1,4674,4674,-1,4674,1154211,-1,1154212,2015-07-28 23:50:02,-1,2015-07-28 23:50:02,5100,-1,36200,7771,-1,50771,True,True,35807,True,175037,False,4969,-1,14964,-1,-1,-1,-1,0.0,0,0,0
2015-07-29,2015-07-29 00:00:00,Exxon,PILOT TRAVEL CENTERS LLC 103637 IW,HAMMOND IN (MOC) - 00DH,Prem RFG,5181,-1,36265,0,5100,0,5100,5100,-1,0,-1,40907,0,w5,5100,0,40907,7772,-1,50771,Available,-1,Available,150%,150,-1,100,140%,140,Below Trend,-1,On Track,07/30 00:00:00 EDT,-1,w5,0,2015-07-30 00:00:00,Contract,-1,Contract,5181,5181,-1,-1,36265,2672,-1,9864,4674,-1,4674,4674,-1,4674,1183500,-1,1183501,2015-07-29 23:49:46,-1,2015-07-29 23:49:46,5100,-1,36200,7771,-1,50771,True,True,40907,True,180137,False,2672,-1,9864,-1,-1,-1,-1,133.0,100,0,0
2015-07-30,2015-07-30 00:00:00,Exxon,PILOT TRAVEL CENTERS LLC 103637 IW,HAMMOND IN (MOC) - 00DH,Prem RFG,5181,-1,36265,0,9700,0,9700,9700,-1,0,-1,9700,0,w6,9700,0,9700,7772,-1,50771,Out,-1,Out,150%,150,-1,100,140%,140,Above Trend,-1,Above Trend,07/31 00:00:00 EDT,-1,w6,0,2015-08-06 00:00:00,Contract,-1,Contract,5252,5252,-1,-1,36762,-1929,-1,41071,0,-1,0,0,-1,0,1214832,-1,1214833,2015-07-30 23:49:54,-1,2015-07-30 23:49:54,5100,-1,36200,7771,-1,50771,True,True,9700,False,189837,False,-1928,-1,41071,-1,-1,-1,-1,133.0,0,0,0
2015-07-31,2015-07-31 00:00:00,Exxon,PILOT TRAVEL CENTERS LLC 103637 IW,HAMMOND IN (MOC) - 00DH,Prem RFG,5252,-1,-1,0,3401,1,-1,3401,-1,0,-1,-1,0,w7,3401,0,-1,5252,-1,-1,Available,-1,-1,100%,100,-1,100,-1,140,Below Trend,-1,-1,08/01 00:00:00 EDT,-1,w6,1,2015-08-06 00:00:00,Contract,-1,-1,5252,5252,-1,-1,-1,1851,-1,-1,0,-1,-1,0,-1,-1,1245015,-1,-1,2015-07-31 00:00:00,2015-07-31 00:00:00,2015-07-31 00:00:00,5200,-1,36200,5252,-1,50771,True,False,13101,False,193238,False,1851,-1,-1,-1,-1,-1,-1,0.0,-1,0,0
