,date,supplier_name,account_type,supplier_terminal_name,product_name,base_gallons_Daily,base_gallons_Monthly,base_gallons_Weekly,lifted_gallons_daily_flag,lifted_gallons_daily_modified,Modified_WeeksByLiftedGallons,lifted_gallons_modified_WeeksByLiftedGallons,lifted_gallons_Daily,Lifted_actual_monthly,lifted_gallons_monthly_flag,lifted_gallons_Monthly,Lifted_actual_weekly,lifted_gallons_weekly_flag,WeeksByLiftedGallons,lifted_gallonsWeekly_modified_aposteriori,Modified_LiftedGallonsaposteriori,lifted_gallons_Weekly,beginning_gallons_Daily,beginning_gallons_Monthly,beginning_gallons_Weekly,en_allocation_status_Daily,en_allocation_status_Monthly,en_allocation_status_Weekly,percentage_allocation_Daily_actual,percentage_allocation_Daily,percentage_allocation_Monthly_actual,percentage_allocation_Monthly,percentage_allocation_Weekly_actual,percentage_allocation_Weekly,alerts_ratability_Daily,alerts_ratability_Monthly,alerts_ratability_Weekly,next_refresh_date_Daily,next_refresh_date_Monthly,Week_switch,Modified_NRD,next_refresh_date_Weekly,en_account_type_Daily,en_account_type_Monthly,en_account_type_Weekly,NRB_Daily,next_refresh_base_gallons_Daily,NRB_Monthly,next_refresh_base_gallons_Monthly,next_refresh_base_gallons_Weekly,remaining_gallons_Daily,remaining_gallons_Monthly,remaining_gallons_Weekly,additional_gallons_allowed_Daily,additional_gallons_allowed_Monthly,additional_gallons_allowed_Weekly,additional_gallons_remaining_Daily,additional_gallons_remaining_Monthly,additional_gallons_remaining_Weekly,staging_id_Daily,staging_id_Monthly,staging_id_Weekly,execution_date_Daily,execution_date_Monthly,execution_date_Weekly,base_gallons_Daily_Reconciled,base_gallons_Monthly_Reconciled,base_gallons_Weekly_Reconciled,beginning_gallons_Daily_Reconciled,beginning_gallons_Monthly_Reconciled,beginning_gallons_Weekly_Reconciled,sanityWeekly_CumulativeDaily_WeeksByLiftedGallons,sanityWeekly_CumulativeDaily_NextRefreshDate,computedWeekly,sanityComputedWeekly,computedMonthly,sanityComputedMonthly,remaining_gallons_Daily_Reconciled,remaining_gallons_Monthly_Reconciled,remaining_gallons_Weekly_Reconciled,additional_gallons_remaining_Daily_Reconciled,additional_gallons_remaining_Monthly_Reconciled,additional_gallons_remaining_Weekly_Reconciled,Ratability_Monthly,Ratability_Daily,Ratability_Weekly,sanityMonthly_CumulativeDaily_WeeksByLiftedGallons,sanityMonthly_CumulativeDaily_WeeksByNextRefreshDate
2015-07-01,2015-07-01 00:00:00,Exxon,PILOT TRAVEL CENTERS LLC 103637 IW,VERNON CA (MOC) - 00N6,Reg RFG,4496,-1,31475,0,7400,0,7400,7400,-1,0,-1,23100,0,w1,7400,0,23100,4496,-1,31475,Out,-1,Out,100%,100,-1,100,100%,100,Above Trend,-1,Below Trend,07/02 00:00:00 PDT,-1,w1,0,2015-07-02 00:00:00,Contract,-1,Contract,4496,4496,-1,-1,31475,-2904,-1,8375,0,-1,0,0,-1,0,507957,-1,507958,2015-07-01 23:47:57,-1,2015-07-01 23:47:57,4400,-1,31400,4496,-1,31475,True,True,7400,False,0,0,-2904,-1,8375,-1,-1,-1,-1,133.0,0,0,0
2015-07-02,2015-07-02 00:00:00,Exxon,PILOT TRAVEL CENTERS LLC 103637 IW,VERNON CA (MOC) - 00N6,Reg RFG,4496,-1,31475,3,8501,0,8501,8501,-1,0,-1,8501,0,w2,8501,0,8501,4496,-1,31475,Out,-1,Out,100%,100,-1,100,100%,100,Above Trend,-1,Above Trend,07/03 00:00:00 PDT,-1,w2,0,2015-07-09 00:00:00,Contract,-1,Contract,4496,4496,-1,-1,31475,-4005,-1,22974,0,-1,0,0,-1,0,527032,-1,527033,2015-07-02 14:47:21,-1,2015-07-02 14:47:21,4400,-1,31400,4496,-1,31475,True,True,8501,True,0,0,-4005,-1,22974,-1,-1,-1,-1,200.0,0,0,0
2015-07-03,2015-07-03 00:00:00,Exxon,PILOT TRAVEL CENTERS LLC 103637 IW,VERNON CA (MOC) - 00N6,Reg RFG,4496,-1,31475,3,8300,0,0,0,-1,0,-1,8501,0,w2,0,0,8501,4496,-1,31475,Available,-1,Available,100%,100,-1,100,100%,100,Below Trend,-1,Above Trend,07/04 00:00:00 PDT,-1,w2,0,2015-07-09 00:00:00,Contract,-1,Contract,4496,4496,-1,-1,31475,4496,-1,22974,0,-1,0,0,-1,0,534873,-1,534874,2015-07-03 09:23:07,-1,2015-07-03 09:23:07,4400,-1,31400,4496,-1,31475,True,False,16801,True,0,0,-3804,-1,22974,-1,-1,-1,-1,400.0,0,0,0
2015-07-04,2015-07-04 00:00:00,Exxon,PILOT TRAVEL CENTERS LLC 103637 IW,VERNON CA (MOC) - 00N6,Reg RFG,4496,-1,31475,3,7400,1,15700,7400,-1,0,-1,24201,0,w2,7400,0,24201,4496,-1,31475,Out,-1,Out,100%,100,-1,100,100%,100,Above Trend,-1,Above Trend,07/05 00:00:00 PDT,-1,w2,0,2015-07-09 00:00:00,Contract,-1,Contract,4496,4496,-1,-1,31475,-2904,-1,7274,0,-1,0,0,-1,0,540935,-1,540936,2015-07-04 08:42:40,-1,2015-07-04 08:42:40,4400,-1,31400,4496,-1,31475,True,True,24201,True,0,0,-2904,-1,7274,-1,-1,-1,-1,400.0,0,0,0
2015-07-05,2015-07-05 00:00:00,Exxon,PILOT TRAVEL CENTERS LLC 103637 IW,VERNON CA (MOC) - 00N6,Reg RFG,4496,-1,31475,3,8300,0,0,0,-1,0,-1,24201,0,w2,0,0,24201,4496,-1,31475,Available,-1,Available,100%,100,-1,100,100%,100,Below Trend,-1,Above Trend,07/06 00:00:00 PDT,-1,w2,0,2015-07-09 00:00:00,Contract,-1,Contract,4496,4496,-1,-1,31475,4496,-1,7274,0,-1,0,0,-1,0,547378,-1,547379,2015-07-05 08:42:30,-1,2015-07-05 08:42:30,4400,-1,31400,4496,-1,31475,True,False,32501,True,0,0,-3804,-1,7274,-1,-1,-1,-1,400.0,0,0,0
2015-07-06,2015-07-06 00:00:00,Exxon,PILOT TRAVEL CENTERS LLC 103637 IW,VERNON CA (MOC) - 00N6,Reg RFG,4496,-1,31475,3,0,1,8300,0,-1,0,-1,32501,0,w2,0,0,32501,4496,-1,31475,Out,-1,Out,100%,100,-1,100,100%,100,Below Trend,-1,Above Trend,07/07 00:00:00 PDT,-1,w2,0,2015-07-09 00:00:00,Contract,-1,Contract,4496,4496,-1,-1,31475,4496,-1,-1026,0,-1,0,0,-1,0,553694,-1,553695,2015-07-06 08:43:29,-1,2015-07-06 08:43:29,4400,-1,31400,4496,-1,31475,True,True,32501,True,0,0,4496,-1,-1026,-1,-1,-1,-1,0.0,0,0,0
2015-07-07,2015-07-07 00:00:00,Exxon,PILOT TRAVEL CENTERS LLC 103637 IW,VERNON CA (MOC) - 00N6,Reg RFG,4496,-1,31475,3,0,0,0,0,-1,0,-1,32501,0,w2,0,0,32501,4496,-1,31475,Out,-1,Out,100%,100,-1,100,100%,100,Below Trend,-1,Above Trend,07/08 00:00:00 PDT,-1,w2,0,2015-07-09 00:00:00,Contract,-1,Contract,4496,4496,-1,-1,31475,4496,-1,-1026,0,-1,0,0,-1,0,566708,-1,566709,2015-07-07 22:43:38,-1,2015-07-07 22:43:38,4400,-1,31400,4496,-1,31475,True,True,32501,True,0,0,4496,-1,-1026,-1,-1,-1,-1,0.0,0,0,0
2015-07-08,2015-07-08 00:00:00,Exxon,PILOT TRAVEL CENTERS LLC 103637 IW,VERNON CA (MOC) - 00N6,Reg RFG,4496,-1,31475,0,0,0,0,0,-1,0,-1,32501,0,w2,0,0,32501,4496,-1,31475,Out,-1,Out,100%,100,-1,100,100%,100,Below Trend,-1,On Track,07/09 00:00:00 PDT,-1,w2,0,2015-07-09 00:00:00,Contract,-1,Contract,4496,4496,-1,-1,31475,4496,-1,-1026,0,-1,0,0,-1,0,576309,-1,576310,2015-07-08 12:43:31,-1,2015-07-08 12:43:31,4400,-1,31400,4496,-1,31475,True,True,32501,True,0,0,4496,-1,-1026,-1,-1,-1,-1,0.0,100,0,0
2015-07-09,2015-07-09 00:00:00,Exxon,PILOT TRAVEL CENTERS LLC 103637 IW,VERNON CA (MOC) - 00N6,Reg RFG,-1,-1,-1,6,5600,0,-1,-1,-1,0,-1,-1,6,w3,-1,0,5600,-1,-1,-1,-1,-1,-1,-1,100,-1,100,-1,100,-1,-1,-1,-1,-1,w3,1,2015-07-16 00:00:00,-1,-1,-1,4496,-1,-1,-1,-1,-1,-1,-1,-1,-1,-1,-1,-1,-1,-1,-1,-1,2015-07-09 00:00:00,2015-07-09 00:00:00,2015-07-09 00:00:00,4400,-1,31400,4496,-1,31475,True,True,5600,True,0,0,-1,-1,-1,-1,-1,-1,-1,0.0,0,0,0
2015-07-10,2015-07-10 00:00:00,Exxon,PILOT TRAVEL CENTERS LLC 103637 IW,VERNON CA (MOC) - 00N6,Reg RFG,4496,-1,31475,3,0,0,0,0,-1,0,-1,5600,0,w3,0,0,5600,4496,-1,31475,Available,-1,Available,100%,100,-1,100,100%,100,Below Trend,-1,Below Trend,07/11 00:00:00 PDT,-1,w3,0,2015-07-16 00:00:00,Contract,-1,Contract,4496,4496,-1,-1,31475,4496,-1,25875,0,-1,0,0,-1,0,609315,-1,609316,2015-07-10 23:53:18,-1,2015-07-10 23:53:18,4400,-1,31400,4496,-1,31475,False,True,5600,True,0,0,4496,-1,25875,-1,-1,-1,-1,0.0,0,0,0
2015-07-11,2015-07-11 00:00:00,Exxon,PILOT TRAVEL CENTERS LLC 103637 IW,VERNON CA (MOC) - 00N6,Reg RFG,4496,-1,31475,3,8300,0,8300,8300,-1,0,-1,13900,0,w3,8300,0,13900,4496,-1,31475,Out,-1,Out,100%,100,-1,100,100%,100,Above Trend,-1,On Track,07/12 00:00:00 PDT,-1,w3,0,2015-07-16 00:00:00,Contract,-1,Contract,4496,4496,-1,-1,31475,-3804,-1,17575,0,-1,0,0,-1,0,637929,-1,637930,2015-07-11 23:50:26,-1,2015-07-11 23:50:26,4400,-1,31400,4496,-1,31475,False,True,13900,True,0,0,-3804,-1,17575,-1,-1,-1,-1,133.0,0,0,0
2015-07-12,2015-07-12 00:00:00,Exxon,PILOT TRAVEL CENTERS LLC 103637 IW,VERNON CA (MOC) - 00N6,Reg RFG,4496,-1,31475,3,8300,0,8300,8300,-1,0,-1,22200,0,w3,8300,0,22200,4496,-1,31475,Out,-1,Out,100%,100,-1,100,100%,100,Above Trend,-1,Above Trend,07/13 00:00:00 PDT,-1,w3,0,2015-07-16 00:00:00,Contract,-1,Contract,4496,4496,-1,-1,31475,-3804,-1,9275,0,-1,0,0,-1,0,667343,-1,667344,2015-07-12 23:50:29,-1,2015-07-12 23:50:29,4400,-1,31400,4496,-1,31475,False,True,22200,True,0,0,-3804,-1,9275,-1,-1,-1,-1,133.0,0,0,0
2015-07-13,2015-07-13 00:00:00,Exxon,PILOT TRAVEL CENTERS LLC 103637 IW,VERNON CA (MOC) - 00N6,Reg RFG,4496,-1,31475,3,8300,0,8300,8300,-1,0,-1,30500,0,w3,8300,0,30500,4496,-1,31475,Out,-1,Out,100%,100,-1,100,100%,100,Above Trend,-1,Above Trend,07/14 00:00:00 PDT,-1,w3,0,2015-07-16 00:00:00,Contract,-1,Contract,4496,4496,-1,-1,31475,-3804,-1,975,0,-1,0,0,-1,0,697938,-1,697939,2015-07-13 23:50:35,-1,2015-07-13 23:50:35,4400,-1,31400,4496,-1,31475,False,True,30500,True,0,0,-3804,-1,975,-1,-1,-1,-1,133.0,0,0,0
2015-07-14,2015-07-14 00:00:00,Exxon,PILOT TRAVEL CENTERS LLC 103637 IW,VERNON CA (MOC) - 00N6,Reg RFG,4496,-1,31475,3,8300,0,8300,8300,-1,0,-1,38800,0,w3,8300,0,38800,4496,-1,31475,Out,-1,Out,100%,100,-1,100,100%,100,Above Trend,-1,Above Trend,07/15 00:00:00 PDT,-1,w3,0,2015-07-16 00:00:00,Contract,-1,Contract,4496,4496,-1,-1,31475,-3804,-1,-7325,0,-1,0,0,-1,0,730829,-1,730830,2015-07-14 23:50:37,-1,2015-07-14 23:50:37,4400,-1,31400,4496,-1,31475,False,True,38800,True,0,0,-3804,-1,-7325,-1,-1,-1,-1,133.0,0,0,0
2015-07-15,2015-07-15 00:00:00,Exxon,PILOT TRAVEL CENTERS LLC 103637 IW,VERNON CA (MOC) - 00N6,Reg RFG,4496,-1,31475,0,0,0,0,0,-1,0,-1,38800,0,w3,0,0,38800,4496,-1,31475,Out,-1,Out,100%,100,-1,100,100%,100,Below Trend,-1,Above Trend,07/16 00:00:00 PDT,-1,w3,0,2015-07-16 00:00:00,Contract,-1,Contract,4496,4496,-1,-1,31475,4496,-1,-7325,0,-1,0,0,-1,0,756303,-1,756304,2015-07-15 23:50:31,-1,2015-07-15 23:50:31,4400,-1,31400,4496,-1,31475,False,True,38800,True,0,0,4496,-1,-7325,-1,-1,-1,-1,0.0,100,0,0
2015-07-16,2015-07-16 00:00:00,Exxon,PILOT TRAVEL CENTERS LLC 103637 IW,VERNON CA (MOC) - 00N6,Reg RFG,4496,-1,31475,3,8300,0,0,0,-1,0,-1,0,0,w4,0,0,0,4496,-1,31475,Available,-1,Available,100%,100,-1,100,100%,100,Below Trend,-1,Below Trend,07/17 00:00:00 PDT,-1,w4,0,2015-07-23 00:00:00,Contract,-1,Contract,4496,4496,-1,-1,31475,4496,-1,31475,0,-1,0,0,-1,0,788582,-1,788583,2015-07-16 23:50:39,-1,2015-07-16 23:50:39,4400,-1,31400,4496,-1,31475,True,False,8300,True,0,0,-3804,-1,31475,-1,-1,-1,-1,133.0,0,0,0
2015-07-17,2015-07-17 00:00:00,Exxon,PILOT TRAVEL CENTERS LLC 103637 IW,VERNON CA (MOC) - 00N6,Reg RFG,4496,-1,31475,3,0,1,8300,0,-1,0,-1,8300,0,w4,0,0,8300,4496,-1,31475,Available,-1,Available,100%,100,-1,100,100%,100,Below Trend,-1,On Track,07/18 00:00:00 PDT,-1,w4,0,2015-07-23 00:00:00,Contract,-1,Contract,4496,4496,-1,-1,31475,4496,-1,23175,0,-1,0,0,-1,0,821629,-1,821630,2015-07-17 23:50:51,-1,2015-07-17 23:50:51,4400,-1,31400,4496,-1,31475,True,True,8300,True,0,0,4496,-1,23175,-1,-1,-1,-1,0.0,0,0,0
2015-07-18,2015-07-18 00:00:00,Exxon,PILOT TRAVEL CENTERS LLC 103637 IW,VERNON CA (MOC) - 00N6,Reg RFG,4496,-1,31475,3,0,0,0,0,-1,0,-1,8300,0,w4,0,0,8300,4496,-1,31475,Available,-1,Available,100%,100,-1,100,100%,100,Below Trend,-1,Below Trend,07/19 00:00:00 PDT,-1,w4,0,2015-07-23 00:00:00,Contract,-1,Contract,4496,4496,-1,-1,31475,4496,-1,23175,0,-1,0,0,-1,0,852091,-1,852092,2015-07-18 23:50:40,-1,2015-07-18 23:50:40,4400,-1,31400,4496,-1,31475,True,True,8300,True,0,0,4496,-1,23175,-1,-1,-1,-1,0.0,0,0,0
2015-07-19,2015-07-19 00:00:00,Exxon,PILOT TRAVEL CENTERS LLC 103637 IW,VERNON CA (MOC) - 00N6,Reg RFG,4496,-1,31475,3,0,0,0,0,-1,0,-1,8300,0,w4,0,0,8300,4496,-1,31475,Available,-1,Available,100%,100,-1,100,100%,100,Below Trend,-1,Below Trend,07/20 00:00:00 PDT,-1,w4,0,2015-07-23 00:00:00,Contract,-1,Contract,4496,4496,-1,-1,31475,4496,-1,23175,0,-1,0,0,-1,0,883352,-1,883353,2015-07-19 23:50:38,-1,2015-07-19 23:50:38,4400,-1,31400,4496,-1,31475,True,True,8300,True,0,0,4496,-1,23175,-1,-1,-1,-1,0.0,0,0,0
2015-07-20,2015-07-20 00:00:00,Exxon,PILOT TRAVEL CENTERS LLC 103637 IW,VERNON CA (MOC) - 00N6,Reg RFG,4496,-1,31475,3,8301,0,8301,8301,-1,0,-1,16601,0,w4,8301,0,16601,4496,-1,31475,Out,-1,Out,100%,100,-1,100,100%,100,Above Trend,-1,Below Trend,07/21 00:00:00 PDT,-1,w4,0,2015-07-23 00:00:00,Contract,-1,Contract,4496,4496,-1,-1,31475,-3805,-1,14874,0,-1,0,0,-1,0,913718,-1,913719,2015-07-20 23:50:53,-1,2015-07-20 23:50:53,4400,-1,31400,4496,-1,31475,True,True,16601,True,0,0,-3805,-1,14874,-1,-1,-1,-1,133.0,0,0,0
2015-07-21,2015-07-21 00:00:00,Exxon,PILOT TRAVEL CENTERS LLC 103637 IW,VERNON CA (MOC) - 00N6,Reg RFG,4496,-1,31475,3,0,0,0,0,-1,0,-1,16601,0,w4,0,0,16601,4496,-1,31475,Available,-1,Available,100%,100,-1,100,100%,100,Below Trend,-1,Below Trend,07/22 00:00:00 PDT,-1,w4,0,2015-07-23 00:00:00,Contract,-1,Contract,4496,4496,-1,-1,31475,4496,-1,14874,0,-1,0,0,-1,0,942905,-1,942906,2015-07-21 23:48:26,-1,2015-07-21 23:48:26,4400,-1,31400,4496,-1,31475,True,True,16601,True,0,0,4496,-1,14874,-1,-1,-1,-1,0.0,0,0,0
2015-07-22,2015-07-22 00:00:00,Exxon,PILOT TRAVEL CENTERS LLC 103637 IW,VERNON CA (MOC) - 00N6,Reg RFG,4496,-1,31475,0,7400,0,7400,7400,-1,0,-1,24001,0,w4,7400,0,24001,4496,-1,31475,Out,-1,Out,100%,100,-1,100,100%,100,Above Trend,-1,Below Trend,07/23 00:00:00 PDT,-1,w4,0,2015-07-23 00:00:00,Contract,-1,Contract,4496,4496,-1,-1,31475,-2904,-1,7474,0,-1,0,0,-1,0,976334,-1,976335,2015-07-22 23:50:53,-1,2015-07-22 23:50:53,4400,-1,31400,4496,-1,31475,True,True,24001,True,0,0,-2904,-1,7474,-1,-1,-1,-1,133.0,0,0,0
2015-07-23,2015-07-23 00:00:00,Exxon,PILOT TRAVEL CENTERS LLC 103637 IW,VERNON CA (MOC) - 00N6,Reg RFG,4496,-1,31475,3,7401,0,7401,7401,-1,0,-1,7401,0,w5,7401,0,7401,4496,-1,31475,Out,-1,Out,100%,100,-1,100,100%,100,Above Trend,-1,Above Trend,07/24 00:00:00 PDT,-1,w5,0,2015-07-30 00:00:00,Contract,-1,Contract,4496,4496,-1,-1,31475,-2905,-1,24074,0,-1,0,0,-1,0,1002998,-1,1002999,2015-07-23 23:49:40,-1,2015-07-23 23:49:40,4400,-1,31400,4496,-1,31475,True,True,0,0,0,0,-2905,-1,24074,-1,-1,-1,-1,133.0,0,0,0
2015-07-24,2015-07-24 00:00:00,Exxon,PILOT TRAVEL CENTERS LLC 103637 IW,VERNON CA (MOC) - 00N6,Reg RFG,4496,-1,31475,3,8300,0,8300,8300,-1,0,-1,15701,0,w5,8300,0,15701,4496,-1,31475,Out,-1,Out,100%,100,-1,100,100%,100,Above Trend,-1,Above Trend,07/25 00:00:00 PDT,-1,w5,0,2015-07-30 00:00:00,Contract,-1,Contract,4496,4496,-1,-1,31475,-3804,-1,15774,0,-1,0,0,-1,0,1033244,-1,1033245,2015-07-24 23:49:36,-1,2015-07-24 23:49:36,4400,-1,31400,4496,-1,31475,True,True,0,0,0,0,-3804,-1,15774,-1,-1,-1,-1,133.0,0,0,0
2015-07-25,2015-07-25 00:00:00,Exxon,PILOT TRAVEL CENTERS LLC 103637 IW,VERNON CA (MOC) - 00N6,Reg RFG,4496,-1,31475,3,0,0,0,0,-1,0,-1,15701,0,w5,0,0,15701,4496,-1,31475,Available,-1,Available,100%,100,-1,100,100%,100,Below Trend,-1,Above Trend,07/26 00:00:00 PDT,-1,w5,0,2015-07-30 00:00:00,Contract,-1,Contract,4496,4496,-1,-1,31475,4496,-1,15774,0,-1,0,0,-1,0,1063554,-1,1063555,2015-07-25 23:50:03,-1,2015-07-25 23:50:03,4400,-1,31400,4496,-1,31475,True,True,0,0,0,0,4496,-1,15774,-1,-1,-1,-1,0.0,0,0,0
2015-07-26,2015-07-26 00:00:00,Exxon,PILOT TRAVEL CENTERS LLC 103637 IW,VERNON CA (MOC) - 00N6,Reg RFG,4496,-1,31475,0,0,0,0,0,-1,0,-1,15701,0,w5,0,0,15701,4496,-1,31475,Available,-1,Available,100%,100,-1,100,100%,100,Below Trend,-1,On Track,07/27 00:00:00 PDT,-1,w5,0,2015-07-30 00:00:00,Contract,-1,Contract,4496,4496,-1,-1,31475,4496,-1,15774,0,-1,0,0,-1,0,1093609,-1,1093610,2015-07-26 23:50:08,-1,2015-07-26 23:50:08,4400,-1,31400,4496,-1,31475,True,True,0,0,0,0,4496,-1,15774,-1,-1,-1,-1,0.0,0,0,0
2015-07-27,2015-07-27 00:00:00,Exxon,PILOT TRAVEL CENTERS LLC 103637 IW,VERNON CA (MOC) - 00N6,Reg RFG,-1,-1,-1,0,-1,0,-1,-1,-1,0,-1,-1,0,w6,-1,0,-1,-1,-1,-1,-1,-1,-1,-1,100,-1,100,-1,100,-1,-1,-1,-1,-1,w5,1,2015-07-30 00:00:00,-1,-1,-1,4496,-1,-1,-1,-1,-1,-1,-1,-1,-1,-1,-1,-1,-1,-1,-1,-1,2015-07-27 00:00:00,2015-07-27 00:00:00,2015-07-27 00:00:00,4400,-1,31400,4496,-1,31475,True,False,0,0,0,0,-1,-1,-1,-1,-1,-1,-1,-1.0,-1,0,0
2015-07-28,2015-07-28 00:00:00,Exxon,PILOT TRAVEL CENTERS LLC 103637 IW,VERNON CA (MOC) - 00N6,Reg RFG,-1,-1,-1,0,-1,0,-1,-1,-1,0,-1,-1,0,w6,-1,0,-1,-1,-1,-1,-1,-1,-1,-1,100,-1,100,-1,100,-1,-1,-1,-1,-1,w5,1,2015-07-30 00:00:00,-1,-1,-1,4496,-1,-1,-1,-1,-1,-1,-1,-1,-1,-1,-1,-1,-1,-1,-1,-1,2015-07-28 00:00:00,2015-07-28 00:00:00,2015-07-28 00:00:00,-1,-1,-1,-1,-1,-1,False,False,0,0,0,0,-1,-1,-1,-1,-1,-1,-1,-1.0,-1,0,0
2015-07-29,2015-07-29 00:00:00,Exxon,PILOT TRAVEL CENTERS LLC 103637 IW,VERNON CA (MOC) - 00N6,Reg RFG,-1,-1,-1,0,-1,0,-1,-1,-1,0,-1,-1,0,w6,-1,0,-1,-1,-1,-1,-1,-1,-1,-1,100,-1,100,-1,100,-1,-1,-1,-1,-1,w5,1,2015-07-30 00:00:00,-1,-1,-1,4496,-1,-1,-1,-1,-1,-1,-1,-1,-1,-1,-1,-1,-1,-1,-1,-1,2015-07-29 00:00:00,2015-07-29 00:00:00,2015-07-29 00:00:00,-1,-1,-1,-1,-1,-1,False,False,0,0,0,0,-1,-1,-1,-1,-1,-1,-1,-1.0,-1,0,0
2015-07-30,2015-07-30 00:00:00,Exxon,PILOT TRAVEL CENTERS LLC 103637 IW,VERNON CA (MOC) - 00N6,Reg RFG,-1,-1,-1,0,-1,0,-1,-1,-1,0,-1,-1,0,w6,-1,0,-1,-1,-1,-1,-1,-1,-1,-1,100,-1,100,-1,100,-1,-1,-1,-1,-1,w6,1,2015-08-06 00:00:00,-1,-1,-1,4496,-1,-1,-1,-1,-1,-1,-1,-1,-1,-1,-1,-1,-1,-1,-1,-1,2015-07-30 00:00:00,2015-07-30 00:00:00,2015-07-30 00:00:00,-1,-1,-1,-1,-1,-1,False,True,0,0,0,0,-1,-1,-1,-1,-1,-1,-1,-1.0,-1,0,0
2015-07-31,2015-07-31 00:00:00,Exxon,PILOT TRAVEL CENTERS LLC 103637 IW,VERNON CA (MOC) - 00N6,Reg RFG,-1,-1,-1,0,-1,0,-1,-1,-1,0,-1,-1,0,w6,-1,0,-1,-1,-1,-1,-1,-1,-1,-1,100,-1,100,-1,100,-1,-1,-1,-1,-1,w6,1,2015-08-06 00:00:00,-1,-1,-1,4496,-1,-1,-1,-1,-1,-1,-1,-1,-1,-1,-1,-1,-1,-1,-1,-1,2015-07-31 00:00:00,2015-07-31 00:00:00,2015-07-31 00:00:00,-1,-1,-1,-1,-1,-1,False,False,0,0,0,0,-1,-1,-1,-1,-1,-1,-1,-1.0,-1,0,0
