,date,supplier_name,account_type,supplier_terminal_name,product_name,base_gallons_Daily,base_gallons_Monthly,base_gallons_Weekly,lifted_gallons_daily_flag,lifted_gallons_daily_modified,Modified_WeeksByLiftedGallons,lifted_gallons_modified_WeeksByLiftedGallons,lifted_gallons_Daily,Lifted_actual_monthly,lifted_gallons_monthly_flag,lifted_gallons_Monthly,Lifted_actual_weekly,lifted_gallons_weekly_flag,WeeksByLiftedGallons,lifted_gallonsWeekly_modified_aposteriori,Modified_LiftedGallonsaposteriori,lifted_gallons_Weekly,beginning_gallons_Daily,beginning_gallons_Monthly,beginning_gallons_Weekly,en_allocation_status_Daily,en_allocation_status_Monthly,en_allocation_status_Weekly,percentage_allocation_Daily_actual,percentage_allocation_Daily,percentage_allocation_Monthly_actual,percentage_allocation_Monthly,percentage_allocation_Weekly_actual,percentage_allocation_Weekly,alerts_ratability_Daily,alerts_ratability_Monthly,alerts_ratability_Weekly,next_refresh_date_Daily,next_refresh_date_Monthly,Week_switch,Modified_NRD,next_refresh_date_Weekly,en_account_type_Daily,en_account_type_Monthly,en_account_type_Weekly,NRB_Daily,next_refresh_base_gallons_Daily,NRB_Monthly,next_refresh_base_gallons_Monthly,next_refresh_base_gallons_Weekly,remaining_gallons_Daily,remaining_gallons_Monthly,remaining_gallons_Weekly,additional_gallons_allowed_Daily,additional_gallons_allowed_Monthly,additional_gallons_allowed_Weekly,additional_gallons_remaining_Daily,additional_gallons_remaining_Monthly,additional_gallons_remaining_Weekly,staging_id_Daily,staging_id_Monthly,staging_id_Weekly,execution_date_Daily,execution_date_Monthly,execution_date_Weekly,base_gallons_Daily_Reconciled,base_gallons_Monthly_Reconciled,base_gallons_Weekly_Reconciled,beginning_gallons_Daily_Reconciled,beginning_gallons_Monthly_Reconciled,beginning_gallons_Weekly_Reconciled,sanityWeekly_CumulativeDaily_WeeksByLiftedGallons,sanityWeekly_CumulativeDaily_NextRefreshDate,computedWeekly,sanityComputedWeekly,computedMonthly,sanityComputedMonthly,remaining_gallons_Daily_Reconciled,remaining_gallons_Monthly_Reconciled,remaining_gallons_Weekly_Reconciled,additional_gallons_remaining_Daily_Reconciled,additional_gallons_remaining_Monthly_Reconciled,additional_gallons_remaining_Weekly_Reconciled,Ratability_Monthly,Ratability_Daily,Ratability_Weekly,sanityMonthly_CumulativeDaily_WeeksByLiftedGallons,sanityMonthly_CumulativeDaily_WeeksByNextRefreshDate
2015-07-01,2015-07-01 00:00:00,Exxon,PILOT TRAVEL CENTERS LLC 103637 IW,VERNON CA (MOC) - 00N6,Prem RFG,182,-1,1272,0,900,0,900,900,-1,0,-1,1800,0,w1,900,0,1800,182,-1,1272,Out,-1,Out,100%,100,-1,100,100%,100,Above Trend,-1,Above Trend,07/02 00:00:00 PDT,-1,w1,0,2015-07-02 00:00:00,Contract,-1,Contract,182,182,-1,-1,1272,-718,-1,-528,0,-1,0,0,-1,0,507955,-1,507956,2015-07-01 23:47:57,-1,2015-07-01 23:47:57,100,-1,1200,182,-1,1272,True,True,900,False,0,0,-718,-1,-528,-1,-1,-1,-1,1200.0,100,0,0
2015-07-02,2015-07-02 00:00:00,Exxon,PILOT TRAVEL CENTERS LLC 103637 IW,VERNON CA (MOC) - 00N6,Prem RFG,182,-1,1272,3,0,0,0,0,-1,0,-1,0,0,w2,0,0,0,182,-1,1272,Available,-1,Available,100%,100,-1,100,100%,100,Below Trend,-1,Below Trend,07/03 00:00:00 PDT,-1,w2,0,2015-07-09 00:00:00,Contract,-1,Contract,182,182,-1,-1,1272,182,-1,1272,0,-1,0,0,-1,0,527030,-1,527031,2015-07-02 14:47:21,-1,2015-07-02 14:47:21,100,-1,1200,182,-1,1272,True,True,0,True,0,0,182,-1,1272,-1,-1,-1,-1,0.0,0,0,0
2015-07-03,2015-07-03 00:00:00,Exxon,PILOT TRAVEL CENTERS LLC 103637 IW,VERNON CA (MOC) - 00N6,Prem RFG,182,-1,1272,3,0,0,0,0,-1,0,-1,0,0,w2,0,0,0,182,-1,1272,Available,-1,Available,100%,100,-1,100,100%,100,Below Trend,-1,Below Trend,07/04 00:00:00 PDT,-1,w2,0,2015-07-09 00:00:00,Contract,-1,Contract,182,182,-1,-1,1272,182,-1,1272,0,-1,0,0,-1,0,534871,-1,534872,2015-07-03 09:23:07,-1,2015-07-03 09:23:07,100,-1,1200,182,-1,1272,True,True,0,True,0,0,182,-1,1272,-1,-1,-1,-1,0.0,0,0,0
2015-07-04,2015-07-04 00:00:00,Exxon,PILOT TRAVEL CENTERS LLC 103637 IW,VERNON CA (MOC) - 00N6,Prem RFG,182,-1,1272,3,900,0,900,900,-1,0,-1,900,0,w2,900,0,900,182,-1,1272,Out,-1,Out,100%,100,-1,100,100%,100,Above Trend,-1,Above Trend,07/05 00:00:00 PDT,-1,w2,0,2015-07-09 00:00:00,Contract,-1,Contract,182,182,-1,-1,1272,-718,-1,372,0,-1,0,0,-1,0,540933,-1,540934,2015-07-04 08:42:40,-1,2015-07-04 08:42:40,100,-1,1200,182,-1,1272,True,True,900,True,0,0,-718,-1,372,-1,-1,-1,-1,3600.0,0,0,0
2015-07-05,2015-07-05 00:00:00,Exxon,PILOT TRAVEL CENTERS LLC 103637 IW,VERNON CA (MOC) - 00N6,Prem RFG,182,-1,1272,3,0,0,0,0,-1,0,-1,900,0,w2,0,0,900,182,-1,1272,Available,-1,Available,100%,100,-1,100,100%,100,Below Trend,-1,Above Trend,07/06 00:00:00 PDT,-1,w2,0,2015-07-09 00:00:00,Contract,-1,Contract,182,182,-1,-1,1272,182,-1,372,0,-1,0,0,-1,0,547376,-1,547377,2015-07-05 08:42:30,-1,2015-07-05 08:42:30,100,-1,1200,182,-1,1272,True,True,900,True,0,0,182,-1,372,-1,-1,-1,-1,0.0,0,0,0
2015-07-06,2015-07-06 00:00:00,Exxon,PILOT TRAVEL CENTERS LLC 103637 IW,VERNON CA (MOC) - 00N6,Prem RFG,182,-1,1272,3,1100,0,0,0,-1,0,-1,900,0,w2,0,0,900,182,-1,1272,Available,-1,Available,100%,100,-1,100,100%,100,Below Trend,-1,On Track,07/07 00:00:00 PDT,-1,w2,0,2015-07-09 00:00:00,Contract,-1,Contract,182,182,-1,-1,1272,182,-1,372,0,-1,0,0,-1,0,553692,-1,553693,2015-07-06 08:43:29,-1,2015-07-06 08:43:29,100,-1,1200,182,-1,1272,True,False,2000,True,0,0,-918,-1,372,-1,-1,-1,-1,4400.0,0,0,0
2015-07-07,2015-07-07 00:00:00,Exxon,PILOT TRAVEL CENTERS LLC 103637 IW,VERNON CA (MOC) - 00N6,Prem RFG,182,-1,1272,3,0,1,1100,0,-1,0,-1,2000,0,w2,0,0,2000,182,-1,1272,Out,-1,Out,100%,100,-1,100,100%,100,Below Trend,-1,Above Trend,07/08 00:00:00 PDT,-1,w2,0,2015-07-09 00:00:00,Contract,-1,Contract,182,182,-1,-1,1272,182,-1,-728,0,-1,0,0,-1,0,566706,-1,566707,2015-07-07 22:43:38,-1,2015-07-07 22:43:38,100,-1,1200,182,-1,1272,True,True,2000,True,0,0,182,-1,-728,-1,-1,-1,-1,0.0,0,0,0
2015-07-08,2015-07-08 00:00:00,Exxon,PILOT TRAVEL CENTERS LLC 103637 IW,VERNON CA (MOC) - 00N6,Prem RFG,182,-1,1272,0,0,0,0,0,-1,0,-1,2000,0,w2,0,0,2000,182,-1,1272,Out,-1,Out,100%,100,-1,100,100%,100,Below Trend,-1,Above Trend,07/09 00:00:00 PDT,-1,w2,0,2015-07-09 00:00:00,Contract,-1,Contract,182,182,-1,-1,1272,182,-1,-728,0,-1,0,0,-1,0,576307,-1,576308,2015-07-08 12:43:31,-1,2015-07-08 12:43:31,100,-1,1200,182,-1,1272,True,True,2000,True,0,0,182,-1,-728,-1,-1,-1,-1,0.0,100,0,0
2015-07-09,2015-07-09 00:00:00,Exxon,PILOT TRAVEL CENTERS LLC 103637 IW,VERNON CA (MOC) - 00N6,Prem RFG,-1,-1,-1,6,2700,0,-1,-1,-1,0,-1,-1,6,w3,-1,0,2700,-1,-1,-1,-1,-1,-1,-1,100,-1,100,-1,100,-1,-1,-1,-1,-1,w3,1,2015-07-16 00:00:00,-1,-1,-1,182,-1,-1,-1,-1,-1,-1,-1,-1,-1,-1,-1,-1,-1,-1,-1,-1,2015-07-09 00:00:00,2015-07-09 00:00:00,2015-07-09 00:00:00,100,-1,1200,182,-1,1272,True,True,2700,True,0,0,-1,-1,-1,-1,-1,-1,-1,0.0,0,0,0
2015-07-10,2015-07-10 00:00:00,Exxon,PILOT TRAVEL CENTERS LLC 103637 IW,VERNON CA (MOC) - 00N6,Prem RFG,182,-1,1272,3,0,0,0,0,-1,0,-1,2700,0,w3,0,0,2700,182,-1,1272,Out,-1,Out,100%,100,-1,100,100%,100,Below Trend,-1,Above Trend,07/11 00:00:00 PDT,-1,w3,0,2015-07-16 00:00:00,Contract,-1,Contract,182,182,-1,-1,1272,182,-1,-1428,0,-1,0,0,-1,0,609313,-1,609314,2015-07-10 23:53:18,-1,2015-07-10 23:53:18,100,-1,1200,182,-1,1272,False,True,2700,True,0,0,182,-1,-1428,-1,-1,-1,-1,0.0,0,0,0
2015-07-11,2015-07-11 00:00:00,Exxon,PILOT TRAVEL CENTERS LLC 103637 IW,VERNON CA (MOC) - 00N6,Prem RFG,182,-1,1272,3,0,0,0,0,-1,0,-1,2700,0,w3,0,0,2700,182,-1,1272,Out,-1,Out,100%,100,-1,100,100%,100,Below Trend,-1,Above Trend,07/12 00:00:00 PDT,-1,w3,0,2015-07-16 00:00:00,Contract,-1,Contract,182,182,-1,-1,1272,182,-1,-1428,0,-1,0,0,-1,0,637927,-1,637928,2015-07-11 23:50:26,-1,2015-07-11 23:50:26,100,-1,1200,182,-1,1272,False,True,2700,True,0,0,182,-1,-1428,-1,-1,-1,-1,0.0,0,0,0
2015-07-12,2015-07-12 00:00:00,Exxon,PILOT TRAVEL CENTERS LLC 103637 IW,VERNON CA (MOC) - 00N6,Prem RFG,182,-1,1272,3,0,0,0,0,-1,0,-1,2700,0,w3,0,0,2700,182,-1,1272,Out,-1,Out,100%,100,-1,100,100%,100,Below Trend,-1,Above Trend,07/13 00:00:00 PDT,-1,w3,0,2015-07-16 00:00:00,Contract,-1,Contract,182,182,-1,-1,1272,182,-1,-1428,0,-1,0,0,-1,0,667341,-1,667342,2015-07-12 23:50:29,-1,2015-07-12 23:50:29,100,-1,1200,182,-1,1272,False,True,2700,True,0,0,182,-1,-1428,-1,-1,-1,-1,0.0,0,0,0
2015-07-13,2015-07-13 00:00:00,Exxon,PILOT TRAVEL CENTERS LLC 103637 IW,VERNON CA (MOC) - 00N6,Prem RFG,182,-1,1272,3,0,0,0,0,-1,0,-1,2700,0,w3,0,0,2700,182,-1,1272,Out,-1,Out,100%,100,-1,100,100%,100,Below Trend,-1,Above Trend,07/14 00:00:00 PDT,-1,w3,0,2015-07-16 00:00:00,Contract,-1,Contract,182,182,-1,-1,1272,182,-1,-1428,0,-1,0,0,-1,0,697936,-1,697937,2015-07-13 23:50:35,-1,2015-07-13 23:50:35,100,-1,1200,182,-1,1272,False,True,2700,True,0,0,182,-1,-1428,-1,-1,-1,-1,0.0,0,0,0
2015-07-14,2015-07-14 00:00:00,Exxon,PILOT TRAVEL CENTERS LLC 103637 IW,VERNON CA (MOC) - 00N6,Prem RFG,182,-1,1272,3,0,0,0,0,-1,0,-1,2700,0,w3,0,0,2700,182,-1,1272,Out,-1,Out,100%,100,-1,100,100%,100,Below Trend,-1,Above Trend,07/15 00:00:00 PDT,-1,w3,0,2015-07-16 00:00:00,Contract,-1,Contract,182,182,-1,-1,1272,182,-1,-1428,0,-1,0,0,-1,0,730827,-1,730828,2015-07-14 23:50:37,-1,2015-07-14 23:50:37,100,-1,1200,182,-1,1272,False,True,2700,True,0,0,182,-1,-1428,-1,-1,-1,-1,0.0,0,0,0
2015-07-15,2015-07-15 00:00:00,Exxon,PILOT TRAVEL CENTERS LLC 103637 IW,VERNON CA (MOC) - 00N6,Prem RFG,182,-1,1272,0,0,0,0,0,-1,0,-1,2700,0,w3,0,0,2700,182,-1,1272,Out,-1,Out,100%,100,-1,100,100%,100,Below Trend,-1,Above Trend,07/16 00:00:00 PDT,-1,w3,0,2015-07-16 00:00:00,Contract,-1,Contract,182,182,-1,-1,1272,182,-1,-1428,0,-1,0,0,-1,0,756301,-1,756302,2015-07-15 23:50:31,-1,2015-07-15 23:50:31,100,-1,1200,182,-1,1272,False,True,2700,True,0,0,182,-1,-1428,-1,-1,-1,-1,0.0,200,0,0
2015-07-16,2015-07-16 00:00:00,Exxon,PILOT TRAVEL CENTERS LLC 103637 IW,VERNON CA (MOC) - 00N6,Prem RFG,182,-1,1272,3,0,0,0,0,-1,0,-1,0,0,w4,0,0,0,182,-1,1272,Available,-1,Available,100%,100,-1,100,100%,100,Below Trend,-1,Below Trend,07/17 00:00:00 PDT,-1,w4,0,2015-07-23 00:00:00,Contract,-1,Contract,182,182,-1,-1,1272,182,-1,1272,0,-1,0,0,-1,0,788580,-1,788581,2015-07-16 23:50:39,-1,2015-07-16 23:50:39,100,-1,1200,182,-1,1272,True,True,0,True,0,0,182,-1,1272,-1,-1,-1,-1,0.0,0,0,0
2015-07-17,2015-07-17 00:00:00,Exxon,PILOT TRAVEL CENTERS LLC 103637 IW,VERNON CA (MOC) - 00N6,Prem RFG,182,-1,1272,3,0,0,0,0,-1,0,-1,0,0,w4,0,0,0,182,-1,1272,Available,-1,Available,100%,100,-1,100,100%,100,Below Trend,-1,Below Trend,07/18 00:00:00 PDT,-1,w4,0,2015-07-23 00:00:00,Contract,-1,Contract,182,182,-1,-1,1272,182,-1,1272,0,-1,0,0,-1,0,821627,-1,821628,2015-07-17 23:50:51,-1,2015-07-17 23:50:51,100,-1,1200,182,-1,1272,True,True,0,True,0,0,182,-1,1272,-1,-1,-1,-1,0.0,0,0,0
2015-07-18,2015-07-18 00:00:00,Exxon,PILOT TRAVEL CENTERS LLC 103637 IW,VERNON CA (MOC) - 00N6,Prem RFG,182,-1,1272,3,0,0,0,0,-1,0,-1,0,0,w4,0,0,0,182,-1,1272,Available,-1,Available,100%,100,-1,100,100%,100,Below Trend,-1,Below Trend,07/19 00:00:00 PDT,-1,w4,0,2015-07-23 00:00:00,Contract,-1,Contract,182,182,-1,-1,1272,182,-1,1272,0,-1,0,0,-1,0,852089,-1,852090,2015-07-18 23:50:40,-1,2015-07-18 23:50:40,100,-1,1200,182,-1,1272,True,True,0,True,0,0,182,-1,1272,-1,-1,-1,-1,0.0,0,0,0
2015-07-19,2015-07-19 00:00:00,Exxon,PILOT TRAVEL CENTERS LLC 103637 IW,VERNON CA (MOC) - 00N6,Prem RFG,182,-1,1272,3,0,0,0,0,-1,0,-1,0,0,w4,0,0,0,182,-1,1272,Available,-1,Available,100%,100,-1,100,100%,100,Below Trend,-1,Below Trend,07/20 00:00:00 PDT,-1,w4,0,2015-07-23 00:00:00,Contract,-1,Contract,182,182,-1,-1,1272,182,-1,1272,0,-1,0,0,-1,0,883350,-1,883351,2015-07-19 23:50:38,-1,2015-07-19 23:50:38,100,-1,1200,182,-1,1272,True,True,0,True,0,0,182,-1,1272,-1,-1,-1,-1,0.0,0,0,0
2015-07-20,2015-07-20 00:00:00,Exxon,PILOT TRAVEL CENTERS LLC 103637 IW,VERNON CA (MOC) - 00N6,Prem RFG,182,-1,1272,3,0,0,0,0,-1,0,-1,0,0,w4,0,0,0,182,-1,1272,Available,-1,Available,100%,100,-1,100,100%,100,Below Trend,-1,Below Trend,07/21 00:00:00 PDT,-1,w4,0,2015-07-23 00:00:00,Contract,-1,Contract,182,182,-1,-1,1272,182,-1,1272,0,-1,0,0,-1,0,913716,-1,913717,2015-07-20 23:50:53,-1,2015-07-20 23:50:53,100,-1,1200,182,-1,1272,True,True,0,True,0,0,182,-1,1272,-1,-1,-1,-1,0.0,0,0,0
2015-07-21,2015-07-21 00:00:00,Exxon,PILOT TRAVEL CENTERS LLC 103637 IW,VERNON CA (MOC) - 00N6,Prem RFG,182,-1,1272,3,0,0,0,0,-1,0,-1,0,0,w4,0,0,0,182,-1,1272,Available,-1,Available,100%,100,-1,100,100%,100,Below Trend,-1,Below Trend,07/22 00:00:00 PDT,-1,w4,0,2015-07-23 00:00:00,Contract,-1,Contract,182,182,-1,-1,1272,182,-1,1272,0,-1,0,0,-1,0,942903,-1,942904,2015-07-21 23:48:26,-1,2015-07-21 23:48:26,100,-1,1200,182,-1,1272,True,True,0,True,0,0,182,-1,1272,-1,-1,-1,-1,0.0,0,0,0
2015-07-22,2015-07-22 00:00:00,Exxon,PILOT TRAVEL CENTERS LLC 103637 IW,VERNON CA (MOC) - 00N6,Prem RFG,182,-1,1272,0,900,0,900,900,-1,0,-1,900,0,w4,900,0,900,182,-1,1272,Out,-1,Out,100%,100,-1,100,100%,100,Above Trend,-1,Below Trend,07/23 00:00:00 PDT,-1,w4,0,2015-07-23 00:00:00,Contract,-1,Contract,182,182,-1,-1,1272,-718,-1,372,0,-1,0,0,-1,0,976332,-1,976333,2015-07-22 23:50:53,-1,2015-07-22 23:50:53,100,-1,1200,182,-1,1272,True,True,900,True,0,0,-718,-1,372,-1,-1,-1,-1,1200.0,0,0,0
2015-07-23,2015-07-23 00:00:00,Exxon,PILOT TRAVEL CENTERS LLC 103637 IW,VERNON CA (MOC) - 00N6,Prem RFG,182,-1,1272,3,1100,1,200,1100,-1,0,-1,1100,0,w4,1100,0,1100,182,-1,1272,Out,-1,Out,100%,100,-1,100,100%,100,Above Trend,-1,Above Trend,07/24 00:00:00 PDT,-1,w5,0,2015-07-30 00:00:00,Contract,-1,Contract,182,182,-1,-1,1272,-918,-1,172,0,-1,0,0,-1,0,1002996,-1,1002997,2015-07-23 23:49:40,-1,2015-07-23 23:49:40,100,-1,1200,182,-1,1272,True,True,0,0,0,0,-918,-1,172,-1,-1,-1,-1,1467.0,0,0,0
2015-07-24,2015-07-24 00:00:00,Exxon,PILOT TRAVEL CENTERS LLC 103637 IW,VERNON CA (MOC) - 00N6,Prem RFG,182,-1,1272,3,0,0,0,0,-1,0,-1,1100,0,w4,0,0,1100,182,-1,1272,Available,-1,Available,100%,100,-1,100,100%,100,Below Trend,-1,Above Trend,07/25 00:00:00 PDT,-1,w5,0,2015-07-30 00:00:00,Contract,-1,Contract,182,182,-1,-1,1272,182,-1,172,0,-1,0,0,-1,0,1033242,-1,1033243,2015-07-24 23:49:36,-1,2015-07-24 23:49:36,100,-1,1200,182,-1,1272,True,True,0,0,0,0,182,-1,172,-1,-1,-1,-1,0.0,0,0,0
2015-07-25,2015-07-25 00:00:00,Exxon,PILOT TRAVEL CENTERS LLC 103637 IW,VERNON CA (MOC) - 00N6,Prem RFG,182,-1,1272,3,0,0,0,0,-1,0,-1,1100,0,w4,0,0,1100,182,-1,1272,Available,-1,Available,100%,100,-1,100,100%,100,Below Trend,-1,Above Trend,07/26 00:00:00 PDT,-1,w5,0,2015-07-30 00:00:00,Contract,-1,Contract,182,182,-1,-1,1272,182,-1,172,0,-1,0,0,-1,0,1063552,-1,1063553,2015-07-25 23:50:03,-1,2015-07-25 23:50:03,100,-1,1200,182,-1,1272,True,True,0,0,0,0,182,-1,172,-1,-1,-1,-1,0.0,0,0,0
2015-07-26,2015-07-26 00:00:00,Exxon,PILOT TRAVEL CENTERS LLC 103637 IW,VERNON CA (MOC) - 00N6,Prem RFG,182,-1,1272,0,0,0,0,0,-1,0,-1,1100,0,w4,0,0,1100,182,-1,1272,Available,-1,Available,100%,100,-1,100,100%,100,Below Trend,-1,Above Trend,07/27 00:00:00 PDT,-1,w5,0,2015-07-30 00:00:00,Contract,-1,Contract,182,182,-1,-1,1272,182,-1,172,0,-1,0,0,-1,0,1093607,-1,1093608,2015-07-26 23:50:08,-1,2015-07-26 23:50:08,100,-1,1200,182,-1,1272,True,True,0,0,0,0,182,-1,172,-1,-1,-1,-1,0.0,0,0,0
2015-07-27,2015-07-27 00:00:00,Exxon,PILOT TRAVEL CENTERS LLC 103637 IW,VERNON CA (MOC) - 00N6,Prem RFG,-1,-1,-1,0,-1,0,-1,-1,-1,0,-1,-1,0,w5,-1,0,-1,-1,-1,-1,-1,-1,-1,-1,100,-1,100,-1,100,-1,-1,-1,-1,-1,w5,1,2015-07-30 00:00:00,-1,-1,-1,182,-1,-1,-1,-1,-1,-1,-1,-1,-1,-1,-1,-1,-1,-1,-1,-1,2015-07-27 00:00:00,2015-07-27 00:00:00,2015-07-27 00:00:00,100,-1,1200,182,-1,1272,True,False,0,0,0,0,-1,-1,-1,-1,-1,-1,-1,-1.0,-1,0,0
2015-07-28,2015-07-28 00:00:00,Exxon,PILOT TRAVEL CENTERS LLC 103637 IW,VERNON CA (MOC) - 00N6,Prem RFG,-1,-1,-1,0,-1,0,-1,-1,-1,0,-1,-1,0,w5,-1,0,-1,-1,-1,-1,-1,-1,-1,-1,100,-1,100,-1,100,-1,-1,-1,-1,-1,w5,1,2015-07-30 00:00:00,-1,-1,-1,182,-1,-1,-1,-1,-1,-1,-1,-1,-1,-1,-1,-1,-1,-1,-1,-1,2015-07-28 00:00:00,2015-07-28 00:00:00,2015-07-28 00:00:00,-1,-1,-1,-1,-1,-1,False,False,0,0,0,0,-1,-1,-1,-1,-1,-1,-1,-1.0,-1,0,0
2015-07-29,2015-07-29 00:00:00,Exxon,PILOT TRAVEL CENTERS LLC 103637 IW,VERNON CA (MOC) - 00N6,Prem RFG,-1,-1,-1,0,-1,0,-1,-1,-1,0,-1,-1,0,w5,-1,0,-1,-1,-1,-1,-1,-1,-1,-1,100,-1,100,-1,100,-1,-1,-1,-1,-1,w5,1,2015-07-30 00:00:00,-1,-1,-1,182,-1,-1,-1,-1,-1,-1,-1,-1,-1,-1,-1,-1,-1,-1,-1,-1,2015-07-29 00:00:00,2015-07-29 00:00:00,2015-07-29 00:00:00,-1,-1,-1,-1,-1,-1,False,False,0,0,0,0,-1,-1,-1,-1,-1,-1,-1,-1.0,-1,0,0
2015-07-30,2015-07-30 00:00:00,Exxon,PILOT TRAVEL CENTERS LLC 103637 IW,VERNON CA (MOC) - 00N6,Prem RFG,-1,-1,-1,0,-1,0,-1,-1,-1,0,-1,-1,0,w5,-1,0,-1,-1,-1,-1,-1,-1,-1,-1,100,-1,100,-1,100,-1,-1,-1,-1,-1,w6,1,2015-08-06 00:00:00,-1,-1,-1,182,-1,-1,-1,-1,-1,-1,-1,-1,-1,-1,-1,-1,-1,-1,-1,-1,2015-07-30 00:00:00,2015-07-30 00:00:00,2015-07-30 00:00:00,-1,-1,-1,-1,-1,-1,False,True,0,0,0,0,-1,-1,-1,-1,-1,-1,-1,-1.0,-1,0,0
2015-07-31,2015-07-31 00:00:00,Exxon,PILOT TRAVEL CENTERS LLC 103637 IW,VERNON CA (MOC) - 00N6,Prem RFG,-1,-1,-1,0,-1,0,-1,-1,-1,0,-1,-1,0,w5,-1,0,-1,-1,-1,-1,-1,-1,-1,-1,100,-1,100,-1,100,-1,-1,-1,-1,-1,w6,1,2015-08-06 00:00:00,-1,-1,-1,182,-1,-1,-1,-1,-1,-1,-1,-1,-1,-1,-1,-1,-1,-1,-1,-1,2015-07-31 00:00:00,2015-07-31 00:00:00,2015-07-31 00:00:00,-1,-1,-1,-1,-1,-1,False,False,0,0,0,0,-1,-1,-1,-1,-1,-1,-1,-1.0,-1,0,0
