,date,supplier_name,account_type,supplier_terminal_name,product_name,base_gallons_Daily,base_gallons_Weekly,lifted_gallons_daily_flag,lifted_gallons_daily_modified,Modified_WeeksByLiftedGallons,lifted_gallons_modified_WeeksByLiftedGallons,lifted_gallons_Daily,Lifted_actual_weekly,lifted_gallons_weekly_flag,WeeksByLiftedGallons,lifted_gallonsWeekly_modified_aposteriori,Modified_LiftedGallonsaposteriori,lifted_gallons_Weekly,beginning_gallons_Daily,beginning_gallons_Weekly,en_allocation_status_Daily,en_allocation_status_Weekly,percentage_allocation_Daily,percentage_allocation_Weekly,alerts_ratability_Daily,alerts_ratability_Weekly,next_refresh_date_Daily,Week_switch,Modified_NRD,next_refresh_date_Weekly,en_account_type_Daily,en_account_type_Weekly,staging_id_Daily,staging_id_Weekly,base_gallons_Monthly,Lifted_actual_monthly,lifted_gallons_monthly_flag,lifted_gallons_Monthly,beginning_gallons_Monthly,en_allocation_status_Monthly,percentage_allocation_Monthly,alerts_ratability_Monthly,next_refresh_date_Monthly,base_gallons_Daily_Reconciled,base_gallons_Monthly_Reconciled,beginning_gallons_Daily_Reconciled,beginning_gallons_Monthly_Reconciled,beginning_gallons_Weekly_Reconciled,sanityWeekly_CumulativeDaily_WeeksByLiftedGallons,sanityWeekly_CumulativeDaily_NextRefreshDate,computedWeekly,sanityComputedWeekly,computedMonthly,sanityComputedMonthly,sanityMonthly_CumulativeDaily_WeeksByLiftedGallons,sanityMonthly_CumulativeDaily_WeeksByNextRefreshDate
2015-07-01,2015-07-01 00:00:00,BP,Channel: 50 - Commercial,RIVER ROUGE MI - BUCKEYE (PLANT 9123),REGULAR,33348,233439,3,0,0,0,0,0,0,w1,0,0,0,66696.0,256783.0,Available,Available,200,110,,,07/02 00:00:00 EDT,w1,0,2015-07-08 00:00:00,Contract,Contract,508167,508168,0,0,0,0,0,0,0,0,0,33348,-1,66696,0,256783,True,True,0,True,0,0,1,1
2015-07-02,2015-07-02 00:00:00,BP,Channel: 50 - Commercial,RIVER ROUGE MI - BUCKEYE (PLANT 9123),REGULAR,33348,233439,3,17999,0,17999,17999,17999,0,w1,17999,0,17999,66696.0,256783.0,Available,Available,200,110,,,07/03 00:00:00 EDT,w1,0,2015-07-08 00:00:00,Contract,Contract,528392,528393,0,0,0,0,0,0,0,0,0,33348,-1,66696,0,256783,True,True,17999,True,0,0,0,0
2015-07-03,2015-07-03 00:00:00,BP,Channel: 50 - Commercial,RIVER ROUGE MI - BUCKEYE (PLANT 9123),REGULAR,33348,233439,3,6399,0,0,0,17999,0,w1,0,0,17999,66696.0,256783.0,Available,Available,200,110,,,07/04 00:00:00 EDT,w1,0,2015-07-08 00:00:00,Contract,Contract,536010,536011,0,0,0,0,0,0,0,0,0,33348,-1,66696,0,256783,True,False,24398,True,0,0,0,0
2015-07-04,2015-07-04 00:00:00,BP,Channel: 50 - Commercial,RIVER ROUGE MI - BUCKEYE (PLANT 9123),REGULAR,33348,233439,3,17403,1,16900,10501,34899,0,w1,10501,0,34899,66696.0,256783.0,Available,Available,200,110,,,07/05 00:00:00 EDT,w1,0,2015-07-08 00:00:00,Contract,Contract,542298,542299,0,0,0,0,0,0,0,0,0,33348,-1,66696,0,256783,True,False,41801,True,0,0,0,0
2015-07-05,2015-07-05 00:00:00,BP,Channel: 50 - Commercial,RIVER ROUGE MI - BUCKEYE (PLANT 9123),REGULAR,33348,233439,3,19195,1,6902,0,41801,0,w1,0,0,41801,66696.0,256783.0,Available,Available,200,110,,,07/06 00:00:00 EDT,w1,0,2015-07-08 00:00:00,Contract,Contract,548742,548743,0,0,0,0,0,0,0,0,0,33348,-1,66696,0,256783,True,False,60996,True,0,0,0,0
2015-07-06,2015-07-06 00:00:00,BP,Channel: 50 - Commercial,RIVER ROUGE MI - BUCKEYE (PLANT 9123),REGULAR,33348,233439,3,17302,1,19195,0,60996,0,w1,0,0,60996,66696.0,256783.0,Available,Available,200,110,,,07/07 00:00:00 EDT,w1,0,2015-07-08 00:00:00,Contract,Contract,555055,555056,0,0,0,0,0,0,0,0,0,33348,-1,66696,0,256783,True,False,78298,True,0,0,0,0
2015-07-07,2015-07-07 00:00:00,BP,Channel: 50 - Commercial,RIVER ROUGE MI - BUCKEYE (PLANT 9123),REGULAR,33348,233439,0,13403,1,30705,13403,91701,0,w1,13403,0,91701,66696.0,256783.0,Available,Available,200,110,,,07/08 00:00:00 EDT,w1,0,2015-07-08 00:00:00,Contract,Contract,568068,568069,0,0,0,0,0,0,0,0,0,33348,-1,66696,0,256783,True,True,91701,True,0,0,0,0
2015-07-08,2015-07-08 00:00:00,BP,Channel: 50 - Commercial,RIVER ROUGE MI - BUCKEYE (PLANT 9123),REGULAR,33348,233439,0,19403,0,19403,19403,19403,0,w2,19403,0,19403,66696.0,256783.0,Available,Available,200,110,,,07/09 00:00:00 EDT,w2,0,2015-07-15 00:00:00,Contract,Contract,578090,578091,0,0,0,0,0,0,0,0,0,33348,-1,66696,0,256783,True,True,0,0,0,0,0,0
2015-07-09,2015-07-09 00:00:00,BP,Channel: 50 - Commercial,RIVER ROUGE MI - BUCKEYE (PLANT 9123),REGULAR,33348,233439,4,64130,0,-1,-1,-1,4,w3,-1,0,83533,66696.0,256783.0,-1,-1,100,100,-1,-1,-1,w2,1,2015-07-15 00:00:00,-1,-1,-1,-1,0,-1,0,-1,0,-1,100,-1,-1,66696,-1,33348,0,233439,True,True,0,0,0,0,0,0
2015-07-10,2015-07-10 00:00:00,BP,Channel: 50 - Commercial,RIVER ROUGE MI - BUCKEYE (PLANT 9123),REGULAR,33348,233439,3,31394,0,31394,31394,114927,0,w3,31394,0,114927,66696.0,256783.0,Available,Available,200,110,,,07/11 00:00:00 EDT,w2,0,2015-07-15 00:00:00,Contract,Contract,609060,609061,0,0,0,0,0,0,0,0,0,33348,-1,66696,0,256783,False,True,0,0,0,0,0,0
2015-07-11,2015-07-11 00:00:00,BP,Channel: 50 - Commercial,RIVER ROUGE MI - BUCKEYE (PLANT 9123),REGULAR,33348,233439,0,0,0,0,0,114927,0,w3,0,0,114927,66696.0,256783.0,Available,Available,200,110,,,07/12 00:00:00 EDT,w2,0,2015-07-15 00:00:00,Contract,Contract,639300,639301,0,0,0,0,0,0,0,0,0,33348,-1,66696,0,256783,False,True,0,0,0,0,0,0
2015-07-12,2015-07-12 00:00:00,BP,Channel: 50 - Commercial,RIVER ROUGE MI - BUCKEYE (PLANT 9123),REGULAR,33348,233439,0,-1,0,-1,-1,-1,0,w4,-1,0,-1,66696.0,256783.0,-1,-1,100,100,-1,-1,-1,w2,1,2015-07-15 00:00:00,-1,-1,-1,-1,0,-1,0,-1,0,-1,100,-1,-1,66696,-1,33348,0,233439,True,False,0,0,0,0,0,0
2015-07-13,2015-07-13 00:00:00,BP,Channel: 50 - Commercial,RIVER ROUGE MI - BUCKEYE (PLANT 9123),REGULAR,33348,233439,0,-1,0,-1,-1,-1,0,w4,-1,0,-1,66696.0,256783.0,-1,-1,100,100,-1,-1,-1,w2,1,2015-07-15 00:00:00,-1,-1,-1,-1,0,-1,0,-1,0,-1,100,-1,-1,66696,-1,33348,0,233439,False,False,0,0,0,0,0,0
2015-07-14,2015-07-14 00:00:00,BP,Channel: 50 - Commercial,RIVER ROUGE MI - BUCKEYE (PLANT 9123),REGULAR,33348,233439,0,0,0,0,0,162548,0,w4,0,0,162548,66696.0,256783.0,Available,Available,200,110,,,07/15 00:00:00 EDT,w2,0,2015-07-15 00:00:00,Contract,Contract,731175,731176,0,0,0,0,0,0,0,0,0,33348,-1,66696,0,256783,False,False,0,0,0,0,0,0
2015-07-15,2015-07-15 00:00:00,BP,Channel: 50 - Commercial,RIVER ROUGE MI - BUCKEYE (PLANT 9123),REGULAR,33348,233439,3,0,0,0,0,0,0,w5,0,0,0,66696.0,256783.0,Available,Available,200,110,,,07/16 00:00:00 EDT,w3,0,2015-07-22 00:00:00,Contract,Contract,756393,756394,0,0,0,0,0,0,0,0,0,33348,-1,66696,0,256783,True,True,0,True,0,0,0,0
2015-07-16,2015-07-16 00:00:00,BP,Channel: 50 - Commercial,RIVER ROUGE MI - BUCKEYE (PLANT 9123),REGULAR,33348,233439,3,28199,0,28199,28199,28199,0,w5,28199,0,28199,66696.0,256783.0,Available,Available,200,110,,,07/17 00:00:00 EDT,w3,0,2015-07-22 00:00:00,Contract,Contract,789695,789696,0,0,0,0,0,0,0,0,0,33348,-1,66696,0,256783,True,True,28199,True,0,0,0,0
2015-07-17,2015-07-17 00:00:00,BP,Channel: 50 - Commercial,RIVER ROUGE MI - BUCKEYE (PLANT 9123),REGULAR,33348,233439,3,43108,0,43108,43108,71307,0,w5,43108,0,71307,66696.0,256783.0,Available,Available,200,110,,,07/18 00:00:00 EDT,w3,0,2015-07-22 00:00:00,Contract,Contract,821723,821724,0,0,0,0,0,0,0,0,0,33348,-1,66696,0,256783,True,True,71307,True,0,0,0,0
2015-07-18,2015-07-18 00:00:00,BP,Channel: 50 - Commercial,RIVER ROUGE MI - BUCKEYE (PLANT 9123),REGULAR,33348,233439,3,19200,0,19200,19200,90507,0,w5,19200,0,90507,66696.0,256783.0,Available,Available,200,110,,,07/19 00:00:00 EDT,w3,0,2015-07-22 00:00:00,Contract,Contract,852185,852186,0,0,0,0,0,0,0,0,0,33348,-1,66696,0,256783,True,True,90507,True,0,0,0,0
2015-07-19,2015-07-19 00:00:00,BP,Channel: 50 - Commercial,RIVER ROUGE MI - BUCKEYE (PLANT 9123),REGULAR,33348,233439,3,33994,0,33994,33994,124501,0,w5,33994,0,124501,66696.0,256783.0,Available,Available,200,110,,,07/20 00:00:00 EDT,w3,0,2015-07-22 00:00:00,Contract,Contract,883446,883447,0,0,0,0,0,0,0,0,0,33348,-1,66696,0,256783,True,True,124501,True,0,0,0,0
2015-07-20,2015-07-20 00:00:00,BP,Channel: 50 - Commercial,RIVER ROUGE MI - BUCKEYE (PLANT 9123),REGULAR,33348,233439,3,44208,0,44208,44208,168709,0,w5,44208,0,168709,66696.0,256783.0,Available,Available,200,110,,,07/21 00:00:00 EDT,w3,0,2015-07-22 00:00:00,Contract,Contract,913811,913812,0,0,0,0,0,0,0,0,0,33348,-1,66696,0,256783,True,True,168709,True,0,0,0,0
2015-07-21,2015-07-21 00:00:00,BP,Channel: 50 - Commercial,RIVER ROUGE MI - BUCKEYE (PLANT 9123),REGULAR,33348,233439,0,33218,0,33218,33218,201927,0,w5,33218,0,201927,66696.0,256783.0,Available,Available,200,110,,,07/22 00:00:00 EDT,w3,0,2015-07-22 00:00:00,Contract,Contract,934352,934353,0,0,0,0,0,0,0,0,0,33348,-1,66696,0,256783,True,True,201927,True,0,0,0,0
2015-07-22,2015-07-22 00:00:00,BP,Channel: 50 - Commercial,RIVER ROUGE MI - BUCKEYE (PLANT 9123),REGULAR,33348,233439,3,64807,0,64807,64807,64807,0,w6,64807,0,64807,66696.0,256783.0,Available,Available,200,110,,,07/23 00:00:00 EDT,w4,0,2015-07-29 00:00:00,Contract,Contract,976424,976425,0,0,0,0,0,0,0,0,0,33348,-1,66696,0,256783,True,True,0,0,0,0,0,0
2015-07-23,2015-07-23 00:00:00,BP,Channel: 50 - Commercial,RIVER ROUGE MI - BUCKEYE (PLANT 9123),REGULAR,33348,233439,0,0,0,0,0,64807,0,w6,0,0,64807,66696.0,256783.0,Available,Available,200,110,,,07/24 00:00:00 EDT,w4,0,2015-07-29 00:00:00,Contract,Contract,994633,994634,0,0,0,0,0,0,0,0,0,33348,-1,66696,0,256783,True,True,0,0,0,0,0,0
2015-07-24,2015-07-24 00:00:00,BP,Channel: 50 - Commercial,RIVER ROUGE MI - BUCKEYE (PLANT 9123),REGULAR,33348,233439,0,-1,0,-1,-1,-1,0,w7,-1,0,-1,66696.0,256783.0,-1,-1,100,100,-1,-1,-1,w4,1,2015-07-29 00:00:00,-1,-1,-1,-1,0,-1,0,-1,0,-1,100,-1,-1,66696,-1,33348,0,233439,True,False,0,0,0,0,0,0
2015-07-25,2015-07-25 00:00:00,BP,Channel: 50 - Commercial,RIVER ROUGE MI - BUCKEYE (PLANT 9123),REGULAR,33348,233439,0,-1,0,-1,-1,-1,0,w7,-1,0,-1,66696.0,256783.0,-1,-1,100,100,-1,-1,-1,w4,1,2015-07-29 00:00:00,-1,-1,-1,-1,0,-1,0,-1,0,-1,100,-1,-1,66696,-1,33348,0,233439,False,False,0,0,0,0,0,0
2015-07-26,2015-07-26 00:00:00,BP,Channel: 50 - Commercial,RIVER ROUGE MI - BUCKEYE (PLANT 9123),REGULAR,33348,233439,0,-1,0,-1,-1,-1,0,w7,-1,0,-1,66696.0,256783.0,-1,-1,100,100,-1,-1,-1,w4,1,2015-07-29 00:00:00,-1,-1,-1,-1,0,-1,0,-1,0,-1,100,-1,-1,66696,-1,33348,0,233439,False,False,0,0,0,0,0,0
2015-07-27,2015-07-27 00:00:00,BP,Channel: 50 - Commercial,RIVER ROUGE MI - BUCKEYE (PLANT 9123),REGULAR,33348,233439,0,-1,0,-1,-1,-1,0,w7,-1,0,-1,66696.0,256783.0,-1,-1,100,100,-1,-1,-1,w4,1,2015-07-29 00:00:00,-1,-1,-1,-1,0,-1,0,-1,0,-1,100,-1,-1,66696,-1,33348,0,233439,False,False,0,0,0,0,0,0
2015-07-28,2015-07-28 00:00:00,BP,Channel: 50 - Commercial,RIVER ROUGE MI - BUCKEYE (PLANT 9123),REGULAR,33348,233439,0,-1,0,-1,-1,-1,0,w7,-1,0,-1,66696.0,256783.0,-1,-1,100,100,-1,-1,-1,w4,1,2015-07-29 00:00:00,-1,-1,-1,-1,0,-1,0,-1,0,-1,100,-1,-1,66696,-1,33348,0,233439,False,False,0,0,0,0,0,0
2015-07-29,2015-07-29 00:00:00,BP,Channel: 50 - Commercial,RIVER ROUGE MI - BUCKEYE (PLANT 9123),REGULAR,33348,233439,0,-1,0,-1,-1,-1,0,w7,-1,0,-1,66696.0,256783.0,-1,-1,100,100,-1,-1,-1,w5,1,2015-08-05 00:00:00,-1,-1,-1,-1,0,-1,0,-1,0,-1,100,-1,-1,66696,-1,33348,0,233439,False,True,0,0,0,0,0,0
2015-07-30,2015-07-30 00:00:00,BP,Channel: 50 - Commercial,RIVER ROUGE MI - BUCKEYE (PLANT 9123),REGULAR,33348,233439,0,-1,0,-1,-1,-1,0,w7,-1,0,-1,66696.0,256783.0,-1,-1,100,100,-1,-1,-1,w5,1,2015-08-05 00:00:00,-1,-1,-1,-1,0,-1,0,-1,0,-1,100,-1,-1,66696,-1,33348,0,233439,False,False,0,0,0,0,0,0
2015-07-31,2015-07-31 00:00:00,BP,Channel: 50 - Commercial,RIVER ROUGE MI - BUCKEYE (PLANT 9123),REGULAR,33348,233439,0,-1,0,-1,-1,-1,0,w7,-1,0,-1,66696.0,256783.0,-1,-1,100,100,-1,-1,-1,w5,1,2015-08-05 00:00:00,-1,-1,-1,-1,0,-1,0,-1,0,-1,100,-1,-1,66696,-1,33348,0,233439,False,False,0,0,0,0,0,0
