,date,supplier_name,account_type,supplier_terminal_name,product_name,base_gallons_Daily,base_gallons_Weekly,lifted_gallons_daily_flag,lifted_gallons_daily_modified,Modified_WeeksByLiftedGallons,lifted_gallons_modified_WeeksByLiftedGallons,lifted_gallons_Daily,Lifted_actual_weekly,lifted_gallons_weekly_flag,WeeksByLiftedGallons,lifted_gallonsWeekly_modified_aposteriori,Modified_LiftedGallonsaposteriori,lifted_gallons_Weekly,beginning_gallons_Daily,beginning_gallons_Weekly,en_allocation_status_Daily,en_allocation_status_Weekly,percentage_allocation_Daily,percentage_allocation_Weekly,alerts_ratability_Daily,alerts_ratability_Weekly,next_refresh_date_Daily,Week_switch,Modified_NRD,next_refresh_date_Weekly,en_account_type_Daily,en_account_type_Weekly,staging_id_Daily,staging_id_Weekly,base_gallons_Monthly,Lifted_actual_monthly,lifted_gallons_monthly_flag,lifted_gallons_Monthly,beginning_gallons_Monthly,en_allocation_status_Monthly,percentage_allocation_Monthly,alerts_ratability_Monthly,next_refresh_date_Monthly,base_gallons_Daily_Reconciled,base_gallons_Monthly_Reconciled,beginning_gallons_Daily_Reconciled,beginning_gallons_Monthly_Reconciled,beginning_gallons_Weekly_Reconciled,sanityWeekly_CumulativeDaily_WeeksByLiftedGallons,sanityWeekly_CumulativeDaily_NextRefreshDate,computedWeekly,sanityComputedWeekly,computedMonthly,sanityComputedMonthly,sanityMonthly_CumulativeDaily_WeeksByLiftedGallons,sanityMonthly_CumulativeDaily_WeeksByNextRefreshDate
2015-07-01,2015-07-01 00:00:00,BP,Channel: 50 - Commercial,WHITING IN - BP (PLANT 0453),DIESEL,26774,187419,3,59207,0,44512,44512,44512,0,w1,44512,0,44512,53548.0,206161.0,Available,Available,200,110,,,07/02 00:00:00 CDT,w1,0,2015-07-08 00:00:00,Contract,Contract,508175,508176,0,0,0,0,0,0,0,0,0,26774,-1,53548,0,206161,True,False,59207,True,0,0,0,0
2015-07-02,2015-07-02 00:00:00,BP,Channel: 50 - Commercial,WHITING IN - BP (PLANT 0453),DIESEL,26774,187419,3,37528,1,44719,30024,89231,0,w1,30024,0,89231,53548.0,206161.0,Available,Available,200,110,,,07/03 00:00:00 CDT,w1,0,2015-07-08 00:00:00,Contract,Contract,528400,528401,0,0,0,0,0,0,0,0,0,26774,-1,53548,0,206161,True,False,96735,True,0,0,0,0
2015-07-03,2015-07-03 00:00:00,BP,Channel: 50 - Commercial,WHITING IN - BP (PLANT 0453),DIESEL,26774,187419,3,22500,1,15101,7597,104332,0,w1,7597,0,104332,53548.0,206161.0,Available,Available,200,110,,,07/04 00:00:00 CDT,w1,0,2015-07-08 00:00:00,Contract,Contract,536018,536019,0,0,0,0,0,0,0,0,0,26774,-1,53548,0,206161,True,False,119235,True,0,0,0,0
2015-07-04,2015-07-04 00:00:00,BP,Channel: 50 - Commercial,WHITING IN - BP (PLANT 0453),DIESEL,26774,187419,3,5997,1,20900,5997,125232,0,w1,5997,0,125232,53548.0,206161.0,Available,Available,200,110,,,07/05 00:00:00 CDT,w1,0,2015-07-08 00:00:00,Contract,Contract,542306,542307,0,0,0,0,0,0,0,0,0,26774,-1,53548,0,206161,True,True,125232,True,0,0,0,0
2015-07-05,2015-07-05 00:00:00,BP,Channel: 50 - Commercial,WHITING IN - BP (PLANT 0453),DIESEL,26774,187419,3,14889,0,0,0,125232,0,w1,0,0,125232,53548.0,206161.0,Available,Available,200,110,,,07/06 00:00:00 CDT,w1,0,2015-07-08 00:00:00,Contract,Contract,548750,548751,0,0,0,0,0,0,0,0,0,26774,-1,53548,0,206161,True,False,140121,True,0,0,0,0
2015-07-06,2015-07-06 00:00:00,BP,Channel: 50 - Commercial,WHITING IN - BP (PLANT 0453),DIESEL,26774,187419,3,14852,1,29741,14852,154973,0,w1,14852,0,154973,53548.0,206161.0,Available,Available,200,110,,,07/07 00:00:00 CDT,w1,0,2015-07-08 00:00:00,Contract,Contract,555063,555064,0,0,0,0,0,0,0,0,0,26774,-1,53548,0,206161,True,True,154973,True,0,0,0,0
2015-07-07,2015-07-07 00:00:00,BP,Channel: 50 - Commercial,WHITING IN - BP (PLANT 0453),DIESEL,26774,187419,0,81334,0,81334,81334,236307,0,w1,81334,0,236307,53548.0,206161.0,Out,Out,200,110,,,07/08 00:00:00 CDT,w1,0,2015-07-08 00:00:00,Contract,Contract,568076,568077,0,0,0,0,0,0,0,0,0,26774,-1,53548,0,206161,True,True,236307,True,0,0,0,0
2015-07-08,2015-07-08 00:00:00,BP,Channel: 50 - Commercial,WHITING IN - BP (PLANT 0453),DIESEL,26774,187419,0,37013,0,37013,37013,37013,0,w2,37013,0,37013,53548.0,206161.0,Available,Available,200,110,,,07/09 00:00:00 CDT,w2,0,2015-07-15 00:00:00,Contract,Contract,578098,578099,0,0,0,0,0,0,0,0,0,26774,-1,53548,0,206161,True,True,0,0,0,0,0,0
2015-07-09,2015-07-09 00:00:00,BP,Channel: 50 - Commercial,WHITING IN - BP (PLANT 0453),DIESEL,26774,187419,4,82025,0,-1,-1,-1,4,w3,-1,0,119038,53548.0,206161.0,-1,-1,100,100,-1,-1,-1,w2,1,2015-07-15 00:00:00,-1,-1,-1,-1,0,-1,0,-1,0,-1,100,-1,-1,53548,-1,26774,0,187419,True,True,0,0,0,0,0,0
2015-07-10,2015-07-10 00:00:00,BP,Channel: 50 - Commercial,WHITING IN - BP (PLANT 0453),DIESEL,26774,187419,3,29729,0,29729,29729,148767,0,w3,29729,0,148767,53548.0,206161.0,Available,Available,200,110,,,07/11 00:00:00 CDT,w2,0,2015-07-15 00:00:00,Contract,Contract,609068,609069,0,0,0,0,0,0,0,0,0,26774,-1,53548,0,206161,False,True,0,0,0,0,0,0
2015-07-11,2015-07-11 00:00:00,BP,Channel: 50 - Commercial,WHITING IN - BP (PLANT 0453),DIESEL,26774,187419,0,29607,0,29607,29607,178374,0,w3,29607,0,178374,53548.0,206161.0,Available,Available,200,110,,,07/12 00:00:00 CDT,w2,0,2015-07-15 00:00:00,Contract,Contract,639308,639309,0,0,0,0,0,0,0,0,0,26774,-1,53548,0,206161,False,True,0,0,0,0,0,0
2015-07-12,2015-07-12 00:00:00,BP,Channel: 50 - Commercial,WHITING IN - BP (PLANT 0453),DIESEL,26774,187419,0,-1,0,-1,-1,-1,0,w4,-1,0,-1,53548.0,206161.0,-1,-1,100,100,-1,-1,-1,w2,1,2015-07-15 00:00:00,-1,-1,-1,-1,0,-1,0,-1,0,-1,100,-1,-1,53548,-1,26774,0,187419,True,False,0,0,0,0,0,0
2015-07-13,2015-07-13 00:00:00,BP,Channel: 50 - Commercial,WHITING IN - BP (PLANT 0453),DIESEL,26774,187419,0,-1,0,-1,-1,-1,0,w4,-1,0,-1,53548.0,206161.0,-1,-1,100,100,-1,-1,-1,w2,1,2015-07-15 00:00:00,-1,-1,-1,-1,0,-1,0,-1,0,-1,100,-1,-1,53548,-1,26774,0,187419,False,False,0,0,0,0,0,0
2015-07-14,2015-07-14 00:00:00,BP,Channel: 50 - Commercial,WHITING IN - BP (PLANT 0453),DIESEL,26774,187419,0,14705,0,14705,14705,244927,0,w4,14705,0,244927,53548.0,206161.0,Out,Out,200,110,,,07/15 00:00:00 CDT,w2,0,2015-07-15 00:00:00,Contract,Contract,731183,731184,0,0,0,0,0,0,0,0,0,26774,-1,53548,0,206161,False,False,0,0,0,0,0,0
2015-07-15,2015-07-15 00:00:00,BP,Channel: 50 - Commercial,WHITING IN - BP (PLANT 0453),DIESEL,26774,187419,3,51523,0,51523,51523,51523,0,w5,51523,0,51523,53548.0,206161.0,Available,Available,200,110,,,07/16 00:00:00 CDT,w3,0,2015-07-22 00:00:00,Contract,Contract,756401,756402,0,0,0,0,0,0,0,0,0,26774,-1,53548,0,206161,True,True,51523,True,0,0,0,0
2015-07-16,2015-07-16 00:00:00,BP,Channel: 50 - Commercial,WHITING IN - BP (PLANT 0453),DIESEL,26774,187419,3,37318,0,29815,29815,81338,0,w5,29815,0,81338,53548.0,206161.0,Available,Available,200,110,,,07/17 00:00:00 CDT,w3,0,2015-07-22 00:00:00,Contract,Contract,789703,789704,0,0,0,0,0,0,0,0,0,26774,-1,53548,0,206161,True,False,88841,True,0,0,0,0
2015-07-17,2015-07-17 00:00:00,BP,Channel: 50 - Commercial,WHITING IN - BP (PLANT 0453),DIESEL,26774,187419,3,44197,1,44199,36696,125537,0,w5,36696,0,125537,53548.0,206161.0,Available,Available,200,110,,,07/18 00:00:00 CDT,w3,0,2015-07-22 00:00:00,Contract,Contract,821731,821732,0,0,0,0,0,0,0,0,0,26774,-1,53548,0,206161,True,False,133038,True,0,0,0,0
2015-07-18,2015-07-18 00:00:00,BP,Channel: 50 - Commercial,WHITING IN - BP (PLANT 0453),DIESEL,26774,187419,3,15006,1,22507,15006,148044,0,w5,15006,0,148044,53548.0,206161.0,Available,Available,200,110,,,07/19 00:00:00 CDT,w3,0,2015-07-22 00:00:00,Contract,Contract,852193,852194,0,0,0,0,0,0,0,0,0,26774,-1,53548,0,206161,True,True,148044,True,0,0,0,0
2015-07-19,2015-07-19 00:00:00,BP,Channel: 50 - Commercial,WHITING IN - BP (PLANT 0453),DIESEL,26774,187419,3,36468,0,29033,29033,177077,0,w5,29033,0,177077,53548.0,206161.0,Available,Available,200,110,,,07/20 00:00:00 CDT,w3,0,2015-07-22 00:00:00,Contract,Contract,883454,883455,0,0,0,0,0,0,0,0,0,26774,-1,53548,0,206161,True,False,184512,True,0,0,0,0
2015-07-20,2015-07-20 00:00:00,BP,Channel: 50 - Commercial,WHITING IN - BP (PLANT 0453),DIESEL,26774,187419,3,37342,1,44777,37342,221854,0,w5,37342,0,221854,53548.0,206161.0,Available,Available,200,110,,,07/21 00:00:00 CDT,w3,0,2015-07-22 00:00:00,Contract,Contract,913819,913820,0,0,0,0,0,0,0,0,0,26774,-1,53548,0,206161,True,True,221854,True,0,0,0,0
2015-07-21,2015-07-21 00:00:00,BP,Channel: 50 - Commercial,WHITING IN - BP (PLANT 0453),DIESEL,26774,187419,0,22415,0,22415,22415,244269,0,w5,22415,0,244269,53548.0,206161.0,Out,Out,200,110,,,07/22 00:00:00 CDT,w3,0,2015-07-22 00:00:00,Contract,Contract,934360,934361,0,0,0,0,0,0,0,0,0,26774,-1,53548,0,206161,True,True,244269,True,0,0,0,0
2015-07-22,2015-07-22 00:00:00,BP,Channel: 50 - Commercial,WHITING IN - BP (PLANT 0453),DIESEL,26774,187419,3,37010,0,37010,37010,37010,0,w6,37010,0,37010,53548.0,206161.0,Available,Available,200,110,,,07/23 00:00:00 CDT,w4,0,2015-07-29 00:00:00,Contract,Contract,976432,976433,0,0,0,0,0,0,0,0,0,26774,-1,53548,0,206161,True,True,0,0,0,0,0,0
2015-07-23,2015-07-23 00:00:00,BP,Channel: 50 - Commercial,WHITING IN - BP (PLANT 0453),DIESEL,26774,187419,0,37112,0,37112,37112,74122,0,w6,37112,0,74122,53548.0,206161.0,Available,Available,200,110,,,07/24 00:00:00 CDT,w4,0,2015-07-29 00:00:00,Contract,Contract,994641,994642,0,0,0,0,0,0,0,0,0,26774,-1,53548,0,206161,True,True,0,0,0,0,0,0
2015-07-24,2015-07-24 00:00:00,BP,Channel: 50 - Commercial,WHITING IN - BP (PLANT 0453),DIESEL,26774,187419,0,-1,0,-1,-1,-1,0,w7,-1,0,-1,53548.0,206161.0,-1,-1,100,100,-1,-1,-1,w4,1,2015-07-29 00:00:00,-1,-1,-1,-1,0,-1,0,-1,0,-1,100,-1,-1,53548,-1,26774,0,187419,True,False,0,0,0,0,0,0
2015-07-25,2015-07-25 00:00:00,BP,Channel: 50 - Commercial,WHITING IN - BP (PLANT 0453),DIESEL,26774,187419,0,-1,0,-1,-1,-1,0,w7,-1,0,-1,53548.0,206161.0,-1,-1,100,100,-1,-1,-1,w4,1,2015-07-29 00:00:00,-1,-1,-1,-1,0,-1,0,-1,0,-1,100,-1,-1,53548,-1,26774,0,187419,False,False,0,0,0,0,0,0
2015-07-26,2015-07-26 00:00:00,BP,Channel: 50 - Commercial,WHITING IN - BP (PLANT 0453),DIESEL,26774,187419,0,-1,0,-1,-1,-1,0,w7,-1,0,-1,53548.0,206161.0,-1,-1,100,100,-1,-1,-1,w4,1,2015-07-29 00:00:00,-1,-1,-1,-1,0,-1,0,-1,0,-1,100,-1,-1,53548,-1,26774,0,187419,False,False,0,0,0,0,0,0
2015-07-27,2015-07-27 00:00:00,BP,Channel: 50 - Commercial,WHITING IN - BP (PLANT 0453),DIESEL,26774,187419,0,-1,0,-1,-1,-1,0,w7,-1,0,-1,53548.0,206161.0,-1,-1,100,100,-1,-1,-1,w4,1,2015-07-29 00:00:00,-1,-1,-1,-1,0,-1,0,-1,0,-1,100,-1,-1,53548,-1,26774,0,187419,False,False,0,0,0,0,0,0
2015-07-28,2015-07-28 00:00:00,BP,Channel: 50 - Commercial,WHITING IN - BP (PLANT 0453),DIESEL,26774,187419,0,-1,0,-1,-1,-1,0,w7,-1,0,-1,53548.0,206161.0,-1,-1,100,100,-1,-1,-1,w4,1,2015-07-29 00:00:00,-1,-1,-1,-1,0,-1,0,-1,0,-1,100,-1,-1,53548,-1,26774,0,187419,False,False,0,0,0,0,0,0
2015-07-29,2015-07-29 00:00:00,BP,Channel: 50 - Commercial,WHITING IN - BP (PLANT 0453),DIESEL,26774,187419,0,-1,0,-1,-1,-1,0,w7,-1,0,-1,53548.0,206161.0,-1,-1,100,100,-1,-1,-1,w5,1,2015-08-05 00:00:00,-1,-1,-1,-1,0,-1,0,-1,0,-1,100,-1,-1,53548,-1,26774,0,187419,False,True,0,0,0,0,0,0
2015-07-30,2015-07-30 00:00:00,BP,Channel: 50 - Commercial,WHITING IN - BP (PLANT 0453),DIESEL,26774,187419,0,-1,0,-1,-1,-1,0,w7,-1,0,-1,53548.0,206161.0,-1,-1,100,100,-1,-1,-1,w5,1,2015-08-05 00:00:00,-1,-1,-1,-1,0,-1,0,-1,0,-1,100,-1,-1,53548,-1,26774,0,187419,False,False,0,0,0,0,0,0
2015-07-31,2015-07-31 00:00:00,BP,Channel: 50 - Commercial,WHITING IN - BP (PLANT 0453),DIESEL,26774,187419,0,-1,0,-1,-1,-1,0,w7,-1,0,-1,53548.0,206161.0,-1,-1,100,100,-1,-1,-1,w5,1,2015-08-05 00:00:00,-1,-1,-1,-1,0,-1,0,-1,0,-1,100,-1,-1,53548,-1,26774,0,187419,False,False,0,0,0,0,0,0
