,date,supplier_name,account_type,supplier_terminal_name,product_name,base_gallons_Daily,base_gallons_Weekly,lifted_gallons_daily_flag,lifted_gallons_daily_modified,Modified_WeeksByLiftedGallons,lifted_gallons_modified_WeeksByLiftedGallons,lifted_gallons_Daily,Lifted_actual_weekly,lifted_gallons_weekly_flag,WeeksByLiftedGallons,lifted_gallonsWeekly_modified_aposteriori,Modified_LiftedGallonsaposteriori,lifted_gallons_Weekly,beginning_gallons_Daily,beginning_gallons_Weekly,en_allocation_status_Daily,en_allocation_status_Weekly,percentage_allocation_Daily,percentage_allocation_Weekly,alerts_ratability_Daily,alerts_ratability_Weekly,next_refresh_date_Daily,Week_switch,Modified_NRD,next_refresh_date_Weekly,en_account_type_Daily,en_account_type_Weekly,staging_id_Daily,staging_id_Weekly,base_gallons_Monthly,Lifted_actual_monthly,lifted_gallons_monthly_flag,lifted_gallons_Monthly,beginning_gallons_Monthly,en_allocation_status_Monthly,percentage_allocation_Monthly,alerts_ratability_Monthly,next_refresh_date_Monthly,base_gallons_Daily_Reconciled,base_gallons_Monthly_Reconciled,beginning_gallons_Daily_Reconciled,beginning_gallons_Monthly_Reconciled,beginning_gallons_Weekly_Reconciled,sanityWeekly_CumulativeDaily_WeeksByLiftedGallons,sanityWeekly_CumulativeDaily_NextRefreshDate,computedWeekly,sanityComputedWeekly,computedMonthly,sanityComputedMonthly,sanityMonthly_CumulativeDaily_WeeksByLiftedGallons,sanityMonthly_CumulativeDaily_WeeksByNextRefreshDate
2015-07-01,2015-07-01 00:00:00,BP,Channel: 50 - Commercial,CEDAR RAPIDS IA - BUCKEYE (PLANT 9120),DIESEL,41290,289032,3,59298,0,59298,59298,59298,0,w1,59298,0,59298,82580.0,317935.0,Available,Available,200,110,,,07/02 00:00:00 CDT,w1,0,2015-07-08 00:00:00,Contract,Contract,508151,508152,0,0,0,0,0,0,0,0,0,41290,-1,82580,0,317935,True,True,59298,True,0,0,0,0
2015-07-02,2015-07-02 00:00:00,BP,Channel: 50 - Commercial,CEDAR RAPIDS IA - BUCKEYE (PLANT 9120),DIESEL,41290,289032,3,59209,0,44410,44410,103708,0,w1,44410,0,103708,82580.0,317935.0,Available,Available,200,110,,,07/03 00:00:00 CDT,w1,0,2015-07-08 00:00:00,Contract,Contract,528376,528377,0,0,0,0,0,0,0,0,0,41290,-1,82580,0,317935,True,False,118507,True,0,0,0,0
2015-07-03,2015-07-03 00:00:00,BP,Channel: 50 - Commercial,CEDAR RAPIDS IA - BUCKEYE (PLANT 9120),DIESEL,41290,289032,3,14899,1,29698,14899,133406,0,w1,14899,0,133406,82580.0,317935.0,Available,Available,200,110,,,07/04 00:00:00 CDT,w1,0,2015-07-08 00:00:00,Contract,Contract,535994,535995,0,0,0,0,0,0,0,0,0,41290,-1,82580,0,317935,True,True,133406,True,0,0,0,0
2015-07-04,2015-07-04 00:00:00,BP,Channel: 50 - Commercial,CEDAR RAPIDS IA - BUCKEYE (PLANT 9120),DIESEL,41290,289032,3,23398,0,15599,15599,149005,0,w1,15599,0,149005,82580.0,317935.0,Available,Available,200,110,,,07/05 00:00:00 CDT,w1,0,2015-07-08 00:00:00,Contract,Contract,542279,542280,0,0,0,0,0,0,0,0,0,41290,-1,82580,0,317935,True,False,156804,True,0,0,0,0
2015-07-05,2015-07-05 00:00:00,BP,Channel: 50 - Commercial,CEDAR RAPIDS IA - BUCKEYE (PLANT 9120),DIESEL,41290,289032,3,22299,1,15198,7399,164203,0,w1,7399,0,164203,82580.0,317935.0,Available,Available,200,110,,,07/06 00:00:00 CDT,w1,0,2015-07-08 00:00:00,Contract,Contract,548722,548723,0,0,0,0,0,0,0,0,0,41290,-1,82580,0,317935,True,False,179103,True,0,0,0,0
2015-07-06,2015-07-06 00:00:00,BP,Channel: 50 - Commercial,CEDAR RAPIDS IA - BUCKEYE (PLANT 9120),DIESEL,41290,289032,3,14799,1,22300,7400,186503,0,w1,7400,0,186503,82580.0,317935.0,Available,Available,200,110,,,07/07 00:00:00 CDT,w1,0,2015-07-08 00:00:00,Contract,Contract,555038,555039,0,0,0,0,0,0,0,0,0,41290,-1,82580,0,317935,True,False,193902,True,0,0,0,0
2015-07-07,2015-07-07 00:00:00,BP,Channel: 50 - Commercial,CEDAR RAPIDS IA - BUCKEYE (PLANT 9120),DIESEL,41290,289032,0,37101,1,44500,37101,231003,0,w1,37101,0,231003,82580.0,317935.0,Available,Available,200,110,,,07/08 00:00:00 CDT,w1,0,2015-07-08 00:00:00,Contract,Contract,568051,568052,0,0,0,0,0,0,0,0,0,41290,-1,82580,0,317935,True,True,231003,True,0,0,0,0
2015-07-08,2015-07-08 00:00:00,BP,Channel: 50 - Commercial,CEDAR RAPIDS IA - BUCKEYE (PLANT 9120),DIESEL,41290,289032,0,22199,0,22199,22199,22199,0,w2,22199,0,22199,82580.0,317935.0,Available,Available,200,110,,,07/09 00:00:00 CDT,w2,0,2015-07-15 00:00:00,Contract,Contract,578073,578074,0,0,0,0,0,0,0,0,0,41290,-1,82580,0,317935,True,True,0,0,0,0,0,0
2015-07-09,2015-07-09 00:00:00,BP,Channel: 50 - Commercial,CEDAR RAPIDS IA - BUCKEYE (PLANT 9120),DIESEL,41290,289032,4,59198,0,-1,-1,-1,4,w3,-1,0,81397,82580.0,317935.0,-1,-1,100,100,-1,-1,-1,w2,1,2015-07-15 00:00:00,-1,-1,-1,-1,0,-1,0,-1,0,-1,100,-1,-1,82580,-1,41290,0,289032,True,True,0,0,0,0,0,0
2015-07-10,2015-07-10 00:00:00,BP,Channel: 50 - Commercial,CEDAR RAPIDS IA - BUCKEYE (PLANT 9120),DIESEL,41290,289032,3,52161,0,52161,52161,133558,0,w3,52161,0,133558,82580.0,317935.0,Available,Available,200,110,,,07/11 00:00:00 CDT,w2,0,2015-07-15 00:00:00,Contract,Contract,609040,609041,0,0,0,0,0,0,0,0,0,41290,-1,82580,0,317935,False,True,0,0,0,0,0,0
2015-07-11,2015-07-11 00:00:00,BP,Channel: 50 - Commercial,CEDAR RAPIDS IA - BUCKEYE (PLANT 9120),DIESEL,41290,289032,0,22199,0,22199,22199,155757,0,w3,22199,0,155757,82580.0,317935.0,Available,Available,200,110,,,07/12 00:00:00 CDT,w2,0,2015-07-15 00:00:00,Contract,Contract,639280,639281,0,0,0,0,0,0,0,0,0,41290,-1,82580,0,317935,False,True,0,0,0,0,0,0
2015-07-12,2015-07-12 00:00:00,BP,Channel: 50 - Commercial,CEDAR RAPIDS IA - BUCKEYE (PLANT 9120),DIESEL,41290,289032,0,-1,0,-1,-1,-1,0,w4,-1,0,-1,82580.0,317935.0,-1,-1,100,100,-1,-1,-1,w2,1,2015-07-15 00:00:00,-1,-1,-1,-1,0,-1,0,-1,0,-1,100,-1,-1,82580,-1,41290,0,289032,True,False,0,0,0,0,0,0
2015-07-13,2015-07-13 00:00:00,BP,Channel: 50 - Commercial,CEDAR RAPIDS IA - BUCKEYE (PLANT 9120),DIESEL,41290,289032,0,-1,0,-1,-1,-1,0,w4,-1,0,-1,82580.0,317935.0,-1,-1,100,100,-1,-1,-1,w2,1,2015-07-15 00:00:00,-1,-1,-1,-1,0,-1,0,-1,0,-1,100,-1,-1,82580,-1,41290,0,289032,False,False,0,0,0,0,0,0
2015-07-14,2015-07-14 00:00:00,BP,Channel: 50 - Commercial,CEDAR RAPIDS IA - BUCKEYE (PLANT 9120),DIESEL,41290,289032,0,52189,0,52189,52189,282450,0,w4,52189,0,282450,82580.0,317935.0,Available,Available,200,110,,,07/15 00:00:00 CDT,w2,0,2015-07-15 00:00:00,Contract,Contract,731157,731158,0,0,0,0,0,0,0,0,0,41290,-1,82580,0,317935,False,False,0,0,0,0,0,0
2015-07-15,2015-07-15 00:00:00,BP,Channel: 50 - Commercial,CEDAR RAPIDS IA - BUCKEYE (PLANT 9120),DIESEL,41290,289032,3,44497,0,44497,44497,44497,0,w5,44497,0,44497,82580.0,317935.0,Available,Available,200,110,,,07/16 00:00:00 CDT,w3,0,2015-07-22 00:00:00,Contract,Contract,756377,756378,0,0,0,0,0,0,0,0,0,41290,-1,82580,0,317935,True,True,44497,True,0,0,0,0
2015-07-16,2015-07-16 00:00:00,BP,Channel: 50 - Commercial,CEDAR RAPIDS IA - BUCKEYE (PLANT 9120),DIESEL,41290,289032,3,66797,0,66797,66797,111294,0,w5,66797,0,111294,82580.0,317935.0,Available,Available,200,110,,,07/17 00:00:00 CDT,w3,0,2015-07-22 00:00:00,Contract,Contract,789679,789680,0,0,0,0,0,0,0,0,0,41290,-1,82580,0,317935,True,True,111294,True,0,0,0,0
2015-07-17,2015-07-17 00:00:00,BP,Channel: 50 - Commercial,CEDAR RAPIDS IA - BUCKEYE (PLANT 9120),DIESEL,41290,289032,3,59378,0,44678,44678,155972,0,w5,44678,0,155972,82580.0,317935.0,Available,Available,200,110,,,07/18 00:00:00 CDT,w3,0,2015-07-22 00:00:00,Contract,Contract,821703,821704,0,0,0,0,0,0,0,0,0,41290,-1,82580,0,317935,True,False,170672,True,0,0,0,0
2015-07-18,2015-07-18 00:00:00,BP,Channel: 50 - Commercial,CEDAR RAPIDS IA - BUCKEYE (PLANT 9120),DIESEL,41290,289032,3,67798,1,82498,67798,238470,0,w5,67798,0,238470,82580.0,317935.0,Available,Available,200,110,,,07/19 00:00:00 CDT,w3,0,2015-07-22 00:00:00,Contract,Contract,852165,852166,0,0,0,0,0,0,0,0,0,41290,-1,82580,0,317935,True,True,238470,True,0,0,0,0
2015-07-19,2015-07-19 00:00:00,BP,Channel: 50 - Commercial,CEDAR RAPIDS IA - BUCKEYE (PLANT 9120),DIESEL,41290,289032,3,59216,0,59216,59216,297686,0,w5,59216,0,297686,82580.0,317935.0,Available,Available,200,110,,,07/20 00:00:00 CDT,w3,0,2015-07-22 00:00:00,Contract,Contract,883426,883427,0,0,0,0,0,0,0,0,0,41290,-1,82580,0,317935,True,True,297686,True,0,0,0,0
2015-07-20,2015-07-20 00:00:00,BP,Channel: 50 - Commercial,CEDAR RAPIDS IA - BUCKEYE (PLANT 9120),DIESEL,41290,289032,3,29800,0,29800,29800,327486,0,w5,29800,0,327486,82580.0,317935.0,Out,Out,200,110,,,07/21 00:00:00 CDT,w3,0,2015-07-22 00:00:00,Contract,Contract,913792,913793,0,0,0,0,0,0,0,0,0,41290,-1,82580,0,317935,True,True,327486,True,0,0,0,0
2015-07-21,2015-07-21 00:00:00,BP,Channel: 50 - Commercial,CEDAR RAPIDS IA - BUCKEYE (PLANT 9120),DIESEL,41290,289032,0,0,0,0,0,327486,0,w5,0,0,327486,82580.0,317935.0,Out,Out,200,110,,,07/22 00:00:00 CDT,w3,0,2015-07-22 00:00:00,Contract,Contract,934333,934334,0,0,0,0,0,0,0,0,0,41290,-1,82580,0,317935,True,True,327486,True,0,0,0,0
2015-07-22,2015-07-22 00:00:00,BP,Channel: 50 - Commercial,CEDAR RAPIDS IA - BUCKEYE (PLANT 9120),DIESEL,41290,289032,3,0,0,0,0,0,0,w6,0,0,0,82580.0,317935.0,Available,Available,200,110,,,07/23 00:00:00 CDT,w4,0,2015-07-29 00:00:00,Contract,Contract,976409,976410,0,0,0,0,0,0,0,0,0,41290,-1,82580,0,317935,True,True,0,0,0,0,0,0
2015-07-23,2015-07-23 00:00:00,BP,Channel: 50 - Commercial,CEDAR RAPIDS IA - BUCKEYE (PLANT 9120),DIESEL,41290,289032,0,0,0,0,0,0,0,w6,0,0,0,82580.0,317935.0,Available,Available,200,110,,,07/24 00:00:00 CDT,w4,0,2015-07-29 00:00:00,Contract,Contract,994618,994619,0,0,0,0,0,0,0,0,0,41290,-1,82580,0,317935,True,True,0,0,0,0,0,0
2015-07-24,2015-07-24 00:00:00,BP,Channel: 50 - Commercial,CEDAR RAPIDS IA - BUCKEYE (PLANT 9120),DIESEL,41290,289032,0,-1,0,-1,-1,-1,0,w7,-1,0,-1,82580.0,317935.0,-1,-1,100,100,-1,-1,-1,w4,1,2015-07-29 00:00:00,-1,-1,-1,-1,0,-1,0,-1,0,-1,100,-1,-1,82580,-1,41290,0,289032,True,True,0,0,0,0,0,0
2015-07-25,2015-07-25 00:00:00,BP,Channel: 50 - Commercial,CEDAR RAPIDS IA - BUCKEYE (PLANT 9120),DIESEL,41290,289032,0,-1,0,-1,-1,-1,0,w7,-1,0,-1,82580.0,317935.0,-1,-1,100,100,-1,-1,-1,w4,1,2015-07-29 00:00:00,-1,-1,-1,-1,0,-1,0,-1,0,-1,100,-1,-1,82580,-1,41290,0,289032,False,False,0,0,0,0,0,0
2015-07-26,2015-07-26 00:00:00,BP,Channel: 50 - Commercial,CEDAR RAPIDS IA - BUCKEYE (PLANT 9120),DIESEL,41290,289032,0,-1,0,-1,-1,-1,0,w7,-1,0,-1,82580.0,317935.0,-1,-1,100,100,-1,-1,-1,w4,1,2015-07-29 00:00:00,-1,-1,-1,-1,0,-1,0,-1,0,-1,100,-1,-1,82580,-1,41290,0,289032,False,False,0,0,0,0,0,0
2015-07-27,2015-07-27 00:00:00,BP,Channel: 50 - Commercial,CEDAR RAPIDS IA - BUCKEYE (PLANT 9120),DIESEL,41290,289032,0,-1,0,-1,-1,-1,0,w7,-1,0,-1,82580.0,317935.0,-1,-1,100,100,-1,-1,-1,w4,1,2015-07-29 00:00:00,-1,-1,-1,-1,0,-1,0,-1,0,-1,100,-1,-1,82580,-1,41290,0,289032,False,False,0,0,0,0,0,0
2015-07-28,2015-07-28 00:00:00,BP,Channel: 50 - Commercial,CEDAR RAPIDS IA - BUCKEYE (PLANT 9120),DIESEL,41290,289032,0,-1,0,-1,-1,-1,0,w7,-1,0,-1,82580.0,317935.0,-1,-1,100,100,-1,-1,-1,w4,1,2015-07-29 00:00:00,-1,-1,-1,-1,0,-1,0,-1,0,-1,100,-1,-1,82580,-1,41290,0,289032,False,False,0,0,0,0,0,0
2015-07-29,2015-07-29 00:00:00,BP,Channel: 50 - Commercial,CEDAR RAPIDS IA - BUCKEYE (PLANT 9120),DIESEL,41290,289032,0,-1,0,-1,-1,-1,0,w7,-1,0,-1,82580.0,317935.0,-1,-1,100,100,-1,-1,-1,w5,1,2015-08-05 00:00:00,-1,-1,-1,-1,0,-1,0,-1,0,-1,100,-1,-1,82580,-1,41290,0,289032,False,True,0,0,0,0,0,0
2015-07-30,2015-07-30 00:00:00,BP,Channel: 50 - Commercial,CEDAR RAPIDS IA - BUCKEYE (PLANT 9120),DIESEL,41290,289032,0,-1,0,-1,-1,-1,0,w7,-1,0,-1,82580.0,317935.0,-1,-1,100,100,-1,-1,-1,w5,1,2015-08-05 00:00:00,-1,-1,-1,-1,0,-1,0,-1,0,-1,100,-1,-1,82580,-1,41290,0,289032,False,False,0,0,0,0,0,0
2015-07-31,2015-07-31 00:00:00,BP,Channel: 50 - Commercial,CEDAR RAPIDS IA - BUCKEYE (PLANT 9120),DIESEL,41290,289032,0,-1,0,-1,-1,-1,0,w7,-1,0,-1,82580.0,317935.0,-1,-1,100,100,-1,-1,-1,w5,1,2015-08-05 00:00:00,-1,-1,-1,-1,0,-1,0,-1,0,-1,100,-1,-1,82580,-1,41290,0,289032,False,False,0,0,0,0,0,0
