,date,supplier_name,account_type,supplier_terminal_name,product_name,base_gallons_Daily,base_gallons_Weekly,lifted_gallons_daily_flag,lifted_gallons_daily_modified,Modified_WeeksByLiftedGallons,lifted_gallons_modified_WeeksByLiftedGallons,lifted_gallons_Daily,Lifted_actual_weekly,lifted_gallons_weekly_flag,WeeksByLiftedGallons,lifted_gallonsWeekly_modified_aposteriori,Modified_LiftedGallonsaposteriori,lifted_gallons_Weekly,beginning_gallons_Daily,beginning_gallons_Weekly,en_allocation_status_Daily,en_allocation_status_Weekly,percentage_allocation_Daily,percentage_allocation_Weekly,alerts_ratability_Daily,alerts_ratability_Weekly,next_refresh_date_Daily,Week_switch,Modified_NRD,next_refresh_date_Weekly,en_account_type_Daily,en_account_type_Weekly,staging_id_Daily,staging_id_Weekly,base_gallons_Monthly,Lifted_actual_monthly,lifted_gallons_monthly_flag,lifted_gallons_Monthly,beginning_gallons_Monthly,en_allocation_status_Monthly,percentage_allocation_Monthly,alerts_ratability_Monthly,next_refresh_date_Monthly,base_gallons_Daily_Reconciled,base_gallons_Monthly_Reconciled,beginning_gallons_Daily_Reconciled,beginning_gallons_Monthly_Reconciled,beginning_gallons_Weekly_Reconciled,sanityWeekly_CumulativeDaily_WeeksByLiftedGallons,sanityWeekly_CumulativeDaily_NextRefreshDate,computedWeekly,sanityComputedWeekly,computedMonthly,sanityComputedMonthly,sanityMonthly_CumulativeDaily_WeeksByLiftedGallons,sanityMonthly_CumulativeDaily_WeeksByNextRefreshDate
2015-07-01,2015-07-01 00:00:00,BP,Channel: 50 - Commercial,WHITING IN - BP (PLANT 0453),REGULAR,5705,39934,3,17204,0,17204,17204,17204,0,w1,17204,0,17204,11410.0,43927.0,Available,Available,200,110,,,07/02 00:00:00 CDT,w1,0,2015-07-08 00:00:00,Contract,Contract,508178,508179,0,0,0,0,0,0,0,0,0,5705,-1,11410,0,43927,True,True,17204,True,0,0,0,0
2015-07-02,2015-07-02 00:00:00,BP,Channel: 50 - Commercial,WHITING IN - BP (PLANT 0453),REGULAR,5705,39934,3,7508,0,7508,7508,24712,0,w1,7508,0,24712,11410.0,43927.0,Available,Available,200,110,,,07/03 00:00:00 CDT,w1,0,2015-07-08 00:00:00,Contract,Contract,528403,528404,0,0,0,0,0,0,0,0,0,5705,-1,11410,0,43927,True,True,24712,True,0,0,0,0
2015-07-03,2015-07-03 00:00:00,BP,Channel: 50 - Commercial,WHITING IN - BP (PLANT 0453),REGULAR,5705,39934,3,17000,0,8600,8600,33312,0,w1,8600,0,33312,11410.0,43927.0,Available,Available,200,110,,,07/04 00:00:00 CDT,w1,0,2015-07-08 00:00:00,Contract,Contract,536021,536022,0,0,0,0,0,0,0,0,0,5705,-1,11410,0,43927,True,False,41712,True,0,0,0,0
2015-07-04,2015-07-04 00:00:00,BP,Channel: 50 - Commercial,WHITING IN - BP (PLANT 0453),REGULAR,5705,39934,3,0,1,8400,0,41712,0,w1,0,0,41712,11410.0,43927.0,Available,Available,200,110,,,07/05 00:00:00 CDT,w1,0,2015-07-08 00:00:00,Contract,Contract,542309,542310,0,0,0,0,0,0,0,0,0,5705,-1,11410,0,43927,True,True,41712,True,0,0,0,0
2015-07-05,2015-07-05 00:00:00,BP,Channel: 50 - Commercial,WHITING IN - BP (PLANT 0453),REGULAR,5705,39934,3,7501,0,0,0,41712,0,w1,0,0,41712,11410.0,43927.0,Available,Available,200,110,,,07/06 00:00:00 CDT,w1,0,2015-07-08 00:00:00,Contract,Contract,548753,548754,0,0,0,0,0,0,0,0,0,5705,-1,11410,0,43927,True,False,49213,True,0,0,0,0
2015-07-06,2015-07-06 00:00:00,BP,Channel: 50 - Commercial,WHITING IN - BP (PLANT 0453),REGULAR,5705,39934,3,8602,1,7501,0,49213,0,w1,0,0,49213,11410.0,43927.0,Available,Available,200,110,,,07/07 00:00:00 CDT,w1,0,2015-07-08 00:00:00,Contract,Contract,555066,555067,0,0,0,0,0,0,0,0,0,5705,-1,11410,0,43927,True,False,57815,True,0,0,0,0
2015-07-07,2015-07-07 00:00:00,BP,Channel: 50 - Commercial,WHITING IN - BP (PLANT 0453),REGULAR,5705,39934,0,7505,1,16107,7505,65320,0,w1,7505,0,65320,11410.0,43927.0,Available,Available,200,110,,,07/08 00:00:00 CDT,w1,0,2015-07-08 00:00:00,Contract,Contract,568079,568080,0,0,0,0,0,0,0,0,0,5705,-1,11410,0,43927,True,True,65320,True,0,0,0,0
2015-07-08,2015-07-08 00:00:00,BP,Channel: 50 - Commercial,WHITING IN - BP (PLANT 0453),REGULAR,5705,39934,0,5200,0,5200,5200,5200,0,w2,5200,0,5200,11410.0,43927.0,Available,Available,200,110,,,07/09 00:00:00 CDT,w2,0,2015-07-15 00:00:00,Contract,Contract,578101,578102,0,0,0,0,0,0,0,0,0,5705,-1,11410,0,43927,True,True,0,0,0,0,0,0
2015-07-09,2015-07-09 00:00:00,BP,Channel: 50 - Commercial,WHITING IN - BP (PLANT 0453),REGULAR,5705,39934,4,8701,0,-1,-1,-1,4,w3,-1,0,13901,11410.0,43927.0,-1,-1,100,100,-1,-1,-1,w2,1,2015-07-15 00:00:00,-1,-1,-1,-1,0,-1,0,-1,0,-1,100,-1,-1,11410,-1,5705,0,39934,True,True,0,0,0,0,0,0
2015-07-10,2015-07-10 00:00:00,BP,Channel: 50 - Commercial,WHITING IN - BP (PLANT 0453),REGULAR,5705,39934,3,8600,0,8600,8600,22501,0,w3,8600,0,22501,11410.0,43927.0,Available,Available,200,110,,,07/11 00:00:00 CDT,w2,0,2015-07-15 00:00:00,Contract,Contract,609071,609072,0,0,0,0,0,0,0,0,0,5705,-1,11410,0,43927,False,True,0,0,0,0,0,0
2015-07-11,2015-07-11 00:00:00,BP,Channel: 50 - Commercial,WHITING IN - BP (PLANT 0453),REGULAR,5705,39934,0,0,0,0,0,22501,0,w3,0,0,22501,11410.0,43927.0,Available,Available,200,110,,,07/12 00:00:00 CDT,w2,0,2015-07-15 00:00:00,Contract,Contract,639311,639312,0,0,0,0,0,0,0,0,0,5705,-1,11410,0,43927,False,True,0,0,0,0,0,0
2015-07-12,2015-07-12 00:00:00,BP,Channel: 50 - Commercial,WHITING IN - BP (PLANT 0453),REGULAR,5705,39934,0,-1,0,-1,-1,-1,0,w4,-1,0,-1,11410.0,43927.0,-1,-1,100,100,-1,-1,-1,w2,1,2015-07-15 00:00:00,-1,-1,-1,-1,0,-1,0,-1,0,-1,100,-1,-1,11410,-1,5705,0,39934,True,False,0,0,0,0,0,0
2015-07-13,2015-07-13 00:00:00,BP,Channel: 50 - Commercial,WHITING IN - BP (PLANT 0453),REGULAR,5705,39934,0,-1,0,-1,-1,-1,0,w4,-1,0,-1,11410.0,43927.0,-1,-1,100,100,-1,-1,-1,w2,1,2015-07-15 00:00:00,-1,-1,-1,-1,0,-1,0,-1,0,-1,100,-1,-1,11410,-1,5705,0,39934,False,False,0,0,0,0,0,0
2015-07-14,2015-07-14 00:00:00,BP,Channel: 50 - Commercial,WHITING IN - BP (PLANT 0453),REGULAR,5705,39934,0,8006,0,8006,8006,44519,0,w4,8006,0,44519,11410.0,43927.0,Available,Available,200,110,,,07/15 00:00:00 CDT,w2,0,2015-07-15 00:00:00,Contract,Contract,731186,731187,0,0,0,0,0,0,0,0,0,5705,-1,11410,0,43927,False,False,0,0,0,0,0,0
2015-07-15,2015-07-15 00:00:00,BP,Channel: 50 - Commercial,WHITING IN - BP (PLANT 0453),REGULAR,5705,39934,3,7501,0,7501,7501,7501,0,w5,7501,0,7501,11410.0,43927.0,Available,Available,200,110,,,07/16 00:00:00 CDT,w3,0,2015-07-22 00:00:00,Contract,Contract,756404,756405,0,0,0,0,0,0,0,0,0,5705,-1,11410,0,43927,True,True,7501,True,0,0,0,0
2015-07-16,2015-07-16 00:00:00,BP,Channel: 50 - Commercial,WHITING IN - BP (PLANT 0453),REGULAR,5705,39934,3,7501,0,0,0,7501,0,w5,0,0,7501,11410.0,43927.0,Available,Available,200,110,,,07/17 00:00:00 CDT,w3,0,2015-07-22 00:00:00,Contract,Contract,789706,789707,0,0,0,0,0,0,0,0,0,5705,-1,11410,0,43927,True,False,15002,True,0,0,0,0
2015-07-17,2015-07-17 00:00:00,BP,Channel: 50 - Commercial,WHITING IN - BP (PLANT 0453),REGULAR,5705,39934,3,92,1,7593,92,15094,0,w5,92,0,15094,11410.0,43927.0,Available,Available,200,110,,,07/18 00:00:00 CDT,w3,0,2015-07-22 00:00:00,Contract,Contract,821734,821735,0,0,0,0,0,0,0,0,0,5705,-1,11410,0,43927,True,True,15094,True,0,0,0,0
2015-07-18,2015-07-18 00:00:00,BP,Channel: 50 - Commercial,WHITING IN - BP (PLANT 0453),REGULAR,5705,39934,3,0,0,0,0,15094,0,w5,0,0,15094,11410.0,43927.0,Available,Available,200,110,,,07/19 00:00:00 CDT,w3,0,2015-07-22 00:00:00,Contract,Contract,852196,852197,0,0,0,0,0,0,0,0,0,5705,-1,11410,0,43927,True,True,15094,True,0,0,0,0
2015-07-19,2015-07-19 00:00:00,BP,Channel: 50 - Commercial,WHITING IN - BP (PLANT 0453),REGULAR,5705,39934,3,0,0,0,0,15094,0,w5,0,0,15094,11410.0,43927.0,Available,Available,200,110,,,07/20 00:00:00 CDT,w3,0,2015-07-22 00:00:00,Contract,Contract,883457,883458,0,0,0,0,0,0,0,0,0,5705,-1,11410,0,43927,True,True,15094,True,0,0,0,0
2015-07-20,2015-07-20 00:00:00,BP,Channel: 50 - Commercial,WHITING IN - BP (PLANT 0453),REGULAR,5705,39934,3,0,0,0,0,15094,0,w5,0,0,15094,11410.0,43927.0,Available,Available,200,110,,,07/21 00:00:00 CDT,w3,0,2015-07-22 00:00:00,Contract,Contract,913822,913823,0,0,0,0,0,0,0,0,0,5705,-1,11410,0,43927,True,True,15094,True,0,0,0,0
2015-07-21,2015-07-21 00:00:00,BP,Channel: 50 - Commercial,WHITING IN - BP (PLANT 0453),REGULAR,5705,39934,0,7310,0,7310,7310,22404,0,w5,7310,0,22404,11410.0,43927.0,Available,Available,200,110,,,07/22 00:00:00 CDT,w3,0,2015-07-22 00:00:00,Contract,Contract,934363,934364,0,0,0,0,0,0,0,0,0,5705,-1,11410,0,43927,True,True,22404,True,0,0,0,0
2015-07-22,2015-07-22 00:00:00,BP,Channel: 50 - Commercial,WHITING IN - BP (PLANT 0453),REGULAR,5705,39934,3,7505,0,7505,7505,7505,0,w6,7505,0,7505,11410.0,43927.0,Available,Available,200,110,,,07/23 00:00:00 CDT,w4,0,2015-07-29 00:00:00,Contract,Contract,976435,976436,0,0,0,0,0,0,0,0,0,5705,-1,11410,0,43927,True,True,0,0,0,0,0,0
2015-07-23,2015-07-23 00:00:00,BP,Channel: 50 - Commercial,WHITING IN - BP (PLANT 0453),REGULAR,5705,39934,0,6799,0,6799,6799,14304,0,w6,6799,0,14304,11410.0,43927.0,Available,Available,200,110,,,07/24 00:00:00 CDT,w4,0,2015-07-29 00:00:00,Contract,Contract,994644,994645,0,0,0,0,0,0,0,0,0,5705,-1,11410,0,43927,True,True,0,0,0,0,0,0
2015-07-24,2015-07-24 00:00:00,BP,Channel: 50 - Commercial,WHITING IN - BP (PLANT 0453),REGULAR,5705,39934,0,-1,0,-1,-1,-1,0,w7,-1,0,-1,11410.0,43927.0,-1,-1,100,100,-1,-1,-1,w4,1,2015-07-29 00:00:00,-1,-1,-1,-1,0,-1,0,-1,0,-1,100,-1,-1,11410,-1,5705,0,39934,True,False,0,0,0,0,0,0
2015-07-25,2015-07-25 00:00:00,BP,Channel: 50 - Commercial,WHITING IN - BP (PLANT 0453),REGULAR,5705,39934,0,-1,0,-1,-1,-1,0,w7,-1,0,-1,11410.0,43927.0,-1,-1,100,100,-1,-1,-1,w4,1,2015-07-29 00:00:00,-1,-1,-1,-1,0,-1,0,-1,0,-1,100,-1,-1,11410,-1,5705,0,39934,False,False,0,0,0,0,0,0
2015-07-26,2015-07-26 00:00:00,BP,Channel: 50 - Commercial,WHITING IN - BP (PLANT 0453),REGULAR,5705,39934,0,-1,0,-1,-1,-1,0,w7,-1,0,-1,11410.0,43927.0,-1,-1,100,100,-1,-1,-1,w4,1,2015-07-29 00:00:00,-1,-1,-1,-1,0,-1,0,-1,0,-1,100,-1,-1,11410,-1,5705,0,39934,False,False,0,0,0,0,0,0
2015-07-27,2015-07-27 00:00:00,BP,Channel: 50 - Commercial,WHITING IN - BP (PLANT 0453),REGULAR,5705,39934,0,-1,0,-1,-1,-1,0,w7,-1,0,-1,11410.0,43927.0,-1,-1,100,100,-1,-1,-1,w4,1,2015-07-29 00:00:00,-1,-1,-1,-1,0,-1,0,-1,0,-1,100,-1,-1,11410,-1,5705,0,39934,False,False,0,0,0,0,0,0
2015-07-28,2015-07-28 00:00:00,BP,Channel: 50 - Commercial,WHITING IN - BP (PLANT 0453),REGULAR,5705,39934,0,-1,0,-1,-1,-1,0,w7,-1,0,-1,11410.0,43927.0,-1,-1,100,100,-1,-1,-1,w4,1,2015-07-29 00:00:00,-1,-1,-1,-1,0,-1,0,-1,0,-1,100,-1,-1,11410,-1,5705,0,39934,False,False,0,0,0,0,0,0
2015-07-29,2015-07-29 00:00:00,BP,Channel: 50 - Commercial,WHITING IN - BP (PLANT 0453),REGULAR,5705,39934,0,-1,0,-1,-1,-1,0,w7,-1,0,-1,11410.0,43927.0,-1,-1,100,100,-1,-1,-1,w5,1,2015-08-05 00:00:00,-1,-1,-1,-1,0,-1,0,-1,0,-1,100,-1,-1,11410,-1,5705,0,39934,False,True,0,0,0,0,0,0
2015-07-30,2015-07-30 00:00:00,BP,Channel: 50 - Commercial,WHITING IN - BP (PLANT 0453),REGULAR,5705,39934,0,-1,0,-1,-1,-1,0,w7,-1,0,-1,11410.0,43927.0,-1,-1,100,100,-1,-1,-1,w5,1,2015-08-05 00:00:00,-1,-1,-1,-1,0,-1,0,-1,0,-1,100,-1,-1,11410,-1,5705,0,39934,False,False,0,0,0,0,0,0
2015-07-31,2015-07-31 00:00:00,BP,Channel: 50 - Commercial,WHITING IN - BP (PLANT 0453),REGULAR,5705,39934,0,-1,0,-1,-1,-1,0,w7,-1,0,-1,11410.0,43927.0,-1,-1,100,100,-1,-1,-1,w5,1,2015-08-05 00:00:00,-1,-1,-1,-1,0,-1,0,-1,0,-1,100,-1,-1,11410,-1,5705,0,39934,False,False,0,0,0,0,0,0
