,date,supplier_name,account_type,supplier_terminal_name,product_name,base_gallons_Daily,base_gallons_Weekly,lifted_gallons_daily_flag,lifted_gallons_daily_modified,Modified_WeeksByLiftedGallons,lifted_gallons_modified_WeeksByLiftedGallons,lifted_gallons_Daily,Lifted_actual_weekly,lifted_gallons_weekly_flag,WeeksByLiftedGallons,lifted_gallonsWeekly_modified_aposteriori,Modified_LiftedGallonsaposteriori,lifted_gallons_Weekly,beginning_gallons_Daily,beginning_gallons_Weekly,en_allocation_status_Daily,en_allocation_status_Weekly,percentage_allocation_Daily_actual,percentage_allocation_Daily,percentage_allocation_Weekly_actual,percentage_allocation_Weekly,alerts_ratability_Daily,alerts_ratability_Weekly,next_refresh_date_Daily,Week_switch,Modified_NRD,next_refresh_date_Weekly,en_account_type_Daily,en_account_type_Weekly,NRB_Daily,next_refresh_base_gallons_Daily,next_refresh_base_gallons_Weekly,remaining_gallons_Daily,remaining_gallons_Weekly,additional_gallons_allowed_Daily,additional_gallons_allowed_Weekly,additional_gallons_remaining_Daily,additional_gallons_remaining_Weekly,staging_id_Daily,staging_id_Weekly,base_gallons_Monthly,Lifted_actual_monthly,lifted_gallons_monthly_flag,lifted_gallons_Monthly,beginning_gallons_Monthly,en_allocation_status_Monthly,percentage_allocation_Monthly_actual,percentage_allocation_Monthly,alerts_ratability_Monthly,next_refresh_date_Monthly,NRB_Monthly,next_refresh_base_gallons_Monthly,remaining_gallons_Monthly,additional_gallons_allowed_Monthly,additional_gallons_remaining_Monthly,base_gallons_Daily_Reconciled,base_gallons_Monthly_Reconciled,base_gallons_Weekly_Reconciled,beginning_gallons_Daily_Reconciled,beginning_gallons_Monthly_Reconciled,beginning_gallons_Weekly_Reconciled,sanityWeekly_CumulativeDaily_WeeksByLiftedGallons,sanityWeekly_CumulativeDaily_NextRefreshDate,computedWeekly,computedMonthly,sanityComputedMonthly,remaining_gallons_Daily_Reconciled,remaining_gallons_Monthly_Reconciled,remaining_gallons_Weekly_Reconciled,additional_gallons_remaining_Daily_Reconciled,additional_gallons_remaining_Monthly_Reconciled,additional_gallons_remaining_Weekly_Reconciled,sanityMonthly_CumulativeDaily_WeeksByLiftedGallons,sanityMonthly_CumulativeDaily_WeeksByNextRefreshDate
2015-08-01,2015-08-01 00:00:00,BP,Channel: 50 - Commercial,CANTON OH - BUCKEYE (PLANT 9180),REGULAR,27413,191888,0,-1,0,-1,-1,-1,0,w1,-1,0,-1,54826,211077,-1,-1,-1,-1,-1,-1,-1,-1,-1,w1,1,2015-08-05 00:00:00,-1,-1,27413,-1,-1,-1,-1,-1,-1,-1,-1,-1,-1,0,-1,0,-1,0,-1,-1,-1,-1,-1,0,-1,-1,-1,-1,-5482600,0,-21107700,-275,0,-1919,False,False,0,0,0,54827,1,211078,-1,-1,-1,1,1
2015-08-02,2015-08-02 00:00:00,BP,Channel: 50 - Commercial,CANTON OH - BUCKEYE (PLANT 9180),REGULAR,27413,191888,0,-1,0,-1,-1,-1,0,w1,-1,0,-1,54826,211077,-1,-1,-1,-1,-1,-1,-1,-1,-1,w1,1,2015-08-05 00:00:00,-1,-1,27413,-1,-1,-1,-1,-1,-1,-1,-1,-1,-1,0,-1,0,-1,0,-1,-1,-1,-1,-1,0,-1,-1,-1,-1,-5482600,0,-21107700,-275,0,-1919,False,False,0,0,0,54827,1,211078,-1,-1,-1,0,0
2015-08-03,2015-08-03 00:00:00,BP,Channel: 50 - Commercial,CANTON OH - BUCKEYE (PLANT 9180),REGULAR,27413,191888,0,-1,0,-1,-1,-1,0,w1,-1,0,-1,54826,211077,-1,-1,-1,-1,-1,-1,-1,-1,-1,w1,1,2015-08-05 00:00:00,-1,-1,27413,-1,-1,-1,-1,-1,-1,-1,-1,-1,-1,0,-1,0,-1,0,-1,-1,-1,-1,-1,0,-1,-1,-1,-1,-5482600,0,-21107700,-275,0,-1919,False,False,0,0,0,54827,1,211078,-1,-1,-1,0,0
2015-08-04,2015-08-04 00:00:00,BP,Channel: 50 - Commercial,CANTON OH - BUCKEYE (PLANT 9180),REGULAR,27413,191888,0,-1,0,-1,-1,-1,0,w1,-1,0,-1,54826,211077,-1,-1,-1,-1,-1,-1,-1,-1,-1,w1,1,2015-08-05 00:00:00,-1,-1,27413,-1,-1,-1,-1,-1,-1,-1,-1,-1,-1,0,-1,0,-1,0,-1,-1,-1,-1,-1,0,-1,-1,-1,-1,-5482600,0,-21107700,-275,0,-1919,False,False,0,0,0,54827,1,211078,-1,-1,-1,0,0
2015-08-05,2015-08-05 00:00:00,BP,Channel: 50 - Commercial,CANTON OH - BUCKEYE (PLANT 9180),REGULAR,27413,191888,6,44761,0,-1,-1,-1,6,w1,-1,0,44761,54826,211077,-1,-1,-1,-1,-1,-1,-1,-1,-1,w2,1,2015-08-12 00:00:00,-1,-1,27413,-1,-1,-1,-1,-1,-1,-1,-1,-1,-1,0,-1,0,-1,0,-1,-1,-1,-1,-1,0,-1,-1,-1,-1,-5482600,0,-21107700,-275,0,-1919,False,True,44761,0,0,10065,1,166316,-1,-1,-1,0,0
2015-08-06,2015-08-06 00:00:00,BP,Channel: 50 - Commercial,CANTON OH - BUCKEYE (PLANT 9180),REGULAR,27413,191888,0,9784,0,9784,9784,54545,0,w1,9784,0,54545,54826,211077,Available,Available,200%,200,110%,110,-1,-1,08/07 00:00:00 EDT,w2,0,2015-08-12 00:00:00,Contract,Contract,27413,27413,191888,45042,156532,0,0,0,0,1427169,1427170,0,0,0,0,0,0,0,0,0,0,0,0,0,0,0,27400,0,191800,54826,0,211076,False,True,54545,0,0,45042,0,156532,-1,-1,-1,0,0
2015-08-07,2015-08-07 00:00:00,BP,Channel: 50 - Commercial,CANTON OH - BUCKEYE (PLANT 9180),REGULAR,27413,191888,3,40501,1,40501,33800,95046,0,w1,33800,0,95046,54826,211077,Available,Available,200%,200,110%,110,-1,-1,08/08 00:00:00 EDT,w2,0,2015-08-12 00:00:00,Contract,Contract,27413,27413,191888,21026,116031,0,0,0,0,1462894,1462895,0,0,0,0,0,0,0,0,0,0,0,0,0,0,0,27400,0,191800,54826,0,211076,False,True,95046,0,0,14325,0,116031,-1,-1,-1,0,0
2015-08-08,2015-08-08 00:00:00,BP,Channel: 50 - Commercial,CANTON OH - BUCKEYE (PLANT 9180),REGULAR,27413,191888,0,16010,0,16010,16010,111056,0,w1,16010,0,111056,54826,211077,Available,Available,200%,200,110%,110,-1,-1,08/09 00:00:00 EDT,w2,0,2015-08-12 00:00:00,Contract,Contract,27413,27413,191888,38816,100021,0,0,0,0,1497181,1497182,0,0,0,0,0,0,0,0,0,0,0,0,0,0,0,27400,0,191800,54826,0,211076,False,True,111056,0,0,38816,0,100021,-1,-1,-1,0,0
2015-08-09,2015-08-09 00:00:00,BP,Channel: 50 - Commercial,CANTON OH - BUCKEYE (PLANT 9180),REGULAR,27413,191888,0,16802,0,16802,16802,127858,0,w1,16802,0,127858,54826,211077,Available,Available,200%,200,110%,110,-1,-1,08/10 00:00:00 EDT,w2,0,2015-08-12 00:00:00,Contract,Contract,27413,27413,191888,38024,83219,0,0,0,0,1531121,1531122,0,0,0,0,0,0,0,0,0,0,0,0,0,0,0,27400,0,191800,54826,0,211076,False,True,127858,0,0,38024,0,83219,-1,-1,-1,0,0
2015-08-10,2015-08-10 00:00:00,BP,Channel: 50 - Commercial,CANTON OH - BUCKEYE (PLANT 9180),REGULAR,27413,191888,0,48795,0,48795,48795,176653,0,w1,48795,0,176653,54826,211077,Available,Available,200%,200,110%,110,-1,-1,08/11 00:00:00 EDT,w2,0,2015-08-12 00:00:00,Contract,Contract,27413,27413,191888,6031,34424,8000,8000,8000,8000,1564228,1564229,0,0,0,0,0,0,0,0,0,0,0,0,0,0,0,27400,0,191800,54826,0,211076,False,True,176653,0,0,6031,0,34424,-1,-1,-1,0,0
2015-08-11,2015-08-11 00:00:00,BP,Channel: 50 - Commercial,CANTON OH - BUCKEYE (PLANT 9180),REGULAR,27413,191888,0,16801,0,16801,16801,193454,0,w1,16801,0,193454,54826,211077,Available,Available,200%,200,110%,110,-1,-1,08/12 00:00:00 EDT,w2,0,2015-08-12 00:00:00,Contract,Contract,27413,27413,191888,38025,17623,8000,8000,8000,8000,1586361,1586362,0,0,0,0,0,0,0,0,0,0,0,0,0,0,0,27400,0,191800,54826,0,211076,False,True,193454,0,0,38025,0,17623,-1,-1,-1,0,0
2015-08-12,2015-08-12 00:00:00,BP,Channel: 50 - Commercial,CANTON OH - BUCKEYE (PLANT 9180),REGULAR,27413,191888,0,0,0,0,0,0,0,w2,0,0,0,54826,211077,Available,Available,200%,200,110%,110,-1,-1,08/13 00:00:00 EDT,w3,0,2015-08-19 00:00:00,Contract,Contract,27413,27413,191888,54826,211077,0,0,0,0,1636467,1636468,0,0,0,0,0,0,0,0,0,0,0,0,0,0,0,27400,0,191800,54826,0,211076,True,True,0,0,0,54826,0,211077,-1,-1,-1,0,0
2015-08-13,2015-08-13 00:00:00,BP,Channel: 50 - Commercial,CANTON OH - BUCKEYE (PLANT 9180),REGULAR,27413,191888,0,0,0,0,0,0,0,w2,0,0,0,54826,211077,Available,Available,200%,200,110%,110,-1,-1,08/14 00:00:00 EDT,w3,0,2015-08-19 00:00:00,Contract,Contract,27413,27413,191888,54826,211077,0,0,0,0,1676397,1676398,0,0,0,0,0,0,0,0,0,0,0,0,0,0,0,27400,0,191800,54826,0,211076,True,True,0,0,0,54826,0,211077,-1,-1,-1,0,0
2015-08-14,2015-08-14 00:00:00,BP,Channel: 50 - Commercial,CANTON OH - BUCKEYE (PLANT 9180),REGULAR,27413,191888,0,24896,0,24896,24896,24896,0,w2,24896,0,24896,54826,211077,Available,Available,200%,200,110%,110,-1,-1,08/15 00:00:00 EDT,w3,0,2015-08-19 00:00:00,Contract,Contract,27413,27413,191888,29930,186181,0,0,0,0,1716010,1716011,0,0,0,0,0,0,0,0,0,0,0,0,0,0,0,27400,0,191800,54826,0,211076,True,True,24896,0,0,29930,0,186181,-1,-1,-1,0,0
2015-08-15,2015-08-15 00:00:00,BP,Channel: 50 - Commercial,CANTON OH - BUCKEYE (PLANT 9180),REGULAR,27413,191888,0,20811,0,20811,20811,45707,0,w2,20811,0,45707,54826,211077,Available,Available,200%,200,110%,110,-1,-1,08/16 00:00:00 EDT,w3,0,2015-08-19 00:00:00,Contract,Contract,27413,27413,191888,34015,165370,0,0,0,0,1752174,1752175,0,0,0,0,0,0,0,0,0,0,0,0,0,0,0,27400,0,191800,54826,0,211076,True,True,45707,0,0,34015,0,165370,-1,-1,-1,0,0
2015-08-16,2015-08-16 00:00:00,BP,Channel: 50 - Commercial,CANTON OH - BUCKEYE (PLANT 9180),REGULAR,27413,191888,0,16996,0,16996,16996,62703,0,w2,16996,0,62703,54826,211077,Available,Available,200%,200,110%,110,-1,-1,08/17 00:00:00 EDT,w3,0,2015-08-19 00:00:00,Contract,Contract,27413,27413,191888,37830,148374,0,0,0,0,1790126,1790127,0,0,0,0,0,0,0,0,0,0,0,0,0,0,0,27400,0,191800,54826,0,211076,True,True,62703,0,0,37830,0,148374,-1,-1,-1,0,0
2015-08-17,2015-08-17 00:00:00,BP,Channel: 50 - Commercial,CANTON OH - BUCKEYE (PLANT 9180),REGULAR,27413,191888,0,39229,0,39229,39229,101932,0,w2,39229,0,101932,54826,211077,Available,Available,200%,200,110%,110,-1,-1,08/18 00:00:00 EDT,w3,0,2015-08-19 00:00:00,Contract,Contract,27413,27413,191888,15597,109145,0,0,0,0,1831133,1831134,0,0,0,0,0,0,0,0,0,0,0,0,0,0,0,27400,0,191800,54826,0,211076,True,True,101932,0,0,15597,0,109145,-1,-1,-1,0,0
2015-08-18,2015-08-18 00:00:00,BP,Channel: 50 - Commercial,CANTON OH - BUCKEYE (PLANT 9180),REGULAR,27413,191888,0,29218,0,29218,29218,131150,0,w2,29218,0,131150,54826,211077,Available,Available,200%,200,110%,110,-1,-1,08/19 00:00:00 EDT,w3,0,2015-08-19 00:00:00,Contract,Contract,27413,27413,191888,25608,79927,0,0,0,0,1869527,1869528,0,0,0,0,0,0,0,0,0,0,0,0,0,0,0,27400,0,191800,54826,0,211076,True,True,131150,0,0,25608,0,79927,-1,-1,-1,0,0
2015-08-19,2015-08-19 00:00:00,BP,Channel: 50 - Commercial,CANTON OH - BUCKEYE (PLANT 9180),REGULAR,27413,191888,0,0,0,0,0,0,0,w3,0,0,0,54826,211077,Available,Available,200%,200,110%,110,-1,-1,08/20 00:00:00 EDT,w4,0,2015-08-26 00:00:00,Contract,Contract,27413,27413,191888,54826,211077,0,0,0,0,1902030,1902031,0,0,0,0,0,0,0,0,0,0,0,0,0,0,0,27400,0,191800,54826,0,211076,True,True,0,0,0,54826,0,211077,-1,-1,-1,0,0
2015-08-20,2015-08-20 00:00:00,BP,Channel: 50 - Commercial,CANTON OH - BUCKEYE (PLANT 9180),REGULAR,27413,191888,0,0,0,0,0,0,0,w3,0,0,0,54826,211077,Available,Available,200%,200,110%,110,-1,-1,08/21 00:00:00 EDT,w4,0,2015-08-26 00:00:00,Contract,Contract,27413,27413,191888,54826,211077,0,0,0,0,1944633,1944634,0,0,0,0,0,0,0,0,0,0,0,0,0,0,0,27400,0,191800,54826,0,211076,True,True,0,0,0,54826,0,211077,-1,-1,-1,0,0
2015-08-21,2015-08-21 00:00:00,BP,Channel: 50 - Commercial,CANTON OH - BUCKEYE (PLANT 9180),REGULAR,27413,191888,0,39717,0,39717,39717,39717,0,w3,39717,0,39717,54826,211077,Available,Available,200%,200,110%,110,-1,-1,08/22 00:00:00 EDT,w4,0,2015-08-26 00:00:00,Contract,Contract,27413,27413,191888,15109,171360,0,0,0,0,1983476,1983477,0,0,0,0,0,0,0,0,0,0,0,0,0,0,0,27400,0,191800,54826,0,211076,True,True,39717,0,0,15109,0,171360,-1,-1,-1,0,0
2015-08-22,2015-08-22 00:00:00,BP,Channel: 50 - Commercial,CANTON OH - BUCKEYE (PLANT 9180),REGULAR,27413,191888,0,32812,0,32812,32812,72529,0,w3,32812,0,72529,54826,211077,Available,Available,200%,200,110%,110,-1,-1,08/23 00:00:00 EDT,w4,0,2015-08-26 00:00:00,Contract,Contract,27413,27413,191888,22014,138548,0,0,0,0,2021363,2021364,0,0,0,0,0,0,0,0,0,0,0,0,0,0,0,27400,0,191800,54826,0,211076,True,True,72529,0,0,22014,0,138548,-1,-1,-1,0,0
2015-08-23,2015-08-23 00:00:00,BP,Channel: 50 - Commercial,CANTON OH - BUCKEYE (PLANT 9180),REGULAR,27413,191888,0,0,0,0,0,72529,0,w3,0,0,72529,54826,211077,Available,Available,200%,200,110%,110,-1,-1,08/24 00:00:00 EDT,w4,0,2015-08-26 00:00:00,Contract,Contract,27413,27413,191888,54826,138548,0,0,0,0,2057398,2057399,0,0,0,0,0,0,0,0,0,0,0,0,0,0,0,27400,0,191800,54826,0,211076,True,True,72529,0,0,54826,0,138548,-1,-1,-1,0,0
2015-08-24,2015-08-24 00:00:00,BP,Channel: 50 - Commercial,CANTON OH - BUCKEYE (PLANT 9180),REGULAR,27413,191888,0,51863,0,51863,51863,124392,0,w3,51863,0,124392,54826,211077,Available,Available,200%,200,110%,110,-1,-1,08/25 00:00:00 EDT,w4,0,2015-08-26 00:00:00,Contract,Contract,27413,27413,191888,2963,86685,0,0,0,0,2095031,2095032,0,0,0,0,0,0,0,0,0,0,0,0,0,0,0,27400,0,191800,54826,0,211076,True,True,124392,0,0,2963,0,86685,-1,-1,-1,0,0
2015-08-25,2015-08-25 00:00:00,BP,Channel: 50 - Commercial,CANTON OH - BUCKEYE (PLANT 9180),REGULAR,27413,191888,0,32517,0,32517,32517,156909,0,w3,32517,0,156909,54826,211077,Available,Available,200%,200,110%,110,-1,-1,08/26 00:00:00 EDT,w4,0,2015-08-26 00:00:00,Contract,Contract,27413,27413,191888,22309,54168,0,0,0,0,2126157,2126158,0,0,0,0,0,0,0,0,0,0,0,0,0,0,0,27400,0,191800,54826,0,211076,True,True,156909,0,0,22309,0,54168,-1,-1,-1,0,0
2015-08-26,2015-08-26 00:00:00,BP,Channel: 50 - Commercial,CANTON OH - BUCKEYE (PLANT 9180),REGULAR,27413,191888,0,23826,0,23826,23826,23826,0,w4,23826,0,23826,54826,211077,Available,Available,200%,200,110%,110,-1,-1,08/27 00:00:00 EDT,w5,0,2015-09-02 00:00:00,Contract,Contract,27413,27413,198077,31000,187251,0,0,0,0,2153744,2153745,0,0,0,0,0,0,0,0,0,0,0,0,0,0,0,27400,0,191800,54826,0,211076,True,True,23826,0,0,31000,0,187251,-1,-1,-1,0,0
2015-08-27,2015-08-27 00:00:00,BP,Channel: 50 - Commercial,CANTON OH - BUCKEYE (PLANT 9180),REGULAR,27413,191888,0,59126,0,59126,59126,82952,0,w4,59126,0,82952,54826,211077,Available,Available,200%,200,110%,110,-1,-1,08/28 00:00:00 EDT,w5,0,2015-09-02 00:00:00,Contract,Contract,27413,27413,198077,0,132425,8000,8000,3700,3700,2180953,2180954,0,0,0,0,0,0,0,0,0,0,0,0,0,0,0,27400,0,191800,54826,0,211076,True,True,82952,0,0,-4300,0,128125,8000,-1,-1,0,0
2015-08-28,2015-08-28 00:00:00,BP,Channel: 50 - Commercial,CANTON OH - BUCKEYE (PLANT 9180),REGULAR,27413,191888,0,46319,0,46319,46319,129271,0,w4,46319,0,129271,54826,211077,Available,Available,200%,200,110%,110,-1,-1,08/29 00:00:00 EDT,w5,0,2015-09-02 00:00:00,Contract,Contract,27413,27413,198077,8507,86106,8000,8000,3700,3700,2211891,2211892,0,0,0,0,0,0,0,0,0,0,0,0,0,0,0,27400,0,191800,54826,0,211076,True,True,129271,0,0,8507,0,81806,-1,-1,-1,0,0
2015-08-29,2015-08-29 00:00:00,BP,Channel: 50 - Commercial,CANTON OH - BUCKEYE (PLANT 9180),REGULAR,27413,191888,0,15802,0,15802,15802,145073,0,w4,15802,0,145073,54826,211077,Available,Available,200%,200,110%,110,-1,-1,08/30 00:00:00 EDT,w5,0,2015-09-02 00:00:00,Contract,Contract,27413,27413,198077,39024,70304,8000,8000,3700,3700,2239040,2239041,0,0,0,0,0,0,0,0,0,0,0,0,0,0,0,27400,0,191800,54826,0,211076,True,True,145073,0,0,39024,0,66004,-1,-1,-1,0,0
2015-08-30,2015-08-30 00:00:00,BP,Channel: 50 - Commercial,CANTON OH - BUCKEYE (PLANT 9180),REGULAR,27413,191888,0,17806,0,17806,17806,162879,0,w4,17806,0,162879,54826,211077,Available,Available,200%,200,110%,110,-1,-1,08/31 00:00:00 EDT,w5,0,2015-09-02 00:00:00,Contract,Contract,27413,27413,198077,37020,52498,8000,8000,3700,3700,2265437,2265438,0,0,0,0,0,0,0,0,0,0,0,0,0,0,0,27400,0,191800,54826,0,211076,True,True,162879,0,0,37020,0,48198,-1,-1,-1,0,0
2015-08-31,2015-08-31 00:00:00,BP,Channel: 50 - Commercial,CANTON OH - BUCKEYE (PLANT 9180),REGULAR,27413,191888,0,25200,0,25200,25200,188079,0,w4,25200,0,188079,54826,211077,Available,Available,200%,200,110%,110,-1,-1,09/01 00:00:00 EDT,w5,0,2015-09-02 00:00:00,Contract,Contract,27413,27413,198077,29626,27298,8000,8000,3700,3700,2291600,2291601,0,0,0,0,0,0,0,0,0,0,0,0,0,0,0,27400,0,191800,54826,0,211076,True,True,188079,0,0,29626,0,22998,-1,-1,-1,0,0
