,date,supplier_name,account_type,supplier_terminal_name,product_name,base_gallons_Daily,base_gallons_Weekly,lifted_gallons_daily_flag,lifted_gallons_daily_modified,Modified_WeeksByLiftedGallons,lifted_gallons_modified_WeeksByLiftedGallons,lifted_gallons_Daily,Lifted_actual_weekly,lifted_gallons_weekly_flag,WeeksByLiftedGallons,lifted_gallonsWeekly_modified_aposteriori,Modified_LiftedGallonsaposteriori,lifted_gallons_Weekly,beginning_gallons_Daily,beginning_gallons_Weekly,en_allocation_status_Daily,en_allocation_status_Weekly,percentage_allocation_Daily_actual,percentage_allocation_Daily,percentage_allocation_Weekly_actual,percentage_allocation_Weekly,alerts_ratability_Daily,alerts_ratability_Weekly,next_refresh_date_Daily,Week_switch,Modified_NRD,next_refresh_date_Weekly,en_account_type_Daily,en_account_type_Weekly,NRB_Daily,next_refresh_base_gallons_Daily,next_refresh_base_gallons_Weekly,remaining_gallons_Daily,remaining_gallons_Weekly,additional_gallons_allowed_Daily,additional_gallons_allowed_Weekly,additional_gallons_remaining_Daily,additional_gallons_remaining_Weekly,staging_id_Daily,staging_id_Weekly,base_gallons_Monthly,Lifted_actual_monthly,lifted_gallons_monthly_flag,lifted_gallons_Monthly,beginning_gallons_Monthly,en_allocation_status_Monthly,percentage_allocation_Monthly_actual,percentage_allocation_Monthly,alerts_ratability_Monthly,next_refresh_date_Monthly,NRB_Monthly,next_refresh_base_gallons_Monthly,remaining_gallons_Monthly,additional_gallons_allowed_Monthly,additional_gallons_remaining_Monthly,base_gallons_Daily_Reconciled,base_gallons_Monthly_Reconciled,base_gallons_Weekly_Reconciled,beginning_gallons_Daily_Reconciled,beginning_gallons_Monthly_Reconciled,beginning_gallons_Weekly_Reconciled,sanityWeekly_CumulativeDaily_WeeksByLiftedGallons,sanityWeekly_CumulativeDaily_NextRefreshDate,computedWeekly,computedMonthly,sanityComputedMonthly,remaining_gallons_Daily_Reconciled,remaining_gallons_Monthly_Reconciled,remaining_gallons_Weekly_Reconciled,additional_gallons_remaining_Daily_Reconciled,additional_gallons_remaining_Monthly_Reconciled,additional_gallons_remaining_Weekly_Reconciled,sanityMonthly_CumulativeDaily_WeeksByLiftedGallons,sanityMonthly_CumulativeDaily_WeeksByNextRefreshDate
2015-08-01,2015-08-01 00:00:00,BP,Channel: 50 - Commercial,CANTON OH - BUCKEYE (PLANT 9180),PREMIUM,-1,11338,0,-1,0,-1,-1,-1,0,w1,-1,0,-1,-1,12472,-1,-1,-1,100,-1,-1,-1,-1,-1,w1,1,2015-08-05 00:00:00,-1,-1,-1,-1,-1,-1,-1,-1,-1,-1,-1,-1,-1,0,-1,0,-1,0,-1,-1,-1,-1,-1,0,-1,-1,-1,-1,-1,0,-1247200,-1,0,-114,False,False,0,0,0,-1,1,12473,-1,-1,-1,1,1
2015-08-02,2015-08-02 00:00:00,BP,Channel: 50 - Commercial,CANTON OH - BUCKEYE (PLANT 9180),PREMIUM,-1,11338,0,-1,0,-1,-1,-1,0,w1,-1,0,-1,-1,12472,-1,-1,-1,100,-1,-1,-1,-1,-1,w1,1,2015-08-05 00:00:00,-1,-1,-1,-1,-1,-1,-1,-1,-1,-1,-1,-1,-1,0,-1,0,-1,0,-1,-1,-1,-1,-1,0,-1,-1,-1,-1,-1,0,-1247200,-1,0,-114,False,False,0,0,0,-1,1,12473,-1,-1,-1,0,0
2015-08-03,2015-08-03 00:00:00,BP,Channel: 50 - Commercial,CANTON OH - BUCKEYE (PLANT 9180),PREMIUM,-1,11338,0,-1,0,-1,-1,-1,0,w1,-1,0,-1,-1,12472,-1,-1,-1,100,-1,-1,-1,-1,-1,w1,1,2015-08-05 00:00:00,-1,-1,-1,-1,-1,-1,-1,-1,-1,-1,-1,-1,-1,0,-1,0,-1,0,-1,-1,-1,-1,-1,0,-1,-1,-1,-1,-1,0,-1247200,-1,0,-114,False,False,0,0,0,-1,1,12473,-1,-1,-1,0,0
2015-08-04,2015-08-04 00:00:00,BP,Channel: 50 - Commercial,CANTON OH - BUCKEYE (PLANT 9180),PREMIUM,-1,11338,0,-1,0,-1,-1,-1,0,w1,-1,0,-1,-1,12472,-1,-1,-1,100,-1,-1,-1,-1,-1,w1,1,2015-08-05 00:00:00,-1,-1,-1,-1,-1,-1,-1,-1,-1,-1,-1,-1,-1,0,-1,0,-1,0,-1,-1,-1,-1,-1,0,-1,-1,-1,-1,-1,0,-1247200,-1,0,-114,False,False,0,0,0,-1,1,12473,-1,-1,-1,0,0
2015-08-05,2015-08-05 00:00:00,BP,Channel: 50 - Commercial,CANTON OH - BUCKEYE (PLANT 9180),PREMIUM,-1,11338,0,-1,0,-1,-1,-1,0,w1,-1,0,-1,-1,12472,-1,-1,-1,100,-1,-1,-1,-1,-1,w2,1,2015-08-12 00:00:00,-1,-1,-1,-1,-1,-1,-1,-1,-1,-1,-1,-1,-1,0,-1,0,-1,0,-1,-1,-1,-1,-1,0,-1,-1,-1,-1,-1,0,-1247200,-1,0,-114,False,True,0,0,0,-1,1,12473,-1,-1,-1,0,0
2015-08-06,2015-08-06 00:00:00,BP,Channel: 50 - Commercial,CANTON OH - BUCKEYE (PLANT 9180),PREMIUM,-1,11338,0,-1,0,-1,-1,10523,0,w1,-1,0,10523,-1,12472,-1,Available,-1,100,110%,110,-1,-1,-1,w2,0,2015-08-12 00:00:00,-1,Contract,-1,-1,11338,-1,1949,-1,8000,-1,8000,-1,1427168,0,0,0,0,0,0,0,0,0,0,0,0,0,0,0,-1,0,11300,-1,0,12471,False,False,0,0,0,-1,0,1949,-1,-1,-1,0,0
2015-08-07,2015-08-07 00:00:00,BP,Channel: 50 - Commercial,CANTON OH - BUCKEYE (PLANT 9180),PREMIUM,-1,11338,3,2898,1,2898,-1,13421,0,w1,-1,0,13421,-1,12472,-1,Available,-1,100,110%,110,-1,-1,-1,w2,0,2015-08-12 00:00:00,-1,Contract,-1,-1,11338,-1,0,-1,8000,-1,7050,-1,1462893,0,0,0,0,0,0,0,0,0,0,0,0,0,0,0,-1,0,11300,-1,0,12471,False,False,0,0,0,-1,0,-949,-1,-1,8000,0,0
2015-08-08,2015-08-08 00:00:00,BP,Channel: 50 - Commercial,CANTON OH - BUCKEYE (PLANT 9180),PREMIUM,-1,11338,3,1299,1,1299,-1,14720,0,w1,-1,0,14720,-1,12472,-1,Available,-1,100,110%,110,-1,-1,-1,w2,0,2015-08-12 00:00:00,-1,Contract,-1,-1,11338,-1,0,-1,8000,-1,5751,-1,1497180,0,0,0,0,0,0,0,0,0,0,0,0,0,0,0,-1,0,11300,-1,0,12471,False,False,0,0,0,-1,0,-2248,-1,-1,8000,0,0
2015-08-09,2015-08-09 00:00:00,BP,Channel: 50 - Commercial,CANTON OH - BUCKEYE (PLANT 9180),PREMIUM,-1,11338,3,1203,1,1203,-1,15923,0,w1,-1,0,15923,-1,12472,-1,Available,-1,100,110%,110,-1,-1,-1,w2,0,2015-08-12 00:00:00,-1,Contract,-1,-1,11338,-1,0,-1,8000,-1,4548,-1,1531120,0,0,0,0,0,0,0,0,0,0,0,0,0,0,0,-1,0,11300,-1,0,12471,False,False,0,0,0,-1,0,-3451,-1,-1,8000,0,0
2015-08-10,2015-08-10 00:00:00,BP,Channel: 50 - Commercial,CANTON OH - BUCKEYE (PLANT 9180),PREMIUM,-1,11338,3,2201,1,2201,-1,18124,0,w1,-1,0,18124,-1,12472,-1,Available,-1,100,110%,110,-1,-1,-1,w2,0,2015-08-12 00:00:00,-1,Contract,-1,-1,11338,-1,0,-1,8000,-1,2347,-1,1564227,0,0,0,0,0,0,0,0,0,0,0,0,0,0,0,-1,0,11300,-1,0,12471,False,False,0,0,0,-1,0,-5652,-1,-1,8000,0,0
2015-08-11,2015-08-11 00:00:00,BP,Channel: 50 - Commercial,CANTON OH - BUCKEYE (PLANT 9180),PREMIUM,-1,11338,3,0,1,0,-1,18124,0,w1,-1,0,18124,-1,12472,-1,Available,-1,100,110%,110,-1,-1,-1,w2,0,2015-08-12 00:00:00,-1,Contract,-1,-1,11338,-1,0,-1,8000,-1,2347,-1,1586360,0,0,0,0,0,0,0,0,0,0,0,0,0,0,0,-1,0,11300,-1,0,12471,False,False,0,0,0,-1,0,-5652,-1,-1,8000,0,0
2015-08-12,2015-08-12 00:00:00,BP,Channel: 50 - Commercial,CANTON OH - BUCKEYE (PLANT 9180),PREMIUM,-1,11338,3,0,1,0,-1,0,0,w2,-1,0,0,-1,12472,-1,Available,-1,100,110%,110,-1,-1,-1,w3,0,2015-08-19 00:00:00,-1,Contract,-1,-1,11338,-1,12472,-1,0,-1,0,-1,1636466,0,0,0,0,0,0,0,0,0,0,0,0,0,0,0,-1,0,11300,-1,0,12471,True,True,0,0,0,-1,0,12472,-1,-1,-1,0,0
2015-08-13,2015-08-13 00:00:00,BP,Channel: 50 - Commercial,CANTON OH - BUCKEYE (PLANT 9180),PREMIUM,-1,11338,3,0,1,0,-1,0,0,w2,-1,0,0,-1,12472,-1,Available,-1,100,110%,110,-1,-1,-1,w3,0,2015-08-19 00:00:00,-1,Contract,-1,-1,11338,-1,12472,-1,0,-1,0,-1,1676396,0,0,0,0,0,0,0,0,0,0,0,0,0,0,0,-1,0,11300,-1,0,12471,True,True,0,0,0,-1,0,12472,-1,-1,-1,0,0
2015-08-14,2015-08-14 00:00:00,BP,Channel: 50 - Commercial,CANTON OH - BUCKEYE (PLANT 9180),PREMIUM,-1,11338,3,1200,1,1200,-1,1200,0,w2,-1,0,1200,-1,12472,-1,Available,-1,100,110%,110,-1,-1,-1,w3,0,2015-08-19 00:00:00,-1,Contract,-1,-1,11338,-1,11272,-1,0,-1,0,-1,1716009,0,0,0,0,0,0,0,0,0,0,0,0,0,0,0,-1,0,11300,-1,0,12471,True,True,1200,0,0,-1,0,11272,-1,-1,-1,0,0
2015-08-15,2015-08-15 00:00:00,BP,Channel: 50 - Commercial,CANTON OH - BUCKEYE (PLANT 9180),PREMIUM,-1,11338,3,2600,1,2600,-1,3800,0,w2,-1,0,3800,-1,12472,-1,Available,-1,100,110%,110,-1,-1,-1,w3,0,2015-08-19 00:00:00,-1,Contract,-1,-1,11338,-1,8672,-1,0,-1,0,-1,1752173,0,0,0,0,0,0,0,0,0,0,0,0,0,0,0,-1,0,11300,-1,0,12471,True,True,3800,0,0,-1,0,8672,-1,-1,-1,0,0
2015-08-16,2015-08-16 00:00:00,BP,Channel: 50 - Commercial,CANTON OH - BUCKEYE (PLANT 9180),PREMIUM,-1,11338,3,1005,1,1005,-1,4805,0,w2,-1,0,4805,-1,12472,-1,Available,-1,100,110%,110,-1,-1,-1,w3,0,2015-08-19 00:00:00,-1,Contract,-1,-1,11338,-1,7667,-1,0,-1,0,-1,1790125,0,0,0,0,0,0,0,0,0,0,0,0,0,0,0,-1,0,11300,-1,0,12471,True,True,4805,0,0,-1,0,7667,-1,-1,-1,0,0
2015-08-17,2015-08-17 00:00:00,BP,Channel: 50 - Commercial,CANTON OH - BUCKEYE (PLANT 9180),PREMIUM,-1,11338,3,4111,1,4111,-1,8916,0,w2,-1,0,8916,-1,12472,-1,Available,-1,100,110%,110,-1,-1,-1,w3,0,2015-08-19 00:00:00,-1,Contract,-1,-1,11338,-1,3556,-1,0,-1,0,-1,1831132,0,0,0,0,0,0,0,0,0,0,0,0,0,0,0,-1,0,11300,-1,0,12471,True,True,8916,0,0,-1,0,3556,-1,-1,-1,0,0
2015-08-18,2015-08-18 00:00:00,BP,Channel: 50 - Commercial,CANTON OH - BUCKEYE (PLANT 9180),PREMIUM,-1,11338,3,4502,1,4502,-1,13418,0,w2,-1,0,13418,-1,12472,-1,Out,-1,100,110%,110,-1,-1,-1,w3,0,2015-08-19 00:00:00,-1,Contract,-1,-1,11338,-1,-946,-1,0,-1,0,-1,1869526,0,0,0,0,0,0,0,0,0,0,0,0,0,0,0,-1,0,11300,-1,0,12471,True,True,13418,0,0,-1,0,-946,-1,-1,-1,0,0
2015-08-19,2015-08-19 00:00:00,BP,Channel: 50 - Commercial,CANTON OH - BUCKEYE (PLANT 9180),PREMIUM,-1,11338,3,0,1,0,-1,0,0,w3,-1,0,0,-1,12472,-1,Available,-1,100,110%,110,-1,-1,-1,w4,0,2015-08-26 00:00:00,-1,Contract,-1,-1,11338,-1,12472,-1,0,-1,0,-1,1902029,0,0,0,0,0,0,0,0,0,0,0,0,0,0,0,-1,0,11300,-1,0,12471,True,True,0,0,0,-1,0,12472,-1,-1,-1,0,0
2015-08-20,2015-08-20 00:00:00,BP,Channel: 50 - Commercial,CANTON OH - BUCKEYE (PLANT 9180),PREMIUM,-1,11338,3,0,1,0,-1,0,0,w3,-1,0,0,-1,12472,-1,Available,-1,100,110%,110,-1,-1,-1,w4,0,2015-08-26 00:00:00,-1,Contract,-1,-1,11338,-1,12472,-1,0,-1,0,-1,1944632,0,0,0,0,0,0,0,0,0,0,0,0,0,0,0,-1,0,11300,-1,0,12471,True,True,0,0,0,-1,0,12472,-1,-1,-1,0,0
2015-08-21,2015-08-21 00:00:00,BP,Channel: 50 - Commercial,CANTON OH - BUCKEYE (PLANT 9180),PREMIUM,-1,11338,3,3904,1,3904,-1,3904,0,w3,-1,0,3904,-1,12472,-1,Available,-1,100,110%,110,-1,-1,-1,w4,0,2015-08-26 00:00:00,-1,Contract,-1,-1,11338,-1,8568,-1,0,-1,0,-1,1983475,0,0,0,0,0,0,0,0,0,0,0,0,0,0,0,-1,0,11300,-1,0,12471,True,True,3904,0,0,-1,0,8568,-1,-1,-1,0,0
2015-08-22,2015-08-22 00:00:00,BP,Channel: 50 - Commercial,CANTON OH - BUCKEYE (PLANT 9180),PREMIUM,-1,11338,3,0,1,0,-1,3904,0,w3,-1,0,3904,-1,12472,-1,Available,-1,100,110%,110,-1,-1,-1,w4,0,2015-08-26 00:00:00,-1,Contract,-1,-1,11338,-1,8568,-1,0,-1,0,-1,2021362,0,0,0,0,0,0,0,0,0,0,0,0,0,0,0,-1,0,11300,-1,0,12471,True,True,3904,0,0,-1,0,8568,-1,-1,-1,0,0
2015-08-23,2015-08-23 00:00:00,BP,Channel: 50 - Commercial,CANTON OH - BUCKEYE (PLANT 9180),PREMIUM,-1,11338,3,0,1,0,-1,3904,0,w3,-1,0,3904,-1,12472,-1,Available,-1,100,110%,110,-1,-1,-1,w4,0,2015-08-26 00:00:00,-1,Contract,-1,-1,11338,-1,8568,-1,0,-1,0,-1,2057397,0,0,0,0,0,0,0,0,0,0,0,0,0,0,0,-1,0,11300,-1,0,12471,True,True,3904,0,0,-1,0,8568,-1,-1,-1,0,0
2015-08-24,2015-08-24 00:00:00,BP,Channel: 50 - Commercial,CANTON OH - BUCKEYE (PLANT 9180),PREMIUM,-1,11338,3,0,1,0,-1,3904,0,w3,-1,0,3904,-1,12472,-1,Available,-1,100,110%,110,-1,-1,-1,w4,0,2015-08-26 00:00:00,-1,Contract,-1,-1,11338,-1,8568,-1,0,-1,0,-1,2095030,0,0,0,0,0,0,0,0,0,0,0,0,0,0,0,-1,0,11300,-1,0,12471,True,True,3904,0,0,-1,0,8568,-1,-1,-1,0,0
2015-08-25,2015-08-25 00:00:00,BP,Channel: 50 - Commercial,CANTON OH - BUCKEYE (PLANT 9180),PREMIUM,-1,11338,3,1202,1,1202,-1,5106,0,w3,-1,0,5106,-1,12472,-1,Available,-1,100,110%,110,-1,-1,-1,w4,0,2015-08-26 00:00:00,-1,Contract,-1,-1,11338,-1,7366,-1,0,-1,0,-1,2126156,0,0,0,0,0,0,0,0,0,0,0,0,0,0,0,-1,0,11300,-1,0,12471,True,True,5106,0,0,-1,0,7366,-1,-1,-1,0,0
2015-08-26,2015-08-26 00:00:00,BP,Channel: 50 - Commercial,CANTON OH - BUCKEYE (PLANT 9180),PREMIUM,-1,11338,3,505,1,505,-1,505,0,w4,-1,0,505,-1,12472,-1,Available,-1,100,110%,110,-1,-1,-1,w5,0,2015-09-02 00:00:00,-1,Contract,-1,-1,11922,-1,11967,-1,0,-1,0,-1,2153743,0,0,0,0,0,0,0,0,0,0,0,0,0,0,0,-1,0,11300,-1,0,12471,True,True,505,0,0,-1,0,11967,-1,-1,-1,0,0
2015-08-27,2015-08-27 00:00:00,BP,Channel: 50 - Commercial,CANTON OH - BUCKEYE (PLANT 9180),PREMIUM,-1,11338,3,1200,1,1200,-1,1705,0,w4,-1,0,1705,-1,12472,-1,Available,-1,100,110%,110,-1,-1,-1,w5,0,2015-09-02 00:00:00,-1,Contract,-1,-1,11922,-1,10767,-1,0,-1,0,-1,2180952,0,0,0,0,0,0,0,0,0,0,0,0,0,0,0,-1,0,11300,-1,0,12471,True,True,1705,0,0,-1,0,10767,-1,-1,-1,0,0
2015-08-28,2015-08-28 00:00:00,BP,Channel: 50 - Commercial,CANTON OH - BUCKEYE (PLANT 9180),PREMIUM,-1,11338,3,5307,1,5307,-1,7012,0,w4,-1,0,7012,-1,12472,-1,Available,-1,100,110%,110,-1,-1,-1,w5,0,2015-09-02 00:00:00,-1,Contract,-1,-1,11922,-1,5460,-1,0,-1,0,-1,2211890,0,0,0,0,0,0,0,0,0,0,0,0,0,0,0,-1,0,11300,-1,0,12471,True,True,7012,0,0,-1,0,5460,-1,-1,-1,0,0
2015-08-29,2015-08-29 00:00:00,BP,Channel: 50 - Commercial,CANTON OH - BUCKEYE (PLANT 9180),PREMIUM,-1,11338,3,1701,1,1701,-1,8713,0,w4,-1,0,8713,-1,12472,-1,Available,-1,100,110%,110,-1,-1,-1,w5,0,2015-09-02 00:00:00,-1,Contract,-1,-1,11922,-1,3759,-1,0,-1,0,-1,2239039,0,0,0,0,0,0,0,0,0,0,0,0,0,0,0,-1,0,11300,-1,0,12471,True,True,8713,0,0,-1,0,3759,-1,-1,-1,0,0
2015-08-30,2015-08-30 00:00:00,BP,Channel: 50 - Commercial,CANTON OH - BUCKEYE (PLANT 9180),PREMIUM,-1,11338,3,0,1,0,-1,8713,0,w4,-1,0,8713,-1,12472,-1,Available,-1,100,110%,110,-1,-1,-1,w5,0,2015-09-02 00:00:00,-1,Contract,-1,-1,11922,-1,3759,-1,0,-1,0,-1,2265436,0,0,0,0,0,0,0,0,0,0,0,0,0,0,0,-1,0,11300,-1,0,12471,True,True,8713,0,0,-1,0,3759,-1,-1,-1,0,0
2015-08-31,2015-08-31 00:00:00,BP,Channel: 50 - Commercial,CANTON OH - BUCKEYE (PLANT 9180),PREMIUM,-1,11338,3,1200,1,1200,-1,9913,0,w4,-1,0,9913,-1,12472,-1,Available,-1,100,110%,110,-1,-1,-1,w5,0,2015-09-02 00:00:00,-1,Contract,-1,-1,11922,-1,2559,-1,8000,-1,8000,-1,2291599,0,0,0,0,0,0,0,0,0,0,0,0,0,0,0,-1,0,11300,-1,0,12471,True,True,9913,0,0,-1,0,2559,-1,-1,-1,0,0
