,date,supplier_name,account_type,supplier_terminal_name,product_name,base_gallons_Daily,base_gallons_Weekly,lifted_gallons_daily_flag,lifted_gallons_daily_modified,Modified_WeeksByLiftedGallons,lifted_gallons_modified_WeeksByLiftedGallons,lifted_gallons_Daily,Lifted_actual_weekly,lifted_gallons_weekly_flag,WeeksByLiftedGallons,lifted_gallonsWeekly_modified_aposteriori,Modified_LiftedGallonsaposteriori,lifted_gallons_Weekly,beginning_gallons_Daily,beginning_gallons_Weekly,en_allocation_status_Daily,en_allocation_status_Weekly,percentage_allocation_Daily_actual,percentage_allocation_Daily,percentage_allocation_Weekly_actual,percentage_allocation_Weekly,alerts_ratability_Daily,alerts_ratability_Weekly,next_refresh_date_Daily,Week_switch,Modified_NRD,next_refresh_date_Weekly,en_account_type_Daily,en_account_type_Weekly,NRB_Daily,next_refresh_base_gallons_Daily,next_refresh_base_gallons_Weekly,remaining_gallons_Daily,remaining_gallons_Weekly,additional_gallons_allowed_Daily,additional_gallons_allowed_Weekly,additional_gallons_remaining_Daily,additional_gallons_remaining_Weekly,staging_id_Daily,staging_id_Weekly,base_gallons_Monthly,Lifted_actual_monthly,lifted_gallons_monthly_flag,lifted_gallons_Monthly,beginning_gallons_Monthly,en_allocation_status_Monthly,percentage_allocation_Monthly_actual,percentage_allocation_Monthly,alerts_ratability_Monthly,next_refresh_date_Monthly,NRB_Monthly,next_refresh_base_gallons_Monthly,remaining_gallons_Monthly,additional_gallons_allowed_Monthly,additional_gallons_remaining_Monthly,base_gallons_Daily_Reconciled,base_gallons_Monthly_Reconciled,base_gallons_Weekly_Reconciled,beginning_gallons_Daily_Reconciled,beginning_gallons_Monthly_Reconciled,beginning_gallons_Weekly_Reconciled,sanityWeekly_CumulativeDaily_WeeksByLiftedGallons,sanityWeekly_CumulativeDaily_NextRefreshDate,computedWeekly,computedMonthly,sanityComputedMonthly,remaining_gallons_Daily_Reconciled,remaining_gallons_Monthly_Reconciled,remaining_gallons_Weekly_Reconciled,additional_gallons_remaining_Daily_Reconciled,additional_gallons_remaining_Monthly_Reconciled,additional_gallons_remaining_Weekly_Reconciled,sanityMonthly_CumulativeDaily_WeeksByLiftedGallons,sanityMonthly_CumulativeDaily_WeeksByNextRefreshDate
2015-08-01,2015-08-01 00:00:00,BP,Channel: 50 - Commercial,EAST CHICAGO IN - BUCKEYE (PLANT 6410),DIESEL,26774,180645,0,-1,0,-1,-1,-1,0,w1,-1,0,-1,40161,198710,-1,-1,-1,-1,-1,-1,-1,-1,-1,w1,1,2015-08-05 00:00:00,-1,-1,26774,-1,-1,-1,-1,-1,-1,-1,-1,-1,-1,0,-1,0,-1,0,-1,-1,-1,-1,-1,0,-1,-1,-1,-1,-4016100,0,-19871000,-268,0,-1807,False,False,0,0,0,40162,1,198711,-1,-1,-1,1,1
2015-08-02,2015-08-02 00:00:00,BP,Channel: 50 - Commercial,EAST CHICAGO IN - BUCKEYE (PLANT 6410),DIESEL,26774,180645,0,-1,0,-1,-1,-1,0,w1,-1,0,-1,40161,198710,-1,-1,-1,-1,-1,-1,-1,-1,-1,w1,1,2015-08-05 00:00:00,-1,-1,26774,-1,-1,-1,-1,-1,-1,-1,-1,-1,-1,0,-1,0,-1,0,-1,-1,-1,-1,-1,0,-1,-1,-1,-1,-4016100,0,-19871000,-268,0,-1807,False,False,0,0,0,40162,1,198711,-1,-1,-1,0,0
2015-08-03,2015-08-03 00:00:00,BP,Channel: 50 - Commercial,EAST CHICAGO IN - BUCKEYE (PLANT 6410),DIESEL,26774,180645,0,-1,0,-1,-1,-1,0,w1,-1,0,-1,40161,198710,-1,-1,-1,-1,-1,-1,-1,-1,-1,w1,1,2015-08-05 00:00:00,-1,-1,26774,-1,-1,-1,-1,-1,-1,-1,-1,-1,-1,0,-1,0,-1,0,-1,-1,-1,-1,-1,0,-1,-1,-1,-1,-4016100,0,-19871000,-268,0,-1807,False,False,0,0,0,40162,1,198711,-1,-1,-1,0,0
2015-08-04,2015-08-04 00:00:00,BP,Channel: 50 - Commercial,EAST CHICAGO IN - BUCKEYE (PLANT 6410),DIESEL,26774,180645,0,-1,0,-1,-1,-1,0,w1,-1,0,-1,40161,198710,-1,-1,-1,-1,-1,-1,-1,-1,-1,w1,1,2015-08-05 00:00:00,-1,-1,26774,-1,-1,-1,-1,-1,-1,-1,-1,-1,-1,0,-1,0,-1,0,-1,-1,-1,-1,-1,0,-1,-1,-1,-1,-4016100,0,-19871000,-268,0,-1807,False,False,0,0,0,40162,1,198711,-1,-1,-1,0,0
2015-08-05,2015-08-05 00:00:00,BP,Channel: 50 - Commercial,EAST CHICAGO IN - BUCKEYE (PLANT 6410),DIESEL,26774,180645,0,-1,0,-1,-1,-1,0,w1,-1,0,-1,40161,198710,-1,-1,-1,-1,-1,-1,-1,-1,-1,w2,1,2015-08-12 00:00:00,-1,-1,26774,-1,-1,-1,-1,-1,-1,-1,-1,-1,-1,0,-1,0,-1,0,-1,-1,-1,-1,-1,0,-1,-1,-1,-1,-4016100,0,-19871000,-268,0,-1807,False,True,0,0,0,40162,1,198711,-1,-1,-1,0,0
2015-08-06,2015-08-06 00:00:00,BP,Channel: 50 - Commercial,EAST CHICAGO IN - BUCKEYE (PLANT 6410),DIESEL,-1,180645,0,-1,0,-1,-1,0,0,w1,-1,0,0,-1,198710,-1,Available,-1,-1,110%,110,-1,-1,-1,w2,0,2015-08-12 00:00:00,-1,Contract,26774,-1,180645,-1,198710,-1,0,-1,0,-1,1427179,0,0,0,0,0,0,0,0,0,0,0,0,0,0,0,-4016100,0,180600,-268,0,198709,False,False,0,0,0,-1,0,198710,-1,-1,-1,0,0
2015-08-07,2015-08-07 00:00:00,BP,Channel: 50 - Commercial,EAST CHICAGO IN - BUCKEYE (PLANT 6410),DIESEL,-1,180645,3,0,1,0,-1,0,0,w1,-1,0,0,-1,198710,-1,Available,-1,-1,110%,110,-1,-1,-1,w2,0,2015-08-12 00:00:00,-1,Contract,26774,-1,180645,-1,198710,-1,0,-1,0,-1,1462904,0,0,0,0,0,0,0,0,0,0,0,0,0,0,0,-1,0,180600,-1,0,198709,False,False,0,0,0,-1,0,198710,-1,-1,-1,0,0
2015-08-08,2015-08-08 00:00:00,BP,Channel: 50 - Commercial,EAST CHICAGO IN - BUCKEYE (PLANT 6410),DIESEL,-1,180645,3,0,1,0,-1,0,0,w1,-1,0,0,-1,198710,-1,Available,-1,-1,110%,110,-1,-1,-1,w2,0,2015-08-12 00:00:00,-1,Contract,26774,-1,180645,-1,198710,-1,0,-1,0,-1,1497191,0,0,0,0,0,0,0,0,0,0,0,0,0,0,0,-1,0,180600,-1,0,198709,False,False,0,0,0,-1,0,198710,-1,-1,-1,0,0
2015-08-09,2015-08-09 00:00:00,BP,Channel: 50 - Commercial,EAST CHICAGO IN - BUCKEYE (PLANT 6410),DIESEL,-1,180645,3,0,1,0,-1,0,0,w1,-1,0,0,-1,198710,-1,Available,-1,-1,110%,110,-1,-1,-1,w2,0,2015-08-12 00:00:00,-1,Contract,26774,-1,180645,-1,198710,-1,0,-1,0,-1,1531132,0,0,0,0,0,0,0,0,0,0,0,0,0,0,0,-1,0,180600,-1,0,198709,False,False,0,0,0,-1,0,198710,-1,-1,-1,0,0
2015-08-10,2015-08-10 00:00:00,BP,Channel: 50 - Commercial,EAST CHICAGO IN - BUCKEYE (PLANT 6410),DIESEL,-1,180645,3,0,1,0,-1,0,0,w1,-1,0,0,-1,198710,-1,Available,-1,-1,110%,110,-1,-1,-1,w2,0,2015-08-12 00:00:00,-1,Contract,26774,-1,180645,-1,198710,-1,0,-1,0,-1,1564239,0,0,0,0,0,0,0,0,0,0,0,0,0,0,0,-1,0,180600,-1,0,198709,False,False,0,0,0,-1,0,198710,-1,-1,-1,0,0
2015-08-11,2015-08-11 00:00:00,BP,Channel: 50 - Commercial,EAST CHICAGO IN - BUCKEYE (PLANT 6410),DIESEL,-1,180645,3,0,1,0,-1,0,0,w1,-1,0,0,-1,198710,-1,Available,-1,-1,110%,110,-1,-1,-1,w2,0,2015-08-12 00:00:00,-1,Contract,26774,-1,180645,-1,198710,-1,0,-1,0,-1,1586372,0,0,0,0,0,0,0,0,0,0,0,0,0,0,0,-1,0,180600,-1,0,198709,False,False,0,0,0,-1,0,198710,-1,-1,-1,0,0
2015-08-12,2015-08-12 00:00:00,BP,Channel: 50 - Commercial,EAST CHICAGO IN - BUCKEYE (PLANT 6410),DIESEL,26774,180645,0,-1,0,-1,-1,-1,0,w2,-1,0,-1,40161,198710,-1,-1,-1,-1,-1,110,-1,-1,-1,w3,1,2015-08-19 00:00:00,-1,-1,26774,-1,-1,-1,-1,-1,-1,-1,-1,-1,-1,0,-1,0,-1,0,-1,-1,0,-1,-1,0,-1,-1,-1,-1,-4016100,0,180600,-268,0,198709,True,True,0,0,0,40162,1,198711,-1,-1,-1,0,0
2015-08-13,2015-08-13 00:00:00,BP,Channel: 50 - Commercial,EAST CHICAGO IN - BUCKEYE (PLANT 6410),DIESEL,26774,180645,0,-1,0,-1,-1,-1,0,w2,-1,0,-1,40161,198710,-1,-1,-1,-1,-1,110,-1,-1,-1,w3,1,2015-08-19 00:00:00,-1,-1,26774,-1,-1,-1,-1,-1,-1,-1,-1,-1,-1,0,-1,0,-1,0,-1,-1,0,-1,-1,0,-1,-1,-1,-1,-4016100,0,180600,-268,0,198709,False,False,0,0,0,40162,1,198711,-1,-1,-1,0,0
2015-08-14,2015-08-14 00:00:00,BP,Channel: 50 - Commercial,EAST CHICAGO IN - BUCKEYE (PLANT 6410),DIESEL,26774,180645,0,-1,0,-1,-1,-1,0,w2,-1,0,-1,40161,198710,-1,-1,-1,-1,-1,110,-1,-1,-1,w3,1,2015-08-19 00:00:00,-1,-1,26774,-1,-1,-1,-1,-1,-1,-1,-1,-1,-1,0,-1,0,-1,0,-1,-1,0,-1,-1,0,-1,-1,-1,-1,-4016100,0,180600,-268,0,198709,False,False,0,0,0,40162,1,198711,-1,-1,-1,0,0
2015-08-15,2015-08-15 00:00:00,BP,Channel: 50 - Commercial,EAST CHICAGO IN - BUCKEYE (PLANT 6410),DIESEL,26774,180645,0,-1,0,-1,-1,-1,0,w2,-1,0,-1,40161,198710,-1,-1,-1,-1,-1,110,-1,-1,-1,w3,1,2015-08-19 00:00:00,-1,-1,26774,-1,-1,-1,-1,-1,-1,-1,-1,-1,-1,0,-1,0,-1,0,-1,-1,0,-1,-1,0,-1,-1,-1,-1,-4016100,0,180600,-268,0,198709,False,False,0,0,0,40162,1,198711,-1,-1,-1,0,0
2015-08-16,2015-08-16 00:00:00,BP,Channel: 50 - Commercial,EAST CHICAGO IN - BUCKEYE (PLANT 6410),DIESEL,26774,180645,0,-1,0,-1,-1,-1,0,w2,-1,0,-1,40161,198710,-1,-1,-1,-1,-1,110,-1,-1,-1,w3,1,2015-08-19 00:00:00,-1,-1,26774,-1,-1,-1,-1,-1,-1,-1,-1,-1,-1,0,-1,0,-1,0,-1,-1,0,-1,-1,0,-1,-1,-1,-1,-4016100,0,180600,-268,0,198709,False,False,0,0,0,40162,1,198711,-1,-1,-1,0,0
2015-08-17,2015-08-17 00:00:00,BP,Channel: 50 - Commercial,EAST CHICAGO IN - BUCKEYE (PLANT 6410),DIESEL,26774,180645,0,-1,0,-1,-1,-1,0,w2,-1,0,-1,40161,198710,-1,-1,-1,-1,-1,110,-1,-1,-1,w3,1,2015-08-19 00:00:00,-1,-1,26774,-1,-1,-1,-1,-1,-1,-1,-1,-1,-1,0,-1,0,-1,0,-1,-1,0,-1,-1,0,-1,-1,-1,-1,-4016100,0,180600,-268,0,198709,False,False,0,0,0,40162,1,198711,-1,-1,-1,0,0
2015-08-18,2015-08-18 00:00:00,BP,Channel: 50 - Commercial,EAST CHICAGO IN - BUCKEYE (PLANT 6410),DIESEL,26774,180645,0,-1,0,-1,-1,-1,0,w2,-1,0,-1,40161,198710,-1,-1,-1,-1,-1,110,-1,-1,-1,w3,1,2015-08-19 00:00:00,-1,-1,26774,-1,-1,-1,-1,-1,-1,-1,-1,-1,-1,0,-1,0,-1,0,-1,-1,0,-1,-1,0,-1,-1,-1,-1,-4016100,0,180600,-268,0,198709,False,False,0,0,0,40162,1,198711,-1,-1,-1,0,0
2015-08-19,2015-08-19 00:00:00,BP,Channel: 50 - Commercial,EAST CHICAGO IN - BUCKEYE (PLANT 6410),DIESEL,26774,180645,6,0,0,-1,-1,-1,6,w2,-1,0,0,40161,198710,-1,-1,-1,-1,-1,110,-1,-1,-1,w4,1,2015-08-26 00:00:00,-1,-1,26774,-1,-1,-1,-1,-1,-1,-1,-1,-1,-1,0,-1,0,-1,0,-1,-1,0,-1,-1,0,-1,-1,-1,-1,-4016100,0,180600,-268,0,198709,False,True,0,0,0,40161,1,198710,-1,-1,-1,0,0
2015-08-20,2015-08-20 00:00:00,BP,Channel: 50 - Commercial,EAST CHICAGO IN - BUCKEYE (PLANT 6410),DIESEL,26774,187419,0,0,0,0,0,0,0,w2,0,0,0,40161,206161,Available,Available,150%,150,110%,110,-1,-1,08/21 00:00:00 CDT,w4,0,2015-08-26 00:00:00,Contract,Contract,26774,26774,187419,40161,206161,0,0,0,0,1944646,1944647,0,0,0,0,0,0,0,0,0,0,0,0,0,0,0,26700,0,187400,40161,0,206160,False,True,0,0,0,40161,0,206161,-1,-1,-1,0,0
2015-08-21,2015-08-21 00:00:00,BP,Channel: 50 - Commercial,EAST CHICAGO IN - BUCKEYE (PLANT 6410),DIESEL,26774,187419,0,0,0,0,0,0,0,w2,0,0,0,40161,206161,Available,Available,150%,150,110%,110,-1,-1,08/22 00:00:00 CDT,w4,0,2015-08-26 00:00:00,Contract,Contract,26774,26774,187419,40161,206161,0,0,0,0,1983489,1983490,0,0,0,0,0,0,0,0,0,0,0,0,0,0,0,26700,0,187400,40161,0,206160,False,True,0,0,0,40161,0,206161,-1,-1,-1,0,0
2015-08-22,2015-08-22 00:00:00,BP,Channel: 50 - Commercial,EAST CHICAGO IN - BUCKEYE (PLANT 6410),DIESEL,26774,187419,0,0,0,0,0,0,0,w2,0,0,0,40161,206161,Available,Available,150%,150,110%,110,-1,-1,08/23 00:00:00 CDT,w4,0,2015-08-26 00:00:00,Contract,Contract,26774,26774,187419,40161,206161,0,0,0,0,2021376,2021377,0,0,0,0,0,0,0,0,0,0,0,0,0,0,0,26700,0,187400,40161,0,206160,False,True,0,0,0,40161,0,206161,-1,-1,-1,0,0
2015-08-23,2015-08-23 00:00:00,BP,Channel: 50 - Commercial,EAST CHICAGO IN - BUCKEYE (PLANT 6410),DIESEL,26774,187419,0,0,0,0,0,0,0,w2,0,0,0,40161,206161,Available,Available,150%,150,110%,110,-1,-1,08/24 00:00:00 CDT,w4,0,2015-08-26 00:00:00,Contract,Contract,26774,26774,187419,40161,206161,0,0,0,0,2057411,2057412,0,0,0,0,0,0,0,0,0,0,0,0,0,0,0,26700,0,187400,40161,0,206160,False,True,0,0,0,40161,0,206161,-1,-1,-1,0,0
2015-08-24,2015-08-24 00:00:00,BP,Channel: 50 - Commercial,EAST CHICAGO IN - BUCKEYE (PLANT 6410),DIESEL,26774,187419,0,22509,0,22509,22509,22509,0,w2,22509,0,22509,40161,206161,Available,Available,150%,150,110%,110,-1,-1,08/25 00:00:00 CDT,w4,0,2015-08-26 00:00:00,Contract,Contract,26774,26774,187419,17652,183652,0,0,0,0,2095044,2095045,0,0,0,0,0,0,0,0,0,0,0,0,0,0,0,26700,0,187400,40161,0,206160,False,True,22509,0,0,17652,0,183652,-1,-1,-1,0,0
2015-08-25,2015-08-25 00:00:00,BP,Channel: 50 - Commercial,EAST CHICAGO IN - BUCKEYE (PLANT 6410),DIESEL,26774,187419,0,63619,0,63619,63619,86128,0,w2,63619,0,86128,53548,206161,Out,Out,200%,200,110%,110,-1,-1,08/26 00:00:00 CDT,w4,0,2015-08-26 00:00:00,Contract,Contract,26774,26774,187419,0,130104,8000,8000,2071,2071,2126170,2126171,0,0,0,0,0,0,0,0,0,0,0,0,0,0,0,26700,0,187400,53548,0,206160,False,True,86128,0,0,-10071,0,120033,8000,-1,-1,0,0
2015-08-26,2015-08-26 00:00:00,BP,Channel: 50 - Commercial,EAST CHICAGO IN - BUCKEYE (PLANT 6410),DIESEL,26774,187419,0,15012,0,15012,15012,15012,0,w3,15012,0,15012,53548,206161,Available,Available,200%,200,110%,110,-1,-1,08/27 00:00:00 CDT,w5,0,2015-09-02 00:00:00,Contract,Contract,26774,26774,187419,38536,191149,0,0,0,0,2153757,2153758,0,0,0,0,0,0,0,0,0,0,0,0,0,0,0,26700,0,187400,53548,0,206160,True,True,15012,0,0,38536,0,191149,-1,-1,-1,0,0
2015-08-27,2015-08-27 00:00:00,BP,Channel: 50 - Commercial,EAST CHICAGO IN - BUCKEYE (PLANT 6410),DIESEL,26774,187419,3,22406,1,22406,14900,37418,0,w3,14900,0,37418,53548,206161,Available,Available,200%,200,110%,110,-1,-1,08/28 00:00:00 CDT,w5,0,2015-09-02 00:00:00,Contract,Contract,26774,26774,187419,38648,168743,0,0,0,0,2180966,2180967,0,0,0,0,0,0,0,0,0,0,0,0,0,0,0,26700,0,187400,53548,0,206160,True,True,37418,0,0,31142,0,168743,-1,-1,-1,0,0
2015-08-28,2015-08-28 00:00:00,BP,Channel: 50 - Commercial,EAST CHICAGO IN - BUCKEYE (PLANT 6410),DIESEL,26774,187419,0,0,0,0,0,37418,0,w3,0,0,37418,53548,206161,Available,Available,200%,200,110%,110,-1,-1,08/29 00:00:00 CDT,w5,0,2015-09-02 00:00:00,Contract,Contract,26774,26774,187419,53548,168743,0,0,0,0,2211904,2211905,0,0,0,0,0,0,0,0,0,0,0,0,0,0,0,26700,0,187400,53548,0,206160,True,True,37418,0,0,53548,0,168743,-1,-1,-1,0,0
2015-08-29,2015-08-29 00:00:00,BP,Channel: 50 - Commercial,EAST CHICAGO IN - BUCKEYE (PLANT 6410),DIESEL,26774,187419,0,0,0,0,0,37418,0,w3,0,0,37418,53548,206161,Available,Available,200%,200,110%,110,-1,-1,08/30 00:00:00 CDT,w5,0,2015-09-02 00:00:00,Contract,Contract,26774,26774,187419,53548,168743,0,0,0,0,2239053,2239054,0,0,0,0,0,0,0,0,0,0,0,0,0,0,0,26700,0,187400,53548,0,206160,True,True,37418,0,0,53548,0,168743,-1,-1,-1,0,0
2015-08-30,2015-08-30 00:00:00,BP,Channel: 50 - Commercial,EAST CHICAGO IN - BUCKEYE (PLANT 6410),DIESEL,26774,187419,0,0,0,0,0,37418,0,w3,0,0,37418,53548,206161,Available,Available,200%,200,110%,110,-1,-1,08/31 00:00:00 CDT,w5,0,2015-09-02 00:00:00,Contract,Contract,26774,26774,187419,53548,168743,0,0,0,0,2265450,2265451,0,0,0,0,0,0,0,0,0,0,0,0,0,0,0,26700,0,187400,53548,0,206160,True,True,37418,0,0,53548,0,168743,-1,-1,-1,0,0
2015-08-31,2015-08-31 00:00:00,BP,Channel: 50 - Commercial,EAST CHICAGO IN - BUCKEYE (PLANT 6410),DIESEL,26774,187419,0,0,0,0,0,37418,0,w3,0,0,37418,53548,206161,Available,Available,200%,200,110%,110,-1,-1,09/01 00:00:00 CDT,w5,0,2015-09-02 00:00:00,Contract,Contract,26774,26774,187419,53548,168743,0,0,0,0,2291613,2291614,0,0,0,0,0,0,0,0,0,0,0,0,0,0,0,26700,0,187400,53548,0,206160,True,True,37418,0,0,53548,0,168743,-1,-1,-1,0,0
