,date,supplier_name,account_type,supplier_terminal_name,product_name,base_gallons_Daily,base_gallons_Weekly,lifted_gallons_daily_flag,lifted_gallons_daily_modified,Modified_WeeksByLiftedGallons,lifted_gallons_modified_WeeksByLiftedGallons,lifted_gallons_Daily,Lifted_actual_weekly,lifted_gallons_weekly_flag,WeeksByLiftedGallons,lifted_gallonsWeekly_modified_aposteriori,Modified_LiftedGallonsaposteriori,lifted_gallons_Weekly,beginning_gallons_Daily,beginning_gallons_Weekly,en_allocation_status_Daily,en_allocation_status_Weekly,percentage_allocation_Daily_actual,percentage_allocation_Daily,percentage_allocation_Weekly_actual,percentage_allocation_Weekly,alerts_ratability_Daily,alerts_ratability_Weekly,next_refresh_date_Daily,Week_switch,Modified_NRD,next_refresh_date_Weekly,en_account_type_Daily,en_account_type_Weekly,NRB_Daily,next_refresh_base_gallons_Daily,next_refresh_base_gallons_Weekly,remaining_gallons_Daily,remaining_gallons_Weekly,additional_gallons_allowed_Daily,additional_gallons_allowed_Weekly,additional_gallons_remaining_Daily,additional_gallons_remaining_Weekly,staging_id_Daily,staging_id_Weekly,execution_date_Daily,execution_date_Weekly,base_gallons_Monthly,Lifted_actual_monthly,lifted_gallons_monthly_flag,lifted_gallons_Monthly,beginning_gallons_Monthly,en_allocation_status_Monthly,percentage_allocation_Monthly_actual,percentage_allocation_Monthly,alerts_ratability_Monthly,next_refresh_date_Monthly,NRB_Monthly,next_refresh_base_gallons_Monthly,remaining_gallons_Monthly,additional_gallons_allowed_Monthly,additional_gallons_remaining_Monthly,execution_date_Monthly,base_gallons_Daily_Reconciled,base_gallons_Monthly_Reconciled,base_gallons_Weekly_Reconciled,beginning_gallons_Daily_Reconciled,beginning_gallons_Monthly_Reconciled,beginning_gallons_Weekly_Reconciled,sanityWeekly_CumulativeDaily_WeeksByLiftedGallons,sanityWeekly_CumulativeDaily_NextRefreshDate,computedWeekly,sanityComputedWeekly,computedMonthly,sanityComputedMonthly,remaining_gallons_Daily_Reconciled,remaining_gallons_Monthly_Reconciled,remaining_gallons_Weekly_Reconciled,additional_gallons_remaining_Daily_Reconciled,additional_gallons_remaining_Monthly_Reconciled,additional_gallons_remaining_Weekly_Reconciled,sanityMonthly_CumulativeDaily_WeeksByLiftedGallons,sanityMonthly_CumulativeDaily_WeeksByNextRefreshDate
2015-06-01,2015-06-01 00:00:00,BP,Channel: 50 - Commercial,EAST CHICAGO IN - BUCKEYE (PLANT 6410),REGULAR,-1,-1,0,-1,0,-1,-1,-1,0,w1,-1,0,-1,-1.0,-1.0,-1,-1,-1,-1,-1,-1,-1,-1,-1,w1,1,2015-06-03 00:00:00,-1,-1,5405,-1,-1,-1,-1,-1,-1,-1,-1,-1,-1,2015-06-01 00:00:00,2015-06-01 00:00:00,-1,-1,0,-1,-1,-1,-1,-1,-1,-1,0,-1,-1,-1,-1,2015-06-01 00:00:00,-1,-1,-1,-1.0,-1,-1.0,True,True,0,0,0,0,-1,-1,-1,-1,-1,-1,1,1
2015-06-02,2015-06-02 00:00:00,BP,Channel: 50 - Commercial,EAST CHICAGO IN - BUCKEYE (PLANT 6410),REGULAR,5405,37832,0,0,0,0,0,55706,0,w1,0,0,55706,10810.0,41615.0,Available,Available,200%,200,110%,110,-1,-1,06/03 00:00:00 CDT,w1,0,2015-06-03 00:00:00,Contract,Contract,5405,5405,37832,10810,4192,8000,8000,10283,10283,49,50,2015-06-02 08:00:57,2015-06-02 08:00:57,0,0,0,0,0,0,0,0,0,0,0,0,0,0,0,,5405,0,37832,10810.0,0,41615.0,False,False,0,0,0,0,10810,0,-14091,-1,-1,8000,0,0
2015-06-03,2015-06-03 00:00:00,BP,Channel: 50 - Commercial,EAST CHICAGO IN - BUCKEYE (PLANT 6410),REGULAR,5405,37832,0,0,0,0,0,0,0,w2,0,0,0,10810.0,41615.0,Available,Available,200%,200,110%,110,-1,-1,06/04 00:00:00 CDT,w2,0,2015-06-10 00:00:00,Contract,Contract,5405,5405,37832,10810,41615,0,0,0,0,6044,6045,2015-06-03 07:40:38,2015-06-03 07:40:38,0,0,0,0,0,0,0,0,0,0,0,0,0,0,0,,5405,0,37832,10810.0,0,41615.0,True,True,0,0,0,0,10810,0,41615,-1,-1,-1,0,0
2015-06-04,2015-06-04 00:00:00,BP,Channel: 50 - Commercial,EAST CHICAGO IN - BUCKEYE (PLANT 6410),REGULAR,-1,-1,0,-1,0,-1,-1,-1,0,w3,-1,0,-1,-1.0,-1.0,-1,-1,-1,200,-1,110,-1,-1,-1,w2,1,2015-06-10 00:00:00,-1,-1,5405,-1,-1,-1,-1,-1,-1,-1,-1,-1,-1,2015-06-04 00:00:00,2015-06-04 00:00:00,-1,-1,0,-1,-1,-1,-1,0,-1,-1,0,-1,-1,-1,-1,2015-06-04 00:00:00,5405,0,37832,10810.0,0,41615.0,True,True,0,0,0,0,-1,-1,-1,-1,-1,-1,0,0
2015-06-05,2015-06-05 00:00:00,BP,Channel: 50 - Commercial,EAST CHICAGO IN - BUCKEYE (PLANT 6410),REGULAR,-1,-1,0,-1,0,-1,-1,-1,0,w3,-1,0,-1,-1.0,-1.0,-1,-1,-1,200,-1,110,-1,-1,-1,w2,1,2015-06-10 00:00:00,-1,-1,5405,-1,-1,-1,-1,-1,-1,-1,-1,-1,-1,2015-06-05 00:00:00,2015-06-05 00:00:00,-1,-1,0,-1,-1,-1,-1,0,-1,-1,0,-1,-1,-1,-1,2015-06-05 00:00:00,-1,-1,-1,-1.0,-1,-1.0,False,False,0,0,0,0,-1,-1,-1,-1,-1,-1,0,0
2015-06-06,2015-06-06 00:00:00,BP,Channel: 50 - Commercial,EAST CHICAGO IN - BUCKEYE (PLANT 6410),REGULAR,-1,-1,0,-1,0,-1,-1,-1,0,w3,-1,0,-1,-1.0,-1.0,-1,-1,-1,200,-1,110,-1,-1,-1,w2,1,2015-06-10 00:00:00,-1,-1,5405,-1,-1,-1,-1,-1,-1,-1,-1,-1,-1,2015-06-06 00:00:00,2015-06-06 00:00:00,-1,-1,0,-1,-1,-1,-1,0,-1,-1,0,-1,-1,-1,-1,2015-06-06 00:00:00,-1,-1,-1,-1.0,-1,-1.0,False,False,0,0,0,0,-1,-1,-1,-1,-1,-1,0,0
2015-06-07,2015-06-07 00:00:00,BP,Channel: 50 - Commercial,EAST CHICAGO IN - BUCKEYE (PLANT 6410),REGULAR,-1,-1,0,-1,0,-1,-1,-1,0,w3,-1,0,-1,-1.0,-1.0,-1,-1,-1,200,-1,110,-1,-1,-1,w2,1,2015-06-10 00:00:00,-1,-1,5405,-1,-1,-1,-1,-1,-1,-1,-1,-1,-1,2015-06-07 00:00:00,2015-06-07 00:00:00,-1,-1,0,-1,-1,-1,-1,0,-1,-1,0,-1,-1,-1,-1,2015-06-07 00:00:00,-1,-1,-1,-1.0,-1,-1.0,False,False,0,0,0,0,-1,-1,-1,-1,-1,-1,0,0
2015-06-08,2015-06-08 00:00:00,BP,Channel: 50 - Commercial,EAST CHICAGO IN - BUCKEYE (PLANT 6410),REGULAR,-1,37832,0,-1,0,-1,-1,0,0,w3,-1,0,0,-1.0,41615.0,-1,Available,-1,200,110%,110,-1,-1,-1,w2,0,2015-06-10 00:00:00,-1,Contract,5405,-1,37832,-1,41615,-1,0,-1,0,-1,13960,-1,2015-06-08 00:43:49,0,0,0,0,0,0,0,0,0,0,0,0,0,0,0,,-1,0,37832,-1.0,0,41615.0,False,False,0,0,0,0,-1,0,41615,-1,-1,-1,0,0
2015-06-09,2015-06-09 00:00:00,BP,Channel: 50 - Commercial,EAST CHICAGO IN - BUCKEYE (PLANT 6410),REGULAR,-1,-1,0,-1,0,-1,-1,-1,0,w4,-1,0,-1,-1.0,-1.0,-1,-1,-1,200,-1,110,-1,-1,-1,w2,1,2015-06-10 00:00:00,-1,-1,5405,-1,-1,-1,-1,-1,-1,-1,-1,-1,-1,2015-06-09 00:00:00,2015-06-09 00:00:00,-1,-1,0,-1,-1,-1,-1,0,-1,-1,0,-1,-1,-1,-1,2015-06-09 00:00:00,-1,0,37832,-1.0,0,41615.0,True,False,0,0,0,0,-1,-1,-1,-1,-1,-1,0,0
2015-06-10,2015-06-10 00:00:00,BP,Channel: 50 - Commercial,EAST CHICAGO IN - BUCKEYE (PLANT 6410),REGULAR,-1,37832,3,0,0,-1,-1,0,0,w4,-1,0,0,-1.0,41615.0,-1,Available,-1,200,110%,110,-1,-1,-1,w3,0,2015-06-17 00:00:00,-1,Contract,5405,-1,37832,-1,41615,-1,0,-1,0,-1,20595,-1,2015-06-10 01:01:32,0,0,0,0,0,0,0,0,0,0,0,0,0,0,0,,-1,0,37832,-1.0,0,41615.0,False,True,0,0,0,0,-1,0,41615,-1,-1,-1,0,0
2015-06-11,2015-06-11 00:00:00,BP,Channel: 50 - Commercial,EAST CHICAGO IN - BUCKEYE (PLANT 6410),REGULAR,-1,37832,0,-1,1,0,-1,0,0,w4,-1,0,0,-1.0,41615.0,-1,Available,-1,200,110%,110,-1,-1,-1,w3,0,2015-06-17 00:00:00,-1,Contract,5405,-1,37832,-1,41615,-1,0,-1,0,-1,23370,-1,2015-06-11 06:22:45,0,0,0,0,0,0,0,0,0,0,0,0,0,0,0,,-1,0,37832,-1.0,0,41615.0,False,False,0,0,0,0,-1,0,41615,-1,-1,-1,0,0
2015-06-12,2015-06-12 00:00:00,BP,Channel: 50 - Commercial,EAST CHICAGO IN - BUCKEYE (PLANT 6410),REGULAR,-1,-1,0,-1,0,-1,-1,-1,0,w5,-1,0,-1,-1.0,-1.0,-1,-1,-1,200,-1,110,-1,-1,-1,w3,1,2015-06-17 00:00:00,-1,-1,5405,-1,-1,-1,-1,-1,-1,-1,-1,-1,-1,2015-06-12 00:00:00,2015-06-12 00:00:00,-1,-1,0,-1,-1,-1,-1,0,-1,-1,0,-1,-1,-1,-1,2015-06-12 00:00:00,-1,0,37832,-1.0,0,41615.0,True,False,0,0,0,0,-1,-1,-1,-1,-1,-1,0,0
2015-06-13,2015-06-13 00:00:00,BP,Channel: 50 - Commercial,EAST CHICAGO IN - BUCKEYE (PLANT 6410),REGULAR,-1,37832,0,-1,0,-1,-1,0,0,w5,-1,0,0,-1.0,41615.0,-1,Available,-1,200,110%,110,-1,-1,-1,w3,0,2015-06-17 00:00:00,-1,Contract,5405,-1,37832,-1,41615,-1,0,-1,0,-1,51054,-1,2015-06-13 23:51:03,0,0,0,0,0,0,0,0,0,0,0,0,0,0,0,,-1,0,37832,-1.0,0,41615.0,False,False,0,0,0,0,-1,0,41615,-1,-1,-1,0,0
2015-06-14,2015-06-14 00:00:00,BP,Channel: 50 - Commercial,EAST CHICAGO IN - BUCKEYE (PLANT 6410),REGULAR,-1,37832,0,-1,1,0,-1,0,0,w5,-1,0,0,-1.0,41615.0,-1,Available,-1,200,110%,110,-1,-1,-1,w3,0,2015-06-17 00:00:00,-1,Contract,5405,-1,37832,-1,41615,-1,0,-1,0,-1,70838,-1,2015-06-14 23:50:56,0,0,0,0,0,0,0,0,0,0,0,0,0,0,0,,-1,0,37832,-1.0,0,41615.0,False,False,0,0,0,0,-1,0,41615,-1,-1,-1,0,0
2015-06-15,2015-06-15 00:00:00,BP,Channel: 50 - Commercial,EAST CHICAGO IN - BUCKEYE (PLANT 6410),REGULAR,-1,-1,0,-1,0,-1,-1,-1,0,w6,-1,0,-1,-1.0,-1.0,-1,-1,-1,200,-1,110,-1,-1,-1,w3,1,2015-06-17 00:00:00,-1,-1,5405,-1,-1,-1,-1,-1,-1,-1,-1,-1,-1,2015-06-15 00:00:00,2015-06-15 00:00:00,-1,-1,0,-1,-1,-1,-1,0,-1,-1,0,-1,-1,-1,-1,2015-06-15 00:00:00,-1,0,37832,-1.0,0,41615.0,True,False,0,0,0,0,-1,-1,-1,-1,-1,-1,0,0
2015-06-16,2015-06-16 00:00:00,BP,Channel: 50 - Commercial,EAST CHICAGO IN - BUCKEYE (PLANT 6410),REGULAR,-1,-1,0,-1,0,-1,-1,-1,0,w6,-1,0,-1,-1.0,-1.0,-1,-1,-1,200,-1,110,-1,-1,-1,w3,1,2015-06-17 00:00:00,-1,-1,5405,-1,-1,-1,-1,-1,-1,-1,-1,-1,-1,2015-06-16 00:00:00,2015-06-16 00:00:00,-1,-1,0,-1,-1,-1,-1,0,-1,-1,0,-1,-1,-1,-1,2015-06-16 00:00:00,-1,-1,-1,-1.0,-1,-1.0,False,False,0,0,0,0,-1,-1,-1,-1,-1,-1,0,0
2015-06-17,2015-06-17 00:00:00,BP,Channel: 50 - Commercial,EAST CHICAGO IN - BUCKEYE (PLANT 6410),REGULAR,-1,-1,0,-1,0,-1,-1,-1,0,w6,-1,0,-1,-1.0,-1.0,-1,-1,-1,200,-1,110,-1,-1,-1,w4,1,2015-06-24 00:00:00,-1,-1,5405,-1,-1,-1,-1,-1,-1,-1,-1,-1,-1,2015-06-17 00:00:00,2015-06-17 00:00:00,-1,-1,0,-1,-1,-1,-1,0,-1,-1,0,-1,-1,-1,-1,2015-06-17 00:00:00,-1,-1,-1,-1.0,-1,-1.0,False,True,0,0,0,0,-1,-1,-1,-1,-1,-1,0,0
2015-06-18,2015-06-18 00:00:00,BP,Channel: 50 - Commercial,EAST CHICAGO IN - BUCKEYE (PLANT 6410),REGULAR,-1,-1,0,-1,0,-1,-1,-1,0,w6,-1,0,-1,-1.0,-1.0,-1,-1,-1,200,-1,110,-1,-1,-1,w4,1,2015-06-24 00:00:00,-1,-1,5405,-1,-1,-1,-1,-1,-1,-1,-1,-1,-1,2015-06-18 00:00:00,2015-06-18 00:00:00,-1,-1,0,-1,-1,-1,-1,0,-1,-1,0,-1,-1,-1,-1,2015-06-18 00:00:00,-1,-1,-1,-1.0,-1,-1.0,False,False,0,0,0,0,-1,-1,-1,-1,-1,-1,0,0
2015-06-19,2015-06-19 00:00:00,BP,Channel: 50 - Commercial,EAST CHICAGO IN - BUCKEYE (PLANT 6410),REGULAR,-1,-1,0,-1,0,-1,-1,-1,0,w6,-1,0,-1,-1.0,-1.0,-1,-1,-1,200,-1,110,-1,-1,-1,w4,1,2015-06-24 00:00:00,-1,-1,5405,-1,-1,-1,-1,-1,-1,-1,-1,-1,-1,2015-06-19 00:00:00,2015-06-19 00:00:00,-1,-1,0,-1,-1,-1,-1,0,-1,-1,0,-1,-1,-1,-1,2015-06-19 00:00:00,-1,-1,-1,-1.0,-1,-1.0,False,False,0,0,0,0,-1,-1,-1,-1,-1,-1,0,0
2015-06-20,2015-06-20 00:00:00,BP,Channel: 50 - Commercial,EAST CHICAGO IN - BUCKEYE (PLANT 6410),REGULAR,-1,37832,0,-1,0,-1,-1,0,0,w6,-1,0,0,-1.0,41615.0,-1,Available,-1,200,110%,110,-1,-1,-1,w4,0,2015-06-24 00:00:00,-1,Contract,5405,-1,37832,-1,41615,-1,0,-1,0,-1,190960,-1,2015-06-20 23:50:50,0,0,0,0,0,0,0,0,0,0,0,0,0,0,0,,-1,0,37832,-1.0,0,41615.0,False,False,0,0,0,0,-1,0,41615,-1,-1,-1,0,0
2015-06-21,2015-06-21 00:00:00,BP,Channel: 50 - Commercial,EAST CHICAGO IN - BUCKEYE (PLANT 6410),REGULAR,-1,37832,0,-1,1,0,-1,0,0,w6,-1,0,0,-1.0,41615.0,-1,Available,-1,200,110%,110,-1,-1,-1,w4,0,2015-06-24 00:00:00,-1,Contract,5405,-1,37832,-1,41615,-1,0,-1,0,-1,217302,-1,2015-06-21 23:50:54,0,0,0,0,0,0,0,0,0,0,0,0,0,0,0,,-1,0,37832,-1.0,0,41615.0,False,False,0,0,0,0,-1,0,41615,-1,-1,-1,0,0
2015-06-22,2015-06-22 00:00:00,BP,Channel: 50 - Commercial,EAST CHICAGO IN - BUCKEYE (PLANT 6410),REGULAR,-1,-1,0,-1,0,-1,-1,-1,0,w7,-1,0,-1,-1.0,-1.0,-1,-1,-1,200,-1,110,-1,-1,-1,w4,1,2015-06-24 00:00:00,-1,-1,5405,-1,-1,-1,-1,-1,-1,-1,-1,-1,-1,2015-06-22 00:00:00,2015-06-22 00:00:00,-1,-1,0,-1,-1,-1,-1,0,-1,-1,0,-1,-1,-1,-1,2015-06-22 00:00:00,-1,0,37832,-1.0,0,41615.0,True,False,0,0,0,0,-1,-1,-1,-1,-1,-1,0,0
2015-06-23,2015-06-23 00:00:00,BP,Channel: 50 - Commercial,EAST CHICAGO IN - BUCKEYE (PLANT 6410),REGULAR,-1,-1,0,-1,0,-1,-1,-1,0,w7,-1,0,-1,-1.0,-1.0,-1,-1,-1,200,-1,110,-1,-1,-1,w4,1,2015-06-24 00:00:00,-1,-1,5405,-1,-1,-1,-1,-1,-1,-1,-1,-1,-1,2015-06-23 00:00:00,2015-06-23 00:00:00,-1,-1,0,-1,-1,-1,-1,0,-1,-1,0,-1,-1,-1,-1,2015-06-23 00:00:00,-1,-1,-1,-1.0,-1,-1.0,False,False,0,0,0,0,-1,-1,-1,-1,-1,-1,0,0
2015-06-24,2015-06-24 00:00:00,BP,Channel: 50 - Commercial,EAST CHICAGO IN - BUCKEYE (PLANT 6410),REGULAR,-1,-1,0,-1,0,-1,-1,-1,0,w7,-1,0,-1,-1.0,-1.0,-1,-1,-1,200,-1,110,-1,-1,-1,w5,1,2015-07-01 00:00:00,-1,-1,5405,-1,-1,-1,-1,-1,-1,-1,-1,-1,-1,2015-06-24 00:00:00,2015-06-24 00:00:00,-1,-1,0,-1,-1,-1,-1,0,-1,-1,0,-1,-1,-1,-1,2015-06-24 00:00:00,-1,-1,-1,-1.0,-1,-1.0,False,True,0,0,0,0,-1,-1,-1,-1,-1,-1,0,0
2015-06-25,2015-06-25 00:00:00,BP,Channel: 50 - Commercial,EAST CHICAGO IN - BUCKEYE (PLANT 6410),REGULAR,-1,-1,0,-1,0,-1,-1,-1,0,w7,-1,0,-1,-1.0,-1.0,-1,-1,-1,200,-1,110,-1,-1,-1,w5,1,2015-07-01 00:00:00,-1,-1,5405,-1,-1,-1,-1,-1,-1,-1,-1,-1,-1,2015-06-25 00:00:00,2015-06-25 00:00:00,-1,-1,0,-1,-1,-1,-1,0,-1,-1,0,-1,-1,-1,-1,2015-06-25 00:00:00,-1,-1,-1,-1.0,-1,-1.0,False,False,0,0,0,0,-1,-1,-1,-1,-1,-1,0,0
2015-06-26,2015-06-26 00:00:00,BP,Channel: 50 - Commercial,EAST CHICAGO IN - BUCKEYE (PLANT 6410),REGULAR,-1,-1,0,-1,0,-1,-1,-1,0,w7,-1,0,-1,-1.0,-1.0,-1,-1,-1,200,-1,110,-1,-1,-1,w5,1,2015-07-01 00:00:00,-1,-1,5405,-1,-1,-1,-1,-1,-1,-1,-1,-1,-1,2015-06-26 00:00:00,2015-06-26 00:00:00,-1,-1,0,-1,-1,-1,-1,0,-1,-1,0,-1,-1,-1,-1,2015-06-26 00:00:00,-1,-1,-1,-1.0,-1,-1.0,False,False,0,0,0,0,-1,-1,-1,-1,-1,-1,0,0
2015-06-27,2015-06-27 00:00:00,BP,Channel: 50 - Commercial,EAST CHICAGO IN - BUCKEYE (PLANT 6410),REGULAR,-1,-1,0,-1,0,-1,-1,-1,0,w7,-1,0,-1,-1.0,-1.0,-1,-1,-1,200,-1,110,-1,-1,-1,w5,1,2015-07-01 00:00:00,-1,-1,5405,-1,-1,-1,-1,-1,-1,-1,-1,-1,-1,2015-06-27 00:00:00,2015-06-27 00:00:00,-1,-1,0,-1,-1,-1,-1,0,-1,-1,0,-1,-1,-1,-1,2015-06-27 00:00:00,-1,-1,-1,-1.0,-1,-1.0,False,False,0,0,0,0,-1,-1,-1,-1,-1,-1,0,0
2015-06-28,2015-06-28 00:00:00,BP,Channel: 50 - Commercial,EAST CHICAGO IN - BUCKEYE (PLANT 6410),REGULAR,-1,37832,0,-1,0,-1,-1,0,0,w7,-1,0,0,-1.0,41615.0,-1,Available,-1,200,110%,110,-1,-1,-1,w5,0,2015-07-01 00:00:00,-1,Contract,5405,-1,37832,-1,41615,-1,0,-1,0,-1,420446,-1,2015-06-28 23:49:55,0,0,0,0,0,0,0,0,0,0,0,0,0,0,0,,-1,0,37832,-1.0,0,41615.0,False,False,0,0,0,0,-1,0,41615,-1,-1,-1,0,0
2015-06-29,2015-06-29 00:00:00,BP,Channel: 50 - Commercial,EAST CHICAGO IN - BUCKEYE (PLANT 6410),REGULAR,-1,37832,0,-1,1,0,-1,0,0,w7,-1,0,0,-1.0,41615.0,-1,Available,-1,200,110%,110,-1,-1,-1,w5,0,2015-07-01 00:00:00,-1,Contract,5405,-1,37832,-1,41615,-1,0,-1,0,-1,451262,-1,2015-06-29 23:49:57,0,0,0,0,0,0,0,0,0,0,0,0,0,0,0,,-1,0,37832,-1.0,0,41615.0,False,False,0,0,0,0,-1,0,41615,-1,-1,-1,0,0
2015-06-30,2015-06-30 00:00:00,BP,Channel: 50 - Commercial,EAST CHICAGO IN - BUCKEYE (PLANT 6410),REGULAR,-1,-1,0,-1,0,-1,-1,-1,0,w8,-1,0,-1,-1.0,-1.0,-1,-1,-1,200,-1,110,-1,-1,-1,w5,1,2015-07-01 00:00:00,-1,-1,5405,-1,-1,-1,-1,-1,-1,-1,-1,-1,-1,2015-06-30 00:00:00,2015-06-30 00:00:00,-1,-1,0,-1,-1,-1,-1,0,-1,-1,0,-1,-1,-1,-1,2015-06-30 00:00:00,-1,0,37832,-1.0,0,41615.0,True,False,0,0,0,0,-1,-1,-1,-1,-1,-1,0,0
