,date,supplier_name,account_type,supplier_terminal_name,product_name,base_gallons_Daily,base_gallons_Weekly,lifted_gallons_daily_flag,lifted_gallons_daily_modified,Modified_WeeksByLiftedGallons,lifted_gallons_modified_WeeksByLiftedGallons,lifted_gallons_Daily,Lifted_actual_weekly,lifted_gallons_weekly_flag,WeeksByLiftedGallons,lifted_gallonsWeekly_modified_aposteriori,Modified_LiftedGallonsaposteriori,lifted_gallons_Weekly,beginning_gallons_Daily,beginning_gallons_Weekly,en_allocation_status_Daily,en_allocation_status_Weekly,percentage_allocation_Daily_actual,percentage_allocation_Daily,percentage_allocation_Weekly_actual,percentage_allocation_Weekly,alerts_ratability_Daily,alerts_ratability_Weekly,next_refresh_date_Daily,Week_switch,Modified_NRD,next_refresh_date_Weekly,en_account_type_Daily,en_account_type_Weekly,NRB_Daily,next_refresh_base_gallons_Daily,next_refresh_base_gallons_Weekly,remaining_gallons_Daily,remaining_gallons_Weekly,additional_gallons_allowed_Daily,additional_gallons_allowed_Weekly,additional_gallons_remaining_Daily,additional_gallons_remaining_Weekly,staging_id_Daily,staging_id_Weekly,execution_date_Daily,execution_date_Weekly,base_gallons_Monthly,Lifted_actual_monthly,lifted_gallons_monthly_flag,lifted_gallons_Monthly,beginning_gallons_Monthly,en_allocation_status_Monthly,percentage_allocation_Monthly_actual,percentage_allocation_Monthly,alerts_ratability_Monthly,next_refresh_date_Monthly,NRB_Monthly,next_refresh_base_gallons_Monthly,remaining_gallons_Monthly,additional_gallons_allowed_Monthly,additional_gallons_remaining_Monthly,execution_date_Monthly,base_gallons_Daily_Reconciled,base_gallons_Monthly_Reconciled,base_gallons_Weekly_Reconciled,beginning_gallons_Daily_Reconciled,beginning_gallons_Monthly_Reconciled,beginning_gallons_Weekly_Reconciled,sanityWeekly_CumulativeDaily_WeeksByLiftedGallons,sanityWeekly_CumulativeDaily_NextRefreshDate,computedWeekly,sanityComputedWeekly,computedMonthly,sanityComputedMonthly,remaining_gallons_Daily_Reconciled,remaining_gallons_Monthly_Reconciled,remaining_gallons_Weekly_Reconciled,additional_gallons_remaining_Daily_Reconciled,additional_gallons_remaining_Monthly_Reconciled,additional_gallons_remaining_Weekly_Reconciled,sanityMonthly_CumulativeDaily_WeeksByLiftedGallons,sanityMonthly_CumulativeDaily_WeeksByNextRefreshDate
2015-06-01,2015-06-01 00:00:00,BP,Channel: 50 - Commercial,CEDAR RAPIDS IA - BUCKEYE (PLANT 9120),DIESEL,-1,-1,0,-1,0,-1,-1,-1,0,w1,-1,0,-1,-1.0,-1.0,-1,-1,-1,-1,-1,-1,-1,-1,-1,w1,1,2015-06-03 00:00:00,-1,-1,41333,-1,-1,-1,-1,-1,-1,-1,-1,-1,-1,2015-06-01 00:00:00,2015-06-01 00:00:00,-1,-1,0,-1,-1,-1,-1,-1,-1,-1,0,-1,-1,-1,-1,2015-06-01 00:00:00,-1,-1,-1,-1.0,-1,-1.0,True,True,0,0,0,0,-1,-1,-1,-1,-1,-1,1,1
2015-06-02,2015-06-02 00:00:00,BP,Channel: 50 - Commercial,CEDAR RAPIDS IA - BUCKEYE (PLANT 9120),DIESEL,41333,289333,0,7399,0,7399,7399,163764,0,w1,7399,0,163764,82666.0,318266.0,Available,Available,200%,200,110%,110,-1,-1,06/03 00:00:00 CDT,w1,0,2015-06-03 00:00:00,Contract,Contract,41333,41333,289333,75267,154502,0,0,0,0,38,39,2015-06-02 08:00:57,2015-06-02 08:00:57,0,0,0,0,0,0,0,0,0,0,0,0,0,0,0,,41333,0,289333,82666.0,0,318266.0,False,False,0,0,0,0,75267,0,154502,-1,-1,-1,0,0
2015-06-03,2015-06-03 00:00:00,BP,Channel: 50 - Commercial,CEDAR RAPIDS IA - BUCKEYE (PLANT 9120),DIESEL,41333,289333,3,52206,0,14902,14902,14902,0,w2,14902,0,14902,82666.0,318266.0,Available,Available,200%,200,110%,110,-1,-1,06/04 00:00:00 CDT,w2,0,2015-06-10 00:00:00,Contract,Contract,41333,41333,289333,67764,303364,0,0,0,0,6033,6034,2015-06-03 07:40:38,2015-06-03 07:40:38,0,0,0,0,0,0,0,0,0,0,0,0,0,0,0,,41333,0,289333,82666.0,0,318266.0,True,False,0,0,0,0,30460,0,303364,-1,-1,-1,0,0
2015-06-04,2015-06-04 00:00:00,BP,Channel: 50 - Commercial,CEDAR RAPIDS IA - BUCKEYE (PLANT 9120),DIESEL,41333,289333,3,22404,1,37304,0,52206,0,w2,0,0,52206,82666.0,318266.0,Available,Available,200%,200,110%,110,-1,-1,06/05 00:00:00 CDT,w2,0,2015-06-10 00:00:00,Contract,Contract,41333,41333,289333,82666,266060,0,0,0,0,8778,8779,2015-06-04 05:31:03,2015-06-04 05:31:03,0,0,0,0,0,0,0,0,0,0,0,0,0,0,0,,41333,0,289333,82666.0,0,318266.0,True,False,0,0,0,0,60262,0,266060,-1,-1,-1,0,0
2015-06-05,2015-06-05 00:00:00,BP,Channel: 50 - Commercial,CEDAR RAPIDS IA - BUCKEYE (PLANT 9120),DIESEL,41333,289333,0,0,1,22404,0,74610,0,w2,0,0,74610,82666.0,318266.0,Available,Available,200%,200,110%,110,-1,-1,06/06 00:00:00 CDT,w2,0,2015-06-10 00:00:00,Contract,Contract,41333,41333,289333,82666,243656,0,0,0,0,11460,11461,2015-06-05 03:38:23,2015-06-05 03:38:23,0,0,0,0,0,0,0,0,0,0,0,0,0,0,0,,41333,0,289333,82666.0,0,318266.0,True,True,0,0,0,0,82666,0,243656,-1,-1,-1,0,0
2015-06-06,2015-06-06 00:00:00,BP,Channel: 50 - Commercial,CEDAR RAPIDS IA - BUCKEYE (PLANT 9120),DIESEL,-1,-1,0,-1,0,-1,-1,-1,0,w3,-1,0,-1,-1.0,-1.0,-1,-1,-1,200,-1,110,-1,-1,-1,w2,1,2015-06-10 00:00:00,-1,-1,41333,-1,-1,-1,-1,-1,-1,-1,-1,-1,-1,2015-06-06 00:00:00,2015-06-06 00:00:00,-1,-1,0,-1,-1,-1,-1,0,-1,-1,0,-1,-1,-1,-1,2015-06-06 00:00:00,41333,0,289333,82666.0,0,318266.0,True,False,0,0,0,0,-1,-1,-1,-1,-1,-1,0,0
2015-06-07,2015-06-07 00:00:00,BP,Channel: 50 - Commercial,CEDAR RAPIDS IA - BUCKEYE (PLANT 9120),DIESEL,-1,-1,0,-1,0,-1,-1,-1,0,w3,-1,0,-1,-1.0,-1.0,-1,-1,-1,200,-1,110,-1,-1,-1,w2,1,2015-06-10 00:00:00,-1,-1,41333,-1,-1,-1,-1,-1,-1,-1,-1,-1,-1,2015-06-07 00:00:00,2015-06-07 00:00:00,-1,-1,0,-1,-1,-1,-1,0,-1,-1,0,-1,-1,-1,-1,2015-06-07 00:00:00,-1,-1,-1,-1.0,-1,-1.0,False,False,0,0,0,0,-1,-1,-1,-1,-1,-1,0,0
2015-06-08,2015-06-08 00:00:00,BP,Channel: 50 - Commercial,CEDAR RAPIDS IA - BUCKEYE (PLANT 9120),DIESEL,41333,289333,0,29599,0,29599,29599,162096,0,w3,29599,0,162096,82666.0,318266.0,Available,Available,200%,200,110%,110,-1,-1,06/08 00:00:00 CDT,w2,0,2015-06-10 00:00:00,Contract,Contract,41333,41333,289333,53067,156170,0,0,0,0,13950,13951,2015-06-08 00:43:49,2015-06-08 00:43:49,0,0,0,0,0,0,0,0,0,0,0,0,0,0,0,,41333,0,289333,82666.0,0,318266.0,False,False,0,0,0,0,53067,0,156170,-1,-1,-1,0,0
2015-06-09,2015-06-09 00:00:00,BP,Channel: 50 - Commercial,CEDAR RAPIDS IA - BUCKEYE (PLANT 9120),DIESEL,-1,-1,0,-1,0,-1,-1,-1,0,w4,-1,0,-1,-1.0,-1.0,-1,-1,-1,200,-1,110,-1,-1,-1,w2,1,2015-06-10 00:00:00,-1,-1,41333,-1,-1,-1,-1,-1,-1,-1,-1,-1,-1,2015-06-09 00:00:00,2015-06-09 00:00:00,-1,-1,0,-1,-1,-1,-1,0,-1,-1,0,-1,-1,-1,-1,2015-06-09 00:00:00,41333,0,289333,82666.0,0,318266.0,True,False,0,0,0,0,-1,-1,-1,-1,-1,-1,0,0
2015-06-10,2015-06-10 00:00:00,BP,Channel: 50 - Commercial,CEDAR RAPIDS IA - BUCKEYE (PLANT 9120),DIESEL,41333,289333,3,59476,0,7500,7500,7500,0,w4,7500,0,7500,82666.0,318266.0,Available,Available,200%,200,110%,110,-1,-1,06/11 00:00:00 CDT,w3,0,2015-06-17 00:00:00,Contract,Contract,41333,41333,289333,75166,310766,0,0,0,0,20586,20587,2015-06-10 01:01:32,2015-06-10 01:01:32,0,0,0,0,0,0,0,0,0,0,0,0,0,0,0,,41333,0,289333,82666.0,0,318266.0,False,False,59476,True,0,0,23190,0,310766,-1,-1,-1,0,0
2015-06-11,2015-06-11 00:00:00,BP,Channel: 50 - Commercial,CEDAR RAPIDS IA - BUCKEYE (PLANT 9120),DIESEL,41333,289333,0,7700,1,59676,7700,67176,0,w4,7700,0,67176,82666.0,318266.0,Available,Available,200%,200,110%,110,-1,-1,06/12 00:00:00 CDT,w3,0,2015-06-17 00:00:00,Contract,Contract,41333,41333,289333,74966,251090,0,0,0,0,23361,23362,2015-06-11 06:22:45,2015-06-11 06:22:45,0,0,0,0,0,0,0,0,0,0,0,0,0,0,0,,41333,0,289333,82666.0,0,318266.0,False,True,67176,True,0,0,74966,0,251090,-1,-1,-1,0,0
2015-06-12,2015-06-12 00:00:00,BP,Channel: 50 - Commercial,CEDAR RAPIDS IA - BUCKEYE (PLANT 9120),DIESEL,-1,-1,4,74359,0,-1,-1,-1,4,w5,-1,0,141535,-1.0,-1.0,-1,-1,-1,200,-1,110,-1,-1,-1,w3,1,2015-06-17 00:00:00,-1,-1,41333,-1,-1,-1,-1,-1,-1,-1,-1,-1,-1,2015-06-12 00:00:00,2015-06-12 00:00:00,-1,-1,0,-1,-1,-1,-1,0,-1,-1,0,-1,-1,-1,-1,2015-06-12 00:00:00,41333,0,289333,82666.0,0,318266.0,True,True,141535,True,0,0,-1,-1,-1,-1,-1,-1,0,0
2015-06-13,2015-06-13 00:00:00,BP,Channel: 50 - Commercial,CEDAR RAPIDS IA - BUCKEYE (PLANT 9120),DIESEL,41333,289333,3,30000,0,30000,30000,171535,0,w5,30000,0,171535,82666.0,318266.0,Available,Available,200%,200,110%,110,-1,-1,06/14 00:00:00 CDT,w3,0,2015-06-17 00:00:00,Contract,Contract,41333,41333,289333,52666,146731,0,0,0,0,51044,51045,2015-06-13 23:51:03,2015-06-13 23:51:03,0,0,0,0,0,0,0,0,0,0,0,0,0,0,0,,41333,0,289333,82666.0,0,318266.0,False,True,171535,True,0,0,52666,0,146731,-1,-1,-1,0,0
2015-06-14,2015-06-14 00:00:00,BP,Channel: 50 - Commercial,CEDAR RAPIDS IA - BUCKEYE (PLANT 9120),DIESEL,41333,289333,3,37202,0,37202,37202,208737,0,w5,37202,0,208737,82666.0,318266.0,Available,Available,200%,200,110%,110,-1,-1,06/15 00:00:00 CDT,w3,0,2015-06-17 00:00:00,Contract,Contract,41333,41333,289333,45464,109529,0,0,0,0,70828,70829,2015-06-14 23:50:56,2015-06-14 23:50:56,0,0,0,0,0,0,0,0,0,0,0,0,0,0,0,,41333,0,289333,82666.0,0,318266.0,False,True,208737,True,0,0,45464,0,109529,-1,-1,-1,0,0
2015-06-15,2015-06-15 00:00:00,BP,Channel: 50 - Commercial,CEDAR RAPIDS IA - BUCKEYE (PLANT 9120),DIESEL,41333,289333,3,37099,0,37099,37099,245836,0,w5,37099,0,245836,82666.0,318266.0,Available,Available,200%,200,110%,110,-1,-1,06/16 00:00:00 CDT,w3,0,2015-06-17 00:00:00,Contract,Contract,41333,41333,289333,45567,72430,0,0,0,0,101450,101451,2015-06-15 23:50:59,2015-06-15 23:50:59,0,0,0,0,0,0,0,0,0,0,0,0,0,0,0,,41333,0,289333,82666.0,0,318266.0,False,True,245836,True,0,0,45567,0,72430,-1,-1,-1,0,0
2015-06-16,2015-06-16 00:00:00,BP,Channel: 50 - Commercial,CEDAR RAPIDS IA - BUCKEYE (PLANT 9120),DIESEL,41333,289333,0,37097,0,37097,37097,282933,0,w5,37097,0,282933,82666.0,318266.0,Available,Available,200%,200,110%,110,-1,-1,06/17 00:00:00 CDT,w3,0,2015-06-17 00:00:00,Contract,Contract,41333,41333,289333,45569,35333,0,0,0,0,123666,123667,2015-06-16 23:50:52,2015-06-16 23:50:52,0,0,0,0,0,0,0,0,0,0,0,0,0,0,0,,41333,0,289333,82666.0,0,318266.0,False,True,282933,True,0,0,45569,0,35333,-1,-1,-1,0,0
2015-06-17,2015-06-17 00:00:00,BP,Channel: 50 - Commercial,CEDAR RAPIDS IA - BUCKEYE (PLANT 9120),DIESEL,41333,289333,3,51797,0,51797,51797,51797,0,w6,51797,0,51797,82666.0,318266.0,Available,Available,200%,200,110%,110,-1,-1,06/18 00:00:00 CDT,w4,0,2015-06-24 00:00:00,Contract,Contract,41333,41333,289333,30869,266469,0,0,0,0,142274,142275,2015-06-17 23:50:55,2015-06-17 23:50:55,0,0,0,0,0,0,0,0,0,0,0,0,0,0,0,,41333,0,289333,82666.0,0,318266.0,True,True,51797,True,0,0,30869,0,266469,-1,-1,-1,0,0
2015-06-18,2015-06-18 00:00:00,BP,Channel: 50 - Commercial,CEDAR RAPIDS IA - BUCKEYE (PLANT 9120),DIESEL,41333,289333,3,37099,0,37099,37099,88896,0,w6,37099,0,88896,82666.0,318266.0,Available,Available,200%,200,110%,110,-1,-1,06/19 00:00:00 CDT,w4,0,2015-06-24 00:00:00,Contract,Contract,41333,41333,289333,45567,229370,0,0,0,0,161072,161073,2015-06-18 23:50:53,2015-06-18 23:50:53,0,0,0,0,0,0,0,0,0,0,0,0,0,0,0,,41333,0,289333,82666.0,0,318266.0,True,True,88896,True,0,0,45567,0,229370,-1,-1,-1,0,0
2015-06-19,2015-06-19 00:00:00,BP,Channel: 50 - Commercial,CEDAR RAPIDS IA - BUCKEYE (PLANT 9120),DIESEL,41333,289333,3,37300,0,37300,37300,126196,0,w6,37300,0,126196,82666.0,318266.0,Available,Available,200%,200,110%,110,-1,-1,06/20 00:00:00 CDT,w4,0,2015-06-24 00:00:00,Contract,Contract,41333,41333,289333,45366,192070,0,0,0,0,177476,177477,2015-06-19 23:50:57,2015-06-19 23:50:57,0,0,0,0,0,0,0,0,0,0,0,0,0,0,0,,41333,0,289333,82666.0,0,318266.0,True,True,126196,True,0,0,45366,0,192070,-1,-1,-1,0,0
2015-06-20,2015-06-20 00:00:00,BP,Channel: 50 - Commercial,CEDAR RAPIDS IA - BUCKEYE (PLANT 9120),DIESEL,41333,289333,3,37102,0,37102,37102,163298,0,w6,37102,0,163298,82666.0,318266.0,Available,Available,200%,200,110%,110,-1,-1,06/21 00:00:00 CDT,w4,0,2015-06-24 00:00:00,Contract,Contract,41333,41333,289333,45564,154968,0,0,0,0,190949,190950,2015-06-20 23:50:50,2015-06-20 23:50:50,0,0,0,0,0,0,0,0,0,0,0,0,0,0,0,,41333,0,289333,82666.0,0,318266.0,True,True,163298,True,0,0,45564,0,154968,-1,-1,-1,0,0
2015-06-21,2015-06-21 00:00:00,BP,Channel: 50 - Commercial,CEDAR RAPIDS IA - BUCKEYE (PLANT 9120),DIESEL,41333,289333,3,36999,0,36999,36999,200297,0,w6,36999,0,200297,82666.0,318266.0,Available,Available,200%,200,110%,110,-1,-1,06/22 00:00:00 CDT,w4,0,2015-06-24 00:00:00,Contract,Contract,41333,41333,289333,45667,117969,0,0,0,0,217291,217292,2015-06-21 23:50:54,2015-06-21 23:50:54,0,0,0,0,0,0,0,0,0,0,0,0,0,0,0,,41333,0,289333,82666.0,0,318266.0,True,True,200297,True,0,0,45667,0,117969,-1,-1,-1,0,0
2015-06-22,2015-06-22 00:00:00,BP,Channel: 50 - Commercial,CEDAR RAPIDS IA - BUCKEYE (PLANT 9120),DIESEL,41333,289333,3,29600,0,29600,29600,229897,0,w6,29600,0,229897,82666.0,318266.0,Available,Available,200%,200,110%,110,-1,-1,06/23 00:00:00 CDT,w4,0,2015-06-24 00:00:00,Contract,Contract,41333,41333,289333,53066,88369,0,0,0,0,239280,239281,2015-06-22 23:50:50,2015-06-22 23:50:50,0,0,0,0,0,0,0,0,0,0,0,0,0,0,0,,41333,0,289333,82666.0,0,318266.0,True,True,229897,True,0,0,53066,0,88369,-1,-1,-1,0,0
2015-06-23,2015-06-23 00:00:00,BP,Channel: 50 - Commercial,CEDAR RAPIDS IA - BUCKEYE (PLANT 9120),DIESEL,41333,289333,0,37136,0,37136,37136,267033,0,w6,37136,0,267033,82666.0,318266.0,Available,Available,200%,200,110%,110,-1,-1,06/24 00:00:00 CDT,w4,0,2015-06-24 00:00:00,Contract,Contract,41333,41333,289333,45530,51233,8000,8000,8000,8000,278171,278172,2015-06-23 23:50:51,2015-06-23 23:50:51,0,0,0,0,0,0,0,0,0,0,0,0,0,0,0,,41333,0,289333,82666.0,0,318266.0,True,True,267033,True,0,0,45530,0,51233,-1,-1,-1,0,0
2015-06-24,2015-06-24 00:00:00,BP,Channel: 50 - Commercial,CEDAR RAPIDS IA - BUCKEYE (PLANT 9120),DIESEL,41333,289333,3,51998,0,51998,51998,51998,0,w7,51998,0,51998,82666.0,318266.0,Available,Available,200%,200,110%,110,-1,-1,06/25 00:00:00 CDT,w5,0,2015-07-01 00:00:00,Contract,Contract,41333,41333,289032,30668,266268,0,0,0,0,307355,307356,2015-06-24 23:49:55,2015-06-24 23:49:55,0,0,0,0,0,0,0,0,0,0,0,0,0,0,0,,41333,0,289333,82666.0,0,318266.0,True,True,51998,True,0,0,30668,0,266268,-1,-1,-1,0,0
2015-06-25,2015-06-25 00:00:00,BP,Channel: 50 - Commercial,CEDAR RAPIDS IA - BUCKEYE (PLANT 9120),DIESEL,41333,289333,3,37100,0,37100,37100,89098,0,w7,37100,0,89098,82666.0,318266.0,Available,Available,200%,200,110%,110,-1,-1,06/26 00:00:00 CDT,w5,0,2015-07-01 00:00:00,Contract,Contract,41333,41333,289032,45566,229168,0,0,0,0,338684,338685,2015-06-25 23:49:53,2015-06-25 23:49:53,0,0,0,0,0,0,0,0,0,0,0,0,0,0,0,,41333,0,289333,82666.0,0,318266.0,True,True,89098,True,0,0,45566,0,229168,-1,-1,-1,0,0
2015-06-26,2015-06-26 00:00:00,BP,Channel: 50 - Commercial,CEDAR RAPIDS IA - BUCKEYE (PLANT 9120),DIESEL,41333,289333,3,37599,0,37599,37599,126697,0,w7,37599,0,126697,82666.0,318266.0,Available,Available,200%,200,110%,110,-1,-1,06/27 00:00:00 CDT,w5,0,2015-07-01 00:00:00,Contract,Contract,41333,41333,289032,45067,191569,0,0,0,0,368992,368993,2015-06-26 23:50:00,2015-06-26 23:50:00,0,0,0,0,0,0,0,0,0,0,0,0,0,0,0,,41333,0,289333,82666.0,0,318266.0,True,True,126697,True,0,0,45067,0,191569,-1,-1,-1,0,0
2015-06-27,2015-06-27 00:00:00,BP,Channel: 50 - Commercial,CEDAR RAPIDS IA - BUCKEYE (PLANT 9120),DIESEL,41333,289333,3,44703,0,44703,44703,171400,0,w7,44703,0,171400,82666.0,318266.0,Available,Available,200%,200,110%,110,-1,-1,06/28 00:00:00 CDT,w5,0,2015-07-01 00:00:00,Contract,Contract,41333,41333,289032,37963,146866,0,0,0,0,396074,396075,2015-06-27 23:49:55,2015-06-27 23:49:55,0,0,0,0,0,0,0,0,0,0,0,0,0,0,0,,41333,0,289333,82666.0,0,318266.0,True,True,171400,True,0,0,37963,0,146866,-1,-1,-1,0,0
2015-06-28,2015-06-28 00:00:00,BP,Channel: 50 - Commercial,CEDAR RAPIDS IA - BUCKEYE (PLANT 9120),DIESEL,41333,289333,3,29599,0,29599,29599,200999,0,w7,29599,0,200999,82666.0,318266.0,Available,Available,200%,200,110%,110,-1,-1,06/29 00:00:00 CDT,w5,0,2015-07-01 00:00:00,Contract,Contract,41333,41333,289032,53067,117267,0,0,0,0,420435,420436,2015-06-28 23:49:55,2015-06-28 23:49:55,0,0,0,0,0,0,0,0,0,0,0,0,0,0,0,,41333,0,289333,82666.0,0,318266.0,True,True,200999,True,0,0,53067,0,117267,-1,-1,-1,0,0
2015-06-29,2015-06-29 00:00:00,BP,Channel: 50 - Commercial,CEDAR RAPIDS IA - BUCKEYE (PLANT 9120),DIESEL,41333,289333,3,37099,0,37099,37099,238098,0,w7,37099,0,238098,82666.0,318266.0,Available,Available,200%,200,110%,110,-1,-1,06/30 00:00:00 CDT,w5,0,2015-07-01 00:00:00,Contract,Contract,41333,41333,289032,45567,80168,8000,8000,8000,8000,451251,451252,2015-06-29 23:49:57,2015-06-29 23:49:57,0,0,0,0,0,0,0,0,0,0,0,0,0,0,0,,41333,0,289333,82666.0,0,318266.0,True,True,238098,True,0,0,45567,0,80168,-1,-1,-1,0,0
2015-06-30,2015-06-30 00:00:00,BP,Channel: 50 - Commercial,CEDAR RAPIDS IA - BUCKEYE (PLANT 9120),DIESEL,41333,289333,0,38400,0,38400,38400,276498,0,w7,38400,0,276498,82666.0,318266.0,Available,Available,200%,200,110%,110,-1,-1,07/01 00:00:00 CDT,w5,0,2015-07-01 00:00:00,Contract,Contract,41290,41290,289032,44266,41768,8000,8000,8000,8000,477916,477917,2015-06-30 23:50:16,2015-06-30 23:50:16,0,0,0,0,0,0,0,0,0,0,0,0,0,0,0,,41333,0,289333,82666.0,0,318266.0,True,True,276498,True,0,0,44266,0,41768,-1,-1,-1,0,0
