,date,supplier_name,account_type,supplier_terminal_name,product_name,base_gallons_Daily,base_gallons_Weekly,lifted_gallons_daily_flag,lifted_gallons_daily_modified,Modified_WeeksByLiftedGallons,lifted_gallons_modified_WeeksByLiftedGallons,lifted_gallons_Daily,Lifted_actual_weekly,lifted_gallons_weekly_flag,WeeksByLiftedGallons,lifted_gallonsWeekly_modified_aposteriori,Modified_LiftedGallonsaposteriori,lifted_gallons_Weekly,beginning_gallons_Daily,beginning_gallons_Weekly,en_allocation_status_Daily,en_allocation_status_Weekly,percentage_allocation_Daily_actual,percentage_allocation_Daily,percentage_allocation_Weekly_actual,percentage_allocation_Weekly,alerts_ratability_Daily,alerts_ratability_Weekly,next_refresh_date_Daily,Week_switch,Modified_NRD,next_refresh_date_Weekly,en_account_type_Daily,en_account_type_Weekly,NRB_Daily,next_refresh_base_gallons_Daily,next_refresh_base_gallons_Weekly,remaining_gallons_Daily,remaining_gallons_Weekly,additional_gallons_allowed_Daily,additional_gallons_allowed_Weekly,additional_gallons_remaining_Daily,additional_gallons_remaining_Weekly,staging_id_Daily,staging_id_Weekly,execution_date_Daily,execution_date_Weekly,base_gallons_Monthly,Lifted_actual_monthly,lifted_gallons_monthly_flag,lifted_gallons_Monthly,beginning_gallons_Monthly,en_allocation_status_Monthly,percentage_allocation_Monthly_actual,percentage_allocation_Monthly,alerts_ratability_Monthly,next_refresh_date_Monthly,NRB_Monthly,next_refresh_base_gallons_Monthly,remaining_gallons_Monthly,additional_gallons_allowed_Monthly,additional_gallons_remaining_Monthly,execution_date_Monthly,base_gallons_Daily_Reconciled,base_gallons_Monthly_Reconciled,base_gallons_Weekly_Reconciled,beginning_gallons_Daily_Reconciled,beginning_gallons_Monthly_Reconciled,beginning_gallons_Weekly_Reconciled,sanityWeekly_CumulativeDaily_WeeksByLiftedGallons,sanityWeekly_CumulativeDaily_NextRefreshDate,computedWeekly,sanityComputedWeekly,computedMonthly,sanityComputedMonthly,remaining_gallons_Daily_Reconciled,remaining_gallons_Monthly_Reconciled,remaining_gallons_Weekly_Reconciled,additional_gallons_remaining_Daily_Reconciled,additional_gallons_remaining_Monthly_Reconciled,additional_gallons_remaining_Weekly_Reconciled,sanityMonthly_CumulativeDaily_WeeksByLiftedGallons,sanityMonthly_CumulativeDaily_WeeksByNextRefreshDate
2015-06-01,2015-06-01 00:00:00,BP,Channel: 50 - Commercial,SOUTH BEND IN - BUCKEYE (PLANT 9121),DIESEL,-1,-1,0,-1,0,-1,-1,-1,0,w1,-1,0,-1,-1.0,-1.0,-1,-1,-1,-1,-1,-1,-1,-1,-1,w1,1,2015-06-03 00:00:00,-1,-1,75778,-1,-1,-1,-1,-1,-1,-1,-1,-1,-1,2015-06-01 00:00:00,2015-06-01 00:00:00,-1,-1,0,-1,-1,-1,-1,-1,-1,-1,0,-1,-1,-1,-1,2015-06-01 00:00:00,-1,-1,-1,-1.0,-1,-1.0,True,True,0,0,0,0,-1,-1,-1,-1,-1,-1,1,1
2015-06-02,2015-06-02 00:00:00,BP,Channel: 50 - Commercial,SOUTH BEND IN - BUCKEYE (PLANT 9121),DIESEL,75778,530444,0,37700,0,37700,37700,516107,0,w1,37700,0,516107,151556.0,583488.0,Available,Available,200%,200,110%,110,-1,-1,06/03 00:00:00 EDT,w1,0,2015-06-03 00:00:00,Contract,Contract,75778,75778,530444,113856,67381,8000,8000,8000,8000,64,65,2015-06-02 08:00:57,2015-06-02 08:00:57,0,0,0,0,0,0,0,0,0,0,0,0,0,0,0,,75778,0,530444,151556.0,0,583488.0,False,False,0,0,0,0,113856,0,67381,-1,-1,-1,0,0
2015-06-03,2015-06-03 00:00:00,BP,Channel: 50 - Commercial,SOUTH BEND IN - BUCKEYE (PLANT 9121),DIESEL,75778,530444,3,82411,0,30105,30105,30105,0,w2,30105,0,30105,151556.0,530444.0,Available,Available,200%,200,100%,100,-1,-1,06/04 00:00:00 EDT,w2,0,2015-06-10 00:00:00,Contract,Contract,75778,75778,530444,121451,500339,0,0,0,0,6059,6060,2015-06-03 07:40:38,2015-06-03 07:40:38,0,0,0,0,0,0,0,0,0,0,0,0,0,0,0,,75778,0,530444,151556.0,0,530444.0,True,False,0,0,0,0,69145,0,500339,-1,-1,-1,0,0
2015-06-04,2015-06-04 00:00:00,BP,Channel: 50 - Commercial,SOUTH BEND IN - BUCKEYE (PLANT 9121),DIESEL,75778,530444,3,119162,1,67210,14904,97315,0,w2,14904,0,97315,151556.0,530444.0,Available,Available,200%,200,100%,100,-1,-1,06/05 00:00:00 EDT,w2,0,2015-06-10 00:00:00,Contract,Contract,75778,75778,530444,136652,433129,0,0,0,0,8799,8800,2015-06-04 05:31:03,2015-06-04 05:31:03,0,0,0,0,0,0,0,0,0,0,0,0,0,0,0,,75778,0,530444,151556.0,0,530444.0,True,False,0,0,0,0,32394,0,433129,-1,-1,-1,0,0
2015-06-05,2015-06-05 00:00:00,BP,Channel: 50 - Commercial,SOUTH BEND IN - BUCKEYE (PLANT 9121),DIESEL,75778,530444,0,7501,1,111759,7501,209074,0,w2,7501,0,209074,151556.0,530444.0,Available,Available,200%,200,100%,100,-1,-1,06/06 00:00:00 EDT,w2,0,2015-06-10 00:00:00,Contract,Contract,75778,75778,530444,144055,321370,0,0,0,0,11481,11482,2015-06-05 03:38:23,2015-06-05 03:38:23,0,0,0,0,0,0,0,0,0,0,0,0,0,0,0,,75778,0,530444,151556.0,0,530444.0,True,True,0,0,0,0,144055,0,321370,-1,-1,-1,0,0
2015-06-06,2015-06-06 00:00:00,BP,Channel: 50 - Commercial,SOUTH BEND IN - BUCKEYE (PLANT 9121),DIESEL,-1,-1,0,-1,0,-1,-1,-1,0,w3,-1,0,-1,-1.0,-1.0,-1,-1,-1,200,-1,100,-1,-1,-1,w2,1,2015-06-10 00:00:00,-1,-1,75778,-1,-1,-1,-1,-1,-1,-1,-1,-1,-1,2015-06-06 00:00:00,2015-06-06 00:00:00,-1,-1,0,-1,-1,-1,-1,0,-1,-1,0,-1,-1,-1,-1,2015-06-06 00:00:00,75778,0,530444,151556.0,0,530444.0,True,False,0,0,0,0,-1,-1,-1,-1,-1,-1,0,0
2015-06-07,2015-06-07 00:00:00,BP,Channel: 50 - Commercial,SOUTH BEND IN - BUCKEYE (PLANT 9121),DIESEL,-1,-1,0,-1,0,-1,-1,-1,0,w3,-1,0,-1,-1.0,-1.0,-1,-1,-1,200,-1,100,-1,-1,-1,w2,1,2015-06-10 00:00:00,-1,-1,75778,-1,-1,-1,-1,-1,-1,-1,-1,-1,-1,2015-06-07 00:00:00,2015-06-07 00:00:00,-1,-1,0,-1,-1,-1,-1,0,-1,-1,0,-1,-1,-1,-1,2015-06-07 00:00:00,-1,-1,-1,-1.0,-1,-1.0,False,False,0,0,0,0,-1,-1,-1,-1,-1,-1,0,0
2015-06-08,2015-06-08 00:00:00,BP,Channel: 50 - Commercial,SOUTH BEND IN - BUCKEYE (PLANT 9121),DIESEL,-1,-1,0,-1,0,-1,-1,-1,0,w3,-1,0,-1,-1.0,-1.0,-1,-1,-1,200,-1,100,-1,-1,-1,w2,1,2015-06-10 00:00:00,-1,-1,75778,-1,-1,-1,-1,-1,-1,-1,-1,-1,-1,2015-06-08 00:00:00,2015-06-08 00:00:00,-1,-1,0,-1,-1,-1,-1,0,-1,-1,0,-1,-1,-1,-1,2015-06-08 00:00:00,-1,-1,-1,-1.0,-1,-1.0,False,False,0,0,0,0,-1,-1,-1,-1,-1,-1,0,0
2015-06-09,2015-06-09 00:00:00,BP,Channel: 50 - Commercial,SOUTH BEND IN - BUCKEYE (PLANT 9121),DIESEL,-1,-1,0,-1,0,-1,-1,-1,0,w3,-1,0,-1,-1.0,-1.0,-1,-1,-1,200,-1,100,-1,-1,-1,w2,1,2015-06-10 00:00:00,-1,-1,75778,-1,-1,-1,-1,-1,-1,-1,-1,-1,-1,2015-06-09 00:00:00,2015-06-09 00:00:00,-1,-1,0,-1,-1,-1,-1,0,-1,-1,0,-1,-1,-1,-1,2015-06-09 00:00:00,-1,-1,-1,-1.0,-1,-1.0,False,False,0,0,0,0,-1,-1,-1,-1,-1,-1,0,0
2015-06-10,2015-06-10 00:00:00,BP,Channel: 50 - Commercial,SOUTH BEND IN - BUCKEYE (PLANT 9121),DIESEL,-1,-1,0,-1,0,-1,-1,-1,0,w3,-1,0,-1,-1.0,-1.0,-1,-1,-1,200,-1,100,-1,-1,-1,w3,1,2015-06-17 00:00:00,-1,-1,75778,-1,-1,-1,-1,-1,-1,-1,-1,-1,-1,2015-06-10 00:00:00,2015-06-10 00:00:00,-1,-1,0,-1,-1,-1,-1,0,-1,-1,0,-1,-1,-1,-1,2015-06-10 00:00:00,-1,-1,-1,-1.0,-1,-1.0,False,True,0,0,0,0,-1,-1,-1,-1,-1,-1,0,0
2015-06-11,2015-06-11 00:00:00,BP,Channel: 50 - Commercial,SOUTH BEND IN - BUCKEYE (PLANT 9121),DIESEL,-1,-1,0,-1,0,-1,-1,-1,0,w3,-1,0,-1,-1.0,-1.0,-1,-1,-1,200,-1,100,-1,-1,-1,w3,1,2015-06-17 00:00:00,-1,-1,75778,-1,-1,-1,-1,-1,-1,-1,-1,-1,-1,2015-06-11 00:00:00,2015-06-11 00:00:00,-1,-1,0,-1,-1,-1,-1,0,-1,-1,0,-1,-1,-1,-1,2015-06-11 00:00:00,-1,-1,-1,-1.0,-1,-1.0,False,False,0,0,0,0,-1,-1,-1,-1,-1,-1,0,0
2015-06-12,2015-06-12 00:00:00,BP,Channel: 50 - Commercial,SOUTH BEND IN - BUCKEYE (PLANT 9121),DIESEL,-1,-1,0,-1,0,-1,-1,-1,0,w3,-1,0,-1,-1.0,-1.0,-1,-1,-1,200,-1,100,-1,-1,-1,w3,1,2015-06-17 00:00:00,-1,-1,75778,-1,-1,-1,-1,-1,-1,-1,-1,-1,-1,2015-06-12 00:00:00,2015-06-12 00:00:00,-1,-1,0,-1,-1,-1,-1,0,-1,-1,0,-1,-1,-1,-1,2015-06-12 00:00:00,-1,-1,-1,-1.0,-1,-1.0,False,False,0,0,0,0,-1,-1,-1,-1,-1,-1,0,0
2015-06-13,2015-06-13 00:00:00,BP,Channel: 50 - Commercial,SOUTH BEND IN - BUCKEYE (PLANT 9121),DIESEL,-1,-1,0,-1,0,-1,-1,-1,0,w3,-1,0,-1,-1.0,-1.0,-1,-1,-1,200,-1,100,-1,-1,-1,w3,1,2015-06-17 00:00:00,-1,-1,75778,-1,-1,-1,-1,-1,-1,-1,-1,-1,-1,2015-06-13 00:00:00,2015-06-13 00:00:00,-1,-1,0,-1,-1,-1,-1,0,-1,-1,0,-1,-1,-1,-1,2015-06-13 00:00:00,-1,-1,-1,-1.0,-1,-1.0,False,False,0,0,0,0,-1,-1,-1,-1,-1,-1,0,0
2015-06-14,2015-06-14 00:00:00,BP,Channel: 50 - Commercial,SOUTH BEND IN - BUCKEYE (PLANT 9121),DIESEL,-1,-1,0,-1,0,-1,-1,-1,0,w3,-1,0,-1,-1.0,-1.0,-1,-1,-1,200,-1,100,-1,-1,-1,w3,1,2015-06-17 00:00:00,-1,-1,75778,-1,-1,-1,-1,-1,-1,-1,-1,-1,-1,2015-06-14 00:00:00,2015-06-14 00:00:00,-1,-1,0,-1,-1,-1,-1,0,-1,-1,0,-1,-1,-1,-1,2015-06-14 00:00:00,-1,-1,-1,-1.0,-1,-1.0,False,False,0,0,0,0,-1,-1,-1,-1,-1,-1,0,0
2015-06-15,2015-06-15 00:00:00,BP,Channel: 50 - Commercial,SOUTH BEND IN - BUCKEYE (PLANT 9121),DIESEL,-1,-1,0,-1,0,-1,-1,-1,0,w3,-1,0,-1,-1.0,-1.0,-1,-1,-1,200,-1,100,-1,-1,-1,w3,1,2015-06-17 00:00:00,-1,-1,75778,-1,-1,-1,-1,-1,-1,-1,-1,-1,-1,2015-06-15 00:00:00,2015-06-15 00:00:00,-1,-1,0,-1,-1,-1,-1,0,-1,-1,0,-1,-1,-1,-1,2015-06-15 00:00:00,-1,-1,-1,-1.0,-1,-1.0,False,False,0,0,0,0,-1,-1,-1,-1,-1,-1,0,0
2015-06-16,2015-06-16 00:00:00,BP,Channel: 50 - Commercial,SOUTH BEND IN - BUCKEYE (PLANT 9121),DIESEL,75778,530444,0,0,0,0,0,0,0,w3,0,0,0,151556.0,530444.0,Available,Available,200%,200,100%,100,-1,-1,06/17 00:00:00 EDT,w3,0,2015-06-17 00:00:00,Contract,Contract,75778,75778,530444,151556,530444,0,0,0,0,123688,123689,2015-06-16 23:50:52,2015-06-16 23:50:52,0,0,0,0,0,0,0,0,0,0,0,0,0,0,0,,75778,0,530444,151556.0,0,530444.0,False,False,0,0,0,0,151556,0,530444,-1,-1,-1,0,0
2015-06-17,2015-06-17 00:00:00,BP,Channel: 50 - Commercial,SOUTH BEND IN - BUCKEYE (PLANT 9121),DIESEL,75778,530444,3,44995,0,44995,44995,44995,0,w3,44995,0,44995,151556.0,530444.0,Available,Available,200%,200,100%,100,-1,-1,06/18 00:00:00 EDT,w4,0,2015-06-24 00:00:00,Contract,Contract,75778,75778,530444,106561,485449,0,0,0,0,142296,142297,2015-06-17 23:50:55,2015-06-17 23:50:55,0,0,0,0,0,0,0,0,0,0,0,0,0,0,0,,75778,0,530444,151556.0,0,530444.0,False,True,44995,True,0,0,106561,0,485449,-1,-1,-1,0,0
2015-06-18,2015-06-18 00:00:00,BP,Channel: 50 - Commercial,SOUTH BEND IN - BUCKEYE (PLANT 9121),DIESEL,75778,530444,3,67515,0,60012,60012,105007,0,w3,60012,0,105007,151556.0,530444.0,Available,Available,200%,200,100%,100,-1,-1,06/19 00:00:00 EDT,w4,0,2015-06-24 00:00:00,Contract,Contract,75778,75778,530444,91544,425437,0,0,0,0,161094,161095,2015-06-18 23:50:53,2015-06-18 23:50:53,0,0,0,0,0,0,0,0,0,0,0,0,0,0,0,,75778,0,530444,151556.0,0,530444.0,False,False,112510,True,0,0,84041,0,425437,-1,-1,-1,0,0
2015-06-19,2015-06-19 00:00:00,BP,Channel: 50 - Commercial,SOUTH BEND IN - BUCKEYE (PLANT 9121),DIESEL,75778,530444,3,66616,1,74119,66616,179126,0,w3,66616,0,179126,151556.0,530444.0,Available,Available,200%,200,100%,100,-1,-1,06/20 00:00:00 EDT,w4,0,2015-06-24 00:00:00,Contract,Contract,75778,75778,530444,84940,351318,0,0,0,0,177498,177499,2015-06-19 23:50:57,2015-06-19 23:50:57,0,0,0,0,0,0,0,0,0,0,0,0,0,0,0,,75778,0,530444,151556.0,0,530444.0,False,True,179126,True,0,0,84940,0,351318,-1,-1,-1,0,0
2015-06-20,2015-06-20 00:00:00,BP,Channel: 50 - Commercial,SOUTH BEND IN - BUCKEYE (PLANT 9121),DIESEL,75778,530444,3,66915,0,66915,66915,246041,0,w3,66915,0,246041,151556.0,530444.0,Available,Available,200%,200,100%,100,-1,-1,06/21 00:00:00 EDT,w4,0,2015-06-24 00:00:00,Contract,Contract,75778,75778,530444,84641,284403,0,0,0,0,190974,190975,2015-06-20 23:50:50,2015-06-20 23:50:50,0,0,0,0,0,0,0,0,0,0,0,0,0,0,0,,75778,0,530444,151556.0,0,530444.0,False,True,246041,True,0,0,84641,0,284403,-1,-1,-1,0,0
2015-06-21,2015-06-21 00:00:00,BP,Channel: 50 - Commercial,SOUTH BEND IN - BUCKEYE (PLANT 9121),DIESEL,75778,530444,3,36799,0,36799,36799,282840,0,w3,36799,0,282840,151556.0,530444.0,Available,Available,200%,200,100%,100,-1,-1,06/22 00:00:00 EDT,w4,0,2015-06-24 00:00:00,Contract,Contract,75778,75778,530444,114757,247604,0,0,0,0,217316,217317,2015-06-21 23:50:54,2015-06-21 23:50:54,0,0,0,0,0,0,0,0,0,0,0,0,0,0,0,,75778,0,530444,151556.0,0,530444.0,False,True,282840,True,0,0,114757,0,247604,-1,-1,-1,0,0
2015-06-22,2015-06-22 00:00:00,BP,Channel: 50 - Commercial,SOUTH BEND IN - BUCKEYE (PLANT 9121),DIESEL,75778,530444,3,52496,0,52496,52496,335336,0,w3,52496,0,335336,151556.0,583488.0,Available,Available,200%,200,110%,110,-1,-1,06/23 00:00:00 EDT,w4,0,2015-06-24 00:00:00,Contract,Contract,75778,75778,530444,99060,248152,0,0,0,0,239301,239302,2015-06-22 23:50:50,2015-06-22 23:50:50,0,0,0,0,0,0,0,0,0,0,0,0,0,0,0,,75778,0,530444,151556.0,0,583488.0,False,True,335336,True,0,0,99060,0,248152,-1,-1,-1,0,0
2015-06-23,2015-06-23 00:00:00,BP,Channel: 50 - Commercial,SOUTH BEND IN - BUCKEYE (PLANT 9121),DIESEL,75778,530444,0,82309,0,82309,82309,417645,0,w3,82309,0,417645,151556.0,583488.0,Available,Available,200%,200,110%,110,-1,-1,06/24 00:00:00 EDT,w4,0,2015-06-24 00:00:00,Contract,Contract,75778,75778,530444,69247,165843,0,0,0,0,278192,278193,2015-06-23 23:50:51,2015-06-23 23:50:51,0,0,0,0,0,0,0,0,0,0,0,0,0,0,0,,75778,0,530444,151556.0,0,583488.0,False,True,417645,True,0,0,69247,0,165843,-1,-1,-1,0,0
2015-06-24,2015-06-24 00:00:00,BP,Channel: 50 - Commercial,SOUTH BEND IN - BUCKEYE (PLANT 9121),DIESEL,75778,530444,3,82210,0,82210,82210,82210,0,w4,82210,0,82210,151556.0,583488.0,Available,Available,200%,200,110%,110,-1,-1,06/25 00:00:00 EDT,w5,0,2015-07-01 00:00:00,Contract,Contract,75778,75778,514839,69346,501278,0,0,0,0,307376,307377,2015-06-24 23:49:55,2015-06-24 23:49:55,0,0,0,0,0,0,0,0,0,0,0,0,0,0,0,,75778,0,530444,151556.0,0,583488.0,True,True,82210,True,0,0,69346,0,501278,-1,-1,-1,0,0
2015-06-25,2015-06-25 00:00:00,BP,Channel: 50 - Commercial,SOUTH BEND IN - BUCKEYE (PLANT 9121),DIESEL,75778,530444,3,89998,0,89998,89998,172208,0,w4,89998,0,172208,151556.0,583488.0,Available,Available,200%,200,110%,110,-1,-1,06/26 00:00:00 EDT,w5,0,2015-07-01 00:00:00,Contract,Contract,75778,75778,514839,61558,411280,0,0,0,0,338706,338707,2015-06-25 23:49:53,2015-06-25 23:49:53,0,0,0,0,0,0,0,0,0,0,0,0,0,0,0,,75778,0,530444,151556.0,0,583488.0,True,True,172208,True,0,0,61558,0,411280,-1,-1,-1,0,0
2015-06-26,2015-06-26 00:00:00,BP,Channel: 50 - Commercial,SOUTH BEND IN - BUCKEYE (PLANT 9121),DIESEL,75778,530444,3,67418,0,67418,67418,239626,0,w4,67418,0,239626,151556.0,583488.0,Available,Available,200%,200,110%,110,-1,-1,06/27 00:00:00 EDT,w5,0,2015-07-01 00:00:00,Contract,Contract,75778,75778,514839,84138,343862,0,0,0,0,369014,369015,2015-06-26 23:50:00,2015-06-26 23:50:00,0,0,0,0,0,0,0,0,0,0,0,0,0,0,0,,75778,0,530444,151556.0,0,583488.0,True,True,239626,True,0,0,84138,0,343862,-1,-1,-1,0,0
2015-06-27,2015-06-27 00:00:00,BP,Channel: 50 - Commercial,SOUTH BEND IN - BUCKEYE (PLANT 9121),DIESEL,75778,530444,3,59816,0,59816,59816,299442,0,w4,59816,0,299442,151556.0,583488.0,Available,Available,200%,200,110%,110,-1,-1,06/28 00:00:00 EDT,w5,0,2015-07-01 00:00:00,Contract,Contract,75778,75778,514839,91740,284046,0,0,0,0,396096,396097,2015-06-27 23:49:55,2015-06-27 23:49:55,0,0,0,0,0,0,0,0,0,0,0,0,0,0,0,,75778,0,530444,151556.0,0,583488.0,True,True,299442,True,0,0,91740,0,284046,-1,-1,-1,0,0
2015-06-28,2015-06-28 00:00:00,BP,Channel: 50 - Commercial,SOUTH BEND IN - BUCKEYE (PLANT 9121),DIESEL,75778,530444,3,52111,0,52111,52111,351553,0,w4,52111,0,351553,151556.0,583488.0,Available,Available,200%,200,110%,110,-1,-1,06/29 00:00:00 EDT,w5,0,2015-07-01 00:00:00,Contract,Contract,75778,75778,514839,99445,231935,0,0,0,0,420460,420461,2015-06-28 23:49:55,2015-06-28 23:49:55,0,0,0,0,0,0,0,0,0,0,0,0,0,0,0,,75778,0,530444,151556.0,0,583488.0,True,True,351553,True,0,0,99445,0,231935,-1,-1,-1,0,0
2015-06-29,2015-06-29 00:00:00,BP,Channel: 50 - Commercial,SOUTH BEND IN - BUCKEYE (PLANT 9121),DIESEL,75778,530444,3,59837,0,59837,59837,411390,0,w4,59837,0,411390,151556.0,583488.0,Available,Available,200%,200,110%,110,-1,-1,06/30 00:00:00 EDT,w5,0,2015-07-01 00:00:00,Contract,Contract,75778,75778,514839,91719,172098,0,0,0,0,451276,451277,2015-06-29 23:49:57,2015-06-29 23:49:57,0,0,0,0,0,0,0,0,0,0,0,0,0,0,0,,75778,0,530444,151556.0,0,583488.0,True,True,411390,True,0,0,91719,0,172098,-1,-1,-1,0,0
2015-06-30,2015-06-30 00:00:00,BP,Channel: 50 - Commercial,SOUTH BEND IN - BUCKEYE (PLANT 9121),DIESEL,75778,530444,0,89297,0,89297,89297,500687,0,w4,89297,0,500687,151556.0,583488.0,Available,Available,200%,200,110%,110,-1,-1,07/01 00:00:00 EDT,w5,0,2015-07-01 00:00:00,Contract,Contract,73548,73548,514839,62259,82801,8000,8000,8000,8000,477938,477939,2015-06-30 23:50:16,2015-06-30 23:50:16,0,0,0,0,0,0,0,0,0,0,0,0,0,0,0,,75778,0,530444,151556.0,0,583488.0,True,True,500687,True,0,0,62259,0,82801,-1,-1,-1,0,0
