,date,supplier_name,account_type,supplier_terminal_name,product_name,base_gallons_Daily,base_gallons_Monthly,base_gallons_Weekly,lifted_gallons_daily_flag,lifted_gallons_daily_modified,Modified_WeeksByLiftedGallons,lifted_gallons_modified_WeeksByLiftedGallons,lifted_gallons_Daily,Lifted_actual_monthly,lifted_gallons_monthly_flag,lifted_gallons_Monthly,Lifted_actual_weekly,lifted_gallons_weekly_flag,WeeksByLiftedGallons,lifted_gallonsWeekly_modified_aposteriori,Modified_LiftedGallonsaposteriori,lifted_gallons_Weekly,beginning_gallons_Daily,beginning_gallons_Monthly,beginning_gallons_Weekly,en_allocation_status_Daily,en_allocation_status_Monthly,en_allocation_status_Weekly,percentage_allocation_Daily_actual,percentage_allocation_Daily,percentage_allocation_Monthly_actual,percentage_allocation_Monthly,percentage_allocation_Weekly_actual,percentage_allocation_Weekly,alerts_ratability_Daily,alerts_ratability_Monthly,alerts_ratability_Weekly,next_refresh_date_Daily,next_refresh_date_Monthly,Week_switch,Modified_NRD,next_refresh_date_Weekly,en_account_type_Daily,en_account_type_Monthly,en_account_type_Weekly,NRB_Daily,next_refresh_base_gallons_Daily,NRB_Monthly,next_refresh_base_gallons_Monthly,next_refresh_base_gallons_Weekly,remaining_gallons_Daily,remaining_gallons_Monthly,remaining_gallons_Weekly,additional_gallons_allowed_Daily,additional_gallons_allowed_Monthly,additional_gallons_allowed_Weekly,additional_gallons_remaining_Daily,additional_gallons_remaining_Monthly,additional_gallons_remaining_Weekly,staging_id_Daily,staging_id_Monthly,staging_id_Weekly,base_gallons_Daily_Reconciled,base_gallons_Monthly_Reconciled,base_gallons_Weekly_Reconciled,beginning_gallons_Daily_Reconciled,beginning_gallons_Monthly_Reconciled,beginning_gallons_Weekly_Reconciled,sanityWeekly_CumulativeDaily_WeeksByLiftedGallons,sanityWeekly_CumulativeDaily_NextRefreshDate,computedWeekly,sanityComputedWeekly,computedMonthly,sanityComputedMonthly,remaining_gallons_Daily_Reconciled,remaining_gallons_Monthly_Reconciled,remaining_gallons_Weekly_Reconciled,additional_gallons_remaining_Daily_Reconciled,additional_gallons_remaining_Monthly_Reconciled,additional_gallons_remaining_Weekly_Reconciled,sanityMonthly_CumulativeDaily_WeeksByLiftedGallons,sanityMonthly_CumulativeDaily_WeeksByNextRefreshDate
2015-08-01,2015-08-01 00:00:00,Exxon,PILOT TRAVEL CENTERS LLC 103637 WS,MEMPHIS TN (MOC) - 00QE,Reg CBOB<9,-1,-1,-1,0,-1,0,-1,-1,-1,0,-1,-1,0,w1,-1,0,-1,-1,-1,-1,-1,-1,-1,-1,-1,-1,100,-1,-1,-1,-1,-1,-1,-1,w1,1,2015-08-06 00:00:00,-1,-1,-1,4342,-1,-1,-1,-1,-1,-1,-1,-1,-1,-1,-1,-1,-1,-1,-1,-1,-1,-1,-1,-1,-1,-1,True,True,0,0,0,0,-1,-1,-1,-1,-1,-1,1,1
2015-08-02,2015-08-02 00:00:00,Exxon,PILOT TRAVEL CENTERS LLC 103637 WS,MEMPHIS TN (MOC) - 00QE,Reg CBOB<9,-1,-1,-1,0,-1,0,-1,-1,-1,0,-1,-1,0,w1,-1,0,-1,-1,-1,-1,-1,-1,-1,-1,-1,-1,100,-1,-1,-1,-1,-1,-1,-1,w1,1,2015-08-06 00:00:00,-1,-1,-1,4342,-1,-1,-1,-1,-1,-1,-1,-1,-1,-1,-1,-1,-1,-1,-1,-1,-1,-1,-1,-1,-1,-1,False,False,0,0,0,0,-1,-1,-1,-1,-1,-1,0,0
2015-08-03,2015-08-03 00:00:00,Exxon,PILOT TRAVEL CENTERS LLC 103637 WS,MEMPHIS TN (MOC) - 00QE,Reg CBOB<9,-1,-1,-1,0,-1,0,-1,-1,-1,0,-1,-1,0,w1,-1,0,-1,-1,-1,-1,-1,-1,-1,-1,-1,-1,100,-1,-1,-1,-1,-1,-1,-1,w1,1,2015-08-06 00:00:00,-1,-1,-1,4342,-1,-1,-1,-1,-1,-1,-1,-1,-1,-1,-1,-1,-1,-1,-1,-1,-1,-1,-1,-1,-1,-1,False,False,0,0,0,0,-1,-1,-1,-1,-1,-1,0,0
2015-08-04,2015-08-04 00:00:00,Exxon,PILOT TRAVEL CENTERS LLC 103637 WS,MEMPHIS TN (MOC) - 00QE,Reg CBOB<9,-1,-1,-1,0,-1,0,-1,-1,-1,0,-1,-1,0,w1,-1,0,-1,-1,-1,-1,-1,-1,-1,-1,-1,-1,100,-1,-1,-1,-1,-1,-1,-1,w1,1,2015-08-06 00:00:00,-1,-1,-1,4342,-1,-1,-1,-1,-1,-1,-1,-1,-1,-1,-1,-1,-1,-1,-1,-1,-1,-1,-1,-1,-1,-1,False,False,0,0,0,0,-1,-1,-1,-1,-1,-1,0,0
2015-08-05,2015-08-05 00:00:00,Exxon,PILOT TRAVEL CENTERS LLC 103637 WS,MEMPHIS TN (MOC) - 00QE,Reg CBOB<9,-1,-1,-1,0,-1,0,-1,-1,-1,0,-1,-1,0,w1,-1,0,-1,-1,-1,-1,-1,-1,-1,-1,-1,-1,100,-1,-1,-1,-1,-1,-1,-1,w1,1,2015-08-06 00:00:00,-1,-1,-1,4342,-1,-1,-1,-1,-1,-1,-1,-1,-1,-1,-1,-1,-1,-1,-1,-1,-1,-1,-1,-1,-1,-1,False,False,0,0,0,0,-1,-1,-1,-1,-1,-1,0,0
2015-08-06,2015-08-06 00:00:00,Exxon,PILOT TRAVEL CENTERS LLC 103637 WS,MEMPHIS TN (MOC) - 00QE,Reg CBOB<9,-1,-1,-1,0,-1,0,-1,-1,-1,0,-1,-1,0,w1,-1,0,-1,-1,-1,-1,-1,-1,-1,-1,-1,-1,100,-1,-1,-1,-1,-1,-1,-1,w2,1,2015-08-13 00:00:00,-1,-1,-1,4342,-1,-1,-1,-1,-1,-1,-1,-1,-1,-1,-1,-1,-1,-1,-1,-1,-1,-1,-1,-1,-1,-1,False,True,0,0,0,0,-1,-1,-1,-1,-1,-1,0,0
2015-08-07,2015-08-07 00:00:00,Exxon,PILOT TRAVEL CENTERS LLC 103637 WS,MEMPHIS TN (MOC) - 00QE,Reg CBOB<9,-1,-1,-1,0,-1,0,-1,-1,-1,0,-1,-1,0,w1,-1,0,-1,-1,-1,-1,-1,-1,-1,-1,-1,-1,100,-1,-1,-1,-1,-1,-1,-1,w2,1,2015-08-13 00:00:00,-1,-1,-1,4342,-1,-1,-1,-1,-1,-1,-1,-1,-1,-1,-1,-1,-1,-1,-1,-1,-1,-1,-1,-1,-1,-1,False,False,0,0,0,0,-1,-1,-1,-1,-1,-1,0,0
2015-08-08,2015-08-08 00:00:00,Exxon,PILOT TRAVEL CENTERS LLC 103637 WS,MEMPHIS TN (MOC) - 00QE,Reg CBOB<9,-1,-1,-1,0,-1,0,-1,-1,-1,0,-1,-1,0,w1,-1,0,-1,-1,-1,-1,-1,-1,-1,-1,-1,-1,100,-1,-1,-1,-1,-1,-1,-1,w2,1,2015-08-13 00:00:00,-1,-1,-1,4342,-1,-1,-1,-1,-1,-1,-1,-1,-1,-1,-1,-1,-1,-1,-1,-1,-1,-1,-1,-1,-1,-1,False,False,0,0,0,0,-1,-1,-1,-1,-1,-1,0,0
2015-08-09,2015-08-09 00:00:00,Exxon,PILOT TRAVEL CENTERS LLC 103637 WS,MEMPHIS TN (MOC) - 00QE,Reg CBOB<9,-1,-1,-1,0,-1,0,-1,-1,-1,0,-1,-1,0,w1,-1,0,-1,-1,-1,-1,-1,-1,-1,-1,-1,-1,100,-1,-1,-1,-1,-1,-1,-1,w2,1,2015-08-13 00:00:00,-1,-1,-1,4342,-1,-1,-1,-1,-1,-1,-1,-1,-1,-1,-1,-1,-1,-1,-1,-1,-1,-1,-1,-1,-1,-1,False,False,0,0,0,0,-1,-1,-1,-1,-1,-1,0,0
2015-08-10,2015-08-10 00:00:00,Exxon,PILOT TRAVEL CENTERS LLC 103637 WS,MEMPHIS TN (MOC) - 00QE,Reg CBOB<9,-1,-1,-1,0,-1,0,-1,-1,-1,0,-1,-1,0,w1,-1,0,-1,-1,-1,-1,-1,-1,-1,-1,-1,-1,100,-1,-1,-1,-1,-1,-1,-1,w2,1,2015-08-13 00:00:00,-1,-1,-1,4342,-1,-1,-1,-1,-1,-1,-1,-1,-1,-1,-1,-1,-1,-1,-1,-1,-1,-1,-1,-1,-1,-1,False,False,0,0,0,0,-1,-1,-1,-1,-1,-1,0,0
2015-08-11,2015-08-11 00:00:00,Exxon,PILOT TRAVEL CENTERS LLC 103637 WS,MEMPHIS TN (MOC) - 00QE,Reg CBOB<9,-1,-1,-1,0,-1,0,-1,-1,-1,0,-1,-1,0,w1,-1,0,-1,-1,-1,-1,-1,-1,-1,-1,-1,-1,100,-1,-1,-1,-1,-1,-1,-1,w2,1,2015-08-13 00:00:00,-1,-1,-1,4342,-1,-1,-1,-1,-1,-1,-1,-1,-1,-1,-1,-1,-1,-1,-1,-1,-1,-1,-1,-1,-1,-1,False,False,0,0,0,0,-1,-1,-1,-1,-1,-1,0,0
2015-08-12,2015-08-12 00:00:00,Exxon,PILOT TRAVEL CENTERS LLC 103637 WS,MEMPHIS TN (MOC) - 00QE,Reg CBOB<9,-1,-1,-1,0,-1,0,-1,-1,-1,0,-1,-1,0,w1,-1,0,-1,-1,-1,-1,-1,-1,-1,-1,-1,-1,100,-1,-1,-1,-1,-1,-1,-1,w2,1,2015-08-13 00:00:00,-1,-1,-1,4342,-1,-1,-1,-1,-1,-1,-1,-1,-1,-1,-1,-1,-1,-1,-1,-1,-1,-1,-1,-1,-1,-1,False,False,0,0,0,0,-1,-1,-1,-1,-1,-1,0,0
2015-08-13,2015-08-13 00:00:00,Exxon,PILOT TRAVEL CENTERS LLC 103637 WS,MEMPHIS TN (MOC) - 00QE,Reg CBOB<9,-1,-1,-1,0,-1,0,-1,-1,-1,0,-1,-1,0,w1,-1,0,-1,-1,-1,-1,-1,-1,-1,-1,-1,-1,100,-1,-1,-1,-1,-1,-1,-1,w3,1,2015-08-20 00:00:00,-1,-1,-1,4342,-1,-1,-1,-1,-1,-1,-1,-1,-1,-1,-1,-1,-1,-1,-1,-1,-1,-1,-1,-1,-1,-1,False,True,0,0,0,0,-1,-1,-1,-1,-1,-1,0,0
2015-08-14,2015-08-14 00:00:00,Exxon,PILOT TRAVEL CENTERS LLC 103637 WS,MEMPHIS TN (MOC) - 00QE,Reg CBOB<9,-1,-1,-1,0,-1,0,-1,-1,-1,0,-1,-1,0,w1,-1,0,-1,-1,-1,-1,-1,-1,-1,-1,-1,-1,100,-1,-1,-1,-1,-1,-1,-1,w3,1,2015-08-20 00:00:00,-1,-1,-1,4342,-1,-1,-1,-1,-1,-1,-1,-1,-1,-1,-1,-1,-1,-1,-1,-1,-1,-1,-1,-1,-1,-1,False,False,0,0,0,0,-1,-1,-1,-1,-1,-1,0,0
2015-08-15,2015-08-15 00:00:00,Exxon,PILOT TRAVEL CENTERS LLC 103637 WS,MEMPHIS TN (MOC) - 00QE,Reg CBOB<9,-1,-1,-1,0,-1,0,-1,-1,-1,0,-1,-1,0,w1,-1,0,-1,-1,-1,-1,-1,-1,-1,-1,-1,-1,100,-1,-1,-1,-1,-1,-1,-1,w3,1,2015-08-20 00:00:00,-1,-1,-1,4342,-1,-1,-1,-1,-1,-1,-1,-1,-1,-1,-1,-1,-1,-1,-1,-1,-1,-1,-1,-1,-1,-1,False,False,0,0,0,0,-1,-1,-1,-1,-1,-1,0,0
2015-08-16,2015-08-16 00:00:00,Exxon,PILOT TRAVEL CENTERS LLC 103637 WS,MEMPHIS TN (MOC) - 00QE,Reg CBOB<9,-1,-1,-1,0,-1,0,-1,-1,-1,0,-1,-1,0,w1,-1,0,-1,-1,-1,-1,-1,-1,-1,-1,-1,-1,100,-1,-1,-1,-1,-1,-1,-1,w3,1,2015-08-20 00:00:00,-1,-1,-1,4342,-1,-1,-1,-1,-1,-1,-1,-1,-1,-1,-1,-1,-1,-1,-1,-1,-1,-1,-1,-1,-1,-1,False,False,0,0,0,0,-1,-1,-1,-1,-1,-1,0,0
2015-08-17,2015-08-17 00:00:00,Exxon,PILOT TRAVEL CENTERS LLC 103637 WS,MEMPHIS TN (MOC) - 00QE,Reg CBOB<9,-1,-1,-1,0,-1,0,-1,-1,-1,0,-1,-1,0,w1,-1,0,-1,-1,-1,-1,-1,-1,-1,-1,-1,-1,100,-1,-1,-1,-1,-1,-1,-1,w3,1,2015-08-20 00:00:00,-1,-1,-1,4342,-1,-1,-1,-1,-1,-1,-1,-1,-1,-1,-1,-1,-1,-1,-1,-1,-1,-1,-1,-1,-1,-1,False,False,0,0,0,0,-1,-1,-1,-1,-1,-1,0,0
2015-08-18,2015-08-18 00:00:00,Exxon,PILOT TRAVEL CENTERS LLC 103637 WS,MEMPHIS TN (MOC) - 00QE,Reg CBOB<9,4342,-1,30394,3,8600,0,8600,8600,-1,0,-1,38500,0,w1,8600,0,38500,6513,-1,42552,Out,-1,Out,150%,150,-1,100,140%,140,Above Trend,-1,On Track,08/19 00:00:00 CDT,-1,w3,0,2015-08-20 00:00:00,Contract,-1,Contract,4342,4342,-1,-1,30394,-2087,-1,6039,0,-1,0,0,-1,0,1871338,-1,1871339,4300,-1,30300,6513,-1,42551,False,False,0,0,0,0,-2087,-1,4052,-1,-1,-1,0,0
2015-08-19,2015-08-19 00:00:00,Exxon,PILOT TRAVEL CENTERS LLC 103637 WS,MEMPHIS TN (MOC) - 00QE,Reg CBOB<9,4342,-1,30394,0,8600,0,8600,8600,-1,0,-1,47100,0,w1,8600,0,47100,6513,-1,42552,Available,-1,Available,150%,150,-1,100,140%,140,Above Trend,-1,On Track,08/20 00:00:00 CDT,-1,w3,0,2015-08-20 00:00:00,Contract,-1,Contract,4342,4342,-1,-1,30394,-2087,-1,-2561,7500,-1,7500,7500,-1,7500,1903550,-1,1903551,4300,-1,30300,6513,-1,42551,False,False,0,0,0,0,-2087,-1,-4548,7500,-1,7500,0,0
2015-08-20,2015-08-20 00:00:00,Exxon,PILOT TRAVEL CENTERS LLC 103637 WS,MEMPHIS TN (MOC) - 00QE,Reg CBOB<9,4342,-1,30394,3,8900,0,8900,8900,-1,0,-1,8900,0,w2,8900,0,8900,6513,-1,42552,Out,-1,Out,150%,150,-1,100,140%,140,Above Trend,-1,Above Trend,08/21 00:00:00 CDT,-1,w4,0,2015-08-27 00:00:00,Contract,-1,Contract,4342,4342,-1,-1,30394,-2387,-1,33652,0,-1,0,0,-1,0,1946153,-1,1946154,4300,-1,30300,6513,-1,42551,True,True,8900,True,0,0,-2387,-1,33652,-1,-1,-1,0,0
2015-08-21,2015-08-21 00:00:00,Exxon,PILOT TRAVEL CENTERS LLC 103637 WS,MEMPHIS TN (MOC) - 00QE,Reg CBOB<9,4342,-1,30394,3,8200,0,8200,8200,-1,0,-1,17100,0,w2,8200,0,17100,6513,-1,42552,Out,-1,Out,150%,150,-1,100,140%,140,Above Trend,-1,Above Trend,08/22 00:00:00 CDT,-1,w4,0,2015-08-27 00:00:00,Contract,-1,Contract,4342,4342,-1,-1,30394,-1687,-1,25452,0,-1,0,0,-1,0,1985410,-1,1985411,4300,-1,30300,6513,-1,42551,True,True,17100,True,0,0,-1687,-1,25452,-1,-1,-1,0,0
2015-08-22,2015-08-22 00:00:00,Exxon,PILOT TRAVEL CENTERS LLC 103637 WS,MEMPHIS TN (MOC) - 00QE,Reg CBOB<9,4342,-1,30394,3,8600,0,8600,8600,-1,0,-1,25700,0,w2,8600,0,25700,6513,-1,42552,Out,-1,Out,150%,150,-1,100,140%,140,Above Trend,-1,Above Trend,08/23 00:00:00 CDT,-1,w4,0,2015-08-27 00:00:00,Contract,-1,Contract,4342,4342,-1,-1,30394,-2087,-1,16852,0,-1,0,0,-1,0,2022883,-1,2022884,4300,-1,30300,6513,-1,42551,True,True,25700,True,0,0,-2087,-1,16852,-1,-1,-1,0,0
2015-08-23,2015-08-23 00:00:00,Exxon,PILOT TRAVEL CENTERS LLC 103637 WS,MEMPHIS TN (MOC) - 00QE,Reg CBOB<9,4342,-1,30394,3,7350,0,7350,7350,-1,0,-1,33050,0,w2,7350,0,33050,6513,-1,42552,Out,-1,Out,150%,150,-1,100,140%,140,On Track,-1,Above Trend,08/24 00:00:00 CDT,-1,w4,0,2015-08-27 00:00:00,Contract,-1,Contract,4342,4342,-1,-1,30394,-837,-1,9502,0,-1,0,0,-1,0,2058918,-1,2058919,4300,-1,30300,6513,-1,42551,True,True,33050,True,0,0,-837,-1,9502,-1,-1,-1,0,0
2015-08-24,2015-08-24 00:00:00,Exxon,PILOT TRAVEL CENTERS LLC 103637 WS,MEMPHIS TN (MOC) - 00QE,Reg CBOB<9,4342,-1,30394,3,7400,0,7400,7400,-1,0,-1,40450,0,w2,7400,0,40450,6513,-1,42552,Out,-1,Out,150%,150,-1,100,140%,140,On Track,-1,Above Trend,08/25 00:00:00 CDT,-1,w4,0,2015-08-27 00:00:00,Contract,-1,Contract,4342,4342,-1,-1,30394,-887,-1,2102,0,-1,0,0,-1,0,2096965,-1,2096966,4300,-1,30300,6513,-1,42551,True,True,40450,True,0,0,-887,-1,2102,-1,-1,-1,0,0
2015-08-25,2015-08-25 00:00:00,Exxon,PILOT TRAVEL CENTERS LLC 103637 WS,MEMPHIS TN (MOC) - 00QE,Reg CBOB<9,4342,-1,30394,3,0,0,0,0,-1,0,-1,40450,0,w2,0,0,40450,6513,-1,42552,Available,-1,Available,150%,150,-1,100,140%,140,Below Trend,-1,On Track,08/26 00:00:00 CDT,-1,w4,0,2015-08-27 00:00:00,Contract,-1,Contract,4342,4342,-1,-1,30394,6513,-1,2102,0,-1,0,0,-1,0,2127963,-1,2127964,4300,-1,30300,6513,-1,42551,True,True,40450,True,0,0,6513,-1,2102,-1,-1,-1,0,0
2015-08-26,2015-08-26 00:00:00,Exxon,PILOT TRAVEL CENTERS LLC 103637 WS,MEMPHIS TN (MOC) - 00QE,Reg CBOB<9,4342,-1,30394,0,8500,0,8500,8500,-1,0,-1,48950,0,w2,8500,0,48950,6513,-1,42552,Out,-1,Out,150%,150,-1,100,140%,140,Above Trend,-1,On Track,08/27 00:00:00 CDT,-1,w4,0,2015-08-27 00:00:00,Contract,-1,Contract,4342,4342,-1,-1,30394,-1987,-1,-6398,0,-1,0,0,-1,0,2155552,-1,2155553,4300,-1,30300,6513,-1,42551,True,True,48950,True,0,0,-1987,-1,-6398,-1,-1,-1,0,0
2015-08-27,2015-08-27 00:00:00,Exxon,PILOT TRAVEL CENTERS LLC 103637 WS,MEMPHIS TN (MOC) - 00QE,Reg CBOB<9,4342,-1,30394,3,8000,0,8000,8000,-1,0,-1,8000,0,w3,8000,0,8000,6513,-1,42552,Out,-1,Out,150%,150,-1,100,140%,140,Above Trend,-1,Above Trend,08/28 00:00:00 CDT,-1,w5,0,2015-09-03 00:00:00,Contract,-1,Contract,4342,4342,-1,-1,30394,-1487,-1,34552,0,-1,0,0,-1,0,2182761,-1,2182762,4300,-1,30300,6513,-1,42551,True,True,8000,True,0,0,-1487,-1,34552,-1,-1,-1,0,0
2015-08-28,2015-08-28 00:00:00,Exxon,PILOT TRAVEL CENTERS LLC 103637 WS,MEMPHIS TN (MOC) - 00QE,Reg CBOB<9,4342,-1,30394,3,7400,0,0,0,-1,0,-1,8000,0,w3,0,0,8000,6513,-1,42552,Available,-1,Available,150%,150,-1,100,140%,140,Below Trend,-1,On Track,08/29 00:00:00 CDT,-1,w5,0,2015-09-03 00:00:00,Contract,-1,Contract,4342,4342,-1,-1,30394,6513,-1,34552,0,-1,0,0,-1,0,2190885,-1,2190886,4300,-1,30300,6513,-1,42551,True,False,15400,True,0,0,-887,-1,34552,-1,-1,-1,0,0
2015-08-29,2015-08-29 00:00:00,Exxon,PILOT TRAVEL CENTERS LLC 103637 WS,MEMPHIS TN (MOC) - 00QE,Reg CBOB<9,4342,-1,30394,3,7500,1,14900,7500,-1,0,-1,22900,0,w3,7500,0,22900,6513,-1,42552,Out,-1,Out,150%,150,-1,100,140%,140,Above Trend,-1,Above Trend,08/30 00:00:00 CDT,-1,w5,0,2015-09-03 00:00:00,Contract,-1,Contract,4342,4342,-1,-1,30394,-987,-1,19652,0,-1,0,0,-1,0,2240435,-1,2240436,4300,-1,30300,6513,-1,42551,True,True,22900,True,0,0,-987,-1,19652,-1,-1,-1,0,0
2015-08-30,2015-08-30 00:00:00,Exxon,PILOT TRAVEL CENTERS LLC 103637 WS,MEMPHIS TN (MOC) - 00QE,Reg CBOB<9,4342,-1,30394,3,7100,0,7100,7100,-1,0,-1,30000,0,w3,7100,0,30000,6513,-1,42552,Out,-1,Out,150%,150,-1,100,140%,140,Above Trend,-1,Above Trend,08/31 00:00:00 CDT,-1,w5,0,2015-09-03 00:00:00,Contract,-1,Contract,3230,3230,-1,-1,22610,-587,-1,12552,0,-1,0,0,-1,0,2248404,-1,2248405,4300,-1,30300,6513,-1,42551,True,True,30000,True,0,0,-587,-1,12552,-1,-1,-1,0,0
2015-08-31,2015-08-31 00:00:00,Exxon,PILOT TRAVEL CENTERS LLC 103637 WS,MEMPHIS TN (MOC) - 00QE,Reg CBOB<9,3230,-1,30394,0,0,0,0,0,-1,0,-1,30000,0,w3,0,0,30000,4845,-1,42552,Available,-1,Available,150%,150,-1,100,140%,140,Below Trend,-1,On Track,09/01 00:00:00 CDT,-1,w5,0,2015-09-03 00:00:00,Contract,-1,Contract,3230,3230,-1,-1,22610,4845,-1,12552,0,-1,0,0,-1,0,2292740,-1,2292741,3200,-1,30300,4845,-1,42551,True,True,30000,True,0,0,4845,-1,12552,-1,-1,-1,0,0
