,date,supplier_name,account_type,supplier_terminal_name,product_name,base_gallons_Daily,base_gallons_Monthly,base_gallons_Weekly,lifted_gallons_daily_flag,lifted_gallons_daily_modified,Modified_WeeksByLiftedGallons,lifted_gallons_modified_WeeksByLiftedGallons,lifted_gallons_Daily,Lifted_actual_monthly,lifted_gallons_monthly_flag,lifted_gallons_Monthly,Lifted_actual_weekly,lifted_gallons_weekly_flag,WeeksByLiftedGallons,lifted_gallonsWeekly_modified_aposteriori,Modified_LiftedGallonsaposteriori,lifted_gallons_Weekly,beginning_gallons_Daily,beginning_gallons_Monthly,beginning_gallons_Weekly,en_allocation_status_Daily,en_allocation_status_Monthly,en_allocation_status_Weekly,percentage_allocation_Daily_actual,percentage_allocation_Daily,percentage_allocation_Monthly_actual,percentage_allocation_Monthly,percentage_allocation_Weekly_actual,percentage_allocation_Weekly,alerts_ratability_Daily,alerts_ratability_Monthly,alerts_ratability_Weekly,next_refresh_date_Daily,next_refresh_date_Monthly,Week_switch,Modified_NRD,next_refresh_date_Weekly,en_account_type_Daily,en_account_type_Monthly,en_account_type_Weekly,NRB_Daily,next_refresh_base_gallons_Daily,NRB_Monthly,next_refresh_base_gallons_Monthly,next_refresh_base_gallons_Weekly,remaining_gallons_Daily,remaining_gallons_Monthly,remaining_gallons_Weekly,additional_gallons_allowed_Daily,additional_gallons_allowed_Monthly,additional_gallons_allowed_Weekly,additional_gallons_remaining_Daily,additional_gallons_remaining_Monthly,additional_gallons_remaining_Weekly,staging_id_Daily,staging_id_Monthly,staging_id_Weekly,base_gallons_Daily_Reconciled,base_gallons_Monthly_Reconciled,base_gallons_Weekly_Reconciled,beginning_gallons_Daily_Reconciled,beginning_gallons_Monthly_Reconciled,beginning_gallons_Weekly_Reconciled,sanityWeekly_CumulativeDaily_WeeksByLiftedGallons,sanityWeekly_CumulativeDaily_NextRefreshDate,computedWeekly,sanityComputedWeekly,computedMonthly,sanityComputedMonthly,remaining_gallons_Daily_Reconciled,remaining_gallons_Monthly_Reconciled,remaining_gallons_Weekly_Reconciled,additional_gallons_remaining_Daily_Reconciled,additional_gallons_remaining_Monthly_Reconciled,additional_gallons_remaining_Weekly_Reconciled,sanityMonthly_CumulativeDaily_WeeksByLiftedGallons,sanityMonthly_CumulativeDaily_WeeksByNextRefreshDate
2015-08-01,2015-08-01 00:00:00,Exxon,PILOT TRAVEL CENTERS LLC 103637 IW,MEMPHIS TN (MOC) - 00QE,Reg CBOB<9,4342,-1,30394,3,8500,0,8500,8500,-1,0,-1,15900,0,w1,8500,0,15900,6513,-1,42552,Out,-1,Out,150%,150,-1,100,140%,140,Above Trend,-1,On Track,08/02 00:00:00 CDT,-1,w1,0,2015-08-06 00:00:00,Contract,-1,Contract,4342,4342,-1,-1,30394,-1987,-1,26652,0,-1,0,0,-1,0,1273487,-1,1273488,4300,-1,30300,6513,-1,42551,True,True,8500,False,0,0,-1987,-1,26652,-1,-1,-1,0,0
2015-08-02,2015-08-02 00:00:00,Exxon,PILOT TRAVEL CENTERS LLC 103637 IW,MEMPHIS TN (MOC) - 00QE,Reg CBOB<9,4342,-1,30394,3,0,0,0,0,-1,0,-1,15900,0,w1,0,0,15900,6513,-1,42552,Available,-1,Available,150%,150,-1,100,140%,140,Below Trend,-1,Below Trend,08/03 00:00:00 CDT,-1,w1,0,2015-08-06 00:00:00,Contract,-1,Contract,4342,4342,-1,-1,30394,6513,-1,26652,0,-1,0,0,-1,0,1303446,-1,1303447,4300,-1,30300,6513,-1,42551,True,True,8500,False,0,0,6513,-1,26652,-1,-1,-1,0,0
2015-08-03,2015-08-03 00:00:00,Exxon,PILOT TRAVEL CENTERS LLC 103637 IW,MEMPHIS TN (MOC) - 00QE,Reg CBOB<9,4342,-1,30394,3,0,0,0,0,-1,0,-1,15900,0,w1,0,0,15900,6513,-1,42552,Available,-1,Available,150%,150,-1,100,140%,140,Below Trend,-1,Below Trend,08/04 00:00:00 CDT,-1,w1,0,2015-08-06 00:00:00,Contract,-1,Contract,4342,4342,-1,-1,30394,6513,-1,26652,0,-1,0,0,-1,0,1332765,-1,1332766,4300,-1,30300,6513,-1,42551,True,True,8500,False,0,0,6513,-1,26652,-1,-1,-1,0,0
2015-08-04,2015-08-04 00:00:00,Exxon,PILOT TRAVEL CENTERS LLC 103637 IW,MEMPHIS TN (MOC) - 00QE,Reg CBOB<9,4342,-1,30394,3,8100,0,8100,8100,-1,0,-1,24000,0,w1,8100,0,24000,6513,-1,42552,Out,-1,Out,150%,150,-1,100,140%,140,Above Trend,-1,Below Trend,08/05 00:00:00 CDT,-1,w1,0,2015-08-06 00:00:00,Contract,-1,Contract,4342,4342,-1,-1,30394,-1587,-1,18552,0,-1,0,0,-1,0,1362949,-1,1362950,4300,-1,30300,6513,-1,42551,True,True,16600,False,0,0,-1587,-1,18552,-1,-1,-1,0,0
2015-08-05,2015-08-05 00:00:00,Exxon,PILOT TRAVEL CENTERS LLC 103637 IW,MEMPHIS TN (MOC) - 00QE,Reg CBOB<9,4342,-1,30394,0,7405,0,7405,7405,-1,0,-1,31405,0,w1,7405,0,31405,6513,-1,42552,Out,-1,Out,150%,150,-1,100,140%,140,On Track,-1,Below Trend,08/06 00:00:00 CDT,-1,w1,0,2015-08-06 00:00:00,Contract,-1,Contract,4342,4342,-1,-1,30394,-892,-1,11147,0,-1,0,0,-1,0,1394115,-1,1394116,4300,-1,30300,6513,-1,42551,True,True,24005,False,0,0,-892,-1,11147,-1,-1,-1,0,0
2015-08-06,2015-08-06 00:00:00,Exxon,PILOT TRAVEL CENTERS LLC 103637 IW,MEMPHIS TN (MOC) - 00QE,Reg CBOB<9,4342,-1,30394,3,0,0,0,0,-1,0,-1,0,0,w2,0,0,0,6513,-1,42552,Available,-1,Available,150%,150,-1,100,140%,140,Below Trend,-1,Below Trend,08/07 00:00:00 CDT,-1,w2,0,2015-08-13 00:00:00,Contract,-1,Contract,4342,4342,-1,-1,30394,6513,-1,42552,0,-1,0,0,-1,0,1428305,-1,1428306,4300,-1,30300,6513,-1,42551,True,True,0,True,0,0,6513,-1,42552,-1,-1,-1,0,0
2015-08-07,2015-08-07 00:00:00,Exxon,PILOT TRAVEL CENTERS LLC 103637 IW,MEMPHIS TN (MOC) - 00QE,Reg CBOB<9,4342,-1,30394,3,8500,0,8500,8500,-1,0,-1,8500,0,w2,8500,0,8500,6513,-1,42552,Out,-1,Out,150%,150,-1,100,140%,140,Above Trend,-1,Below Trend,08/08 00:00:00 CDT,-1,w2,0,2015-08-13 00:00:00,Contract,-1,Contract,4342,4342,-1,-1,30394,-1987,-1,34052,0,-1,0,0,-1,0,1462817,-1,1462818,4300,-1,30300,6513,-1,42551,True,True,8500,True,0,0,-1987,-1,34052,-1,-1,-1,0,0
2015-08-08,2015-08-08 00:00:00,Exxon,PILOT TRAVEL CENTERS LLC 103637 IW,MEMPHIS TN (MOC) - 00QE,Reg CBOB<9,4342,-1,30394,3,7601,0,7601,7601,-1,0,-1,16101,0,w2,7601,0,16101,6513,-1,42552,Out,-1,Out,150%,150,-1,100,140%,140,Above Trend,-1,On Track,08/09 00:00:00 CDT,-1,w2,0,2015-08-13 00:00:00,Contract,-1,Contract,4342,4342,-1,-1,30394,-1088,-1,26451,0,-1,0,0,-1,0,1497106,-1,1497107,4300,-1,30300,6513,-1,42551,True,True,16101,True,0,0,-1088,-1,26451,-1,-1,-1,0,0
2015-08-09,2015-08-09 00:00:00,Exxon,PILOT TRAVEL CENTERS LLC 103637 IW,MEMPHIS TN (MOC) - 00QE,Reg CBOB<9,4342,-1,30394,3,8800,0,8800,8800,-1,0,-1,24901,0,w2,8800,0,24901,6513,-1,42552,Out,-1,Out,150%,150,-1,100,140%,140,Above Trend,-1,On Track,08/10 00:00:00 CDT,-1,w2,0,2015-08-13 00:00:00,Contract,-1,Contract,4342,4342,-1,-1,30394,-2287,-1,17651,0,-1,0,0,-1,0,1530791,-1,1530792,4300,-1,30300,6513,-1,42551,True,True,24901,True,0,0,-2287,-1,17651,-1,-1,-1,0,0
2015-08-10,2015-08-10 00:00:00,Exxon,PILOT TRAVEL CENTERS LLC 103637 IW,MEMPHIS TN (MOC) - 00QE,Reg CBOB<9,4342,-1,30394,3,5200,0,5200,5200,-1,0,-1,30101,0,w2,5200,0,30101,6513,-1,42552,Available,-1,Available,150%,150,-1,100,140%,140,On Track,-1,On Track,08/11 00:00:00 CDT,-1,w2,0,2015-08-13 00:00:00,Contract,-1,Contract,4342,4342,-1,-1,30394,1313,-1,12451,0,-1,0,0,-1,0,1563898,-1,1563899,4300,-1,30300,6513,-1,42551,True,True,30101,True,0,0,1313,-1,12451,-1,-1,-1,0,0
2015-08-11,2015-08-11 00:00:00,Exxon,PILOT TRAVEL CENTERS LLC 103637 IW,MEMPHIS TN (MOC) - 00QE,Reg CBOB<9,4342,-1,30394,3,0,0,0,0,-1,0,-1,30101,0,w2,0,0,30101,6513,-1,42552,Available,-1,Available,150%,150,-1,100,140%,140,Below Trend,-1,On Track,08/12 00:00:00 CDT,-1,w2,0,2015-08-13 00:00:00,Contract,-1,Contract,4342,4342,-1,-1,30394,6513,-1,12451,0,-1,0,0,-1,0,1595638,-1,1595639,4300,-1,30300,6513,-1,42551,True,True,30101,True,0,0,6513,-1,12451,-1,-1,-1,0,0
2015-08-12,2015-08-12 00:00:00,Exxon,PILOT TRAVEL CENTERS LLC 103637 IW,MEMPHIS TN (MOC) - 00QE,Reg CBOB<9,4342,-1,30394,0,8500,0,8500,8500,-1,0,-1,38601,0,w2,8500,0,38601,6513,-1,42552,Out,-1,Out,150%,150,-1,100,140%,140,Above Trend,-1,On Track,08/13 00:00:00 CDT,-1,w2,0,2015-08-13 00:00:00,Contract,-1,Contract,4342,4342,-1,-1,30394,-1987,-1,3951,0,-1,0,0,-1,0,1636143,-1,1636144,4300,-1,30300,6513,-1,42551,True,True,38601,True,0,0,-1987,-1,3951,-1,-1,-1,0,0
2015-08-13,2015-08-13 00:00:00,Exxon,PILOT TRAVEL CENTERS LLC 103637 IW,MEMPHIS TN (MOC) - 00QE,Reg CBOB<9,4342,-1,30394,0,6600,0,6600,6600,-1,0,-1,6600,0,w3,6600,0,6600,6513,-1,42552,Out,-1,Out,150%,150,-1,100,140%,140,Above Trend,-1,Above Trend,08/14 00:00:00 CDT,-1,w3,0,2015-08-20 00:00:00,Contract,-1,Contract,4342,4342,-1,-1,30394,-87,-1,35952,0,-1,0,0,-1,0,1648167,-1,1648168,4300,-1,30300,6513,-1,42551,True,True,0,0,0,0,-87,-1,35952,-1,-1,-1,0,0
2015-08-14,2015-08-14 00:00:00,Exxon,PILOT TRAVEL CENTERS LLC 103637 IW,MEMPHIS TN (MOC) - 00QE,Reg CBOB<9,-1,-1,-1,0,-1,0,-1,-1,-1,0,-1,-1,0,w4,-1,0,-1,-1,-1,-1,-1,-1,-1,-1,150,-1,100,-1,140,-1,-1,-1,-1,-1,w3,1,2015-08-20 00:00:00,-1,-1,-1,4342,-1,-1,-1,-1,-1,-1,-1,-1,-1,-1,-1,-1,-1,-1,-1,-1,4300,-1,30300,6513,-1,42551,True,False,0,0,0,0,-1,-1,-1,-1,-1,-1,0,0
2015-08-15,2015-08-15 00:00:00,Exxon,PILOT TRAVEL CENTERS LLC 103637 IW,MEMPHIS TN (MOC) - 00QE,Reg CBOB<9,-1,-1,-1,0,-1,0,-1,-1,-1,0,-1,-1,0,w4,-1,0,-1,-1,-1,-1,-1,-1,-1,-1,150,-1,100,-1,140,-1,-1,-1,-1,-1,w3,1,2015-08-20 00:00:00,-1,-1,-1,4342,-1,-1,-1,-1,-1,-1,-1,-1,-1,-1,-1,-1,-1,-1,-1,-1,-1,-1,-1,-1,-1,-1,False,False,0,0,0,0,-1,-1,-1,-1,-1,-1,0,0
2015-08-16,2015-08-16 00:00:00,Exxon,PILOT TRAVEL CENTERS LLC 103637 IW,MEMPHIS TN (MOC) - 00QE,Reg CBOB<9,-1,-1,-1,0,-1,0,-1,-1,-1,0,-1,-1,0,w4,-1,0,-1,-1,-1,-1,-1,-1,-1,-1,150,-1,100,-1,140,-1,-1,-1,-1,-1,w3,1,2015-08-20 00:00:00,-1,-1,-1,4342,-1,-1,-1,-1,-1,-1,-1,-1,-1,-1,-1,-1,-1,-1,-1,-1,-1,-1,-1,-1,-1,-1,False,False,0,0,0,0,-1,-1,-1,-1,-1,-1,0,0
2015-08-17,2015-08-17 00:00:00,Exxon,PILOT TRAVEL CENTERS LLC 103637 IW,MEMPHIS TN (MOC) - 00QE,Reg CBOB<9,-1,-1,-1,0,-1,0,-1,-1,-1,0,-1,-1,0,w4,-1,0,-1,-1,-1,-1,-1,-1,-1,-1,150,-1,100,-1,140,-1,-1,-1,-1,-1,w3,1,2015-08-20 00:00:00,-1,-1,-1,4342,-1,-1,-1,-1,-1,-1,-1,-1,-1,-1,-1,-1,-1,-1,-1,-1,-1,-1,-1,-1,-1,-1,False,False,0,0,0,0,-1,-1,-1,-1,-1,-1,0,0
2015-08-18,2015-08-18 00:00:00,Exxon,PILOT TRAVEL CENTERS LLC 103637 IW,MEMPHIS TN (MOC) - 00QE,Reg CBOB<9,-1,-1,-1,0,-1,0,-1,-1,-1,0,-1,-1,0,w4,-1,0,-1,-1,-1,-1,-1,-1,-1,-1,150,-1,100,-1,140,-1,-1,-1,-1,-1,w3,1,2015-08-20 00:00:00,-1,-1,-1,4342,-1,-1,-1,-1,-1,-1,-1,-1,-1,-1,-1,-1,-1,-1,-1,-1,-1,-1,-1,-1,-1,-1,False,False,0,0,0,0,-1,-1,-1,-1,-1,-1,0,0
2015-08-19,2015-08-19 00:00:00,Exxon,PILOT TRAVEL CENTERS LLC 103637 IW,MEMPHIS TN (MOC) - 00QE,Reg CBOB<9,-1,-1,-1,0,-1,0,-1,-1,-1,0,-1,-1,0,w4,-1,0,-1,-1,-1,-1,-1,-1,-1,-1,150,-1,100,-1,140,-1,-1,-1,-1,-1,w3,1,2015-08-20 00:00:00,-1,-1,-1,4342,-1,-1,-1,-1,-1,-1,-1,-1,-1,-1,-1,-1,-1,-1,-1,-1,-1,-1,-1,-1,-1,-1,False,False,0,0,0,0,-1,-1,-1,-1,-1,-1,0,0
2015-08-20,2015-08-20 00:00:00,Exxon,PILOT TRAVEL CENTERS LLC 103637 IW,MEMPHIS TN (MOC) - 00QE,Reg CBOB<9,-1,-1,-1,0,-1,0,-1,-1,-1,0,-1,-1,0,w4,-1,0,-1,-1,-1,-1,-1,-1,-1,-1,150,-1,100,-1,140,-1,-1,-1,-1,-1,w4,1,2015-08-27 00:00:00,-1,-1,-1,4342,-1,-1,-1,-1,-1,-1,-1,-1,-1,-1,-1,-1,-1,-1,-1,-1,-1,-1,-1,-1,-1,-1,False,True,0,0,0,0,-1,-1,-1,-1,-1,-1,0,0
2015-08-21,2015-08-21 00:00:00,Exxon,PILOT TRAVEL CENTERS LLC 103637 IW,MEMPHIS TN (MOC) - 00QE,Reg CBOB<9,-1,-1,-1,0,-1,0,-1,-1,-1,0,-1,-1,0,w4,-1,0,-1,-1,-1,-1,-1,-1,-1,-1,150,-1,100,-1,140,-1,-1,-1,-1,-1,w4,1,2015-08-27 00:00:00,-1,-1,-1,4342,-1,-1,-1,-1,-1,-1,-1,-1,-1,-1,-1,-1,-1,-1,-1,-1,-1,-1,-1,-1,-1,-1,False,False,0,0,0,0,-1,-1,-1,-1,-1,-1,0,0
2015-08-22,2015-08-22 00:00:00,Exxon,PILOT TRAVEL CENTERS LLC 103637 IW,MEMPHIS TN (MOC) - 00QE,Reg CBOB<9,-1,-1,-1,0,-1,0,-1,-1,-1,0,-1,-1,0,w4,-1,0,-1,-1,-1,-1,-1,-1,-1,-1,150,-1,100,-1,140,-1,-1,-1,-1,-1,w4,1,2015-08-27 00:00:00,-1,-1,-1,4342,-1,-1,-1,-1,-1,-1,-1,-1,-1,-1,-1,-1,-1,-1,-1,-1,-1,-1,-1,-1,-1,-1,False,False,0,0,0,0,-1,-1,-1,-1,-1,-1,0,0
2015-08-23,2015-08-23 00:00:00,Exxon,PILOT TRAVEL CENTERS LLC 103637 IW,MEMPHIS TN (MOC) - 00QE,Reg CBOB<9,-1,-1,-1,0,-1,0,-1,-1,-1,0,-1,-1,0,w4,-1,0,-1,-1,-1,-1,-1,-1,-1,-1,150,-1,100,-1,140,-1,-1,-1,-1,-1,w4,1,2015-08-27 00:00:00,-1,-1,-1,4342,-1,-1,-1,-1,-1,-1,-1,-1,-1,-1,-1,-1,-1,-1,-1,-1,-1,-1,-1,-1,-1,-1,False,False,0,0,0,0,-1,-1,-1,-1,-1,-1,0,0
2015-08-24,2015-08-24 00:00:00,Exxon,PILOT TRAVEL CENTERS LLC 103637 IW,MEMPHIS TN (MOC) - 00QE,Reg CBOB<9,-1,-1,-1,0,-1,0,-1,-1,-1,0,-1,-1,0,w4,-1,0,-1,-1,-1,-1,-1,-1,-1,-1,150,-1,100,-1,140,-1,-1,-1,-1,-1,w4,1,2015-08-27 00:00:00,-1,-1,-1,4342,-1,-1,-1,-1,-1,-1,-1,-1,-1,-1,-1,-1,-1,-1,-1,-1,-1,-1,-1,-1,-1,-1,False,False,0,0,0,0,-1,-1,-1,-1,-1,-1,0,0
2015-08-25,2015-08-25 00:00:00,Exxon,PILOT TRAVEL CENTERS LLC 103637 IW,MEMPHIS TN (MOC) - 00QE,Reg CBOB<9,-1,-1,-1,0,-1,0,-1,-1,-1,0,-1,-1,0,w4,-1,0,-1,-1,-1,-1,-1,-1,-1,-1,150,-1,100,-1,140,-1,-1,-1,-1,-1,w4,1,2015-08-27 00:00:00,-1,-1,-1,4342,-1,-1,-1,-1,-1,-1,-1,-1,-1,-1,-1,-1,-1,-1,-1,-1,-1,-1,-1,-1,-1,-1,False,False,0,0,0,0,-1,-1,-1,-1,-1,-1,0,0
2015-08-26,2015-08-26 00:00:00,Exxon,PILOT TRAVEL CENTERS LLC 103637 IW,MEMPHIS TN (MOC) - 00QE,Reg CBOB<9,-1,-1,-1,0,-1,0,-1,-1,-1,0,-1,-1,0,w4,-1,0,-1,-1,-1,-1,-1,-1,-1,-1,150,-1,100,-1,140,-1,-1,-1,-1,-1,w4,1,2015-08-27 00:00:00,-1,-1,-1,4342,-1,-1,-1,-1,-1,-1,-1,-1,-1,-1,-1,-1,-1,-1,-1,-1,-1,-1,-1,-1,-1,-1,False,False,0,0,0,0,-1,-1,-1,-1,-1,-1,0,0
2015-08-27,2015-08-27 00:00:00,Exxon,PILOT TRAVEL CENTERS LLC 103637 IW,MEMPHIS TN (MOC) - 00QE,Reg CBOB<9,-1,-1,-1,0,-1,0,-1,-1,-1,0,-1,-1,0,w4,-1,0,-1,-1,-1,-1,-1,-1,-1,-1,150,-1,100,-1,140,-1,-1,-1,-1,-1,w5,1,2015-09-03 00:00:00,-1,-1,-1,4342,-1,-1,-1,-1,-1,-1,-1,-1,-1,-1,-1,-1,-1,-1,-1,-1,-1,-1,-1,-1,-1,-1,False,True,0,0,0,0,-1,-1,-1,-1,-1,-1,0,0
2015-08-28,2015-08-28 00:00:00,Exxon,PILOT TRAVEL CENTERS LLC 103637 IW,MEMPHIS TN (MOC) - 00QE,Reg CBOB<9,-1,-1,-1,0,-1,0,-1,-1,-1,0,-1,-1,0,w4,-1,0,-1,-1,-1,-1,-1,-1,-1,-1,150,-1,100,-1,140,-1,-1,-1,-1,-1,w5,1,2015-09-03 00:00:00,-1,-1,-1,4342,-1,-1,-1,-1,-1,-1,-1,-1,-1,-1,-1,-1,-1,-1,-1,-1,-1,-1,-1,-1,-1,-1,False,False,0,0,0,0,-1,-1,-1,-1,-1,-1,0,0
2015-08-29,2015-08-29 00:00:00,Exxon,PILOT TRAVEL CENTERS LLC 103637 IW,MEMPHIS TN (MOC) - 00QE,Reg CBOB<9,-1,-1,-1,0,-1,0,-1,-1,-1,0,-1,-1,0,w4,-1,0,-1,-1,-1,-1,-1,-1,-1,-1,150,-1,100,-1,140,-1,-1,-1,-1,-1,w5,1,2015-09-03 00:00:00,-1,-1,-1,4342,-1,-1,-1,-1,-1,-1,-1,-1,-1,-1,-1,-1,-1,-1,-1,-1,-1,-1,-1,-1,-1,-1,False,False,0,0,0,0,-1,-1,-1,-1,-1,-1,0,0
2015-08-30,2015-08-30 00:00:00,Exxon,PILOT TRAVEL CENTERS LLC 103637 IW,MEMPHIS TN (MOC) - 00QE,Reg CBOB<9,-1,-1,-1,0,-1,0,-1,-1,-1,0,-1,-1,0,w4,-1,0,-1,-1,-1,-1,-1,-1,-1,-1,150,-1,100,-1,140,-1,-1,-1,-1,-1,w5,1,2015-09-03 00:00:00,-1,-1,-1,4342,-1,-1,-1,-1,-1,-1,-1,-1,-1,-1,-1,-1,-1,-1,-1,-1,-1,-1,-1,-1,-1,-1,False,False,0,0,0,0,-1,-1,-1,-1,-1,-1,0,0
2015-08-31,2015-08-31 00:00:00,Exxon,PILOT TRAVEL CENTERS LLC 103637 IW,MEMPHIS TN (MOC) - 00QE,Reg CBOB<9,-1,-1,-1,0,-1,0,-1,-1,-1,0,-1,-1,0,w4,-1,0,-1,-1,-1,-1,-1,-1,-1,-1,150,-1,100,-1,140,-1,-1,-1,-1,-1,w5,1,2015-09-03 00:00:00,-1,-1,-1,4342,-1,-1,-1,-1,-1,-1,-1,-1,-1,-1,-1,-1,-1,-1,-1,-1,-1,-1,-1,-1,-1,-1,False,False,0,0,0,0,-1,-1,-1,-1,-1,-1,0,0
