,date,supplier_name,account_type,supplier_terminal_name,product_name,base_gallons_Daily,base_gallons_Weekly,lifted_gallons_daily_flag,lifted_gallons_daily_modified,Modified_WeeksByLiftedGallons,lifted_gallons_modified_WeeksByLiftedGallons,lifted_gallons_Daily,Lifted_actual_weekly,lifted_gallons_weekly_flag,WeeksByLiftedGallons,lifted_gallonsWeekly_modified_aposteriori,Modified_LiftedGallonsaposteriori,lifted_gallons_Weekly,beginning_gallons_Daily,beginning_gallons_Weekly,en_allocation_status_Daily,en_allocation_status_Weekly,percentage_allocation_Daily_actual,percentage_allocation_Daily,percentage_allocation_Weekly_actual,percentage_allocation_Weekly,alerts_ratability_Daily,alerts_ratability_Weekly,next_refresh_date_Daily,Week_switch,Modified_NRD,next_refresh_date_Weekly,en_account_type_Daily,en_account_type_Weekly,NRB_Daily,next_refresh_base_gallons_Daily,next_refresh_base_gallons_Weekly,remaining_gallons_Daily,remaining_gallons_Weekly,additional_gallons_allowed_Daily,additional_gallons_allowed_Weekly,additional_gallons_remaining_Daily,additional_gallons_remaining_Weekly,staging_id_Daily,staging_id_Weekly,base_gallons_Monthly,Lifted_actual_monthly,lifted_gallons_monthly_flag,lifted_gallons_Monthly,beginning_gallons_Monthly,en_allocation_status_Monthly,percentage_allocation_Monthly_actual,percentage_allocation_Monthly,alerts_ratability_Monthly,next_refresh_date_Monthly,NRB_Monthly,next_refresh_base_gallons_Monthly,remaining_gallons_Monthly,additional_gallons_allowed_Monthly,additional_gallons_remaining_Monthly,base_gallons_Daily_Reconciled,base_gallons_Monthly_Reconciled,base_gallons_Weekly_Reconciled,beginning_gallons_Daily_Reconciled,beginning_gallons_Monthly_Reconciled,beginning_gallons_Weekly_Reconciled,sanityWeekly_CumulativeDaily_WeeksByLiftedGallons,sanityWeekly_CumulativeDaily_NextRefreshDate,computedWeekly,computedMonthly,sanityComputedMonthly,remaining_gallons_Daily_Reconciled,remaining_gallons_Monthly_Reconciled,remaining_gallons_Weekly_Reconciled,additional_gallons_remaining_Daily_Reconciled,additional_gallons_remaining_Monthly_Reconciled,additional_gallons_remaining_Weekly_Reconciled,sanityMonthly_CumulativeDaily_WeeksByLiftedGallons,sanityMonthly_CumulativeDaily_WeeksByNextRefreshDate
2015-06-01,2015-06-01 00:00:00,BP,Channel: 50 - Commercial,INDIANAPOLIS IN - BP (PLANT 0452),PREMIUM,-1,14898,0,-1,0,-1,-1,-1,0,w1,-1,0,-1,-1.0,16388.0,-1,-1,-1,100,-1,-1,-1,-1,-1,w1,1,2015-06-03 00:00:00,-1,-1,-1,-1,-1,-1,-1,-1,-1,-1,-1,-1,-1,0,-1,0,-1,0,-1,-1,-1,-1,-1,0,-1,-1,-1,-1,-1,0,-1638800,-1.0,0,-149,True,True,0,0,0,-1,1,16389,-1,-1,-1,1,1
2015-06-02,2015-06-02 00:00:00,BP,Channel: 50 - Commercial,INDIANAPOLIS IN - BP (PLANT 0452),PREMIUM,-1,14899,0,-1,0,-1,-1,16563,0,w1,-1,0,16563,-1.0,16389.0,-1,Available,-1,100,110%,110,-1,-1,-1,w1,0,2015-06-03 00:00:00,-1,Contract,-1,-1,14898,-1,-174,-1,8000,-1,8000,-1,53,0,0,0,0,0,0,0,0,0,0,0,0,0,0,0,-1,0,14899,-1.0,0,16388,False,False,0,0,0,-1,0,-174,-1,-1,8000,0,0
2015-06-03,2015-06-03 00:00:00,BP,Channel: 50 - Commercial,INDIANAPOLIS IN - BP (PLANT 0452),PREMIUM,-1,14898,3,9062,1,9062,-1,9062,0,w2,-1,0,9062,-1.0,16388.0,-1,Available,-1,100,110%,110,-1,-1,-1,w2,0,2015-06-10 00:00:00,-1,Contract,-1,-1,14898,-1,7326,-1,0,-1,0,-1,6048,0,0,0,0,0,0,0,0,0,0,0,0,0,0,0,-1,0,14898,-1.0,0,16387,True,True,0,0,0,-1,0,7326,-1,-1,-1,0,0
2015-06-04,2015-06-04 00:00:00,BP,Channel: 50 - Commercial,INDIANAPOLIS IN - BP (PLANT 0452),PREMIUM,-1,14898,3,2252,1,2252,-1,11314,0,w2,-1,0,11314,-1.0,16388.0,-1,Available,-1,100,110%,110,-1,-1,-1,w2,0,2015-06-10 00:00:00,-1,Contract,-1,-1,14898,-1,5074,-1,0,-1,0,-1,8788,0,0,0,0,0,0,0,0,0,0,0,0,0,0,0,-1,0,14898,-1.0,0,16387,True,True,0,0,0,-1,0,5074,-1,-1,-1,0,0
2015-06-05,2015-06-05 00:00:00,BP,Channel: 50 - Commercial,INDIANAPOLIS IN - BP (PLANT 0452),PREMIUM,-1,14898,3,0,1,0,-1,11314,0,w2,-1,0,11314,-1.0,16388.0,-1,Available,-1,100,110%,110,-1,-1,-1,w2,0,2015-06-10 00:00:00,-1,Contract,-1,-1,14898,-1,5074,-1,0,-1,0,-1,11470,0,0,0,0,0,0,0,0,0,0,0,0,0,0,0,-1,0,14898,-1.0,0,16387,True,True,0,0,0,-1,0,5074,-1,-1,-1,0,0
2015-06-06,2015-06-06 00:00:00,BP,Channel: 50 - Commercial,INDIANAPOLIS IN - BP (PLANT 0452),PREMIUM,-1,14898,0,-1,0,-1,-1,-1,0,w3,-1,0,-1,-1.0,16388.0,-1,-1,-1,100,-1,110,-1,-1,-1,w2,1,2015-06-10 00:00:00,-1,-1,-1,-1,-1,-1,-1,-1,-1,-1,-1,-1,-1,0,-1,0,-1,0,-1,-1,0,-1,-1,0,-1,-1,-1,-1,-1,0,14898,-1.0,0,16387,True,False,0,0,0,-1,1,16389,-1,-1,-1,0,0
2015-06-07,2015-06-07 00:00:00,BP,Channel: 50 - Commercial,INDIANAPOLIS IN - BP (PLANT 0452),PREMIUM,-1,14898,0,-1,0,-1,-1,-1,0,w3,-1,0,-1,-1.0,16388.0,-1,-1,-1,100,-1,110,-1,-1,-1,w2,1,2015-06-10 00:00:00,-1,-1,-1,-1,-1,-1,-1,-1,-1,-1,-1,-1,-1,0,-1,0,-1,0,-1,-1,0,-1,-1,0,-1,-1,-1,-1,-1,0,14898,-1.0,0,16387,False,False,0,0,0,-1,1,16389,-1,-1,-1,0,0
2015-06-08,2015-06-08 00:00:00,BP,Channel: 50 - Commercial,INDIANAPOLIS IN - BP (PLANT 0452),PREMIUM,-1,14898,0,-1,0,-1,-1,26536,0,w3,-1,0,26536,-1.0,16388.0,-1,Out,-1,100,110%,110,-1,-1,-1,w2,0,2015-06-10 00:00:00,-1,Contract,-1,-1,14898,-1,-732,-1,8000,-1,1416,-1,13963,0,0,0,0,0,0,0,0,0,0,0,0,0,0,0,-1,0,14898,-1.0,0,16387,False,False,0,0,0,-1,0,-10148,-1,-1,8000,0,0
2015-06-09,2015-06-09 00:00:00,BP,Channel: 50 - Commercial,INDIANAPOLIS IN - BP (PLANT 0452),PREMIUM,-1,14898,0,-1,0,-1,-1,-1,0,w4,-1,0,-1,-1.0,16388.0,-1,-1,-1,100,-1,110,-1,-1,-1,w2,1,2015-06-10 00:00:00,-1,-1,-1,-1,-1,-1,-1,-1,-1,-1,-1,-1,-1,0,-1,0,-1,0,-1,-1,0,-1,-1,0,-1,-1,-1,-1,-1,0,14898,-1.0,0,16387,True,False,0,0,0,-1,1,16389,-1,-1,-1,0,0
2015-06-10,2015-06-10 00:00:00,BP,Channel: 50 - Commercial,INDIANAPOLIS IN - BP (PLANT 0452),PREMIUM,-1,14898,3,0,0,-1,-1,0,0,w4,-1,0,0,-1.0,16388.0,-1,Available,-1,100,110%,110,-1,-1,-1,w3,0,2015-06-17 00:00:00,-1,Contract,-1,-1,14898,-1,16388,-1,0,-1,0,-1,20598,0,0,0,0,0,0,0,0,0,0,0,0,0,0,0,-1,0,14898,-1.0,0,16387,False,True,0,0,0,-1,0,16388,-1,-1,-1,0,0
2015-06-11,2015-06-11 00:00:00,BP,Channel: 50 - Commercial,INDIANAPOLIS IN - BP (PLANT 0452),PREMIUM,-1,14898,3,8217,1,8217,-1,8217,0,w4,-1,0,8217,-1.0,16388.0,-1,Available,-1,100,110%,110,-1,-1,-1,w3,0,2015-06-17 00:00:00,-1,Contract,-1,-1,14898,-1,8171,-1,0,-1,0,-1,23373,0,0,0,0,0,0,0,0,0,0,0,0,0,0,0,-1,0,14898,-1.0,0,16387,False,True,0,0,0,-1,0,8171,-1,-1,-1,0,0
2015-06-12,2015-06-12 00:00:00,BP,Channel: 50 - Commercial,INDIANAPOLIS IN - BP (PLANT 0452),PREMIUM,-1,14898,0,-1,0,-1,-1,-1,0,w5,-1,0,-1,-1.0,16388.0,-1,-1,-1,100,-1,110,-1,-1,-1,w3,1,2015-06-17 00:00:00,-1,-1,-1,-1,-1,-1,-1,-1,-1,-1,-1,-1,-1,0,-1,0,-1,0,-1,-1,0,-1,-1,0,-1,-1,-1,-1,-1,0,14898,-1.0,0,16387,True,False,0,0,0,-1,1,16389,-1,-1,-1,0,0
2015-06-13,2015-06-13 00:00:00,BP,Channel: 50 - Commercial,INDIANAPOLIS IN - BP (PLANT 0452),PREMIUM,-1,14898,0,-1,0,-1,-1,20291,0,w5,-1,0,20291,-1.0,16388.0,-1,Available,-1,100,110%,110,-1,-1,-1,w3,0,2015-06-17 00:00:00,-1,Contract,-1,-1,14898,-1,0,-1,8000,-1,4096,-1,51057,0,0,0,0,0,0,0,0,0,0,0,0,0,0,0,-1,0,14898,-1.0,0,16387,False,False,0,0,0,-1,0,-3903,-1,-1,8000,0,0
2015-06-14,2015-06-14 00:00:00,BP,Channel: 50 - Commercial,INDIANAPOLIS IN - BP (PLANT 0452),PREMIUM,-1,14898,3,3700,1,3700,-1,23991,0,w5,-1,0,23991,-1.0,16388.0,-1,Available,-1,100,110%,110,-1,-1,-1,w3,0,2015-06-17 00:00:00,-1,Contract,-1,-1,14898,-1,0,-1,8000,-1,396,-1,70841,0,0,0,0,0,0,0,0,0,0,0,0,0,0,0,-1,0,14898,-1.0,0,16387,False,False,0,0,0,-1,0,-7603,-1,-1,8000,0,0
2015-06-15,2015-06-15 00:00:00,BP,Channel: 50 - Commercial,INDIANAPOLIS IN - BP (PLANT 0452),PREMIUM,-1,14898,3,1200,1,1200,-1,25191,0,w5,-1,0,25191,-1.0,16388.0,-1,Out,-1,100,110%,110,-1,-1,-1,w3,0,2015-06-17 00:00:00,-1,Contract,-1,-1,14898,-1,0,-1,8000,-1,804,-1,101460,0,0,0,0,0,0,0,0,0,0,0,0,0,0,0,-1,0,14898,-1.0,0,16387,False,False,0,0,0,-1,0,-8803,-1,-1,8000,0,0
2015-06-16,2015-06-16 00:00:00,BP,Channel: 50 - Commercial,INDIANAPOLIS IN - BP (PLANT 0452),PREMIUM,-1,14898,3,0,1,0,-1,25191,0,w5,-1,0,25191,-1.0,16388.0,-1,Out,-1,100,110%,110,-1,-1,-1,w3,0,2015-06-17 00:00:00,-1,Contract,-1,-1,14898,-1,0,-1,8000,-1,804,-1,123677,0,0,0,0,0,0,0,0,0,0,0,0,0,0,0,-1,0,14898,-1.0,0,16387,False,False,0,0,0,-1,0,-8803,-1,-1,8000,0,0
2015-06-17,2015-06-17 00:00:00,BP,Channel: 50 - Commercial,INDIANAPOLIS IN - BP (PLANT 0452),PREMIUM,-1,14898,3,3205,1,3205,-1,3205,0,w6,-1,0,3205,-1.0,16388.0,-1,Available,-1,100,110%,110,-1,-1,-1,w4,0,2015-06-24 00:00:00,-1,Contract,-1,-1,14898,-1,13183,-1,0,-1,0,-1,142285,0,0,0,0,0,0,0,0,0,0,0,0,0,0,0,-1,0,14898,-1.0,0,16387,True,True,3205,0,0,-1,0,13183,-1,-1,-1,0,0
2015-06-18,2015-06-18 00:00:00,BP,Channel: 50 - Commercial,INDIANAPOLIS IN - BP (PLANT 0452),PREMIUM,-1,14898,3,4412,1,4412,-1,7617,0,w6,-1,0,7617,-1.0,16388.0,-1,Available,-1,100,110%,110,-1,-1,-1,w4,0,2015-06-24 00:00:00,-1,Contract,-1,-1,14898,-1,8771,-1,0,-1,0,-1,161083,0,0,0,0,0,0,0,0,0,0,0,0,0,0,0,-1,0,14898,-1.0,0,16387,True,True,7617,0,0,-1,0,8771,-1,-1,-1,0,0
2015-06-19,2015-06-19 00:00:00,BP,Channel: 50 - Commercial,INDIANAPOLIS IN - BP (PLANT 0452),PREMIUM,-1,14898,3,1201,1,1201,-1,8818,0,w6,-1,0,8818,-1.0,16388.0,-1,Available,-1,100,110%,110,-1,-1,-1,w4,0,2015-06-24 00:00:00,-1,Contract,-1,-1,14898,-1,7570,-1,0,-1,0,-1,177487,0,0,0,0,0,0,0,0,0,0,0,0,0,0,0,-1,0,14898,-1.0,0,16387,True,True,8818,0,0,-1,0,7570,-1,-1,-1,0,0
2015-06-20,2015-06-20 00:00:00,BP,Channel: 50 - Commercial,INDIANAPOLIS IN - BP (PLANT 0452),PREMIUM,-1,14898,3,5904,1,5904,-1,14722,0,w6,-1,0,14722,-1.0,16388.0,-1,Available,-1,100,110%,110,-1,-1,-1,w4,0,2015-06-24 00:00:00,-1,Contract,-1,-1,14898,-1,1666,-1,0,-1,0,-1,190963,0,0,0,0,0,0,0,0,0,0,0,0,0,0,0,-1,0,14898,-1.0,0,16387,True,True,14722,0,0,-1,0,1666,-1,-1,-1,0,0
2015-06-21,2015-06-21 00:00:00,BP,Channel: 50 - Commercial,INDIANAPOLIS IN - BP (PLANT 0452),PREMIUM,-1,14898,3,4399,1,4399,-1,19121,0,w6,-1,0,19121,-1.0,16388.0,-1,Out,-1,100,110%,110,-1,-1,-1,w4,0,2015-06-24 00:00:00,-1,Contract,-1,-1,14898,-1,-2733,-1,0,-1,0,-1,217305,0,0,0,0,0,0,0,0,0,0,0,0,0,0,0,-1,0,14898,-1.0,0,16387,True,True,19121,0,0,-1,0,-2733,-1,-1,-1,0,0
2015-06-22,2015-06-22 00:00:00,BP,Channel: 50 - Commercial,INDIANAPOLIS IN - BP (PLANT 0452),PREMIUM,-1,14898,3,700,1,700,-1,19821,0,w6,-1,0,19821,-1.0,16388.0,-1,Available,-1,100,110%,110,-1,-1,-1,w4,0,2015-06-24 00:00:00,-1,Contract,-1,-1,14898,-1,-2733,-1,8000,-1,7300,-1,239290,0,0,0,0,0,0,0,0,0,0,0,0,0,0,0,-1,0,14898,-1.0,0,16387,True,True,19821,0,0,-1,0,-3433,-1,-1,8000,0,0
2015-06-23,2015-06-23 00:00:00,BP,Channel: 50 - Commercial,INDIANAPOLIS IN - BP (PLANT 0452),PREMIUM,-1,14898,3,5563,1,5563,-1,25384,0,w6,-1,0,25384,-1.0,16388.0,-1,Available,-1,100,110%,110,-1,-1,-1,w4,0,2015-06-24 00:00:00,-1,Contract,-1,-1,14898,-1,-2733,-1,8000,-1,1737,-1,278181,0,0,0,0,0,0,0,0,0,0,0,0,0,0,0,-1,0,14898,-1.0,0,16387,True,True,25384,0,0,-1,0,-8996,-1,-1,8000,0,0
2015-06-24,2015-06-24 00:00:00,BP,Channel: 50 - Commercial,INDIANAPOLIS IN - BP (PLANT 0452),PREMIUM,-1,14898,3,2402,1,2402,-1,2402,0,w7,-1,0,2402,-1.0,16388.0,-1,Available,-1,100,110%,110,-1,-1,-1,w5,0,2015-07-01 00:00:00,-1,Contract,-1,-1,14418,-1,13986,-1,0,-1,0,-1,307365,0,0,0,0,0,0,0,0,0,0,0,0,0,0,0,-1,0,14898,-1.0,0,16387,True,True,2402,0,0,-1,0,13986,-1,-1,-1,0,0
2015-06-25,2015-06-25 00:00:00,BP,Channel: 50 - Commercial,INDIANAPOLIS IN - BP (PLANT 0452),PREMIUM,-1,14898,3,5954,1,5954,-1,8356,0,w7,-1,0,8356,-1.0,16388.0,-1,Available,-1,100,110%,110,-1,-1,-1,w5,0,2015-07-01 00:00:00,-1,Contract,-1,-1,14418,-1,8032,-1,0,-1,0,-1,338695,0,0,0,0,0,0,0,0,0,0,0,0,0,0,0,-1,0,14898,-1.0,0,16387,True,True,8356,0,0,-1,0,8032,-1,-1,-1,0,0
2015-06-26,2015-06-26 00:00:00,BP,Channel: 50 - Commercial,INDIANAPOLIS IN - BP (PLANT 0452),PREMIUM,-1,14898,3,1052,1,1052,-1,9408,0,w7,-1,0,9408,-1.0,16388.0,-1,Available,-1,100,110%,110,-1,-1,-1,w5,0,2015-07-01 00:00:00,-1,Contract,-1,-1,14418,-1,6980,-1,0,-1,0,-1,369003,0,0,0,0,0,0,0,0,0,0,0,0,0,0,0,-1,0,14898,-1.0,0,16387,True,True,9408,0,0,-1,0,6980,-1,-1,-1,0,0
2015-06-27,2015-06-27 00:00:00,BP,Channel: 50 - Commercial,INDIANAPOLIS IN - BP (PLANT 0452),PREMIUM,-1,14898,3,4308,1,4308,-1,13716,0,w7,-1,0,13716,-1.0,16388.0,-1,Available,-1,100,110%,110,-1,-1,-1,w5,0,2015-07-01 00:00:00,-1,Contract,-1,-1,14418,-1,2672,-1,0,-1,0,-1,396085,0,0,0,0,0,0,0,0,0,0,0,0,0,0,0,-1,0,14898,-1.0,0,16387,True,True,13716,0,0,-1,0,2672,-1,-1,-1,0,0
2015-06-28,2015-06-28 00:00:00,BP,Channel: 50 - Commercial,INDIANAPOLIS IN - BP (PLANT 0452),PREMIUM,-1,14898,3,5907,1,5907,-1,19623,0,w7,-1,0,19623,-1.0,16388.0,-1,Available,-1,100,110%,110,-1,-1,-1,w5,0,2015-07-01 00:00:00,-1,Contract,-1,-1,14418,-1,-930,-1,8000,-1,5695,-1,420449,0,0,0,0,0,0,0,0,0,0,0,0,0,0,0,-1,0,14898,-1.0,0,16387,True,True,19623,0,0,-1,0,-3235,-1,-1,8000,0,0
2015-06-29,2015-06-29 00:00:00,BP,Channel: 50 - Commercial,INDIANAPOLIS IN - BP (PLANT 0452),PREMIUM,-1,14898,3,6011,1,6011,-1,25634,0,w7,-1,0,25634,-1.0,16388.0,-1,Out,-1,100,110%,110,-1,-1,-1,w5,0,2015-07-01 00:00:00,-1,Contract,-1,-1,14418,-1,-930,-1,8000,-1,316,-1,451265,0,0,0,0,0,0,0,0,0,0,0,0,0,0,0,-1,0,14898,-1.0,0,16387,True,True,25634,0,0,-1,0,-9246,-1,-1,8000,0,0
2015-06-30,2015-06-30 00:00:00,BP,Channel: 50 - Commercial,INDIANAPOLIS IN - BP (PLANT 0452),PREMIUM,-1,14898,3,0,1,0,-1,25634,0,w7,-1,0,25634,-1.0,16388.0,-1,Out,-1,100,110%,110,-1,-1,-1,w5,0,2015-07-01 00:00:00,-1,Contract,-1,-1,14418,-1,-930,-1,8000,-1,316,-1,477927,0,0,0,0,0,0,0,0,0,0,0,0,0,0,0,-1,0,14898,-1.0,0,16387,True,True,25634,0,0,-1,0,-9246,-1,-1,8000,0,0
