,date,supplier_name,account_type,supplier_terminal_name,product_name,base_gallons_Daily,base_gallons_Weekly,lifted_gallons_daily_flag,lifted_gallons_daily_modified,Modified_WeeksByLiftedGallons,lifted_gallons_modified_WeeksByLiftedGallons,lifted_gallons_Daily,Lifted_actual_weekly,lifted_gallons_weekly_flag,WeeksByLiftedGallons,lifted_gallonsWeekly_modified_aposteriori,Modified_LiftedGallonsaposteriori,lifted_gallons_Weekly,beginning_gallons_Daily,beginning_gallons_Weekly,en_allocation_status_Daily,en_allocation_status_Weekly,percentage_allocation_Daily_actual,percentage_allocation_Daily,percentage_allocation_Weekly_actual,percentage_allocation_Weekly,alerts_ratability_Daily,alerts_ratability_Weekly,next_refresh_date_Daily,Week_switch,Modified_NRD,next_refresh_date_Weekly,en_account_type_Daily,en_account_type_Weekly,NRB_Daily,next_refresh_base_gallons_Daily,next_refresh_base_gallons_Weekly,remaining_gallons_Daily,remaining_gallons_Weekly,additional_gallons_allowed_Daily,additional_gallons_allowed_Weekly,additional_gallons_remaining_Daily,additional_gallons_remaining_Weekly,staging_id_Daily,staging_id_Weekly,base_gallons_Monthly,Lifted_actual_monthly,lifted_gallons_monthly_flag,lifted_gallons_Monthly,beginning_gallons_Monthly,en_allocation_status_Monthly,percentage_allocation_Monthly_actual,percentage_allocation_Monthly,alerts_ratability_Monthly,next_refresh_date_Monthly,NRB_Monthly,next_refresh_base_gallons_Monthly,remaining_gallons_Monthly,additional_gallons_allowed_Monthly,additional_gallons_remaining_Monthly,base_gallons_Daily_Reconciled,base_gallons_Monthly_Reconciled,base_gallons_Weekly_Reconciled,beginning_gallons_Daily_Reconciled,beginning_gallons_Monthly_Reconciled,beginning_gallons_Weekly_Reconciled,sanityWeekly_CumulativeDaily_WeeksByLiftedGallons,sanityWeekly_CumulativeDaily_NextRefreshDate,computedWeekly,computedMonthly,sanityComputedMonthly,remaining_gallons_Daily_Reconciled,remaining_gallons_Monthly_Reconciled,remaining_gallons_Weekly_Reconciled,additional_gallons_remaining_Daily_Reconciled,additional_gallons_remaining_Monthly_Reconciled,additional_gallons_remaining_Weekly_Reconciled,sanityMonthly_CumulativeDaily_WeeksByLiftedGallons,sanityMonthly_CumulativeDaily_WeeksByNextRefreshDate
2015-06-01,2015-06-01 00:00:00,BP,Channel: 50 - Commercial,CUYAHOGA OH - BUCKEYE (PLANT 9178),DIESEL,37200,260400,0,-1,0,-1,-1,-1,0,w1,-1,0,-1,74400.0,286440.0,-1,-1,-1,-1,-1,-1,-1,-1,-1,w1,1,2015-06-03 00:00:00,-1,-1,37200,-1,-1,-1,-1,-1,-1,-1,-1,-1,-1,0,-1,0,-1,0,-1,-1,-1,-1,-1,0,-1,-1,-1,-1,-7440000,0,-28644000,-372,0,-2604,True,True,0,0,0,74401,1,286441,-1,-1,-1,1,1
2015-06-02,2015-06-02 00:00:00,BP,Channel: 50 - Commercial,CUYAHOGA OH - BUCKEYE (PLANT 9178),DIESEL,37200,260400,0,7506,0,7506,7506,265300,0,w1,7506,0,265300,74400.0,286440.0,Available,Available,200%,200,110%,110,-1,-1,06/03 00:00:00 EDT,w1,0,2015-06-03 00:00:00,Contract,Contract,37200,37200,260400,66894,37469,8000,8000,8329,8329,41,42,0,0,0,0,0,0,0,0,0,0,0,0,0,0,0,37200,0,260400,74400,0,286440,False,False,0,0,0,66894,0,21140,-1,-1,-1,0,0
2015-06-03,2015-06-03 00:00:00,BP,Channel: 50 - Commercial,CUYAHOGA OH - BUCKEYE (PLANT 9178),DIESEL,37200,260400,0,15204,0,15204,15204,15204,0,w2,15204,0,15204,74400.0,286440.0,Available,Available,200%,200,110%,110,-1,-1,06/04 00:00:00 EDT,w2,0,2015-06-10 00:00:00,Contract,Contract,37200,37200,260400,59196,271236,0,0,0,0,6036,6037,0,0,0,0,0,0,0,0,0,0,0,0,0,0,0,37200,0,260400,74400,0,286440,True,True,0,0,0,59196,0,271236,-1,-1,-1,0,0
2015-06-04,2015-06-04 00:00:00,BP,Channel: 50 - Commercial,CUYAHOGA OH - BUCKEYE (PLANT 9178),DIESEL,37200,260400,3,83244,1,83244,22815,98448,0,w2,22815,0,98448,74400.0,286440.0,Available,Available,200%,200,110%,110,-1,-1,06/05 00:00:00 EDT,w2,0,2015-06-10 00:00:00,Contract,Contract,37200,37200,260400,51585,187992,0,0,0,0,8781,8782,0,0,0,0,0,0,0,0,0,0,0,0,0,0,0,37200,0,260400,74400,0,286440,True,True,0,0,0,-8844,0,187992,-1,-1,-1,0,0
2015-06-05,2015-06-05 00:00:00,BP,Channel: 50 - Commercial,CUYAHOGA OH - BUCKEYE (PLANT 9178),DIESEL,37200,260400,3,75632,1,75632,7603,174080,0,w2,7603,0,174080,74400.0,286440.0,Available,Available,200%,200,110%,110,-1,-1,06/06 00:00:00 EDT,w2,0,2015-06-10 00:00:00,Contract,Contract,37200,37200,260400,66797,127467,8000,8000,7107,7107,11463,11464,0,0,0,0,0,0,0,0,0,0,0,0,0,0,0,37200,0,260400,74400,0,286440,True,True,0,0,0,-1232,0,112360,8000,-1,-1,0,0
2015-06-06,2015-06-06 00:00:00,BP,Channel: 50 - Commercial,CUYAHOGA OH - BUCKEYE (PLANT 9178),DIESEL,37200,260400,0,-1,0,-1,-1,-1,0,w3,-1,0,-1,74400.0,286440.0,-1,-1,-1,200,-1,110,-1,-1,-1,w2,1,2015-06-10 00:00:00,-1,-1,37200,-1,-1,-1,-1,-1,-1,-1,-1,-1,-1,0,-1,0,-1,0,-1,-1,0,-1,-1,0,-1,-1,-1,-1,37200,0,260400,74400,0,286440,True,False,0,0,0,74401,1,286441,-1,-1,-1,0,0
2015-06-07,2015-06-07 00:00:00,BP,Channel: 50 - Commercial,CUYAHOGA OH - BUCKEYE (PLANT 9178),DIESEL,37200,260400,0,-1,0,-1,-1,-1,0,w3,-1,0,-1,74400.0,286440.0,-1,-1,-1,200,-1,110,-1,-1,-1,w2,1,2015-06-10 00:00:00,-1,-1,37200,-1,-1,-1,-1,-1,-1,-1,-1,-1,-1,0,-1,0,-1,0,-1,-1,0,-1,-1,0,-1,-1,-1,-1,37200,0,260400,74400,0,286440,False,False,0,0,0,74401,1,286441,-1,-1,-1,0,0
2015-06-08,2015-06-08 00:00:00,BP,Channel: 50 - Commercial,CUYAHOGA OH - BUCKEYE (PLANT 9178),DIESEL,37200,260400,0,0,0,0,0,257127,0,w3,0,0,257127,74400.0,286440.0,Available,Available,200%,200,110%,110,-1,-1,06/09 00:00:00 EDT,w2,0,2015-06-10 00:00:00,Contract,Contract,37200,37200,260400,74400,44420,8000,8000,7107,7107,13953,13954,0,0,0,0,0,0,0,0,0,0,0,0,0,0,0,37200,0,260400,74400,0,286440,False,False,0,0,0,74400,0,29313,-1,-1,-1,0,0
2015-06-09,2015-06-09 00:00:00,BP,Channel: 50 - Commercial,CUYAHOGA OH - BUCKEYE (PLANT 9178),DIESEL,37200,260400,0,-1,0,-1,-1,-1,0,w4,-1,0,-1,74400.0,286440.0,-1,-1,-1,200,-1,110,-1,-1,-1,w2,1,2015-06-10 00:00:00,-1,-1,37200,-1,-1,-1,-1,-1,-1,-1,-1,-1,-1,0,-1,0,-1,0,-1,-1,0,-1,-1,0,-1,-1,-1,-1,37200,0,260400,74400,0,286440,True,False,0,0,0,74401,1,286441,-1,-1,-1,0,0
2015-06-10,2015-06-10 00:00:00,BP,Channel: 50 - Commercial,CUYAHOGA OH - BUCKEYE (PLANT 9178),DIESEL,37200,260400,0,0,0,0,0,0,0,w4,0,0,0,74400.0,286440.0,Available,Available,200%,200,110%,110,-1,-1,06/11 00:00:00 EDT,w3,0,2015-06-17 00:00:00,Contract,Contract,37200,37200,260400,74400,286440,0,0,0,0,20588,20589,0,0,0,0,0,0,0,0,0,0,0,0,0,0,0,37200,0,260400,74400,0,286440,False,True,0,0,0,74400,0,286440,-1,-1,-1,0,0
2015-06-11,2015-06-11 00:00:00,BP,Channel: 50 - Commercial,CUYAHOGA OH - BUCKEYE (PLANT 9178),DIESEL,37200,260400,3,98561,1,98561,37901,98561,0,w4,37901,0,98561,74400.0,286440.0,Available,Available,200%,200,110%,110,-1,-1,06/12 00:00:00 EDT,w3,0,2015-06-17 00:00:00,Contract,Contract,37200,37200,260400,36499,187879,0,0,0,0,23363,23364,0,0,0,0,0,0,0,0,0,0,0,0,0,0,0,37200,0,260400,74400,0,286440,False,True,98561,0,0,-24161,0,187879,-1,-1,-1,0,0
2015-06-12,2015-06-12 00:00:00,BP,Channel: 50 - Commercial,CUYAHOGA OH - BUCKEYE (PLANT 9178),DIESEL,37200,260400,4,91245,0,-1,-1,-1,4,w5,-1,0,189806,74400.0,286440.0,-1,-1,-1,200,-1,110,-1,-1,-1,w3,1,2015-06-17 00:00:00,-1,-1,37200,-1,-1,-1,-1,-1,-1,-1,-1,-1,-1,0,-1,0,-1,0,-1,-1,0,-1,-1,0,-1,-1,-1,-1,37200,0,260400,74400,0,286440,True,True,189806,0,0,-16845,1,96634,-1,-1,-1,0,0
2015-06-13,2015-06-13 00:00:00,BP,Channel: 50 - Commercial,CUYAHOGA OH - BUCKEYE (PLANT 9178),DIESEL,37200,260400,0,15105,0,15105,15105,204911,0,w5,15105,0,204911,74400.0,286440.0,Available,Available,200%,200,110%,110,-1,-1,06/14 00:00:00 EDT,w3,0,2015-06-17 00:00:00,Contract,Contract,37200,37200,260400,59295,81529,0,0,0,0,51047,51048,0,0,0,0,0,0,0,0,0,0,0,0,0,0,0,37200,0,260400,74400,0,286440,False,True,204911,0,0,59295,0,81529,-1,-1,-1,0,0
2015-06-14,2015-06-14 00:00:00,BP,Channel: 50 - Commercial,CUYAHOGA OH - BUCKEYE (PLANT 9178),DIESEL,37200,260400,0,19842,0,19842,19842,224753,0,w5,19842,0,224753,74400.0,286440.0,Available,Available,200%,200,110%,110,-1,-1,06/15 00:00:00 EDT,w3,0,2015-06-17 00:00:00,Contract,Contract,37200,37200,260400,54558,61687,0,0,0,0,70831,70832,0,0,0,0,0,0,0,0,0,0,0,0,0,0,0,37200,0,260400,74400,0,286440,False,True,224753,0,0,54558,0,61687,-1,-1,-1,0,0
2015-06-15,2015-06-15 00:00:00,BP,Channel: 50 - Commercial,CUYAHOGA OH - BUCKEYE (PLANT 9178),DIESEL,37200,260400,0,60679,0,60679,60679,285432,0,w5,60679,0,285432,74400.0,286440.0,Available,Available,200%,200,110%,110,-1,-1,06/16 00:00:00 EDT,w3,0,2015-06-17 00:00:00,Contract,Contract,37200,37200,260400,13721,1008,8000,8000,8000,8000,101453,101454,0,0,0,0,0,0,0,0,0,0,0,0,0,0,0,37200,0,260400,74400,0,286440,False,True,285432,0,0,13721,0,1008,-1,-1,-1,0,0
2015-06-16,2015-06-16 00:00:00,BP,Channel: 50 - Commercial,CUYAHOGA OH - BUCKEYE (PLANT 9178),DIESEL,37200,260400,0,15203,0,15203,15203,300635,0,w5,15203,0,300635,74400.0,286440.0,Out,Out,200%,200,110%,110,-1,-1,06/17 00:00:00 EDT,w3,0,2015-06-17 00:00:00,Contract,Contract,37200,37200,260400,73392,0,8000,8000,6195,6195,123669,123670,0,0,0,0,0,0,0,0,0,0,0,0,0,0,0,37200,0,260400,74400,0,286440,False,True,300635,0,0,59197,0,-14195,-1,-1,8000,0,0
2015-06-17,2015-06-17 00:00:00,BP,Channel: 50 - Commercial,CUYAHOGA OH - BUCKEYE (PLANT 9178),DIESEL,37200,260400,0,75815,0,75815,75815,75815,0,w6,75815,0,75815,74400.0,286440.0,Out,Out,200%,200,110%,110,-1,-1,06/18 00:00:00 EDT,w4,0,2015-06-24 00:00:00,Contract,Contract,37200,37200,260400,-1415,210625,0,0,0,0,142277,142278,0,0,0,0,0,0,0,0,0,0,0,0,0,0,0,37200,0,260400,74400,0,286440,True,True,75815,0,0,-1415,0,210625,-1,-1,-1,0,0
2015-06-18,2015-06-18 00:00:00,BP,Channel: 50 - Commercial,CUYAHOGA OH - BUCKEYE (PLANT 9178),DIESEL,37200,260400,0,75929,0,75929,75929,151744,0,w6,75929,0,151744,74400.0,286440.0,Out,Out,200%,200,110%,110,-1,-1,06/19 00:00:00 EDT,w4,0,2015-06-24 00:00:00,Contract,Contract,37200,37200,260400,-1529,134696,0,0,0,0,161075,161076,0,0,0,0,0,0,0,0,0,0,0,0,0,0,0,37200,0,260400,74400,0,286440,True,True,151744,0,0,-1529,0,134696,-1,-1,-1,0,0
2015-06-19,2015-06-19 00:00:00,BP,Channel: 50 - Commercial,CUYAHOGA OH - BUCKEYE (PLANT 9178),DIESEL,37200,260400,0,68141,0,68141,68141,219885,0,w6,68141,0,219885,74400.0,286440.0,Available,Available,200%,200,110%,110,-1,-1,06/20 00:00:00 EDT,w4,0,2015-06-24 00:00:00,Contract,Contract,37200,37200,260400,6259,66555,0,0,0,0,177479,177480,0,0,0,0,0,0,0,0,0,0,0,0,0,0,0,37200,0,260400,74400,0,286440,True,True,219885,0,0,6259,0,66555,-1,-1,-1,0,0
2015-06-20,2015-06-20 00:00:00,BP,Channel: 50 - Commercial,CUYAHOGA OH - BUCKEYE (PLANT 9178),DIESEL,37200,260400,0,15399,0,15399,15399,235284,0,w6,15399,0,235284,74400.0,286440.0,Available,Available,200%,200,110%,110,-1,-1,06/21 00:00:00 EDT,w4,0,2015-06-24 00:00:00,Contract,Contract,37200,37200,260400,59001,51156,0,0,0,0,190952,190953,0,0,0,0,0,0,0,0,0,0,0,0,0,0,0,37200,0,260400,74400,0,286440,True,True,235284,0,0,59001,0,51156,-1,-1,-1,0,0
2015-06-21,2015-06-21 00:00:00,BP,Channel: 50 - Commercial,CUYAHOGA OH - BUCKEYE (PLANT 9178),DIESEL,37200,260400,0,7604,0,7604,7604,242888,0,w6,7604,0,242888,74400.0,286440.0,Available,Available,200%,200,110%,110,-1,-1,06/22 00:00:00 EDT,w4,0,2015-06-24 00:00:00,Contract,Contract,37200,37200,260400,66796,43552,0,0,0,0,217294,217295,0,0,0,0,0,0,0,0,0,0,0,0,0,0,0,37200,0,260400,74400,0,286440,True,True,242888,0,0,66796,0,43552,-1,-1,-1,0,0
2015-06-22,2015-06-22 00:00:00,BP,Channel: 50 - Commercial,CUYAHOGA OH - BUCKEYE (PLANT 9178),DIESEL,37200,260400,0,37606,0,37606,37606,280494,0,w6,37606,0,280494,74400.0,286440.0,Available,Available,200%,200,110%,110,-1,-1,06/23 00:00:00 EDT,w4,0,2015-06-24 00:00:00,Contract,Contract,37200,37200,260400,36794,5946,8000,8000,8000,8000,239283,239284,0,0,0,0,0,0,0,0,0,0,0,0,0,0,0,37200,0,260400,74400,0,286440,True,True,280494,0,0,36794,0,5946,-1,-1,-1,0,0
2015-06-23,2015-06-23 00:00:00,BP,Channel: 50 - Commercial,CUYAHOGA OH - BUCKEYE (PLANT 9178),DIESEL,37200,260400,0,15105,0,15105,15105,295599,0,w6,15105,0,295599,74400.0,286440.0,Out,Out,200%,200,110%,110,-1,-1,06/24 00:00:00 EDT,w4,0,2015-06-24 00:00:00,Contract,Contract,37200,37200,260400,68454,0,8000,8000,1159,1159,278174,278175,0,0,0,0,0,0,0,0,0,0,0,0,0,0,0,37200,0,260400,74400,0,286440,True,True,295599,0,0,59295,0,-9159,-1,-1,8000,0,0
2015-06-24,2015-06-24 00:00:00,BP,Channel: 50 - Commercial,CUYAHOGA OH - BUCKEYE (PLANT 9178),DIESEL,37200,260400,0,0,0,0,0,0,0,w7,0,0,0,74400.0,286440.0,Available,Available,200%,200,110%,110,-1,-1,06/25 00:00:00 EDT,w5,0,2015-07-01 00:00:00,Contract,Contract,37200,37200,270968,74400,286440,0,0,0,0,307358,307359,0,0,0,0,0,0,0,0,0,0,0,0,0,0,0,37200,0,260400,74400,0,286440,True,True,0,0,0,74400,0,286440,-1,-1,-1,0,0
2015-06-25,2015-06-25 00:00:00,BP,Channel: 50 - Commercial,CUYAHOGA OH - BUCKEYE (PLANT 9178),DIESEL,37200,260400,0,0,0,0,0,0,0,w7,0,0,0,74400.0,286440.0,Available,Available,200%,200,110%,110,-1,-1,06/26 00:00:00 EDT,w5,0,2015-07-01 00:00:00,Contract,Contract,37200,37200,270968,74400,286440,0,0,0,0,338687,338688,0,0,0,0,0,0,0,0,0,0,0,0,0,0,0,37200,0,260400,74400,0,286440,True,True,0,0,0,74400,0,286440,-1,-1,-1,0,0
2015-06-26,2015-06-26 00:00:00,BP,Channel: 50 - Commercial,CUYAHOGA OH - BUCKEYE (PLANT 9178),DIESEL,37200,260400,0,74026,0,74026,74026,74026,0,w7,74026,0,74026,74400.0,286440.0,Available,Available,200%,200,110%,110,-1,-1,06/27 00:00:00 EDT,w5,0,2015-07-01 00:00:00,Contract,Contract,37200,37200,270968,374,212414,8000,8000,8000,8000,368995,368996,0,0,0,0,0,0,0,0,0,0,0,0,0,0,0,37200,0,260400,74400,0,286440,True,True,74026,0,0,374,0,212414,-1,-1,-1,0,0
2015-06-27,2015-06-27 00:00:00,BP,Channel: 50 - Commercial,CUYAHOGA OH - BUCKEYE (PLANT 9178),DIESEL,37200,260400,0,60625,0,60625,60625,134651,0,w7,60625,0,134651,74400.0,286440.0,Available,Available,200%,200,110%,110,-1,-1,06/28 00:00:00 EDT,w5,0,2015-07-01 00:00:00,Contract,Contract,37200,37200,270968,13775,151789,8000,8000,8000,8000,396077,396078,0,0,0,0,0,0,0,0,0,0,0,0,0,0,0,37200,0,260400,74400,0,286440,True,True,134651,0,0,13775,0,151789,-1,-1,-1,0,0
2015-06-28,2015-06-28 00:00:00,BP,Channel: 50 - Commercial,CUYAHOGA OH - BUCKEYE (PLANT 9178),DIESEL,37200,260400,0,15115,0,15115,15115,149766,0,w7,15115,0,149766,74400.0,286440.0,Available,Available,200%,200,110%,110,-1,-1,06/29 00:00:00 EDT,w5,0,2015-07-01 00:00:00,Contract,Contract,37200,37200,270968,59285,136674,8000,8000,8000,8000,420438,420439,0,0,0,0,0,0,0,0,0,0,0,0,0,0,0,37200,0,260400,74400,0,286440,True,True,149766,0,0,59285,0,136674,-1,-1,-1,0,0
2015-06-29,2015-06-29 00:00:00,BP,Channel: 50 - Commercial,CUYAHOGA OH - BUCKEYE (PLANT 9178),DIESEL,37200,260400,0,60635,0,60635,60635,210401,0,w7,60635,0,210401,74400.0,286440.0,Available,Available,200%,200,110%,110,-1,-1,06/30 00:00:00 EDT,w5,0,2015-07-01 00:00:00,Contract,Contract,37200,37200,270968,13765,76039,8000,8000,8000,8000,451254,451255,0,0,0,0,0,0,0,0,0,0,0,0,0,0,0,37200,0,260400,74400,0,286440,True,True,210401,0,0,13765,0,76039,-1,-1,-1,0,0
2015-06-30,2015-06-30 00:00:00,BP,Channel: 50 - Commercial,CUYAHOGA OH - BUCKEYE (PLANT 9178),DIESEL,37200,260400,0,53071,0,53071,53071,263472,0,w7,53071,0,263472,74400.0,286440.0,Available,Available,200%,200,110%,110,-1,-1,07/01 00:00:00 EDT,w5,0,2015-07-01 00:00:00,Contract,Contract,38710,38710,270968,21329,22968,8000,8000,8000,8000,477918,477919,0,0,0,0,0,0,0,0,0,0,0,0,0,0,0,37200,0,260400,74400,0,286440,True,True,263472,0,0,21329,0,22968,-1,-1,-1,0,0
