,date,supplier_name,account_type,supplier_terminal_name,product_name,base_gallons_Daily,base_gallons_Weekly,lifted_gallons_daily_flag,lifted_gallons_daily_modified,Modified_WeeksByLiftedGallons,lifted_gallons_modified_WeeksByLiftedGallons,lifted_gallons_Daily,Lifted_actual_weekly,lifted_gallons_weekly_flag,WeeksByLiftedGallons,lifted_gallonsWeekly_modified_aposteriori,Modified_LiftedGallonsaposteriori,lifted_gallons_Weekly,beginning_gallons_Daily,beginning_gallons_Weekly,en_allocation_status_Daily,en_allocation_status_Weekly,percentage_allocation_Daily_actual,percentage_allocation_Daily,percentage_allocation_Weekly_actual,percentage_allocation_Weekly,alerts_ratability_Daily,alerts_ratability_Weekly,next_refresh_date_Daily,Week_switch,Modified_NRD,next_refresh_date_Weekly,en_account_type_Daily,en_account_type_Weekly,NRB_Daily,next_refresh_base_gallons_Daily,next_refresh_base_gallons_Weekly,remaining_gallons_Daily,remaining_gallons_Weekly,additional_gallons_allowed_Daily,additional_gallons_allowed_Weekly,additional_gallons_remaining_Daily,additional_gallons_remaining_Weekly,staging_id_Daily,staging_id_Weekly,base_gallons_Monthly,Lifted_actual_monthly,lifted_gallons_monthly_flag,lifted_gallons_Monthly,beginning_gallons_Monthly,en_allocation_status_Monthly,percentage_allocation_Monthly_actual,percentage_allocation_Monthly,alerts_ratability_Monthly,next_refresh_date_Monthly,NRB_Monthly,next_refresh_base_gallons_Monthly,remaining_gallons_Monthly,additional_gallons_allowed_Monthly,additional_gallons_remaining_Monthly,base_gallons_Daily_Reconciled,base_gallons_Monthly_Reconciled,base_gallons_Weekly_Reconciled,beginning_gallons_Daily_Reconciled,beginning_gallons_Monthly_Reconciled,beginning_gallons_Weekly_Reconciled,sanityWeekly_CumulativeDaily_WeeksByLiftedGallons,sanityWeekly_CumulativeDaily_NextRefreshDate,computedWeekly,computedMonthly,sanityComputedMonthly,remaining_gallons_Daily_Reconciled,remaining_gallons_Monthly_Reconciled,remaining_gallons_Weekly_Reconciled,additional_gallons_remaining_Daily_Reconciled,additional_gallons_remaining_Monthly_Reconciled,additional_gallons_remaining_Weekly_Reconciled,sanityMonthly_CumulativeDaily_WeeksByLiftedGallons,sanityMonthly_CumulativeDaily_WeeksByNextRefreshDate
2015-06-01,2015-06-01 00:00:00,BP,Channel: 50 - Commercial,WHITING IN - BP (PLANT 0453),PREMIUM,-1,3004,0,-1,0,-1,-1,-1,0,w1,-1,0,-1,-1.0,3304.0,-1,-1,-1,100,-1,-1,-1,-1,-1,w1,1,2015-06-03 00:00:00,-1,-1,-1,-1,-1,-1,-1,-1,-1,-1,-1,-1,-1,0,-1,0,-1,0,-1,-1,-1,-1,-1,0,-1,-1,-1,-1,-1,0,-330400,-1.0,0,-31,True,True,0,0,0,-1,1,3305,-1,-1,-1,1,1
2015-06-02,2015-06-02 00:00:00,BP,Channel: 50 - Commercial,WHITING IN - BP (PLANT 0453),PREMIUM,-1,3004,0,-1,0,-1,-1,0,0,w1,-1,0,0,-1.0,3304.0,-1,Available,-1,100,110%,110,-1,-1,-1,w1,0,2015-06-03 00:00:00,-1,Contract,-1,-1,3004,-1,3304,-1,0,-1,0,-1,70,0,0,0,0,0,0,0,0,0,0,0,0,0,0,0,-1,0,3004,-1.0,0,3304,False,False,0,0,0,-1,0,3304,-1,-1,-1,0,0
2015-06-03,2015-06-03 00:00:00,BP,Channel: 50 - Commercial,WHITING IN - BP (PLANT 0453),PREMIUM,-1,3004,3,0,1,0,-1,0,0,w1,-1,0,0,-1.0,3304.0,-1,Available,-1,100,110%,110,-1,-1,-1,w2,0,2015-06-10 00:00:00,-1,Contract,-1,-1,3004,-1,3304,-1,0,-1,0,-1,6065,0,0,0,0,0,0,0,0,0,0,0,0,0,0,0,-1,0,3004,-1.0,0,3304,False,True,0,0,0,-1,0,3304,-1,-1,-1,0,0
2015-06-04,2015-06-04 00:00:00,BP,Channel: 50 - Commercial,WHITING IN - BP (PLANT 0453),PREMIUM,-1,3004,3,4002,1,4002,-1,4002,0,w1,-1,0,4002,-1.0,3304.0,-1,Available,-1,100,110%,110,-1,-1,-1,w2,0,2015-06-10 00:00:00,-1,Contract,-1,-1,3004,-1,-698,-1,8000,-1,8000,-1,8805,0,0,0,0,0,0,0,0,0,0,0,0,0,0,0,-1,0,3004,-1.0,0,3304,False,True,0,0,0,-1,0,-698,-1,-1,8000,0,0
2015-06-05,2015-06-05 00:00:00,BP,Channel: 50 - Commercial,WHITING IN - BP (PLANT 0453),PREMIUM,-1,3004,3,2901,1,2901,-1,6903,0,w1,-1,0,6903,-1.0,3304.0,-1,Available,-1,100,110%,110,-1,-1,-1,w2,0,2015-06-10 00:00:00,-1,Contract,-1,-1,3004,-1,-698,-1,8000,-1,5099,-1,11487,0,0,0,0,0,0,0,0,0,0,0,0,0,0,0,-1,0,3004,-1.0,0,3304,False,True,0,0,0,-1,0,-3599,-1,-1,8000,0,0
2015-06-06,2015-06-06 00:00:00,BP,Channel: 50 - Commercial,WHITING IN - BP (PLANT 0453),PREMIUM,-1,3004,0,-1,0,-1,-1,-1,0,w2,-1,0,-1,-1.0,3304.0,-1,-1,-1,100,-1,110,-1,-1,-1,w2,1,2015-06-10 00:00:00,-1,-1,-1,-1,-1,-1,-1,-1,-1,-1,-1,-1,-1,0,-1,0,-1,0,-1,-1,0,-1,-1,0,-1,-1,-1,-1,-1,0,3004,-1.0,0,3304,True,False,0,0,0,-1,1,3305,-1,-1,-1,0,0
2015-06-07,2015-06-07 00:00:00,BP,Channel: 50 - Commercial,WHITING IN - BP (PLANT 0453),PREMIUM,-1,3004,0,-1,0,-1,-1,-1,0,w2,-1,0,-1,-1.0,3304.0,-1,-1,-1,100,-1,110,-1,-1,-1,w2,1,2015-06-10 00:00:00,-1,-1,-1,-1,-1,-1,-1,-1,-1,-1,-1,-1,-1,0,-1,0,-1,0,-1,-1,0,-1,-1,0,-1,-1,-1,-1,-1,0,3004,-1.0,0,3304,False,False,0,0,0,-1,1,3305,-1,-1,-1,0,0
2015-06-08,2015-06-08 00:00:00,BP,Channel: 50 - Commercial,WHITING IN - BP (PLANT 0453),PREMIUM,-1,3004,0,-1,0,-1,-1,8105,0,w2,-1,0,8105,-1.0,3304.0,-1,Available,-1,100,110%,110,-1,-1,-1,w2,0,2015-06-10 00:00:00,-1,Contract,-1,-1,3004,-1,-698,-1,8000,-1,3897,-1,13979,0,0,0,0,0,0,0,0,0,0,0,0,0,0,0,-1,0,3004,-1.0,0,3304,False,False,0,0,0,-1,0,-4801,-1,-1,8000,0,0
2015-06-09,2015-06-09 00:00:00,BP,Channel: 50 - Commercial,WHITING IN - BP (PLANT 0453),PREMIUM,-1,3004,0,-1,0,-1,-1,-1,0,w3,-1,0,-1,-1.0,3304.0,-1,-1,-1,100,-1,110,-1,-1,-1,w2,1,2015-06-10 00:00:00,-1,-1,-1,-1,-1,-1,-1,-1,-1,-1,-1,-1,-1,0,-1,0,-1,0,-1,-1,0,-1,-1,0,-1,-1,-1,-1,-1,0,3004,-1.0,0,3304,True,False,0,0,0,-1,1,3305,-1,-1,-1,0,0
2015-06-10,2015-06-10 00:00:00,BP,Channel: 50 - Commercial,WHITING IN - BP (PLANT 0453),PREMIUM,-1,3004,0,-1,0,-1,-1,9307,0,w3,-1,0,9307,-1.0,3304.0,-1,Out,-1,100,110%,110,-1,-1,-1,w2,0,2015-06-10 00:00:00,-1,Contract,-1,-1,3004,-1,-698,-1,0,-1,0,-1,20614,0,0,0,0,0,0,0,0,0,0,0,0,0,0,0,-1,0,3004,-1.0,0,3304,False,False,0,0,0,-1,0,-6003,-1,-1,-1,0,0
2015-06-11,2015-06-11 00:00:00,BP,Channel: 50 - Commercial,WHITING IN - BP (PLANT 0453),PREMIUM,-1,3004,3,1197,1,1197,-1,1197,0,w4,-1,0,1197,-1.0,3304.0,-1,Available,-1,100,110%,110,-1,-1,-1,w3,0,2015-06-17 00:00:00,-1,Contract,-1,-1,3004,-1,2107,-1,0,-1,0,-1,23389,0,0,0,0,0,0,0,0,0,0,0,0,0,0,0,-1,0,3004,-1.0,0,3304,True,True,0,0,0,-1,0,2107,-1,-1,-1,0,0
2015-06-12,2015-06-12 00:00:00,BP,Channel: 50 - Commercial,WHITING IN - BP (PLANT 0453),PREMIUM,-1,3004,0,-1,0,-1,-1,-1,0,w5,-1,0,-1,-1.0,3304.0,-1,-1,-1,100,-1,110,-1,-1,-1,w3,1,2015-06-17 00:00:00,-1,-1,-1,-1,-1,-1,-1,-1,-1,-1,-1,-1,-1,0,-1,0,-1,0,-1,-1,0,-1,-1,0,-1,-1,-1,-1,-1,0,3004,-1.0,0,3304,True,False,0,0,0,-1,1,3305,-1,-1,-1,0,0
2015-06-13,2015-06-13 00:00:00,BP,Channel: 50 - Commercial,WHITING IN - BP (PLANT 0453),PREMIUM,-1,3004,0,-1,0,-1,-1,2201,0,w5,-1,0,2201,-1.0,3304.0,-1,Available,-1,100,110%,110,-1,-1,-1,w3,0,2015-06-17 00:00:00,-1,Contract,-1,-1,3004,-1,1103,-1,0,-1,0,-1,51073,0,0,0,0,0,0,0,0,0,0,0,0,0,0,0,-1,0,3004,-1.0,0,3304,False,False,0,0,0,-1,0,1103,-1,-1,-1,0,0
2015-06-14,2015-06-14 00:00:00,BP,Channel: 50 - Commercial,WHITING IN - BP (PLANT 0453),PREMIUM,-1,3004,3,0,1,0,-1,2201,0,w5,-1,0,2201,-1.0,3304.0,-1,Available,-1,100,110%,110,-1,-1,-1,w3,0,2015-06-17 00:00:00,-1,Contract,-1,-1,3004,-1,1103,-1,0,-1,0,-1,70857,0,0,0,0,0,0,0,0,0,0,0,0,0,0,0,-1,0,3004,-1.0,0,3304,False,False,0,0,0,-1,0,1103,-1,-1,-1,0,0
2015-06-15,2015-06-15 00:00:00,BP,Channel: 50 - Commercial,WHITING IN - BP (PLANT 0453),PREMIUM,-1,3004,3,0,1,0,-1,2201,0,w5,-1,0,2201,-1.0,3304.0,-1,Available,-1,100,110%,110,-1,-1,-1,w3,0,2015-06-17 00:00:00,-1,Contract,-1,-1,3004,-1,1103,-1,0,-1,0,-1,101475,0,0,0,0,0,0,0,0,0,0,0,0,0,0,0,-1,0,3004,-1.0,0,3304,False,False,0,0,0,-1,0,1103,-1,-1,-1,0,0
2015-06-16,2015-06-16 00:00:00,BP,Channel: 50 - Commercial,WHITING IN - BP (PLANT 0453),PREMIUM,-1,3004,3,1199,1,1199,-1,3400,0,w5,-1,0,3400,-1.0,3304.0,-1,Out,-1,100,110%,110,-1,-1,-1,w3,0,2015-06-17 00:00:00,-1,Contract,-1,-1,3004,-1,-96,-1,0,-1,0,-1,123694,0,0,0,0,0,0,0,0,0,0,0,0,0,0,0,-1,0,3004,-1.0,0,3304,False,False,0,0,0,-1,0,-96,-1,-1,-1,0,0
2015-06-17,2015-06-17 00:00:00,BP,Channel: 50 - Commercial,WHITING IN - BP (PLANT 0453),PREMIUM,-1,3004,3,0,1,0,-1,0,0,w6,-1,0,0,-1.0,3304.0,-1,Available,-1,100,110%,110,-1,-1,-1,w4,0,2015-06-24 00:00:00,-1,Contract,-1,-1,3004,-1,3304,-1,0,-1,0,-1,142302,0,0,0,0,0,0,0,0,0,0,0,0,0,0,0,-1,0,3004,-1.0,0,3304,True,True,0,0,0,-1,0,3304,-1,-1,-1,0,0
2015-06-18,2015-06-18 00:00:00,BP,Channel: 50 - Commercial,WHITING IN - BP (PLANT 0453),PREMIUM,-1,3004,3,0,1,0,-1,0,0,w6,-1,0,0,-1.0,3304.0,-1,Available,-1,100,110%,110,-1,-1,-1,w4,0,2015-06-24 00:00:00,-1,Contract,-1,-1,3004,-1,3304,-1,0,-1,0,-1,161100,0,0,0,0,0,0,0,0,0,0,0,0,0,0,0,-1,0,3004,-1.0,0,3304,True,True,0,0,0,-1,0,3304,-1,-1,-1,0,0
2015-06-19,2015-06-19 00:00:00,BP,Channel: 50 - Commercial,WHITING IN - BP (PLANT 0453),PREMIUM,-1,3004,3,7903,1,7903,-1,7903,0,w6,-1,0,7903,-1.0,3304.0,-1,Available,-1,100,110%,110,-1,-1,-1,w4,0,2015-06-24 00:00:00,-1,Contract,-1,-1,3004,-1,-99,-1,8000,-1,3500,-1,177504,0,0,0,0,0,0,0,0,0,0,0,0,0,0,0,-1,0,3004,-1.0,0,3304,True,True,7903,0,0,-1,0,-4599,-1,-1,8000,0,0
2015-06-20,2015-06-20 00:00:00,BP,Channel: 50 - Commercial,WHITING IN - BP (PLANT 0453),PREMIUM,-1,3004,3,0,1,0,-1,7903,0,w6,-1,0,7903,-1.0,3304.0,-1,Available,-1,100,110%,110,-1,-1,-1,w4,0,2015-06-24 00:00:00,-1,Contract,-1,-1,3004,-1,-99,-1,8000,-1,3500,-1,190980,0,0,0,0,0,0,0,0,0,0,0,0,0,0,0,-1,0,3004,-1.0,0,3304,True,True,7903,0,0,-1,0,-4599,-1,-1,8000,0,0
2015-06-21,2015-06-21 00:00:00,BP,Channel: 50 - Commercial,WHITING IN - BP (PLANT 0453),PREMIUM,-1,3004,3,0,1,0,-1,7903,0,w6,-1,0,7903,-1.0,3304.0,-1,Available,-1,100,110%,110,-1,-1,-1,w4,0,2015-06-24 00:00:00,-1,Contract,-1,-1,3004,-1,-99,-1,8000,-1,3500,-1,217322,0,0,0,0,0,0,0,0,0,0,0,0,0,0,0,-1,0,3004,-1.0,0,3304,True,True,7903,0,0,-1,0,-4599,-1,-1,8000,0,0
2015-06-22,2015-06-22 00:00:00,BP,Channel: 50 - Commercial,WHITING IN - BP (PLANT 0453),PREMIUM,-1,3004,3,0,1,0,-1,7903,0,w6,-1,0,7903,-1.0,3304.0,-1,Available,-1,100,110%,110,-1,-1,-1,w4,0,2015-06-24 00:00:00,-1,Contract,-1,-1,3004,-1,-99,-1,8000,-1,3500,-1,239307,0,0,0,0,0,0,0,0,0,0,0,0,0,0,0,-1,0,3004,-1.0,0,3304,True,True,7903,0,0,-1,0,-4599,-1,-1,8000,0,0
2015-06-23,2015-06-23 00:00:00,BP,Channel: 50 - Commercial,WHITING IN - BP (PLANT 0453),PREMIUM,-1,3004,3,0,1,0,-1,7903,0,w6,-1,0,7903,-1.0,3304.0,-1,Available,-1,100,110%,110,-1,-1,-1,w4,0,2015-06-24 00:00:00,-1,Contract,-1,-1,3004,-1,-99,-1,8000,-1,3500,-1,278198,0,0,0,0,0,0,0,0,0,0,0,0,0,0,0,-1,0,3004,-1.0,0,3304,True,True,7903,0,0,-1,0,-4599,-1,-1,8000,0,0
2015-06-24,2015-06-24 00:00:00,BP,Channel: 50 - Commercial,WHITING IN - BP (PLANT 0453),PREMIUM,-1,3004,3,1201,1,1201,-1,1201,0,w7,-1,0,1201,-1.0,3304.0,-1,Available,-1,100,110%,110,-1,-1,-1,w5,0,2015-07-01 00:00:00,-1,Contract,-1,-1,2969,-1,2103,-1,0,-1,0,-1,307382,0,0,0,0,0,0,0,0,0,0,0,0,0,0,0,-1,0,3004,-1.0,0,3304,True,True,1201,0,0,-1,0,2103,-1,-1,-1,0,0
2015-06-25,2015-06-25 00:00:00,BP,Channel: 50 - Commercial,WHITING IN - BP (PLANT 0453),PREMIUM,-1,3004,3,1901,1,1901,-1,3102,0,w7,-1,0,3102,-1.0,3304.0,-1,Available,-1,100,110%,110,-1,-1,-1,w5,0,2015-07-01 00:00:00,-1,Contract,-1,-1,2969,-1,202,-1,0,-1,0,-1,338712,0,0,0,0,0,0,0,0,0,0,0,0,0,0,0,-1,0,3004,-1.0,0,3304,True,True,3102,0,0,-1,0,202,-1,-1,-1,0,0
2015-06-26,2015-06-26 00:00:00,BP,Channel: 50 - Commercial,WHITING IN - BP (PLANT 0453),PREMIUM,-1,3004,3,0,1,0,-1,3102,0,w7,-1,0,3102,-1.0,3304.0,-1,Available,-1,100,110%,110,-1,-1,-1,w5,0,2015-07-01 00:00:00,-1,Contract,-1,-1,2969,-1,202,-1,8000,-1,8000,-1,369020,0,0,0,0,0,0,0,0,0,0,0,0,0,0,0,-1,0,3004,-1.0,0,3304,True,True,3102,0,0,-1,0,202,-1,-1,-1,0,0
2015-06-27,2015-06-27 00:00:00,BP,Channel: 50 - Commercial,WHITING IN - BP (PLANT 0453),PREMIUM,-1,3004,3,0,1,0,-1,3102,0,w7,-1,0,3102,-1.0,3304.0,-1,Available,-1,100,110%,110,-1,-1,-1,w5,0,2015-07-01 00:00:00,-1,Contract,-1,-1,2969,-1,202,-1,8000,-1,8000,-1,396102,0,0,0,0,0,0,0,0,0,0,0,0,0,0,0,-1,0,3004,-1.0,0,3304,True,True,3102,0,0,-1,0,202,-1,-1,-1,0,0
2015-06-28,2015-06-28 00:00:00,BP,Channel: 50 - Commercial,WHITING IN - BP (PLANT 0453),PREMIUM,-1,3004,3,0,1,0,-1,3102,0,w7,-1,0,3102,-1.0,3304.0,-1,Available,-1,100,110%,110,-1,-1,-1,w5,0,2015-07-01 00:00:00,-1,Contract,-1,-1,2969,-1,202,-1,8000,-1,8000,-1,420466,0,0,0,0,0,0,0,0,0,0,0,0,0,0,0,-1,0,3004,-1.0,0,3304,True,True,3102,0,0,-1,0,202,-1,-1,-1,0,0
2015-06-29,2015-06-29 00:00:00,BP,Channel: 50 - Commercial,WHITING IN - BP (PLANT 0453),PREMIUM,-1,3004,3,0,1,0,-1,3102,0,w7,-1,0,3102,-1.0,3304.0,-1,Available,-1,100,110%,110,-1,-1,-1,w5,0,2015-07-01 00:00:00,-1,Contract,-1,-1,2969,-1,202,-1,8000,-1,8000,-1,451282,0,0,0,0,0,0,0,0,0,0,0,0,0,0,0,-1,0,3004,-1.0,0,3304,True,True,3102,0,0,-1,0,202,-1,-1,-1,0,0
2015-06-30,2015-06-30 00:00:00,BP,Channel: 50 - Commercial,WHITING IN - BP (PLANT 0453),PREMIUM,-1,3004,3,4297,1,4297,-1,7399,0,w7,-1,0,7399,-1.0,3304.0,-1,Available,-1,100,110%,110,-1,-1,-1,w5,0,2015-07-01 00:00:00,-1,Contract,-1,-1,2969,-1,0,-1,8000,-1,3905,-1,477944,0,0,0,0,0,0,0,0,0,0,0,0,0,0,0,-1,0,3004,-1.0,0,3304,True,True,7399,0,0,-1,0,-4095,-1,-1,8000,0,0
