,date,supplier_name,account_type,supplier_terminal_name,product_name,base_gallons_Daily,base_gallons_Weekly,lifted_gallons_daily_flag,lifted_gallons_daily_modified,Modified_WeeksByLiftedGallons,lifted_gallons_modified_WeeksByLiftedGallons,lifted_gallons_Daily,Lifted_actual_weekly,lifted_gallons_weekly_flag,WeeksByLiftedGallons,lifted_gallonsWeekly_modified_aposteriori,Modified_LiftedGallonsaposteriori,lifted_gallons_Weekly,beginning_gallons_Daily,beginning_gallons_Weekly,en_allocation_status_Daily,en_allocation_status_Weekly,percentage_allocation_Daily_actual,percentage_allocation_Daily,percentage_allocation_Weekly_actual,percentage_allocation_Weekly,alerts_ratability_Daily,alerts_ratability_Weekly,next_refresh_date_Daily,Week_switch,Modified_NRD,next_refresh_date_Weekly,en_account_type_Daily,en_account_type_Weekly,NRB_Daily,next_refresh_base_gallons_Daily,next_refresh_base_gallons_Weekly,remaining_gallons_Daily,remaining_gallons_Weekly,additional_gallons_allowed_Daily,additional_gallons_allowed_Weekly,additional_gallons_remaining_Daily,additional_gallons_remaining_Weekly,staging_id_Daily,staging_id_Weekly,base_gallons_Monthly,Lifted_actual_monthly,lifted_gallons_monthly_flag,lifted_gallons_Monthly,beginning_gallons_Monthly,en_allocation_status_Monthly,percentage_allocation_Monthly_actual,percentage_allocation_Monthly,alerts_ratability_Monthly,next_refresh_date_Monthly,NRB_Monthly,next_refresh_base_gallons_Monthly,remaining_gallons_Monthly,additional_gallons_allowed_Monthly,additional_gallons_remaining_Monthly,base_gallons_Daily_Reconciled,base_gallons_Monthly_Reconciled,base_gallons_Weekly_Reconciled,beginning_gallons_Daily_Reconciled,beginning_gallons_Monthly_Reconciled,beginning_gallons_Weekly_Reconciled,sanityWeekly_CumulativeDaily_WeeksByLiftedGallons,sanityWeekly_CumulativeDaily_NextRefreshDate,computedWeekly,computedMonthly,sanityComputedMonthly,remaining_gallons_Daily_Reconciled,remaining_gallons_Monthly_Reconciled,remaining_gallons_Weekly_Reconciled,additional_gallons_remaining_Daily_Reconciled,additional_gallons_remaining_Monthly_Reconciled,additional_gallons_remaining_Weekly_Reconciled,sanityMonthly_CumulativeDaily_WeeksByLiftedGallons,sanityMonthly_CumulativeDaily_WeeksByNextRefreshDate
2015-06-01,2015-06-01 00:00:00,BP,Channel: 50 - Commercial,CANTON OH - BUCKEYE (PLANT 9180),PREMIUM,-1,7305,0,-1,0,-1,-1,-1,0,w1,-1,0,-1,-1.0,8036.0,-1,-1,-1,100,-1,-1,-1,-1,-1,w1,1,2015-06-03 00:00:00,-1,-1,-1,-1,-1,-1,-1,-1,-1,-1,-1,-1,-1,0,-1,0,-1,0,-1,-1,-1,-1,-1,0,-1,-1,-1,-1,-1,0,-803600,-1.0,0,-74,True,True,0,0,0,-1,1,8037,-1,-1,-1,1,1
2015-06-02,2015-06-02 00:00:00,BP,Channel: 50 - Commercial,CANTON OH - BUCKEYE (PLANT 9180),PREMIUM,-1,7305,0,-1,0,-1,-1,8103,0,w1,-1,0,8103,-1.0,8036.0,-1,Available,-1,100,110%,110,-1,-1,-1,w1,0,2015-06-03 00:00:00,-1,Contract,-1,-1,7305,-1,0,-1,8000,-1,7932,-1,35,0,0,0,0,0,0,0,0,0,0,0,0,0,0,0,-1,0,7305,-1.0,0,8035,False,False,0,0,0,-1,0,-67,-1,-1,8000,0,0
2015-06-03,2015-06-03 00:00:00,BP,Channel: 50 - Commercial,CANTON OH - BUCKEYE (PLANT 9180),PREMIUM,-1,7305,3,3400,1,3400,-1,3400,0,w2,-1,0,3400,-1.0,8036.0,-1,Available,-1,100,110%,110,-1,-1,-1,w2,0,2015-06-10 00:00:00,-1,Contract,-1,-1,7305,-1,4636,-1,0,-1,0,-1,6030,0,0,0,0,0,0,0,0,0,0,0,0,0,0,0,-1,0,7305,-1.0,0,8035,True,True,0,0,0,-1,0,4636,-1,-1,-1,0,0
2015-06-04,2015-06-04 00:00:00,BP,Channel: 50 - Commercial,CANTON OH - BUCKEYE (PLANT 9180),PREMIUM,-1,7305,3,2201,1,2201,-1,5601,0,w2,-1,0,5601,-1.0,8036.0,-1,Available,-1,100,110%,110,-1,-1,-1,w2,0,2015-06-10 00:00:00,-1,Contract,-1,-1,7305,-1,2435,-1,0,-1,0,-1,8775,0,0,0,0,0,0,0,0,0,0,0,0,0,0,0,-1,0,7305,-1.0,0,8035,True,True,0,0,0,-1,0,2435,-1,-1,-1,0,0
2015-06-05,2015-06-05 00:00:00,BP,Channel: 50 - Commercial,CANTON OH - BUCKEYE (PLANT 9180),PREMIUM,-1,7305,3,3000,1,3000,-1,8601,0,w2,-1,0,8601,-1.0,8036.0,-1,Available,-1,100,110%,110,-1,-1,-1,w2,0,2015-06-10 00:00:00,-1,Contract,-1,-1,7305,-1,0,-1,8000,-1,7434,-1,11457,0,0,0,0,0,0,0,0,0,0,0,0,0,0,0,-1,0,7305,-1.0,0,8035,True,True,0,0,0,-1,0,-565,-1,-1,8000,0,0
2015-06-06,2015-06-06 00:00:00,BP,Channel: 50 - Commercial,CANTON OH - BUCKEYE (PLANT 9180),PREMIUM,-1,7305,0,-1,0,-1,-1,-1,0,w3,-1,0,-1,-1.0,8036.0,-1,-1,-1,100,-1,110,-1,-1,-1,w2,1,2015-06-10 00:00:00,-1,-1,-1,-1,-1,-1,-1,-1,-1,-1,-1,-1,-1,0,-1,0,-1,0,-1,-1,0,-1,-1,0,-1,-1,-1,-1,-1,0,7305,-1.0,0,8035,True,False,0,0,0,-1,1,8037,-1,-1,-1,0,0
2015-06-07,2015-06-07 00:00:00,BP,Channel: 50 - Commercial,CANTON OH - BUCKEYE (PLANT 9180),PREMIUM,-1,7305,0,-1,0,-1,-1,-1,0,w3,-1,0,-1,-1.0,8036.0,-1,-1,-1,100,-1,110,-1,-1,-1,w2,1,2015-06-10 00:00:00,-1,-1,-1,-1,-1,-1,-1,-1,-1,-1,-1,-1,-1,0,-1,0,-1,0,-1,-1,0,-1,-1,0,-1,-1,-1,-1,-1,0,7305,-1.0,0,8035,False,False,0,0,0,-1,1,8037,-1,-1,-1,0,0
2015-06-08,2015-06-08 00:00:00,BP,Channel: 50 - Commercial,CANTON OH - BUCKEYE (PLANT 9180),PREMIUM,-1,7305,0,-1,0,-1,-1,15607,0,w3,-1,0,15607,-1.0,8036.0,-1,Available,-1,100,110%,110,-1,-1,-1,w2,0,2015-06-10 00:00:00,-1,Contract,-1,-1,7305,-1,0,-1,8000,-1,428,-1,13947,0,0,0,0,0,0,0,0,0,0,0,0,0,0,0,-1,0,7305,-1.0,0,8035,False,False,0,0,0,-1,0,-7571,-1,-1,8000,0,0
2015-06-09,2015-06-09 00:00:00,BP,Channel: 50 - Commercial,CANTON OH - BUCKEYE (PLANT 9180),PREMIUM,-1,7305,0,-1,0,-1,-1,-1,0,w4,-1,0,-1,-1.0,8036.0,-1,-1,-1,100,-1,110,-1,-1,-1,w2,1,2015-06-10 00:00:00,-1,-1,-1,-1,-1,-1,-1,-1,-1,-1,-1,-1,-1,0,-1,0,-1,0,-1,-1,0,-1,-1,0,-1,-1,-1,-1,-1,0,7305,-1.0,0,8035,True,False,0,0,0,-1,1,8037,-1,-1,-1,0,0
2015-06-10,2015-06-10 00:00:00,BP,Channel: 50 - Commercial,CANTON OH - BUCKEYE (PLANT 9180),PREMIUM,-1,7305,3,0,0,-1,-1,0,0,w4,-1,0,0,-1.0,8036.0,-1,Available,-1,100,110%,110,-1,-1,-1,w3,0,2015-06-17 00:00:00,-1,Contract,-1,-1,7305,-1,8036,-1,0,-1,0,-1,20583,0,0,0,0,0,0,0,0,0,0,0,0,0,0,0,-1,0,7305,-1.0,0,8035,False,True,0,0,0,-1,0,8036,-1,-1,-1,0,0
2015-06-11,2015-06-11 00:00:00,BP,Channel: 50 - Commercial,CANTON OH - BUCKEYE (PLANT 9180),PREMIUM,-1,7305,3,2504,1,2504,-1,2504,0,w4,-1,0,2504,-1.0,8036.0,-1,Available,-1,100,110%,110,-1,-1,-1,w3,0,2015-06-17 00:00:00,-1,Contract,-1,-1,7305,-1,5532,-1,0,-1,0,-1,23358,0,0,0,0,0,0,0,0,0,0,0,0,0,0,0,-1,0,7305,-1.0,0,8035,False,True,0,0,0,-1,0,5532,-1,-1,-1,0,0
2015-06-12,2015-06-12 00:00:00,BP,Channel: 50 - Commercial,CANTON OH - BUCKEYE (PLANT 9180),PREMIUM,-1,7305,0,-1,0,-1,-1,-1,0,w5,-1,0,-1,-1.0,8036.0,-1,-1,-1,100,-1,110,-1,-1,-1,w3,1,2015-06-17 00:00:00,-1,-1,-1,-1,-1,-1,-1,-1,-1,-1,-1,-1,-1,0,-1,0,-1,0,-1,-1,0,-1,-1,0,-1,-1,-1,-1,-1,0,7305,-1.0,0,8035,True,False,0,0,0,-1,1,8037,-1,-1,-1,0,0
2015-06-13,2015-06-13 00:00:00,BP,Channel: 50 - Commercial,CANTON OH - BUCKEYE (PLANT 9180),PREMIUM,-1,7305,0,-1,0,-1,-1,7210,0,w5,-1,0,7210,-1.0,8036.0,-1,Available,-1,100,110%,110,-1,-1,-1,w3,0,2015-06-17 00:00:00,-1,Contract,-1,-1,7305,-1,826,-1,8000,-1,8000,-1,51041,0,0,0,0,0,0,0,0,0,0,0,0,0,0,0,-1,0,7305,-1.0,0,8035,False,False,0,0,0,-1,0,826,-1,-1,-1,0,0
2015-06-14,2015-06-14 00:00:00,BP,Channel: 50 - Commercial,CANTON OH - BUCKEYE (PLANT 9180),PREMIUM,-1,7305,3,1202,1,1202,-1,8412,0,w5,-1,0,8412,-1.0,8036.0,-1,Available,-1,100,110%,110,-1,-1,-1,w3,0,2015-06-17 00:00:00,-1,Contract,-1,-1,7305,-1,0,-1,8000,-1,7623,-1,70825,0,0,0,0,0,0,0,0,0,0,0,0,0,0,0,-1,0,7305,-1.0,0,8035,False,False,0,0,0,-1,0,-376,-1,-1,8000,0,0
2015-06-15,2015-06-15 00:00:00,BP,Channel: 50 - Commercial,CANTON OH - BUCKEYE (PLANT 9180),PREMIUM,-1,7305,3,1200,1,1200,-1,9612,0,w5,-1,0,9612,-1.0,8036.0,-1,Available,-1,100,110%,110,-1,-1,-1,w3,0,2015-06-17 00:00:00,-1,Contract,-1,-1,7305,-1,0,-1,8000,-1,6423,-1,101447,0,0,0,0,0,0,0,0,0,0,0,0,0,0,0,-1,0,7305,-1.0,0,8035,False,False,0,0,0,-1,0,-1576,-1,-1,8000,0,0
2015-06-16,2015-06-16 00:00:00,BP,Channel: 50 - Commercial,CANTON OH - BUCKEYE (PLANT 9180),PREMIUM,-1,7305,3,1202,1,1202,-1,10814,0,w5,-1,0,10814,-1.0,8036.0,-1,Available,-1,100,110%,110,-1,-1,-1,w3,0,2015-06-17 00:00:00,-1,Contract,-1,-1,7305,-1,0,-1,8000,-1,5221,-1,123663,0,0,0,0,0,0,0,0,0,0,0,0,0,0,0,-1,0,7305,-1.0,0,8035,False,False,0,0,0,-1,0,-2778,-1,-1,8000,0,0
2015-06-17,2015-06-17 00:00:00,BP,Channel: 50 - Commercial,CANTON OH - BUCKEYE (PLANT 9180),PREMIUM,-1,7305,3,2401,1,2401,-1,2401,0,w6,-1,0,2401,-1.0,8036.0,-1,Available,-1,100,110%,110,-1,-1,-1,w4,0,2015-06-24 00:00:00,-1,Contract,-1,-1,7305,-1,5635,-1,0,-1,0,-1,142271,0,0,0,0,0,0,0,0,0,0,0,0,0,0,0,-1,0,7305,-1.0,0,8035,True,True,2401,0,0,-1,0,5635,-1,-1,-1,0,0
2015-06-18,2015-06-18 00:00:00,BP,Channel: 50 - Commercial,CANTON OH - BUCKEYE (PLANT 9180),PREMIUM,-1,7305,3,1202,1,1202,-1,3603,0,w6,-1,0,3603,-1.0,8036.0,-1,Available,-1,100,110%,110,-1,-1,-1,w4,0,2015-06-24 00:00:00,-1,Contract,-1,-1,7305,-1,4433,-1,0,-1,0,-1,161069,0,0,0,0,0,0,0,0,0,0,0,0,0,0,0,-1,0,7305,-1.0,0,8035,True,True,3603,0,0,-1,0,4433,-1,-1,-1,0,0
2015-06-19,2015-06-19 00:00:00,BP,Channel: 50 - Commercial,CANTON OH - BUCKEYE (PLANT 9180),PREMIUM,-1,7305,3,3600,1,3600,-1,7203,0,w6,-1,0,7203,-1.0,8036.0,-1,Available,-1,100,110%,110,-1,-1,-1,w4,0,2015-06-24 00:00:00,-1,Contract,-1,-1,7305,-1,833,-1,0,-1,0,-1,177473,0,0,0,0,0,0,0,0,0,0,0,0,0,0,0,-1,0,7305,-1.0,0,8035,True,True,7203,0,0,-1,0,833,-1,-1,-1,0,0
2015-06-20,2015-06-20 00:00:00,BP,Channel: 50 - Commercial,CANTON OH - BUCKEYE (PLANT 9180),PREMIUM,-1,7305,3,1199,1,1199,-1,8402,0,w6,-1,0,8402,-1.0,8036.0,-1,Out,-1,100,110%,110,-1,-1,-1,w4,0,2015-06-24 00:00:00,-1,Contract,-1,-1,7305,-1,-367,-1,0,-1,0,-1,190946,0,0,0,0,0,0,0,0,0,0,0,0,0,0,0,-1,0,7305,-1.0,0,8035,True,True,8402,0,0,-1,0,-366,-1,-1,-1,0,0
2015-06-21,2015-06-21 00:00:00,BP,Channel: 50 - Commercial,CANTON OH - BUCKEYE (PLANT 9180),PREMIUM,-1,7305,3,0,1,0,-1,8402,0,w6,-1,0,8402,-1.0,8036.0,-1,Out,-1,100,110%,110,-1,-1,-1,w4,0,2015-06-24 00:00:00,-1,Contract,-1,-1,7305,-1,-367,-1,0,-1,0,-1,217288,0,0,0,0,0,0,0,0,0,0,0,0,0,0,0,-1,0,7305,-1.0,0,8035,True,True,8402,0,0,-1,0,-366,-1,-1,-1,0,0
2015-06-22,2015-06-22 00:00:00,BP,Channel: 50 - Commercial,CANTON OH - BUCKEYE (PLANT 9180),PREMIUM,-1,7305,3,1205,1,1205,-1,9607,0,w6,-1,0,9607,-1.0,8036.0,-1,Available,-1,100,110%,110,-1,-1,-1,w4,0,2015-06-24 00:00:00,-1,Contract,-1,-1,7305,-1,-367,-1,8000,-1,6795,-1,239277,0,0,0,0,0,0,0,0,0,0,0,0,0,0,0,-1,0,7305,-1.0,0,8035,True,True,9607,0,0,-1,0,-1571,-1,-1,8000,0,0
2015-06-23,2015-06-23 00:00:00,BP,Channel: 50 - Commercial,CANTON OH - BUCKEYE (PLANT 9180),PREMIUM,-1,7305,3,0,1,0,-1,9607,0,w6,-1,0,9607,-1.0,8036.0,-1,Available,-1,100,110%,110,-1,-1,-1,w4,0,2015-06-24 00:00:00,-1,Contract,-1,-1,7305,-1,-367,-1,8000,-1,6795,-1,278168,0,0,0,0,0,0,0,0,0,0,0,0,0,0,0,-1,0,7305,-1.0,0,8035,True,True,9607,0,0,-1,0,-1571,-1,-1,8000,0,0
2015-06-24,2015-06-24 00:00:00,BP,Channel: 50 - Commercial,CANTON OH - BUCKEYE (PLANT 9180),PREMIUM,-1,7305,3,0,1,0,-1,0,0,w7,-1,0,0,-1.0,8036.0,-1,Available,-1,100,110%,110,-1,-1,-1,w5,0,2015-07-01 00:00:00,-1,Contract,-1,-1,7305,-1,8036,-1,0,-1,0,-1,307352,0,0,0,0,0,0,0,0,0,0,0,0,0,0,0,-1,0,7305,-1.0,0,8035,True,True,0,0,0,-1,0,8036,-1,-1,-1,0,0
2015-06-25,2015-06-25 00:00:00,BP,Channel: 50 - Commercial,CANTON OH - BUCKEYE (PLANT 9180),PREMIUM,-1,7305,3,0,1,0,-1,0,0,w7,-1,0,0,-1.0,8036.0,-1,Available,-1,100,110%,110,-1,-1,-1,w5,0,2015-07-01 00:00:00,-1,Contract,-1,-1,7305,-1,8036,-1,0,-1,0,-1,338681,0,0,0,0,0,0,0,0,0,0,0,0,0,0,0,-1,0,7305,-1.0,0,8035,True,True,0,0,0,-1,0,8036,-1,-1,-1,0,0
2015-06-26,2015-06-26 00:00:00,BP,Channel: 50 - Commercial,CANTON OH - BUCKEYE (PLANT 9180),PREMIUM,-1,7305,3,1204,1,1204,-1,1204,0,w7,-1,0,1204,-1.0,8036.0,-1,Available,-1,100,110%,110,-1,-1,-1,w5,0,2015-07-01 00:00:00,-1,Contract,-1,-1,7305,-1,6832,-1,0,-1,0,-1,368989,0,0,0,0,0,0,0,0,0,0,0,0,0,0,0,-1,0,7305,-1.0,0,8035,True,True,1204,0,0,-1,0,6832,-1,-1,-1,0,0
2015-06-27,2015-06-27 00:00:00,BP,Channel: 50 - Commercial,CANTON OH - BUCKEYE (PLANT 9180),PREMIUM,-1,7305,3,4505,1,4505,-1,5709,0,w7,-1,0,5709,-1.0,8036.0,-1,Available,-1,100,110%,110,-1,-1,-1,w5,0,2015-07-01 00:00:00,-1,Contract,-1,-1,7305,-1,2327,-1,0,-1,0,-1,396071,0,0,0,0,0,0,0,0,0,0,0,0,0,0,0,-1,0,7305,-1.0,0,8035,True,True,5709,0,0,-1,0,2327,-1,-1,-1,0,0
2015-06-28,2015-06-28 00:00:00,BP,Channel: 50 - Commercial,CANTON OH - BUCKEYE (PLANT 9180),PREMIUM,-1,7305,3,0,1,0,-1,5709,0,w7,-1,0,5709,-1.0,8036.0,-1,Available,-1,100,110%,110,-1,-1,-1,w5,0,2015-07-01 00:00:00,-1,Contract,-1,-1,7305,-1,2327,-1,0,-1,0,-1,420432,0,0,0,0,0,0,0,0,0,0,0,0,0,0,0,-1,0,7305,-1.0,0,8035,True,True,5709,0,0,-1,0,2327,-1,-1,-1,0,0
2015-06-29,2015-06-29 00:00:00,BP,Channel: 50 - Commercial,CANTON OH - BUCKEYE (PLANT 9180),PREMIUM,-1,7305,3,1101,1,1101,-1,6810,0,w7,-1,0,6810,-1.0,8036.0,-1,Available,-1,100,110%,110,-1,-1,-1,w5,0,2015-07-01 00:00:00,-1,Contract,-1,-1,7305,-1,1226,-1,8000,-1,8000,-1,451248,0,0,0,0,0,0,0,0,0,0,0,0,0,0,0,-1,0,7305,-1.0,0,8035,True,True,6810,0,0,-1,0,1226,-1,-1,-1,0,0
2015-06-30,2015-06-30 00:00:00,BP,Channel: 50 - Commercial,CANTON OH - BUCKEYE (PLANT 9180),PREMIUM,-1,7305,3,2304,1,2304,-1,9114,0,w7,-1,0,9114,-1.0,8036.0,-1,Available,-1,100,110%,110,-1,-1,-1,w5,0,2015-07-01 00:00:00,-1,Contract,-1,-1,7305,-1,0,-1,8000,-1,6921,-1,477913,0,0,0,0,0,0,0,0,0,0,0,0,0,0,0,-1,0,7305,-1.0,0,8035,True,True,9114,0,0,-1,0,-1078,-1,-1,8000,0,0
