,date,supplier_name,account_type,supplier_terminal_name,product_name,base_gallons_Daily,base_gallons_Monthly,base_gallons_Weekly,lifted_gallons_daily_flag,lifted_gallons_daily_modified,Modified_WeeksByLiftedGallons,lifted_gallons_modified_WeeksByLiftedGallons,lifted_gallons_Daily,Lifted_actual_monthly,lifted_gallons_monthly_flag,lifted_gallons_Monthly,Lifted_actual_weekly,lifted_gallons_weekly_flag,WeeksByLiftedGallons,lifted_gallonsWeekly_modified_aposteriori,Modified_LiftedGallonsaposteriori,lifted_gallons_Weekly,beginning_gallons_Daily,beginning_gallons_Monthly,beginning_gallons_Weekly,en_allocation_status_Daily,en_allocation_status_Monthly,en_allocation_status_Weekly,percentage_allocation_Daily_actual,percentage_allocation_Daily,percentage_allocation_Monthly_actual,percentage_allocation_Monthly,percentage_allocation_Weekly_actual,percentage_allocation_Weekly,alerts_ratability_Daily,alerts_ratability_Monthly,alerts_ratability_Weekly,next_refresh_date_Daily,next_refresh_date_Monthly,Week_switch,Modified_NRD,next_refresh_date_Weekly,en_account_type_Daily,en_account_type_Monthly,en_account_type_Weekly,NRB_Daily,next_refresh_base_gallons_Daily,NRB_Monthly,next_refresh_base_gallons_Monthly,next_refresh_base_gallons_Weekly,remaining_gallons_Daily,remaining_gallons_Monthly,remaining_gallons_Weekly,additional_gallons_allowed_Daily,additional_gallons_allowed_Monthly,additional_gallons_allowed_Weekly,additional_gallons_remaining_Daily,additional_gallons_remaining_Monthly,additional_gallons_remaining_Weekly,staging_id_Daily,staging_id_Monthly,staging_id_Weekly,base_gallons_Daily_Reconciled,base_gallons_Monthly_Reconciled,base_gallons_Weekly_Reconciled,beginning_gallons_Daily_Reconciled,beginning_gallons_Monthly_Reconciled,beginning_gallons_Weekly_Reconciled,sanityWeekly_CumulativeDaily_WeeksByLiftedGallons,sanityWeekly_CumulativeDaily_NextRefreshDate,computedWeekly,computedMonthly,sanityComputedMonthly,remaining_gallons_Daily_Reconciled,remaining_gallons_Monthly_Reconciled,remaining_gallons_Weekly_Reconciled,additional_gallons_remaining_Daily_Reconciled,additional_gallons_remaining_Monthly_Reconciled,additional_gallons_remaining_Weekly_Reconciled,sanityMonthly_CumulativeDaily_WeeksByLiftedGallons,sanityMonthly_CumulativeDaily_WeeksByNextRefreshDate
2015-08-01,2015-08-01 00:00:00,Holly,PILOT TRAVEL CENTERS LLC - PRODUCT,Woods Cross UT - HEP - 5000,Woods Cross Bio Diesel 5%,0,0,0,1,0,0,0,0,0,0,0,0,1,w1,0,0,0,4839,100000,22581,Available,Available,Available,-1,100,-1,100,-1,100,-1,-1,-1,08/02 00:00:00 MDT,09/01 00:00:00 MDT,w1,0,2015-08-02 00:00:00,Contract,Contract,Contract,0,3226,0,100000,22581,4839,100000,22581,0,0,0,0,0,0,1272170,1272172,1272171,4800,100000,22500,0,0,0,True,True,0,0,1,4839,100000,22581,-1,-1,-1,1,1
2015-08-02,2015-08-02 00:00:00,Holly,PILOT TRAVEL CENTERS LLC - PRODUCT,Woods Cross UT - HEP - 5000,Woods Cross Bio Diesel 5%,0,0,0,1,0,0,0,0,0,0,0,0,1,w1,0,0,0,4839,100000,22581,Available,Available,Available,-1,100,-1,100,-1,100,-1,-1,-1,08/03 00:00:00 MDT,09/01 00:00:00 MDT,w2,0,2015-08-09 00:00:00,Contract,Contract,Contract,0,3226,0,100000,22581,4839,100000,22581,0,0,0,0,0,0,1301843,1301845,1301844,4800,100000,22500,0,0,0,True,True,0,0,1,4839,100000,22581,-1,-1,-1,1,1
2015-08-03,2015-08-03 00:00:00,Holly,PILOT TRAVEL CENTERS LLC - PRODUCT,Woods Cross UT - HEP - 5000,Woods Cross Bio Diesel 5%,0,0,0,1,900,0,900,900,900,0,900,900,1,w1,900,0,900,4839,100000,22581,Available,Available,Available,-1,100,-1,100,-1,100,-1,-1,-1,08/04 00:00:00 MDT,09/01 00:00:00 MDT,w2,0,2015-08-09 00:00:00,Contract,Contract,Contract,0,3226,0,100000,22581,3939,99100,21681,0,0,0,0,0,0,1331448,1331450,1331449,4800,100000,22500,0,0,0,True,True,900,900,1,3939,99100,21681,-1,-1,-1,1,1
2015-08-04,2015-08-04 00:00:00,Holly,PILOT TRAVEL CENTERS LLC - PRODUCT,Woods Cross UT - HEP - 5000,Woods Cross Bio Diesel 5%,0,0,0,1,32729,0,-1,-1,33629,0,33629,-1,1,w2,-1,0,33629,4839,100000,22581,-1,Available,-1,-1,100,-1,100,-1,100,-1,-1,-1,-1,09/01 00:00:00 MDT,w2,1,2015-08-09 00:00:00,-1,Contract,-1,0,-1,0,100000,-1,-1,66371,-1,-1,0,-1,-1,0,-1,-1,1361629,-1,4800,100000,22500,0,0,0,True,True,33629,33629,1,-27890,66371,-11048,-1,-1,-1,0,1
2015-08-05,2015-08-05 00:00:00,Holly,PILOT TRAVEL CENTERS LLC - PRODUCT,Woods Cross UT - HEP - 5000,Woods Cross Bio Diesel 5%,0,0,0,1,7208,0,-1,-1,40837,0,40837,-1,1,w2,-1,0,40837,4839,100000,22581,-1,Available,-1,-1,100,-1,100,-1,100,-1,-1,-1,-1,09/01 00:00:00 MDT,w2,1,2015-08-09 00:00:00,-1,Contract,-1,0,-1,0,100000,-1,-1,59163,-1,-1,0,-1,-1,0,-1,-1,1390114,-1,4800,100000,22500,0,0,0,False,True,40837,40837,1,-2369,59163,-18256,-1,-1,-1,0,1
2015-08-06,2015-08-06 00:00:00,Holly,PILOT TRAVEL CENTERS LLC - PRODUCT,Woods Cross UT - HEP - 5000,Woods Cross Bio Diesel 5%,0,0,0,1,12200,0,-1,-1,53037,0,53037,-1,1,w2,-1,0,53037,4839,100000,22581,-1,Limited,-1,-1,100,-1,100,-1,100,-1,-1,-1,-1,09/01 00:00:00 MDT,w2,1,2015-08-09 00:00:00,-1,Contract,-1,0,-1,0,100000,-1,-1,46963,-1,-1,0,-1,-1,0,-1,-1,1425963,-1,4800,100000,22500,0,0,0,False,True,53037,53037,1,-7361,46963,-30456,-1,-1,-1,0,1
2015-08-07,2015-08-07 00:00:00,Holly,PILOT TRAVEL CENTERS LLC - PRODUCT,Woods Cross UT - HEP - 5000,Woods Cross Bio Diesel 5%,0,0,0,1,11342,0,-1,-1,64379,0,64379,-1,1,w2,-1,0,64379,4839,100000,22581,-1,Limited,-1,-1,100,-1,100,-1,100,-1,-1,-1,-1,09/01 00:00:00 MDT,w2,1,2015-08-09 00:00:00,-1,Contract,-1,0,-1,0,100000,-1,-1,35621,-1,-1,0,-1,-1,0,-1,-1,1461498,-1,4800,100000,22500,0,0,0,False,True,64379,64379,1,-6503,35621,-41798,-1,-1,-1,0,1
2015-08-08,2015-08-08 00:00:00,Holly,PILOT TRAVEL CENTERS LLC - PRODUCT,Woods Cross UT - HEP - 5000,Woods Cross Bio Diesel 5%,0,0,0,1,0,0,-1,-1,64379,0,64379,-1,1,w2,-1,0,64379,4839,100000,22581,-1,Limited,-1,-1,100,-1,100,-1,100,-1,-1,-1,-1,09/01 00:00:00 MDT,w2,1,2015-08-09 00:00:00,-1,Contract,-1,0,-1,0,100000,-1,-1,35621,-1,-1,0,-1,-1,0,-1,-1,1495787,-1,4800,100000,22500,0,0,0,False,True,64379,64379,1,4839,35621,-41798,-1,-1,-1,0,1
2015-08-09,2015-08-09 00:00:00,Holly,PILOT TRAVEL CENTERS LLC - PRODUCT,Woods Cross UT - HEP - 5000,Woods Cross Bio Diesel 5%,0,0,0,1,0,0,-1,-1,64379,0,64379,-1,1,w2,-1,0,0,4839,100000,22581,-1,Limited,-1,-1,100,-1,100,-1,100,-1,-1,-1,-1,09/01 00:00:00 MDT,w3,1,2015-08-16 00:00:00,-1,Contract,-1,0,-1,0,100000,-1,-1,35621,-1,-1,0,-1,-1,0,-1,-1,1529472,-1,4800,100000,22500,0,0,0,False,True,0,64379,1,4839,35621,22581,-1,-1,-1,0,1
2015-08-10,2015-08-10 00:00:00,Holly,PILOT TRAVEL CENTERS LLC - PRODUCT,Woods Cross UT - HEP - 5000,Woods Cross Bio Diesel 5%,0,0,0,1,0,0,-1,-1,64379,0,64379,-1,1,w2,-1,0,0,4839,100000,22581,-1,Limited,-1,-1,100,-1,100,-1,100,-1,-1,-1,-1,09/01 00:00:00 MDT,w3,1,2015-08-16 00:00:00,-1,Contract,-1,0,-1,0,100000,-1,-1,35621,-1,-1,0,-1,-1,0,-1,-1,1562579,-1,4800,100000,22500,0,0,0,False,True,0,64379,1,4839,35621,22581,-1,-1,-1,0,1
2015-08-11,2015-08-11 00:00:00,Holly,PILOT TRAVEL CENTERS LLC - PRODUCT,Woods Cross UT - HEP - 5000,Woods Cross Bio Diesel 5%,0,0,0,1,0,0,-1,-1,64379,0,64379,-1,1,w2,-1,0,0,4839,100000,22581,-1,Limited,-1,-1,100,-1,100,-1,100,-1,-1,-1,-1,09/01 00:00:00 MDT,w3,1,2015-08-16 00:00:00,-1,Contract,-1,0,-1,0,100000,-1,-1,35621,-1,-1,0,-1,-1,0,-1,-1,1595565,-1,4800,100000,22500,0,0,0,False,True,0,64379,1,4839,35621,22581,-1,-1,-1,0,1
2015-08-12,2015-08-12 00:00:00,Holly,PILOT TRAVEL CENTERS LLC - PRODUCT,Woods Cross UT - HEP - 5000,Woods Cross Bio Diesel 5%,0,0,0,1,36011,0,-1,-1,100390,0,100390,-1,1,w2,-1,0,36011,4839,100000,22581,-1,Available,-1,-1,100,-1,100,-1,100,-1,-1,-1,-1,09/01 00:00:00 MDT,w3,1,2015-08-16 00:00:00,-1,Contract,-1,0,-1,0,100000,-1,-1,599610,-1,-1,0,-1,-1,0,-1,-1,1634824,-1,4800,100000,22500,0,0,0,False,True,36011,100390,1,-31172,-390,-13430,-1,-1,-1,0,1
2015-08-13,2015-08-13 00:00:00,Holly,PILOT TRAVEL CENTERS LLC - PRODUCT,Woods Cross UT - HEP - 5000,Woods Cross Bio Diesel 5%,0,0,0,1,86642,0,-1,-1,187032,0,187032,-1,1,w2,-1,0,122653,4839,100000,22581,-1,Available,-1,-1,100,-1,100,-1,100,-1,-1,-1,-1,09/01 00:00:00 MDT,w3,1,2015-08-16 00:00:00,-1,Contract,-1,0,-1,0,100000,-1,-1,512968,-1,-1,0,-1,-1,0,-1,-1,1674754,-1,4800,100000,22500,0,0,0,False,True,122653,187032,1,-81803,-87032,-100072,-1,-1,-1,0,1
2015-08-14,2015-08-14 00:00:00,Holly,PILOT TRAVEL CENTERS LLC - PRODUCT,Woods Cross UT - HEP - 5000,Woods Cross Bio Diesel 5%,0,0,0,1,132916,0,-1,-1,319948,0,319948,-1,1,w2,-1,0,255569,4839,100000,22581,-1,Available,-1,-1,100,-1,100,-1,100,-1,-1,-1,-1,09/01 00:00:00 MDT,w3,1,2015-08-16 00:00:00,-1,Contract,-1,0,-1,0,100000,-1,-1,380052,-1,-1,0,-1,-1,0,-1,-1,1714366,-1,4800,100000,22500,0,0,0,False,True,255569,319948,1,-128077,-219948,-232988,-1,-1,-1,0,1
2015-08-15,2015-08-15 00:00:00,Holly,PILOT TRAVEL CENTERS LLC - PRODUCT,Woods Cross UT - HEP - 5000,Woods Cross Bio Diesel 5%,0,0,0,1,21005,0,-1,-1,340953,0,340953,-1,1,w2,-1,0,276574,4839,100000,22581,-1,Available,-1,-1,100,-1,100,-1,100,-1,-1,-1,-1,09/01 00:00:00 MDT,w3,1,2015-08-16 00:00:00,-1,Contract,-1,0,-1,0,100000,-1,-1,359047,-1,-1,0,-1,-1,0,-1,-1,1752125,-1,4800,100000,22500,0,0,0,False,True,276574,340953,1,-16166,-240953,-253993,-1,-1,-1,0,1
2015-08-16,2015-08-16 00:00:00,Holly,PILOT TRAVEL CENTERS LLC - PRODUCT,Woods Cross UT - HEP - 5000,Woods Cross Bio Diesel 5%,0,0,0,1,10504,0,-1,-1,351457,0,351457,-1,1,w2,-1,0,10504,4839,100000,22581,-1,Limited,-1,-1,100,-1,100,-1,100,-1,-1,-1,-1,09/01 00:00:00 MDT,w4,1,2015-08-23 00:00:00,-1,Contract,-1,0,-1,0,100000,-1,-1,348543,-1,-1,0,-1,-1,0,-1,-1,1788482,-1,4800,100000,22500,0,0,0,False,True,10504,351457,1,-5665,-251457,12077,-1,-1,-1,0,1
2015-08-17,2015-08-17 00:00:00,Holly,PILOT TRAVEL CENTERS LLC - PRODUCT,Woods Cross UT - HEP - 5000,Woods Cross Bio Diesel 5%,0,0,0,1,54409,0,-1,-1,405866,0,405866,-1,1,w2,-1,0,64913,4839,100000,22581,-1,Limited,-1,-1,100,-1,100,-1,100,-1,-1,-1,-1,09/01 00:00:00 MDT,w4,1,2015-08-23 00:00:00,-1,Contract,-1,0,-1,0,100000,-1,-1,294134,-1,-1,0,-1,-1,0,-1,-1,1829806,-1,4800,100000,22500,0,0,0,False,True,64913,405866,1,-49570,-305866,-42332,-1,-1,-1,0,1
2015-08-18,2015-08-18 00:00:00,Holly,PILOT TRAVEL CENTERS LLC - PRODUCT,Woods Cross UT - HEP - 5000,Woods Cross Bio Diesel 5%,0,0,0,1,72818,0,-1,-1,478684,0,478684,-1,1,w2,-1,0,137731,4839,100000,22581,-1,Limited,-1,-1,100,-1,100,-1,100,-1,-1,-1,-1,09/01 00:00:00 MDT,w4,1,2015-08-23 00:00:00,-1,Contract,-1,0,-1,0,100000,-1,-1,221316,-1,-1,0,-1,-1,0,-1,-1,1868328,-1,4800,100000,22500,0,0,0,False,True,137731,478684,1,-67979,-378684,-115150,-1,-1,-1,0,1
2015-08-19,2015-08-19 00:00:00,Holly,PILOT TRAVEL CENTERS LLC - PRODUCT,Woods Cross UT - HEP - 5000,Woods Cross Bio Diesel 5%,0,0,0,1,103151,0,-1,-1,581835,0,581835,-1,1,w2,-1,0,240882,4839,100000,22581,-1,Limited,-1,-1,100,-1,100,-1,100,-1,-1,-1,-1,09/01 00:00:00 MDT,w4,1,2015-08-23 00:00:00,-1,Contract,-1,0,-1,0,100000,-1,-1,118165,-1,-1,0,-1,-1,0,-1,-1,1904366,-1,4800,100000,22500,0,0,0,False,True,240882,581835,1,-98312,-481835,-218301,-1,-1,-1,0,1
2015-08-20,2015-08-20 00:00:00,Holly,PILOT TRAVEL CENTERS LLC - PRODUCT,Woods Cross UT - HEP - 5000,Woods Cross Bio Diesel 5%,0,0,0,1,72345,0,-1,-1,654180,0,654180,-1,1,w2,-1,0,313227,4839,100000,22581,-1,Limited,-1,-1,100,-1,100,-1,100,-1,-1,-1,-1,09/01 00:00:00 MDT,w4,1,2015-08-23 00:00:00,-1,Contract,-1,0,-1,0,100000,-1,-1,45820,-1,-1,0,-1,-1,0,-1,-1,1943301,-1,4800,100000,22500,0,0,0,False,True,313227,654180,1,-67506,-554180,-290646,-1,-1,-1,0,1
2015-08-21,2015-08-21 00:00:00,Holly,PILOT TRAVEL CENTERS LLC - PRODUCT,Woods Cross UT - HEP - 5000,Woods Cross Bio Diesel 5%,0,0,0,1,0,0,-1,-1,654180,0,654180,-1,1,w2,-1,0,313227,4839,100000,22581,-1,Out,-1,-1,100,-1,100,-1,100,-1,-1,-1,-1,09/01 00:00:00 MDT,w4,1,2015-08-23 00:00:00,-1,Contract,-1,0,-1,0,100000,-1,-1,-554180,-1,-1,0,-1,-1,0,-1,-1,1982017,-1,4800,100000,22500,0,0,0,False,True,313227,654180,1,4839,-554180,-290646,-1,-1,-1,0,1
2015-08-22,2015-08-22 00:00:00,Holly,PILOT TRAVEL CENTERS LLC - PRODUCT,Woods Cross UT - HEP - 5000,Woods Cross Bio Diesel 5%,0,0,0,1,0,0,-1,-1,654180,0,654180,-1,1,w2,-1,0,313227,4839,100000,22581,-1,Out,-1,-1,100,-1,100,-1,100,-1,-1,-1,-1,09/01 00:00:00 MDT,w4,1,2015-08-23 00:00:00,-1,Contract,-1,0,-1,0,100000,-1,-1,-554180,-1,-1,0,-1,-1,0,-1,-1,2020031,-1,4800,100000,22500,0,0,0,False,True,313227,654180,1,4839,-554180,-290646,-1,-1,-1,0,1
2015-08-23,2015-08-23 00:00:00,Holly,PILOT TRAVEL CENTERS LLC - PRODUCT,Woods Cross UT - HEP - 5000,Woods Cross Bio Diesel 5%,0,0,0,1,0,0,-1,-1,654180,0,654180,-1,1,w2,-1,0,0,4839,100000,22581,-1,Out,-1,-1,100,-1,100,-1,100,-1,-1,-1,-1,09/01 00:00:00 MDT,w5,1,2015-08-30 00:00:00,-1,Contract,-1,0,-1,0,100000,-1,-1,-554180,-1,-1,0,-1,-1,0,-1,-1,2055939,-1,4800,100000,22500,0,0,0,False,True,0,654180,1,4839,-554180,22581,-1,-1,-1,0,1
2015-08-24,2015-08-24 00:00:00,Holly,PILOT TRAVEL CENTERS LLC - PRODUCT,Woods Cross UT - HEP - 5000,Woods Cross Bio Diesel 5%,0,0,0,1,0,0,-1,-1,654180,0,654180,-1,1,w2,-1,0,0,4839,100000,22581,-1,Out,-1,-1,100,-1,100,-1,100,-1,-1,-1,-1,09/01 00:00:00 MDT,w5,1,2015-08-30 00:00:00,-1,Contract,-1,0,-1,0,100000,-1,-1,-554180,-1,-1,0,-1,-1,0,-1,-1,2093572,-1,4800,100000,22500,0,0,0,False,True,0,654180,1,4839,-554180,22581,-1,-1,-1,0,1
2015-08-25,2015-08-25 00:00:00,Holly,PILOT TRAVEL CENTERS LLC - PRODUCT,Woods Cross UT - HEP - 5000,Woods Cross Bio Diesel 5%,0,0,0,1,0,0,-1,-1,654180,0,654180,-1,1,w2,-1,0,0,4839,100000,22581,-1,Out,-1,-1,100,-1,100,-1,100,-1,-1,-1,-1,09/01 00:00:00 MDT,w5,1,2015-08-30 00:00:00,-1,Contract,-1,0,-1,0,100000,-1,-1,-554180,-1,-1,0,-1,-1,0,-1,-1,2125848,-1,4800,100000,22500,0,0,0,False,True,0,654180,1,4839,-554180,22581,-1,-1,-1,0,1
2015-08-26,2015-08-26 00:00:00,Holly,PILOT TRAVEL CENTERS LLC - PRODUCT,Woods Cross UT - HEP - 5000,Woods Cross Bio Diesel 5%,0,0,0,1,0,0,-1,-1,654180,0,654180,-1,1,w2,-1,0,0,4839,100000,22581,-1,Out,-1,-1,100,-1,100,-1,100,-1,-1,-1,-1,09/01 00:00:00 MDT,w5,1,2015-08-30 00:00:00,-1,Contract,-1,0,-1,0,100000,-1,-1,-554180,-1,-1,0,-1,-1,0,-1,-1,2153309,-1,4800,100000,22500,0,0,0,False,True,0,654180,1,4839,-554180,22581,-1,-1,-1,0,1
2015-08-27,2015-08-27 00:00:00,Holly,PILOT TRAVEL CENTERS LLC - PRODUCT,Woods Cross UT - HEP - 5000,Woods Cross Bio Diesel 5%,0,0,0,1,0,0,-1,-1,654180,0,654180,-1,1,w2,-1,0,0,4839,100000,22581,-1,Out,-1,-1,100,-1,100,-1,100,-1,-1,-1,-1,09/01 00:00:00 MDT,w5,1,2015-08-30 00:00:00,-1,Contract,-1,0,-1,0,100000,-1,-1,-554180,-1,-1,0,-1,-1,0,-1,-1,2180518,-1,4800,100000,22500,0,0,0,False,True,0,654180,1,4839,-554180,22581,-1,-1,-1,0,1
2015-08-28,2015-08-28 00:00:00,Holly,PILOT TRAVEL CENTERS LLC - PRODUCT,Woods Cross UT - HEP - 5000,Woods Cross Bio Diesel 5%,0,0,0,1,0,0,-1,-1,654180,0,654180,-1,1,w2,-1,0,0,4839,100000,22581,-1,Out,-1,-1,100,-1,100,-1,100,-1,-1,-1,-1,09/01 00:00:00 MDT,w5,1,2015-08-30 00:00:00,-1,Contract,-1,0,-1,0,100000,-1,-1,-554180,-1,-1,0,-1,-1,0,-1,-1,2211583,-1,4800,100000,22500,0,0,0,False,True,0,654180,1,4839,-554180,22581,-1,-1,-1,0,1
2015-08-29,2015-08-29 00:00:00,Holly,PILOT TRAVEL CENTERS LLC - PRODUCT,Woods Cross UT - HEP - 5000,Woods Cross Bio Diesel 5%,0,0,0,1,0,0,-1,-1,654180,0,654180,-1,1,w2,-1,0,0,4839,100000,22581,-1,Out,-1,-1,100,-1,100,-1,100,-1,-1,-1,-1,09/01 00:00:00 MDT,w5,1,2015-08-30 00:00:00,-1,Contract,-1,0,-1,0,100000,-1,-1,-554180,-1,-1,0,-1,-1,0,-1,-1,2238478,-1,4800,100000,22500,0,0,0,False,True,0,654180,1,4839,-554180,22581,-1,-1,-1,0,1
2015-08-30,2015-08-30 00:00:00,Holly,PILOT TRAVEL CENTERS LLC - PRODUCT,Woods Cross UT - HEP - 5000,Woods Cross Bio Diesel 5%,0,0,0,1,0,0,-1,-1,654180,0,654180,-1,1,w2,-1,0,0,4839,100000,22581,-1,Out,-1,-1,100,-1,100,-1,100,-1,-1,-1,-1,09/01 00:00:00 MDT,w6,1,2015-09-06 00:00:00,-1,Contract,-1,0,-1,0,100000,-1,-1,-554180,-1,-1,0,-1,-1,0,-1,-1,2265129,-1,4800,100000,22500,0,0,0,False,True,0,654180,1,4839,-554180,22581,-1,-1,-1,0,1
2015-08-31,2015-08-31 00:00:00,Holly,PILOT TRAVEL CENTERS LLC - PRODUCT,Woods Cross UT - HEP - 5000,Woods Cross Bio Diesel 5%,0,0,0,1,0,0,-1,-1,654180,0,654180,-1,1,w2,-1,0,0,4839,100000,22581,-1,Out,-1,-1,100,-1,100,-1,100,-1,-1,-1,-1,09/01 00:00:00 MDT,w6,1,2015-09-06 00:00:00,-1,Contract,-1,3226,-1,100000,100000,-1,-1,-554180,-1,-1,0,-1,-1,0,-1,-1,2290783,-1,4800,100000,22500,0,0,0,False,True,0,654180,1,4839,-554180,22581,-1,-1,-1,0,1
