,date,supplier_name,account_type,supplier_terminal_name,product_name,base_gallons_Daily,base_gallons_Weekly,lifted_gallons_daily_flag,lifted_gallons_daily_modified,Modified_WeeksByLiftedGallons,lifted_gallons_modified_WeeksByLiftedGallons,lifted_gallons_Daily,Lifted_actual_weekly,lifted_gallons_weekly_flag,WeeksByLiftedGallons,lifted_gallonsWeekly_modified_aposteriori,Modified_LiftedGallonsaposteriori,lifted_gallons_Weekly,beginning_gallons_Daily,beginning_gallons_Weekly,en_allocation_status_Daily,en_allocation_status_Weekly,percentage_allocation_Daily,percentage_allocation_Weekly,alerts_ratability_Daily,alerts_ratability_Weekly,next_refresh_date_Daily,Week_switch,Modified_NRD,next_refresh_date_Weekly,en_account_type_Daily,en_account_type_Weekly,NRB_Daily,next_refresh_base_gallons_Daily,next_refresh_base_gallons_Weekly,remaining_gallons_Daily,remaining_gallons_Weekly,additional_gallons_allowed_Daily,additional_gallons_allowed_Weekly,additional_gallons_remaining_Daily,additional_gallons_remaining_Weekly,staging_id_Daily,staging_id_Weekly,base_gallons_Monthly,Lifted_actual_monthly,lifted_gallons_monthly_flag,lifted_gallons_Monthly,beginning_gallons_Monthly,en_allocation_status_Monthly,percentage_allocation_Monthly,alerts_ratability_Monthly,next_refresh_date_Monthly,NRB_Monthly,next_refresh_base_gallons_Monthly,remaining_gallons_Monthly,additional_gallons_allowed_Monthly,additional_gallons_remaining_Monthly,base_gallons_Daily_Reconciled,base_gallons_Monthly_Reconciled,beginning_gallons_Daily_Reconciled,beginning_gallons_Monthly_Reconciled,beginning_gallons_Weekly_Reconciled,sanityWeekly_CumulativeDaily_WeeksByLiftedGallons,sanityWeekly_CumulativeDaily_NextRefreshDate,computedWeekly,computedMonthly,sanityComputedMonthly,remaining_gallons_Daily_Reconciled,remaining_gallons_Monthly_Reconciled,remaining_gallons_Weekly_Reconciled,additional_gallons_remaining_Daily_Reconciled,additional_gallons_remaining_Monthly_Reconciled,additional_gallons_remaining_Weekly_Reconciled,sanityMonthly_CumulativeDaily_WeeksByLiftedGallons,sanityMonthly_CumulativeDaily_WeeksByNextRefreshDate
2015-08-01,2015-08-01 00:00:00,BP,Channel: 50 - Commercial,WHITING IN - BP (PLANT 0453),REGULAR,5589,39121,0,-1,0,-1,-1,-1,0,w1,-1,0,-1,8384,39121,-1,-1,100,100,-1,-1,-1,w1,1,2015-08-05 00:00:00,-1,-1,5589,-1,-1,-1,-1,-1,-1,-1,-1,-1,-1,0,-1,0,-1,0,-1,100,-1,-1,0,-1,-1,-1,-1,8384,-1,5589,0,39121,False,False,0,0,0,8385,1,39122,-1,-1,-1,1,1
2015-08-02,2015-08-02 00:00:00,BP,Channel: 50 - Commercial,WHITING IN - BP (PLANT 0453),REGULAR,5589,39121,0,-1,0,-1,-1,-1,0,w1,-1,0,-1,8384,39121,-1,-1,100,100,-1,-1,-1,w1,1,2015-08-05 00:00:00,-1,-1,5589,-1,-1,-1,-1,-1,-1,-1,-1,-1,-1,0,-1,0,-1,0,-1,100,-1,-1,0,-1,-1,-1,-1,8384,-1,5589,0,39121,False,False,0,0,0,8385,1,39122,-1,-1,-1,0,0
2015-08-03,2015-08-03 00:00:00,BP,Channel: 50 - Commercial,WHITING IN - BP (PLANT 0453),REGULAR,5589,39121,0,-1,0,-1,-1,-1,0,w1,-1,0,-1,8384,39121,-1,-1,100,100,-1,-1,-1,w1,1,2015-08-05 00:00:00,-1,-1,5589,-1,-1,-1,-1,-1,-1,-1,-1,-1,-1,0,-1,0,-1,0,-1,100,-1,-1,0,-1,-1,-1,-1,8384,-1,5589,0,39121,False,False,0,0,0,8385,1,39122,-1,-1,-1,0,0
2015-08-04,2015-08-04 00:00:00,BP,Channel: 50 - Commercial,WHITING IN - BP (PLANT 0453),REGULAR,5589,39121,0,-1,0,-1,-1,-1,0,w1,-1,0,-1,8384,39121,-1,-1,100,100,-1,-1,-1,w1,1,2015-08-05 00:00:00,-1,-1,5589,-1,-1,-1,-1,-1,-1,-1,-1,-1,-1,0,-1,0,-1,0,-1,100,-1,-1,0,-1,-1,-1,-1,8384,-1,5589,0,39121,False,False,0,0,0,8385,1,39122,-1,-1,-1,0,0
2015-08-05,2015-08-05 00:00:00,BP,Channel: 50 - Commercial,WHITING IN - BP (PLANT 0453),REGULAR,5589,39121,6,0,0,-1,-1,-1,6,w1,-1,0,0,8384,39121,-1,-1,100,100,-1,-1,-1,w2,1,2015-08-12 00:00:00,-1,-1,5589,-1,-1,-1,-1,-1,-1,-1,-1,-1,-1,0,-1,0,-1,0,-1,100,-1,-1,0,-1,-1,-1,-1,8384,-1,5589,0,39121,False,True,0,0,0,8384,1,39121,-1,-1,-1,0,0
2015-08-06,2015-08-06 00:00:00,BP,Channel: 50 - Commercial,WHITING IN - BP (PLANT 0453),REGULAR,5589,39121,0,0,0,0,0,0,0,w1,0,0,0,11178,43033,Available,Available,200,110,,,08/07 00:00:00 CDT,w2,0,2015-08-12 00:00:00,Contract,Contract,5589,5589,39121,11178,43033,0,0,0,0,1427200,1427201,0,0,0,0,0,0,0,0,0,0,0,0,0,0,5589,-1,11178,0,43033,False,True,0,0,0,11178,0,43033,-1,-1,-1,0,0
2015-08-07,2015-08-07 00:00:00,BP,Channel: 50 - Commercial,WHITING IN - BP (PLANT 0453),REGULAR,5589,39121,0,7400,0,7400,7400,7400,0,w1,7400,0,7400,11178,43033,Available,Available,200,110,,,08/08 00:00:00 CDT,w2,0,2015-08-12 00:00:00,Contract,Contract,5589,5589,39121,3778,35633,0,0,0,0,1462925,1462926,0,0,0,0,0,0,0,0,0,0,0,0,0,0,5589,-1,11178,0,43033,False,True,7400,0,0,3778,0,35633,-1,-1,-1,0,0
2015-08-08,2015-08-08 00:00:00,BP,Channel: 50 - Commercial,WHITING IN - BP (PLANT 0453),REGULAR,5589,39121,0,15904,0,15904,15904,23304,0,w1,15904,0,23304,11178,43033,Out,Out,200,110,,,08/09 00:00:00 CDT,w2,0,2015-08-12 00:00:00,Contract,Contract,5589,5589,39121,-4726,19729,0,0,0,0,1497212,1497213,0,0,0,0,0,0,0,0,0,0,0,0,0,0,5589,-1,11178,0,43033,False,True,23304,0,0,-4726,0,19729,-1,-1,-1,0,0
2015-08-09,2015-08-09 00:00:00,BP,Channel: 50 - Commercial,WHITING IN - BP (PLANT 0453),REGULAR,5589,39121,0,16205,0,16205,16205,39509,0,w1,16205,0,39509,11178,43033,Out,Out,200,110,,,08/10 00:00:00 CDT,w2,0,2015-08-12 00:00:00,Contract,Contract,5589,5589,39121,-5027,3524,0,0,0,0,1531153,1531154,0,0,0,0,0,0,0,0,0,0,0,0,0,0,5589,-1,11178,0,43033,False,True,39509,0,0,-5027,0,3524,-1,-1,-1,0,0
2015-08-10,2015-08-10 00:00:00,BP,Channel: 50 - Commercial,WHITING IN - BP (PLANT 0453),REGULAR,5589,39121,0,25017,0,25017,25017,64526,0,w1,25017,0,64526,11178,43033,Available,Available,200,110,,,08/11 00:00:00 CDT,w2,0,2015-08-12 00:00:00,Contract,Contract,5589,5589,39121,2463,-5191,32000,32000,15698,15698,1564261,1564262,0,0,0,0,0,0,0,0,0,0,0,0,0,0,5589,-1,11178,0,43033,False,True,64526,0,0,-13839,0,-21493,32000,-1,32000,0,0
2015-08-11,2015-08-11 00:00:00,BP,Channel: 50 - Commercial,WHITING IN - BP (PLANT 0453),REGULAR,5589,39121,0,6998,0,6998,6998,71524,0,w1,6998,0,71524,11178,43033,Available,Available,200,110,,,08/12 00:00:00 CDT,w2,0,2015-08-12 00:00:00,Contract,Contract,5589,5589,39121,11178,-5191,32000,32000,8700,8700,1586394,1586395,0,0,0,0,0,0,0,0,0,0,0,0,0,0,5589,-1,11178,0,43033,False,True,71524,0,0,4180,0,-28491,-1,-1,32000,0,0
2015-08-12,2015-08-12 00:00:00,BP,Channel: 50 - Commercial,WHITING IN - BP (PLANT 0453),REGULAR,5589,39121,0,7605,0,7605,7605,7605,0,w2,7605,0,7605,8384,39121,Available,Available,150,100,,,08/13 00:00:00 CDT,w3,0,2015-08-19 00:00:00,Contract,Contract,5589,5589,39121,779,31516,0,0,0,0,1636502,1636503,0,0,0,0,0,0,0,0,0,0,0,0,0,0,5589,-1,8384,0,39121,True,True,0,0,0,779,0,31516,-1,-1,-1,0,0
2015-08-13,2015-08-13 00:00:00,BP,Channel: 50 - Commercial,WHITING IN - BP (PLANT 0453),REGULAR,5589,39121,0,7510,0,7510,7510,15115,0,w2,7510,0,15115,8384,39121,Available,Available,150,100,,,08/14 00:00:00 CDT,w3,0,2015-08-19 00:00:00,Contract,Contract,5589,5589,39121,874,24006,0,0,0,0,1676435,1676436,0,0,0,0,0,0,0,0,0,0,0,0,0,0,5589,-1,8384,0,39121,True,True,0,0,0,874,0,24006,-1,-1,-1,0,0
2015-08-14,2015-08-14 00:00:00,BP,Channel: 50 - Commercial,WHITING IN - BP (PLANT 0453),REGULAR,5589,39121,0,-1,0,-1,-1,-1,0,w3,-1,0,-1,8384,39121,-1,-1,100,100,-1,-1,-1,w3,1,2015-08-19 00:00:00,-1,-1,5589,-1,-1,-1,-1,-1,-1,-1,-1,-1,-1,0,-1,0,-1,0,-1,100,-1,-1,0,-1,-1,-1,-1,8384,-1,5589,0,39121,True,False,0,0,0,8385,1,39122,-1,-1,-1,0,0
2015-08-15,2015-08-15 00:00:00,BP,Channel: 50 - Commercial,WHITING IN - BP (PLANT 0453),REGULAR,5589,39121,0,-1,0,-1,-1,-1,0,w3,-1,0,-1,8384,39121,-1,-1,100,100,-1,-1,-1,w3,1,2015-08-19 00:00:00,-1,-1,5589,-1,-1,-1,-1,-1,-1,-1,-1,-1,-1,0,-1,0,-1,0,-1,100,-1,-1,0,-1,-1,-1,-1,8384,-1,5589,0,39121,False,False,0,0,0,8385,1,39122,-1,-1,-1,0,0
2015-08-16,2015-08-16 00:00:00,BP,Channel: 50 - Commercial,WHITING IN - BP (PLANT 0453),REGULAR,5589,39121,0,-1,0,-1,-1,-1,0,w3,-1,0,-1,8384,39121,-1,-1,100,100,-1,-1,-1,w3,1,2015-08-19 00:00:00,-1,-1,5589,-1,-1,-1,-1,-1,-1,-1,-1,-1,-1,0,-1,0,-1,0,-1,100,-1,-1,0,-1,-1,-1,-1,8384,-1,5589,0,39121,False,False,0,0,0,8385,1,39122,-1,-1,-1,0,0
2015-08-17,2015-08-17 00:00:00,BP,Channel: 50 - Commercial,WHITING IN - BP (PLANT 0453),REGULAR,5589,39121,0,-1,0,-1,-1,-1,0,w3,-1,0,-1,8384,39121,-1,-1,100,100,-1,-1,-1,w3,1,2015-08-19 00:00:00,-1,-1,5589,-1,-1,-1,-1,-1,-1,-1,-1,-1,-1,0,-1,0,-1,0,-1,100,-1,-1,0,-1,-1,-1,-1,8384,-1,5589,0,39121,False,False,0,0,0,8385,1,39122,-1,-1,-1,0,0
2015-08-18,2015-08-18 00:00:00,BP,Channel: 50 - Commercial,WHITING IN - BP (PLANT 0453),REGULAR,5589,39121,0,-1,0,-1,-1,-1,0,w3,-1,0,-1,8384,39121,-1,-1,100,100,-1,-1,-1,w3,1,2015-08-19 00:00:00,-1,-1,5589,-1,-1,-1,-1,-1,-1,-1,-1,-1,-1,0,-1,0,-1,0,-1,100,-1,-1,0,-1,-1,-1,-1,8384,-1,5589,0,39121,False,False,0,0,0,8385,1,39122,-1,-1,-1,0,0
2015-08-19,2015-08-19 00:00:00,BP,Channel: 50 - Commercial,WHITING IN - BP (PLANT 0453),REGULAR,5589,39121,0,-1,0,-1,-1,-1,0,w3,-1,0,-1,8384,39121,-1,-1,100,100,-1,-1,-1,w4,1,2015-08-26 00:00:00,-1,-1,5589,-1,-1,-1,-1,-1,-1,-1,-1,-1,-1,0,-1,0,-1,0,-1,100,-1,-1,0,-1,-1,-1,-1,8384,-1,5589,0,39121,False,True,0,0,0,8385,1,39122,-1,-1,-1,0,0
2015-08-20,2015-08-20 00:00:00,BP,Channel: 50 - Commercial,WHITING IN - BP (PLANT 0453),REGULAR,5589,39121,0,-1,0,-1,-1,-1,0,w3,-1,0,-1,8384,39121,-1,-1,100,100,-1,-1,-1,w4,1,2015-08-26 00:00:00,-1,-1,5589,-1,-1,-1,-1,-1,-1,-1,-1,-1,-1,0,-1,0,-1,0,-1,100,-1,-1,0,-1,-1,-1,-1,8384,-1,5589,0,39121,False,False,0,0,0,8385,1,39122,-1,-1,-1,0,0
2015-08-21,2015-08-21 00:00:00,BP,Channel: 50 - Commercial,WHITING IN - BP (PLANT 0453),REGULAR,5589,39121,0,-1,0,-1,-1,-1,0,w3,-1,0,-1,8384,39121,-1,-1,100,100,-1,-1,-1,w4,1,2015-08-26 00:00:00,-1,-1,5589,-1,-1,-1,-1,-1,-1,-1,-1,-1,-1,0,-1,0,-1,0,-1,100,-1,-1,0,-1,-1,-1,-1,8384,-1,5589,0,39121,False,False,0,0,0,8385,1,39122,-1,-1,-1,0,0
2015-08-22,2015-08-22 00:00:00,BP,Channel: 50 - Commercial,WHITING IN - BP (PLANT 0453),REGULAR,5589,39121,0,-1,0,-1,-1,-1,0,w3,-1,0,-1,8384,39121,-1,-1,100,100,-1,-1,-1,w4,1,2015-08-26 00:00:00,-1,-1,5589,-1,-1,-1,-1,-1,-1,-1,-1,-1,-1,0,-1,0,-1,0,-1,100,-1,-1,0,-1,-1,-1,-1,8384,-1,5589,0,39121,False,False,0,0,0,8385,1,39122,-1,-1,-1,0,0
2015-08-23,2015-08-23 00:00:00,BP,Channel: 50 - Commercial,WHITING IN - BP (PLANT 0453),REGULAR,5589,39121,0,-1,0,-1,-1,-1,0,w3,-1,0,-1,8384,39121,-1,-1,100,100,-1,-1,-1,w4,1,2015-08-26 00:00:00,-1,-1,5589,-1,-1,-1,-1,-1,-1,-1,-1,-1,-1,0,-1,0,-1,0,-1,100,-1,-1,0,-1,-1,-1,-1,8384,-1,5589,0,39121,False,False,0,0,0,8385,1,39122,-1,-1,-1,0,0
2015-08-24,2015-08-24 00:00:00,BP,Channel: 50 - Commercial,WHITING IN - BP (PLANT 0453),REGULAR,5589,39121,0,-1,0,-1,-1,-1,0,w3,-1,0,-1,8384,39121,-1,-1,100,100,-1,-1,-1,w4,1,2015-08-26 00:00:00,-1,-1,5589,-1,-1,-1,-1,-1,-1,-1,-1,-1,-1,0,-1,0,-1,0,-1,100,-1,-1,0,-1,-1,-1,-1,8384,-1,5589,0,39121,False,False,0,0,0,8385,1,39122,-1,-1,-1,0,0
2015-08-25,2015-08-25 00:00:00,BP,Channel: 50 - Commercial,WHITING IN - BP (PLANT 0453),REGULAR,5589,39121,0,-1,0,-1,-1,-1,0,w3,-1,0,-1,8384,39121,-1,-1,100,100,-1,-1,-1,w4,1,2015-08-26 00:00:00,-1,-1,5589,-1,-1,-1,-1,-1,-1,-1,-1,-1,-1,0,-1,0,-1,0,-1,100,-1,-1,0,-1,-1,-1,-1,8384,-1,5589,0,39121,False,False,0,0,0,8385,1,39122,-1,-1,-1,0,0
2015-08-26,2015-08-26 00:00:00,BP,Channel: 50 - Commercial,WHITING IN - BP (PLANT 0453),REGULAR,5589,39121,0,-1,0,-1,-1,-1,0,w3,-1,0,-1,8384,39121,-1,-1,100,100,-1,-1,-1,w5,1,2015-09-02 00:00:00,-1,-1,5589,-1,-1,-1,-1,-1,-1,-1,-1,-1,-1,0,-1,0,-1,0,-1,100,-1,-1,0,-1,-1,-1,-1,8384,-1,5589,0,39121,False,True,0,0,0,8385,1,39122,-1,-1,-1,0,0
2015-08-27,2015-08-27 00:00:00,BP,Channel: 50 - Commercial,WHITING IN - BP (PLANT 0453),REGULAR,5589,39121,0,-1,0,-1,-1,-1,0,w3,-1,0,-1,8384,39121,-1,-1,100,100,-1,-1,-1,w5,1,2015-09-02 00:00:00,-1,-1,5589,-1,-1,-1,-1,-1,-1,-1,-1,-1,-1,0,-1,0,-1,0,-1,100,-1,-1,0,-1,-1,-1,-1,8384,-1,5589,0,39121,False,False,0,0,0,8385,1,39122,-1,-1,-1,0,0
2015-08-28,2015-08-28 00:00:00,BP,Channel: 50 - Commercial,WHITING IN - BP (PLANT 0453),REGULAR,5589,39121,0,-1,0,-1,-1,-1,0,w3,-1,0,-1,8384,39121,-1,-1,100,100,-1,-1,-1,w5,1,2015-09-02 00:00:00,-1,-1,5589,-1,-1,-1,-1,-1,-1,-1,-1,-1,-1,0,-1,0,-1,0,-1,100,-1,-1,0,-1,-1,-1,-1,8384,-1,5589,0,39121,False,False,0,0,0,8385,1,39122,-1,-1,-1,0,0
2015-08-29,2015-08-29 00:00:00,BP,Channel: 50 - Commercial,WHITING IN - BP (PLANT 0453),REGULAR,5589,39121,0,-1,0,-1,-1,-1,0,w3,-1,0,-1,8384,39121,-1,-1,100,100,-1,-1,-1,w5,1,2015-09-02 00:00:00,-1,-1,5589,-1,-1,-1,-1,-1,-1,-1,-1,-1,-1,0,-1,0,-1,0,-1,100,-1,-1,0,-1,-1,-1,-1,8384,-1,5589,0,39121,False,False,0,0,0,8385,1,39122,-1,-1,-1,0,0
2015-08-30,2015-08-30 00:00:00,BP,Channel: 50 - Commercial,WHITING IN - BP (PLANT 0453),REGULAR,5589,39121,0,-1,0,-1,-1,-1,0,w3,-1,0,-1,8384,39121,-1,-1,100,100,-1,-1,-1,w5,1,2015-09-02 00:00:00,-1,-1,5589,-1,-1,-1,-1,-1,-1,-1,-1,-1,-1,0,-1,0,-1,0,-1,100,-1,-1,0,-1,-1,-1,-1,8384,-1,5589,0,39121,False,False,0,0,0,8385,1,39122,-1,-1,-1,0,0
2015-08-31,2015-08-31 00:00:00,BP,Channel: 50 - Commercial,WHITING IN - BP (PLANT 0453),REGULAR,5589,39121,0,-1,0,-1,-1,-1,0,w3,-1,0,-1,8384,39121,-1,-1,100,100,-1,-1,-1,w5,1,2015-09-02 00:00:00,-1,-1,5589,-1,-1,-1,-1,-1,-1,-1,-1,-1,-1,0,-1,0,-1,0,-1,100,-1,-1,0,-1,-1,-1,-1,8384,-1,5589,0,39121,False,False,0,0,0,8385,1,39122,-1,-1,-1,0,0
