,date,supplier_name,account_type,supplier_terminal_name,product_name,base_gallons_Daily,base_gallons_Weekly,lifted_gallons_daily_flag,lifted_gallons_daily_modified,Modified_WeeksByLiftedGallons,lifted_gallons_modified_WeeksByLiftedGallons,lifted_gallons_Daily,Lifted_actual_weekly,lifted_gallons_weekly_flag,WeeksByLiftedGallons,lifted_gallonsWeekly_modified_aposteriori,Modified_LiftedGallonsaposteriori,lifted_gallons_Weekly,beginning_gallons_Daily,beginning_gallons_Weekly,en_allocation_status_Daily,en_allocation_status_Weekly,percentage_allocation_Daily,percentage_allocation_Weekly,alerts_ratability_Daily,alerts_ratability_Weekly,next_refresh_date_Daily,Week_switch,Modified_NRD,next_refresh_date_Weekly,en_account_type_Daily,en_account_type_Weekly,NRB_Daily,next_refresh_base_gallons_Daily,next_refresh_base_gallons_Weekly,remaining_gallons_Daily,remaining_gallons_Weekly,additional_gallons_allowed_Daily,additional_gallons_allowed_Weekly,additional_gallons_remaining_Daily,additional_gallons_remaining_Weekly,staging_id_Daily,staging_id_Weekly,base_gallons_Monthly,Lifted_actual_monthly,lifted_gallons_monthly_flag,lifted_gallons_Monthly,beginning_gallons_Monthly,en_allocation_status_Monthly,percentage_allocation_Monthly,alerts_ratability_Monthly,next_refresh_date_Monthly,NRB_Monthly,next_refresh_base_gallons_Monthly,remaining_gallons_Monthly,additional_gallons_allowed_Monthly,additional_gallons_remaining_Monthly,base_gallons_Daily_Reconciled,base_gallons_Monthly_Reconciled,beginning_gallons_Daily_Reconciled,beginning_gallons_Monthly_Reconciled,beginning_gallons_Weekly_Reconciled,sanityWeekly_CumulativeDaily_WeeksByLiftedGallons,sanityWeekly_CumulativeDaily_NextRefreshDate,computedWeekly,computedMonthly,sanityComputedMonthly,remaining_gallons_Daily_Reconciled,remaining_gallons_Monthly_Reconciled,remaining_gallons_Weekly_Reconciled,additional_gallons_remaining_Daily_Reconciled,additional_gallons_remaining_Monthly_Reconciled,additional_gallons_remaining_Weekly_Reconciled,sanityMonthly_CumulativeDaily_WeeksByLiftedGallons,sanityMonthly_CumulativeDaily_WeeksByNextRefreshDate
2015-08-01,2015-08-01 00:00:00,BP,Channel: 50 - Commercial,ROCHELLE IL - BP (PLANT 0448),DIESEL,73387,513710,0,-1,0,-1,-1,-1,0,w1,-1,0,-1,110081,513710,-1,-1,100,100,-1,-1,-1,w1,1,2015-08-05 00:00:00,-1,-1,73387,-1,-1,-1,-1,-1,-1,-1,-1,-1,-1,0,-1,0,-1,0,-1,100,-1,-1,0,-1,-1,-1,-1,110081,-1,73387,0,513710,False,False,0,0,0,110082,1,513711,-1,-1,-1,1,1
2015-08-02,2015-08-02 00:00:00,BP,Channel: 50 - Commercial,ROCHELLE IL - BP (PLANT 0448),DIESEL,73387,513710,0,-1,0,-1,-1,-1,0,w1,-1,0,-1,110081,513710,-1,-1,100,100,-1,-1,-1,w1,1,2015-08-05 00:00:00,-1,-1,73387,-1,-1,-1,-1,-1,-1,-1,-1,-1,-1,0,-1,0,-1,0,-1,100,-1,-1,0,-1,-1,-1,-1,110081,-1,73387,0,513710,False,False,0,0,0,110082,1,513711,-1,-1,-1,0,0
2015-08-03,2015-08-03 00:00:00,BP,Channel: 50 - Commercial,ROCHELLE IL - BP (PLANT 0448),DIESEL,73387,513710,0,-1,0,-1,-1,-1,0,w1,-1,0,-1,110081,513710,-1,-1,100,100,-1,-1,-1,w1,1,2015-08-05 00:00:00,-1,-1,73387,-1,-1,-1,-1,-1,-1,-1,-1,-1,-1,0,-1,0,-1,0,-1,100,-1,-1,0,-1,-1,-1,-1,110081,-1,73387,0,513710,False,False,0,0,0,110082,1,513711,-1,-1,-1,0,0
2015-08-04,2015-08-04 00:00:00,BP,Channel: 50 - Commercial,ROCHELLE IL - BP (PLANT 0448),DIESEL,73387,513710,0,-1,0,-1,-1,-1,0,w1,-1,0,-1,110081,513710,-1,-1,100,100,-1,-1,-1,w1,1,2015-08-05 00:00:00,-1,-1,73387,-1,-1,-1,-1,-1,-1,-1,-1,-1,-1,0,-1,0,-1,0,-1,100,-1,-1,0,-1,-1,-1,-1,110081,-1,73387,0,513710,False,False,0,0,0,110082,1,513711,-1,-1,-1,0,0
2015-08-05,2015-08-05 00:00:00,BP,Channel: 50 - Commercial,ROCHELLE IL - BP (PLANT 0448),DIESEL,73387,513710,6,112024,0,-1,-1,-1,6,w1,-1,0,112024,110081,513710,-1,-1,100,100,-1,-1,-1,w2,1,2015-08-12 00:00:00,-1,-1,73387,-1,-1,-1,-1,-1,-1,-1,-1,-1,-1,0,-1,0,-1,0,-1,100,-1,-1,0,-1,-1,-1,-1,110081,-1,73387,0,513710,False,True,112024,0,0,-1943,1,401686,-1,-1,-1,0,0
2015-08-06,2015-08-06 00:00:00,BP,Channel: 50 - Commercial,ROCHELLE IL - BP (PLANT 0448),DIESEL,73387,513710,0,112306,0,112306,112306,224330,0,w1,112306,0,224330,146774,565081,Available,Available,200,110,,,08/07 00:00:00 CDT,w2,0,2015-08-12 00:00:00,Contract,Contract,73387,73387,513710,34468,340751,0,0,0,0,1427191,1427192,0,0,0,0,0,0,0,0,0,0,0,0,0,0,73387,-1,146774,0,565081,False,True,224330,0,0,34468,0,340751,-1,-1,-1,0,0
2015-08-07,2015-08-07 00:00:00,BP,Channel: 50 - Commercial,ROCHELLE IL - BP (PLANT 0448),DIESEL,73387,513710,3,81936,1,81936,67834,306266,0,w1,67834,0,306266,146774,565081,Available,Available,200,110,,,08/08 00:00:00 CDT,w2,0,2015-08-12 00:00:00,Contract,Contract,73387,73387,513710,78940,258815,0,0,0,0,1462916,1462917,0,0,0,0,0,0,0,0,0,0,0,0,0,0,73387,-1,146774,0,565081,False,True,306266,0,0,64838,0,258815,-1,-1,-1,0,0
2015-08-08,2015-08-08 00:00:00,BP,Channel: 50 - Commercial,ROCHELLE IL - BP (PLANT 0448),DIESEL,73387,513710,3,60240,1,60240,52639,366506,0,w1,52639,0,366506,146774,565081,Available,Available,200,110,,,08/09 00:00:00 CDT,w2,0,2015-08-12 00:00:00,Contract,Contract,73387,73387,513710,94135,198575,0,0,0,0,1497203,1497204,0,0,0,0,0,0,0,0,0,0,0,0,0,0,73387,-1,146774,0,565081,False,True,366506,0,0,86534,0,198575,-1,-1,-1,0,0
2015-08-09,2015-08-09 00:00:00,BP,Channel: 50 - Commercial,ROCHELLE IL - BP (PLANT 0448),DIESEL,73387,513710,0,37275,0,37275,37275,403781,0,w1,37275,0,403781,146774,565081,Available,Available,200,110,,,08/10 00:00:00 CDT,w2,0,2015-08-12 00:00:00,Contract,Contract,73387,73387,513710,109499,161300,0,0,0,0,1531144,1531145,0,0,0,0,0,0,0,0,0,0,0,0,0,0,73387,-1,146774,0,565081,False,True,403781,0,0,109499,0,161300,-1,-1,-1,0,0
2015-08-10,2015-08-10 00:00:00,BP,Channel: 50 - Commercial,ROCHELLE IL - BP (PLANT 0448),DIESEL,73387,513710,3,44740,1,44740,37241,448521,0,w1,37241,0,448521,146774,565081,Available,Available,200,110,,,08/11 00:00:00 CDT,w2,0,2015-08-12 00:00:00,Contract,Contract,73387,73387,513710,109533,116560,32000,32000,32000,32000,1564252,1564253,0,0,0,0,0,0,0,0,0,0,0,0,0,0,73387,-1,146774,0,565081,False,True,448521,0,0,102034,0,116560,-1,-1,-1,0,0
2015-08-11,2015-08-11 00:00:00,BP,Channel: 50 - Commercial,ROCHELLE IL - BP (PLANT 0448),DIESEL,73387,513710,3,59670,1,59670,52255,508191,0,w1,52255,0,508191,146774,565081,Available,Available,200,110,,,08/12 00:00:00 CDT,w2,0,2015-08-12 00:00:00,Contract,Contract,73387,73387,513710,94519,56890,32000,32000,32000,32000,1586385,1586386,0,0,0,0,0,0,0,0,0,0,0,0,0,0,73387,-1,146774,0,565081,False,True,508191,0,0,87104,0,56890,-1,-1,-1,0,0
2015-08-12,2015-08-12 00:00:00,BP,Channel: 50 - Commercial,ROCHELLE IL - BP (PLANT 0448),DIESEL,73387,513710,0,97094,0,97094,97094,97094,0,w2,97094,0,97094,110081,513710,Available,Available,150,100,,,08/13 00:00:00 CDT,w3,0,2015-08-19 00:00:00,Contract,Contract,73387,73387,513710,12987,416616,0,0,0,0,1636492,1636493,0,0,0,0,0,0,0,0,0,0,0,0,0,0,73387,-1,110081,0,513710,True,True,97094,0,0,12987,0,416616,-1,-1,-1,0,0
2015-08-13,2015-08-13 00:00:00,BP,Channel: 50 - Commercial,ROCHELLE IL - BP (PLANT 0448),DIESEL,73387,513710,0,94304,0,94304,94304,191398,0,w2,94304,0,191398,110081,513710,Available,Available,150,100,,,08/14 00:00:00 CDT,w3,0,2015-08-19 00:00:00,Contract,Contract,73387,73387,513710,15777,322312,0,0,0,0,1676425,1676426,0,0,0,0,0,0,0,0,0,0,0,0,0,0,73387,-1,110081,0,513710,True,True,191398,0,0,15777,0,322312,-1,-1,-1,0,0
2015-08-14,2015-08-14 00:00:00,BP,Channel: 50 - Commercial,ROCHELLE IL - BP (PLANT 0448),DIESEL,73387,513710,0,97741,0,97741,97741,289139,0,w2,97741,0,289139,110081,513710,Available,Available,150,100,,,08/15 00:00:00 CDT,w3,0,2015-08-19 00:00:00,Contract,Contract,73387,73387,513710,12340,224571,0,0,0,0,1716034,1716035,0,0,0,0,0,0,0,0,0,0,0,0,0,0,73387,-1,110081,0,513710,True,True,289139,0,0,12340,0,224571,-1,-1,-1,0,0
2015-08-15,2015-08-15 00:00:00,BP,Channel: 50 - Commercial,ROCHELLE IL - BP (PLANT 0448),DIESEL,73387,513710,0,22304,0,22304,22304,311443,0,w2,22304,0,311443,110081,513710,Available,Available,150,100,,,08/16 00:00:00 CDT,w3,0,2015-08-19 00:00:00,Contract,Contract,73387,73387,513710,87777,202267,0,0,0,0,1752198,1752199,0,0,0,0,0,0,0,0,0,0,0,0,0,0,73387,-1,110081,0,513710,True,True,311443,0,0,87777,0,202267,-1,-1,-1,0,0
2015-08-16,2015-08-16 00:00:00,BP,Channel: 50 - Commercial,ROCHELLE IL - BP (PLANT 0448),DIESEL,73387,513710,3,52454,1,52454,44850,363897,0,w2,44850,0,363897,110081,513710,Available,Available,150,100,,,08/17 00:00:00 CDT,w3,0,2015-08-19 00:00:00,Contract,Contract,73387,73387,513710,65231,149813,0,0,0,0,1790151,1790152,0,0,0,0,0,0,0,0,0,0,0,0,0,0,73387,-1,110081,0,513710,True,True,363897,0,0,57627,0,149813,-1,-1,-1,0,0
2015-08-17,2015-08-17 00:00:00,BP,Channel: 50 - Commercial,ROCHELLE IL - BP (PLANT 0448),DIESEL,73387,513710,3,52029,1,52029,44618,415926,0,w2,44618,0,415926,110081,513710,Available,Available,150,100,,,08/18 00:00:00 CDT,w3,0,2015-08-19 00:00:00,Contract,Contract,73387,73387,513710,65463,97784,0,0,0,0,1831164,1831165,0,0,0,0,0,0,0,0,0,0,0,0,0,0,73387,-1,110081,0,513710,True,True,415926,0,0,58052,0,97784,-1,-1,-1,0,0
2015-08-18,2015-08-18 00:00:00,BP,Channel: 50 - Commercial,ROCHELLE IL - BP (PLANT 0448),DIESEL,73387,513710,0,95918,0,95918,95918,511844,0,w2,95918,0,511844,110081,565081,Available,Available,150,110,,,08/19 00:00:00 CDT,w3,0,2015-08-19 00:00:00,Contract,Contract,73387,73387,513710,14163,53237,0,0,0,0,1869562,1869563,0,0,0,0,0,0,0,0,0,0,0,0,0,0,73387,-1,110081,0,565081,True,True,511844,0,0,14163,0,53237,-1,-1,-1,0,0
2015-08-19,2015-08-19 00:00:00,BP,Channel: 50 - Commercial,ROCHELLE IL - BP (PLANT 0448),DIESEL,73387,513710,0,74694,0,74694,74694,74694,0,w3,74694,0,74694,110081,565081,Available,Available,150,110,,,08/20 00:00:00 CDT,w4,0,2015-08-26 00:00:00,Contract,Contract,73387,73387,513710,35387,490387,0,0,0,0,1902061,1902062,0,0,0,0,0,0,0,0,0,0,0,0,0,0,73387,-1,110081,0,565081,True,True,74694,0,0,35387,0,490387,-1,-1,-1,0,0
2015-08-20,2015-08-20 00:00:00,BP,Channel: 50 - Commercial,ROCHELLE IL - BP (PLANT 0448),DIESEL,73387,513710,3,112634,1,112634,74965,187328,0,w3,74965,0,187328,110081,565081,Available,Available,150,110,,,08/21 00:00:00 CDT,w4,0,2015-08-26 00:00:00,Contract,Contract,73387,73387,513710,35116,377753,0,0,0,0,1944666,1944667,0,0,0,0,0,0,0,0,0,0,0,0,0,0,73387,-1,110081,0,565081,True,True,187328,0,0,-2553,0,377753,-1,-1,-1,0,0
2015-08-21,2015-08-21 00:00:00,BP,Channel: 50 - Commercial,ROCHELLE IL - BP (PLANT 0448),DIESEL,73387,513710,0,81791,0,81791,81791,269119,0,w3,81791,0,269119,110081,565081,Available,Available,150,110,,,08/22 00:00:00 CDT,w4,0,2015-08-26 00:00:00,Contract,Contract,73387,73387,513710,28290,295962,0,0,0,0,1983509,1983510,0,0,0,0,0,0,0,0,0,0,0,0,0,0,73387,-1,110081,0,565081,True,True,269119,0,0,28290,0,295962,-1,-1,-1,0,0
2015-08-22,2015-08-22 00:00:00,BP,Channel: 50 - Commercial,ROCHELLE IL - BP (PLANT 0448),DIESEL,73387,513710,0,67735,0,67735,67735,336854,0,w3,67735,0,336854,110081,565081,Available,Available,150,110,,,08/23 00:00:00 CDT,w4,0,2015-08-26 00:00:00,Contract,Contract,73387,73387,513710,42346,228227,0,0,0,0,2021396,2021397,0,0,0,0,0,0,0,0,0,0,0,0,0,0,73387,-1,110081,0,565081,True,True,336854,0,0,42346,0,228227,-1,-1,-1,0,0
2015-08-23,2015-08-23 00:00:00,BP,Channel: 50 - Commercial,ROCHELLE IL - BP (PLANT 0448),DIESEL,73387,513710,3,37349,1,37349,29850,374203,0,w3,29850,0,374203,110081,565081,Available,Available,150,110,,,08/24 00:00:00 CDT,w4,0,2015-08-26 00:00:00,Contract,Contract,73387,73387,513710,80231,190878,0,0,0,0,2057431,2057432,0,0,0,0,0,0,0,0,0,0,0,0,0,0,73387,-1,110081,0,565081,True,True,374203,0,0,72732,0,190878,-1,-1,-1,0,0
2015-08-24,2015-08-24 00:00:00,BP,Channel: 50 - Commercial,ROCHELLE IL - BP (PLANT 0448),DIESEL,73387,513710,0,74648,0,74648,74648,448851,0,w3,74648,0,448851,110081,565081,Available,Available,150,110,,,08/25 00:00:00 CDT,w4,0,2015-08-26 00:00:00,Contract,Contract,73387,73387,513710,35433,116230,0,0,0,0,2095064,2095065,0,0,0,0,0,0,0,0,0,0,0,0,0,0,73387,-1,110081,0,565081,True,True,448851,0,0,35433,0,116230,-1,-1,-1,0,0
2015-08-25,2015-08-25 00:00:00,BP,Channel: 50 - Commercial,ROCHELLE IL - BP (PLANT 0448),DIESEL,73387,513710,0,74571,0,74571,74571,523422,0,w3,74571,0,523422,110081,565081,Available,Available,150,110,,,08/26 00:00:00 CDT,w4,0,2015-08-26 00:00:00,Contract,Contract,73387,73387,513710,35510,41659,0,0,0,0,2126188,2126189,0,0,0,0,0,0,0,0,0,0,0,0,0,0,73387,-1,110081,0,565081,True,True,523422,0,0,35510,0,41659,-1,-1,-1,0,0
2015-08-26,2015-08-26 00:00:00,BP,Channel: 50 - Commercial,ROCHELLE IL - BP (PLANT 0448),DIESEL,73387,513710,0,112176,0,112176,112176,112176,0,w4,112176,0,112176,110081,565081,Out,Out,150,110,,,08/27 00:00:00 CDT,w5,0,2015-09-02 00:00:00,Contract,Contract,73387,73387,530833,-2096,452905,0,0,0,0,2153775,2153776,0,0,0,0,0,0,0,0,0,0,0,0,0,0,73387,-1,110081,0,565081,True,True,112176,0,0,-2095,0,452905,-1,-1,-1,0,0
2015-08-27,2015-08-27 00:00:00,BP,Channel: 50 - Commercial,ROCHELLE IL - BP (PLANT 0448),DIESEL,73387,513710,0,111986,0,111986,111986,224162,0,w4,111986,0,224162,110081,565081,Out,Out,150,110,,,08/28 00:00:00 CDT,w5,0,2015-09-02 00:00:00,Contract,Contract,73387,73387,530833,-1906,340919,0,0,0,0,2180980,2180981,0,0,0,0,0,0,0,0,0,0,0,0,0,0,73387,-1,110081,0,565081,True,True,224162,0,0,-1905,0,340919,-1,-1,-1,0,0
2015-08-28,2015-08-28 00:00:00,BP,Channel: 50 - Commercial,ROCHELLE IL - BP (PLANT 0448),DIESEL,73387,513710,0,97688,0,97688,97688,321850,0,w4,97688,0,321850,110081,565081,Available,Available,150,110,,,08/29 00:00:00 CDT,w5,0,2015-09-02 00:00:00,Contract,Contract,73387,73387,530833,12393,243231,0,0,0,0,2211918,2211919,0,0,0,0,0,0,0,0,0,0,0,0,0,0,73387,-1,110081,0,565081,True,True,321850,0,0,12393,0,243231,-1,-1,-1,0,0
2015-08-29,2015-08-29 00:00:00,BP,Channel: 50 - Commercial,ROCHELLE IL - BP (PLANT 0448),DIESEL,73387,513710,3,67873,1,67873,60422,389723,0,w4,60422,0,389723,110081,565081,Available,Available,150,110,,,08/30 00:00:00 CDT,w5,0,2015-09-02 00:00:00,Contract,Contract,73387,73387,530833,49659,175358,0,0,0,0,2239067,2239068,0,0,0,0,0,0,0,0,0,0,0,0,0,0,73387,-1,110081,0,565081,True,True,389723,0,0,42208,0,175358,-1,-1,-1,0,0
2015-08-30,2015-08-30 00:00:00,BP,Channel: 50 - Commercial,ROCHELLE IL - BP (PLANT 0448),DIESEL,73387,513710,0,29726,0,29726,29726,419449,0,w4,29726,0,419449,110081,565081,Available,Available,150,110,,,08/31 00:00:00 CDT,w5,0,2015-09-02 00:00:00,Contract,Contract,73387,73387,530833,80355,145632,0,0,0,0,2265464,2265465,0,0,0,0,0,0,0,0,0,0,0,0,0,0,73387,-1,110081,0,565081,True,True,419449,0,0,80355,0,145632,-1,-1,-1,0,0
2015-08-31,2015-08-31 00:00:00,BP,Channel: 50 - Commercial,ROCHELLE IL - BP (PLANT 0448),DIESEL,73387,513710,0,14862,0,14862,14862,434311,0,w4,14862,0,434311,146774,565081,Available,Available,200,110,,,09/01 00:00:00 CDT,w5,0,2015-09-02 00:00:00,Contract,Contract,73387,73387,530833,131912,130770,32000,32000,32000,32000,2291627,2291628,0,0,0,0,0,0,0,0,0,0,0,0,0,0,73387,-1,146774,0,565081,True,True,434311,0,0,131912,0,130770,-1,-1,-1,0,0
