,date,supplier_name,account_type,supplier_terminal_name,product_name,base_gallons_Daily,base_gallons_Monthly,base_gallons_Weekly,lifted_gallons_daily_flag,lifted_gallons_daily_modified,Modified_WeeksByLiftedGallons,lifted_gallons_modified_WeeksByLiftedGallons,lifted_gallons_Daily,Lifted_actual_monthly,lifted_gallons_monthly_flag,lifted_gallons_Monthly,Lifted_actual_weekly,lifted_gallons_weekly_flag,WeeksByLiftedGallons,lifted_gallonsWeekly_modified_aposteriori,Modified_LiftedGallonsaposteriori,lifted_gallons_Weekly,beginning_gallons_Daily,beginning_gallons_Monthly,beginning_gallons_Weekly,en_allocation_status_Daily,en_allocation_status_Monthly,en_allocation_status_Weekly,percentage_allocation_Daily,percentage_allocation_Monthly,percentage_allocation_Weekly,alerts_ratability_Daily,alerts_ratability_Monthly,alerts_ratability_Weekly,next_refresh_date_Daily,next_refresh_date_Monthly,Week_switch,Modified_NRD,next_refresh_date_Weekly,en_account_type_Daily,en_account_type_Monthly,en_account_type_Weekly,NRB_Daily,next_refresh_base_gallons_Daily,NRB_Monthly,next_refresh_base_gallons_Monthly,next_refresh_base_gallons_Weekly,staging_id_Daily,staging_id_Monthly,staging_id_Weekly,base_gallons_Daily_Reconciled,beginning_gallons_Daily_Reconciled,sanityWeekly_CumulativeDaily_WeeksByLiftedGallons,sanityWeekly_CumulativeDaily_NextRefreshDate,computedWeekly,sanityComputedWeekly,computedMonthly,sanityComputedMonthly,sanityMonthly_CumulativeDaily_WeeksByLiftedGallons,sanityMonthly_CumulativeDaily_WeeksByNextRefreshDate
2015-08-01,2015-08-01 00:00:00,Holly,PILOT TRAVEL CENTERS LLC - PRODUCT,Woods Cross UT - HEP - 5000,Woods Cross Bio Diesel 5%,0,0,0,1,0,0,0,0,0,0,0,0,1,w1,0,0,0,4839,100000,22581,Available,Available,Available,,,,,,,08/02 00:00:00 MDT,09/01 00:00:00 MDT,w1,0,2015-08-02 00:00:00,Contract,Contract,Contract,0,3226,0,100000,22581,1272170,1272172,1272171,-1,-1,True,True,0,True,0,0,1,1
2015-08-02,2015-08-02 00:00:00,Holly,PILOT TRAVEL CENTERS LLC - PRODUCT,Woods Cross UT - HEP - 5000,Woods Cross Bio Diesel 5%,0,0,0,3,0,0,0,0,0,0,0,0,1,w1,0,0,0,4839,100000,22581,Available,Available,Available,,,,,,,08/03 00:00:00 MDT,09/01 00:00:00 MDT,w2,0,2015-08-09 00:00:00,Contract,Contract,Contract,0,3226,0,100000,22581,1301843,1301845,1301844,-1,-1,True,True,0,0,0,0,1,1
2015-08-03,2015-08-03 00:00:00,Holly,PILOT TRAVEL CENTERS LLC - PRODUCT,Woods Cross UT - HEP - 5000,Woods Cross Bio Diesel 5%,0,0,0,0,900,0,900,900,900,0,900,900,0,w1,900,0,900,4839,100000,22581,Available,Available,Available,,,,,,,08/04 00:00:00 MDT,09/01 00:00:00 MDT,w2,0,2015-08-09 00:00:00,Contract,Contract,Contract,0,3226,0,100000,22581,1331448,1331450,1331449,-1,-1,True,True,0,0,0,0,1,1
2015-08-04,2015-08-04 00:00:00,Holly,PILOT TRAVEL CENTERS LLC - PRODUCT,Woods Cross UT - HEP - 5000,Woods Cross Bio Diesel 5%,0,0,0,0,-1,0,-1,-1,33629,0,33629,-1,0,w2,-1,0,-1,4839,100000,22581,-1,Available,-1,-1,,-1,-1,,-1,-1,09/01 00:00:00 MDT,w2,1,2015-08-09 00:00:00,-1,Contract,-1,0,-1,0,100000,-1,-1,1361629,-1,-1,-1,True,False,0,0,0,0,0,0
2015-08-05,2015-08-05 00:00:00,Holly,PILOT TRAVEL CENTERS LLC - PRODUCT,Woods Cross UT - HEP - 5000,Woods Cross Bio Diesel 5%,0,0,0,0,-1,0,-1,-1,40837,0,40837,-1,0,w2,-1,0,-1,4839,100000,22581,-1,Available,-1,-1,,-1,-1,,-1,-1,09/01 00:00:00 MDT,w2,1,2015-08-09 00:00:00,-1,Contract,-1,0,-1,0,100000,-1,-1,1390114,-1,-1,-1,False,False,0,0,0,0,0,0
2015-08-06,2015-08-06 00:00:00,Holly,PILOT TRAVEL CENTERS LLC - PRODUCT,Woods Cross UT - HEP - 5000,Woods Cross Bio Diesel 5%,0,0,0,0,-1,0,-1,-1,53037,0,53037,-1,0,w2,-1,0,-1,4839,100000,22581,-1,Limited,-1,-1,,-1,-1,,-1,-1,09/01 00:00:00 MDT,w2,1,2015-08-09 00:00:00,-1,Contract,-1,0,-1,0,100000,-1,-1,1425963,-1,-1,-1,False,False,0,0,0,0,0,0
2015-08-07,2015-08-07 00:00:00,Holly,PILOT TRAVEL CENTERS LLC - PRODUCT,Woods Cross UT - HEP - 5000,Woods Cross Bio Diesel 5%,0,0,0,0,-1,0,-1,-1,64379,0,64379,-1,0,w2,-1,0,-1,4839,100000,22581,-1,Limited,-1,-1,,-1,-1,,-1,-1,09/01 00:00:00 MDT,w2,1,2015-08-09 00:00:00,-1,Contract,-1,0,-1,0,100000,-1,-1,1461498,-1,-1,-1,False,False,0,0,0,0,0,0
2015-08-08,2015-08-08 00:00:00,Holly,PILOT TRAVEL CENTERS LLC - PRODUCT,Woods Cross UT - HEP - 5000,Woods Cross Bio Diesel 5%,0,0,0,0,-1,0,-1,-1,64379,0,64379,-1,0,w2,-1,0,-1,4839,100000,22581,-1,Limited,-1,-1,,-1,-1,,-1,-1,09/01 00:00:00 MDT,w2,1,2015-08-09 00:00:00,-1,Contract,-1,0,-1,0,100000,-1,-1,1495787,-1,-1,-1,False,False,0,0,0,0,0,0
2015-08-09,2015-08-09 00:00:00,Holly,PILOT TRAVEL CENTERS LLC - PRODUCT,Woods Cross UT - HEP - 5000,Woods Cross Bio Diesel 5%,0,0,0,0,-1,0,-1,-1,64379,0,64379,-1,0,w2,-1,0,-1,4839,100000,22581,-1,Limited,-1,-1,,-1,-1,,-1,-1,09/01 00:00:00 MDT,w3,1,2015-08-16 00:00:00,-1,Contract,-1,0,-1,0,100000,-1,-1,1529472,-1,-1,-1,False,True,0,0,0,0,0,0
2015-08-10,2015-08-10 00:00:00,Holly,PILOT TRAVEL CENTERS LLC - PRODUCT,Woods Cross UT - HEP - 5000,Woods Cross Bio Diesel 5%,0,0,0,0,-1,0,-1,-1,64379,0,64379,-1,0,w2,-1,0,-1,4839,100000,22581,-1,Limited,-1,-1,,-1,-1,,-1,-1,09/01 00:00:00 MDT,w3,1,2015-08-16 00:00:00,-1,Contract,-1,0,-1,0,100000,-1,-1,1562579,-1,-1,-1,False,False,0,0,0,0,0,0
2015-08-11,2015-08-11 00:00:00,Holly,PILOT TRAVEL CENTERS LLC - PRODUCT,Woods Cross UT - HEP - 5000,Woods Cross Bio Diesel 5%,0,0,0,0,-1,0,-1,-1,64379,0,64379,-1,0,w2,-1,0,-1,4839,100000,22581,-1,Limited,-1,-1,,-1,-1,,-1,-1,09/01 00:00:00 MDT,w3,1,2015-08-16 00:00:00,-1,Contract,-1,0,-1,0,100000,-1,-1,1595565,-1,-1,-1,False,False,0,0,0,0,0,0
2015-08-12,2015-08-12 00:00:00,Holly,PILOT TRAVEL CENTERS LLC - PRODUCT,Woods Cross UT - HEP - 5000,Woods Cross Bio Diesel 5%,0,0,0,0,-1,0,-1,-1,100390,0,100390,-1,0,w2,-1,0,-1,4839,100000,22581,-1,Available,-1,-1,,-1,-1,,-1,-1,09/01 00:00:00 MDT,w3,1,2015-08-16 00:00:00,-1,Contract,-1,0,-1,0,100000,-1,-1,1634824,-1,-1,-1,False,False,0,0,0,0,0,0
2015-08-13,2015-08-13 00:00:00,Holly,PILOT TRAVEL CENTERS LLC - PRODUCT,Woods Cross UT - HEP - 5000,Woods Cross Bio Diesel 5%,0,0,0,0,-1,0,-1,-1,187032,0,187032,-1,0,w2,-1,0,-1,4839,100000,22581,-1,Available,-1,-1,,-1,-1,,-1,-1,09/01 00:00:00 MDT,w3,1,2015-08-16 00:00:00,-1,Contract,-1,0,-1,0,100000,-1,-1,1674754,-1,-1,-1,False,False,0,0,0,0,0,0
2015-08-14,2015-08-14 00:00:00,Holly,PILOT TRAVEL CENTERS LLC - PRODUCT,Woods Cross UT - HEP - 5000,Woods Cross Bio Diesel 5%,0,0,0,0,-1,0,-1,-1,319948,0,319948,-1,0,w2,-1,0,-1,4839,100000,22581,-1,Available,-1,-1,,-1,-1,,-1,-1,09/01 00:00:00 MDT,w3,1,2015-08-16 00:00:00,-1,Contract,-1,0,-1,0,100000,-1,-1,1714366,-1,-1,-1,False,False,0,0,0,0,0,0
2015-08-15,2015-08-15 00:00:00,Holly,PILOT TRAVEL CENTERS LLC - PRODUCT,Woods Cross UT - HEP - 5000,Woods Cross Bio Diesel 5%,0,0,0,0,-1,0,-1,-1,340953,0,340953,-1,0,w2,-1,0,-1,4839,100000,22581,-1,Available,-1,-1,,-1,-1,,-1,-1,09/01 00:00:00 MDT,w3,1,2015-08-16 00:00:00,-1,Contract,-1,0,-1,0,100000,-1,-1,1752125,-1,-1,-1,False,False,0,0,0,0,0,0
2015-08-16,2015-08-16 00:00:00,Holly,PILOT TRAVEL CENTERS LLC - PRODUCT,Woods Cross UT - HEP - 5000,Woods Cross Bio Diesel 5%,0,0,0,0,-1,0,-1,-1,351457,0,351457,-1,0,w2,-1,0,-1,4839,100000,22581,-1,Limited,-1,-1,,-1,-1,,-1,-1,09/01 00:00:00 MDT,w4,1,2015-08-23 00:00:00,-1,Contract,-1,0,-1,0,100000,-1,-1,1788482,-1,-1,-1,False,True,0,0,0,0,0,0
2015-08-17,2015-08-17 00:00:00,Holly,PILOT TRAVEL CENTERS LLC - PRODUCT,Woods Cross UT - HEP - 5000,Woods Cross Bio Diesel 5%,0,0,0,0,-1,0,-1,-1,405866,0,405866,-1,0,w2,-1,0,-1,4839,100000,22581,-1,Limited,-1,-1,,-1,-1,,-1,-1,09/01 00:00:00 MDT,w4,1,2015-08-23 00:00:00,-1,Contract,-1,0,-1,0,100000,-1,-1,1829806,-1,-1,-1,False,False,0,0,0,0,0,0
2015-08-18,2015-08-18 00:00:00,Holly,PILOT TRAVEL CENTERS LLC - PRODUCT,Woods Cross UT - HEP - 5000,Woods Cross Bio Diesel 5%,0,0,0,0,-1,0,-1,-1,478684,0,478684,-1,0,w2,-1,0,-1,4839,100000,22581,-1,Limited,-1,-1,,-1,-1,,-1,-1,09/01 00:00:00 MDT,w4,1,2015-08-23 00:00:00,-1,Contract,-1,0,-1,0,100000,-1,-1,1868328,-1,-1,-1,False,False,0,0,0,0,0,0
2015-08-19,2015-08-19 00:00:00,Holly,PILOT TRAVEL CENTERS LLC - PRODUCT,Woods Cross UT - HEP - 5000,Woods Cross Bio Diesel 5%,0,0,0,0,-1,0,-1,-1,581835,0,581835,-1,0,w2,-1,0,-1,4839,100000,22581,-1,Limited,-1,-1,,-1,-1,,-1,-1,09/01 00:00:00 MDT,w4,1,2015-08-23 00:00:00,-1,Contract,-1,0,-1,0,100000,-1,-1,1904366,-1,-1,-1,False,False,0,0,0,0,0,0
2015-08-20,2015-08-20 00:00:00,Holly,PILOT TRAVEL CENTERS LLC - PRODUCT,Woods Cross UT - HEP - 5000,Woods Cross Bio Diesel 5%,0,0,0,0,-1,0,-1,-1,654180,0,654180,-1,0,w2,-1,0,-1,4839,100000,22581,-1,Limited,-1,-1,,-1,-1,,-1,-1,09/01 00:00:00 MDT,w4,1,2015-08-23 00:00:00,-1,Contract,-1,0,-1,0,100000,-1,-1,1943301,-1,-1,-1,False,False,0,0,0,0,0,0
2015-08-21,2015-08-21 00:00:00,Holly,PILOT TRAVEL CENTERS LLC - PRODUCT,Woods Cross UT - HEP - 5000,Woods Cross Bio Diesel 5%,0,0,0,0,-1,0,-1,-1,654180,0,654180,-1,0,w2,-1,0,-1,4839,100000,22581,-1,Out,-1,-1,,-1,-1,,-1,-1,09/01 00:00:00 MDT,w4,1,2015-08-23 00:00:00,-1,Contract,-1,0,-1,0,100000,-1,-1,1982017,-1,-1,-1,False,False,0,0,0,0,0,0
2015-08-22,2015-08-22 00:00:00,Holly,PILOT TRAVEL CENTERS LLC - PRODUCT,Woods Cross UT - HEP - 5000,Woods Cross Bio Diesel 5%,0,0,0,0,-1,0,-1,-1,654180,0,654180,-1,0,w2,-1,0,-1,4839,100000,22581,-1,Out,-1,-1,,-1,-1,,-1,-1,09/01 00:00:00 MDT,w4,1,2015-08-23 00:00:00,-1,Contract,-1,0,-1,0,100000,-1,-1,2020031,-1,-1,-1,False,False,0,0,0,0,0,0
2015-08-23,2015-08-23 00:00:00,Holly,PILOT TRAVEL CENTERS LLC - PRODUCT,Woods Cross UT - HEP - 5000,Woods Cross Bio Diesel 5%,0,0,0,0,-1,0,-1,-1,654180,0,654180,-1,0,w2,-1,0,-1,4839,100000,22581,-1,Out,-1,-1,,-1,-1,,-1,-1,09/01 00:00:00 MDT,w5,1,2015-08-30 00:00:00,-1,Contract,-1,0,-1,0,100000,-1,-1,2055939,-1,-1,-1,False,True,0,0,0,0,0,0
2015-08-24,2015-08-24 00:00:00,Holly,PILOT TRAVEL CENTERS LLC - PRODUCT,Woods Cross UT - HEP - 5000,Woods Cross Bio Diesel 5%,0,0,0,0,-1,0,-1,-1,654180,0,654180,-1,0,w2,-1,0,-1,4839,100000,22581,-1,Out,-1,-1,,-1,-1,,-1,-1,09/01 00:00:00 MDT,w5,1,2015-08-30 00:00:00,-1,Contract,-1,0,-1,0,100000,-1,-1,2093572,-1,-1,-1,False,False,0,0,0,0,0,0
2015-08-25,2015-08-25 00:00:00,Holly,PILOT TRAVEL CENTERS LLC - PRODUCT,Woods Cross UT - HEP - 5000,Woods Cross Bio Diesel 5%,0,0,0,0,-1,0,-1,-1,654180,0,654180,-1,0,w2,-1,0,-1,4839,100000,22581,-1,Out,-1,-1,,-1,-1,,-1,-1,09/01 00:00:00 MDT,w5,1,2015-08-30 00:00:00,-1,Contract,-1,0,-1,0,100000,-1,-1,2125848,-1,-1,-1,False,False,0,0,0,0,0,0
2015-08-26,2015-08-26 00:00:00,Holly,PILOT TRAVEL CENTERS LLC - PRODUCT,Woods Cross UT - HEP - 5000,Woods Cross Bio Diesel 5%,0,0,0,0,-1,0,-1,-1,654180,0,654180,-1,0,w2,-1,0,-1,4839,100000,22581,-1,Out,-1,-1,,-1,-1,,-1,-1,09/01 00:00:00 MDT,w5,1,2015-08-30 00:00:00,-1,Contract,-1,0,-1,0,100000,-1,-1,2153309,-1,-1,-1,False,False,0,0,0,0,0,0
2015-08-27,2015-08-27 00:00:00,Holly,PILOT TRAVEL CENTERS LLC - PRODUCT,Woods Cross UT - HEP - 5000,Woods Cross Bio Diesel 5%,0,0,0,0,-1,0,-1,-1,654180,0,654180,-1,0,w2,-1,0,-1,4839,100000,22581,-1,Out,-1,-1,,-1,-1,,-1,-1,09/01 00:00:00 MDT,w5,1,2015-08-30 00:00:00,-1,Contract,-1,0,-1,0,100000,-1,-1,2180518,-1,-1,-1,False,False,0,0,0,0,0,0
2015-08-28,2015-08-28 00:00:00,Holly,PILOT TRAVEL CENTERS LLC - PRODUCT,Woods Cross UT - HEP - 5000,Woods Cross Bio Diesel 5%,0,0,0,0,-1,0,-1,-1,654180,0,654180,-1,0,w2,-1,0,-1,4839,100000,22581,-1,Out,-1,-1,,-1,-1,,-1,-1,09/01 00:00:00 MDT,w5,1,2015-08-30 00:00:00,-1,Contract,-1,0,-1,0,100000,-1,-1,2211583,-1,-1,-1,False,False,0,0,0,0,0,0
2015-08-29,2015-08-29 00:00:00,Holly,PILOT TRAVEL CENTERS LLC - PRODUCT,Woods Cross UT - HEP - 5000,Woods Cross Bio Diesel 5%,0,0,0,0,-1,0,-1,-1,654180,0,654180,-1,0,w2,-1,0,-1,4839,100000,22581,-1,Out,-1,-1,,-1,-1,,-1,-1,09/01 00:00:00 MDT,w5,1,2015-08-30 00:00:00,-1,Contract,-1,0,-1,0,100000,-1,-1,2238478,-1,-1,-1,False,False,0,0,0,0,0,0
2015-08-30,2015-08-30 00:00:00,Holly,PILOT TRAVEL CENTERS LLC - PRODUCT,Woods Cross UT - HEP - 5000,Woods Cross Bio Diesel 5%,0,0,0,0,-1,0,-1,-1,654180,0,654180,-1,0,w2,-1,0,-1,4839,100000,22581,-1,Out,-1,-1,,-1,-1,,-1,-1,09/01 00:00:00 MDT,w6,1,2015-09-06 00:00:00,-1,Contract,-1,0,-1,0,100000,-1,-1,2265129,-1,-1,-1,False,True,0,0,0,0,0,0
2015-08-31,2015-08-31 00:00:00,Holly,PILOT TRAVEL CENTERS LLC - PRODUCT,Woods Cross UT - HEP - 5000,Woods Cross Bio Diesel 5%,0,0,0,0,-1,0,-1,-1,654180,0,654180,-1,0,w2,-1,0,-1,4839,100000,22581,-1,Out,-1,-1,,-1,-1,,-1,-1,09/01 00:00:00 MDT,w6,1,2015-09-06 00:00:00,-1,Contract,-1,3226,-1,100000,100000,-1,-1,2290783,-1,-1,-1,False,False,0,0,0,0,0,0
