,date,supplier_name,account_type,supplier_terminal_name,product_name,base_gallons_Daily,base_gallons_Monthly,base_gallons_Weekly,lifted_gallons_daily_flag,lifted_gallons_daily_modified,Modified_WeeksByLiftedGallons,lifted_gallons_modified_WeeksByLiftedGallons,lifted_gallons_Daily,Lifted_actual_monthly,lifted_gallons_monthly_flag,lifted_gallons_Monthly,Lifted_actual_weekly,lifted_gallons_weekly_flag,WeeksByLiftedGallons,lifted_gallonsWeekly_modified_aposteriori,Modified_LiftedGallonsaposteriori,lifted_gallons_Weekly,beginning_gallons_Daily,beginning_gallons_Monthly,beginning_gallons_Weekly,en_allocation_status_Daily,en_allocation_status_Monthly,en_allocation_status_Weekly,percentage_allocation_Daily,percentage_allocation_Monthly,percentage_allocation_Weekly,alerts_ratability_Daily,alerts_ratability_Monthly,alerts_ratability_Weekly,next_refresh_date_Daily,next_refresh_date_Monthly,Week_switch,Modified_NRD,next_refresh_date_Weekly,en_account_type_Daily,en_account_type_Monthly,en_account_type_Weekly,NRB_Daily,next_refresh_base_gallons_Daily,NRB_Monthly,next_refresh_base_gallons_Monthly,next_refresh_base_gallons_Weekly,remaining_gallons_Daily,remaining_gallons_Monthly,remaining_gallons_Weekly,additional_gallons_allowed_Daily,additional_gallons_allowed_Monthly,additional_gallons_allowed_Weekly,additional_gallons_remaining_Daily,additional_gallons_remaining_Monthly,additional_gallons_remaining_Weekly,staging_id_Daily,staging_id_Monthly,staging_id_Weekly,base_gallons_Daily_Reconciled,base_gallons_Monthly_Reconciled,base_gallons_Weekly_Reconciled,beginning_gallons_Daily_Reconciled,beginning_gallons_Monthly_Reconciled,beginning_gallons_Weekly_Reconciled,sanityWeekly_CumulativeDaily_WeeksByLiftedGallons,sanityWeekly_CumulativeDaily_NextRefreshDate,computedWeekly,computedMonthly,sanityComputedMonthly,remaining_gallons_Daily_Reconciled,remaining_gallons_Monthly_Reconciled,remaining_gallons_Weekly_Reconciled,additional_gallons_remaining_Daily_Reconciled,additional_gallons_remaining_Monthly_Reconciled,additional_gallons_remaining_Weekly_Reconciled,sanityMonthly_CumulativeDaily_WeeksByLiftedGallons,sanityMonthly_CumulativeDaily_WeeksByNextRefreshDate
2015-07-01,2015-07-01 00:00:00,Chevron,PILOT TRAVEL CENTERS LLC : CHV7460761,1037 PASCAGOULA MS TRM CHEVRON,DIESEL #2,78694,2439516,550858,1,65444,0,65444,65444,65444,0,65444,65444,1,w1,65444,0,65444,118041,2683468,688573,Limited,Available,Available,150,110,125,On Target,On Target,On Target,07/02 00:00:00 CDT,08/01 00:00:00 CDT,w1,0,2015-07-08 00:00:00,Contract,Contract,Contract,78694,78694,2439516,2439516,550858,52597,2618024,623129,0,0,0,0,0,0,508004,508006,508005,78694,2439516,550858,118041,2683468,688573,True,True,65444,65444,1,52597,2618024,623129,-1,-1,-1,1,1
2015-07-02,2015-07-02 00:00:00,Chevron,PILOT TRAVEL CENTERS LLC : CHV7460761,1037 PASCAGOULA MS TRM CHEVRON,DIESEL #2,78694,2439516,550858,1,54373,0,54373,54373,119817,0,119817,119817,1,w1,54373,0,119817,118041,2683468,688573,Available,Available,Available,150,110,125,On Target,Above Trend,On Target,07/03 00:00:00 CDT,08/01 00:00:00 CDT,w1,0,2015-07-08 00:00:00,Contract,Contract,Contract,78694,78694,2439516,2439516,550858,63668,2563651,568756,0,0,0,0,0,0,527079,527081,527080,78694,2439516,550858,118041,2683468,688573,True,True,119817,119817,1,63668,2563651,568756,-1,-1,-1,1,1
2015-07-03,2015-07-03 00:00:00,Chevron,PILOT TRAVEL CENTERS LLC : CHV7460761,1037 PASCAGOULA MS TRM CHEVRON,DIESEL #2,78694,2439516,550858,1,57064,1,57064,26155,176881,0,176881,176881,1,w1,26155,0,176881,118041,2683468,688573,Available,Available,Available,150,110,125,On Target,Above Trend,On Target,07/04 00:00:00 CDT,08/01 00:00:00 CDT,w1,0,2015-07-08 00:00:00,Contract,Contract,Contract,78694,78694,2439516,2439516,550858,91886,2506587,511692,0,0,0,0,0,0,534730,534732,534731,78694,2439516,550858,118041,2683468,688573,True,True,176881,176881,1,60977,2506587,511692,-1,-1,-1,1,1
2015-07-04,2015-07-04 00:00:00,Chevron,PILOT TRAVEL CENTERS LLC : CHV7460761,1037 PASCAGOULA MS TRM CHEVRON,DIESEL #2,78694,2439516,550858,1,38017,1,38017,23133,214898,0,214898,214898,1,w1,23133,0,214898,118041,2683468,688573,Available,Available,Available,150,110,125,On Target,On Target,On Target,07/05 00:00:00 CDT,08/01 00:00:00 CDT,w1,0,2015-07-08 00:00:00,Contract,Contract,Contract,78694,78694,2439516,2439516,550858,94908,2468570,473675,0,0,0,0,0,0,540982,540984,540983,78694,2439516,550858,118041,2683468,688573,True,True,214898,214898,1,80024,2468570,473675,-1,-1,-1,1,1
2015-07-05,2015-07-05 00:00:00,Chevron,PILOT TRAVEL CENTERS LLC : CHV7460761,1037 PASCAGOULA MS TRM CHEVRON,DIESEL #2,78694,2439516,550858,1,46262,1,46262,23130,261160,0,261160,261160,1,w1,23130,0,261160,118041,2683468,688573,Available,Available,Available,150,110,125,On Target,On Target,On Target,07/06 00:00:00 CDT,08/01 00:00:00 CDT,w1,0,2015-07-08 00:00:00,Contract,Contract,Contract,78694,78694,2439516,2439516,550858,94911,2422308,427413,0,0,0,0,0,0,547425,547427,547426,78694,2439516,550858,118041,2683468,688573,True,True,261160,261160,1,71779,2422308,427413,-1,-1,-1,1,1
2015-07-06,2015-07-06 00:00:00,Chevron,PILOT TRAVEL CENTERS LLC : CHV7460761,1037 PASCAGOULA MS TRM CHEVRON,DIESEL #2,78694,2439516,550858,1,53548,1,53548,7663,314708,0,314708,314708,1,w1,7663,0,314708,118041,2683468,688573,Available,Available,Available,150,110,125,Below Trend,On Target,On Target,07/07 00:00:00 CDT,08/01 00:00:00 CDT,w1,0,2015-07-08 00:00:00,Contract,Contract,Contract,78694,78694,2439516,2439516,550858,110378,2368760,373865,0,0,0,0,0,0,553741,553743,553742,78694,2439516,550858,118041,2683468,688573,True,True,314708,314708,1,64493,2368760,373865,-1,-1,-1,1,1
2015-07-07,2015-07-07 00:00:00,Chevron,PILOT TRAVEL CENTERS LLC : CHV7460761,1037 PASCAGOULA MS TRM CHEVRON,DIESEL #2,78694,2439516,550858,1,106176,1,106176,67894,420884,0,420884,420884,1,w1,67894,0,420884,118041,2683468,688573,Limited,Available,Limited,150,110,125,On Target,On Target,On Target,07/08 00:00:00 CDT,08/01 00:00:00 CDT,w1,0,2015-07-08 00:00:00,Contract,Contract,Contract,78694,78694,2439516,2439516,550858,50147,2262584,267689,0,0,0,0,0,0,566754,566756,566755,78694,2439516,550858,118041,2683468,688573,True,True,420884,420884,1,11865,2262584,267689,-1,-1,-1,1,1
2015-07-08,2015-07-08 00:00:00,Chevron,PILOT TRAVEL CENTERS LLC : CHV7460761,1037 PASCAGOULA MS TRM CHEVRON,DIESEL #2,78694,2439516,550858,1,51279,0,35904,35904,472163,0,472163,35904,1,w2,35904,0,51279,118041,2683468,688573,Available,Available,Available,150,110,125,On Target,On Target,On Target,07/09 00:00:00 CDT,08/01 00:00:00 CDT,w2,0,2015-07-15 00:00:00,Contract,Contract,Contract,78694,78694,2439516,2439516,550858,82137,2211305,652669,0,0,0,0,0,0,576355,576357,576356,78694,2439516,550858,118041,2683468,688573,True,True,51279,472163,1,66762,2211305,637294,-1,-1,-1,0,1
2015-07-09,2015-07-09 00:00:00,Chevron,PILOT TRAVEL CENTERS LLC : CHV7460761,1037 PASCAGOULA MS TRM CHEVRON,DIESEL #2,78694,2439516,550858,2,111774,0,-1,-1,-1,2,583937,-1,2,w3,-1,0,163053,118041,2683468,688573,-1,-1,-1,100,100,100,-1,-1,-1,-1,-1,w2,1,2015-07-15 00:00:00,-1,-1,-1,78694,-1,2439516,-1,-1,-1,-1,-1,-1,-1,-1,-1,-1,-1,-1,-1,-1,118041,2683468,688573,78694,2439516,550858,True,True,163053,583937,1,6267,2099531,525520,-1,-1,-1,0,1
2015-07-10,2015-07-10 00:00:00,Chevron,PILOT TRAVEL CENTERS LLC : CHV7460761,1037 PASCAGOULA MS TRM CHEVRON,DIESEL #2,78694,2439516,550858,1,62897,0,62897,62897,646834,0,646834,210575,1,w3,62897,0,225950,118041,2683468,688573,Limited,Available,Available,150,110,125,On Target,On Target,On Target,07/11 00:00:00 CDT,08/01 00:00:00 CDT,w2,0,2015-07-15 00:00:00,Contract,Contract,Contract,78694,78694,2439516,2439516,550858,55144,2036634,477998,0,0,0,0,0,0,609172,609174,609173,78694,2439516,550858,118041,2683468,688573,False,True,225950,646834,1,55144,2036634,462623,-1,-1,-1,0,1
2015-07-11,2015-07-11 00:00:00,Chevron,PILOT TRAVEL CENTERS LLC : CHV7460761,1037 PASCAGOULA MS TRM CHEVRON,DIESEL #2,78694,2439516,550858,1,58916,1,58916,51202,705750,0,705750,269491,1,w3,51202,0,284866,118041,2683468,688573,Available,Available,Available,150,110,125,On Target,On Target,On Target,07/12 00:00:00 CDT,08/01 00:00:00 CDT,w2,0,2015-07-15 00:00:00,Contract,Contract,Contract,78694,78694,2439516,2439516,550858,66839,1977718,419082,0,0,0,0,0,0,637659,637661,637660,78694,2439516,550858,118041,2683468,688573,False,True,284866,705750,1,59125,1977718,403707,-1,-1,-1,0,1
2015-07-12,2015-07-12 00:00:00,Chevron,PILOT TRAVEL CENTERS LLC : CHV7460761,1037 PASCAGOULA MS TRM CHEVRON,DIESEL #2,78694,2439516,550858,1,88410,0,88410,88410,794160,0,794160,357901,1,w3,88410,0,373276,118041,2683468,688573,Limited,Available,Limited,150,110,125,On Target,On Target,On Target,07/13 00:00:00 CDT,08/01 00:00:00 CDT,w2,0,2015-07-15 00:00:00,Contract,Contract,Contract,78694,78694,2439516,2439516,550858,29631,1889308,330672,0,0,0,0,0,0,667073,667075,667074,78694,2439516,550858,118041,2683468,688573,False,True,373276,794160,1,29631,1889308,315297,-1,-1,-1,0,1
2015-07-13,2015-07-13 00:00:00,Chevron,PILOT TRAVEL CENTERS LLC : CHV7460761,1037 PASCAGOULA MS TRM CHEVRON,DIESEL #2,78694,2439516,550858,1,61201,1,61201,53543,855361,0,855361,419102,1,w3,53543,0,434477,118041,2683468,688573,Available,Available,Limited,150,110,125,On Target,On Target,On Target,07/14 00:00:00 CDT,08/01 00:00:00 CDT,w2,0,2015-07-15 00:00:00,Contract,Contract,Contract,78694,78694,2439516,2439516,550858,64498,1828107,269471,0,0,0,0,0,0,697669,697671,697670,78694,2439516,550858,118041,2683468,688573,False,True,434477,855361,1,56840,1828107,254096,-1,-1,-1,0,1
2015-07-14,2015-07-14 00:00:00,Chevron,PILOT TRAVEL CENTERS LLC : CHV7460761,1037 PASCAGOULA MS TRM CHEVRON,DIESEL #2,78694,2439516,550858,1,61822,1,61822,46598,917183,0,917183,480924,1,w3,46598,0,496299,118041,2683468,688573,Available,Available,Limited,150,110,125,On Target,On Target,On Target,07/15 00:00:00 CDT,08/01 00:00:00 CDT,w2,0,2015-07-15 00:00:00,Contract,Contract,Contract,78694,78694,2439516,2439516,550858,71443,1766285,207649,0,0,0,0,0,0,729535,729537,729536,78694,2439516,550858,118041,2683468,688573,False,True,496299,917183,1,56219,1766285,192274,-1,-1,-1,0,1
2015-07-15,2015-07-15 00:00:00,Chevron,PILOT TRAVEL CENTERS LLC : CHV7460761,1037 PASCAGOULA MS TRM CHEVRON,DIESEL #2,78694,2439516,550858,1,79804,0,72089,72089,996987,0,996987,72089,1,w4,72089,0,79804,118041,2683468,688573,Limited,Available,Available,150,110,125,On Target,On Target,On Target,07/16 00:00:00 CDT,08/01 00:00:00 CDT,w3,0,2015-07-22 00:00:00,Contract,Contract,Contract,78694,78694,2439516,2439516,550858,45952,1686481,616484,0,0,0,0,0,0,755009,755011,755010,78694,2439516,550858,118041,2683468,688573,True,True,79804,996987,1,38237,1686481,608769,-1,-1,-1,0,1
2015-07-16,2015-07-16 00:00:00,Chevron,PILOT TRAVEL CENTERS LLC : CHV7460761,1037 PASCAGOULA MS TRM CHEVRON,DIESEL #2,78694,2439516,550858,1,110583,1,110583,102867,1107570,0,1107570,182672,1,w4,102867,0,190387,118041,2683468,688573,Low,Available,Available,150,110,125,Above Trend,Above Trend,Above Trend,07/17 00:00:00 CDT,08/01 00:00:00 CDT,w3,0,2015-07-22 00:00:00,Contract,Contract,Contract,78694,78694,2439516,2439516,550858,15174,1575898,505901,0,0,0,0,0,0,788311,788313,788312,78694,2439516,550858,118041,2683468,688573,True,True,190387,1107570,1,7458,1575898,498186,-1,-1,-1,0,1
2015-07-17,2015-07-17 00:00:00,Chevron,PILOT TRAVEL CENTERS LLC : CHV7460761,1037 PASCAGOULA MS TRM CHEVRON,DIESEL #2,78694,2439516,550858,1,89667,1,89667,81855,1197237,0,1197237,272339,1,w4,81855,0,280054,118041,2683468,688573,Limited,Available,Available,150,110,125,On Target,Above Trend,Above Trend,07/18 00:00:00 CDT,08/01 00:00:00 CDT,w3,0,2015-07-22 00:00:00,Contract,Contract,Contract,78694,78694,2439516,2439516,550858,36186,1486231,416234,0,0,0,0,0,0,820335,820337,820336,78694,2439516,550858,118041,2683468,688573,True,True,280054,1197237,1,28374,1486231,408519,-1,-1,-1,0,1
2015-07-18,2015-07-18 00:00:00,Chevron,PILOT TRAVEL CENTERS LLC : CHV7460761,1037 PASCAGOULA MS TRM CHEVRON,DIESEL #2,78694,2439516,550858,1,39452,0,39452,39452,1236689,0,1236689,311791,1,w4,39452,0,319506,118041,2683468,688573,Available,Available,Available,150,110,125,On Target,On Target,Above Trend,07/19 00:00:00 CDT,08/01 00:00:00 CDT,w3,0,2015-07-22 00:00:00,Contract,Contract,Contract,78694,78694,2439516,2439516,550858,78589,1446779,376782,0,0,0,0,0,0,850797,850799,850798,78694,2439516,550858,118041,2683468,688573,True,True,319506,1236689,1,78589,1446779,369067,-1,-1,-1,0,1
2015-07-19,2015-07-19 00:00:00,Chevron,PILOT TRAVEL CENTERS LLC : CHV7460761,1037 PASCAGOULA MS TRM CHEVRON,DIESEL #2,78694,2439516,550858,1,106320,1,106320,98605,1343009,0,1343009,418111,1,w4,98605,0,425826,118041,2683468,688573,Low,Available,Limited,150,110,125,Above Trend,Above Trend,Above Trend,07/20 00:00:00 CDT,08/01 00:00:00 CDT,w3,0,2015-07-22 00:00:00,Contract,Contract,Contract,78694,78694,2439516,2439516,550858,19436,1340459,270462,0,0,0,0,0,0,882058,882060,882059,78694,2439516,550858,118041,2683468,688573,True,True,425826,1343009,1,11721,1340459,262747,-1,-1,-1,0,1
2015-07-20,2015-07-20 00:00:00,Chevron,PILOT TRAVEL CENTERS LLC : CHV7460761,1037 PASCAGOULA MS TRM CHEVRON,DIESEL #2,78694,2439516,550858,1,76922,0,76922,76922,1419931,0,1419931,495033,1,w4,76922,0,502748,118041,2683468,688573,Limited,Limited,Limited,150,110,125,On Target,Above Trend,Above Trend,07/21 00:00:00 CDT,08/01 00:00:00 CDT,w3,0,2015-07-22 00:00:00,Contract,Contract,Contract,78694,78694,2439516,2439516,550858,41119,1263537,193540,0,0,0,0,0,0,912424,912426,912425,78694,2439516,550858,118041,2683468,688573,True,True,502748,1419931,1,41119,1263537,185825,-1,-1,-1,0,1
2015-07-21,2015-07-21 00:00:00,Chevron,PILOT TRAVEL CENTERS LLC : CHV7460761,1037 PASCAGOULA MS TRM CHEVRON,DIESEL #2,78694,2439516,550858,1,84334,1,84334,76526,1504265,0,1504265,579367,1,w4,76526,0,587082,118041,2683468,688573,Limited,Limited,Low,150,110,125,On Target,Above Trend,Above Trend,07/22 00:00:00 CDT,08/01 00:00:00 CDT,w3,0,2015-07-22 00:00:00,Contract,Contract,Contract,78694,78694,2439516,2439516,550858,41515,1179203,109206,0,0,0,0,0,0,941611,941613,941612,78694,2439516,550858,118041,2683468,688573,True,True,587082,1504265,1,33707,1179203,101491,-1,-1,-1,0,1
2015-07-22,2015-07-22 00:00:00,Chevron,PILOT TRAVEL CENTERS LLC : CHV7460761,1037 PASCAGOULA MS TRM CHEVRON,DIESEL #2,78694,2439516,550858,1,87560,0,87560,87560,1591825,0,1591825,87560,1,w5,87560,0,87560,118041,2683468,688573,Limited,Available,Available,150,110,125,On Target,Above Trend,Above Trend,07/23 00:00:00 CDT,08/01 00:00:00 CDT,w4,0,2015-07-29 00:00:00,Contract,Contract,Contract,78694,78694,2439516,2439516,550858,30481,1091643,601013,0,0,0,0,0,0,975040,975042,975041,78694,2439516,550858,118041,2683468,688573,True,True,87560,1591825,1,30481,1091643,601013,-1,-1,-1,0,1
2015-07-23,2015-07-23 00:00:00,Chevron,PILOT TRAVEL CENTERS LLC : CHV7460761,1037 PASCAGOULA MS TRM CHEVRON,DIESEL #2,78694,2439516,550858,1,106963,1,106963,91438,1698788,0,1698788,194523,1,w5,91438,0,194523,118041,2683468,688573,Limited,Available,Available,150,110,125,Above Trend,Above Trend,Above Trend,07/24 00:00:00 CDT,08/01 00:00:00 CDT,w4,0,2015-07-29 00:00:00,Contract,Contract,Contract,78694,78694,2439516,2439516,550858,26603,984680,494050,0,0,0,0,0,0,1002854,1002856,1002855,78694,2439516,550858,118041,2683468,688573,True,True,194523,1698788,1,11078,984680,494050,-1,-1,-1,0,1
2015-07-24,2015-07-24 00:00:00,Chevron,PILOT TRAVEL CENTERS LLC : CHV7460761,1037 PASCAGOULA MS TRM CHEVRON,DIESEL #2,78694,2439516,550858,1,63116,0,63116,63116,1761904,0,1761904,257639,1,w5,63116,0,257639,118041,2683468,688573,Available,Available,Available,150,110,125,On Target,Above Trend,Above Trend,07/25 00:00:00 CDT,08/01 00:00:00 CDT,w4,0,2015-07-29 00:00:00,Contract,Contract,Contract,78694,78694,2439516,2439516,550858,54925,921564,430934,0,0,0,0,0,0,1033068,1033070,1033069,78694,2439516,550858,118041,2683468,688573,True,True,257639,1761904,1,54925,921564,430934,-1,-1,-1,0,1
2015-07-25,2015-07-25 00:00:00,Chevron,PILOT TRAVEL CENTERS LLC : CHV7460761,1037 PASCAGOULA MS TRM CHEVRON,DIESEL #2,78694,2439516,550858,1,4305,0,4305,4305,1766209,0,1766209,261944,1,w5,4305,0,261944,118041,2683468,688573,Available,Available,Available,150,110,125,Below Trend,Above Trend,On Target,07/26 00:00:00 CDT,08/01 00:00:00 CDT,w4,0,2015-07-29 00:00:00,Contract,Contract,Contract,78694,78694,2439516,2439516,550858,113736,917259,426629,0,0,0,0,0,0,1062259,1062261,1062260,78694,2439516,550858,118041,2683468,688573,True,True,261944,1766209,1,113736,917259,426629,-1,-1,-1,0,1
2015-07-26,2015-07-26 00:00:00,Chevron,PILOT TRAVEL CENTERS LLC : CHV7460761,1037 PASCAGOULA MS TRM CHEVRON,DIESEL #2,78694,2439516,550858,1,69265,1,69265,65457,1835474,0,1835474,331209,1,w5,65457,0,331209,118041,2683468,688573,Available,Available,Available,150,110,125,On Target,Above Trend,On Target,07/27 00:00:00 CDT,08/01 00:00:00 CDT,w4,0,2015-07-29 00:00:00,Contract,Contract,Contract,78694,78694,2439516,2439516,550858,52584,847994,357364,0,0,0,0,0,0,1092314,1092316,1092315,78694,2439516,550858,118041,2683468,688573,True,True,331209,1835474,1,48776,847994,357364,-1,-1,-1,0,1
2015-07-27,2015-07-27 00:00:00,Chevron,PILOT TRAVEL CENTERS LLC : CHV7460761,1037 PASCAGOULA MS TRM CHEVRON,DIESEL #2,78694,2439516,550858,1,72931,1,72931,65321,1908405,0,1908405,404140,1,w5,65321,0,404140,118041,2683468,688573,Available,Limited,Available,150,110,125,On Target,Above Trend,On Target,07/28 00:00:00 CDT,08/01 00:00:00 CDT,w4,0,2015-07-29 00:00:00,Contract,Contract,Contract,78694,78694,2439516,2103902,550858,52720,775063,284433,0,0,0,0,0,0,1122624,1122626,1122625,78694,2439516,550858,118041,2683468,688573,True,True,404140,1908405,1,45110,775063,284433,-1,-1,-1,0,1
2015-07-28,2015-07-28 00:00:00,Chevron,PILOT TRAVEL CENTERS LLC : CHV7460761,1037 PASCAGOULA MS TRM CHEVRON,DIESEL #2,78694,2439516,550858,1,72191,1,72191,64581,1980596,0,1980596,476331,1,w5,64581,0,476331,118041,2683468,688573,Available,Limited,Available,150,110,125,On Target,Above Trend,On Target,07/29 00:00:00 CDT,08/01 00:00:00 CDT,w4,0,2015-07-29 00:00:00,Contract,Contract,Contract,78694,78694,2439516,2103902,550858,53460,702872,212242,0,0,0,0,0,0,1152934,1152936,1152935,78694,2439516,550858,118041,2683468,688573,True,True,476331,1980596,1,45850,702872,212242,-1,-1,-1,0,1
2015-07-29,2015-07-29 00:00:00,Chevron,PILOT TRAVEL CENTERS LLC : CHV7460761,1037 PASCAGOULA MS TRM CHEVRON,DIESEL #2,78694,2439516,550858,1,43553,0,43553,43553,2024149,0,2024149,43553,1,w6,43553,0,43553,118041,2683468,688573,Available,Limited,Available,150,110,125,On Target,Above Trend,On Target,07/30 00:00:00 CDT,08/01 00:00:00 CDT,w5,0,2015-08-05 00:00:00,Contract,Contract,Contract,78694,78694,2439516,2103902,550858,74488,659319,645020,0,0,0,0,0,0,1183244,1183246,1183245,78694,2439516,550858,118041,2683468,688573,True,True,43553,2024149,1,74488,659319,645020,-1,-1,-1,0,1
2015-07-30,2015-07-30 00:00:00,Chevron,PILOT TRAVEL CENTERS LLC : CHV7460761,1037 PASCAGOULA MS TRM CHEVRON,DIESEL #2,78694,2439516,550858,1,12319,1,12319,4604,2036468,0,2036468,55872,1,w6,4604,0,55872,118041,2683468,688573,Available,Limited,Available,150,110,125,Below Trend,On Target,On Target,07/31 00:00:00 CDT,08/01 00:00:00 CDT,w5,0,2015-08-05 00:00:00,Contract,Contract,Contract,78694,78694,2439516,2103902,550858,113437,647000,632701,0,0,0,0,0,0,1213554,1213556,1213555,78694,2439516,550858,118041,2683468,688573,True,True,55872,2036468,1,105722,647000,632701,-1,-1,-1,0,1
2015-07-31,2015-07-31 00:00:00,Chevron,PILOT TRAVEL CENTERS LLC : CHV7460761,1037 PASCAGOULA MS TRM CHEVRON,DIESEL #2,78694,2439516,550858,1,0,0,0,0,2036468,0,2036468,55872,1,w6,0,0,55872,118041,2683468,688573,Available,Limited,Available,150,110,125,Below Trend,On Target,Below Trend,08/01 00:00:00 CDT,08/01 00:00:00 CDT,w5,0,2015-08-05 00:00:00,Contract,Contract,Contract,78694,78694,2103902,2103902,550858,118041,647000,632701,0,0,0,0,0,0,1243864,1243866,1243865,78694,2439516,550858,118041,2683468,688573,True,True,55872,2036468,1,118041,647000,632701,-1,-1,-1,0,1
