,date,supplier_name,account_type,supplier_terminal_name,product_name,base_gallons_Daily,base_gallons_Monthly,base_gallons_Weekly,lifted_gallons_daily_flag,lifted_gallons_daily_modified,Modified_WeeksByLiftedGallons,lifted_gallons_modified_WeeksByLiftedGallons,lifted_gallons_Daily,Lifted_actual_monthly,lifted_gallons_monthly_flag,lifted_gallons_Monthly,Lifted_actual_weekly,lifted_gallons_weekly_flag,WeeksByLiftedGallons,lifted_gallonsWeekly_modified_aposteriori,Modified_LiftedGallonsaposteriori,lifted_gallons_Weekly,beginning_gallons_Daily,beginning_gallons_Monthly,beginning_gallons_Weekly,en_allocation_status_Daily,en_allocation_status_Monthly,en_allocation_status_Weekly,percentage_allocation_Daily,percentage_allocation_Monthly,percentage_allocation_Weekly,alerts_ratability_Daily,alerts_ratability_Monthly,alerts_ratability_Weekly,next_refresh_date_Daily,next_refresh_date_Monthly,Week_switch,Modified_NRD,next_refresh_date_Weekly,en_account_type_Daily,en_account_type_Monthly,en_account_type_Weekly,NRB_Daily,next_refresh_base_gallons_Daily,NRB_Monthly,next_refresh_base_gallons_Monthly,next_refresh_base_gallons_Weekly,remaining_gallons_Daily,remaining_gallons_Monthly,remaining_gallons_Weekly,additional_gallons_allowed_Daily,additional_gallons_allowed_Monthly,additional_gallons_allowed_Weekly,additional_gallons_remaining_Daily,additional_gallons_remaining_Monthly,additional_gallons_remaining_Weekly,staging_id_Daily,staging_id_Monthly,staging_id_Weekly,base_gallons_Daily_Reconciled,base_gallons_Monthly_Reconciled,base_gallons_Weekly_Reconciled,beginning_gallons_Daily_Reconciled,beginning_gallons_Monthly_Reconciled,beginning_gallons_Weekly_Reconciled,sanityWeekly_CumulativeDaily_WeeksByLiftedGallons,sanityWeekly_CumulativeDaily_NextRefreshDate,computedWeekly,computedMonthly,sanityComputedMonthly,remaining_gallons_Daily_Reconciled,remaining_gallons_Monthly_Reconciled,remaining_gallons_Weekly_Reconciled,additional_gallons_remaining_Daily_Reconciled,additional_gallons_remaining_Monthly_Reconciled,additional_gallons_remaining_Weekly_Reconciled,sanityMonthly_CumulativeDaily_WeeksByLiftedGallons,sanityMonthly_CumulativeDaily_WeeksByNextRefreshDate
2015-07-01,2015-07-01 00:00:00,Chevron,PILOT TRAVEL CENTERS LLC : CHV7460761,1066 BOISE ID TRM TESORO,DIESEL #2,18173,563371,127213,1,19998,0,19998,19998,19998,0,19998,19998,1,w1,19998,0,19998,36346,619708,159016,Limited,Available,Available,200,110,125,On Target,Above Trend,Above Trend,07/02 00:00:00 MDT,08/01 00:00:00 MDT,w1,0,2015-07-08 00:00:00,Contract,Contract,Contract,18173,18173,563371,563371,127213,16348,599710,139018,0,0,0,0,0,0,508019,508021,508020,18173,563371,127213,36346,619708,159016,True,True,19998,19998,1,16348,599710,139018,-1,-1,-1,1,1
2015-07-02,2015-07-02 00:00:00,Chevron,PILOT TRAVEL CENTERS LLC : CHV7460761,1066 BOISE ID TRM TESORO,DIESEL #2,18173,563371,127213,1,10005,0,10005,10005,30003,0,30003,30003,1,w1,10005,0,30003,36346,619708,159016,Available,Available,Available,200,110,125,On Target,Above Trend,Above Trend,07/03 00:00:00 MDT,08/01 00:00:00 MDT,w1,0,2015-07-08 00:00:00,Contract,Contract,Contract,18173,18173,563371,563371,127213,26341,589705,129013,0,0,0,0,0,0,527094,527096,527095,18173,563371,127213,36346,619708,159016,True,True,30003,30003,1,26341,589705,129013,-1,-1,-1,1,1
2015-07-03,2015-07-03 00:00:00,Chevron,PILOT TRAVEL CENTERS LLC : CHV7460761,1066 BOISE ID TRM TESORO,DIESEL #2,18173,563371,127213,1,0,0,0,0,30003,0,30003,30003,1,w1,0,0,30003,36346,619708,159016,Available,Available,Available,200,110,125,Below Trend,On Target,On Target,07/04 00:00:00 MDT,08/01 00:00:00 MDT,w1,0,2015-07-08 00:00:00,Contract,Contract,Contract,18173,18173,563371,563371,127213,36346,589705,129013,0,0,0,0,0,0,534745,534747,534746,18173,563371,127213,36346,619708,159016,True,True,30003,30003,1,36346,589705,129013,-1,-1,-1,1,1
2015-07-04,2015-07-04 00:00:00,Chevron,PILOT TRAVEL CENTERS LLC : CHV7460761,1066 BOISE ID TRM TESORO,DIESEL #2,18173,563371,127213,1,20012,1,20012,0,50015,0,50015,50015,1,w1,0,0,50015,36346,619708,159016,Available,Available,Available,200,110,125,Below Trend,On Target,On Target,07/05 00:00:00 MDT,08/01 00:00:00 MDT,w1,0,2015-07-08 00:00:00,Contract,Contract,Contract,18173,18173,563371,563371,127213,36346,569693,109001,0,0,0,0,0,0,540997,540999,540998,18173,563371,127213,36346,619708,159016,True,True,50015,50015,1,16334,569693,109001,-1,-1,-1,1,1
2015-07-05,2015-07-05 00:00:00,Chevron,PILOT TRAVEL CENTERS LLC : CHV7460761,1066 BOISE ID TRM TESORO,DIESEL #2,18173,563371,127213,1,11908,1,11908,0,61923,0,61923,61923,1,w1,0,0,61923,36346,619708,159016,Available,Available,Available,200,110,125,Below Trend,On Target,On Target,07/06 00:00:00 MDT,08/01 00:00:00 MDT,w1,0,2015-07-08 00:00:00,Contract,Contract,Contract,18173,18173,563371,563371,127213,36346,557785,97093,0,0,0,0,0,0,547440,547442,547441,18173,563371,127213,36346,619708,159016,True,True,61923,61923,1,24438,557785,97093,-1,-1,-1,1,1
2015-07-06,2015-07-06 00:00:00,Chevron,PILOT TRAVEL CENTERS LLC : CHV7460761,1066 BOISE ID TRM TESORO,DIESEL #2,18173,563371,127213,1,10011,1,10011,0,71934,0,71934,71934,1,w1,0,0,71934,36346,619708,159016,Available,Available,Available,200,110,125,Below Trend,On Target,On Target,07/07 00:00:00 MDT,08/01 00:00:00 MDT,w1,0,2015-07-08 00:00:00,Contract,Contract,Contract,18173,18173,563371,563371,127213,36346,547774,87082,0,0,0,0,0,0,553756,553758,553757,18173,563371,127213,36346,619708,159016,True,True,71934,71934,1,26335,547774,87082,-1,-1,-1,1,1
2015-07-07,2015-07-07 00:00:00,Chevron,PILOT TRAVEL CENTERS LLC : CHV7460761,1066 BOISE ID TRM TESORO,DIESEL #2,18173,563371,127213,1,30023,1,30023,20013,101957,0,101957,101957,1,w1,20013,0,101957,36346,619708,159016,Limited,Available,Limited,200,110,125,On Target,On Target,On Target,07/08 00:00:00 MDT,08/01 00:00:00 MDT,w1,0,2015-07-08 00:00:00,Contract,Contract,Contract,18173,18173,563371,563371,127213,16333,517751,57059,0,0,0,0,0,0,566769,566771,566770,18173,563371,127213,36346,619708,159016,True,True,101957,101957,1,6323,517751,57059,-1,-1,-1,1,1
2015-07-08,2015-07-08 00:00:00,Chevron,PILOT TRAVEL CENTERS LLC : CHV7460761,1066 BOISE ID TRM TESORO,DIESEL #2,18173,563371,127213,1,19907,0,10002,10002,121864,0,121864,10002,1,w2,10002,0,19907,36346,619708,159016,Available,Available,Available,200,110,125,On Target,Above Trend,Above Trend,07/09 00:00:00 MDT,08/01 00:00:00 MDT,w2,0,2015-07-15 00:00:00,Contract,Contract,Contract,18173,18173,563371,563371,127213,26344,497844,149014,0,0,0,0,0,0,576370,576372,576371,18173,563371,127213,36346,619708,159016,True,True,19907,121864,1,16439,497844,139109,-1,-1,-1,0,1
2015-07-09,2015-07-09 00:00:00,Chevron,PILOT TRAVEL CENTERS LLC : CHV7460761,1066 BOISE ID TRM TESORO,DIESEL #2,18173,563371,127213,2,20020,0,-1,-1,-1,2,141884,-1,2,w3,-1,0,39927,36346,619708,159016,-1,-1,-1,100,100,100,-1,-1,-1,-1,-1,w2,1,2015-07-15 00:00:00,-1,-1,-1,18173,-1,563371,-1,-1,-1,-1,-1,-1,-1,-1,-1,-1,-1,-1,-1,-1,36346,619708,159016,18173,563371,127213,True,True,39927,141884,1,16326,477824,119089,-1,-1,-1,0,1
2015-07-10,2015-07-10 00:00:00,Chevron,PILOT TRAVEL CENTERS LLC : CHV7460761,1066 BOISE ID TRM TESORO,DIESEL #2,18173,563371,127213,1,20018,0,20018,20018,161902,0,161902,50040,1,w3,20018,0,59945,36346,619708,159016,Limited,Available,Available,200,110,125,On Target,Above Trend,On Target,07/11 00:00:00 MDT,08/01 00:00:00 MDT,w2,0,2015-07-15 00:00:00,Contract,Contract,Contract,18173,18173,563371,563371,127213,16328,457806,108976,0,0,0,0,0,0,609187,609189,609188,18173,563371,127213,36346,619708,159016,False,True,59945,161902,1,16328,457806,99071,-1,-1,-1,0,1
2015-07-11,2015-07-11 00:00:00,Chevron,PILOT TRAVEL CENTERS LLC : CHV7460761,1066 BOISE ID TRM TESORO,DIESEL #2,18173,563371,127213,1,20020,0,20020,20020,181922,0,181922,70060,1,w3,20020,0,79965,36346,619708,159016,Limited,Available,Available,200,110,125,On Target,Above Trend,On Target,07/12 00:00:00 MDT,08/01 00:00:00 MDT,w2,0,2015-07-15 00:00:00,Contract,Contract,Contract,18173,18173,563371,563371,127213,16326,437786,88956,0,0,0,0,0,0,637674,637676,637675,18173,563371,127213,36346,619708,159016,False,True,79965,181922,1,16326,437786,79051,-1,-1,-1,0,1
2015-07-12,2015-07-12 00:00:00,Chevron,PILOT TRAVEL CENTERS LLC : CHV7460761,1066 BOISE ID TRM TESORO,DIESEL #2,18173,563371,127213,1,20021,0,20021,20021,201943,0,201943,90081,1,w3,20021,0,99986,36346,619708,159016,Limited,Available,Limited,200,110,125,On Target,Above Trend,Above Trend,07/13 00:00:00 MDT,08/01 00:00:00 MDT,w2,0,2015-07-15 00:00:00,Contract,Contract,Contract,18173,18173,563371,563371,127213,16325,417765,68935,0,0,0,0,0,0,667088,667090,667089,18173,563371,127213,36346,619708,159016,False,True,99986,201943,1,16325,417765,59030,-1,-1,-1,0,1
2015-07-13,2015-07-13 00:00:00,Chevron,PILOT TRAVEL CENTERS LLC : CHV7460761,1066 BOISE ID TRM TESORO,DIESEL #2,18173,563371,127213,1,10014,0,10014,10014,211957,0,211957,100095,1,w3,10014,0,110000,36346,619708,159016,Available,Available,Limited,200,110,125,On Target,Above Trend,On Target,07/14 00:00:00 MDT,08/01 00:00:00 MDT,w2,0,2015-07-15 00:00:00,Contract,Contract,Contract,18173,18173,563371,563371,127213,26332,407751,58921,0,0,0,0,0,0,697684,697686,697685,18173,563371,127213,36346,619708,159016,False,True,110000,211957,1,26332,407751,49016,-1,-1,-1,0,1
2015-07-14,2015-07-14 00:00:00,Chevron,PILOT TRAVEL CENTERS LLC : CHV7460761,1066 BOISE ID TRM TESORO,DIESEL #2,18173,563371,127213,1,20013,0,20013,20013,231970,0,231970,120108,1,w3,20013,0,130013,36346,619708,159016,Limited,Available,Limited,200,110,125,On Target,Above Trend,On Target,07/15 00:00:00 MDT,08/01 00:00:00 MDT,w2,0,2015-07-15 00:00:00,Contract,Contract,Contract,18173,18173,563371,563371,127213,16333,387738,38908,0,0,0,0,0,0,729550,729552,729551,18173,563371,127213,36346,619708,159016,False,True,130013,231970,1,16333,387738,29003,-1,-1,-1,0,1
2015-07-15,2015-07-15 00:00:00,Chevron,PILOT TRAVEL CENTERS LLC : CHV7460761,1066 BOISE ID TRM TESORO,DIESEL #2,18173,563371,127213,1,17603,0,17603,17603,249573,0,249573,17603,1,w4,17603,0,17603,36346,619708,159016,Available,Available,Available,200,110,125,On Target,Above Trend,Above Trend,07/16 00:00:00 MDT,08/01 00:00:00 MDT,w3,0,2015-07-22 00:00:00,Contract,Contract,Contract,18173,18173,563371,563371,127213,18743,370135,141413,0,0,0,0,0,0,755024,755026,755025,18173,563371,127213,36346,619708,159016,True,True,17603,249573,1,18743,370135,141413,-1,-1,-1,0,1
2015-07-16,2015-07-16 00:00:00,Chevron,PILOT TRAVEL CENTERS LLC : CHV7460761,1066 BOISE ID TRM TESORO,DIESEL #2,18173,563371,127213,1,17607,0,17607,17607,267180,0,267180,35210,1,w4,17607,0,35210,36346,619708,159016,Available,Available,Available,200,110,125,On Target,Above Trend,Above Trend,07/17 00:00:00 MDT,08/01 00:00:00 MDT,w3,0,2015-07-22 00:00:00,Contract,Contract,Contract,18173,18173,563371,563371,127213,18739,352528,123806,0,0,0,0,0,0,788326,788328,788327,18173,563371,127213,36346,619708,159016,True,True,35210,267180,1,18739,352528,123806,-1,-1,-1,0,1
2015-07-17,2015-07-17 00:00:00,Chevron,PILOT TRAVEL CENTERS LLC : CHV7460761,1066 BOISE ID TRM TESORO,DIESEL #2,18173,563371,127213,1,17709,1,17709,7710,284889,0,284889,52919,1,w4,7710,0,52919,36346,619708,159016,Available,Available,Available,200,110,125,On Target,Above Trend,On Target,07/18 00:00:00 MDT,08/01 00:00:00 MDT,w3,0,2015-07-22 00:00:00,Contract,Contract,Contract,18173,18173,563371,563371,127213,28636,334819,106097,0,0,0,0,0,0,820350,820352,820351,18173,563371,127213,36346,619708,159016,True,True,52919,284889,1,18637,334819,106097,-1,-1,-1,0,1
2015-07-18,2015-07-18 00:00:00,Chevron,PILOT TRAVEL CENTERS LLC : CHV7460761,1066 BOISE ID TRM TESORO,DIESEL #2,18173,563371,127213,1,7702,0,7702,7702,292591,0,292591,60621,1,w4,7702,0,60621,36346,619708,159016,Available,Available,Available,200,110,125,On Target,Above Trend,On Target,07/19 00:00:00 MDT,08/01 00:00:00 MDT,w3,0,2015-07-22 00:00:00,Contract,Contract,Contract,18173,18173,563371,563371,127213,28644,327117,98395,0,0,0,0,0,0,850812,850814,850813,18173,563371,127213,36346,619708,159016,True,True,60621,292591,1,28644,327117,98395,-1,-1,-1,0,1
2015-07-19,2015-07-19 00:00:00,Chevron,PILOT TRAVEL CENTERS LLC : CHV7460761,1066 BOISE ID TRM TESORO,DIESEL #2,18173,563371,127213,1,7707,0,7707,7707,300298,0,300298,68328,1,w4,7707,0,68328,36346,619708,159016,Available,Available,Available,200,110,125,On Target,On Target,On Target,07/20 00:00:00 MDT,08/01 00:00:00 MDT,w3,0,2015-07-22 00:00:00,Contract,Contract,Contract,18173,18173,563371,563371,127213,28639,319410,90688,0,0,0,0,0,0,882073,882075,882074,18173,563371,127213,36346,619708,159016,True,True,68328,300298,1,28639,319410,90688,-1,-1,-1,0,1
2015-07-20,2015-07-20 00:00:00,Chevron,PILOT TRAVEL CENTERS LLC : CHV7460761,1066 BOISE ID TRM TESORO,DIESEL #2,18173,563371,127213,1,29173,0,29173,29173,329471,0,329471,97501,1,w4,29173,0,97501,36346,619708,159016,Low,Limited,Limited,200,110,125,Above Trend,Above Trend,On Target,07/21 00:00:00 MDT,08/01 00:00:00 MDT,w3,0,2015-07-22 00:00:00,Contract,Contract,Contract,18173,18173,563371,563371,127213,7173,290237,61515,0,0,0,0,0,0,912439,912441,912440,18173,563371,127213,36346,619708,159016,True,True,97501,329471,1,7173,290237,61515,-1,-1,-1,0,1
2015-07-21,2015-07-21 00:00:00,Chevron,PILOT TRAVEL CENTERS LLC : CHV7460761,1066 BOISE ID TRM TESORO,DIESEL #2,18173,563371,127213,1,9899,0,9899,9899,339370,0,339370,107400,1,w4,9899,0,107400,36346,619708,159016,Available,Limited,Limited,200,110,125,On Target,Above Trend,On Target,07/22 00:00:00 MDT,08/01 00:00:00 MDT,w3,0,2015-07-22 00:00:00,Contract,Contract,Contract,18173,18173,563371,563371,127213,26447,280338,51616,0,0,0,0,0,0,941626,941628,941627,18173,563371,127213,36346,619708,159016,True,True,107400,339370,1,26447,280338,51616,-1,-1,-1,0,1
2015-07-22,2015-07-22 00:00:00,Chevron,PILOT TRAVEL CENTERS LLC : CHV7460761,1066 BOISE ID TRM TESORO,DIESEL #2,18173,563371,127213,1,25312,0,15413,15413,364682,0,364682,15413,1,w5,15413,0,25312,36346,619708,159016,Available,Available,Available,200,110,125,On Target,Above Trend,On Target,07/23 00:00:00 MDT,08/01 00:00:00 MDT,w4,0,2015-07-29 00:00:00,Contract,Contract,Contract,18173,18173,563371,563371,127213,20933,255026,143603,0,0,0,0,0,0,975055,975057,975056,18173,563371,127213,36346,619708,159016,True,True,25312,364682,1,11034,255026,133704,-1,-1,-1,0,1
2015-07-23,2015-07-23 00:00:00,Chevron,PILOT TRAVEL CENTERS LLC : CHV7460761,1066 BOISE ID TRM TESORO,DIESEL #2,18173,563371,127213,1,17609,0,17609,17609,382291,0,382291,33022,1,w5,17609,0,42921,36346,619708,159016,Available,Available,Available,200,110,125,On Target,Above Trend,On Target,07/24 00:00:00 MDT,08/01 00:00:00 MDT,w4,0,2015-07-29 00:00:00,Contract,Contract,Contract,18173,18173,563371,563371,127213,18737,237417,125994,0,0,0,0,0,0,1002869,1002871,1002870,18173,563371,127213,36346,619708,159016,True,True,42921,382291,1,18737,237417,116095,-1,-1,-1,0,1
2015-07-24,2015-07-24 00:00:00,Chevron,PILOT TRAVEL CENTERS LLC : CHV7460761,1066 BOISE ID TRM TESORO,DIESEL #2,18173,563371,127213,1,0,0,0,0,382291,0,382291,33022,1,w5,0,0,42921,36346,619708,159016,Available,Available,Available,200,110,125,Below Trend,On Target,On Target,07/25 00:00:00 MDT,08/01 00:00:00 MDT,w4,0,2015-07-29 00:00:00,Contract,Contract,Contract,18173,18173,563371,563371,127213,36346,237417,125994,0,0,0,0,0,0,1033083,1033085,1033084,18173,563371,127213,36346,619708,159016,True,True,42921,382291,1,36346,237417,116095,-1,-1,-1,0,1
2015-07-25,2015-07-25 00:00:00,Chevron,PILOT TRAVEL CENTERS LLC : CHV7460761,1066 BOISE ID TRM TESORO,DIESEL #2,18173,563371,127213,1,19902,1,19902,10001,402193,0,402193,52924,1,w5,10001,0,62823,36346,619708,159016,Available,Available,Available,200,110,125,On Target,Above Trend,On Target,07/26 00:00:00 MDT,08/01 00:00:00 MDT,w4,0,2015-07-29 00:00:00,Contract,Contract,Contract,18173,18173,563371,563371,127213,26345,217515,106092,0,0,0,0,0,0,1062274,1062276,1062275,18173,563371,127213,36346,619708,159016,True,True,62823,402193,1,16444,217515,96193,-1,-1,-1,0,1
2015-07-26,2015-07-26 00:00:00,Chevron,PILOT TRAVEL CENTERS LLC : CHV7460761,1066 BOISE ID TRM TESORO,DIESEL #2,18173,563371,127213,1,20016,0,20016,20016,422209,0,422209,72940,1,w5,20016,0,82839,36346,619708,159016,Available,Available,Available,200,110,125,On Target,Above Trend,On Target,07/27 00:00:00 MDT,08/01 00:00:00 MDT,w4,0,2015-07-29 00:00:00,Contract,Contract,Contract,18173,18173,563371,563371,127213,16330,197499,86076,0,0,0,0,0,0,1092329,1092331,1092330,18173,563371,127213,36346,619708,159016,True,True,82839,422209,1,16330,197499,76177,-1,-1,-1,0,1
2015-07-27,2015-07-27 00:00:00,Chevron,PILOT TRAVEL CENTERS LLC : CHV7460761,1066 BOISE ID TRM TESORO,DIESEL #2,18173,563371,127213,1,10010,0,10010,10010,432219,0,432219,82950,1,w5,10010,0,92849,36346,619708,159016,Available,Available,Available,200,110,125,On Target,Above Trend,On Target,07/28 00:00:00 MDT,08/01 00:00:00 MDT,w4,0,2015-07-29 00:00:00,Contract,Contract,Contract,18173,18173,563371,563371,127213,26336,187489,76066,0,0,0,0,0,0,1122639,1122641,1122640,18173,563371,127213,36346,619708,159016,True,True,92849,432219,1,26336,187489,66167,-1,-1,-1,0,1
2015-07-28,2015-07-28 00:00:00,Chevron,PILOT TRAVEL CENTERS LLC : CHV7460761,1066 BOISE ID TRM TESORO,DIESEL #2,18173,563371,127213,1,19810,1,19810,9904,452029,0,452029,102760,1,w5,9904,0,112659,36346,619708,159016,Available,Limited,Available,200,110,125,On Target,Above Trend,On Target,07/29 00:00:00 MDT,08/01 00:00:00 MDT,w4,0,2015-07-29 00:00:00,Contract,Contract,Contract,18173,18173,563371,563371,127213,26442,167679,56256,0,0,0,0,0,0,1152949,1152951,1152950,18173,563371,127213,36346,619708,159016,True,True,112659,452029,1,16536,167679,46357,-1,-1,-1,0,1
2015-07-29,2015-07-29 00:00:00,Chevron,PILOT TRAVEL CENTERS LLC : CHV7460761,1066 BOISE ID TRM TESORO,DIESEL #2,18173,563371,127213,1,9998,0,9998,9998,462027,0,462027,9998,1,w6,9998,0,9998,36346,619708,159016,Available,Limited,Available,200,110,125,On Target,On Target,On Target,07/30 00:00:00 MDT,08/01 00:00:00 MDT,w5,0,2015-08-05 00:00:00,Contract,Contract,Contract,18173,18173,563371,578084,127213,26348,157681,149018,0,0,0,0,0,0,1183259,1183261,1183260,18173,563371,127213,36346,619708,159016,True,True,9998,462027,1,26348,157681,149018,-1,-1,-1,0,1
2015-07-30,2015-07-30 00:00:00,Chevron,PILOT TRAVEL CENTERS LLC : CHV7460761,1066 BOISE ID TRM TESORO,DIESEL #2,18173,563371,127213,1,20006,0,20006,20006,482033,0,482033,30004,1,w6,20006,0,30004,36346,619708,159016,Available,Limited,Available,200,110,125,On Target,Above Trend,On Target,07/31 00:00:00 MDT,08/01 00:00:00 MDT,w5,0,2015-08-05 00:00:00,Contract,Contract,Contract,18173,18173,563371,578084,127213,16340,137675,129012,0,0,0,0,0,0,1213569,1213571,1213570,18173,563371,127213,36346,619708,159016,True,True,30004,482033,1,16340,137675,129012,-1,-1,-1,0,1
2015-07-31,2015-07-31 00:00:00,Chevron,PILOT TRAVEL CENTERS LLC : CHV7460761,1066 BOISE ID TRM TESORO,DIESEL #2,18173,563371,127213,1,19916,0,19916,19916,501949,0,501949,49920,1,w6,19916,0,49920,36346,619708,159016,Available,Low,Available,200,110,125,On Target,Above Trend,On Target,08/01 00:00:00 MDT,08/01 00:00:00 MDT,w5,0,2015-08-05 00:00:00,Contract,Contract,Contract,18173,18173,578084,578084,127213,16430,117759,109096,0,0,0,0,0,0,1243879,1243881,1243880,18173,563371,127213,36346,619708,159016,True,True,49920,501949,1,16430,117759,109096,-1,-1,-1,0,1
