,date,supplier_name,account_type,supplier_terminal_name,product_name,base_gallons_Daily,base_gallons_Monthly,base_gallons_Weekly,lifted_gallons_daily_flag,lifted_gallons_daily_modified,Modified_WeeksByLiftedGallons,lifted_gallons_modified_WeeksByLiftedGallons,lifted_gallons_Daily,Lifted_actual_monthly,lifted_gallons_monthly_flag,lifted_gallons_Monthly,Lifted_actual_weekly,lifted_gallons_weekly_flag,WeeksByLiftedGallons,lifted_gallonsWeekly_modified_aposteriori,Modified_LiftedGallonsaposteriori,lifted_gallons_Weekly,beginning_gallons_Daily,beginning_gallons_Monthly,beginning_gallons_Weekly,en_allocation_status_Daily,en_allocation_status_Monthly,en_allocation_status_Weekly,percentage_allocation_Daily,percentage_allocation_Monthly,percentage_allocation_Weekly,alerts_ratability_Daily,alerts_ratability_Monthly,alerts_ratability_Weekly,next_refresh_date_Daily,next_refresh_date_Monthly,Week_switch,Modified_NRD,next_refresh_date_Weekly,en_account_type_Daily,en_account_type_Monthly,en_account_type_Weekly,NRB_Daily,next_refresh_base_gallons_Daily,NRB_Monthly,next_refresh_base_gallons_Monthly,next_refresh_base_gallons_Weekly,remaining_gallons_Daily,remaining_gallons_Monthly,remaining_gallons_Weekly,additional_gallons_allowed_Daily,additional_gallons_allowed_Monthly,additional_gallons_allowed_Weekly,additional_gallons_remaining_Daily,additional_gallons_remaining_Monthly,additional_gallons_remaining_Weekly,staging_id_Daily,staging_id_Monthly,staging_id_Weekly,base_gallons_Daily_Reconciled,base_gallons_Monthly_Reconciled,base_gallons_Weekly_Reconciled,beginning_gallons_Daily_Reconciled,beginning_gallons_Monthly_Reconciled,beginning_gallons_Weekly_Reconciled,sanityWeekly_CumulativeDaily_WeeksByLiftedGallons,sanityWeekly_CumulativeDaily_NextRefreshDate,computedWeekly,computedMonthly,sanityComputedMonthly,remaining_gallons_Daily_Reconciled,remaining_gallons_Monthly_Reconciled,remaining_gallons_Weekly_Reconciled,additional_gallons_remaining_Daily_Reconciled,additional_gallons_remaining_Monthly_Reconciled,additional_gallons_remaining_Weekly_Reconciled,sanityMonthly_CumulativeDaily_WeeksByLiftedGallons,sanityMonthly_CumulativeDaily_WeeksByNextRefreshDate
2015-07-01,2015-07-01 00:00:00,Chevron,PILOT TRAVEL CENTERS LLC : CHV7460761,3351 PHOENIX AZ TRM KINDER MORGAN,DIESEL #2,13871,430000,97097,1,16700,0,16700,16700,16700,0,16700,16700,1,w1,16700,0,16700,27742,473000,121371,Limited,Available,Available,200,110,125,On Target,Above Trend,Above Trend,07/02 00:00:00 MDT,08/01 00:00:00 MDT,w1,0,2015-07-08 00:00:00,Contract,Contract,Contract,13871,13871,430000,430000,97097,11042,456300,104671,0,0,0,0,0,0,508064,508066,508065,13871,430000,97097,27742,473000,121371,True,True,16700,16700,1,11042,456300,104671,-1,-1,-1,1,1
2015-07-02,2015-07-02 00:00:00,Chevron,PILOT TRAVEL CENTERS LLC : CHV7460761,3351 PHOENIX AZ TRM KINDER MORGAN,DIESEL #2,13871,430000,97097,1,23402,0,23402,23402,40102,0,40102,40102,1,w1,23402,0,40102,27742,473000,121371,Low,Available,Available,200,110,125,Above Trend,Above Trend,Above Trend,07/03 00:00:00 MDT,08/01 00:00:00 MDT,w1,0,2015-07-08 00:00:00,Contract,Contract,Contract,13871,13871,430000,430000,97097,4340,432898,81269,0,0,0,0,0,0,527139,527141,527140,13871,430000,97097,27742,473000,121371,True,True,40102,40102,1,4340,432898,81269,-1,-1,-1,1,1
2015-07-03,2015-07-03 00:00:00,Chevron,PILOT TRAVEL CENTERS LLC : CHV7460761,3351 PHOENIX AZ TRM KINDER MORGAN,DIESEL #2,13871,430000,97097,1,15000,0,15000,15000,55102,0,55102,55102,1,w1,15000,0,55102,27742,473000,121371,Limited,Available,Available,200,110,125,Above Trend,Above Trend,Above Trend,07/04 00:00:00 MDT,08/01 00:00:00 MDT,w1,0,2015-07-08 00:00:00,Contract,Contract,Contract,13871,13871,430000,430000,97097,12742,417898,66269,0,0,0,0,0,0,534790,534792,534791,13871,430000,97097,27742,473000,121371,True,True,55102,55102,1,12742,417898,66269,-1,-1,-1,1,1
2015-07-04,2015-07-04 00:00:00,Chevron,PILOT TRAVEL CENTERS LLC : CHV7460761,3351 PHOENIX AZ TRM KINDER MORGAN,DIESEL #2,13871,430000,97097,1,7300,1,7300,0,62402,0,62402,62402,1,w1,0,0,62402,27742,473000,121371,Available,Available,Limited,200,110,125,Below Trend,Above Trend,Above Trend,07/05 00:00:00 MDT,08/01 00:00:00 MDT,w1,0,2015-07-08 00:00:00,Contract,Contract,Contract,13871,13871,430000,430000,97097,27742,410598,58969,0,0,0,0,0,0,541042,541044,541043,13871,430000,97097,27742,473000,121371,True,True,62402,62402,1,20442,410598,58969,-1,-1,-1,1,1
2015-07-05,2015-07-05 00:00:00,Chevron,PILOT TRAVEL CENTERS LLC : CHV7460761,3351 PHOENIX AZ TRM KINDER MORGAN,DIESEL #2,13871,430000,97097,1,0,0,0,0,62402,0,62402,62402,1,w1,0,0,62402,27742,473000,121371,Available,Available,Limited,200,110,125,Below Trend,Above Trend,Above Trend,07/06 00:00:00 MDT,08/01 00:00:00 MDT,w1,0,2015-07-08 00:00:00,Contract,Contract,Contract,13871,13871,430000,430000,97097,27742,410598,58969,0,0,0,0,0,0,547485,547487,547486,13871,430000,97097,27742,473000,121371,True,True,62402,62402,1,27742,410598,58969,-1,-1,-1,1,1
2015-07-06,2015-07-06 00:00:00,Chevron,PILOT TRAVEL CENTERS LLC : CHV7460761,3351 PHOENIX AZ TRM KINDER MORGAN,DIESEL #2,13871,430000,97097,1,7300,0,7300,7300,69702,0,69702,69702,1,w1,7300,0,69702,27742,473000,121371,Available,Available,Limited,200,110,125,Above Trend,Above Trend,On Target,07/07 00:00:00 MDT,08/01 00:00:00 MDT,w1,0,2015-07-08 00:00:00,Contract,Contract,Contract,13871,13871,430000,430000,97097,20442,403298,51669,0,0,0,0,0,0,553801,553803,553802,13871,430000,97097,27742,473000,121371,True,True,69702,69702,1,20442,403298,51669,-1,-1,-1,1,1
2015-07-07,2015-07-07 00:00:00,Chevron,PILOT TRAVEL CENTERS LLC : CHV7460761,3351 PHOENIX AZ TRM KINDER MORGAN,DIESEL #2,13871,430000,97097,1,37050,1,37050,33150,106752,0,106752,106752,1,w1,33150,0,106752,27742,473000,121371,Out,Available,Low,200,110,125,Above Trend,Above Trend,Above Trend,07/08 00:00:00 MDT,08/01 00:00:00 MDT,w1,0,2015-07-08 00:00:00,Contract,Contract,Contract,13871,13871,430000,430000,97097,-5408,366248,14619,0,0,0,0,0,0,566814,566816,566815,13871,430000,97097,27742,473000,121371,True,True,106752,106752,1,-9308,366248,14619,-1,-1,-1,1,1
2015-07-08,2015-07-08 00:00:00,Chevron,PILOT TRAVEL CENTERS LLC : CHV7460761,3351 PHOENIX AZ TRM KINDER MORGAN,DIESEL #2,13871,430000,97097,1,14800,0,14800,14800,121552,0,121552,14800,1,w2,14800,0,14800,27742,473000,121371,Limited,Available,Available,200,110,125,Above Trend,Above Trend,Above Trend,07/09 00:00:00 MDT,08/01 00:00:00 MDT,w2,0,2015-07-15 00:00:00,Contract,Contract,Contract,13871,13871,430000,430000,97097,12942,351448,106571,0,0,0,0,0,0,576415,576417,576416,13871,430000,97097,27742,473000,121371,True,True,14800,121552,1,12942,351448,106571,-1,-1,-1,1,1
2015-07-09,2015-07-09 00:00:00,Chevron,PILOT TRAVEL CENTERS LLC : CHV7460761,3351 PHOENIX AZ TRM KINDER MORGAN,DIESEL #2,13871,430000,97097,2,44773,0,-1,-1,-1,2,166325,-1,2,w3,-1,0,59573,27742,473000,121371,-1,-1,-1,100,100,100,-1,-1,-1,-1,-1,w2,1,2015-07-15 00:00:00,-1,-1,-1,13871,-1,430000,-1,-1,-1,-1,-1,-1,-1,-1,-1,-1,-1,-1,-1,-1,27742,473000,121371,13871,430000,97097,True,True,59573,166325,1,-17031,306675,61798,-1,-1,-1,0,1
2015-07-10,2015-07-10 00:00:00,Chevron,PILOT TRAVEL CENTERS LLC : CHV7460761,3351 PHOENIX AZ TRM KINDER MORGAN,DIESEL #2,13871,430000,97097,1,17180,0,17180,17180,183505,0,183505,76753,1,w3,17180,0,76753,27742,473000,121371,Limited,Available,Limited,200,110,125,On Target,Above Trend,Above Trend,07/11 00:00:00 MDT,08/01 00:00:00 MDT,w2,0,2015-07-15 00:00:00,Contract,Contract,Contract,13871,13871,430000,430000,97097,10562,289495,44618,0,0,0,0,0,0,609232,609234,609233,13871,430000,97097,27742,473000,121371,False,True,76753,183505,1,10562,289495,44618,-1,-1,-1,0,1
2015-07-11,2015-07-11 00:00:00,Chevron,PILOT TRAVEL CENTERS LLC : CHV7460761,3351 PHOENIX AZ TRM KINDER MORGAN,DIESEL #2,13871,430000,97097,1,0,0,0,0,183505,0,183505,76753,1,w3,0,0,76753,27742,473000,121371,Available,Available,Limited,200,110,125,Below Trend,Above Trend,Above Trend,07/12 00:00:00 MDT,08/01 00:00:00 MDT,w2,0,2015-07-15 00:00:00,Contract,Contract,Contract,13871,13871,430000,430000,97097,27742,289495,44618,0,0,0,0,0,0,637719,637721,637720,13871,430000,97097,27742,473000,121371,False,True,76753,183505,1,27742,289495,44618,-1,-1,-1,0,1
2015-07-12,2015-07-12 00:00:00,Chevron,PILOT TRAVEL CENTERS LLC : CHV7460761,3351 PHOENIX AZ TRM KINDER MORGAN,DIESEL #2,13871,430000,97097,1,7500,0,7500,7500,191005,0,191005,84253,1,w3,7500,0,84253,27742,473000,121371,Available,Available,Limited,200,110,125,On Target,Above Trend,Above Trend,07/13 00:00:00 MDT,08/01 00:00:00 MDT,w2,0,2015-07-15 00:00:00,Contract,Contract,Contract,13871,13871,430000,430000,97097,20242,281995,37118,0,0,0,0,0,0,667133,667135,667134,13871,430000,97097,27742,473000,121371,False,True,84253,191005,1,20242,281995,37118,-1,-1,-1,0,1
2015-07-13,2015-07-13 00:00:00,Chevron,PILOT TRAVEL CENTERS LLC : CHV7460761,3351 PHOENIX AZ TRM KINDER MORGAN,DIESEL #2,13871,430000,97097,1,22300,1,22300,14900,213305,0,213305,106553,1,w3,14900,0,106553,27742,473000,121371,Limited,Available,Low,200,110,125,On Target,Above Trend,Above Trend,07/14 00:00:00 MDT,08/01 00:00:00 MDT,w2,0,2015-07-15 00:00:00,Contract,Contract,Contract,13871,13871,430000,430000,97097,12842,259695,14818,0,0,0,0,0,0,697729,697731,697730,13871,430000,97097,27742,473000,121371,False,True,106553,213305,1,5442,259695,14818,-1,-1,-1,0,1
2015-07-14,2015-07-14 00:00:00,Chevron,PILOT TRAVEL CENTERS LLC : CHV7460761,3351 PHOENIX AZ TRM KINDER MORGAN,DIESEL #2,13871,430000,97097,1,14800,0,14800,14800,228105,0,228105,121353,1,w3,14800,0,121353,27742,473000,121371,Limited,Available,Out,200,110,125,On Target,Above Trend,Above Trend,07/15 00:00:00 MDT,08/01 00:00:00 MDT,w2,0,2015-07-15 00:00:00,Contract,Contract,Contract,13871,13871,430000,430000,97097,12942,244895,18,0,0,0,0,0,0,729595,729597,729596,13871,430000,97097,27742,473000,121371,False,True,121353,228105,1,12942,244895,18,-1,-1,-1,0,1
2015-07-15,2015-07-15 00:00:00,Chevron,PILOT TRAVEL CENTERS LLC : CHV7460761,3351 PHOENIX AZ TRM KINDER MORGAN,DIESEL #2,13871,430000,97097,1,7500,0,7500,7500,235605,0,235605,7500,1,w4,7500,0,7500,27742,473000,121371,Available,Available,Available,200,110,125,On Target,Above Trend,On Target,07/16 00:00:00 MDT,08/01 00:00:00 MDT,w3,0,2015-07-22 00:00:00,Contract,Contract,Contract,13871,13871,430000,430000,97097,20242,237395,113871,0,0,0,0,0,0,755069,755071,755070,13871,430000,97097,27742,473000,121371,True,True,7500,235605,1,20242,237395,113871,-1,-1,-1,0,1
2015-07-16,2015-07-16 00:00:00,Chevron,PILOT TRAVEL CENTERS LLC : CHV7460761,3351 PHOENIX AZ TRM KINDER MORGAN,DIESEL #2,13871,430000,97097,1,28950,0,28950,28950,264555,0,264555,36450,1,w4,28950,0,36450,27742,473000,121371,Out,Limited,Available,200,110,125,Above Trend,Above Trend,Above Trend,07/17 00:00:00 MDT,08/01 00:00:00 MDT,w3,0,2015-07-22 00:00:00,Contract,Contract,Contract,13871,13871,430000,430000,97097,-1208,208445,84921,0,0,0,0,0,0,788371,788373,788372,13871,430000,97097,27742,473000,121371,True,True,36450,264555,1,-1208,208445,84921,-1,-1,-1,0,1
2015-07-17,2015-07-17 00:00:00,Chevron,PILOT TRAVEL CENTERS LLC : CHV7460761,3351 PHOENIX AZ TRM KINDER MORGAN,DIESEL #2,13871,430000,97097,1,29926,0,29926,29926,294481,0,294481,66376,1,w4,29926,0,66376,27742,473000,121371,Out,Limited,Limited,200,110,125,Above Trend,Above Trend,Above Trend,07/18 00:00:00 MDT,08/01 00:00:00 MDT,w3,0,2015-07-22 00:00:00,Contract,Contract,Contract,13871,13871,430000,430000,97097,-2184,178519,54995,0,0,0,0,0,0,820395,820397,820396,13871,430000,97097,27742,473000,121371,True,True,66376,294481,1,-2184,178519,54995,-1,-1,-1,0,1
2015-07-18,2015-07-18 00:00:00,Chevron,PILOT TRAVEL CENTERS LLC : CHV7460761,3351 PHOENIX AZ TRM KINDER MORGAN,DIESEL #2,13871,430000,97097,1,14510,0,14510,14510,308991,0,308991,80886,1,w4,14510,0,80886,27742,473000,121371,Limited,Limited,Limited,200,110,125,On Target,Above Trend,Above Trend,07/19 00:00:00 MDT,08/01 00:00:00 MDT,w3,0,2015-07-22 00:00:00,Contract,Contract,Contract,13871,13871,430000,430000,97097,13232,164009,40485,0,0,0,0,0,0,850857,850859,850858,13871,430000,97097,27742,473000,121371,True,True,80886,308991,1,13232,164009,40485,-1,-1,-1,0,1
2015-07-19,2015-07-19 00:00:00,Chevron,PILOT TRAVEL CENTERS LLC : CHV7460761,3351 PHOENIX AZ TRM KINDER MORGAN,DIESEL #2,13871,430000,97097,1,11500,0,11500,11500,320491,0,320491,92386,1,w4,11500,0,92386,27742,473000,121371,Available,Limited,Limited,200,110,125,On Target,Above Trend,Above Trend,07/20 00:00:00 MDT,08/01 00:00:00 MDT,w3,0,2015-07-22 00:00:00,Contract,Contract,Contract,13871,13871,430000,430000,97097,16242,152509,28985,0,0,0,0,0,0,882118,882120,882119,13871,430000,97097,27742,473000,121371,True,True,92386,320491,1,16242,152509,28985,-1,-1,-1,0,1
2015-07-20,2015-07-20 00:00:00,Chevron,PILOT TRAVEL CENTERS LLC : CHV7460761,3351 PHOENIX AZ TRM KINDER MORGAN,DIESEL #2,13871,430000,97097,1,11405,0,11405,11405,331896,0,331896,103791,1,w4,11405,0,103791,27742,473000,121371,Available,Limited,Low,200,110,125,On Target,Above Trend,Above Trend,07/21 00:00:00 MDT,08/01 00:00:00 MDT,w3,0,2015-07-22 00:00:00,Contract,Contract,Contract,13871,13871,430000,430000,97097,16337,141104,17580,0,0,0,0,0,0,912484,912486,912485,13871,430000,97097,27742,473000,121371,True,True,103791,331896,1,16337,141104,17580,-1,-1,-1,0,1
2015-07-21,2015-07-21 00:00:00,Chevron,PILOT TRAVEL CENTERS LLC : CHV7460761,3351 PHOENIX AZ TRM KINDER MORGAN,DIESEL #2,13871,430000,97097,1,14300,0,14300,14300,346196,0,346196,118091,1,w4,14300,0,118091,27742,473000,121371,Limited,Limited,Low,200,110,125,On Target,Above Trend,Above Trend,07/22 00:00:00 MDT,08/01 00:00:00 MDT,w3,0,2015-07-22 00:00:00,Contract,Contract,Contract,13871,13871,430000,430000,97097,13442,126804,3280,0,0,0,0,0,0,941671,941673,941672,13871,430000,97097,27742,473000,121371,True,True,118091,346196,1,13442,126804,3280,-1,-1,-1,0,1
2015-07-22,2015-07-22 00:00:00,Chevron,PILOT TRAVEL CENTERS LLC : CHV7460761,3351 PHOENIX AZ TRM KINDER MORGAN,DIESEL #2,13871,430000,97097,1,18950,0,18950,18950,365146,0,365146,18950,1,w5,18950,0,18950,27742,473000,121371,Available,Limited,Available,200,110,125,On Target,Above Trend,Above Trend,07/23 00:00:00 MDT,08/01 00:00:00 MDT,w4,0,2015-07-29 00:00:00,Contract,Contract,Contract,13871,13871,430000,430000,97097,8792,107854,102421,0,0,0,0,0,0,975100,975102,975101,13871,430000,97097,27742,473000,121371,True,True,18950,365146,1,8792,107854,102421,-1,-1,-1,0,1
2015-07-23,2015-07-23 00:00:00,Chevron,PILOT TRAVEL CENTERS LLC : CHV7460761,3351 PHOENIX AZ TRM KINDER MORGAN,DIESEL #2,13871,430000,97097,1,15020,0,15020,15020,380166,0,380166,33970,1,w5,15020,0,33970,27742,473000,121371,Available,Low,Available,200,110,125,On Target,Above Trend,Above Trend,07/24 00:00:00 MDT,08/01 00:00:00 MDT,w4,0,2015-07-29 00:00:00,Contract,Contract,Contract,13871,13871,430000,430000,97097,12722,92834,87401,0,0,0,0,0,0,1002914,1002916,1002915,13871,430000,97097,27742,473000,121371,True,True,33970,380166,1,12722,92834,87401,-1,-1,-1,0,1
2015-07-24,2015-07-24 00:00:00,Chevron,PILOT TRAVEL CENTERS LLC : CHV7460761,3351 PHOENIX AZ TRM KINDER MORGAN,DIESEL #2,13871,430000,97097,1,14900,0,14900,14900,395066,0,395066,48870,1,w5,14900,0,48870,27742,473000,121371,Available,Low,Available,200,110,125,On Target,Above Trend,Above Trend,07/25 00:00:00 MDT,08/01 00:00:00 MDT,w4,0,2015-07-29 00:00:00,Contract,Contract,Contract,13871,13871,430000,430000,97097,12842,77934,72501,0,0,0,0,0,0,1033128,1033130,1033129,13871,430000,97097,27742,473000,121371,True,True,48870,395066,1,12842,77934,72501,-1,-1,-1,0,1
2015-07-25,2015-07-25 00:00:00,Chevron,PILOT TRAVEL CENTERS LLC : CHV7460761,3351 PHOENIX AZ TRM KINDER MORGAN,DIESEL #2,13871,430000,97097,1,5900,0,5900,5900,400966,0,400966,54770,1,w5,5900,0,54770,27742,473000,121371,Available,Low,Available,200,110,125,On Target,Above Trend,Above Trend,07/26 00:00:00 MDT,08/01 00:00:00 MDT,w4,0,2015-07-29 00:00:00,Contract,Contract,Contract,13871,13871,430000,430000,97097,21842,72034,66601,0,0,0,0,0,0,1062319,1062321,1062320,13871,430000,97097,27742,473000,121371,True,True,54770,400966,1,21842,72034,66601,-1,-1,-1,0,1
2015-07-26,2015-07-26 00:00:00,Chevron,PILOT TRAVEL CENTERS LLC : CHV7460761,3351 PHOENIX AZ TRM KINDER MORGAN,DIESEL #2,13871,430000,97097,1,0,0,0,0,400966,0,400966,54770,1,w5,0,0,54770,27742,473000,121371,Available,Low,Available,200,110,125,Below Trend,Above Trend,On Target,07/27 00:00:00 MDT,08/01 00:00:00 MDT,w4,0,2015-07-29 00:00:00,Contract,Contract,Contract,13871,13871,430000,430000,97097,27742,72034,66601,0,0,0,0,0,0,1092374,1092376,1092375,13871,430000,97097,27742,473000,121371,True,True,54770,400966,1,27742,72034,66601,-1,-1,-1,0,1
2015-07-27,2015-07-27 00:00:00,Chevron,PILOT TRAVEL CENTERS LLC : CHV7460761,3351 PHOENIX AZ TRM KINDER MORGAN,DIESEL #2,13871,430000,97097,1,7500,0,7500,7500,408466,0,408466,62270,1,w5,7500,0,62270,27742,473000,121371,Available,Low,Available,200,110,125,On Target,Above Trend,On Target,07/28 00:00:00 MDT,08/01 00:00:00 MDT,w4,0,2015-07-29 00:00:00,Contract,Contract,Contract,13871,13871,430000,441304,97097,20242,64534,59101,0,0,0,0,0,0,1122684,1122686,1122685,13871,430000,97097,27742,473000,121371,True,True,62270,408466,1,20242,64534,59101,-1,-1,-1,0,1
2015-07-28,2015-07-28 00:00:00,Chevron,PILOT TRAVEL CENTERS LLC : CHV7460761,3351 PHOENIX AZ TRM KINDER MORGAN,DIESEL #2,13871,430000,97097,1,37390,1,37390,29990,445856,0,445856,99660,1,w5,29990,0,99660,27742,473000,121371,Out,Low,Low,200,110,125,Above Trend,Above Trend,Above Trend,07/29 00:00:00 MDT,08/01 00:00:00 MDT,w4,0,2015-07-29 00:00:00,Contract,Contract,Contract,13871,13871,430000,441304,97097,-2248,27144,21711,0,0,0,0,0,0,1152994,1152996,1152995,13871,430000,97097,27742,473000,121371,True,True,99660,445856,1,-9648,27144,21711,-1,-1,-1,0,1
2015-07-29,2015-07-29 00:00:00,Chevron,PILOT TRAVEL CENTERS LLC : CHV7460761,3351 PHOENIX AZ TRM KINDER MORGAN,DIESEL #2,13871,430000,97097,1,7601,0,7601,7601,453457,0,453457,7601,1,w6,7601,0,7601,27742,473000,121371,Available,Low,Available,200,110,125,On Target,Above Trend,On Target,07/30 00:00:00 MDT,08/01 00:00:00 MDT,w5,0,2015-08-05 00:00:00,Contract,Contract,Contract,13871,13871,430000,441304,97097,20141,19543,113770,0,0,0,0,0,0,1183304,1183306,1183305,13871,430000,97097,27742,473000,121371,True,True,7601,453457,1,20141,19543,113770,-1,-1,-1,0,1
2015-07-30,2015-07-30 00:00:00,Chevron,PILOT TRAVEL CENTERS LLC : CHV7460761,3351 PHOENIX AZ TRM KINDER MORGAN,DIESEL #2,13871,430000,97097,1,15000,1,15000,7600,468457,0,468457,22601,1,w6,7600,0,22601,27742,473000,121371,Available,Low,Available,200,110,125,On Target,Above Trend,On Target,07/31 00:00:00 MDT,08/01 00:00:00 MDT,w5,0,2015-08-05 00:00:00,Contract,Contract,Contract,13871,13871,430000,441304,97097,20142,4543,98770,42000,42000,42000,42000,42000,42000,1213614,1213616,1213615,13871,430000,97097,27742,473000,121371,True,True,22601,468457,1,12742,4543,98770,-1,-1,-1,0,1
2015-07-31,2015-07-31 00:00:00,Chevron,PILOT TRAVEL CENTERS LLC : CHV7460761,3351 PHOENIX AZ TRM KINDER MORGAN,DIESEL #2,13871,430000,97097,1,14850,0,14850,14850,483307,0,483307,37451,1,w6,14850,0,37451,27742,473000,121371,Available,Low,Available,200,110,125,On Target,Above Trend,On Target,08/01 00:00:00 MDT,08/01 00:00:00 MDT,w5,0,2015-08-05 00:00:00,Contract,Contract,Contract,13871,13871,441304,441304,97097,12892,-10307,83920,42000,42000,42000,31693,31693,31693,1243924,1243926,1243925,13871,430000,97097,27742,473000,121371,True,True,37451,483307,1,12892,-10307,83920,-1,42000,-1,0,1
