,date,supplier_name,account_type,supplier_terminal_name,product_name,base_gallons_Daily,base_gallons_Weekly,lifted_gallons_daily_flag,lifted_gallons_daily_modified,Modified_WeeksByLiftedGallons,lifted_gallons_modified_WeeksByLiftedGallons,lifted_gallons_Daily,Lifted_actual_weekly,lifted_gallons_weekly_flag,WeeksByLiftedGallons,lifted_gallonsWeekly_modified_aposteriori,Modified_LiftedGallonsaposteriori,lifted_gallons_Weekly,beginning_gallons_Daily,beginning_gallons_Weekly,en_allocation_status_Daily,en_allocation_status_Weekly,percentage_allocation_Daily,percentage_allocation_Weekly,alerts_ratability_Daily,alerts_ratability_Weekly,next_refresh_date_Daily,Week_switch,Modified_NRD,next_refresh_date_Weekly,en_account_type_Daily,en_account_type_Weekly,staging_id_Daily,staging_id_Weekly,base_gallons_Monthly,Lifted_actual_monthly,lifted_gallons_monthly_flag,lifted_gallons_Monthly,beginning_gallons_Monthly,en_allocation_status_Monthly,percentage_allocation_Monthly,alerts_ratability_Monthly,next_refresh_date_Monthly,base_gallons_Daily_Reconciled,base_gallons_Monthly_Reconciled,beginning_gallons_Daily_Reconciled,beginning_gallons_Monthly_Reconciled,beginning_gallons_Weekly_Reconciled,sanityWeekly_CumulativeDaily_WeeksByLiftedGallons,sanityWeekly_CumulativeDaily_NextRefreshDate,computedWeekly,sanityComputedWeekly,computedMonthly,sanityComputedMonthly,sanityMonthly_CumulativeDaily_WeeksByLiftedGallons,sanityMonthly_CumulativeDaily_WeeksByNextRefreshDate
2015-08-01,2015-08-01 00:00:00,BP,Channel: 50 - Commercial,RIVER ROUGE MI - BUCKEYE (PLANT 9123),REGULAR,33442,234094,0,-1,0,-1,-1,-1,0,w1,-1,0,-1,50163,234094,-1,-1,100,100,-1,-1,-1,w1,1,2015-08-05 00:00:00,-1,-1,-1,-1,0,-1,0,-1,0,-1,100,-1,-1,50163,-1,33442,0,234094,False,False,0,0,0,0,1,1
2015-08-02,2015-08-02 00:00:00,BP,Channel: 50 - Commercial,RIVER ROUGE MI - BUCKEYE (PLANT 9123),REGULAR,33442,234094,0,-1,0,-1,-1,-1,0,w1,-1,0,-1,50163,234094,-1,-1,100,100,-1,-1,-1,w1,1,2015-08-05 00:00:00,-1,-1,-1,-1,0,-1,0,-1,0,-1,100,-1,-1,50163,-1,33442,0,234094,False,False,0,0,0,0,0,0
2015-08-03,2015-08-03 00:00:00,BP,Channel: 50 - Commercial,RIVER ROUGE MI - BUCKEYE (PLANT 9123),REGULAR,33442,234094,0,-1,0,-1,-1,-1,0,w1,-1,0,-1,50163,234094,-1,-1,100,100,-1,-1,-1,w1,1,2015-08-05 00:00:00,-1,-1,-1,-1,0,-1,0,-1,0,-1,100,-1,-1,50163,-1,33442,0,234094,False,False,0,0,0,0,0,0
2015-08-04,2015-08-04 00:00:00,BP,Channel: 50 - Commercial,RIVER ROUGE MI - BUCKEYE (PLANT 9123),REGULAR,33442,234094,0,-1,0,-1,-1,-1,0,w1,-1,0,-1,50163,234094,-1,-1,100,100,-1,-1,-1,w1,1,2015-08-05 00:00:00,-1,-1,-1,-1,0,-1,0,-1,0,-1,100,-1,-1,50163,-1,33442,0,234094,False,False,0,0,0,0,0,0
2015-08-05,2015-08-05 00:00:00,BP,Channel: 50 - Commercial,RIVER ROUGE MI - BUCKEYE (PLANT 9123),REGULAR,33442,234094,6,32798,0,-1,-1,-1,6,w1,-1,0,32798,50163,234094,-1,-1,100,100,-1,-1,-1,w2,1,2015-08-12 00:00:00,-1,-1,-1,-1,0,-1,0,-1,0,-1,100,-1,-1,50163,-1,33442,0,234094,False,True,32798,True,0,0,0,0
2015-08-06,2015-08-06 00:00:00,BP,Channel: 50 - Commercial,RIVER ROUGE MI - BUCKEYE (PLANT 9123),REGULAR,33442,234094,3,48197,0,48197,48197,80995,0,w1,48197,0,80995,66884,257503,Available,Available,200,110,,,08/07 00:00:00 EDT,w2,0,2015-08-12 00:00:00,Contract,Contract,1427189,1427190,0,0,0,0,0,0,0,0,0,33442,-1,66884,0,257503,False,True,80995,True,0,0,0,0
2015-08-07,2015-08-07 00:00:00,BP,Channel: 50 - Commercial,RIVER ROUGE MI - BUCKEYE (PLANT 9123),REGULAR,33442,234094,3,33012,0,33012,33012,114007,0,w1,33012,0,114007,66884,257503,Available,Available,200,110,,,08/08 00:00:00 EDT,w2,0,2015-08-12 00:00:00,Contract,Contract,1462914,1462915,0,0,0,0,0,0,0,0,0,33442,-1,66884,0,257503,False,True,114007,True,0,0,0,0
2015-08-08,2015-08-08 00:00:00,BP,Channel: 50 - Commercial,RIVER ROUGE MI - BUCKEYE (PLANT 9123),REGULAR,33442,234094,3,35309,0,35309,35309,149316,0,w1,35309,0,149316,66884,257503,Available,Available,200,110,,,08/09 00:00:00 EDT,w2,0,2015-08-12 00:00:00,Contract,Contract,1497201,1497202,0,0,0,0,0,0,0,0,0,33442,-1,66884,0,257503,False,True,149316,True,0,0,0,0
2015-08-09,2015-08-09 00:00:00,BP,Channel: 50 - Commercial,RIVER ROUGE MI - BUCKEYE (PLANT 9123),REGULAR,33442,234094,3,20348,0,20348,20348,169664,0,w1,20348,0,169664,66884,257503,Available,Available,200,110,,,08/10 00:00:00 EDT,w2,0,2015-08-12 00:00:00,Contract,Contract,1531142,1531143,0,0,0,0,0,0,0,0,0,33442,-1,66884,0,257503,False,True,169664,True,0,0,0,0
2015-08-10,2015-08-10 00:00:00,BP,Channel: 50 - Commercial,RIVER ROUGE MI - BUCKEYE (PLANT 9123),REGULAR,33442,234094,3,26411,0,26411,26411,196075,0,w1,26411,0,196075,66884,257503,Available,Available,200,110,,,08/11 00:00:00 EDT,w2,0,2015-08-12 00:00:00,Contract,Contract,1564250,1564251,0,0,0,0,0,0,0,0,0,33442,-1,66884,0,257503,False,True,196075,True,0,0,0,0
2015-08-11,2015-08-11 00:00:00,BP,Channel: 50 - Commercial,RIVER ROUGE MI - BUCKEYE (PLANT 9123),REGULAR,33442,234094,0,41002,0,41002,41002,237077,0,w1,41002,0,237077,66884,257503,Available,Available,200,110,,,08/12 00:00:00 EDT,w2,0,2015-08-12 00:00:00,Contract,Contract,1586383,1586384,0,0,0,0,0,0,0,0,0,33442,-1,66884,0,257503,False,True,237077,True,0,0,0,0
2015-08-12,2015-08-12 00:00:00,BP,Channel: 50 - Commercial,RIVER ROUGE MI - BUCKEYE (PLANT 9123),REGULAR,33442,234094,3,59902,0,59902,59902,59902,0,w2,59902,0,59902,50163,234094,Out,Out,150,100,,,08/13 00:00:00 EDT,w3,0,2015-08-19 00:00:00,Contract,Contract,1636490,1636491,0,0,0,0,0,0,0,0,0,33442,-1,50163,0,234094,True,True,0,0,0,0,0,0
2015-08-13,2015-08-13 00:00:00,BP,Channel: 50 - Commercial,RIVER ROUGE MI - BUCKEYE (PLANT 9123),REGULAR,33442,234094,0,8602,0,8602,8602,68504,0,w2,8602,0,68504,50163,234094,Available,Available,150,100,,,08/14 00:00:00 EDT,w3,0,2015-08-19 00:00:00,Contract,Contract,1676423,1676424,0,0,0,0,0,0,0,0,0,33442,-1,50163,0,234094,True,True,0,0,0,0,0,0
2015-08-14,2015-08-14 00:00:00,BP,Channel: 50 - Commercial,RIVER ROUGE MI - BUCKEYE (PLANT 9123),REGULAR,-1,234094,0,-1,1,0,-1,68504,0,w2,-1,0,68504,-1,234094,-1,Available,100,100,-1,,-1,w3,0,2015-08-19 00:00:00,-1,Contract,-1,1716033,0,0,0,0,0,0,0,0,0,-1,-1,-1,0,234094,True,False,0,0,0,0,0,0
2015-08-15,2015-08-15 00:00:00,BP,Channel: 50 - Commercial,RIVER ROUGE MI - BUCKEYE (PLANT 9123),REGULAR,-1,234094,0,-1,1,9598,-1,78102,0,w2,-1,0,78102,-1,234094,-1,Available,100,100,-1,,-1,w3,0,2015-08-19 00:00:00,-1,Contract,-1,1752197,0,0,0,0,0,0,0,0,0,-1,-1,-1,0,234094,True,False,0,0,0,0,0,0
2015-08-16,2015-08-16 00:00:00,BP,Channel: 50 - Commercial,RIVER ROUGE MI - BUCKEYE (PLANT 9123),REGULAR,-1,234094,0,-1,1,37893,-1,115995,0,w2,-1,0,115995,-1,234094,-1,Available,100,100,-1,,-1,w3,0,2015-08-19 00:00:00,-1,Contract,-1,1790150,0,0,0,0,0,0,0,0,0,-1,-1,-1,0,234094,True,False,0,0,0,0,0,0
2015-08-17,2015-08-17 00:00:00,BP,Channel: 50 - Commercial,RIVER ROUGE MI - BUCKEYE (PLANT 9123),REGULAR,33442,234094,3,51016,0,51016,51016,167011,0,w2,51016,0,167011,50163,234094,Out,Out,150,100,,,08/18 00:00:00 EDT,w3,0,2015-08-19 00:00:00,Contract,Contract,1831162,1831163,0,0,0,0,0,0,0,0,0,33442,-1,50163,0,234094,True,False,0,0,0,0,0,0
2015-08-18,2015-08-18 00:00:00,BP,Channel: 50 - Commercial,RIVER ROUGE MI - BUCKEYE (PLANT 9123),REGULAR,33442,234094,0,35114,0,35114,35114,202125,0,w2,35114,0,202125,50163,234094,Available,Available,150,100,,,08/19 00:00:00 EDT,w3,0,2015-08-19 00:00:00,Contract,Contract,1869560,1869561,0,0,0,0,0,0,0,0,0,33442,-1,50163,0,234094,True,False,0,0,0,0,0,0
2015-08-19,2015-08-19 00:00:00,BP,Channel: 50 - Commercial,RIVER ROUGE MI - BUCKEYE (PLANT 9123),REGULAR,33442,234094,3,55212,0,43811,43811,43811,0,w3,43811,0,43811,50163,234094,Available,Available,150,100,,,08/20 00:00:00 EDT,w4,0,2015-08-26 00:00:00,Contract,Contract,1902059,1902060,0,0,0,0,0,0,0,0,0,33442,-1,50163,0,234094,True,False,55212,True,0,0,0,0
2015-08-20,2015-08-20 00:00:00,BP,Channel: 50 - Commercial,RIVER ROUGE MI - BUCKEYE (PLANT 9123),REGULAR,33442,234094,3,44493,1,55894,44493,99705,0,w3,44493,0,99705,50163,234094,Available,Available,150,100,,,08/21 00:00:00 EDT,w4,0,2015-08-26 00:00:00,Contract,Contract,1944664,1944665,0,0,0,0,0,0,0,0,0,33442,-1,50163,0,234094,True,True,99705,True,0,0,0,0
2015-08-21,2015-08-21 00:00:00,BP,Channel: 50 - Commercial,RIVER ROUGE MI - BUCKEYE (PLANT 9123),REGULAR,33442,234094,3,13399,0,13399,13399,113104,0,w3,13399,0,113104,50163,234094,Available,Available,150,100,,,08/22 00:00:00 EDT,w4,0,2015-08-26 00:00:00,Contract,Contract,1983507,1983508,0,0,0,0,0,0,0,0,0,33442,-1,50163,0,234094,True,True,113104,True,0,0,0,0
2015-08-22,2015-08-22 00:00:00,BP,Channel: 50 - Commercial,RIVER ROUGE MI - BUCKEYE (PLANT 9123),REGULAR,33442,234094,3,13399,0,13399,13399,126503,0,w3,13399,0,126503,50163,234094,Available,Available,150,100,,,08/23 00:00:00 EDT,w4,0,2015-08-26 00:00:00,Contract,Contract,2021394,2021395,0,0,0,0,0,0,0,0,0,33442,-1,50163,0,234094,True,True,126503,True,0,0,0,0
2015-08-23,2015-08-23 00:00:00,BP,Channel: 50 - Commercial,RIVER ROUGE MI - BUCKEYE (PLANT 9123),REGULAR,33442,234094,3,13397,0,13397,13397,139900,0,w3,13397,0,139900,50163,234094,Available,Available,150,100,,,08/24 00:00:00 EDT,w4,0,2015-08-26 00:00:00,Contract,Contract,2057429,2057430,0,0,0,0,0,0,0,0,0,33442,-1,50163,0,234094,True,True,139900,True,0,0,0,0
2015-08-24,2015-08-24 00:00:00,BP,Channel: 50 - Commercial,RIVER ROUGE MI - BUCKEYE (PLANT 9123),REGULAR,33442,234094,3,25408,0,25408,25408,165308,0,w3,25408,0,165308,50163,234094,Available,Available,150,100,,,08/25 00:00:00 EDT,w4,0,2015-08-26 00:00:00,Contract,Contract,2095062,2095063,0,0,0,0,0,0,0,0,0,33442,-1,50163,0,234094,True,True,165308,True,0,0,0,0
2015-08-25,2015-08-25 00:00:00,BP,Channel: 50 - Commercial,RIVER ROUGE MI - BUCKEYE (PLANT 9123),REGULAR,33442,234094,0,53103,0,53103,53103,218411,0,w3,53103,0,218411,50163,257503,Out,Out,150,110,,,08/26 00:00:00 EDT,w4,0,2015-08-26 00:00:00,Contract,Contract,2126186,2126187,0,0,0,0,0,0,0,0,0,33442,-1,50163,0,257503,True,True,218411,True,0,0,0,0
2015-08-26,2015-08-26 00:00:00,BP,Channel: 50 - Commercial,RIVER ROUGE MI - BUCKEYE (PLANT 9123),REGULAR,33442,234094,3,34011,0,34011,34011,34011,0,w4,34011,0,34011,50163,257503,Available,Available,150,110,,,08/27 00:00:00 EDT,w5,0,2015-09-02 00:00:00,Contract,Contract,2153773,2153774,0,0,0,0,0,0,0,0,0,33442,-1,50163,0,257503,True,True,34011,True,0,0,0,0
2015-08-27,2015-08-27 00:00:00,BP,Channel: 50 - Commercial,RIVER ROUGE MI - BUCKEYE (PLANT 9123),REGULAR,33442,234094,3,27007,0,27007,27007,61018,0,w4,27007,0,61018,66884,257503,Available,Available,200,110,,,08/28 00:00:00 EDT,w5,0,2015-09-02 00:00:00,Contract,Contract,2180978,2180979,0,0,0,0,0,0,0,0,0,33442,-1,66884,0,257503,True,True,61018,True,0,0,0,0
2015-08-28,2015-08-28 00:00:00,BP,Channel: 50 - Commercial,RIVER ROUGE MI - BUCKEYE (PLANT 9123),REGULAR,33442,234094,3,57310,0,57310,57310,118328,0,w4,57310,0,118328,66884,257503,Available,Available,200,110,,,08/29 00:00:00 EDT,w5,0,2015-09-02 00:00:00,Contract,Contract,2211916,2211917,0,0,0,0,0,0,0,0,0,33442,-1,66884,0,257503,True,True,118328,True,0,0,0,0
2015-08-29,2015-08-29 00:00:00,BP,Channel: 50 - Commercial,RIVER ROUGE MI - BUCKEYE (PLANT 9123),REGULAR,33442,234094,3,37416,0,37416,37416,155744,0,w4,37416,0,155744,66884,257503,Available,Available,200,110,,,08/30 00:00:00 EDT,w5,0,2015-09-02 00:00:00,Contract,Contract,2239065,2239066,0,0,0,0,0,0,0,0,0,33442,-1,66884,0,257503,True,True,155744,True,0,0,0,0
2015-08-30,2015-08-30 00:00:00,BP,Channel: 50 - Commercial,RIVER ROUGE MI - BUCKEYE (PLANT 9123),REGULAR,33442,234094,3,62698,0,62698,62698,218442,0,w4,62698,0,218442,66884,257503,Available,Available,200,110,,,08/31 00:00:00 EDT,w5,0,2015-09-02 00:00:00,Contract,Contract,2265462,2265463,0,0,0,0,0,0,0,0,0,33442,-1,66884,0,257503,True,True,218442,True,0,0,0,0
2015-08-31,2015-08-31 00:00:00,BP,Channel: 50 - Commercial,RIVER ROUGE MI - BUCKEYE (PLANT 9123),REGULAR,33442,234094,0,28206,0,28206,28206,246648,0,w4,28206,0,246648,66884,257503,Available,Available,200,110,,,09/01 00:00:00 EDT,w5,0,2015-09-02 00:00:00,Contract,Contract,2291625,2291626,0,0,0,0,0,0,0,0,0,33442,-1,66884,0,257503,True,True,246648,True,0,0,0,0
