,date,supplier_name,account_type,supplier_terminal_name,product_name,base_gallons_Daily,base_gallons_Weekly,lifted_gallons_daily_flag,lifted_gallons_daily_modified,Modified_WeeksByLiftedGallons,lifted_gallons_modified_WeeksByLiftedGallons,lifted_gallons_Daily,Lifted_actual_weekly,lifted_gallons_weekly_flag,WeeksByLiftedGallons,lifted_gallonsWeekly_modified_aposteriori,Modified_LiftedGallonsaposteriori,lifted_gallons_Weekly,beginning_gallons_Daily,beginning_gallons_Weekly,en_allocation_status_Daily,en_allocation_status_Weekly,percentage_allocation_Daily,percentage_allocation_Weekly,alerts_ratability_Daily,alerts_ratability_Weekly,next_refresh_date_Daily,Week_switch,Modified_NRD,next_refresh_date_Weekly,en_account_type_Daily,en_account_type_Weekly,staging_id_Daily,staging_id_Weekly,base_gallons_Monthly,Lifted_actual_monthly,lifted_gallons_monthly_flag,lifted_gallons_Monthly,beginning_gallons_Monthly,en_allocation_status_Monthly,percentage_allocation_Monthly,alerts_ratability_Monthly,next_refresh_date_Monthly,base_gallons_Daily_Reconciled,base_gallons_Monthly_Reconciled,beginning_gallons_Daily_Reconciled,beginning_gallons_Monthly_Reconciled,beginning_gallons_Weekly_Reconciled,sanityWeekly_CumulativeDaily_WeeksByLiftedGallons,sanityWeekly_CumulativeDaily_NextRefreshDate,computedWeekly,sanityComputedWeekly,computedMonthly,sanityComputedMonthly,sanityMonthly_CumulativeDaily_WeeksByLiftedGallons,sanityMonthly_CumulativeDaily_WeeksByNextRefreshDate
2015-08-01,2015-08-01 00:00:00,BP,Channel: 50 - Commercial,CUYAHOGA OH - BUCKEYE (PLANT 9178),REGULAR,8926,62479,0,-1,0,-1,-1,-1,0,w1,-1,0,-1,17852,68727,-1,-1,100,100,-1,-1,-1,w1,1,2015-08-05 00:00:00,-1,-1,-1,-1,0,-1,0,-1,0,-1,100,-1,-1,17852,-1,8926,0,62479,False,False,0,0,0,0,1,1
2015-08-02,2015-08-02 00:00:00,BP,Channel: 50 - Commercial,CUYAHOGA OH - BUCKEYE (PLANT 9178),REGULAR,8926,62479,0,-1,0,-1,-1,-1,0,w1,-1,0,-1,17852,68727,-1,-1,100,100,-1,-1,-1,w1,1,2015-08-05 00:00:00,-1,-1,-1,-1,0,-1,0,-1,0,-1,100,-1,-1,17852,-1,8926,0,62479,False,False,0,0,0,0,0,0
2015-08-03,2015-08-03 00:00:00,BP,Channel: 50 - Commercial,CUYAHOGA OH - BUCKEYE (PLANT 9178),REGULAR,8926,62479,0,-1,0,-1,-1,-1,0,w1,-1,0,-1,17852,68727,-1,-1,100,100,-1,-1,-1,w1,1,2015-08-05 00:00:00,-1,-1,-1,-1,0,-1,0,-1,0,-1,100,-1,-1,17852,-1,8926,0,62479,False,False,0,0,0,0,0,0
2015-08-04,2015-08-04 00:00:00,BP,Channel: 50 - Commercial,CUYAHOGA OH - BUCKEYE (PLANT 9178),REGULAR,8926,62479,0,-1,0,-1,-1,-1,0,w1,-1,0,-1,17852,68727,-1,-1,100,100,-1,-1,-1,w1,1,2015-08-05 00:00:00,-1,-1,-1,-1,0,-1,0,-1,0,-1,100,-1,-1,17852,-1,8926,0,62479,False,False,0,0,0,0,0,0
2015-08-05,2015-08-05 00:00:00,BP,Channel: 50 - Commercial,CUYAHOGA OH - BUCKEYE (PLANT 9178),REGULAR,8926,62479,6,9002,0,-1,-1,-1,6,w1,-1,0,9002,17852,68727,-1,-1,100,100,-1,-1,-1,w2,1,2015-08-12 00:00:00,-1,-1,-1,-1,0,-1,0,-1,0,-1,100,-1,-1,17852,-1,8926,0,62479,False,True,9002,True,0,0,0,0
2015-08-06,2015-08-06 00:00:00,BP,Channel: 50 - Commercial,CUYAHOGA OH - BUCKEYE (PLANT 9178),REGULAR,8926,62479,3,32809,0,32809,32809,41811,0,w1,32809,0,41811,17852,68727,Out,Out,200,110,,,08/07 00:00:00 EDT,w2,0,2015-08-12 00:00:00,Contract,Contract,1427177,1427178,0,0,0,0,0,0,0,0,0,8926,-1,17852,0,68727,False,True,41811,True,0,0,0,0
2015-08-07,2015-08-07 00:00:00,BP,Channel: 50 - Commercial,CUYAHOGA OH - BUCKEYE (PLANT 9178),REGULAR,8926,62479,3,8999,0,8999,8999,50810,0,w1,8999,0,50810,17852,68727,Available,Available,200,110,,,08/08 00:00:00 EDT,w2,0,2015-08-12 00:00:00,Contract,Contract,1462902,1462903,0,0,0,0,0,0,0,0,0,8926,-1,17852,0,68727,False,True,50810,True,0,0,0,0
2015-08-08,2015-08-08 00:00:00,BP,Channel: 50 - Commercial,CUYAHOGA OH - BUCKEYE (PLANT 9178),REGULAR,8926,62479,3,24706,0,24706,24706,75516,0,w1,24706,0,75516,17852,68727,Out,Out,200,110,,,08/09 00:00:00 EDT,w2,0,2015-08-12 00:00:00,Contract,Contract,1497189,1497190,0,0,0,0,0,0,0,0,0,8926,-1,17852,0,68727,False,True,75516,True,0,0,0,0
2015-08-09,2015-08-09 00:00:00,BP,Channel: 50 - Commercial,CUYAHOGA OH - BUCKEYE (PLANT 9178),REGULAR,8926,62479,3,8655,0,8655,8655,84171,0,w1,8655,0,84171,17852,68727,Out,Out,200,110,,,08/10 00:00:00 EDT,w2,0,2015-08-12 00:00:00,Contract,Contract,1531129,1531130,0,0,0,0,0,0,0,0,0,8926,-1,17852,0,68727,False,True,84171,True,0,0,0,0
2015-08-10,2015-08-10 00:00:00,BP,Channel: 50 - Commercial,CUYAHOGA OH - BUCKEYE (PLANT 9178),REGULAR,8926,62479,3,0,0,0,0,84171,0,w1,0,0,84171,17852,68727,Out,Out,200,110,,,08/11 00:00:00 EDT,w2,0,2015-08-12 00:00:00,Contract,Contract,1564236,1564237,0,0,0,0,0,0,0,0,0,8926,-1,17852,0,68727,False,True,84171,True,0,0,0,0
2015-08-11,2015-08-11 00:00:00,BP,Channel: 50 - Commercial,CUYAHOGA OH - BUCKEYE (PLANT 9178),REGULAR,8926,62479,0,0,0,0,0,84171,0,w1,0,0,84171,17852,68727,Out,Out,200,110,,,08/12 00:00:00 EDT,w2,0,2015-08-12 00:00:00,Contract,Contract,1586369,1586370,0,0,0,0,0,0,0,0,0,8926,-1,17852,0,68727,False,True,84171,True,0,0,0,0
2015-08-12,2015-08-12 00:00:00,BP,Channel: 50 - Commercial,CUYAHOGA OH - BUCKEYE (PLANT 9178),REGULAR,8926,62479,3,0,0,0,0,0,0,w2,0,0,0,17852,68727,Available,Available,200,110,,,08/13 00:00:00 EDT,w3,0,2015-08-19 00:00:00,Contract,Contract,1636476,1636477,0,0,0,0,0,0,0,0,0,8926,-1,17852,0,68727,True,True,0,True,0,0,0,0
2015-08-13,2015-08-13 00:00:00,BP,Channel: 50 - Commercial,CUYAHOGA OH - BUCKEYE (PLANT 9178),REGULAR,8926,62479,3,0,0,0,0,0,0,w2,0,0,0,17852,68727,Available,Available,200,110,,,08/14 00:00:00 EDT,w3,0,2015-08-19 00:00:00,Contract,Contract,1676406,1676407,0,0,0,0,0,0,0,0,0,8926,-1,17852,0,68727,True,True,0,True,0,0,0,0
2015-08-14,2015-08-14 00:00:00,BP,Channel: 50 - Commercial,CUYAHOGA OH - BUCKEYE (PLANT 9178),REGULAR,8926,62479,3,16207,0,16207,16207,16207,0,w2,16207,0,16207,17852,68727,Available,Available,200,110,,,08/15 00:00:00 EDT,w3,0,2015-08-19 00:00:00,Contract,Contract,1716019,1716020,0,0,0,0,0,0,0,0,0,8926,-1,17852,0,68727,True,True,16207,True,0,0,0,0
2015-08-15,2015-08-15 00:00:00,BP,Channel: 50 - Commercial,CUYAHOGA OH - BUCKEYE (PLANT 9178),REGULAR,8926,62479,3,16409,0,16409,16409,32616,0,w2,16409,0,32616,17852,68727,Available,Available,200,110,,,08/16 00:00:00 EDT,w3,0,2015-08-19 00:00:00,Contract,Contract,1752183,1752184,0,0,0,0,0,0,0,0,0,8926,-1,17852,0,68727,True,True,32616,True,0,0,0,0
2015-08-16,2015-08-16 00:00:00,BP,Channel: 50 - Commercial,CUYAHOGA OH - BUCKEYE (PLANT 9178),REGULAR,8926,62479,3,6805,0,6805,6805,39421,0,w2,6805,0,39421,17852,68727,Available,Available,200,110,,,08/17 00:00:00 EDT,w3,0,2015-08-19 00:00:00,Contract,Contract,1790135,1790136,0,0,0,0,0,0,0,0,0,8926,-1,17852,0,68727,True,True,39421,True,0,0,0,0
2015-08-17,2015-08-17 00:00:00,BP,Channel: 50 - Commercial,CUYAHOGA OH - BUCKEYE (PLANT 9178),REGULAR,8926,62479,3,25906,0,25906,25906,65327,0,w2,25906,0,65327,17852,68727,Out,Out,200,110,,,08/18 00:00:00 EDT,w3,0,2015-08-19 00:00:00,Contract,Contract,1831142,1831143,0,0,0,0,0,0,0,0,0,8926,-1,17852,0,68727,True,True,65327,True,0,0,0,0
2015-08-18,2015-08-18 00:00:00,BP,Channel: 50 - Commercial,CUYAHOGA OH - BUCKEYE (PLANT 9178),REGULAR,8926,62479,0,8704,0,8704,8704,74031,0,w2,8704,0,74031,17852,68727,Available,Available,200,110,,,08/19 00:00:00 EDT,w3,0,2015-08-19 00:00:00,Contract,Contract,1869536,1869537,0,0,0,0,0,0,0,0,0,8926,-1,17852,0,68727,True,True,74031,True,0,0,0,0
2015-08-19,2015-08-19 00:00:00,BP,Channel: 50 - Commercial,CUYAHOGA OH - BUCKEYE (PLANT 9178),REGULAR,8926,62479,3,0,0,0,0,0,0,w3,0,0,0,17852,68727,Available,Available,200,110,,,08/20 00:00:00 EDT,w4,0,2015-08-26 00:00:00,Contract,Contract,1902039,1902040,0,0,0,0,0,0,0,0,0,8926,-1,17852,0,68727,True,True,0,True,0,0,0,0
2015-08-20,2015-08-20 00:00:00,BP,Channel: 50 - Commercial,CUYAHOGA OH - BUCKEYE (PLANT 9178),REGULAR,8926,62479,3,7705,0,7705,7705,7705,0,w3,7705,0,7705,17852,68727,Available,Available,200,110,,,08/21 00:00:00 EDT,w4,0,2015-08-26 00:00:00,Contract,Contract,1944642,1944643,0,0,0,0,0,0,0,0,0,8926,-1,17852,0,68727,True,True,7705,True,0,0,0,0
2015-08-21,2015-08-21 00:00:00,BP,Channel: 50 - Commercial,CUYAHOGA OH - BUCKEYE (PLANT 9178),REGULAR,8926,62479,3,9002,0,9002,9002,16707,0,w3,9002,0,16707,17852,68727,Available,Available,200,110,,,08/22 00:00:00 EDT,w4,0,2015-08-26 00:00:00,Contract,Contract,1983485,1983486,0,0,0,0,0,0,0,0,0,8926,-1,17852,0,68727,True,True,16707,True,0,0,0,0
2015-08-22,2015-08-22 00:00:00,BP,Channel: 50 - Commercial,CUYAHOGA OH - BUCKEYE (PLANT 9178),REGULAR,8926,62479,3,8705,0,8705,8705,25412,0,w3,8705,0,25412,17852,68727,Available,Available,200,110,,,08/23 00:00:00 EDT,w4,0,2015-08-26 00:00:00,Contract,Contract,2021372,2021373,0,0,0,0,0,0,0,0,0,8926,-1,17852,0,68727,True,True,25412,True,0,0,0,0
2015-08-23,2015-08-23 00:00:00,BP,Channel: 50 - Commercial,CUYAHOGA OH - BUCKEYE (PLANT 9178),REGULAR,8926,62479,3,17656,0,17656,17656,43068,0,w3,17656,0,43068,17852,68727,Available,Available,200,110,,,08/24 00:00:00 EDT,w4,0,2015-08-26 00:00:00,Contract,Contract,2057407,2057408,0,0,0,0,0,0,0,0,0,8926,-1,17852,0,68727,True,True,43068,True,0,0,0,0
2015-08-24,2015-08-24 00:00:00,BP,Channel: 50 - Commercial,CUYAHOGA OH - BUCKEYE (PLANT 9178),REGULAR,8926,62479,3,8652,0,8652,8652,51720,0,w3,8652,0,51720,17852,68727,Available,Available,200,110,,,08/25 00:00:00 EDT,w4,0,2015-08-26 00:00:00,Contract,Contract,2095040,2095041,0,0,0,0,0,0,0,0,0,8926,-1,17852,0,68727,True,True,51720,True,0,0,0,0
2015-08-25,2015-08-25 00:00:00,BP,Channel: 50 - Commercial,CUYAHOGA OH - BUCKEYE (PLANT 9178),REGULAR,8926,62479,0,8655,0,8655,8655,60375,0,w3,8655,0,60375,17852,68727,Available,Available,200,110,,,08/26 00:00:00 EDT,w4,0,2015-08-26 00:00:00,Contract,Contract,2126166,2126167,0,0,0,0,0,0,0,0,0,8926,-1,17852,0,68727,True,True,60375,True,0,0,0,0
2015-08-26,2015-08-26 00:00:00,BP,Channel: 50 - Commercial,CUYAHOGA OH - BUCKEYE (PLANT 9178),REGULAR,8926,62479,3,8705,0,8705,8705,8705,0,w4,8705,0,8705,17852,68727,Available,Available,200,110,,,08/27 00:00:00 EDT,w5,0,2015-09-02 00:00:00,Contract,Contract,2153753,2153754,0,0,0,0,0,0,0,0,0,8926,-1,17852,0,68727,True,True,8705,True,0,0,0,0
2015-08-27,2015-08-27 00:00:00,BP,Channel: 50 - Commercial,CUYAHOGA OH - BUCKEYE (PLANT 9178),REGULAR,8926,62479,3,23705,0,23705,23705,32410,0,w4,23705,0,32410,17852,68727,Available,Available,200,110,,,08/28 00:00:00 EDT,w5,0,2015-09-02 00:00:00,Contract,Contract,2180962,2180963,0,0,0,0,0,0,0,0,0,8926,-1,17852,0,68727,True,True,32410,True,0,0,0,0
2015-08-28,2015-08-28 00:00:00,BP,Channel: 50 - Commercial,CUYAHOGA OH - BUCKEYE (PLANT 9178),REGULAR,8926,62479,3,8702,0,8702,8702,41112,0,w4,8702,0,41112,17852,68727,Available,Available,200,110,,,08/29 00:00:00 EDT,w5,0,2015-09-02 00:00:00,Contract,Contract,2211900,2211901,0,0,0,0,0,0,0,0,0,8926,-1,17852,0,68727,True,True,41112,True,0,0,0,0
2015-08-29,2015-08-29 00:00:00,BP,Channel: 50 - Commercial,CUYAHOGA OH - BUCKEYE (PLANT 9178),REGULAR,8926,62479,3,17509,0,17509,17509,58621,0,w4,17509,0,58621,17852,68727,Available,Available,200,110,,,08/30 00:00:00 EDT,w5,0,2015-09-02 00:00:00,Contract,Contract,2239049,2239050,0,0,0,0,0,0,0,0,0,8926,-1,17852,0,68727,True,True,58621,True,0,0,0,0
2015-08-30,2015-08-30 00:00:00,BP,Channel: 50 - Commercial,CUYAHOGA OH - BUCKEYE (PLANT 9178),REGULAR,8926,62479,3,9000,0,9000,9000,67621,0,w4,9000,0,67621,17852,68727,Available,Available,200,110,,,08/31 00:00:00 EDT,w5,0,2015-09-02 00:00:00,Contract,Contract,2265446,2265447,0,0,0,0,0,0,0,0,0,8926,-1,17852,0,68727,True,True,67621,True,0,0,0,0
2015-08-31,2015-08-31 00:00:00,BP,Channel: 50 - Commercial,CUYAHOGA OH - BUCKEYE (PLANT 9178),REGULAR,8926,62479,0,8905,0,8905,8905,76526,0,w4,8905,0,76526,17852,68727,Available,Available,200,110,,,09/01 00:00:00 EDT,w5,0,2015-09-02 00:00:00,Contract,Contract,2291609,2291610,0,0,0,0,0,0,0,0,0,8926,-1,17852,0,68727,True,True,76526,True,0,0,0,0
