,date,supplier_name,account_type,supplier_terminal_name,product_name,base_gallons_Daily,base_gallons_Weekly,lifted_gallons_daily_flag,lifted_gallons_daily_modified,Modified_WeeksByLiftedGallons,lifted_gallons_modified_WeeksByLiftedGallons,lifted_gallons_Daily,Lifted_actual_weekly,lifted_gallons_weekly_flag,WeeksByLiftedGallons,lifted_gallonsWeekly_modified_aposteriori,Modified_LiftedGallonsaposteriori,lifted_gallons_Weekly,beginning_gallons_Daily,beginning_gallons_Weekly,en_allocation_status_Daily,en_allocation_status_Weekly,percentage_allocation_Daily,percentage_allocation_Weekly,alerts_ratability_Daily,alerts_ratability_Weekly,next_refresh_date_Daily,Week_switch,Modified_NRD,next_refresh_date_Weekly,en_account_type_Daily,en_account_type_Weekly,NRB_Daily,next_refresh_base_gallons_Daily,next_refresh_base_gallons_Weekly,remaining_gallons_Daily,remaining_gallons_Weekly,additional_gallons_allowed_Daily,additional_gallons_allowed_Weekly,additional_gallons_remaining_Daily,additional_gallons_remaining_Weekly,staging_id_Daily,staging_id_Weekly,base_gallons_Monthly,Lifted_actual_monthly,lifted_gallons_monthly_flag,lifted_gallons_Monthly,beginning_gallons_Monthly,en_allocation_status_Monthly,percentage_allocation_Monthly,alerts_ratability_Monthly,next_refresh_date_Monthly,NRB_Monthly,next_refresh_base_gallons_Monthly,remaining_gallons_Monthly,additional_gallons_allowed_Monthly,additional_gallons_remaining_Monthly,base_gallons_Daily_Reconciled,base_gallons_Monthly_Reconciled,beginning_gallons_Daily_Reconciled,beginning_gallons_Monthly_Reconciled,beginning_gallons_Weekly_Reconciled,sanityWeekly_CumulativeDaily_WeeksByLiftedGallons,sanityWeekly_CumulativeDaily_NextRefreshDate,computedWeekly,sanityComputedWeekly,computedMonthly,sanityComputedMonthly,remaining_gallons_Daily_Reconciled,remaining_gallons_Monthly_Reconciled,remaining_gallons_Weekly_Reconciled,additional_gallons_remaining_Daily_Reconciled,additional_gallons_remaining_Monthly_Reconciled,additional_gallons_remaining_Weekly_Reconciled,sanityMonthly_CumulativeDaily_WeeksByLiftedGallons,sanityMonthly_CumulativeDaily_WeeksByNextRefreshDate
2015-06-01,2015-06-01 00:00:00,BP,Channel: 50 - Commercial,RIVER ROUGE MI - BUCKEYE (PLANT 9123),PREMIUM,-1,15235,0,-1,0,-1,-1,-1,0,w1,-1,0,-1,-1.0,15236.0,-1,-1,100,100,-1,-1,-1,w1,1,2015-06-03 00:00:00,-1,-1,-1,-1,-1,-1,-1,-1,-1,-1,-1,-1,-1,0,-1,0,-1,0,-1,100,-1,-1,0,-1,-1,-1,-1,-1,-1,-1,0,15235,True,True,0,0,0,0,-1,1,15237,-1,-1,-1,1,1
2015-06-02,2015-06-02 00:00:00,BP,Channel: 50 - Commercial,RIVER ROUGE MI - BUCKEYE (PLANT 9123),PREMIUM,-1,15235,0,-1,0,-1,-1,27997,0,w1,-1,0,27997,-1.0,16759.0,-1,Available,100,110,-1,,-1,w1,0,2015-06-03 00:00:00,-1,Contract,-1,-1,15236,-1,-8241,-1,8000,-1,5002,-1,59,0,0,0,0,0,0,0,0,0,0,0,0,0,0,-1,-1,-1,0,16759,False,False,0,0,0,0,-1,0,-11238,-1,-1,8000,0,0
2015-06-03,2015-06-03 00:00:00,BP,Channel: 50 - Commercial,RIVER ROUGE MI - BUCKEYE (PLANT 9123),PREMIUM,-1,15236,3,0,1,0,-1,0,0,w2,-1,0,0,-1.0,15236.0,-1,Available,100,100,-1,,-1,w2,0,2015-06-10 00:00:00,-1,Contract,-1,-1,15236,-1,15236,-1,0,-1,0,-1,6054,0,0,0,0,0,0,0,0,0,0,0,0,0,0,-1,-1,-1,0,15236,True,True,0,0,0,0,-1,0,15236,-1,-1,-1,0,0
2015-06-04,2015-06-04 00:00:00,BP,Channel: 50 - Commercial,RIVER ROUGE MI - BUCKEYE (PLANT 9123),PREMIUM,-1,15236,0,-1,1,0,-1,0,0,w2,-1,0,0,-1.0,15236.0,-1,Available,100,100,-1,,-1,w2,0,2015-06-10 00:00:00,-1,Contract,-1,-1,15236,-1,15236,-1,0,-1,0,-1,8794,0,0,0,0,0,0,0,0,0,0,0,0,0,0,-1,-1,-1,0,15236,True,False,0,0,0,0,-1,0,15236,-1,-1,-1,0,0
2015-06-05,2015-06-05 00:00:00,BP,Channel: 50 - Commercial,RIVER ROUGE MI - BUCKEYE (PLANT 9123),PREMIUM,-1,15236,0,-1,1,0,-1,0,0,w2,-1,0,0,-1.0,15236.0,-1,Available,100,100,-1,,-1,w2,0,2015-06-10 00:00:00,-1,Contract,-1,-1,15236,-1,15236,-1,0,-1,0,-1,11476,0,0,0,0,0,0,0,0,0,0,0,0,0,0,-1,-1,-1,0,15236,True,False,0,0,0,0,-1,0,15236,-1,-1,-1,0,0
2015-06-06,2015-06-06 00:00:00,BP,Channel: 50 - Commercial,RIVER ROUGE MI - BUCKEYE (PLANT 9123),PREMIUM,-1,15235,0,-1,0,-1,-1,-1,0,w3,-1,0,-1,-1.0,15236.0,-1,-1,100,100,-1,-1,-1,w2,1,2015-06-10 00:00:00,-1,-1,-1,-1,-1,-1,-1,-1,-1,-1,-1,-1,-1,0,-1,0,-1,0,-1,100,-1,-1,0,-1,-1,-1,-1,-1,-1,-1,0,15235,True,False,0,0,0,0,-1,1,15237,-1,-1,-1,0,0
2015-06-07,2015-06-07 00:00:00,BP,Channel: 50 - Commercial,RIVER ROUGE MI - BUCKEYE (PLANT 9123),PREMIUM,-1,15235,0,-1,0,-1,-1,-1,0,w3,-1,0,-1,-1.0,15236.0,-1,-1,100,100,-1,-1,-1,w2,1,2015-06-10 00:00:00,-1,-1,-1,-1,-1,-1,-1,-1,-1,-1,-1,-1,-1,0,-1,0,-1,0,-1,100,-1,-1,0,-1,-1,-1,-1,-1,-1,-1,0,15235,False,False,0,0,0,0,-1,1,15237,-1,-1,-1,0,0
2015-06-08,2015-06-08 00:00:00,BP,Channel: 50 - Commercial,RIVER ROUGE MI - BUCKEYE (PLANT 9123),PREMIUM,-1,15236,0,-1,0,-1,-1,4701,0,w3,-1,0,4701,-1.0,15236.0,-1,Available,100,100,-1,,-1,w2,0,2015-06-10 00:00:00,-1,Contract,-1,-1,15236,-1,10535,-1,0,-1,0,-1,13970,0,0,0,0,0,0,0,0,0,0,0,0,0,0,-1,-1,-1,0,15236,False,False,0,0,0,0,-1,0,10535,-1,-1,-1,0,0
2015-06-09,2015-06-09 00:00:00,BP,Channel: 50 - Commercial,RIVER ROUGE MI - BUCKEYE (PLANT 9123),PREMIUM,-1,15235,0,-1,0,-1,-1,-1,0,w4,-1,0,-1,-1.0,15236.0,-1,-1,100,100,-1,-1,-1,w2,1,2015-06-10 00:00:00,-1,-1,-1,-1,-1,-1,-1,-1,-1,-1,-1,-1,-1,0,-1,0,-1,0,-1,100,-1,-1,0,-1,-1,-1,-1,-1,-1,-1,0,15235,True,False,0,0,0,0,-1,1,15237,-1,-1,-1,0,0
2015-06-10,2015-06-10 00:00:00,BP,Channel: 50 - Commercial,RIVER ROUGE MI - BUCKEYE (PLANT 9123),PREMIUM,-1,15236,3,0,0,-1,-1,0,0,w4,-1,0,0,-1.0,15236.0,-1,Available,100,100,-1,,-1,w3,0,2015-06-17 00:00:00,-1,Contract,-1,-1,15236,-1,15236,-1,0,-1,0,-1,20605,0,0,0,0,0,0,0,0,0,0,0,0,0,0,-1,-1,-1,0,15236,False,True,0,0,0,0,-1,0,15236,-1,-1,-1,0,0
2015-06-11,2015-06-11 00:00:00,BP,Channel: 50 - Commercial,RIVER ROUGE MI - BUCKEYE (PLANT 9123),PREMIUM,-1,15236,0,-1,1,0,-1,0,0,w4,-1,0,0,-1.0,15236.0,-1,Available,100,100,-1,,-1,w3,0,2015-06-17 00:00:00,-1,Contract,-1,-1,15236,-1,15236,-1,0,-1,0,-1,23380,0,0,0,0,0,0,0,0,0,0,0,0,0,0,-1,-1,-1,0,15236,False,False,0,0,0,0,-1,0,15236,-1,-1,-1,0,0
2015-06-12,2015-06-12 00:00:00,BP,Channel: 50 - Commercial,RIVER ROUGE MI - BUCKEYE (PLANT 9123),PREMIUM,-1,15235,0,-1,0,-1,-1,-1,0,w5,-1,0,-1,-1.0,15236.0,-1,-1,100,100,-1,-1,-1,w3,1,2015-06-17 00:00:00,-1,-1,-1,-1,-1,-1,-1,-1,-1,-1,-1,-1,-1,0,-1,0,-1,0,-1,100,-1,-1,0,-1,-1,-1,-1,-1,-1,-1,0,15235,True,False,0,0,0,0,-1,1,15237,-1,-1,-1,0,0
2015-06-13,2015-06-13 00:00:00,BP,Channel: 50 - Commercial,RIVER ROUGE MI - BUCKEYE (PLANT 9123),PREMIUM,-1,15236,0,-1,0,-1,-1,9198,0,w5,-1,0,9198,-1.0,15236.0,-1,Available,100,100,-1,,-1,w3,0,2015-06-17 00:00:00,-1,Contract,-1,-1,15236,-1,6038,-1,0,-1,0,-1,51064,0,0,0,0,0,0,0,0,0,0,0,0,0,0,-1,-1,-1,0,15236,False,False,0,0,0,0,-1,0,6038,-1,-1,-1,0,0
2015-06-14,2015-06-14 00:00:00,BP,Channel: 50 - Commercial,RIVER ROUGE MI - BUCKEYE (PLANT 9123),PREMIUM,-1,15236,0,-1,1,2204,-1,11402,0,w5,-1,0,11402,-1.0,15236.0,-1,Available,100,100,-1,,-1,w3,0,2015-06-17 00:00:00,-1,Contract,-1,-1,15236,-1,3834,-1,0,-1,0,-1,70848,0,0,0,0,0,0,0,0,0,0,0,0,0,0,-1,-1,-1,0,15236,False,False,0,0,0,0,-1,0,3834,-1,-1,-1,0,0
2015-06-15,2015-06-15 00:00:00,BP,Channel: 50 - Commercial,RIVER ROUGE MI - BUCKEYE (PLANT 9123),PREMIUM,-1,15236,0,-1,1,0,-1,11402,0,w5,-1,0,11402,-1.0,15236.0,-1,Available,100,100,-1,,-1,w3,0,2015-06-17 00:00:00,-1,Contract,-1,-1,15236,-1,3834,-1,0,-1,0,-1,101466,0,0,0,0,0,0,0,0,0,0,0,0,0,0,-1,-1,-1,0,15236,False,False,0,0,0,0,-1,0,3834,-1,-1,-1,0,0
2015-06-16,2015-06-16 00:00:00,BP,Channel: 50 - Commercial,RIVER ROUGE MI - BUCKEYE (PLANT 9123),PREMIUM,-1,15236,0,-1,1,0,-1,11402,0,w5,-1,0,11402,-1.0,15236.0,-1,Available,100,100,-1,,-1,w3,0,2015-06-17 00:00:00,-1,Contract,-1,-1,15236,-1,3834,-1,0,-1,0,-1,123683,0,0,0,0,0,0,0,0,0,0,0,0,0,0,-1,-1,-1,0,15236,False,False,0,0,0,0,-1,0,3834,-1,-1,-1,0,0
2015-06-17,2015-06-17 00:00:00,BP,Channel: 50 - Commercial,RIVER ROUGE MI - BUCKEYE (PLANT 9123),PREMIUM,-1,15236,3,0,1,0,-1,0,0,w6,-1,0,0,-1.0,15236.0,-1,Available,100,100,-1,,-1,w4,0,2015-06-24 00:00:00,-1,Contract,-1,-1,15236,-1,15236,-1,0,-1,0,-1,142291,0,0,0,0,0,0,0,0,0,0,0,0,0,0,-1,-1,-1,0,15236,True,True,0,0,0,0,-1,0,15236,-1,-1,-1,0,0
2015-06-18,2015-06-18 00:00:00,BP,Channel: 50 - Commercial,RIVER ROUGE MI - BUCKEYE (PLANT 9123),PREMIUM,-1,15236,0,-1,1,1999,-1,1999,0,w6,-1,0,1999,-1.0,15236.0,-1,Available,100,100,-1,,-1,w4,0,2015-06-24 00:00:00,-1,Contract,-1,-1,15236,-1,13237,-1,0,-1,0,-1,161089,0,0,0,0,0,0,0,0,0,0,0,0,0,0,-1,-1,-1,0,15236,True,False,0,0,0,0,-1,0,13237,-1,-1,-1,0,0
2015-06-19,2015-06-19 00:00:00,BP,Channel: 50 - Commercial,RIVER ROUGE MI - BUCKEYE (PLANT 9123),PREMIUM,-1,15236,0,-1,1,0,-1,1999,0,w6,-1,0,1999,-1.0,15236.0,-1,Available,100,100,-1,,-1,w4,0,2015-06-24 00:00:00,-1,Contract,-1,-1,15236,-1,13237,-1,0,-1,0,-1,177493,0,0,0,0,0,0,0,0,0,0,0,0,0,0,-1,-1,-1,0,15236,True,False,0,0,0,0,-1,0,13237,-1,-1,-1,0,0
2015-06-20,2015-06-20 00:00:00,BP,Channel: 50 - Commercial,RIVER ROUGE MI - BUCKEYE (PLANT 9123),PREMIUM,-1,15236,0,-1,1,3200,-1,5199,0,w6,-1,0,5199,-1.0,15236.0,-1,Available,100,100,-1,,-1,w4,0,2015-06-24 00:00:00,-1,Contract,-1,-1,15236,-1,10037,-1,0,-1,0,-1,190969,0,0,0,0,0,0,0,0,0,0,0,0,0,0,-1,-1,-1,0,15236,True,False,0,0,0,0,-1,0,10037,-1,-1,-1,0,0
2015-06-21,2015-06-21 00:00:00,BP,Channel: 50 - Commercial,RIVER ROUGE MI - BUCKEYE (PLANT 9123),PREMIUM,-1,15236,0,-1,1,1999,-1,7198,0,w6,-1,0,7198,-1.0,15236.0,-1,Available,100,100,-1,,-1,w4,0,2015-06-24 00:00:00,-1,Contract,-1,-1,15236,-1,8038,-1,0,-1,0,-1,217311,0,0,0,0,0,0,0,0,0,0,0,0,0,0,-1,-1,-1,0,15236,True,False,0,0,0,0,-1,0,8038,-1,-1,-1,0,0
2015-06-22,2015-06-22 00:00:00,BP,Channel: 50 - Commercial,RIVER ROUGE MI - BUCKEYE (PLANT 9123),PREMIUM,-1,15236,0,-1,1,0,-1,7198,0,w6,-1,0,7198,-1.0,16760.0,-1,Available,100,110,-1,,-1,w4,0,2015-06-24 00:00:00,-1,Contract,-1,-1,15236,-1,9562,-1,0,-1,0,-1,239296,0,0,0,0,0,0,0,0,0,0,0,0,0,0,-1,-1,-1,0,16760,True,False,0,0,0,0,-1,0,9562,-1,-1,-1,0,0
2015-06-23,2015-06-23 00:00:00,BP,Channel: 50 - Commercial,RIVER ROUGE MI - BUCKEYE (PLANT 9123),PREMIUM,-1,15236,0,-1,1,0,-1,7198,0,w6,-1,0,7198,-1.0,16760.0,-1,Available,100,110,-1,,-1,w4,0,2015-06-24 00:00:00,-1,Contract,-1,-1,15236,-1,9562,-1,0,-1,0,-1,278187,0,0,0,0,0,0,0,0,0,0,0,0,0,0,-1,-1,-1,0,16760,True,False,0,0,0,0,-1,0,9562,-1,-1,-1,0,0
2015-06-24,2015-06-24 00:00:00,BP,Channel: 50 - Commercial,RIVER ROUGE MI - BUCKEYE (PLANT 9123),PREMIUM,-1,15236,3,0,1,0,-1,0,0,w7,-1,0,0,-1.0,16760.0,-1,Available,100,110,-1,,-1,w5,0,2015-07-01 00:00:00,-1,Contract,-1,-1,14948,-1,16760,-1,0,-1,0,-1,307371,0,0,0,0,0,0,0,0,0,0,0,0,0,0,-1,-1,-1,0,16760,True,True,0,0,0,0,-1,0,16760,-1,-1,-1,0,0
2015-06-25,2015-06-25 00:00:00,BP,Channel: 50 - Commercial,RIVER ROUGE MI - BUCKEYE (PLANT 9123),PREMIUM,-1,15236,0,-1,1,1999,-1,1999,0,w7,-1,0,1999,-1.0,16760.0,-1,Available,100,110,-1,,-1,w5,0,2015-07-01 00:00:00,-1,Contract,-1,-1,14948,-1,14761,-1,0,-1,0,-1,338701,0,0,0,0,0,0,0,0,0,0,0,0,0,0,-1,-1,-1,0,16760,True,False,0,0,0,0,-1,0,14761,-1,-1,-1,0,0
2015-06-26,2015-06-26 00:00:00,BP,Channel: 50 - Commercial,RIVER ROUGE MI - BUCKEYE (PLANT 9123),PREMIUM,-1,15236,0,-1,1,5401,-1,7400,0,w7,-1,0,7400,-1.0,16760.0,-1,Available,100,110,-1,,-1,w5,0,2015-07-01 00:00:00,-1,Contract,-1,-1,14948,-1,9360,-1,0,-1,0,-1,369009,0,0,0,0,0,0,0,0,0,0,0,0,0,0,-1,-1,-1,0,16760,True,False,0,0,0,0,-1,0,9360,-1,-1,-1,0,0
2015-06-27,2015-06-27 00:00:00,BP,Channel: 50 - Commercial,RIVER ROUGE MI - BUCKEYE (PLANT 9123),PREMIUM,-1,15236,0,-1,1,1203,-1,8603,0,w7,-1,0,8603,-1.0,16760.0,-1,Available,100,110,-1,,-1,w5,0,2015-07-01 00:00:00,-1,Contract,-1,-1,14948,-1,8157,-1,0,-1,0,-1,396091,0,0,0,0,0,0,0,0,0,0,0,0,0,0,-1,-1,-1,0,16760,True,False,0,0,0,0,-1,0,8157,-1,-1,-1,0,0
2015-06-28,2015-06-28 00:00:00,BP,Channel: 50 - Commercial,RIVER ROUGE MI - BUCKEYE (PLANT 9123),PREMIUM,-1,15236,0,-1,1,1201,-1,9804,0,w7,-1,0,9804,-1.0,16760.0,-1,Available,100,110,-1,,-1,w5,0,2015-07-01 00:00:00,-1,Contract,-1,-1,14948,-1,6956,-1,0,-1,0,-1,420455,0,0,0,0,0,0,0,0,0,0,0,0,0,0,-1,-1,-1,0,16760,True,False,0,0,0,0,-1,0,6956,-1,-1,-1,0,0
2015-06-29,2015-06-29 00:00:00,BP,Channel: 50 - Commercial,RIVER ROUGE MI - BUCKEYE (PLANT 9123),PREMIUM,-1,15236,0,-1,1,4001,-1,13805,0,w7,-1,0,13805,-1.0,16760.0,-1,Available,100,110,-1,,-1,w5,0,2015-07-01 00:00:00,-1,Contract,-1,-1,14948,-1,2955,-1,8000,-1,8000,-1,451271,0,0,0,0,0,0,0,0,0,0,0,0,0,0,-1,-1,-1,0,16760,True,False,0,0,0,0,-1,0,2955,-1,-1,-1,0,0
2015-06-30,2015-06-30 00:00:00,BP,Channel: 50 - Commercial,RIVER ROUGE MI - BUCKEYE (PLANT 9123),PREMIUM,-1,15236,0,-1,1,1198,-1,15003,0,w7,-1,0,15003,-1.0,16760.0,-1,Available,100,110,-1,,-1,w5,0,2015-07-01 00:00:00,-1,Contract,-1,-1,14948,-1,1757,-1,8000,-1,8000,-1,477933,0,0,0,0,0,0,0,0,0,0,0,0,0,0,-1,-1,-1,0,16760,True,False,0,0,0,0,-1,0,1757,-1,-1,-1,0,0
