,date,supplier_name,account_type,supplier_terminal_name,product_name,base_gallons_Daily,base_gallons_Weekly,lifted_gallons_daily_flag,lifted_gallons_daily_modified,Modified_WeeksByLiftedGallons,lifted_gallons_modified_WeeksByLiftedGallons,lifted_gallons_Daily,Lifted_actual_weekly,lifted_gallons_weekly_flag,WeeksByLiftedGallons,lifted_gallonsWeekly_modified_aposteriori,Modified_LiftedGallonsaposteriori,lifted_gallons_Weekly,beginning_gallons_Daily,beginning_gallons_Weekly,en_allocation_status_Daily,en_allocation_status_Weekly,percentage_allocation_Daily,percentage_allocation_Weekly,alerts_ratability_Daily,alerts_ratability_Weekly,next_refresh_date_Daily,Week_switch,Modified_NRD,next_refresh_date_Weekly,en_account_type_Daily,en_account_type_Weekly,NRB_Daily,next_refresh_base_gallons_Daily,next_refresh_base_gallons_Weekly,remaining_gallons_Daily,remaining_gallons_Weekly,additional_gallons_allowed_Daily,additional_gallons_allowed_Weekly,additional_gallons_remaining_Daily,additional_gallons_remaining_Weekly,staging_id_Daily,staging_id_Weekly,base_gallons_Monthly,Lifted_actual_monthly,lifted_gallons_monthly_flag,lifted_gallons_Monthly,beginning_gallons_Monthly,en_allocation_status_Monthly,percentage_allocation_Monthly,alerts_ratability_Monthly,next_refresh_date_Monthly,NRB_Monthly,next_refresh_base_gallons_Monthly,remaining_gallons_Monthly,additional_gallons_allowed_Monthly,additional_gallons_remaining_Monthly,base_gallons_Daily_Reconciled,base_gallons_Monthly_Reconciled,beginning_gallons_Daily_Reconciled,beginning_gallons_Monthly_Reconciled,beginning_gallons_Weekly_Reconciled,sanityWeekly_CumulativeDaily_WeeksByLiftedGallons,sanityWeekly_CumulativeDaily_NextRefreshDate,computedWeekly,sanityComputedWeekly,computedMonthly,sanityComputedMonthly,remaining_gallons_Daily_Reconciled,remaining_gallons_Monthly_Reconciled,remaining_gallons_Weekly_Reconciled,additional_gallons_remaining_Daily_Reconciled,additional_gallons_remaining_Monthly_Reconciled,additional_gallons_remaining_Weekly_Reconciled,sanityMonthly_CumulativeDaily_WeeksByLiftedGallons,sanityMonthly_CumulativeDaily_WeeksByNextRefreshDate
2015-06-01,2015-06-01 00:00:00,BP,Channel: 50 - Commercial,CANTON OH - BUCKEYE (PLANT 9180),REGULAR,27200,190401,0,-1,0,-1,-1,-1,0,w1,-1,0,-1,54400.0,209441.0,-1,-1,100,100,-1,-1,-1,w1,1,2015-06-03 00:00:00,-1,-1,27200,-1,-1,-1,-1,-1,-1,-1,-1,-1,-1,0,-1,0,-1,0,-1,100,-1,-1,0,-1,-1,-1,-1,54400,-1,27200,0,190401,True,True,0,0,0,0,54401,1,209442,-1,-1,-1,1,1
2015-06-02,2015-06-02 00:00:00,BP,Channel: 50 - Commercial,CANTON OH - BUCKEYE (PLANT 9180),REGULAR,27200,190401,0,0,0,0,0,225166,0,w1,0,0,225166,54400.0,209441.0,Out,Out,200,110,,,06/03 00:00:00 EDT,w1,0,2015-06-03 00:00:00,Contract,Contract,27373,27200,191612,54400,0,8000,8000,7725,7725,36,37,0,0,0,0,0,0,0,0,0,0,0,0,0,0,27200,-1,54400,0,209441,False,False,0,0,0,0,54400,0,-15725,-1,-1,8000,0,0
2015-06-03,2015-06-03 00:00:00,BP,Channel: 50 - Commercial,CANTON OH - BUCKEYE (PLANT 9180),REGULAR,27373,191612,3,72706,0,39805,39805,39805,0,w2,39805,0,39805,54746.0,210773.0,Available,Available,200,110,,,06/04 00:00:00 EDT,w2,0,2015-06-10 00:00:00,Contract,Contract,27373,27373,191612,14941,170968,0,0,0,0,6031,6032,0,0,0,0,0,0,0,0,0,0,0,0,0,0,27373,-1,54746,0,210773,True,False,0,0,0,0,-17960,0,170968,-1,-1,-1,0,0
2015-06-04,2015-06-04 00:00:00,BP,Channel: 50 - Commercial,CANTON OH - BUCKEYE (PLANT 9180),REGULAR,27373,191612,3,58113,1,32901,0,72706,0,w2,0,0,72706,54746.0,210773.0,Available,Available,200,110,,,06/05 00:00:00 EDT,w2,0,2015-06-10 00:00:00,Contract,Contract,27373,27373,191612,54746,156027,8000,8000,9960,9960,8776,8777,0,0,0,0,0,0,0,0,0,0,0,0,0,0,27373,-1,54746,0,210773,True,False,0,0,0,0,-3367,0,138067,8000,-1,-1,0,0
2015-06-05,2015-06-05 00:00:00,BP,Channel: 50 - Commercial,CANTON OH - BUCKEYE (PLANT 9180),REGULAR,27373,191612,0,16306,1,74419,16306,147125,0,w2,16306,0,147125,54746.0,210773.0,Available,Available,200,110,,,06/06 00:00:00 EDT,w2,0,2015-06-10 00:00:00,Contract,Contract,27200,27373,191612,38440,84975,8000,8000,13327,13327,11458,11459,0,0,0,0,0,0,0,0,0,0,0,0,0,0,27373,-1,54746,0,210773,True,True,0,0,0,0,38440,0,63648,-1,-1,-1,0,0
2015-06-06,2015-06-06 00:00:00,BP,Channel: 50 - Commercial,CANTON OH - BUCKEYE (PLANT 9180),REGULAR,27200,190401,0,-1,0,-1,-1,-1,0,w3,-1,0,-1,54400.0,209441.0,-1,-1,100,100,-1,-1,-1,w2,1,2015-06-10 00:00:00,-1,-1,27200,-1,-1,-1,-1,-1,-1,-1,-1,-1,-1,0,-1,0,-1,0,-1,100,-1,-1,0,-1,-1,-1,-1,54400,-1,27200,0,190401,True,False,0,0,0,0,54401,1,209442,-1,-1,-1,0,0
2015-06-07,2015-06-07 00:00:00,BP,Channel: 50 - Commercial,CANTON OH - BUCKEYE (PLANT 9180),REGULAR,27200,190401,0,-1,0,-1,-1,-1,0,w3,-1,0,-1,54400.0,209441.0,-1,-1,100,100,-1,-1,-1,w2,1,2015-06-10 00:00:00,-1,-1,27373,-1,-1,-1,-1,-1,-1,-1,-1,-1,-1,0,-1,0,-1,0,-1,100,-1,-1,0,-1,-1,-1,-1,54400,-1,27200,0,190401,False,False,0,0,0,0,54401,1,209442,-1,-1,-1,0,0
2015-06-08,2015-06-08 00:00:00,BP,Channel: 50 - Commercial,CANTON OH - BUCKEYE (PLANT 9180),REGULAR,27373,191612,0,0,0,0,0,236847,0,w3,0,0,236847,54746.0,210773.0,Out,Out,200,110,,,06/09 00:00:00 EDT,w2,0,2015-06-10 00:00:00,Contract,Contract,27200,27373,191612,54746,0,8000,8000,18074,18074,13948,13949,0,0,0,0,0,0,0,0,0,0,0,0,0,0,27373,-1,54746,0,210773,False,False,0,0,0,0,54746,0,-26074,-1,-1,8000,0,0
2015-06-09,2015-06-09 00:00:00,BP,Channel: 50 - Commercial,CANTON OH - BUCKEYE (PLANT 9180),REGULAR,27200,190401,0,-1,0,-1,-1,-1,0,w4,-1,0,-1,54400.0,209441.0,-1,-1,100,100,-1,-1,-1,w2,1,2015-06-10 00:00:00,-1,-1,27373,-1,-1,-1,-1,-1,-1,-1,-1,-1,-1,0,-1,0,-1,0,-1,100,-1,-1,0,-1,-1,-1,-1,54400,-1,27200,0,190401,True,False,0,0,0,0,54401,1,209442,-1,-1,-1,0,0
2015-06-10,2015-06-10 00:00:00,BP,Channel: 50 - Commercial,CANTON OH - BUCKEYE (PLANT 9180),REGULAR,27373,191612,3,67413,0,0,0,0,0,w4,0,0,0,54746.0,210773.0,Available,Available,200,110,,,06/11 00:00:00 EDT,w3,0,2015-06-17 00:00:00,Contract,Contract,27373,27373,191612,54746,210773,0,0,0,0,20584,20585,0,0,0,0,0,0,0,0,0,0,0,0,0,0,27373,-1,54746,0,210773,False,False,67413,True,0,0,-12667,0,210773,-1,-1,-1,0,0
2015-06-11,2015-06-11 00:00:00,BP,Channel: 50 - Commercial,CANTON OH - BUCKEYE (PLANT 9180),REGULAR,27373,191612,0,0,1,67413,0,67413,0,w4,0,0,67413,54746.0,210773.0,Available,Available,200,110,,,06/12 00:00:00 EDT,w3,0,2015-06-17 00:00:00,Contract,Contract,27200,27373,191612,54746,143360,0,0,0,0,23359,23360,0,0,0,0,0,0,0,0,0,0,0,0,0,0,27373,-1,54746,0,210773,False,True,67413,True,0,0,54746,0,143360,-1,-1,-1,0,0
2015-06-12,2015-06-12 00:00:00,BP,Channel: 50 - Commercial,CANTON OH - BUCKEYE (PLANT 9180),REGULAR,27200,190401,4,79116,0,-1,-1,-1,4,w5,-1,0,146529,54400.0,209441.0,-1,-1,100,100,-1,-1,-1,w3,1,2015-06-17 00:00:00,-1,-1,27373,-1,-1,-1,-1,-1,-1,-1,-1,-1,-1,0,-1,0,-1,0,-1,100,-1,-1,0,-1,-1,-1,-1,54400,-1,27200,0,190401,True,True,146529,True,0,0,-24716,1,62912,-1,-1,-1,0,0
2015-06-13,2015-06-13 00:00:00,BP,Channel: 50 - Commercial,CANTON OH - BUCKEYE (PLANT 9180),REGULAR,27373,191612,3,33909,0,33909,33909,180438,0,w5,33909,0,180438,54746.0,210773.0,Available,Available,200,110,,,06/14 00:00:00 EDT,w3,0,2015-06-17 00:00:00,Contract,Contract,27373,27373,191612,20837,30335,0,0,0,0,51042,51043,0,0,0,0,0,0,0,0,0,0,0,0,0,0,27373,-1,54746,0,210773,False,True,180438,True,0,0,20837,0,30335,-1,-1,-1,0,0
2015-06-14,2015-06-14 00:00:00,BP,Channel: 50 - Commercial,CANTON OH - BUCKEYE (PLANT 9180),REGULAR,27373,191612,3,34110,0,34110,34110,214548,0,w5,34110,0,214548,54746.0,210773.0,Out,Out,200,110,,,06/15 00:00:00 EDT,w3,0,2015-06-17 00:00:00,Contract,Contract,27373,27373,191612,20636,-3775,0,0,0,0,70826,70827,0,0,0,0,0,0,0,0,0,0,0,0,0,0,27373,-1,54746,0,210773,False,True,214548,True,0,0,20636,0,-3775,-1,-1,-1,0,0
2015-06-15,2015-06-15 00:00:00,BP,Channel: 50 - Commercial,CANTON OH - BUCKEYE (PLANT 9180),REGULAR,27373,191612,3,7601,0,7601,7601,222149,0,w5,7601,0,222149,54746.0,210773.0,Available,Available,200,110,,,06/16 00:00:00 EDT,w3,0,2015-06-17 00:00:00,Contract,Contract,27373,27373,191612,54746,-3775,8000,8000,399,399,101448,101449,0,0,0,0,0,0,0,0,0,0,0,0,0,0,27373,-1,54746,0,210773,False,True,222149,True,0,0,47145,0,-11376,-1,-1,8000,0,0
2015-06-16,2015-06-16 00:00:00,BP,Channel: 50 - Commercial,CANTON OH - BUCKEYE (PLANT 9180),REGULAR,27373,191612,0,7303,0,7303,7303,229452,0,w5,7303,0,229452,54746.0,210773.0,Out,Out,200,110,,,06/17 00:00:00 EDT,w3,0,2015-06-17 00:00:00,Contract,Contract,27373,27373,191612,54746,-3775,8000,8000,6904,6904,123664,123665,0,0,0,0,0,0,0,0,0,0,0,0,0,0,27373,-1,54746,0,210773,False,True,229452,True,0,0,47443,0,-18679,-1,-1,8000,0,0
2015-06-17,2015-06-17 00:00:00,BP,Channel: 50 - Commercial,CANTON OH - BUCKEYE (PLANT 9180),REGULAR,27373,191612,3,58609,0,58609,58609,58609,0,w6,58609,0,58609,54746.0,210773.0,Out,Out,200,110,,,06/18 00:00:00 EDT,w4,0,2015-06-24 00:00:00,Contract,Contract,27373,27373,191612,-3863,152164,0,0,0,0,142272,142273,0,0,0,0,0,0,0,0,0,0,0,0,0,0,27373,-1,54746,0,210773,True,True,58609,True,0,0,-3863,0,152164,-1,-1,-1,0,0
2015-06-18,2015-06-18 00:00:00,BP,Channel: 50 - Commercial,CANTON OH - BUCKEYE (PLANT 9180),REGULAR,27373,191612,3,42407,0,42407,42407,101016,0,w6,42407,0,101016,54746.0,210773.0,Available,Available,200,110,,,06/19 00:00:00 EDT,w4,0,2015-06-24 00:00:00,Contract,Contract,27373,27373,191612,12339,109757,0,0,0,0,161070,161071,0,0,0,0,0,0,0,0,0,0,0,0,0,0,27373,-1,54746,0,210773,True,True,101016,True,0,0,12339,0,109757,-1,-1,-1,0,0
2015-06-19,2015-06-19 00:00:00,BP,Channel: 50 - Commercial,CANTON OH - BUCKEYE (PLANT 9180),REGULAR,27373,191612,3,48617,0,48617,48617,149633,0,w6,48617,0,149633,54746.0,210773.0,Available,Available,200,110,,,06/20 00:00:00 EDT,w4,0,2015-06-24 00:00:00,Contract,Contract,27373,27373,191612,6129,61140,0,0,0,0,177474,177475,0,0,0,0,0,0,0,0,0,0,0,0,0,0,27373,-1,54746,0,210773,True,True,149633,True,0,0,6129,0,61140,-1,-1,-1,0,0
2015-06-20,2015-06-20 00:00:00,BP,Channel: 50 - Commercial,CANTON OH - BUCKEYE (PLANT 9180),REGULAR,27373,191612,3,32008,0,32008,32008,181641,0,w6,32008,0,181641,54746.0,210773.0,Available,Available,200,110,,,06/21 00:00:00 EDT,w4,0,2015-06-24 00:00:00,Contract,Contract,27373,27373,191612,22738,29132,0,0,0,0,190947,190948,0,0,0,0,0,0,0,0,0,0,0,0,0,0,27373,-1,54746,0,210773,True,True,181641,True,0,0,22738,0,29132,-1,-1,-1,0,0
2015-06-21,2015-06-21 00:00:00,BP,Channel: 50 - Commercial,CANTON OH - BUCKEYE (PLANT 9180),REGULAR,27373,191612,3,25312,0,25312,25312,206953,0,w6,25312,0,206953,54746.0,210773.0,Available,Available,200,110,,,06/22 00:00:00 EDT,w4,0,2015-06-24 00:00:00,Contract,Contract,27373,27373,191612,29434,3820,0,0,0,0,217289,217290,0,0,0,0,0,0,0,0,0,0,0,0,0,0,27373,-1,54746,0,210773,True,True,206953,True,0,0,29434,0,3820,-1,-1,-1,0,0
2015-06-22,2015-06-22 00:00:00,BP,Channel: 50 - Commercial,CANTON OH - BUCKEYE (PLANT 9180),REGULAR,27373,191612,3,16609,0,16609,16609,223562,0,w6,16609,0,223562,54746.0,210773.0,Available,Available,200,110,,,06/23 00:00:00 EDT,w4,0,2015-06-24 00:00:00,Contract,Contract,27373,27373,191612,45741,-5185,8000,8000,396,396,239278,239279,0,0,0,0,0,0,0,0,0,0,0,0,0,0,27373,-1,54746,0,210773,True,True,223562,True,0,0,38137,0,-12789,-1,-1,8000,0,0
2015-06-23,2015-06-23 00:00:00,BP,Channel: 50 - Commercial,CANTON OH - BUCKEYE (PLANT 9180),REGULAR,27373,191612,0,8501,0,8501,8501,232063,0,w6,8501,0,232063,54746.0,210773.0,Out,Out,200,110,,,06/24 00:00:00 EDT,w4,0,2015-06-24 00:00:00,Contract,Contract,27373,27373,191612,54746,-5185,8000,8000,8105,8105,278169,278170,0,0,0,0,0,0,0,0,0,0,0,0,0,0,27373,-1,54746,0,210773,True,True,232063,True,0,0,46245,0,-21290,-1,-1,8000,0,0
2015-06-24,2015-06-24 00:00:00,BP,Channel: 50 - Commercial,CANTON OH - BUCKEYE (PLANT 9180),REGULAR,27373,191612,3,8500,0,8500,8500,8500,0,w7,8500,0,8500,54746.0,210773.0,Available,Available,200,110,,,06/25 00:00:00 EDT,w5,0,2015-07-01 00:00:00,Contract,Contract,27373,27373,191612,46246,202273,0,0,0,0,307353,307354,0,0,0,0,0,0,0,0,0,0,0,0,0,0,27373,-1,54746,0,210773,True,True,8500,True,0,0,46246,0,202273,-1,-1,-1,0,0
2015-06-25,2015-06-25 00:00:00,BP,Channel: 50 - Commercial,CANTON OH - BUCKEYE (PLANT 9180),REGULAR,27373,191612,3,0,0,0,0,8500,0,w7,0,0,8500,54746.0,210773.0,Available,Available,200,110,,,06/26 00:00:00 EDT,w5,0,2015-07-01 00:00:00,Contract,Contract,27373,27373,191612,54746,202273,0,0,0,0,338682,338683,0,0,0,0,0,0,0,0,0,0,0,0,0,0,27373,-1,54746,0,210773,True,True,8500,True,0,0,54746,0,202273,-1,-1,-1,0,0
2015-06-26,2015-06-26 00:00:00,BP,Channel: 50 - Commercial,CANTON OH - BUCKEYE (PLANT 9180),REGULAR,27373,191612,3,23674,0,23674,23674,32174,0,w7,23674,0,32174,54746.0,210773.0,Available,Available,200,110,,,06/27 00:00:00 EDT,w5,0,2015-07-01 00:00:00,Contract,Contract,27373,27373,191612,31072,178599,0,0,0,0,368990,368991,0,0,0,0,0,0,0,0,0,0,0,0,0,0,27373,-1,54746,0,210773,True,True,32174,True,0,0,31072,0,178599,-1,-1,-1,0,0
2015-06-27,2015-06-27 00:00:00,BP,Channel: 50 - Commercial,CANTON OH - BUCKEYE (PLANT 9180),REGULAR,27373,191612,3,13199,0,13199,13199,45373,0,w7,13199,0,45373,54746.0,210773.0,Available,Available,200,110,,,06/28 00:00:00 EDT,w5,0,2015-07-01 00:00:00,Contract,Contract,27373,27373,191612,41547,165400,0,0,0,0,396072,396073,0,0,0,0,0,0,0,0,0,0,0,0,0,0,27373,-1,54746,0,210773,True,True,45373,True,0,0,41547,0,165400,-1,-1,-1,0,0
2015-06-28,2015-06-28 00:00:00,BP,Channel: 50 - Commercial,CANTON OH - BUCKEYE (PLANT 9180),REGULAR,27373,191612,3,0,0,0,0,45373,0,w7,0,0,45373,54746.0,210773.0,Available,Available,200,110,,,06/29 00:00:00 EDT,w5,0,2015-07-01 00:00:00,Contract,Contract,27373,27373,191612,54746,165400,0,0,0,0,420433,420434,0,0,0,0,0,0,0,0,0,0,0,0,0,0,27373,-1,54746,0,210773,True,True,45373,True,0,0,54746,0,165400,-1,-1,-1,0,0
2015-06-29,2015-06-29 00:00:00,BP,Channel: 50 - Commercial,CANTON OH - BUCKEYE (PLANT 9180),REGULAR,27373,191612,3,33716,0,33716,33716,79089,0,w7,33716,0,79089,54746.0,210773.0,Available,Available,200,110,,,06/30 00:00:00 EDT,w5,0,2015-07-01 00:00:00,Contract,Contract,27373,27373,191612,21030,131684,0,0,0,0,451249,451250,0,0,0,0,0,0,0,0,0,0,0,0,0,0,27373,-1,54746,0,210773,True,True,79089,True,0,0,21030,0,131684,-1,-1,-1,0,0
2015-06-30,2015-06-30 00:00:00,BP,Channel: 50 - Commercial,CANTON OH - BUCKEYE (PLANT 9180),REGULAR,27373,191612,0,41407,0,41407,41407,120496,0,w7,41407,0,120496,54746.0,210773.0,Available,Available,200,110,,,07/01 00:00:00 EDT,w5,0,2015-07-01 00:00:00,Contract,Contract,27373,27373,191612,13339,90277,0,0,0,0,477914,477915,0,0,0,0,0,0,0,0,0,0,0,0,0,0,27373,-1,54746,0,210773,True,True,120496,True,0,0,13339,0,90277,-1,-1,-1,0,0
