,date,supplier_name,account_type,supplier_terminal_name,product_name,base_gallons_Daily,base_gallons_Monthly,base_gallons_Weekly,lifted_gallons_daily_flag,lifted_gallons_daily_modified,Modified_WeeksByLiftedGallons,lifted_gallons_modified_WeeksByLiftedGallons,lifted_gallons_Daily,Lifted_actual_monthly,lifted_gallons_monthly_flag,lifted_gallons_Monthly,Lifted_actual_weekly,lifted_gallons_weekly_flag,WeeksByLiftedGallons,lifted_gallonsWeekly_modified_aposteriori,Modified_LiftedGallonsaposteriori,lifted_gallons_Weekly,beginning_gallons_Daily,beginning_gallons_Monthly,beginning_gallons_Weekly,en_allocation_status_Daily,en_allocation_status_Monthly,en_allocation_status_Weekly,percentage_allocation_Daily,percentage_allocation_Monthly,percentage_allocation_Weekly,alerts_ratability_Daily,alerts_ratability_Monthly,alerts_ratability_Weekly,next_refresh_date_Daily,next_refresh_date_Monthly,Week_switch,Modified_NRD,next_refresh_date_Weekly,en_account_type_Daily,en_account_type_Monthly,en_account_type_Weekly,NRB_Daily,next_refresh_base_gallons_Daily,NRB_Monthly,next_refresh_base_gallons_Monthly,next_refresh_base_gallons_Weekly,remaining_gallons_Daily,remaining_gallons_Monthly,remaining_gallons_Weekly,additional_gallons_allowed_Daily,additional_gallons_allowed_Monthly,additional_gallons_allowed_Weekly,additional_gallons_remaining_Daily,additional_gallons_remaining_Monthly,additional_gallons_remaining_Weekly,staging_id_Daily,staging_id_Monthly,staging_id_Weekly,base_gallons_Daily_Reconciled,base_gallons_Monthly_Reconciled,base_gallons_Weekly_Reconciled,beginning_gallons_Daily_Reconciled,beginning_gallons_Monthly_Reconciled,beginning_gallons_Weekly_Reconciled,sanityWeekly_CumulativeDaily_WeeksByLiftedGallons,sanityWeekly_CumulativeDaily_NextRefreshDate,computedWeekly,sanityComputedWeekly,computedMonthly,sanityComputedMonthly,remaining_gallons_Daily_Reconciled,remaining_gallons_Monthly_Reconciled,remaining_gallons_Weekly_Reconciled,additional_gallons_remaining_Daily_Reconciled,additional_gallons_remaining_Monthly_Reconciled,additional_gallons_remaining_Weekly_Reconciled,sanityMonthly_CumulativeDaily_WeeksByLiftedGallons,sanityMonthly_CumulativeDaily_WeeksByNextRefreshDate
2015-08-01,2015-08-01 00:00:00,Exxon,PILOT TRAVEL CENTERS LLC 103637 IW,MEMPHIS TN (MOC) - 00QE,Reg CBOB,36284,-1,253987,3,55805,0,55805,55805,-1,0,-1,158055,0,w1,55805,0,158055,54426,-1,355582,Out,-1,Out,150,100,140,On Track,-1,On Track,08/02 00:00:00 CDT,-1,w1,0,2015-08-06 00:00:00,Contract,-1,Contract,36284,36284,-1,-1,253987,-1379,-1,197527,0,-1,0,0,-1,0,1273485,-1,1273486,36284,-1,253987,54426,-1,355582,True,True,55805,False,0,0,-1379,-1,197527,-1,-1,-1,0,0
2015-08-02,2015-08-02 00:00:00,Exxon,PILOT TRAVEL CENTERS LLC 103637 IW,MEMPHIS TN (MOC) - 00QE,Reg CBOB,36284,-1,253987,3,46725,0,46725,46725,-1,0,-1,204780,0,w1,46725,0,204780,54426,-1,355582,Available,-1,Available,150,100,140,On Track,-1,On Track,08/03 00:00:00 CDT,-1,w1,0,2015-08-06 00:00:00,Contract,-1,Contract,36284,36284,-1,-1,253987,7701,-1,150802,0,-1,0,0,-1,0,1303444,-1,1303445,36284,-1,253987,54426,-1,355582,True,True,102530,False,0,0,7701,-1,150802,-1,-1,-1,0,0
2015-08-03,2015-08-03 00:00:00,Exxon,PILOT TRAVEL CENTERS LLC 103637 IW,MEMPHIS TN (MOC) - 00QE,Reg CBOB,36284,-1,253987,3,41400,0,41400,41400,-1,0,-1,246180,0,w1,41400,0,246180,54426,-1,355582,Available,-1,Available,150,100,140,Below Trend,-1,On Track,08/04 00:00:00 CDT,-1,w1,0,2015-08-06 00:00:00,Contract,-1,Contract,36284,36284,-1,-1,253987,13026,-1,109402,0,-1,0,0,-1,0,1332763,-1,1332764,36284,-1,253987,54426,-1,355582,True,True,143930,False,0,0,13026,-1,109402,-1,-1,-1,0,0
2015-08-04,2015-08-04 00:00:00,Exxon,PILOT TRAVEL CENTERS LLC 103637 IW,MEMPHIS TN (MOC) - 00QE,Reg CBOB,36284,-1,253987,3,25001,0,25001,25001,-1,0,-1,271181,0,w1,25001,0,271181,54426,-1,355582,Available,-1,Available,150,100,140,Below Trend,-1,On Track,08/05 00:00:00 CDT,-1,w1,0,2015-08-06 00:00:00,Contract,-1,Contract,36284,36284,-1,-1,253987,29425,-1,84401,0,-1,0,0,-1,0,1362947,-1,1362948,36284,-1,253987,54426,-1,355582,True,True,168931,False,0,0,29425,-1,84401,-1,-1,-1,0,0
2015-08-05,2015-08-05 00:00:00,Exxon,PILOT TRAVEL CENTERS LLC 103637 IW,MEMPHIS TN (MOC) - 00QE,Reg CBOB,36284,-1,253987,0,60910,0,60910,60910,-1,0,-1,332091,0,w1,60910,0,332091,54426,-1,355582,Out,-1,Out,150,100,140,On Track,-1,On Track,08/06 00:00:00 CDT,-1,w1,0,2015-08-06 00:00:00,Contract,-1,Contract,36284,36284,-1,-1,253987,-6484,-1,23491,0,-1,0,0,-1,0,1394113,-1,1394114,36284,-1,253987,54426,-1,355582,True,True,229841,False,0,0,-6484,-1,23491,-1,-1,-1,0,0
2015-08-06,2015-08-06 00:00:00,Exxon,PILOT TRAVEL CENTERS LLC 103637 IW,MEMPHIS TN (MOC) - 00QE,Reg CBOB,36284,-1,253987,3,45811,0,45811,45811,-1,0,-1,45811,0,w2,45811,0,45811,54426,-1,355582,Available,-1,Available,150,100,140,On Track,-1,On Track,08/07 00:00:00 CDT,-1,w2,0,2015-08-13 00:00:00,Contract,-1,Contract,36284,36284,-1,-1,253987,8615,-1,309771,0,-1,0,0,-1,0,1428303,-1,1428304,36284,-1,253987,54426,-1,355582,True,True,45811,True,0,0,8615,-1,309771,-1,-1,-1,0,0
2015-08-07,2015-08-07 00:00:00,Exxon,PILOT TRAVEL CENTERS LLC 103637 IW,MEMPHIS TN (MOC) - 00QE,Reg CBOB,36284,-1,253987,3,47600,0,47600,47600,-1,0,-1,93411,0,w2,47600,0,93411,54426,-1,355582,Available,-1,Available,150,100,140,On Track,-1,On Track,08/08 00:00:00 CDT,-1,w2,0,2015-08-13 00:00:00,Contract,-1,Contract,36284,36284,-1,-1,253987,6826,-1,262171,0,-1,0,0,-1,0,1462815,-1,1462816,36284,-1,253987,54426,-1,355582,True,True,93411,True,0,0,6826,-1,262171,-1,-1,-1,0,0
2015-08-08,2015-08-08 00:00:00,Exxon,PILOT TRAVEL CENTERS LLC 103637 IW,MEMPHIS TN (MOC) - 00QE,Reg CBOB,36284,-1,253987,3,72626,0,72626,72626,-1,0,-1,166037,0,w2,72626,0,166037,54426,-1,355582,Out,-1,Out,150,100,140,Above Trend,-1,On Track,08/09 00:00:00 CDT,-1,w2,0,2015-08-13 00:00:00,Contract,-1,Contract,36284,36284,-1,-1,253987,-1200,-1,206545,16000,-1,16000,1000,-1,1000,1497104,-1,1497105,36284,-1,253987,54426,-1,355582,True,True,166037,True,0,0,-18200,-1,189545,16000,-1,-1,0,0
2015-08-09,2015-08-09 00:00:00,Exxon,PILOT TRAVEL CENTERS LLC 103637 IW,MEMPHIS TN (MOC) - 00QE,Reg CBOB,36284,-1,253987,3,45100,0,45100,45100,-1,0,-1,211137,0,w2,45100,0,211137,54426,-1,355582,Available,-1,Available,150,100,140,On Track,-1,On Track,08/10 00:00:00 CDT,-1,w2,0,2015-08-13 00:00:00,Contract,-1,Contract,36284,36284,-1,-1,253987,9326,-1,161445,16000,-1,16000,1000,-1,1000,1530789,-1,1530790,36284,-1,253987,54426,-1,355582,True,True,211137,True,0,0,9326,-1,144445,-1,-1,-1,0,0
2015-08-10,2015-08-10 00:00:00,Exxon,PILOT TRAVEL CENTERS LLC 103637 IW,MEMPHIS TN (MOC) - 00QE,Reg CBOB,36284,-1,253987,3,39062,0,39062,39062,-1,0,-1,250199,0,w2,39062,0,250199,54426,-1,355582,Available,-1,Available,150,100,140,Below Trend,-1,On Track,08/11 00:00:00 CDT,-1,w2,0,2015-08-13 00:00:00,Contract,-1,Contract,36284,36284,-1,-1,253987,15364,-1,122383,0,-1,0,0,-1,0,1563896,-1,1563897,36284,-1,253987,54426,-1,355582,True,True,250199,True,0,0,15364,-1,105383,-1,-1,-1,0,0
2015-08-11,2015-08-11 00:00:00,Exxon,PILOT TRAVEL CENTERS LLC 103637 IW,MEMPHIS TN (MOC) - 00QE,Reg CBOB,36284,-1,253987,3,60150,0,47100,47100,-1,0,-1,297299,0,w2,47100,0,297299,54426,-1,355582,Available,-1,Available,150,100,140,On Track,-1,On Track,08/12 00:00:00 CDT,-1,w2,0,2015-08-13 00:00:00,Contract,-1,Contract,36284,36284,-1,-1,253987,7326,-1,75283,0,-1,0,0,-1,0,1595636,-1,1595637,36284,-1,253987,54426,-1,355582,True,False,310349,True,0,0,-5724,-1,58283,-1,-1,-1,0,0
2015-08-12,2015-08-12 00:00:00,Exxon,PILOT TRAVEL CENTERS LLC 103637 IW,MEMPHIS TN (MOC) - 00QE,Reg CBOB,36284,-1,253987,0,30610,1,43660,30610,-1,0,-1,340959,0,w2,30610,0,340959,54426,-1,355582,Available,-1,Available,150,100,140,Below Trend,-1,On Track,08/13 00:00:00 CDT,-1,w2,0,2015-08-13 00:00:00,Contract,-1,Contract,36284,36284,-1,-1,253987,23816,-1,31623,0,-1,0,0,-1,0,1636141,-1,1636142,36284,-1,253987,54426,-1,355582,True,True,340959,True,0,0,23816,-1,14623,-1,-1,-1,0,0
2015-08-13,2015-08-13 00:00:00,Exxon,PILOT TRAVEL CENTERS LLC 103637 IW,MEMPHIS TN (MOC) - 00QE,Reg CBOB,36284,-1,253987,0,30300,0,30300,30300,-1,0,-1,30300,0,w3,30300,0,30300,54426,-1,355582,Available,-1,Available,150,100,140,Above Trend,-1,Above Trend,08/14 00:00:00 CDT,-1,w3,0,2015-08-20 00:00:00,Contract,-1,Contract,36284,36284,-1,-1,253987,24126,-1,325282,0,-1,0,0,-1,0,1648165,-1,1648166,36284,-1,253987,54426,-1,355582,True,True,0,0,0,0,24126,-1,325282,-1,-1,-1,0,0
2015-08-14,2015-08-14 00:00:00,Exxon,PILOT TRAVEL CENTERS LLC 103637 IW,MEMPHIS TN (MOC) - 00QE,Reg CBOB,36284,-1,253987,0,-1,0,-1,-1,-1,0,-1,-1,0,w4,-1,0,-1,54426,-1,355582,-1,-1,-1,100,100,100,-1,-1,-1,-1,-1,w3,1,2015-08-20 00:00:00,-1,-1,-1,36284,-1,-1,-1,-1,-1,-1,-1,-1,-1,-1,-1,-1,-1,-1,-1,-1,54426,-1,355582,36284,-1,253987,True,False,0,0,0,0,54427,-1,355583,-1,-1,-1,0,0
2015-08-15,2015-08-15 00:00:00,Exxon,PILOT TRAVEL CENTERS LLC 103637 IW,MEMPHIS TN (MOC) - 00QE,Reg CBOB,36284,-1,253987,0,-1,0,-1,-1,-1,0,-1,-1,0,w4,-1,0,-1,54426,-1,355582,-1,-1,-1,100,100,100,-1,-1,-1,-1,-1,w3,1,2015-08-20 00:00:00,-1,-1,-1,36284,-1,-1,-1,-1,-1,-1,-1,-1,-1,-1,-1,-1,-1,-1,-1,-1,54426,-1,355582,36284,-1,253987,False,False,0,0,0,0,54427,-1,355583,-1,-1,-1,0,0
2015-08-16,2015-08-16 00:00:00,Exxon,PILOT TRAVEL CENTERS LLC 103637 IW,MEMPHIS TN (MOC) - 00QE,Reg CBOB,36284,-1,253987,0,-1,0,-1,-1,-1,0,-1,-1,0,w4,-1,0,-1,54426,-1,355582,-1,-1,-1,100,100,100,-1,-1,-1,-1,-1,w3,1,2015-08-20 00:00:00,-1,-1,-1,36284,-1,-1,-1,-1,-1,-1,-1,-1,-1,-1,-1,-1,-1,-1,-1,-1,54426,-1,355582,36284,-1,253987,False,False,0,0,0,0,54427,-1,355583,-1,-1,-1,0,0
2015-08-17,2015-08-17 00:00:00,Exxon,PILOT TRAVEL CENTERS LLC 103637 IW,MEMPHIS TN (MOC) - 00QE,Reg CBOB,36284,-1,253987,0,-1,0,-1,-1,-1,0,-1,-1,0,w4,-1,0,-1,54426,-1,355582,-1,-1,-1,100,100,100,-1,-1,-1,-1,-1,w3,1,2015-08-20 00:00:00,-1,-1,-1,36284,-1,-1,-1,-1,-1,-1,-1,-1,-1,-1,-1,-1,-1,-1,-1,-1,54426,-1,355582,36284,-1,253987,False,False,0,0,0,0,54427,-1,355583,-1,-1,-1,0,0
2015-08-18,2015-08-18 00:00:00,Exxon,PILOT TRAVEL CENTERS LLC 103637 IW,MEMPHIS TN (MOC) - 00QE,Reg CBOB,36284,-1,253987,0,-1,0,-1,-1,-1,0,-1,-1,0,w4,-1,0,-1,54426,-1,355582,-1,-1,-1,100,100,100,-1,-1,-1,-1,-1,w3,1,2015-08-20 00:00:00,-1,-1,-1,36284,-1,-1,-1,-1,-1,-1,-1,-1,-1,-1,-1,-1,-1,-1,-1,-1,54426,-1,355582,36284,-1,253987,False,False,0,0,0,0,54427,-1,355583,-1,-1,-1,0,0
2015-08-19,2015-08-19 00:00:00,Exxon,PILOT TRAVEL CENTERS LLC 103637 IW,MEMPHIS TN (MOC) - 00QE,Reg CBOB,36284,-1,253987,0,-1,0,-1,-1,-1,0,-1,-1,0,w4,-1,0,-1,54426,-1,355582,-1,-1,-1,100,100,100,-1,-1,-1,-1,-1,w3,1,2015-08-20 00:00:00,-1,-1,-1,36284,-1,-1,-1,-1,-1,-1,-1,-1,-1,-1,-1,-1,-1,-1,-1,-1,54426,-1,355582,36284,-1,253987,False,False,0,0,0,0,54427,-1,355583,-1,-1,-1,0,0
2015-08-20,2015-08-20 00:00:00,Exxon,PILOT TRAVEL CENTERS LLC 103637 IW,MEMPHIS TN (MOC) - 00QE,Reg CBOB,36284,-1,253987,0,-1,0,-1,-1,-1,0,-1,-1,0,w4,-1,0,-1,54426,-1,355582,-1,-1,-1,100,100,100,-1,-1,-1,-1,-1,w4,1,2015-08-27 00:00:00,-1,-1,-1,36284,-1,-1,-1,-1,-1,-1,-1,-1,-1,-1,-1,-1,-1,-1,-1,-1,54426,-1,355582,36284,-1,253987,False,True,0,0,0,0,54427,-1,355583,-1,-1,-1,0,0
2015-08-21,2015-08-21 00:00:00,Exxon,PILOT TRAVEL CENTERS LLC 103637 IW,MEMPHIS TN (MOC) - 00QE,Reg CBOB,36284,-1,253987,0,-1,0,-1,-1,-1,0,-1,-1,0,w4,-1,0,-1,54426,-1,355582,-1,-1,-1,100,100,100,-1,-1,-1,-1,-1,w4,1,2015-08-27 00:00:00,-1,-1,-1,36284,-1,-1,-1,-1,-1,-1,-1,-1,-1,-1,-1,-1,-1,-1,-1,-1,54426,-1,355582,36284,-1,253987,False,False,0,0,0,0,54427,-1,355583,-1,-1,-1,0,0
2015-08-22,2015-08-22 00:00:00,Exxon,PILOT TRAVEL CENTERS LLC 103637 IW,MEMPHIS TN (MOC) - 00QE,Reg CBOB,36284,-1,253987,0,-1,0,-1,-1,-1,0,-1,-1,0,w4,-1,0,-1,54426,-1,355582,-1,-1,-1,100,100,100,-1,-1,-1,-1,-1,w4,1,2015-08-27 00:00:00,-1,-1,-1,36284,-1,-1,-1,-1,-1,-1,-1,-1,-1,-1,-1,-1,-1,-1,-1,-1,54426,-1,355582,36284,-1,253987,False,False,0,0,0,0,54427,-1,355583,-1,-1,-1,0,0
2015-08-23,2015-08-23 00:00:00,Exxon,PILOT TRAVEL CENTERS LLC 103637 IW,MEMPHIS TN (MOC) - 00QE,Reg CBOB,36284,-1,253987,0,-1,0,-1,-1,-1,0,-1,-1,0,w4,-1,0,-1,54426,-1,355582,-1,-1,-1,100,100,100,-1,-1,-1,-1,-1,w4,1,2015-08-27 00:00:00,-1,-1,-1,36284,-1,-1,-1,-1,-1,-1,-1,-1,-1,-1,-1,-1,-1,-1,-1,-1,54426,-1,355582,36284,-1,253987,False,False,0,0,0,0,54427,-1,355583,-1,-1,-1,0,0
2015-08-24,2015-08-24 00:00:00,Exxon,PILOT TRAVEL CENTERS LLC 103637 IW,MEMPHIS TN (MOC) - 00QE,Reg CBOB,36284,-1,253987,0,-1,0,-1,-1,-1,0,-1,-1,0,w4,-1,0,-1,54426,-1,355582,-1,-1,-1,100,100,100,-1,-1,-1,-1,-1,w4,1,2015-08-27 00:00:00,-1,-1,-1,36284,-1,-1,-1,-1,-1,-1,-1,-1,-1,-1,-1,-1,-1,-1,-1,-1,54426,-1,355582,36284,-1,253987,False,False,0,0,0,0,54427,-1,355583,-1,-1,-1,0,0
2015-08-25,2015-08-25 00:00:00,Exxon,PILOT TRAVEL CENTERS LLC 103637 IW,MEMPHIS TN (MOC) - 00QE,Reg CBOB,36284,-1,253987,0,-1,0,-1,-1,-1,0,-1,-1,0,w4,-1,0,-1,54426,-1,355582,-1,-1,-1,100,100,100,-1,-1,-1,-1,-1,w4,1,2015-08-27 00:00:00,-1,-1,-1,36284,-1,-1,-1,-1,-1,-1,-1,-1,-1,-1,-1,-1,-1,-1,-1,-1,54426,-1,355582,36284,-1,253987,False,False,0,0,0,0,54427,-1,355583,-1,-1,-1,0,0
2015-08-26,2015-08-26 00:00:00,Exxon,PILOT TRAVEL CENTERS LLC 103637 IW,MEMPHIS TN (MOC) - 00QE,Reg CBOB,36284,-1,253987,0,-1,0,-1,-1,-1,0,-1,-1,0,w4,-1,0,-1,54426,-1,355582,-1,-1,-1,100,100,100,-1,-1,-1,-1,-1,w4,1,2015-08-27 00:00:00,-1,-1,-1,36284,-1,-1,-1,-1,-1,-1,-1,-1,-1,-1,-1,-1,-1,-1,-1,-1,54426,-1,355582,36284,-1,253987,False,False,0,0,0,0,54427,-1,355583,-1,-1,-1,0,0
2015-08-27,2015-08-27 00:00:00,Exxon,PILOT TRAVEL CENTERS LLC 103637 IW,MEMPHIS TN (MOC) - 00QE,Reg CBOB,36284,-1,253987,0,-1,0,-1,-1,-1,0,-1,-1,0,w4,-1,0,-1,54426,-1,355582,-1,-1,-1,100,100,100,-1,-1,-1,-1,-1,w5,1,2015-09-03 00:00:00,-1,-1,-1,36284,-1,-1,-1,-1,-1,-1,-1,-1,-1,-1,-1,-1,-1,-1,-1,-1,54426,-1,355582,36284,-1,253987,False,True,0,0,0,0,54427,-1,355583,-1,-1,-1,0,0
2015-08-28,2015-08-28 00:00:00,Exxon,PILOT TRAVEL CENTERS LLC 103637 IW,MEMPHIS TN (MOC) - 00QE,Reg CBOB,36284,-1,253987,0,-1,0,-1,-1,-1,0,-1,-1,0,w4,-1,0,-1,54426,-1,355582,-1,-1,-1,100,100,100,-1,-1,-1,-1,-1,w5,1,2015-09-03 00:00:00,-1,-1,-1,36284,-1,-1,-1,-1,-1,-1,-1,-1,-1,-1,-1,-1,-1,-1,-1,-1,54426,-1,355582,36284,-1,253987,False,False,0,0,0,0,54427,-1,355583,-1,-1,-1,0,0
2015-08-29,2015-08-29 00:00:00,Exxon,PILOT TRAVEL CENTERS LLC 103637 IW,MEMPHIS TN (MOC) - 00QE,Reg CBOB,36284,-1,253987,0,-1,0,-1,-1,-1,0,-1,-1,0,w4,-1,0,-1,54426,-1,355582,-1,-1,-1,100,100,100,-1,-1,-1,-1,-1,w5,1,2015-09-03 00:00:00,-1,-1,-1,36284,-1,-1,-1,-1,-1,-1,-1,-1,-1,-1,-1,-1,-1,-1,-1,-1,54426,-1,355582,36284,-1,253987,False,False,0,0,0,0,54427,-1,355583,-1,-1,-1,0,0
2015-08-30,2015-08-30 00:00:00,Exxon,PILOT TRAVEL CENTERS LLC 103637 IW,MEMPHIS TN (MOC) - 00QE,Reg CBOB,36284,-1,253987,0,-1,0,-1,-1,-1,0,-1,-1,0,w4,-1,0,-1,54426,-1,355582,-1,-1,-1,100,100,100,-1,-1,-1,-1,-1,w5,1,2015-09-03 00:00:00,-1,-1,-1,36284,-1,-1,-1,-1,-1,-1,-1,-1,-1,-1,-1,-1,-1,-1,-1,-1,54426,-1,355582,36284,-1,253987,False,False,0,0,0,0,54427,-1,355583,-1,-1,-1,0,0
2015-08-31,2015-08-31 00:00:00,Exxon,PILOT TRAVEL CENTERS LLC 103637 IW,MEMPHIS TN (MOC) - 00QE,Reg CBOB,36284,-1,253987,0,-1,0,-1,-1,-1,0,-1,-1,0,w4,-1,0,-1,54426,-1,355582,-1,-1,-1,100,100,100,-1,-1,-1,-1,-1,w5,1,2015-09-03 00:00:00,-1,-1,-1,36284,-1,-1,-1,-1,-1,-1,-1,-1,-1,-1,-1,-1,-1,-1,-1,-1,54426,-1,355582,36284,-1,253987,False,False,0,0,0,0,54427,-1,355583,-1,-1,-1,0,0
