,date,supplier_name,account_type,supplier_terminal_name,product_name,base_gallons_Daily,base_gallons_Monthly,base_gallons_Weekly,lifted_gallons_daily_flag,lifted_gallons_daily_modified,Modified_WeeksByLiftedGallons,lifted_gallons_modified_WeeksByLiftedGallons,lifted_gallons_Daily,Lifted_actual_monthly,lifted_gallons_monthly_flag,lifted_gallons_Monthly,Lifted_actual_weekly,lifted_gallons_weekly_flag,WeeksByLiftedGallons,lifted_gallonsWeekly_modified_aposteriori,Modified_LiftedGallonsaposteriori,lifted_gallons_Weekly,beginning_gallons_Daily,beginning_gallons_Monthly,beginning_gallons_Weekly,en_allocation_status_Daily,en_allocation_status_Monthly,en_allocation_status_Weekly,percentage_allocation_Daily,percentage_allocation_Monthly,percentage_allocation_Weekly,alerts_ratability_Daily,alerts_ratability_Monthly,alerts_ratability_Weekly,next_refresh_date_Daily,next_refresh_date_Monthly,Week_switch,Modified_NRD,next_refresh_date_Weekly,en_account_type_Daily,en_account_type_Monthly,en_account_type_Weekly,NRB_Daily,next_refresh_base_gallons_Daily,NRB_Monthly,next_refresh_base_gallons_Monthly,next_refresh_base_gallons_Weekly,remaining_gallons_Daily,remaining_gallons_Monthly,remaining_gallons_Weekly,additional_gallons_allowed_Daily,additional_gallons_allowed_Monthly,additional_gallons_allowed_Weekly,additional_gallons_remaining_Daily,additional_gallons_remaining_Monthly,additional_gallons_remaining_Weekly,staging_id_Daily,staging_id_Monthly,staging_id_Weekly,base_gallons_Daily_Reconciled,base_gallons_Monthly_Reconciled,base_gallons_Weekly_Reconciled,beginning_gallons_Daily_Reconciled,beginning_gallons_Monthly_Reconciled,beginning_gallons_Weekly_Reconciled,sanityWeekly_CumulativeDaily_WeeksByLiftedGallons,sanityWeekly_CumulativeDaily_NextRefreshDate,computedWeekly,sanityComputedWeekly,computedMonthly,sanityComputedMonthly,remaining_gallons_Daily_Reconciled,remaining_gallons_Monthly_Reconciled,remaining_gallons_Weekly_Reconciled,additional_gallons_remaining_Daily_Reconciled,additional_gallons_remaining_Monthly_Reconciled,additional_gallons_remaining_Weekly_Reconciled,sanityMonthly_CumulativeDaily_WeeksByLiftedGallons,sanityMonthly_CumulativeDaily_WeeksByNextRefreshDate
2015-08-01,2015-08-01 00:00:00,Exxon,PILOT TRAVEL CENTERS LLC 103637 IW,BATON ROUGE LA (MOC) - 00CE,Reg CG DS,9677,-1,67742,3,17000,0,17000,17000,-1,0,-1,43001,0,w1,17000,0,43001,14516,-1,94839,Out,-1,Out,150,100,140,Above Trend,-1,On Track,08/02 00:00:00 CDT,-1,w1,0,2015-08-06 00:00:00,Contract,-1,Contract,9677,9677,-1,-1,67742,-2485,-1,51838,0,-1,0,0,-1,0,1273461,-1,1273462,9677,-1,67742,14516,-1,94839,True,True,17000,False,0,0,-2484,-1,51838,-1,-1,-1,0,0
2015-08-02,2015-08-02 00:00:00,Exxon,PILOT TRAVEL CENTERS LLC 103637 IW,BATON ROUGE LA (MOC) - 00CE,Reg CG DS,9677,-1,67742,3,22201,0,22201,22201,-1,0,-1,65202,0,w1,22201,0,65202,14516,-1,94839,Out,-1,Out,150,100,140,Above Trend,-1,Above Trend,08/03 00:00:00 CDT,-1,w1,0,2015-08-06 00:00:00,Contract,-1,Contract,9677,9677,-1,-1,67742,-7686,-1,29637,0,-1,0,0,-1,0,1303420,-1,1303421,9677,-1,67742,14516,-1,94839,True,True,39201,False,0,0,-7685,-1,29637,-1,-1,-1,0,0
2015-08-03,2015-08-03 00:00:00,Exxon,PILOT TRAVEL CENTERS LLC 103637 IW,BATON ROUGE LA (MOC) - 00CE,Reg CG DS,9677,-1,67742,3,17700,0,17700,17700,-1,0,-1,82902,0,w1,17700,0,82902,14516,-1,94839,Out,-1,Out,150,100,140,Above Trend,-1,Above Trend,08/04 00:00:00 CDT,-1,w1,0,2015-08-06 00:00:00,Contract,-1,Contract,9677,9677,-1,-1,67742,-3185,-1,11937,0,-1,0,0,-1,0,1332739,-1,1332740,9677,-1,67742,14516,-1,94839,True,True,56901,False,0,0,-3184,-1,11937,-1,-1,-1,0,0
2015-08-04,2015-08-04 00:00:00,Exxon,PILOT TRAVEL CENTERS LLC 103637 IW,BATON ROUGE LA (MOC) - 00CE,Reg CG DS,9677,-1,67742,3,24400,0,24400,24400,-1,0,-1,107302,0,w1,24400,0,107302,14516,-1,94839,Available,-1,Available,150,100,140,Above Trend,-1,Above Trend,08/05 00:00:00 CDT,-1,w1,0,2015-08-06 00:00:00,Contract,-1,Contract,9677,9677,-1,-1,67742,-2285,-1,-4863,9000,-1,9000,1400,-1,1400,1362922,-1,1362923,9677,-1,67742,14516,-1,94839,True,True,81301,False,0,0,-9884,-1,-12463,9000,-1,9000,0,0
2015-08-05,2015-08-05 00:00:00,Exxon,PILOT TRAVEL CENTERS LLC 103637 IW,BATON ROUGE LA (MOC) - 00CE,Reg CG DS,9677,-1,67742,0,0,0,0,0,-1,0,-1,107302,0,w1,0,0,107302,14516,-1,94839,Out,-1,Out,150,100,140,Below Trend,-1,On Track,08/06 00:00:00 CDT,-1,w1,0,2015-08-06 00:00:00,Contract,-1,Contract,9677,9677,-1,-1,67742,14516,-1,-4863,0,-1,0,0,-1,0,1394088,-1,1394089,9677,-1,67742,14516,-1,94839,True,True,81301,False,0,0,14516,-1,-12463,-1,-1,-1,0,0
2015-08-06,2015-08-06 00:00:00,Exxon,PILOT TRAVEL CENTERS LLC 103637 IW,BATON ROUGE LA (MOC) - 00CE,Reg CG DS,9677,-1,67742,3,16701,0,16701,16701,-1,0,-1,16701,0,w2,16701,0,16701,14516,-1,94839,Out,-1,Out,150,100,140,Above Trend,-1,Above Trend,08/07 00:00:00 CDT,-1,w2,0,2015-08-13 00:00:00,Contract,-1,Contract,9677,9677,-1,-1,67742,-2186,-1,78138,0,-1,0,0,-1,0,1428279,-1,1428280,9677,-1,67742,14516,-1,94839,True,True,16701,True,0,0,-2185,-1,78138,-1,-1,-1,0,0
2015-08-07,2015-08-07 00:00:00,Exxon,PILOT TRAVEL CENTERS LLC 103637 IW,BATON ROUGE LA (MOC) - 00CE,Reg CG DS,9677,-1,67742,3,0,0,0,0,-1,0,-1,16701,0,w2,0,0,16701,14516,-1,94839,Available,-1,Available,150,100,140,Below Trend,-1,Below Trend,08/08 00:00:00 CDT,-1,w2,0,2015-08-13 00:00:00,Contract,-1,Contract,9677,9677,-1,-1,67742,14516,-1,78138,0,-1,0,0,-1,0,1462791,-1,1462792,9677,-1,67742,14516,-1,94839,True,True,16701,True,0,0,14516,-1,78138,-1,-1,-1,0,0
2015-08-08,2015-08-08 00:00:00,Exxon,PILOT TRAVEL CENTERS LLC 103637 IW,BATON ROUGE LA (MOC) - 00CE,Reg CG DS,9677,-1,67742,3,9000,0,9000,9000,-1,0,-1,25701,0,w2,9000,0,25701,14516,-1,94839,Available,-1,Available,150,100,140,Below Trend,-1,Below Trend,08/09 00:00:00 CDT,-1,w2,0,2015-08-13 00:00:00,Contract,-1,Contract,9677,9677,-1,-1,67742,5516,-1,69138,0,-1,0,0,-1,0,1497080,-1,1497081,9677,-1,67742,14516,-1,94839,True,True,25701,True,0,0,5516,-1,69138,-1,-1,-1,0,0
2015-08-09,2015-08-09 00:00:00,Exxon,PILOT TRAVEL CENTERS LLC 103637 IW,BATON ROUGE LA (MOC) - 00CE,Reg CG DS,9677,-1,67742,3,18000,0,18000,18000,-1,0,-1,43701,0,w2,18000,0,43701,14516,-1,94839,Out,-1,Out,150,100,140,Above Trend,-1,On Track,08/10 00:00:00 CDT,-1,w2,0,2015-08-13 00:00:00,Contract,-1,Contract,9677,9677,-1,-1,67742,-3485,-1,51138,0,-1,0,0,-1,0,1530765,-1,1530766,9677,-1,67742,14516,-1,94839,True,True,43701,True,0,0,-3484,-1,51138,-1,-1,-1,0,0
2015-08-10,2015-08-10 00:00:00,Exxon,PILOT TRAVEL CENTERS LLC 103637 IW,BATON ROUGE LA (MOC) - 00CE,Reg CG DS,9677,-1,67742,3,16601,0,16601,16601,-1,0,-1,60302,0,w2,16601,0,60302,14516,-1,94839,Out,-1,Out,150,100,140,On Track,-1,On Track,08/11 00:00:00 CDT,-1,w2,0,2015-08-13 00:00:00,Contract,-1,Contract,9677,9677,-1,-1,67742,-2086,-1,34537,0,-1,0,0,-1,0,1563872,-1,1563873,9677,-1,67742,14516,-1,94839,True,True,60302,True,0,0,-2085,-1,34537,-1,-1,-1,0,0
2015-08-11,2015-08-11 00:00:00,Exxon,PILOT TRAVEL CENTERS LLC 103637 IW,BATON ROUGE LA (MOC) - 00CE,Reg CG DS,9677,-1,67742,3,7600,0,7600,7600,-1,0,-1,67902,0,w2,7600,0,67902,14516,-1,94839,Available,-1,Available,150,100,140,Below Trend,-1,On Track,08/12 00:00:00 CDT,-1,w2,0,2015-08-13 00:00:00,Contract,-1,Contract,9677,9677,-1,-1,67742,6916,-1,26937,0,-1,0,0,-1,0,1595612,-1,1595613,9677,-1,67742,14516,-1,94839,True,True,67902,True,0,0,6916,-1,26937,-1,-1,-1,0,0
2015-08-12,2015-08-12 00:00:00,Exxon,PILOT TRAVEL CENTERS LLC 103637 IW,BATON ROUGE LA (MOC) - 00CE,Reg CG DS,9677,-1,67742,0,7600,0,7600,7600,-1,0,-1,75502,0,w2,7600,0,75502,14516,-1,94839,Available,-1,Available,150,100,140,Below Trend,-1,On Track,08/13 00:00:00 CDT,-1,w2,0,2015-08-13 00:00:00,Contract,-1,Contract,9677,9677,-1,-1,67742,6916,-1,19337,0,-1,0,0,-1,0,1636117,-1,1636118,9677,-1,67742,14516,-1,94839,True,True,75502,True,0,0,6916,-1,19337,-1,-1,-1,0,0
2015-08-13,2015-08-13 00:00:00,Exxon,PILOT TRAVEL CENTERS LLC 103637 IW,BATON ROUGE LA (MOC) - 00CE,Reg CG DS,9677,-1,67742,0,0,0,0,0,-1,0,-1,0,0,w3,0,0,0,14516,-1,94839,Available,-1,Available,150,100,140,Below Trend,-1,Below Trend,08/14 00:00:00 CDT,-1,w3,0,2015-08-20 00:00:00,Contract,-1,Contract,9677,9677,-1,-1,67742,14516,-1,94839,0,-1,0,0,-1,0,1648141,-1,1648142,9677,-1,67742,14516,-1,94839,True,True,0,0,0,0,14516,-1,94839,-1,-1,-1,0,0
2015-08-14,2015-08-14 00:00:00,Exxon,PILOT TRAVEL CENTERS LLC 103637 IW,BATON ROUGE LA (MOC) - 00CE,Reg CG DS,9677,-1,67742,0,-1,0,-1,-1,-1,0,-1,-1,0,w4,-1,0,-1,14516,-1,94839,-1,-1,-1,100,100,100,-1,-1,-1,-1,-1,w3,1,2015-08-20 00:00:00,-1,-1,-1,9677,-1,-1,-1,-1,-1,-1,-1,-1,-1,-1,-1,-1,-1,-1,-1,-1,14516,-1,94839,9677,-1,67742,True,True,0,0,0,0,14517,-1,94840,-1,-1,-1,0,0
2015-08-15,2015-08-15 00:00:00,Exxon,PILOT TRAVEL CENTERS LLC 103637 IW,BATON ROUGE LA (MOC) - 00CE,Reg CG DS,9677,-1,67742,0,-1,0,-1,-1,-1,0,-1,-1,0,w4,-1,0,-1,14516,-1,94839,-1,-1,-1,100,100,100,-1,-1,-1,-1,-1,w3,1,2015-08-20 00:00:00,-1,-1,-1,9677,-1,-1,-1,-1,-1,-1,-1,-1,-1,-1,-1,-1,-1,-1,-1,-1,14516,-1,94839,9677,-1,67742,False,False,0,0,0,0,14517,-1,94840,-1,-1,-1,0,0
2015-08-16,2015-08-16 00:00:00,Exxon,PILOT TRAVEL CENTERS LLC 103637 IW,BATON ROUGE LA (MOC) - 00CE,Reg CG DS,9677,-1,67742,0,-1,0,-1,-1,-1,0,-1,-1,0,w4,-1,0,-1,14516,-1,94839,-1,-1,-1,100,100,100,-1,-1,-1,-1,-1,w3,1,2015-08-20 00:00:00,-1,-1,-1,9677,-1,-1,-1,-1,-1,-1,-1,-1,-1,-1,-1,-1,-1,-1,-1,-1,14516,-1,94839,9677,-1,67742,False,False,0,0,0,0,14517,-1,94840,-1,-1,-1,0,0
2015-08-17,2015-08-17 00:00:00,Exxon,PILOT TRAVEL CENTERS LLC 103637 IW,BATON ROUGE LA (MOC) - 00CE,Reg CG DS,9677,-1,67742,0,-1,0,-1,-1,-1,0,-1,-1,0,w4,-1,0,-1,14516,-1,94839,-1,-1,-1,100,100,100,-1,-1,-1,-1,-1,w3,1,2015-08-20 00:00:00,-1,-1,-1,9677,-1,-1,-1,-1,-1,-1,-1,-1,-1,-1,-1,-1,-1,-1,-1,-1,14516,-1,94839,9677,-1,67742,False,False,0,0,0,0,14517,-1,94840,-1,-1,-1,0,0
2015-08-18,2015-08-18 00:00:00,Exxon,PILOT TRAVEL CENTERS LLC 103637 IW,BATON ROUGE LA (MOC) - 00CE,Reg CG DS,9677,-1,67742,0,-1,0,-1,-1,-1,0,-1,-1,0,w4,-1,0,-1,14516,-1,94839,-1,-1,-1,100,100,100,-1,-1,-1,-1,-1,w3,1,2015-08-20 00:00:00,-1,-1,-1,9677,-1,-1,-1,-1,-1,-1,-1,-1,-1,-1,-1,-1,-1,-1,-1,-1,14516,-1,94839,9677,-1,67742,False,False,0,0,0,0,14517,-1,94840,-1,-1,-1,0,0
2015-08-19,2015-08-19 00:00:00,Exxon,PILOT TRAVEL CENTERS LLC 103637 IW,BATON ROUGE LA (MOC) - 00CE,Reg CG DS,9677,-1,67742,0,-1,0,-1,-1,-1,0,-1,-1,0,w4,-1,0,-1,14516,-1,94839,-1,-1,-1,100,100,100,-1,-1,-1,-1,-1,w3,1,2015-08-20 00:00:00,-1,-1,-1,9677,-1,-1,-1,-1,-1,-1,-1,-1,-1,-1,-1,-1,-1,-1,-1,-1,14516,-1,94839,9677,-1,67742,False,False,0,0,0,0,14517,-1,94840,-1,-1,-1,0,0
2015-08-20,2015-08-20 00:00:00,Exxon,PILOT TRAVEL CENTERS LLC 103637 IW,BATON ROUGE LA (MOC) - 00CE,Reg CG DS,9677,-1,67742,0,-1,0,-1,-1,-1,0,-1,-1,0,w4,-1,0,-1,14516,-1,94839,-1,-1,-1,100,100,100,-1,-1,-1,-1,-1,w4,1,2015-08-27 00:00:00,-1,-1,-1,9677,-1,-1,-1,-1,-1,-1,-1,-1,-1,-1,-1,-1,-1,-1,-1,-1,14516,-1,94839,9677,-1,67742,False,True,0,0,0,0,14517,-1,94840,-1,-1,-1,0,0
2015-08-21,2015-08-21 00:00:00,Exxon,PILOT TRAVEL CENTERS LLC 103637 IW,BATON ROUGE LA (MOC) - 00CE,Reg CG DS,9677,-1,67742,0,-1,0,-1,-1,-1,0,-1,-1,0,w4,-1,0,-1,14516,-1,94839,-1,-1,-1,100,100,100,-1,-1,-1,-1,-1,w4,1,2015-08-27 00:00:00,-1,-1,-1,9677,-1,-1,-1,-1,-1,-1,-1,-1,-1,-1,-1,-1,-1,-1,-1,-1,14516,-1,94839,9677,-1,67742,False,False,0,0,0,0,14517,-1,94840,-1,-1,-1,0,0
2015-08-22,2015-08-22 00:00:00,Exxon,PILOT TRAVEL CENTERS LLC 103637 IW,BATON ROUGE LA (MOC) - 00CE,Reg CG DS,9677,-1,67742,0,-1,0,-1,-1,-1,0,-1,-1,0,w4,-1,0,-1,14516,-1,94839,-1,-1,-1,100,100,100,-1,-1,-1,-1,-1,w4,1,2015-08-27 00:00:00,-1,-1,-1,9677,-1,-1,-1,-1,-1,-1,-1,-1,-1,-1,-1,-1,-1,-1,-1,-1,14516,-1,94839,9677,-1,67742,False,False,0,0,0,0,14517,-1,94840,-1,-1,-1,0,0
2015-08-23,2015-08-23 00:00:00,Exxon,PILOT TRAVEL CENTERS LLC 103637 IW,BATON ROUGE LA (MOC) - 00CE,Reg CG DS,9677,-1,67742,0,-1,0,-1,-1,-1,0,-1,-1,0,w4,-1,0,-1,14516,-1,94839,-1,-1,-1,100,100,100,-1,-1,-1,-1,-1,w4,1,2015-08-27 00:00:00,-1,-1,-1,9677,-1,-1,-1,-1,-1,-1,-1,-1,-1,-1,-1,-1,-1,-1,-1,-1,14516,-1,94839,9677,-1,67742,False,False,0,0,0,0,14517,-1,94840,-1,-1,-1,0,0
2015-08-24,2015-08-24 00:00:00,Exxon,PILOT TRAVEL CENTERS LLC 103637 IW,BATON ROUGE LA (MOC) - 00CE,Reg CG DS,9677,-1,67742,0,-1,0,-1,-1,-1,0,-1,-1,0,w4,-1,0,-1,14516,-1,94839,-1,-1,-1,100,100,100,-1,-1,-1,-1,-1,w4,1,2015-08-27 00:00:00,-1,-1,-1,9677,-1,-1,-1,-1,-1,-1,-1,-1,-1,-1,-1,-1,-1,-1,-1,-1,14516,-1,94839,9677,-1,67742,False,False,0,0,0,0,14517,-1,94840,-1,-1,-1,0,0
2015-08-25,2015-08-25 00:00:00,Exxon,PILOT TRAVEL CENTERS LLC 103637 IW,BATON ROUGE LA (MOC) - 00CE,Reg CG DS,9677,-1,67742,0,-1,0,-1,-1,-1,0,-1,-1,0,w4,-1,0,-1,14516,-1,94839,-1,-1,-1,100,100,100,-1,-1,-1,-1,-1,w4,1,2015-08-27 00:00:00,-1,-1,-1,9677,-1,-1,-1,-1,-1,-1,-1,-1,-1,-1,-1,-1,-1,-1,-1,-1,14516,-1,94839,9677,-1,67742,False,False,0,0,0,0,14517,-1,94840,-1,-1,-1,0,0
2015-08-26,2015-08-26 00:00:00,Exxon,PILOT TRAVEL CENTERS LLC 103637 IW,BATON ROUGE LA (MOC) - 00CE,Reg CG DS,9677,-1,67742,0,-1,0,-1,-1,-1,0,-1,-1,0,w4,-1,0,-1,14516,-1,94839,-1,-1,-1,100,100,100,-1,-1,-1,-1,-1,w4,1,2015-08-27 00:00:00,-1,-1,-1,9677,-1,-1,-1,-1,-1,-1,-1,-1,-1,-1,-1,-1,-1,-1,-1,-1,14516,-1,94839,9677,-1,67742,False,False,0,0,0,0,14517,-1,94840,-1,-1,-1,0,0
2015-08-27,2015-08-27 00:00:00,Exxon,PILOT TRAVEL CENTERS LLC 103637 IW,BATON ROUGE LA (MOC) - 00CE,Reg CG DS,9677,-1,67742,0,-1,0,-1,-1,-1,0,-1,-1,0,w4,-1,0,-1,14516,-1,94839,-1,-1,-1,100,100,100,-1,-1,-1,-1,-1,w5,1,2015-09-03 00:00:00,-1,-1,-1,9677,-1,-1,-1,-1,-1,-1,-1,-1,-1,-1,-1,-1,-1,-1,-1,-1,14516,-1,94839,9677,-1,67742,False,True,0,0,0,0,14517,-1,94840,-1,-1,-1,0,0
2015-08-28,2015-08-28 00:00:00,Exxon,PILOT TRAVEL CENTERS LLC 103637 IW,BATON ROUGE LA (MOC) - 00CE,Reg CG DS,9677,-1,67742,0,-1,0,-1,-1,-1,0,-1,-1,0,w4,-1,0,-1,14516,-1,94839,-1,-1,-1,100,100,100,-1,-1,-1,-1,-1,w5,1,2015-09-03 00:00:00,-1,-1,-1,9677,-1,-1,-1,-1,-1,-1,-1,-1,-1,-1,-1,-1,-1,-1,-1,-1,14516,-1,94839,9677,-1,67742,False,False,0,0,0,0,14517,-1,94840,-1,-1,-1,0,0
2015-08-29,2015-08-29 00:00:00,Exxon,PILOT TRAVEL CENTERS LLC 103637 IW,BATON ROUGE LA (MOC) - 00CE,Reg CG DS,9677,-1,67742,0,-1,0,-1,-1,-1,0,-1,-1,0,w4,-1,0,-1,14516,-1,94839,-1,-1,-1,100,100,100,-1,-1,-1,-1,-1,w5,1,2015-09-03 00:00:00,-1,-1,-1,9677,-1,-1,-1,-1,-1,-1,-1,-1,-1,-1,-1,-1,-1,-1,-1,-1,14516,-1,94839,9677,-1,67742,False,False,0,0,0,0,14517,-1,94840,-1,-1,-1,0,0
2015-08-30,2015-08-30 00:00:00,Exxon,PILOT TRAVEL CENTERS LLC 103637 IW,BATON ROUGE LA (MOC) - 00CE,Reg CG DS,9677,-1,67742,0,-1,0,-1,-1,-1,0,-1,-1,0,w4,-1,0,-1,14516,-1,94839,-1,-1,-1,100,100,100,-1,-1,-1,-1,-1,w5,1,2015-09-03 00:00:00,-1,-1,-1,9677,-1,-1,-1,-1,-1,-1,-1,-1,-1,-1,-1,-1,-1,-1,-1,-1,14516,-1,94839,9677,-1,67742,False,False,0,0,0,0,14517,-1,94840,-1,-1,-1,0,0
2015-08-31,2015-08-31 00:00:00,Exxon,PILOT TRAVEL CENTERS LLC 103637 IW,BATON ROUGE LA (MOC) - 00CE,Reg CG DS,9677,-1,67742,0,-1,0,-1,-1,-1,0,-1,-1,0,w4,-1,0,-1,14516,-1,94839,-1,-1,-1,100,100,100,-1,-1,-1,-1,-1,w5,1,2015-09-03 00:00:00,-1,-1,-1,9677,-1,-1,-1,-1,-1,-1,-1,-1,-1,-1,-1,-1,-1,-1,-1,-1,14516,-1,94839,9677,-1,67742,False,False,0,0,0,0,14517,-1,94840,-1,-1,-1,0,0
