,date,supplier_name,account_type,supplier_terminal_name,product_name,base_gallons_Daily,base_gallons_Monthly,base_gallons_Weekly,lifted_gallons_daily_flag,lifted_gallons_daily_modified,Modified_WeeksByLiftedGallons,lifted_gallons_modified_WeeksByLiftedGallons,lifted_gallons_Daily,Lifted_actual_monthly,lifted_gallons_monthly_flag,lifted_gallons_Monthly,Lifted_actual_weekly,lifted_gallons_weekly_flag,WeeksByLiftedGallons,lifted_gallonsWeekly_modified_aposteriori,Modified_LiftedGallonsaposteriori,lifted_gallons_Weekly,beginning_gallons_Daily,beginning_gallons_Monthly,beginning_gallons_Weekly,en_allocation_status_Daily,en_allocation_status_Monthly,en_allocation_status_Weekly,percentage_allocation_Daily,percentage_allocation_Monthly,percentage_allocation_Weekly,alerts_ratability_Daily,alerts_ratability_Monthly,alerts_ratability_Weekly,next_refresh_date_Daily,next_refresh_date_Monthly,Week_switch,Modified_NRD,next_refresh_date_Weekly,en_account_type_Daily,en_account_type_Monthly,en_account_type_Weekly,NRB_Daily,next_refresh_base_gallons_Daily,NRB_Monthly,next_refresh_base_gallons_Monthly,next_refresh_base_gallons_Weekly,remaining_gallons_Daily,remaining_gallons_Monthly,remaining_gallons_Weekly,additional_gallons_allowed_Daily,additional_gallons_allowed_Monthly,additional_gallons_allowed_Weekly,additional_gallons_remaining_Daily,additional_gallons_remaining_Monthly,additional_gallons_remaining_Weekly,staging_id_Daily,staging_id_Monthly,staging_id_Weekly,base_gallons_Daily_Reconciled,base_gallons_Monthly_Reconciled,base_gallons_Weekly_Reconciled,beginning_gallons_Daily_Reconciled,beginning_gallons_Monthly_Reconciled,beginning_gallons_Weekly_Reconciled,sanityWeekly_CumulativeDaily_WeeksByLiftedGallons,sanityWeekly_CumulativeDaily_NextRefreshDate,computedWeekly,sanityComputedWeekly,computedMonthly,sanityComputedMonthly,remaining_gallons_Daily_Reconciled,remaining_gallons_Monthly_Reconciled,remaining_gallons_Weekly_Reconciled,additional_gallons_remaining_Daily_Reconciled,additional_gallons_remaining_Monthly_Reconciled,additional_gallons_remaining_Weekly_Reconciled,sanityMonthly_CumulativeDaily_WeeksByLiftedGallons,sanityMonthly_CumulativeDaily_WeeksByNextRefreshDate
2015-08-01,2015-08-01 00:00:00,Exxon,PILOT TRAVEL CENTERS LLC 103637 IW,DES PLAINES IL (MOC) - 00BN,ULSD,19614,-1,137300,3,14854,0,14854,14854,-1,0,-1,74474,0,w1,14854,0,74474,29421,-1,192220,Available,-1,Available,150,100,140,Below Trend,-1,On Track,08/02 00:00:00 CDT,-1,w1,0,2015-08-06 00:00:00,Contract,-1,Contract,19614,19614,-1,-1,137300,14567,-1,117746,0,-1,0,0,-1,0,1273471,-1,1273472,19614,-1,137300,29421,-1,192220,True,True,14854,False,0,0,14567,-1,117746,-1,-1,-1,0,0
2015-08-02,2015-08-02 00:00:00,Exxon,PILOT TRAVEL CENTERS LLC 103637 IW,DES PLAINES IL (MOC) - 00BN,ULSD,19614,-1,137300,3,7451,0,7451,7451,-1,0,-1,81925,0,w1,7451,0,81925,29421,-1,192220,Available,-1,Available,150,100,140,Below Trend,-1,Below Trend,08/03 00:00:00 CDT,-1,w1,0,2015-08-06 00:00:00,Contract,-1,Contract,19614,19614,-1,-1,137300,21970,-1,110295,0,-1,0,0,-1,0,1303430,-1,1303431,19614,-1,137300,29421,-1,192220,True,True,22305,False,0,0,21970,-1,110295,-1,-1,-1,0,0
2015-08-03,2015-08-03 00:00:00,Exxon,PILOT TRAVEL CENTERS LLC 103637 IW,DES PLAINES IL (MOC) - 00BN,ULSD,19614,-1,137300,3,29816,0,29816,29816,-1,0,-1,111741,0,w1,29816,0,111741,29421,-1,192220,Out,-1,Out,150,100,140,On Track,-1,On Track,08/04 00:00:00 CDT,-1,w1,0,2015-08-06 00:00:00,Contract,-1,Contract,19614,19614,-1,-1,137300,-395,-1,80479,0,-1,0,0,-1,0,1332749,-1,1332750,19614,-1,137300,29421,-1,192220,True,True,52121,False,0,0,-395,-1,80479,-1,-1,-1,0,0
2015-08-04,2015-08-04 00:00:00,Exxon,PILOT TRAVEL CENTERS LLC 103637 IW,DES PLAINES IL (MOC) - 00BN,ULSD,19614,-1,137300,3,14916,0,14916,14916,-1,0,-1,126657,0,w1,14916,0,126657,29421,-1,192220,Available,-1,Available,150,100,140,Below Trend,-1,Below Trend,08/05 00:00:00 CDT,-1,w1,0,2015-08-06 00:00:00,Contract,-1,Contract,19614,19614,-1,-1,137300,14505,-1,65563,0,-1,0,0,-1,0,1362932,-1,1362933,19614,-1,137300,29421,-1,192220,True,True,67037,False,0,0,14505,-1,65563,-1,-1,-1,0,0
2015-08-05,2015-08-05 00:00:00,Exxon,PILOT TRAVEL CENTERS LLC 103637 IW,DES PLAINES IL (MOC) - 00BN,ULSD,19614,-1,137300,0,29813,0,29813,29813,-1,0,-1,156470,0,w1,29813,0,156470,29421,-1,192220,Out,-1,Out,150,100,140,On Track,-1,On Track,08/06 00:00:00 CDT,-1,w1,0,2015-08-06 00:00:00,Contract,-1,Contract,19614,19614,-1,-1,137300,-392,-1,35750,0,-1,0,0,-1,0,1394098,-1,1394099,19614,-1,137300,29421,-1,192220,True,True,96850,False,0,0,-392,-1,35750,-1,-1,-1,0,0
2015-08-06,2015-08-06 00:00:00,Exxon,PILOT TRAVEL CENTERS LLC 103637 IW,DES PLAINES IL (MOC) - 00BN,ULSD,19614,-1,137300,3,29364,0,29364,29364,-1,0,-1,29364,0,w2,29364,0,29364,29421,-1,192220,Available,-1,Available,150,100,140,On Track,-1,On Track,08/07 00:00:00 CDT,-1,w2,0,2015-08-13 00:00:00,Contract,-1,Contract,19614,19614,-1,-1,137300,57,-1,162856,0,-1,0,0,-1,0,1428289,-1,1428290,19614,-1,137300,29421,-1,192220,True,True,29364,True,0,0,57,-1,162856,-1,-1,-1,0,0
2015-08-07,2015-08-07 00:00:00,Exxon,PILOT TRAVEL CENTERS LLC 103637 IW,DES PLAINES IL (MOC) - 00BN,ULSD,19614,-1,137300,3,22359,0,22359,22359,-1,0,-1,51723,0,w2,22359,0,51723,29421,-1,192220,Available,-1,Available,150,100,140,Below Trend,-1,On Track,08/08 00:00:00 CDT,-1,w2,0,2015-08-13 00:00:00,Contract,-1,Contract,19614,19614,-1,-1,137300,7062,-1,140497,0,-1,0,0,-1,0,1462801,-1,1462802,19614,-1,137300,29421,-1,192220,True,True,51723,True,0,0,7062,-1,140497,-1,-1,-1,0,0
2015-08-08,2015-08-08 00:00:00,Exxon,PILOT TRAVEL CENTERS LLC 103637 IW,DES PLAINES IL (MOC) - 00BN,ULSD,19614,-1,137300,3,14902,0,14902,14902,-1,0,-1,66625,0,w2,14902,0,66625,29421,-1,192220,Available,-1,Available,150,100,140,Below Trend,-1,On Track,08/09 00:00:00 CDT,-1,w2,0,2015-08-13 00:00:00,Contract,-1,Contract,19614,19614,-1,-1,137300,14519,-1,125595,0,-1,0,0,-1,0,1497090,-1,1497091,19614,-1,137300,29421,-1,192220,True,True,66625,True,0,0,14519,-1,125595,-1,-1,-1,0,0
2015-08-09,2015-08-09 00:00:00,Exxon,PILOT TRAVEL CENTERS LLC 103637 IW,DES PLAINES IL (MOC) - 00BN,ULSD,19614,-1,137300,3,7451,0,7451,7451,-1,0,-1,74076,0,w2,7451,0,74076,29421,-1,192220,Available,-1,Available,150,100,140,Below Trend,-1,Below Trend,08/10 00:00:00 CDT,-1,w2,0,2015-08-13 00:00:00,Contract,-1,Contract,19614,19614,-1,-1,137300,21970,-1,118144,0,-1,0,0,-1,0,1530775,-1,1530776,19614,-1,137300,29421,-1,192220,True,True,74076,True,0,0,21970,-1,118144,-1,-1,-1,0,0
2015-08-10,2015-08-10 00:00:00,Exxon,PILOT TRAVEL CENTERS LLC 103637 IW,DES PLAINES IL (MOC) - 00BN,ULSD,19614,-1,137300,3,29808,0,22357,22357,-1,0,-1,96433,0,w2,22357,0,96433,29421,-1,192220,Available,-1,Available,150,100,140,Below Trend,-1,Below Trend,08/11 00:00:00 CDT,-1,w2,0,2015-08-13 00:00:00,Contract,-1,Contract,19614,19614,-1,-1,137300,7064,-1,95787,0,-1,0,0,-1,0,1563882,-1,1563883,19614,-1,137300,29421,-1,192220,True,False,103884,True,0,0,-387,-1,95787,-1,-1,-1,0,0
2015-08-11,2015-08-11 00:00:00,Exxon,PILOT TRAVEL CENTERS LLC 103637 IW,DES PLAINES IL (MOC) - 00BN,ULSD,19614,-1,137300,3,14906,1,22357,14906,-1,0,-1,118790,0,w2,14906,0,118790,29421,-1,192220,Available,-1,Available,150,100,140,Below Trend,-1,Below Trend,08/12 00:00:00 CDT,-1,w2,0,2015-08-13 00:00:00,Contract,-1,Contract,19614,19614,-1,-1,137300,14515,-1,73430,0,-1,0,0,-1,0,1595622,-1,1595623,19614,-1,137300,29421,-1,192220,True,True,118790,True,0,0,14515,-1,73430,-1,-1,-1,0,0
2015-08-12,2015-08-12 00:00:00,Exxon,PILOT TRAVEL CENTERS LLC 103637 IW,DES PLAINES IL (MOC) - 00BN,ULSD,19614,-1,137300,0,37258,0,37258,37258,-1,0,-1,156048,0,w2,37258,0,156048,29421,-1,192220,Out,-1,Out,150,100,140,Above Trend,-1,On Track,08/13 00:00:00 CDT,-1,w2,0,2015-08-13 00:00:00,Contract,-1,Contract,19614,19614,-1,-1,137300,-387,-1,43622,1000,-1,1000,6450,-1,6450,1636127,-1,1636128,19614,-1,137300,29421,-1,192220,True,True,156048,True,0,0,-7837,-1,36172,1000,-1,-1,0,0
2015-08-13,2015-08-13 00:00:00,Exxon,PILOT TRAVEL CENTERS LLC 103637 IW,DES PLAINES IL (MOC) - 00BN,ULSD,19614,-1,137300,0,0,0,0,0,-1,0,-1,0,0,w3,0,0,0,29421,-1,192220,Available,-1,Available,150,100,140,Below Trend,-1,Below Trend,08/14 00:00:00 CDT,-1,w3,0,2015-08-20 00:00:00,Contract,-1,Contract,19614,19614,-1,-1,137300,29421,-1,192220,0,-1,0,0,-1,0,1648151,-1,1648152,19614,-1,137300,29421,-1,192220,True,True,0,0,0,0,29421,-1,192220,-1,-1,-1,0,0
2015-08-14,2015-08-14 00:00:00,Exxon,PILOT TRAVEL CENTERS LLC 103637 IW,DES PLAINES IL (MOC) - 00BN,ULSD,19614,-1,137300,0,-1,0,-1,-1,-1,0,-1,-1,0,w4,-1,0,-1,29421,-1,192220,-1,-1,-1,100,100,100,-1,-1,-1,-1,-1,w3,1,2015-08-20 00:00:00,-1,-1,-1,19614,-1,-1,-1,-1,-1,-1,-1,-1,-1,-1,-1,-1,-1,-1,-1,-1,29421,-1,192220,19614,-1,137300,True,True,0,0,0,0,29422,-1,192221,-1,-1,-1,0,0
2015-08-15,2015-08-15 00:00:00,Exxon,PILOT TRAVEL CENTERS LLC 103637 IW,DES PLAINES IL (MOC) - 00BN,ULSD,19614,-1,137300,0,-1,0,-1,-1,-1,0,-1,-1,0,w4,-1,0,-1,29421,-1,192220,-1,-1,-1,100,100,100,-1,-1,-1,-1,-1,w3,1,2015-08-20 00:00:00,-1,-1,-1,19614,-1,-1,-1,-1,-1,-1,-1,-1,-1,-1,-1,-1,-1,-1,-1,-1,29421,-1,192220,19614,-1,137300,False,False,0,0,0,0,29422,-1,192221,-1,-1,-1,0,0
2015-08-16,2015-08-16 00:00:00,Exxon,PILOT TRAVEL CENTERS LLC 103637 IW,DES PLAINES IL (MOC) - 00BN,ULSD,19614,-1,137300,0,-1,0,-1,-1,-1,0,-1,-1,0,w4,-1,0,-1,29421,-1,192220,-1,-1,-1,100,100,100,-1,-1,-1,-1,-1,w3,1,2015-08-20 00:00:00,-1,-1,-1,19614,-1,-1,-1,-1,-1,-1,-1,-1,-1,-1,-1,-1,-1,-1,-1,-1,29421,-1,192220,19614,-1,137300,False,False,0,0,0,0,29422,-1,192221,-1,-1,-1,0,0
2015-08-17,2015-08-17 00:00:00,Exxon,PILOT TRAVEL CENTERS LLC 103637 IW,DES PLAINES IL (MOC) - 00BN,ULSD,19614,-1,137300,0,-1,0,-1,-1,-1,0,-1,-1,0,w4,-1,0,-1,29421,-1,192220,-1,-1,-1,100,100,100,-1,-1,-1,-1,-1,w3,1,2015-08-20 00:00:00,-1,-1,-1,19614,-1,-1,-1,-1,-1,-1,-1,-1,-1,-1,-1,-1,-1,-1,-1,-1,29421,-1,192220,19614,-1,137300,False,False,0,0,0,0,29422,-1,192221,-1,-1,-1,0,0
2015-08-18,2015-08-18 00:00:00,Exxon,PILOT TRAVEL CENTERS LLC 103637 IW,DES PLAINES IL (MOC) - 00BN,ULSD,19614,-1,137300,0,-1,0,-1,-1,-1,0,-1,-1,0,w4,-1,0,-1,29421,-1,192220,-1,-1,-1,100,100,100,-1,-1,-1,-1,-1,w3,1,2015-08-20 00:00:00,-1,-1,-1,19614,-1,-1,-1,-1,-1,-1,-1,-1,-1,-1,-1,-1,-1,-1,-1,-1,29421,-1,192220,19614,-1,137300,False,False,0,0,0,0,29422,-1,192221,-1,-1,-1,0,0
2015-08-19,2015-08-19 00:00:00,Exxon,PILOT TRAVEL CENTERS LLC 103637 IW,DES PLAINES IL (MOC) - 00BN,ULSD,19614,-1,137300,0,-1,0,-1,-1,-1,0,-1,-1,0,w4,-1,0,-1,29421,-1,192220,-1,-1,-1,100,100,100,-1,-1,-1,-1,-1,w3,1,2015-08-20 00:00:00,-1,-1,-1,19614,-1,-1,-1,-1,-1,-1,-1,-1,-1,-1,-1,-1,-1,-1,-1,-1,29421,-1,192220,19614,-1,137300,False,False,0,0,0,0,29422,-1,192221,-1,-1,-1,0,0
2015-08-20,2015-08-20 00:00:00,Exxon,PILOT TRAVEL CENTERS LLC 103637 IW,DES PLAINES IL (MOC) - 00BN,ULSD,19614,-1,137300,0,-1,0,-1,-1,-1,0,-1,-1,0,w4,-1,0,-1,29421,-1,192220,-1,-1,-1,100,100,100,-1,-1,-1,-1,-1,w4,1,2015-08-27 00:00:00,-1,-1,-1,19614,-1,-1,-1,-1,-1,-1,-1,-1,-1,-1,-1,-1,-1,-1,-1,-1,29421,-1,192220,19614,-1,137300,False,True,0,0,0,0,29422,-1,192221,-1,-1,-1,0,0
2015-08-21,2015-08-21 00:00:00,Exxon,PILOT TRAVEL CENTERS LLC 103637 IW,DES PLAINES IL (MOC) - 00BN,ULSD,19614,-1,137300,0,-1,0,-1,-1,-1,0,-1,-1,0,w4,-1,0,-1,29421,-1,192220,-1,-1,-1,100,100,100,-1,-1,-1,-1,-1,w4,1,2015-08-27 00:00:00,-1,-1,-1,19614,-1,-1,-1,-1,-1,-1,-1,-1,-1,-1,-1,-1,-1,-1,-1,-1,29421,-1,192220,19614,-1,137300,False,False,0,0,0,0,29422,-1,192221,-1,-1,-1,0,0
2015-08-22,2015-08-22 00:00:00,Exxon,PILOT TRAVEL CENTERS LLC 103637 IW,DES PLAINES IL (MOC) - 00BN,ULSD,19614,-1,137300,0,-1,0,-1,-1,-1,0,-1,-1,0,w4,-1,0,-1,29421,-1,192220,-1,-1,-1,100,100,100,-1,-1,-1,-1,-1,w4,1,2015-08-27 00:00:00,-1,-1,-1,19614,-1,-1,-1,-1,-1,-1,-1,-1,-1,-1,-1,-1,-1,-1,-1,-1,29421,-1,192220,19614,-1,137300,False,False,0,0,0,0,29422,-1,192221,-1,-1,-1,0,0
2015-08-23,2015-08-23 00:00:00,Exxon,PILOT TRAVEL CENTERS LLC 103637 IW,DES PLAINES IL (MOC) - 00BN,ULSD,19614,-1,137300,0,-1,0,-1,-1,-1,0,-1,-1,0,w4,-1,0,-1,29421,-1,192220,-1,-1,-1,100,100,100,-1,-1,-1,-1,-1,w4,1,2015-08-27 00:00:00,-1,-1,-1,19614,-1,-1,-1,-1,-1,-1,-1,-1,-1,-1,-1,-1,-1,-1,-1,-1,29421,-1,192220,19614,-1,137300,False,False,0,0,0,0,29422,-1,192221,-1,-1,-1,0,0
2015-08-24,2015-08-24 00:00:00,Exxon,PILOT TRAVEL CENTERS LLC 103637 IW,DES PLAINES IL (MOC) - 00BN,ULSD,19614,-1,137300,0,-1,0,-1,-1,-1,0,-1,-1,0,w4,-1,0,-1,29421,-1,192220,-1,-1,-1,100,100,100,-1,-1,-1,-1,-1,w4,1,2015-08-27 00:00:00,-1,-1,-1,19614,-1,-1,-1,-1,-1,-1,-1,-1,-1,-1,-1,-1,-1,-1,-1,-1,29421,-1,192220,19614,-1,137300,False,False,0,0,0,0,29422,-1,192221,-1,-1,-1,0,0
2015-08-25,2015-08-25 00:00:00,Exxon,PILOT TRAVEL CENTERS LLC 103637 IW,DES PLAINES IL (MOC) - 00BN,ULSD,19614,-1,137300,0,-1,0,-1,-1,-1,0,-1,-1,0,w4,-1,0,-1,29421,-1,192220,-1,-1,-1,100,100,100,-1,-1,-1,-1,-1,w4,1,2015-08-27 00:00:00,-1,-1,-1,19614,-1,-1,-1,-1,-1,-1,-1,-1,-1,-1,-1,-1,-1,-1,-1,-1,29421,-1,192220,19614,-1,137300,False,False,0,0,0,0,29422,-1,192221,-1,-1,-1,0,0
2015-08-26,2015-08-26 00:00:00,Exxon,PILOT TRAVEL CENTERS LLC 103637 IW,DES PLAINES IL (MOC) - 00BN,ULSD,19614,-1,137300,0,-1,0,-1,-1,-1,0,-1,-1,0,w4,-1,0,-1,29421,-1,192220,-1,-1,-1,100,100,100,-1,-1,-1,-1,-1,w4,1,2015-08-27 00:00:00,-1,-1,-1,19614,-1,-1,-1,-1,-1,-1,-1,-1,-1,-1,-1,-1,-1,-1,-1,-1,29421,-1,192220,19614,-1,137300,False,False,0,0,0,0,29422,-1,192221,-1,-1,-1,0,0
2015-08-27,2015-08-27 00:00:00,Exxon,PILOT TRAVEL CENTERS LLC 103637 IW,DES PLAINES IL (MOC) - 00BN,ULSD,19614,-1,137300,0,-1,0,-1,-1,-1,0,-1,-1,0,w4,-1,0,-1,29421,-1,192220,-1,-1,-1,100,100,100,-1,-1,-1,-1,-1,w5,1,2015-09-03 00:00:00,-1,-1,-1,19614,-1,-1,-1,-1,-1,-1,-1,-1,-1,-1,-1,-1,-1,-1,-1,-1,29421,-1,192220,19614,-1,137300,False,True,0,0,0,0,29422,-1,192221,-1,-1,-1,0,0
2015-08-28,2015-08-28 00:00:00,Exxon,PILOT TRAVEL CENTERS LLC 103637 IW,DES PLAINES IL (MOC) - 00BN,ULSD,19614,-1,137300,0,-1,0,-1,-1,-1,0,-1,-1,0,w4,-1,0,-1,29421,-1,192220,-1,-1,-1,100,100,100,-1,-1,-1,-1,-1,w5,1,2015-09-03 00:00:00,-1,-1,-1,19614,-1,-1,-1,-1,-1,-1,-1,-1,-1,-1,-1,-1,-1,-1,-1,-1,29421,-1,192220,19614,-1,137300,False,False,0,0,0,0,29422,-1,192221,-1,-1,-1,0,0
2015-08-29,2015-08-29 00:00:00,Exxon,PILOT TRAVEL CENTERS LLC 103637 IW,DES PLAINES IL (MOC) - 00BN,ULSD,19614,-1,137300,0,-1,0,-1,-1,-1,0,-1,-1,0,w4,-1,0,-1,29421,-1,192220,-1,-1,-1,100,100,100,-1,-1,-1,-1,-1,w5,1,2015-09-03 00:00:00,-1,-1,-1,19614,-1,-1,-1,-1,-1,-1,-1,-1,-1,-1,-1,-1,-1,-1,-1,-1,29421,-1,192220,19614,-1,137300,False,False,0,0,0,0,29422,-1,192221,-1,-1,-1,0,0
2015-08-30,2015-08-30 00:00:00,Exxon,PILOT TRAVEL CENTERS LLC 103637 IW,DES PLAINES IL (MOC) - 00BN,ULSD,19614,-1,137300,0,-1,0,-1,-1,-1,0,-1,-1,0,w4,-1,0,-1,29421,-1,192220,-1,-1,-1,100,100,100,-1,-1,-1,-1,-1,w5,1,2015-09-03 00:00:00,-1,-1,-1,19614,-1,-1,-1,-1,-1,-1,-1,-1,-1,-1,-1,-1,-1,-1,-1,-1,29421,-1,192220,19614,-1,137300,False,False,0,0,0,0,29422,-1,192221,-1,-1,-1,0,0
2015-08-31,2015-08-31 00:00:00,Exxon,PILOT TRAVEL CENTERS LLC 103637 IW,DES PLAINES IL (MOC) - 00BN,ULSD,19614,-1,137300,0,-1,0,-1,-1,-1,0,-1,-1,0,w4,-1,0,-1,29421,-1,192220,-1,-1,-1,100,100,100,-1,-1,-1,-1,-1,w5,1,2015-09-03 00:00:00,-1,-1,-1,19614,-1,-1,-1,-1,-1,-1,-1,-1,-1,-1,-1,-1,-1,-1,-1,-1,29421,-1,192220,19614,-1,137300,False,False,0,0,0,0,29422,-1,192221,-1,-1,-1,0,0
