,date,supplier_name,account_type,supplier_terminal_name,product_name,base_gallons_Daily,base_gallons_Monthly,base_gallons_Weekly,lifted_gallons_daily_flag,lifted_gallons_daily_modified,Modified_WeeksByLiftedGallons,lifted_gallons_modified_WeeksByLiftedGallons,lifted_gallons_Daily,Lifted_actual_monthly,lifted_gallons_monthly_flag,lifted_gallons_Monthly,Lifted_actual_weekly,lifted_gallons_weekly_flag,WeeksByLiftedGallons,lifted_gallonsWeekly_modified_aposteriori,Modified_LiftedGallonsaposteriori,lifted_gallons_Weekly,beginning_gallons_Daily,beginning_gallons_Monthly,beginning_gallons_Weekly,en_allocation_status_Daily,en_allocation_status_Monthly,en_allocation_status_Weekly,percentage_allocation_Daily,percentage_allocation_Monthly,percentage_allocation_Weekly,alerts_ratability_Daily,alerts_ratability_Monthly,alerts_ratability_Weekly,next_refresh_date_Daily,next_refresh_date_Monthly,Week_switch,Modified_NRD,next_refresh_date_Weekly,en_account_type_Daily,en_account_type_Monthly,en_account_type_Weekly,NRB_Daily,next_refresh_base_gallons_Daily,NRB_Monthly,next_refresh_base_gallons_Monthly,next_refresh_base_gallons_Weekly,remaining_gallons_Daily,remaining_gallons_Monthly,remaining_gallons_Weekly,additional_gallons_allowed_Daily,additional_gallons_allowed_Monthly,additional_gallons_allowed_Weekly,additional_gallons_remaining_Daily,additional_gallons_remaining_Monthly,additional_gallons_remaining_Weekly,staging_id_Daily,staging_id_Monthly,staging_id_Weekly,base_gallons_Daily_Reconciled,base_gallons_Monthly_Reconciled,base_gallons_Weekly_Reconciled,beginning_gallons_Daily_Reconciled,beginning_gallons_Monthly_Reconciled,beginning_gallons_Weekly_Reconciled,sanityWeekly_CumulativeDaily_WeeksByLiftedGallons,sanityWeekly_CumulativeDaily_NextRefreshDate,computedWeekly,sanityComputedWeekly,computedMonthly,sanityComputedMonthly,remaining_gallons_Daily_Reconciled,remaining_gallons_Monthly_Reconciled,remaining_gallons_Weekly_Reconciled,additional_gallons_remaining_Daily_Reconciled,additional_gallons_remaining_Monthly_Reconciled,additional_gallons_remaining_Weekly_Reconciled,sanityMonthly_CumulativeDaily_WeeksByLiftedGallons,sanityMonthly_CumulativeDaily_WeeksByNextRefreshDate
2015-08-01,2015-08-01 00:00:00,Exxon,PILOT TRAVEL CENTERS LLC 103637 IW,BATON ROUGE LA (MOC) - 00CE,ULSD,35484,-1,248387,3,30600,0,30600,30600,-1,0,-1,108400,0,w1,30600,0,108400,53226,-1,347742,Available,-1,Available,150,100,140,Below Trend,-1,Below Trend,08/02 00:00:00 CDT,-1,w1,0,2015-08-06 00:00:00,Contract,-1,Contract,35484,35484,-1,-1,248387,22626,-1,239342,0,-1,0,0,-1,0,1273463,-1,1273464,35484,-1,248387,53226,-1,347742,True,True,30600,False,0,0,22626,-1,239342,-1,-1,-1,0,0
2015-08-02,2015-08-02 00:00:00,Exxon,PILOT TRAVEL CENTERS LLC 103637 IW,BATON ROUGE LA (MOC) - 00CE,ULSD,35484,-1,248387,3,35000,0,35000,35000,-1,0,-1,143400,0,w1,35000,0,143400,53226,-1,347742,Available,-1,Available,150,100,140,Below Trend,-1,Below Trend,08/03 00:00:00 CDT,-1,w1,0,2015-08-06 00:00:00,Contract,-1,Contract,35484,35484,-1,-1,248387,18226,-1,204342,0,-1,0,0,-1,0,1303422,-1,1303423,35484,-1,248387,53226,-1,347742,True,True,65600,False,0,0,18226,-1,204342,-1,-1,-1,0,0
2015-08-03,2015-08-03 00:00:00,Exxon,PILOT TRAVEL CENTERS LLC 103637 IW,BATON ROUGE LA (MOC) - 00CE,ULSD,35484,-1,248387,3,54300,0,54300,54300,-1,0,-1,197700,0,w1,54300,0,197700,53226,-1,347742,Out,-1,Out,150,100,140,On Track,-1,On Track,08/04 00:00:00 CDT,-1,w1,0,2015-08-06 00:00:00,Contract,-1,Contract,35484,35484,-1,-1,248387,-1074,-1,150042,0,-1,0,0,-1,0,1332741,-1,1332742,35484,-1,248387,53226,-1,347742,True,True,119900,False,0,0,-1074,-1,150042,-1,-1,-1,0,0
2015-08-04,2015-08-04 00:00:00,Exxon,PILOT TRAVEL CENTERS LLC 103637 IW,BATON ROUGE LA (MOC) - 00CE,ULSD,35484,-1,248387,3,54200,0,54200,54200,-1,0,-1,251900,0,w1,54200,0,251900,53226,-1,347742,Out,-1,Out,150,100,140,On Track,-1,On Track,08/05 00:00:00 CDT,-1,w1,0,2015-08-06 00:00:00,Contract,-1,Contract,35484,35484,-1,-1,248387,-974,-1,95842,0,-1,0,0,-1,0,1362924,-1,1362925,35484,-1,248387,53226,-1,347742,True,True,174100,False,0,0,-974,-1,95842,-1,-1,-1,0,0
2015-08-05,2015-08-05 00:00:00,Exxon,PILOT TRAVEL CENTERS LLC 103637 IW,BATON ROUGE LA (MOC) - 00CE,ULSD,35484,-1,248387,0,53802,0,53802,53802,-1,0,-1,305702,0,w1,53802,0,305702,53226,-1,347742,Out,-1,Out,150,100,140,On Track,-1,On Track,08/06 00:00:00 CDT,-1,w1,0,2015-08-06 00:00:00,Contract,-1,Contract,35484,35484,-1,-1,248387,-576,-1,42040,0,-1,0,0,-1,0,1394090,-1,1394091,35484,-1,248387,53226,-1,347742,True,True,227902,False,0,0,-576,-1,42040,-1,-1,-1,0,0
2015-08-06,2015-08-06 00:00:00,Exxon,PILOT TRAVEL CENTERS LLC 103637 IW,BATON ROUGE LA (MOC) - 00CE,ULSD,35484,-1,248387,3,62300,0,62300,62300,-1,0,-1,62300,0,w2,62300,0,62300,53226,-1,347742,Out,-1,Out,150,100,140,Above Trend,-1,Above Trend,08/07 00:00:00 CDT,-1,w2,0,2015-08-13 00:00:00,Contract,-1,Contract,35484,35484,-1,-1,248387,-9074,-1,285442,0,-1,0,0,-1,0,1428281,-1,1428282,35484,-1,248387,53226,-1,347742,True,True,62300,True,0,0,-9074,-1,285442,-1,-1,-1,0,0
2015-08-07,2015-08-07 00:00:00,Exxon,PILOT TRAVEL CENTERS LLC 103637 IW,BATON ROUGE LA (MOC) - 00CE,ULSD,35484,-1,248387,3,54807,0,54807,54807,-1,0,-1,117107,0,w2,54807,0,117107,53226,-1,347742,Out,-1,Out,150,100,140,On Track,-1,Above Trend,08/08 00:00:00 CDT,-1,w2,0,2015-08-13 00:00:00,Contract,-1,Contract,35484,35484,-1,-1,248387,-1581,-1,230635,0,-1,0,0,-1,0,1462793,-1,1462794,35484,-1,248387,53226,-1,347742,True,True,117107,True,0,0,-1581,-1,230635,-1,-1,-1,0,0
2015-08-08,2015-08-08 00:00:00,Exxon,PILOT TRAVEL CENTERS LLC 103637 IW,BATON ROUGE LA (MOC) - 00CE,ULSD,35484,-1,248387,3,47001,0,47001,47001,-1,0,-1,164108,0,w2,47001,0,164108,53226,-1,347742,Available,-1,Available,150,100,140,On Track,-1,On Track,08/09 00:00:00 CDT,-1,w2,0,2015-08-13 00:00:00,Contract,-1,Contract,35484,35484,-1,-1,248387,6225,-1,183634,0,-1,0,0,-1,0,1497082,-1,1497083,35484,-1,248387,53226,-1,347742,True,True,164108,True,0,0,6225,-1,183634,-1,-1,-1,0,0
2015-08-09,2015-08-09 00:00:00,Exxon,PILOT TRAVEL CENTERS LLC 103637 IW,BATON ROUGE LA (MOC) - 00CE,ULSD,35484,-1,248387,3,31200,0,31200,31200,-1,0,-1,195308,0,w2,31200,0,195308,53226,-1,347742,Available,-1,Available,150,100,140,Below Trend,-1,On Track,08/10 00:00:00 CDT,-1,w2,0,2015-08-13 00:00:00,Contract,-1,Contract,35484,35484,-1,-1,248387,22026,-1,152434,2273,-1,2273,2273,-1,2273,1530767,-1,1530768,35484,-1,248387,53226,-1,347742,True,True,195308,True,0,0,22026,-1,152434,-1,-1,-1,0,0
2015-08-10,2015-08-10 00:00:00,Exxon,PILOT TRAVEL CENTERS LLC 103637 IW,BATON ROUGE LA (MOC) - 00CE,ULSD,35484,-1,248387,3,31200,0,31200,31200,-1,0,-1,226508,0,w2,31200,0,226508,53226,-1,347742,Available,-1,Available,150,100,140,Below Trend,-1,On Track,08/11 00:00:00 CDT,-1,w2,0,2015-08-13 00:00:00,Contract,-1,Contract,35484,35484,-1,-1,248387,22026,-1,121234,2273,-1,2273,2273,-1,2273,1563874,-1,1563875,35484,-1,248387,53226,-1,347742,True,True,226508,True,0,0,22026,-1,121234,-1,-1,-1,0,0
2015-08-11,2015-08-11 00:00:00,Exxon,PILOT TRAVEL CENTERS LLC 103637 IW,BATON ROUGE LA (MOC) - 00CE,ULSD,35484,-1,248387,3,61403,0,53603,53603,-1,0,-1,280111,0,w2,53603,0,280111,53226,-1,347742,Available,-1,Available,150,100,140,On Track,-1,On Track,08/12 00:00:00 CDT,-1,w2,0,2015-08-13 00:00:00,Contract,-1,Contract,35484,35484,-1,-1,248387,0,-1,68008,2273,-1,2273,1896,-1,1896,1595614,-1,1595615,35484,-1,248387,53226,-1,347742,True,False,287911,True,0,0,-8177,-1,67631,2273,-1,-1,0,0
2015-08-12,2015-08-12 00:00:00,Exxon,PILOT TRAVEL CENTERS LLC 103637 IW,BATON ROUGE LA (MOC) - 00CE,ULSD,35484,-1,248387,0,31200,1,39000,31200,-1,0,-1,319111,0,w2,31200,0,319111,53226,-1,347742,Available,-1,Available,150,100,140,Below Trend,-1,On Track,08/13 00:00:00 CDT,-1,w2,0,2015-08-13 00:00:00,Contract,-1,Contract,35484,35484,-1,-1,248387,22026,-1,36808,2273,-1,2273,5904,-1,5904,1636119,-1,1636120,35484,-1,248387,53226,-1,347742,True,True,319111,True,0,0,22026,-1,28631,-1,-1,-1,0,0
2015-08-13,2015-08-13 00:00:00,Exxon,PILOT TRAVEL CENTERS LLC 103637 IW,BATON ROUGE LA (MOC) - 00CE,ULSD,35484,-1,248387,0,14502,0,14502,14502,-1,0,-1,14502,0,w3,14502,0,14502,53226,-1,347742,Available,-1,Available,150,100,140,On Track,-1,On Track,08/14 00:00:00 CDT,-1,w3,0,2015-08-20 00:00:00,Contract,-1,Contract,35484,35484,-1,-1,248387,38724,-1,333240,0,-1,0,0,-1,0,1648143,-1,1648144,35484,-1,248387,53226,-1,347742,True,True,0,0,0,0,38724,-1,333240,-1,-1,-1,0,0
2015-08-14,2015-08-14 00:00:00,Exxon,PILOT TRAVEL CENTERS LLC 103637 IW,BATON ROUGE LA (MOC) - 00CE,ULSD,35484,-1,248387,0,-1,0,-1,-1,-1,0,-1,-1,0,w4,-1,0,-1,53226,-1,347742,-1,-1,-1,100,100,100,-1,-1,-1,-1,-1,w3,1,2015-08-20 00:00:00,-1,-1,-1,35484,-1,-1,-1,-1,-1,-1,-1,-1,-1,-1,-1,-1,-1,-1,-1,-1,53226,-1,347742,35484,-1,248387,True,False,0,0,0,0,53227,-1,347743,-1,-1,-1,0,0
2015-08-15,2015-08-15 00:00:00,Exxon,PILOT TRAVEL CENTERS LLC 103637 IW,BATON ROUGE LA (MOC) - 00CE,ULSD,35484,-1,248387,0,-1,0,-1,-1,-1,0,-1,-1,0,w4,-1,0,-1,53226,-1,347742,-1,-1,-1,100,100,100,-1,-1,-1,-1,-1,w3,1,2015-08-20 00:00:00,-1,-1,-1,35484,-1,-1,-1,-1,-1,-1,-1,-1,-1,-1,-1,-1,-1,-1,-1,-1,53226,-1,347742,35484,-1,248387,False,False,0,0,0,0,53227,-1,347743,-1,-1,-1,0,0
2015-08-16,2015-08-16 00:00:00,Exxon,PILOT TRAVEL CENTERS LLC 103637 IW,BATON ROUGE LA (MOC) - 00CE,ULSD,35484,-1,248387,0,-1,0,-1,-1,-1,0,-1,-1,0,w4,-1,0,-1,53226,-1,347742,-1,-1,-1,100,100,100,-1,-1,-1,-1,-1,w3,1,2015-08-20 00:00:00,-1,-1,-1,35484,-1,-1,-1,-1,-1,-1,-1,-1,-1,-1,-1,-1,-1,-1,-1,-1,53226,-1,347742,35484,-1,248387,False,False,0,0,0,0,53227,-1,347743,-1,-1,-1,0,0
2015-08-17,2015-08-17 00:00:00,Exxon,PILOT TRAVEL CENTERS LLC 103637 IW,BATON ROUGE LA (MOC) - 00CE,ULSD,35484,-1,248387,0,-1,0,-1,-1,-1,0,-1,-1,0,w4,-1,0,-1,53226,-1,347742,-1,-1,-1,100,100,100,-1,-1,-1,-1,-1,w3,1,2015-08-20 00:00:00,-1,-1,-1,35484,-1,-1,-1,-1,-1,-1,-1,-1,-1,-1,-1,-1,-1,-1,-1,-1,53226,-1,347742,35484,-1,248387,False,False,0,0,0,0,53227,-1,347743,-1,-1,-1,0,0
2015-08-18,2015-08-18 00:00:00,Exxon,PILOT TRAVEL CENTERS LLC 103637 IW,BATON ROUGE LA (MOC) - 00CE,ULSD,35484,-1,248387,0,-1,0,-1,-1,-1,0,-1,-1,0,w4,-1,0,-1,53226,-1,347742,-1,-1,-1,100,100,100,-1,-1,-1,-1,-1,w3,1,2015-08-20 00:00:00,-1,-1,-1,35484,-1,-1,-1,-1,-1,-1,-1,-1,-1,-1,-1,-1,-1,-1,-1,-1,53226,-1,347742,35484,-1,248387,False,False,0,0,0,0,53227,-1,347743,-1,-1,-1,0,0
2015-08-19,2015-08-19 00:00:00,Exxon,PILOT TRAVEL CENTERS LLC 103637 IW,BATON ROUGE LA (MOC) - 00CE,ULSD,35484,-1,248387,0,-1,0,-1,-1,-1,0,-1,-1,0,w4,-1,0,-1,53226,-1,347742,-1,-1,-1,100,100,100,-1,-1,-1,-1,-1,w3,1,2015-08-20 00:00:00,-1,-1,-1,35484,-1,-1,-1,-1,-1,-1,-1,-1,-1,-1,-1,-1,-1,-1,-1,-1,53226,-1,347742,35484,-1,248387,False,False,0,0,0,0,53227,-1,347743,-1,-1,-1,0,0
2015-08-20,2015-08-20 00:00:00,Exxon,PILOT TRAVEL CENTERS LLC 103637 IW,BATON ROUGE LA (MOC) - 00CE,ULSD,35484,-1,248387,0,-1,0,-1,-1,-1,0,-1,-1,0,w4,-1,0,-1,53226,-1,347742,-1,-1,-1,100,100,100,-1,-1,-1,-1,-1,w4,1,2015-08-27 00:00:00,-1,-1,-1,35484,-1,-1,-1,-1,-1,-1,-1,-1,-1,-1,-1,-1,-1,-1,-1,-1,53226,-1,347742,35484,-1,248387,False,True,0,0,0,0,53227,-1,347743,-1,-1,-1,0,0
2015-08-21,2015-08-21 00:00:00,Exxon,PILOT TRAVEL CENTERS LLC 103637 IW,BATON ROUGE LA (MOC) - 00CE,ULSD,35484,-1,248387,0,-1,0,-1,-1,-1,0,-1,-1,0,w4,-1,0,-1,53226,-1,347742,-1,-1,-1,100,100,100,-1,-1,-1,-1,-1,w4,1,2015-08-27 00:00:00,-1,-1,-1,35484,-1,-1,-1,-1,-1,-1,-1,-1,-1,-1,-1,-1,-1,-1,-1,-1,53226,-1,347742,35484,-1,248387,False,False,0,0,0,0,53227,-1,347743,-1,-1,-1,0,0
2015-08-22,2015-08-22 00:00:00,Exxon,PILOT TRAVEL CENTERS LLC 103637 IW,BATON ROUGE LA (MOC) - 00CE,ULSD,35484,-1,248387,0,-1,0,-1,-1,-1,0,-1,-1,0,w4,-1,0,-1,53226,-1,347742,-1,-1,-1,100,100,100,-1,-1,-1,-1,-1,w4,1,2015-08-27 00:00:00,-1,-1,-1,35484,-1,-1,-1,-1,-1,-1,-1,-1,-1,-1,-1,-1,-1,-1,-1,-1,53226,-1,347742,35484,-1,248387,False,False,0,0,0,0,53227,-1,347743,-1,-1,-1,0,0
2015-08-23,2015-08-23 00:00:00,Exxon,PILOT TRAVEL CENTERS LLC 103637 IW,BATON ROUGE LA (MOC) - 00CE,ULSD,35484,-1,248387,0,-1,0,-1,-1,-1,0,-1,-1,0,w4,-1,0,-1,53226,-1,347742,-1,-1,-1,100,100,100,-1,-1,-1,-1,-1,w4,1,2015-08-27 00:00:00,-1,-1,-1,35484,-1,-1,-1,-1,-1,-1,-1,-1,-1,-1,-1,-1,-1,-1,-1,-1,53226,-1,347742,35484,-1,248387,False,False,0,0,0,0,53227,-1,347743,-1,-1,-1,0,0
2015-08-24,2015-08-24 00:00:00,Exxon,PILOT TRAVEL CENTERS LLC 103637 IW,BATON ROUGE LA (MOC) - 00CE,ULSD,35484,-1,248387,0,-1,0,-1,-1,-1,0,-1,-1,0,w4,-1,0,-1,53226,-1,347742,-1,-1,-1,100,100,100,-1,-1,-1,-1,-1,w4,1,2015-08-27 00:00:00,-1,-1,-1,35484,-1,-1,-1,-1,-1,-1,-1,-1,-1,-1,-1,-1,-1,-1,-1,-1,53226,-1,347742,35484,-1,248387,False,False,0,0,0,0,53227,-1,347743,-1,-1,-1,0,0
2015-08-25,2015-08-25 00:00:00,Exxon,PILOT TRAVEL CENTERS LLC 103637 IW,BATON ROUGE LA (MOC) - 00CE,ULSD,35484,-1,248387,0,-1,0,-1,-1,-1,0,-1,-1,0,w4,-1,0,-1,53226,-1,347742,-1,-1,-1,100,100,100,-1,-1,-1,-1,-1,w4,1,2015-08-27 00:00:00,-1,-1,-1,35484,-1,-1,-1,-1,-1,-1,-1,-1,-1,-1,-1,-1,-1,-1,-1,-1,53226,-1,347742,35484,-1,248387,False,False,0,0,0,0,53227,-1,347743,-1,-1,-1,0,0
2015-08-26,2015-08-26 00:00:00,Exxon,PILOT TRAVEL CENTERS LLC 103637 IW,BATON ROUGE LA (MOC) - 00CE,ULSD,35484,-1,248387,0,-1,0,-1,-1,-1,0,-1,-1,0,w4,-1,0,-1,53226,-1,347742,-1,-1,-1,100,100,100,-1,-1,-1,-1,-1,w4,1,2015-08-27 00:00:00,-1,-1,-1,35484,-1,-1,-1,-1,-1,-1,-1,-1,-1,-1,-1,-1,-1,-1,-1,-1,53226,-1,347742,35484,-1,248387,False,False,0,0,0,0,53227,-1,347743,-1,-1,-1,0,0
2015-08-27,2015-08-27 00:00:00,Exxon,PILOT TRAVEL CENTERS LLC 103637 IW,BATON ROUGE LA (MOC) - 00CE,ULSD,35484,-1,248387,0,-1,0,-1,-1,-1,0,-1,-1,0,w4,-1,0,-1,53226,-1,347742,-1,-1,-1,100,100,100,-1,-1,-1,-1,-1,w5,1,2015-09-03 00:00:00,-1,-1,-1,35484,-1,-1,-1,-1,-1,-1,-1,-1,-1,-1,-1,-1,-1,-1,-1,-1,53226,-1,347742,35484,-1,248387,False,True,0,0,0,0,53227,-1,347743,-1,-1,-1,0,0
2015-08-28,2015-08-28 00:00:00,Exxon,PILOT TRAVEL CENTERS LLC 103637 IW,BATON ROUGE LA (MOC) - 00CE,ULSD,35484,-1,248387,0,-1,0,-1,-1,-1,0,-1,-1,0,w4,-1,0,-1,53226,-1,347742,-1,-1,-1,100,100,100,-1,-1,-1,-1,-1,w5,1,2015-09-03 00:00:00,-1,-1,-1,35484,-1,-1,-1,-1,-1,-1,-1,-1,-1,-1,-1,-1,-1,-1,-1,-1,53226,-1,347742,35484,-1,248387,False,False,0,0,0,0,53227,-1,347743,-1,-1,-1,0,0
2015-08-29,2015-08-29 00:00:00,Exxon,PILOT TRAVEL CENTERS LLC 103637 IW,BATON ROUGE LA (MOC) - 00CE,ULSD,35484,-1,248387,0,-1,0,-1,-1,-1,0,-1,-1,0,w4,-1,0,-1,53226,-1,347742,-1,-1,-1,100,100,100,-1,-1,-1,-1,-1,w5,1,2015-09-03 00:00:00,-1,-1,-1,35484,-1,-1,-1,-1,-1,-1,-1,-1,-1,-1,-1,-1,-1,-1,-1,-1,53226,-1,347742,35484,-1,248387,False,False,0,0,0,0,53227,-1,347743,-1,-1,-1,0,0
2015-08-30,2015-08-30 00:00:00,Exxon,PILOT TRAVEL CENTERS LLC 103637 IW,BATON ROUGE LA (MOC) - 00CE,ULSD,35484,-1,248387,0,-1,0,-1,-1,-1,0,-1,-1,0,w4,-1,0,-1,53226,-1,347742,-1,-1,-1,100,100,100,-1,-1,-1,-1,-1,w5,1,2015-09-03 00:00:00,-1,-1,-1,35484,-1,-1,-1,-1,-1,-1,-1,-1,-1,-1,-1,-1,-1,-1,-1,-1,53226,-1,347742,35484,-1,248387,False,False,0,0,0,0,53227,-1,347743,-1,-1,-1,0,0
2015-08-31,2015-08-31 00:00:00,Exxon,PILOT TRAVEL CENTERS LLC 103637 IW,BATON ROUGE LA (MOC) - 00CE,ULSD,35484,-1,248387,0,-1,0,-1,-1,-1,0,-1,-1,0,w4,-1,0,-1,53226,-1,347742,-1,-1,-1,100,100,100,-1,-1,-1,-1,-1,w5,1,2015-09-03 00:00:00,-1,-1,-1,35484,-1,-1,-1,-1,-1,-1,-1,-1,-1,-1,-1,-1,-1,-1,-1,-1,53226,-1,347742,35484,-1,248387,False,False,0,0,0,0,53227,-1,347743,-1,-1,-1,0,0
