,date,supplier_name,account_type,supplier_terminal_name,product_name,base_gallons_Daily,base_gallons_Weekly,lifted_gallons_daily_flag,lifted_gallons_daily_modified,Modified_WeeksByLiftedGallons,lifted_gallons_modified_WeeksByLiftedGallons,lifted_gallons_Daily,Lifted_actual_weekly,lifted_gallons_weekly_flag,WeeksByLiftedGallons,lifted_gallonsWeekly_modified_aposteriori,Modified_LiftedGallonsaposteriori,lifted_gallons_Weekly,beginning_gallons_Daily,beginning_gallons_Weekly,en_allocation_status_Daily,en_allocation_status_Weekly,percentage_allocation_Daily_actual,percentage_allocation_Daily,percentage_allocation_Weekly_actual,percentage_allocation_Weekly,alerts_ratability_Daily,alerts_ratability_Weekly,next_refresh_date_Daily,Week_switch,Modified_NRD,next_refresh_date_Weekly,en_account_type_Daily,en_account_type_Weekly,NRB_Daily,next_refresh_base_gallons_Daily,next_refresh_base_gallons_Weekly,remaining_gallons_Daily,remaining_gallons_Weekly,additional_gallons_allowed_Daily,additional_gallons_allowed_Weekly,additional_gallons_remaining_Daily,additional_gallons_remaining_Weekly,staging_id_Daily,staging_id_Weekly,base_gallons_Monthly,Lifted_actual_monthly,lifted_gallons_monthly_flag,lifted_gallons_Monthly,beginning_gallons_Monthly,en_allocation_status_Monthly,percentage_allocation_Monthly_actual,percentage_allocation_Monthly,alerts_ratability_Monthly,next_refresh_date_Monthly,NRB_Monthly,next_refresh_base_gallons_Monthly,remaining_gallons_Monthly,additional_gallons_allowed_Monthly,additional_gallons_remaining_Monthly,base_gallons_Daily_Reconciled,base_gallons_Monthly_Reconciled,base_gallons_Weekly_Reconciled,beginning_gallons_Daily_Reconciled,beginning_gallons_Monthly_Reconciled,beginning_gallons_Weekly_Reconciled,sanityWeekly_CumulativeDaily_WeeksByLiftedGallons,sanityWeekly_CumulativeDaily_NextRefreshDate,computedWeekly,sanityComputedWeekly,computedMonthly,sanityComputedMonthly,remaining_gallons_Daily_Reconciled,remaining_gallons_Monthly_Reconciled,remaining_gallons_Weekly_Reconciled,additional_gallons_remaining_Daily_Reconciled,additional_gallons_remaining_Monthly_Reconciled,additional_gallons_remaining_Weekly_Reconciled,sanityMonthly_CumulativeDaily_WeeksByLiftedGallons,sanityMonthly_CumulativeDaily_WeeksByNextRefreshDate
2015-08-01,2015-08-01 00:00:00,BP,Channel: 50 - Commercial,EAST CHICAGO IN - BUCKEYE (PLANT 6410),PREMIUM,-1,-1,0,-1,0,-1,-1,-1,0,w1,-1,0,-1,-1,-1,-1,-1,-1,-1,-1,-1,-1,-1,-1,w1,1,2015-08-05 00:00:00,-1,-1,540,-1,-1,-1,-1,-1,-1,-1,-1,-1,-1,-1,-1,0,-1,-1,-1,-1,-1,-1,-1,0,-1,-1,-1,-1,-1,-1,-1,-1,-1,-1,False,False,0,0,0,0,-1,-1,-1,-1,-1,-1,1,1
2015-08-02,2015-08-02 00:00:00,BP,Channel: 50 - Commercial,EAST CHICAGO IN - BUCKEYE (PLANT 6410),PREMIUM,-1,-1,0,-1,0,-1,-1,-1,0,w1,-1,0,-1,-1,-1,-1,-1,-1,-1,-1,-1,-1,-1,-1,w1,1,2015-08-05 00:00:00,-1,-1,540,-1,-1,-1,-1,-1,-1,-1,-1,-1,-1,-1,-1,0,-1,-1,-1,-1,-1,-1,-1,0,-1,-1,-1,-1,-1,-1,-1,-1,-1,-1,False,False,0,0,0,0,-1,-1,-1,-1,-1,-1,0,0
2015-08-03,2015-08-03 00:00:00,BP,Channel: 50 - Commercial,EAST CHICAGO IN - BUCKEYE (PLANT 6410),PREMIUM,-1,-1,0,-1,0,-1,-1,-1,0,w1,-1,0,-1,-1,-1,-1,-1,-1,-1,-1,-1,-1,-1,-1,w1,1,2015-08-05 00:00:00,-1,-1,540,-1,-1,-1,-1,-1,-1,-1,-1,-1,-1,-1,-1,0,-1,-1,-1,-1,-1,-1,-1,0,-1,-1,-1,-1,-1,-1,-1,-1,-1,-1,False,False,0,0,0,0,-1,-1,-1,-1,-1,-1,0,0
2015-08-04,2015-08-04 00:00:00,BP,Channel: 50 - Commercial,EAST CHICAGO IN - BUCKEYE (PLANT 6410),PREMIUM,-1,-1,0,-1,0,-1,-1,-1,0,w1,-1,0,-1,-1,-1,-1,-1,-1,-1,-1,-1,-1,-1,-1,w1,1,2015-08-05 00:00:00,-1,-1,540,-1,-1,-1,-1,-1,-1,-1,-1,-1,-1,-1,-1,0,-1,-1,-1,-1,-1,-1,-1,0,-1,-1,-1,-1,-1,-1,-1,-1,-1,-1,False,False,0,0,0,0,-1,-1,-1,-1,-1,-1,0,0
2015-08-05,2015-08-05 00:00:00,BP,Channel: 50 - Commercial,EAST CHICAGO IN - BUCKEYE (PLANT 6410),PREMIUM,-1,-1,0,-1,0,-1,-1,-1,0,w1,-1,0,-1,-1,-1,-1,-1,-1,-1,-1,-1,-1,-1,-1,w2,1,2015-08-12 00:00:00,-1,-1,540,-1,-1,-1,-1,-1,-1,-1,-1,-1,-1,-1,-1,0,-1,-1,-1,-1,-1,-1,-1,0,-1,-1,-1,-1,-1,-1,-1,-1,-1,-1,False,True,0,0,0,0,-1,-1,-1,-1,-1,-1,0,0
2015-08-06,2015-08-06 00:00:00,BP,Channel: 50 - Commercial,EAST CHICAGO IN - BUCKEYE (PLANT 6410),PREMIUM,-1,2813,0,-1,0,-1,-1,0,0,w1,-1,0,0,-1,3094,-1,Available,-1,-1,110%,110,-1,-1,-1,w2,0,2015-08-12 00:00:00,-1,Contract,540,-1,2813,-1,3094,-1,0,-1,0,-1,1427180,0,0,0,0,0,0,0,0,0,0,0,0,0,0,0,-1,0,2800,-1,0,3094,False,False,0,0,0,0,-1,0,3094,-1,-1,-1,0,0
2015-08-07,2015-08-07 00:00:00,BP,Channel: 50 - Commercial,EAST CHICAGO IN - BUCKEYE (PLANT 6410),PREMIUM,-1,2813,0,-1,1,0,-1,0,0,w1,-1,0,0,-1,3094,-1,Available,-1,-1,110%,110,-1,-1,-1,w2,0,2015-08-12 00:00:00,-1,Contract,540,-1,2813,-1,3094,-1,0,-1,0,-1,1462905,0,0,0,0,0,0,0,0,0,0,0,0,0,0,0,-1,0,2800,-1,0,3094,False,False,0,0,0,0,-1,0,3094,-1,-1,-1,0,0
2015-08-08,2015-08-08 00:00:00,BP,Channel: 50 - Commercial,EAST CHICAGO IN - BUCKEYE (PLANT 6410),PREMIUM,-1,2813,0,-1,1,0,-1,0,0,w1,-1,0,0,-1,3094,-1,Available,-1,-1,110%,110,-1,-1,-1,w2,0,2015-08-12 00:00:00,-1,Contract,540,-1,2813,-1,3094,-1,0,-1,0,-1,1497192,0,0,0,0,0,0,0,0,0,0,0,0,0,0,0,-1,0,2800,-1,0,3094,False,False,0,0,0,0,-1,0,3094,-1,-1,-1,0,0
2015-08-09,2015-08-09 00:00:00,BP,Channel: 50 - Commercial,EAST CHICAGO IN - BUCKEYE (PLANT 6410),PREMIUM,-1,2813,0,-1,1,0,-1,0,0,w1,-1,0,0,-1,3094,-1,Available,-1,-1,110%,110,-1,-1,-1,w2,0,2015-08-12 00:00:00,-1,Contract,540,-1,2813,-1,3094,-1,0,-1,0,-1,1531133,0,0,0,0,0,0,0,0,0,0,0,0,0,0,0,-1,0,2800,-1,0,3094,False,False,0,0,0,0,-1,0,3094,-1,-1,-1,0,0
2015-08-10,2015-08-10 00:00:00,BP,Channel: 50 - Commercial,EAST CHICAGO IN - BUCKEYE (PLANT 6410),PREMIUM,-1,2813,0,-1,1,0,-1,0,0,w1,-1,0,0,-1,3094,-1,Available,-1,-1,110%,110,-1,-1,-1,w2,0,2015-08-12 00:00:00,-1,Contract,540,-1,2813,-1,3094,-1,0,-1,0,-1,1564240,0,0,0,0,0,0,0,0,0,0,0,0,0,0,0,-1,0,2800,-1,0,3094,False,False,0,0,0,0,-1,0,3094,-1,-1,-1,0,0
2015-08-11,2015-08-11 00:00:00,BP,Channel: 50 - Commercial,EAST CHICAGO IN - BUCKEYE (PLANT 6410),PREMIUM,-1,2813,0,-1,1,0,-1,0,0,w1,-1,0,0,-1,3094,-1,Available,-1,-1,110%,110,-1,-1,-1,w2,0,2015-08-12 00:00:00,-1,Contract,540,-1,2813,-1,3094,-1,0,-1,0,-1,1586373,0,0,0,0,0,0,0,0,0,0,0,0,0,0,0,-1,0,2800,-1,0,3094,False,False,0,0,0,0,-1,0,3094,-1,-1,-1,0,0
2015-08-12,2015-08-12 00:00:00,BP,Channel: 50 - Commercial,EAST CHICAGO IN - BUCKEYE (PLANT 6410),PREMIUM,-1,-1,0,-1,0,-1,-1,-1,0,w2,-1,0,-1,-1,-1,-1,-1,-1,-1,-1,110,-1,-1,-1,w3,1,2015-08-19 00:00:00,-1,-1,540,-1,-1,-1,-1,-1,-1,-1,-1,-1,-1,-1,-1,0,-1,-1,-1,-1,0,-1,-1,0,-1,-1,-1,-1,-1,0,2800,-1,0,3094,True,True,0,0,0,0,-1,-1,-1,-1,-1,-1,0,0
2015-08-13,2015-08-13 00:00:00,BP,Channel: 50 - Commercial,EAST CHICAGO IN - BUCKEYE (PLANT 6410),PREMIUM,-1,-1,0,-1,0,-1,-1,-1,0,w2,-1,0,-1,-1,-1,-1,-1,-1,-1,-1,110,-1,-1,-1,w3,1,2015-08-19 00:00:00,-1,-1,540,-1,-1,-1,-1,-1,-1,-1,-1,-1,-1,-1,-1,0,-1,-1,-1,-1,0,-1,-1,0,-1,-1,-1,-1,-1,-1,-1,-1,-1,-1,False,False,0,0,0,0,-1,-1,-1,-1,-1,-1,0,0
2015-08-14,2015-08-14 00:00:00,BP,Channel: 50 - Commercial,EAST CHICAGO IN - BUCKEYE (PLANT 6410),PREMIUM,-1,-1,0,-1,0,-1,-1,-1,0,w2,-1,0,-1,-1,-1,-1,-1,-1,-1,-1,110,-1,-1,-1,w3,1,2015-08-19 00:00:00,-1,-1,540,-1,-1,-1,-1,-1,-1,-1,-1,-1,-1,-1,-1,0,-1,-1,-1,-1,0,-1,-1,0,-1,-1,-1,-1,-1,-1,-1,-1,-1,-1,False,False,0,0,0,0,-1,-1,-1,-1,-1,-1,0,0
2015-08-15,2015-08-15 00:00:00,BP,Channel: 50 - Commercial,EAST CHICAGO IN - BUCKEYE (PLANT 6410),PREMIUM,-1,-1,0,-1,0,-1,-1,-1,0,w2,-1,0,-1,-1,-1,-1,-1,-1,-1,-1,110,-1,-1,-1,w3,1,2015-08-19 00:00:00,-1,-1,540,-1,-1,-1,-1,-1,-1,-1,-1,-1,-1,-1,-1,0,-1,-1,-1,-1,0,-1,-1,0,-1,-1,-1,-1,-1,-1,-1,-1,-1,-1,False,False,0,0,0,0,-1,-1,-1,-1,-1,-1,0,0
2015-08-16,2015-08-16 00:00:00,BP,Channel: 50 - Commercial,EAST CHICAGO IN - BUCKEYE (PLANT 6410),PREMIUM,-1,-1,0,-1,0,-1,-1,-1,0,w2,-1,0,-1,-1,-1,-1,-1,-1,-1,-1,110,-1,-1,-1,w3,1,2015-08-19 00:00:00,-1,-1,540,-1,-1,-1,-1,-1,-1,-1,-1,-1,-1,-1,-1,0,-1,-1,-1,-1,0,-1,-1,0,-1,-1,-1,-1,-1,-1,-1,-1,-1,-1,False,False,0,0,0,0,-1,-1,-1,-1,-1,-1,0,0
2015-08-17,2015-08-17 00:00:00,BP,Channel: 50 - Commercial,EAST CHICAGO IN - BUCKEYE (PLANT 6410),PREMIUM,-1,-1,0,-1,0,-1,-1,-1,0,w2,-1,0,-1,-1,-1,-1,-1,-1,-1,-1,110,-1,-1,-1,w3,1,2015-08-19 00:00:00,-1,-1,540,-1,-1,-1,-1,-1,-1,-1,-1,-1,-1,-1,-1,0,-1,-1,-1,-1,0,-1,-1,0,-1,-1,-1,-1,-1,-1,-1,-1,-1,-1,False,False,0,0,0,0,-1,-1,-1,-1,-1,-1,0,0
2015-08-18,2015-08-18 00:00:00,BP,Channel: 50 - Commercial,EAST CHICAGO IN - BUCKEYE (PLANT 6410),PREMIUM,-1,-1,0,-1,0,-1,-1,-1,0,w2,-1,0,-1,-1,-1,-1,-1,-1,-1,-1,110,-1,-1,-1,w3,1,2015-08-19 00:00:00,-1,-1,540,-1,-1,-1,-1,-1,-1,-1,-1,-1,-1,-1,-1,0,-1,-1,-1,-1,0,-1,-1,0,-1,-1,-1,-1,-1,-1,-1,-1,-1,-1,False,False,0,0,0,0,-1,-1,-1,-1,-1,-1,0,0
2015-08-19,2015-08-19 00:00:00,BP,Channel: 50 - Commercial,EAST CHICAGO IN - BUCKEYE (PLANT 6410),PREMIUM,-1,-1,6,0,0,-1,-1,-1,6,w2,-1,0,0,-1,-1,-1,-1,-1,-1,-1,110,-1,-1,-1,w4,1,2015-08-26 00:00:00,-1,-1,540,-1,-1,-1,-1,-1,-1,-1,-1,-1,-1,-1,-1,0,-1,-1,-1,-1,0,-1,-1,0,-1,-1,-1,-1,-1,-1,-1,-1,-1,-1,False,True,0,0,0,0,-1,-1,-1,-1,-1,-1,0,0
2015-08-20,2015-08-20 00:00:00,BP,Channel: 50 - Commercial,EAST CHICAGO IN - BUCKEYE (PLANT 6410),PREMIUM,540,3783,3,0,0,0,0,0,0,w2,0,0,0,810,3783,Available,Available,150%,150,100%,100,-1,-1,08/21 00:00:00 CDT,w4,0,2015-08-26 00:00:00,Contract,Contract,540,540,3783,810,3783,0,0,0,0,1944648,1944649,0,0,0,0,0,0,0,0,0,0,0,0,0,0,0,500,0,3700,810,0,3783,False,True,0,0,0,0,810,0,3783,-1,-1,-1,0,0
2015-08-21,2015-08-21 00:00:00,BP,Channel: 50 - Commercial,EAST CHICAGO IN - BUCKEYE (PLANT 6410),PREMIUM,540,3783,3,0,0,0,0,0,0,w2,0,0,0,810,3783,Available,Available,150%,150,100%,100,-1,-1,08/22 00:00:00 CDT,w4,0,2015-08-26 00:00:00,Contract,Contract,540,540,3783,810,3783,0,0,0,0,1983491,1983492,0,0,0,0,0,0,0,0,0,0,0,0,0,0,0,500,0,3700,810,0,3783,False,True,0,0,0,0,810,0,3783,-1,-1,-1,0,0
2015-08-22,2015-08-22 00:00:00,BP,Channel: 50 - Commercial,EAST CHICAGO IN - BUCKEYE (PLANT 6410),PREMIUM,540,3783,3,0,0,0,0,0,0,w2,0,0,0,810,3783,Available,Available,150%,150,100%,100,-1,-1,08/23 00:00:00 CDT,w4,0,2015-08-26 00:00:00,Contract,Contract,540,540,3783,810,3783,0,0,0,0,2021378,2021379,0,0,0,0,0,0,0,0,0,0,0,0,0,0,0,500,0,3700,810,0,3783,False,True,0,0,0,0,810,0,3783,-1,-1,-1,0,0
2015-08-23,2015-08-23 00:00:00,BP,Channel: 50 - Commercial,EAST CHICAGO IN - BUCKEYE (PLANT 6410),PREMIUM,540,3783,3,0,0,0,0,0,0,w2,0,0,0,810,3783,Available,Available,150%,150,100%,100,-1,-1,08/24 00:00:00 CDT,w4,0,2015-08-26 00:00:00,Contract,Contract,540,540,3783,810,3783,0,0,0,0,2057413,2057414,0,0,0,0,0,0,0,0,0,0,0,0,0,0,0,500,0,3700,810,0,3783,False,True,0,0,0,0,810,0,3783,-1,-1,-1,0,0
2015-08-24,2015-08-24 00:00:00,BP,Channel: 50 - Commercial,EAST CHICAGO IN - BUCKEYE (PLANT 6410),PREMIUM,540,3783,0,0,0,0,0,0,0,w2,0,0,0,810,3783,Available,Available,150%,150,100%,100,-1,-1,08/25 00:00:00 CDT,w4,0,2015-08-26 00:00:00,Contract,Contract,540,540,3783,810,3783,0,0,0,0,2095046,2095047,0,0,0,0,0,0,0,0,0,0,0,0,0,0,0,500,0,3700,810,0,3783,False,True,0,0,0,0,810,0,3783,-1,-1,-1,0,0
2015-08-25,2015-08-25 00:00:00,BP,Channel: 50 - Commercial,EAST CHICAGO IN - BUCKEYE (PLANT 6410),PREMIUM,-1,3783,0,-1,1,4100,-1,4100,0,w2,-1,0,4100,-1,4161,-1,Available,-1,150,110%,110,-1,-1,-1,w4,0,2015-08-26 00:00:00,-1,Contract,540,-1,3783,-1,61,-1,8000,-1,8000,-1,2126172,0,0,0,0,0,0,0,0,0,0,0,0,0,0,0,500,0,3700,810,0,4161,False,False,0,0,0,0,-1,0,61,-1,-1,-1,0,0
2015-08-26,2015-08-26 00:00:00,BP,Channel: 50 - Commercial,EAST CHICAGO IN - BUCKEYE (PLANT 6410),PREMIUM,-1,3783,3,0,1,0,-1,0,0,w3,-1,0,0,-1,4161,-1,Available,-1,150,110%,110,-1,-1,-1,w5,0,2015-09-02 00:00:00,-1,Contract,540,-1,3783,-1,4161,-1,0,-1,0,-1,2153759,0,0,0,0,0,0,0,0,0,0,0,0,0,0,0,-1,0,3700,-1,0,4161,True,True,0,0,0,0,-1,0,4161,-1,-1,-1,0,0
2015-08-27,2015-08-27 00:00:00,BP,Channel: 50 - Commercial,EAST CHICAGO IN - BUCKEYE (PLANT 6410),PREMIUM,-1,3783,0,-1,1,0,-1,0,0,w3,-1,0,0,-1,4161,-1,Available,-1,150,110%,110,-1,-1,-1,w5,0,2015-09-02 00:00:00,-1,Contract,540,-1,3783,-1,4161,-1,0,-1,0,-1,2180968,0,0,0,0,0,0,0,0,0,0,0,0,0,0,0,-1,0,3700,-1,0,4161,True,False,0,0,0,0,-1,0,4161,-1,-1,-1,0,0
2015-08-28,2015-08-28 00:00:00,BP,Channel: 50 - Commercial,EAST CHICAGO IN - BUCKEYE (PLANT 6410),PREMIUM,-1,3783,0,-1,1,0,-1,0,0,w3,-1,0,0,-1,4161,-1,Available,-1,150,110%,110,-1,-1,-1,w5,0,2015-09-02 00:00:00,-1,Contract,540,-1,3783,-1,4161,-1,0,-1,0,-1,2211906,0,0,0,0,0,0,0,0,0,0,0,0,0,0,0,-1,0,3700,-1,0,4161,True,False,0,0,0,0,-1,0,4161,-1,-1,-1,0,0
2015-08-29,2015-08-29 00:00:00,BP,Channel: 50 - Commercial,EAST CHICAGO IN - BUCKEYE (PLANT 6410),PREMIUM,-1,3783,0,-1,1,1100,-1,1100,0,w3,-1,0,1100,-1,4161,-1,Available,-1,150,110%,110,-1,-1,-1,w5,0,2015-09-02 00:00:00,-1,Contract,540,-1,3783,-1,3061,-1,0,-1,0,-1,2239055,0,0,0,0,0,0,0,0,0,0,0,0,0,0,0,-1,0,3700,-1,0,4161,True,False,0,0,0,0,-1,0,3061,-1,-1,-1,0,0
2015-08-30,2015-08-30 00:00:00,BP,Channel: 50 - Commercial,EAST CHICAGO IN - BUCKEYE (PLANT 6410),PREMIUM,-1,3783,0,-1,1,1200,-1,2300,0,w3,-1,0,2300,-1,4161,-1,Available,-1,150,110%,110,-1,-1,-1,w5,0,2015-09-02 00:00:00,-1,Contract,540,-1,3783,-1,1861,-1,0,-1,0,-1,2265452,0,0,0,0,0,0,0,0,0,0,0,0,0,0,0,-1,0,3700,-1,0,4161,True,False,0,0,0,0,-1,0,1861,-1,-1,-1,0,0
2015-08-31,2015-08-31 00:00:00,BP,Channel: 50 - Commercial,EAST CHICAGO IN - BUCKEYE (PLANT 6410),PREMIUM,-1,3783,0,-1,1,2500,-1,4800,0,w3,-1,0,4800,-1,4161,-1,Out,-1,150,110%,110,-1,-1,-1,w5,0,2015-09-02 00:00:00,-1,Contract,540,-1,3783,-1,-639,-1,0,-1,0,-1,2291615,0,0,0,0,0,0,0,0,0,0,0,0,0,0,0,-1,0,3700,-1,0,4161,True,False,0,0,0,0,-1,0,-639,-1,-1,-1,0,0
