,date,supplier_name,account_type,supplier_terminal_name,product_name,base_gallons_Daily,base_gallons_Monthly,base_gallons_Weekly,lifted_gallons_daily_flag,lifted_gallons_daily_modified,Modified_WeeksByLiftedGallons,lifted_gallons_modified_WeeksByLiftedGallons,lifted_gallons_Daily,Lifted_actual_monthly,lifted_gallons_monthly_flag,lifted_gallons_Monthly,Lifted_actual_weekly,lifted_gallons_weekly_flag,WeeksByLiftedGallons,lifted_gallonsWeekly_modified_aposteriori,Modified_LiftedGallonsaposteriori,lifted_gallons_Weekly,beginning_gallons_Daily,beginning_gallons_Monthly,beginning_gallons_Weekly,en_allocation_status_Daily,en_allocation_status_Monthly,en_allocation_status_Weekly,percentage_allocation_Daily_actual,percentage_allocation_Daily,percentage_allocation_Monthly_actual,percentage_allocation_Monthly,percentage_allocation_Weekly_actual,percentage_allocation_Weekly,alerts_ratability_Daily,alerts_ratability_Monthly,alerts_ratability_Weekly,next_refresh_date_Daily,next_refresh_date_Monthly,Week_switch,Modified_NRD,next_refresh_date_Weekly,en_account_type_Daily,en_account_type_Monthly,en_account_type_Weekly,NRB_Daily,next_refresh_base_gallons_Daily,NRB_Monthly,next_refresh_base_gallons_Monthly,next_refresh_base_gallons_Weekly,remaining_gallons_Daily,remaining_gallons_Monthly,remaining_gallons_Weekly,additional_gallons_allowed_Daily,additional_gallons_allowed_Monthly,additional_gallons_allowed_Weekly,additional_gallons_remaining_Daily,additional_gallons_remaining_Monthly,additional_gallons_remaining_Weekly,staging_id_Daily,staging_id_Monthly,staging_id_Weekly,base_gallons_Daily_Reconciled,base_gallons_Monthly_Reconciled,base_gallons_Weekly_Reconciled,beginning_gallons_Daily_Reconciled,beginning_gallons_Monthly_Reconciled,beginning_gallons_Weekly_Reconciled,sanityWeekly_CumulativeDaily_WeeksByLiftedGallons,sanityWeekly_CumulativeDaily_NextRefreshDate,computedWeekly,sanityComputedWeekly,computedMonthly,sanityComputedMonthly,remaining_gallons_Daily_Reconciled,remaining_gallons_Monthly_Reconciled,remaining_gallons_Weekly_Reconciled,additional_gallons_remaining_Daily_Reconciled,additional_gallons_remaining_Monthly_Reconciled,additional_gallons_remaining_Weekly_Reconciled,sanityMonthly_CumulativeDaily_WeeksByLiftedGallons,sanityMonthly_CumulativeDaily_WeeksByNextRefreshDate
2015-06-01,2015-06-01 00:00:00,Chevron,PILOT TRAVEL CENTERS LLC : CHV7460761,3351 PHOENIX AZ TRM KINDER MORGAN,DIESEL #2,-1,-1,-1,7,28800,0,-1,-1,-1,7,28800,-1,7,w1,-1,0,28800,-1,-1,-1,-1,-1,-1,-1,-1,-1,-1,-1,-1,-1,-1,-1,-1,-1,w1,1,2015-06-03 00:00:00,-1,-1,-1,14333,-1,430000,-1,-1,-1,-1,-1,-1,-1,-1,-1,-1,-1,-1,-1,-1,-1,-1,-1,-1,-1,-1,True,True,28800,True,0,0,-1,-1,-1,-1,-1,-1,0,1
2015-06-02,2015-06-02 00:00:00,Chevron,PILOT TRAVEL CENTERS LLC : CHV7460761,3351 PHOENIX AZ TRM KINDER MORGAN,DIESEL #2,14333,430000,100333,1,7300,0,0,0,28800,0,28800,123989,1,w1,0,0,36100,28666,473000,125416,Available,Available,Low,200%,200,110%,110,125%,125,Below Trend,Above Trend,Above Trend,06/03 00:00:00 MDT,07/01 00:00:00 MDT,w1,0,2015-06-03 00:00:00,Contract,Contract,Contract,14333,14333,430000,430000,100333,28666,444200,1427,0,0,0,0,0,0,205,207,206,14300,430000,100300,28666,473000,125416,False,True,36100,True,0,0,21366,444200,89316,-1,-1,-1,0,0
2015-06-03,2015-06-03 00:00:00,Chevron,PILOT TRAVEL CENTERS LLC : CHV7460761,3351 PHOENIX AZ TRM KINDER MORGAN,DIESEL #2,14333,430000,100333,1,29000,0,0,0,36100,0,36100,0,1,w2,0,0,29000,28666,473000,125416,Available,Available,Available,200%,200,110%,110,125%,125,Below Trend,Above Trend,Below Trend,06/04 00:00:00 MDT,07/01 00:00:00 MDT,w2,0,2015-06-10 00:00:00,Contract,Contract,Contract,14333,14333,430000,430000,100333,28666,436900,125416,0,0,0,0,0,0,6203,6205,6204,14300,430000,100300,28666,473000,125416,True,True,0,0,0,0,-334,436900,96416,-1,-1,-1,0,0
2015-06-04,2015-06-04 00:00:00,Chevron,PILOT TRAVEL CENTERS LLC : CHV7460761,3351 PHOENIX AZ TRM KINDER MORGAN,DIESEL #2,14333,430000,100333,3,0,1,29000,0,65100,0,65100,29000,1,w2,0,0,46900,28666,473000,125416,Available,Available,Available,200%,200,110%,110,125%,125,Below Trend,Above Trend,Above Trend,06/05 00:00:00 MDT,07/01 00:00:00 MDT,w2,0,2015-06-10 00:00:00,Contract,Contract,Contract,14333,14333,430000,430000,100333,28666,407900,96416,15000,15000,15000,14666,14666,14666,8948,8950,8949,14300,430000,100300,28666,473000,125416,True,False,0,0,0,0,28666,407900,78516,-1,-1,-1,0,1
2015-06-05,2015-06-05 00:00:00,Chevron,PILOT TRAVEL CENTERS LLC : CHV7460761,3351 PHOENIX AZ TRM KINDER MORGAN,DIESEL #2,14333,430000,100333,0,0,1,17900,0,83000,0,83000,46900,0,w2,0,0,46900,28666,473000,125416,Available,Available,Available,200%,200,110%,110,125%,125,Below Trend,Above Trend,Above Trend,06/06 00:00:00 MDT,07/01 00:00:00 MDT,w2,0,2015-06-10 00:00:00,Contract,Contract,Contract,14333,14333,430000,430000,100333,28666,390000,78516,0,0,0,0,0,0,12843,12845,12844,14300,430000,100300,28666,473000,125416,True,False,0,0,0,0,28666,390000,78516,-1,-1,-1,0,0
2015-06-06,2015-06-06 00:00:00,Chevron,PILOT TRAVEL CENTERS LLC : CHV7460761,3351 PHOENIX AZ TRM KINDER MORGAN,DIESEL #2,-1,-1,-1,0,-1,0,-1,-1,-1,0,-1,-1,0,w3,-1,0,-1,-1,-1,-1,-1,-1,-1,-1,200,-1,110,-1,125,-1,-1,-1,-1,-1,w2,1,2015-06-10 00:00:00,-1,-1,-1,14333,-1,430000,-1,-1,-1,-1,-1,-1,-1,-1,-1,-1,-1,-1,-1,-1,14300,430000,100300,28666,473000,125416,True,False,0,0,0,0,-1,-1,-1,-1,-1,-1,0,0
2015-06-07,2015-06-07 00:00:00,Chevron,PILOT TRAVEL CENTERS LLC : CHV7460761,3351 PHOENIX AZ TRM KINDER MORGAN,DIESEL #2,-1,-1,-1,0,-1,0,-1,-1,-1,0,-1,-1,0,w3,-1,0,-1,-1,-1,-1,-1,-1,-1,-1,200,-1,110,-1,125,-1,-1,-1,-1,-1,w2,1,2015-06-10 00:00:00,-1,-1,-1,14333,-1,430000,-1,-1,-1,-1,-1,-1,-1,-1,-1,-1,-1,-1,-1,-1,-1,-1,-1,-1,-1,-1,False,False,0,0,0,0,-1,-1,-1,-1,-1,-1,0,0
2015-06-08,2015-06-08 00:00:00,Chevron,PILOT TRAVEL CENTERS LLC : CHV7460761,3351 PHOENIX AZ TRM KINDER MORGAN,DIESEL #2,14333,430000,100333,0,7500,0,7500,7500,115701,0,115701,79601,0,w3,7500,0,79601,28666,473000,125416,Available,Available,Limited,200%,200,110%,110,125%,125,On Target,Above Trend,Above Trend,06/08 00:00:00 MDT,07/01 00:00:00 MDT,w2,0,2015-06-10 00:00:00,Contract,Contract,Contract,14333,14333,430000,430000,100333,21166,357299,45815,0,0,0,0,0,0,15143,15145,15144,14300,430000,100300,28666,473000,125416,False,False,0,0,0,0,21166,357299,45815,-1,-1,-1,0,0
2015-06-09,2015-06-09 00:00:00,Chevron,PILOT TRAVEL CENTERS LLC : CHV7460761,3351 PHOENIX AZ TRM KINDER MORGAN,DIESEL #2,-1,-1,-1,2,27165,0,-1,-1,-1,2,142866,-1,2,w4,-1,0,106766,-1,-1,-1,-1,-1,-1,-1,200,-1,110,-1,125,-1,-1,-1,-1,-1,w2,1,2015-06-10 00:00:00,-1,-1,-1,14333,-1,430000,-1,-1,-1,-1,-1,-1,-1,-1,-1,-1,-1,-1,-1,-1,14300,430000,100300,28666,473000,125416,True,False,0,0,0,0,-1,-1,-1,-1,-1,-1,0,0
2015-06-10,2015-06-10 00:00:00,Chevron,PILOT TRAVEL CENTERS LLC : CHV7460761,3351 PHOENIX AZ TRM KINDER MORGAN,DIESEL #2,14333,430000,100333,1,29925,0,22425,22425,165291,0,165291,129191,1,w4,22425,0,136691,28666,473000,125416,Limited,Available,Out,200%,200,110%,110,125%,125,Above Trend,Above Trend,Above Trend,06/10 00:00:00 MDT,07/01 00:00:00 MDT,w2,0,2015-06-10 00:00:00,Contract,Contract,Contract,14333,14333,430000,430000,100333,6241,307709,-3775,0,0,0,0,0,0,20756,20758,20757,14300,430000,100300,28666,473000,125416,False,False,0,0,0,0,-1259,307709,-11275,-1,-1,-1,0,0
2015-06-11,2015-06-11 00:00:00,Chevron,PILOT TRAVEL CENTERS LLC : CHV7460761,3351 PHOENIX AZ TRM KINDER MORGAN,DIESEL #2,14333,430000,100333,3,7500,1,7500,0,172791,0,172791,7500,0,w5,0,0,7500,28666,473000,125416,Available,Available,Available,200%,200,110%,110,125%,125,Below Trend,Above Trend,On Target,06/12 00:00:00 MDT,07/01 00:00:00 MDT,w3,0,2015-06-17 00:00:00,Contract,Contract,Contract,14333,14333,430000,430000,100333,28666,300209,117916,0,0,0,0,0,0,23658,23660,23659,14300,430000,100300,28666,473000,125416,True,True,7500,True,0,0,21166,300209,117916,-1,-1,-1,0,0
2015-06-12,2015-06-12 00:00:00,Chevron,PILOT TRAVEL CENTERS LLC : CHV7460761,3351 PHOENIX AZ TRM KINDER MORGAN,DIESEL #2,-1,-1,-1,2,58558,0,-1,-1,-1,2,231349,-1,2,w6,-1,0,66058,-1,-1,-1,-1,-1,-1,-1,200,-1,110,-1,125,-1,-1,-1,-1,-1,w3,1,2015-06-17 00:00:00,-1,-1,-1,14333,-1,430000,-1,-1,-1,-1,-1,-1,-1,-1,-1,-1,-1,-1,-1,-1,14300,430000,100300,28666,473000,125416,True,True,66058,True,0,0,-1,-1,-1,-1,-1,-1,0,0
2015-06-13,2015-06-13 00:00:00,Chevron,PILOT TRAVEL CENTERS LLC : CHV7460761,3351 PHOENIX AZ TRM KINDER MORGAN,DIESEL #2,14333,430000,100333,1,0,0,0,0,231349,0,231349,66058,1,w6,0,0,66058,28666,473000,125416,Available,Available,Limited,200%,200,110%,110,125%,125,Below Trend,Above Trend,Above Trend,06/14 00:00:00 MDT,07/01 00:00:00 MDT,w3,0,2015-06-17 00:00:00,Contract,Contract,Contract,14333,14333,430000,430000,100333,28666,241651,59358,0,0,0,0,0,0,51245,51247,51246,14300,430000,100300,28666,473000,125416,False,True,66058,True,0,0,28666,241651,59358,-1,-1,-1,0,0
2015-06-14,2015-06-14 00:00:00,Chevron,PILOT TRAVEL CENTERS LLC : CHV7460761,3351 PHOENIX AZ TRM KINDER MORGAN,DIESEL #2,14333,430000,100333,1,4900,0,4900,4900,236249,0,236249,70958,1,w6,4900,0,70958,28666,473000,125416,Available,Available,Limited,200%,200,110%,110,125%,125,Below Trend,Above Trend,Above Trend,06/15 00:00:00 MDT,07/01 00:00:00 MDT,w3,0,2015-06-17 00:00:00,Contract,Contract,Contract,14333,14333,430000,430000,100333,23766,236751,54458,0,0,0,0,0,0,71029,71031,71030,14300,430000,100300,28666,473000,125416,False,True,70958,True,0,0,23766,236751,54458,-1,-1,-1,0,0
2015-06-15,2015-06-15 00:00:00,Chevron,PILOT TRAVEL CENTERS LLC : CHV7460761,3351 PHOENIX AZ TRM KINDER MORGAN,DIESEL #2,14333,430000,100333,1,5250,0,5250,5250,241499,0,241499,76208,1,w6,5250,0,76208,28666,473000,125416,Available,Limited,Limited,200%,200,110%,110,125%,125,On Target,Above Trend,On Target,06/16 00:00:00 MDT,07/01 00:00:00 MDT,w3,0,2015-06-17 00:00:00,Contract,Contract,Contract,14333,14333,430000,430000,100333,23416,231501,49208,0,0,0,0,0,0,101556,101558,101557,14300,430000,100300,28666,473000,125416,False,True,76208,True,0,0,23416,231501,49208,-1,-1,-1,0,0
2015-06-16,2015-06-16 00:00:00,Chevron,PILOT TRAVEL CENTERS LLC : CHV7460761,3351 PHOENIX AZ TRM KINDER MORGAN,DIESEL #2,14333,430000,100333,1,34902,0,34902,34902,276401,0,276401,111110,1,w6,34902,0,111110,28666,473000,125416,Out,Limited,Low,200%,200,110%,110,125%,125,Above Trend,Above Trend,Above Trend,06/17 00:00:00 MDT,07/01 00:00:00 MDT,w3,0,2015-06-17 00:00:00,Contract,Contract,Contract,14333,14333,430000,430000,100333,-6236,196599,14306,7500,7500,7500,1264,1264,1264,123867,123869,123868,14300,430000,100300,28666,473000,125416,False,True,111110,True,0,0,-6236,196599,14306,7500,-1,-1,0,0
2015-06-17,2015-06-17 00:00:00,Chevron,PILOT TRAVEL CENTERS LLC : CHV7460761,3351 PHOENIX AZ TRM KINDER MORGAN,DIESEL #2,14333,430000,100333,1,37410,0,37410,37410,313811,0,313811,37410,1,w7,37410,0,37410,28666,473000,125416,Out,Limited,Available,200%,200,110%,110,125%,125,Above Trend,Above Trend,Above Trend,06/18 00:00:00 MDT,07/01 00:00:00 MDT,w4,0,2015-06-24 00:00:00,Contract,Contract,Contract,14333,14333,430000,430000,100333,-8744,159189,88006,7500,7500,7500,7480,7480,7480,142474,142476,142475,14300,430000,100300,28666,473000,125416,True,True,37410,True,0,0,-8744,159189,88006,7500,-1,-1,0,0
2015-06-18,2015-06-18 00:00:00,Chevron,PILOT TRAVEL CENTERS LLC : CHV7460761,3351 PHOENIX AZ TRM KINDER MORGAN,DIESEL #2,14333,430000,100333,1,7500,0,7500,7500,321311,0,321311,44910,1,w7,7500,0,44910,28666,473000,125416,Limited,Limited,Available,200%,200,110%,110,125%,125,On Target,Above Trend,Above Trend,06/19 00:00:00 MDT,07/01 00:00:00 MDT,w4,0,2015-06-24 00:00:00,Contract,Contract,Contract,14333,14333,430000,430000,100333,21166,151689,80506,7500,7500,7500,7480,7480,7480,161241,161243,161242,14300,430000,100300,28666,473000,125416,True,True,44910,True,0,0,21166,151689,80506,-1,-1,-1,0,0
2015-06-19,2015-06-19 00:00:00,Chevron,PILOT TRAVEL CENTERS LLC : CHV7460761,3351 PHOENIX AZ TRM KINDER MORGAN,DIESEL #2,14333,430000,100333,1,28950,0,28950,28950,350261,0,350261,73860,1,w7,28950,0,73860,28666,473000,125416,Out,Limited,Limited,200%,200,110%,110,125%,125,Above Trend,Above Trend,Above Trend,06/20 00:00:00 MDT,07/01 00:00:00 MDT,w4,0,2015-06-24 00:00:00,Contract,Contract,Contract,14333,14333,430000,430000,100333,-284,122739,51556,0,0,0,0,0,0,174490,174492,174491,14300,430000,100300,28666,473000,125416,True,True,73860,True,0,0,-284,122739,51556,-1,-1,-1,0,0
2015-06-20,2015-06-20 00:00:00,Chevron,PILOT TRAVEL CENTERS LLC : CHV7460761,3351 PHOENIX AZ TRM KINDER MORGAN,DIESEL #2,14333,430000,100333,1,7500,0,7500,7500,357761,0,357761,81360,1,w7,7500,0,81360,28666,473000,125416,Available,Limited,Limited,200%,200,110%,110,125%,125,On Target,Above Trend,Above Trend,06/21 00:00:00 MDT,07/01 00:00:00 MDT,w4,0,2015-06-24 00:00:00,Contract,Contract,Contract,14333,14333,430000,430000,100333,21166,115239,44056,0,0,0,0,0,0,191118,191120,191119,14300,430000,100300,28666,473000,125416,True,True,81360,True,0,0,21166,115239,44056,-1,-1,-1,0,0
2015-06-21,2015-06-21 00:00:00,Chevron,PILOT TRAVEL CENTERS LLC : CHV7460761,3351 PHOENIX AZ TRM KINDER MORGAN,DIESEL #2,14333,430000,100333,1,7500,0,7500,7500,365261,0,365261,88860,1,w7,7500,0,88860,28666,473000,125416,Available,Limited,Limited,200%,200,110%,110,125%,125,On Target,Above Trend,Above Trend,06/22 00:00:00 MDT,07/01 00:00:00 MDT,w4,0,2015-06-24 00:00:00,Contract,Contract,Contract,14333,14333,430000,430000,100333,21166,107739,36556,0,0,0,0,0,0,217460,217462,217461,14300,430000,100300,28666,473000,125416,True,True,88860,True,0,0,21166,107739,36556,-1,-1,-1,0,0
2015-06-22,2015-06-22 00:00:00,Chevron,PILOT TRAVEL CENTERS LLC : CHV7460761,3351 PHOENIX AZ TRM KINDER MORGAN,DIESEL #2,14333,430000,100333,1,15020,0,15020,15020,380281,0,380281,103880,1,w7,15020,0,103880,28666,473000,125416,Limited,Low,Low,200%,200,110%,110,125%,125,On Target,Above Trend,Above Trend,06/23 00:00:00 MDT,07/01 00:00:00 MDT,w4,0,2015-06-24 00:00:00,Contract,Contract,Contract,14333,14333,430000,430000,100333,13646,92719,21536,0,0,0,0,0,0,239449,239451,239450,14300,430000,100300,28666,473000,125416,True,True,103880,True,0,0,13646,92719,21536,-1,-1,-1,0,0
2015-06-23,2015-06-23 00:00:00,Chevron,PILOT TRAVEL CENTERS LLC : CHV7460761,3351 PHOENIX AZ TRM KINDER MORGAN,DIESEL #2,14333,430000,100333,1,7503,0,7503,7503,387784,0,387784,111383,1,w7,7503,0,111383,28666,473000,125416,Available,Low,Low,200%,200,110%,110,125%,125,On Target,Above Trend,Above Trend,06/24 00:00:00 MDT,07/01 00:00:00 MDT,w4,0,2015-06-24 00:00:00,Contract,Contract,Contract,14333,14333,430000,430000,100333,21163,85216,14033,0,0,0,0,0,0,276936,276938,276937,14300,430000,100300,28666,473000,125416,True,True,111383,True,0,0,21163,85216,14033,-1,-1,-1,0,0
2015-06-24,2015-06-24 00:00:00,Chevron,PILOT TRAVEL CENTERS LLC : CHV7460761,3351 PHOENIX AZ TRM KINDER MORGAN,DIESEL #2,14333,430000,100333,1,14900,0,14900,14900,402684,0,402684,14900,1,w8,14900,0,14900,28666,473000,125416,Limited,Low,Available,200%,200,110%,110,125%,125,On Target,Above Trend,Above Trend,06/25 00:00:00 MDT,07/01 00:00:00 MDT,w5,0,2015-07-01 00:00:00,Contract,Contract,Contract,14333,14333,430000,430000,100333,13766,70316,110516,0,0,0,0,0,0,307138,307140,307139,14300,430000,100300,28666,473000,125416,True,True,14900,True,0,0,13766,70316,110516,-1,-1,-1,0,0
2015-06-25,2015-06-25 00:00:00,Chevron,PILOT TRAVEL CENTERS LLC : CHV7460761,3351 PHOENIX AZ TRM KINDER MORGAN,DIESEL #2,14333,430000,100333,1,15075,0,15075,15075,417759,0,417759,29975,1,w8,15075,0,29975,28666,473000,125416,Limited,Low,Available,200%,200,110%,110,125%,125,On Target,Above Trend,Above Trend,06/26 00:00:00 MDT,07/01 00:00:00 MDT,w5,0,2015-07-01 00:00:00,Contract,Contract,Contract,14333,14333,430000,430000,100333,13591,55241,95441,0,0,0,0,0,0,338849,338851,338850,14300,430000,100300,28666,473000,125416,True,True,29975,True,0,0,13591,55241,95441,-1,-1,-1,0,0
2015-06-26,2015-06-26 00:00:00,Chevron,PILOT TRAVEL CENTERS LLC : CHV7460761,3351 PHOENIX AZ TRM KINDER MORGAN,DIESEL #2,14333,430000,100333,1,20400,0,20400,20400,438159,0,438159,50375,1,w8,20400,0,50375,28666,473000,125416,Limited,Low,Available,200%,200,110%,110,125%,125,On Target,Above Trend,Above Trend,06/27 00:00:00 MDT,07/01 00:00:00 MDT,w5,0,2015-07-01 00:00:00,Contract,Contract,Contract,14333,14333,430000,430000,100333,8266,34841,75041,0,0,0,0,0,0,369188,369190,369189,14300,430000,100300,28666,473000,125416,True,True,50375,True,0,0,8266,34841,75041,-1,-1,-1,0,0
2015-06-27,2015-06-27 00:00:00,Chevron,PILOT TRAVEL CENTERS LLC : CHV7460761,3351 PHOENIX AZ TRM KINDER MORGAN,DIESEL #2,14333,430000,100333,1,16100,0,16100,16100,454259,0,454259,66475,1,w8,16100,0,66475,28666,473000,125416,Limited,Low,Limited,200%,200,110%,110,125%,125,On Target,Above Trend,Above Trend,06/28 00:00:00 MDT,07/01 00:00:00 MDT,w5,0,2015-07-01 00:00:00,Contract,Contract,Contract,14333,14333,430000,430000,100333,12566,18741,58941,0,0,0,0,0,0,396270,396272,396271,14300,430000,100300,28666,473000,125416,True,True,66475,True,0,0,12566,18741,58941,-1,-1,-1,0,0
2015-06-28,2015-06-28 00:00:00,Chevron,PILOT TRAVEL CENTERS LLC : CHV7460761,3351 PHOENIX AZ TRM KINDER MORGAN,DIESEL #2,14333,430000,100333,1,3600,0,3600,3600,457859,0,457859,70075,1,w8,3600,0,70075,28666,473000,125416,Available,Low,Limited,200%,200,110%,110,125%,125,Below Trend,Above Trend,On Target,06/29 00:00:00 MDT,07/01 00:00:00 MDT,w5,0,2015-07-01 00:00:00,Contract,Contract,Contract,14333,14333,430000,430000,100333,25066,15141,55341,0,0,0,0,0,0,419196,419198,419197,14300,430000,100300,28666,473000,125416,True,True,70075,True,0,0,25066,15141,55341,-1,-1,-1,0,0
2015-06-29,2015-06-29 00:00:00,Chevron,PILOT TRAVEL CENTERS LLC : CHV7460761,3351 PHOENIX AZ TRM KINDER MORGAN,DIESEL #2,14333,430000,100333,1,23430,0,23430,23430,481289,0,481289,93505,1,w8,23430,0,93505,28666,473000,125416,Limited,Low,Limited,200%,200,110%,110,125%,125,Above Trend,Above Trend,Above Trend,06/30 00:00:00 MDT,07/01 00:00:00 MDT,w5,0,2015-07-01 00:00:00,Contract,Contract,Contract,14333,14333,430000,430000,100333,5236,-8289,31911,22000,22000,22000,13711,13711,13711,450011,450013,450012,14300,430000,100300,28666,473000,125416,True,True,93505,True,0,0,5236,-8289,31911,-1,22000,-1,0,0
2015-06-30,2015-06-30 00:00:00,Chevron,PILOT TRAVEL CENTERS LLC : CHV7460761,3351 PHOENIX AZ TRM KINDER MORGAN,DIESEL #2,14333,430000,100333,1,0,0,0,0,481289,0,481289,93505,1,w8,0,0,93505,28666,473000,125416,Available,Low,Limited,200%,200,110%,110,125%,125,Below Trend,Above Trend,On Target,07/01 00:00:00 MDT,07/01 00:00:00 MDT,w5,0,2015-07-01 00:00:00,Contract,Contract,Contract,14333,14333,430000,430000,100333,28666,-8289,31911,22000,22000,22000,13711,13711,13711,476676,476678,476677,14300,430000,100300,28666,473000,125416,True,True,93505,True,0,0,28666,-8289,31911,-1,22000,-1,0,0
