,date,supplier_name,account_type,supplier_terminal_name,product_name,base_gallons_Daily,base_gallons_Monthly,base_gallons_Weekly,lifted_gallons_daily_flag,lifted_gallons_daily_modified,Modified_WeeksByLiftedGallons,lifted_gallons_modified_WeeksByLiftedGallons,lifted_gallons_Daily,Lifted_actual_monthly,lifted_gallons_monthly_flag,lifted_gallons_Monthly,Lifted_actual_weekly,lifted_gallons_weekly_flag,WeeksByLiftedGallons,lifted_gallonsWeekly_modified_aposteriori,Modified_LiftedGallonsaposteriori,lifted_gallons_Weekly,beginning_gallons_Daily,beginning_gallons_Monthly,beginning_gallons_Weekly,en_allocation_status_Daily,en_allocation_status_Monthly,en_allocation_status_Weekly,percentage_allocation_Daily_actual,percentage_allocation_Daily,percentage_allocation_Monthly_actual,percentage_allocation_Monthly,percentage_allocation_Weekly_actual,percentage_allocation_Weekly,alerts_ratability_Daily,alerts_ratability_Monthly,alerts_ratability_Weekly,next_refresh_date_Daily,next_refresh_date_Monthly,Week_switch,Modified_NRD,next_refresh_date_Weekly,en_account_type_Daily,en_account_type_Monthly,en_account_type_Weekly,NRB_Daily,next_refresh_base_gallons_Daily,NRB_Monthly,next_refresh_base_gallons_Monthly,next_refresh_base_gallons_Weekly,remaining_gallons_Daily,remaining_gallons_Monthly,remaining_gallons_Weekly,additional_gallons_allowed_Daily,additional_gallons_allowed_Monthly,additional_gallons_allowed_Weekly,additional_gallons_remaining_Daily,additional_gallons_remaining_Monthly,additional_gallons_remaining_Weekly,staging_id_Daily,staging_id_Monthly,staging_id_Weekly,base_gallons_Daily_Reconciled,base_gallons_Monthly_Reconciled,base_gallons_Weekly_Reconciled,beginning_gallons_Daily_Reconciled,beginning_gallons_Monthly_Reconciled,beginning_gallons_Weekly_Reconciled,sanityWeekly_CumulativeDaily_WeeksByLiftedGallons,sanityWeekly_CumulativeDaily_NextRefreshDate,computedWeekly,sanityComputedWeekly,computedMonthly,sanityComputedMonthly,remaining_gallons_Daily_Reconciled,remaining_gallons_Monthly_Reconciled,remaining_gallons_Weekly_Reconciled,additional_gallons_remaining_Daily_Reconciled,additional_gallons_remaining_Monthly_Reconciled,additional_gallons_remaining_Weekly_Reconciled,sanityMonthly_CumulativeDaily_WeeksByLiftedGallons,sanityMonthly_CumulativeDaily_WeeksByNextRefreshDate
2015-06-01,2015-06-01 00:00:00,Chevron,PILOT TRAVEL CENTERS LLC : CHV7460761,2778 STOCKTON CA TRM NUSTAR,DIESEL #2,-1,-1,-1,7,0,0,-1,-1,-1,7,0,-1,7,w1,-1,0,0,-1,-1,-1,-1,-1,-1,-1,-1,-1,-1,-1,-1,-1,-1,-1,-1,-1,w1,1,2015-06-03 00:00:00,-1,-1,-1,39479,-1,1184363,-1,-1,-1,-1,-1,-1,-1,-1,-1,-1,-1,-1,-1,-1,-1,-1,-1,-1,-1,-1,True,True,0,True,0,0,-1,-1,-1,-1,-1,-1,0,1
2015-06-02,2015-06-02 00:00:00,Chevron,PILOT TRAVEL CENTERS LLC : CHV7460761,2778 STOCKTON CA TRM NUSTAR,DIESEL #2,39479,1184363,276351,1,46303,0,7700,7700,7700,0,7700,7700,1,w1,7700,0,46303,59219,1302799,345439,Available,Available,Available,150%,150,110%,110,125%,125,On Target,Below Trend,Below Trend,06/03 00:00:00 PDT,07/01 00:00:00 PDT,w1,0,2015-06-03 00:00:00,Contract,Contract,Contract,39479,39479,1184363,1184363,276351,51519,1295099,337739,0,0,0,0,0,0,196,198,197,39400,1184300,276300,59218,1302799,345438,False,True,46303,True,0,0,12916,1295099,299136,-1,-1,-1,0,0
2015-06-03,2015-06-03 00:00:00,Chevron,PILOT TRAVEL CENTERS LLC : CHV7460761,2778 STOCKTON CA TRM NUSTAR,DIESEL #2,39479,1184363,276351,1,38601,0,0,0,46303,0,46303,0,1,w2,0,0,38601,59219,1302799,345439,Available,Available,Available,150%,150,110%,110,125%,125,Below Trend,On Target,Below Trend,06/04 00:00:00 PDT,07/01 00:00:00 PDT,w2,0,2015-06-10 00:00:00,Contract,Contract,Contract,39479,39479,1184363,1184363,276351,59219,1256496,345439,0,0,0,0,0,0,6194,6196,6195,39400,1184300,276300,59218,1302799,345438,True,True,0,0,0,0,20618,1256496,306838,-1,-1,-1,0,0
2015-06-04,2015-06-04 00:00:00,Chevron,PILOT TRAVEL CENTERS LLC : CHV7460761,2778 STOCKTON CA TRM NUSTAR,DIESEL #2,39479,1184363,276351,3,7702,1,46303,7702,92606,0,92606,46303,1,w2,7702,0,61808,59219,1302799,345439,Available,Available,Available,150%,150,110%,110,125%,125,Above Trend,On Target,Above Trend,06/05 00:00:00 PDT,07/01 00:00:00 PDT,w2,0,2015-06-10 00:00:00,Contract,Contract,Contract,39479,39479,1184363,1184363,276351,51517,1210193,299136,0,0,0,0,0,0,8939,8941,8940,39400,1184300,276300,59218,1302799,345438,True,False,0,0,0,0,51517,1210193,283631,-1,-1,-1,0,1
2015-06-05,2015-06-05 00:00:00,Chevron,PILOT TRAVEL CENTERS LLC : CHV7460761,2778 STOCKTON CA TRM NUSTAR,DIESEL #2,39479,1184363,276351,0,0,1,15505,0,108111,0,108111,61808,0,w2,0,0,61808,59219,1302799,345439,Available,Available,Available,150%,150,110%,110,125%,125,Below Trend,On Target,On Target,06/06 00:00:00 PDT,07/01 00:00:00 PDT,w2,0,2015-06-10 00:00:00,Contract,Contract,Contract,39479,39479,1184363,1184363,276351,59219,1194688,283631,0,0,0,0,0,0,12834,12836,12835,39400,1184300,276300,59218,1302799,345438,True,False,0,0,0,0,59219,1194688,283631,-1,-1,-1,0,0
2015-06-06,2015-06-06 00:00:00,Chevron,PILOT TRAVEL CENTERS LLC : CHV7460761,2778 STOCKTON CA TRM NUSTAR,DIESEL #2,-1,-1,-1,0,-1,0,-1,-1,-1,0,-1,-1,0,w3,-1,0,-1,-1,-1,-1,-1,-1,-1,-1,150,-1,110,-1,125,-1,-1,-1,-1,-1,w2,1,2015-06-10 00:00:00,-1,-1,-1,39479,-1,1184363,-1,-1,-1,-1,-1,-1,-1,-1,-1,-1,-1,-1,-1,-1,39400,1184300,276300,59218,1302799,345438,True,False,0,0,0,0,-1,-1,-1,-1,-1,-1,0,0
2015-06-07,2015-06-07 00:00:00,Chevron,PILOT TRAVEL CENTERS LLC : CHV7460761,2778 STOCKTON CA TRM NUSTAR,DIESEL #2,-1,-1,-1,0,-1,0,-1,-1,-1,0,-1,-1,0,w3,-1,0,-1,-1,-1,-1,-1,-1,-1,-1,150,-1,110,-1,125,-1,-1,-1,-1,-1,w2,1,2015-06-10 00:00:00,-1,-1,-1,39479,-1,1184363,-1,-1,-1,-1,-1,-1,-1,-1,-1,-1,-1,-1,-1,-1,-1,-1,-1,-1,-1,-1,False,False,0,0,0,0,-1,-1,-1,-1,-1,-1,0,0
2015-06-08,2015-06-08 00:00:00,Chevron,PILOT TRAVEL CENTERS LLC : CHV7460761,2778 STOCKTON CA TRM NUSTAR,DIESEL #2,39479,1184363,276351,0,7800,0,7800,7800,185217,0,185217,138914,0,w3,7800,0,138914,59219,1302799,345439,Available,Available,Available,150%,150,110%,110,125%,125,Below Trend,On Target,On Target,06/08 00:00:00 PDT,07/01 00:00:00 PDT,w2,0,2015-06-10 00:00:00,Contract,Contract,Contract,39479,39479,1184363,1184363,276351,51419,1117582,206525,0,0,0,0,0,0,15134,15136,15135,39400,1184300,276300,59218,1302799,345438,False,False,0,0,0,0,51419,1117582,206525,-1,-1,-1,0,0
2015-06-09,2015-06-09 00:00:00,Chevron,PILOT TRAVEL CENTERS LLC : CHV7460761,2778 STOCKTON CA TRM NUSTAR,DIESEL #2,-1,-1,-1,2,30900,0,-1,-1,-1,2,216117,-1,2,w4,-1,0,169814,-1,-1,-1,-1,-1,-1,-1,150,-1,110,-1,125,-1,-1,-1,-1,-1,w2,1,2015-06-10 00:00:00,-1,-1,-1,39479,-1,1184363,-1,-1,-1,-1,-1,-1,-1,-1,-1,-1,-1,-1,-1,-1,39400,1184300,276300,59218,1302799,345438,True,False,0,0,0,0,-1,-1,-1,-1,-1,-1,0,0
2015-06-10,2015-06-10 00:00:00,Chevron,PILOT TRAVEL CENTERS LLC : CHV7460761,2778 STOCKTON CA TRM NUSTAR,DIESEL #2,39479,1184363,276351,1,76818,0,46206,46206,262323,0,262323,216020,1,w4,46206,0,246632,59219,1302799,345439,Limited,Available,Limited,150%,150,110%,110,125%,125,Above Trend,On Target,On Target,06/10 00:00:00 PDT,07/01 00:00:00 PDT,w2,0,2015-06-10 00:00:00,Contract,Contract,Contract,39479,39479,1184363,1184363,276351,13013,1040476,129419,0,0,0,0,0,0,20747,20749,20748,39400,1184300,276300,59218,1302799,345438,False,False,0,0,0,0,-17599,1040476,98807,-1,-1,-1,0,0
2015-06-11,2015-06-11 00:00:00,Chevron,PILOT TRAVEL CENTERS LLC : CHV7460761,2778 STOCKTON CA TRM NUSTAR,DIESEL #2,39479,1184363,276351,3,30612,1,30612,0,292935,0,292935,30612,0,w5,0,0,30612,59219,1302799,345439,Available,Available,Available,150%,150,110%,110,125%,125,Below Trend,On Target,On Target,06/12 00:00:00 PDT,07/01 00:00:00 PDT,w3,0,2015-06-17 00:00:00,Contract,Contract,Contract,39479,39479,1184363,1184363,276351,59219,1009864,314827,0,0,0,0,0,0,23649,23651,23650,39400,1184300,276300,59218,1302799,345438,True,True,30612,True,0,0,28607,1009864,314827,-1,-1,-1,0,0
2015-06-12,2015-06-12 00:00:00,Chevron,PILOT TRAVEL CENTERS LLC : CHV7460761,2778 STOCKTON CA TRM NUSTAR,DIESEL #2,-1,-1,-1,2,53711,0,-1,-1,-1,2,346646,-1,2,w6,-1,0,84323,-1,-1,-1,-1,-1,-1,-1,150,-1,110,-1,125,-1,-1,-1,-1,-1,w3,1,2015-06-17 00:00:00,-1,-1,-1,39479,-1,1184363,-1,-1,-1,-1,-1,-1,-1,-1,-1,-1,-1,-1,-1,-1,39400,1184300,276300,59218,1302799,345438,True,True,84323,True,0,0,-1,-1,-1,-1,-1,-1,0,0
2015-06-13,2015-06-13 00:00:00,Chevron,PILOT TRAVEL CENTERS LLC : CHV7460761,2778 STOCKTON CA TRM NUSTAR,DIESEL #2,39479,1184363,276351,1,7600,0,7600,7600,354246,0,354246,91923,1,w6,7600,0,91923,59219,1302799,345439,Available,Available,Available,150%,150,110%,110,125%,125,Below Trend,On Target,On Target,06/14 00:00:00 PDT,07/01 00:00:00 PDT,w3,0,2015-06-17 00:00:00,Contract,Contract,Contract,39479,39479,1184363,1184363,276351,51619,948553,253516,0,0,0,0,0,0,51236,51238,51237,39400,1184300,276300,59218,1302799,345438,False,True,91923,True,0,0,51619,948553,253516,-1,-1,-1,0,0
2015-06-14,2015-06-14 00:00:00,Chevron,PILOT TRAVEL CENTERS LLC : CHV7460761,2778 STOCKTON CA TRM NUSTAR,DIESEL #2,39479,1184363,276351,1,15400,0,15400,15400,369646,0,369646,107323,1,w6,15400,0,107323,59219,1302799,345439,Available,Available,Available,150%,150,110%,110,125%,125,On Target,On Target,On Target,06/15 00:00:00 PDT,07/01 00:00:00 PDT,w3,0,2015-06-17 00:00:00,Contract,Contract,Contract,39479,39479,1184363,1184363,276351,43819,933153,238116,0,0,0,0,0,0,71020,71022,71021,39400,1184300,276300,59218,1302799,345438,False,True,107323,True,0,0,43819,933153,238116,-1,-1,-1,0,0
2015-06-15,2015-06-15 00:00:00,Chevron,PILOT TRAVEL CENTERS LLC : CHV7460761,2778 STOCKTON CA TRM NUSTAR,DIESEL #2,39479,1184363,276351,1,15200,0,7600,7600,377246,0,377246,114923,1,w6,7600,0,122523,59219,1302799,345439,Available,Available,Available,150%,150,110%,110,125%,125,Below Trend,On Target,On Target,06/16 00:00:00 PDT,07/01 00:00:00 PDT,w3,0,2015-06-17 00:00:00,Contract,Contract,Contract,39479,39479,1184363,1184363,276351,51619,925553,230516,0,0,0,0,0,0,101547,101549,101548,39400,1184300,276300,59218,1302799,345438,False,True,122523,True,0,0,44019,925553,222916,-1,-1,-1,0,0
2015-06-16,2015-06-16 00:00:00,Chevron,PILOT TRAVEL CENTERS LLC : CHV7460761,2778 STOCKTON CA TRM NUSTAR,DIESEL #2,39479,1184363,276351,1,0,1,7600,0,384846,0,384846,122523,1,w6,0,0,122523,59219,1302799,345439,Available,Available,Available,150%,150,110%,110,125%,125,Below Trend,On Target,On Target,06/17 00:00:00 PDT,07/01 00:00:00 PDT,w3,0,2015-06-17 00:00:00,Contract,Contract,Contract,39479,39479,1184363,1184363,276351,59219,917953,222916,0,0,0,0,0,0,123858,123860,123859,39400,1184300,276300,59218,1302799,345438,False,True,122523,True,0,0,59219,917953,222916,-1,-1,-1,0,0
2015-06-17,2015-06-17 00:00:00,Chevron,PILOT TRAVEL CENTERS LLC : CHV7460761,2778 STOCKTON CA TRM NUSTAR,DIESEL #2,39479,1184363,276351,1,7600,0,0,0,384846,0,384846,0,1,w7,0,0,7600,59219,1302799,345439,Available,Available,Available,150%,150,110%,110,125%,125,Below Trend,On Target,Below Trend,06/18 00:00:00 PDT,07/01 00:00:00 PDT,w4,0,2015-06-24 00:00:00,Contract,Contract,Contract,39479,39479,1184363,1184363,276351,59219,917953,345439,0,0,0,0,0,0,142465,142467,142466,39400,1184300,276300,59218,1302799,345438,True,True,7600,True,0,0,51619,917953,337839,-1,-1,-1,0,0
2015-06-18,2015-06-18 00:00:00,Chevron,PILOT TRAVEL CENTERS LLC : CHV7460761,2778 STOCKTON CA TRM NUSTAR,DIESEL #2,39479,1184363,276351,1,7600,1,15200,7600,400046,0,400046,15200,1,w7,7600,0,15200,59219,1302799,345439,Available,Available,Available,150%,150,110%,110,125%,125,Below Trend,On Target,Below Trend,06/19 00:00:00 PDT,07/01 00:00:00 PDT,w4,0,2015-06-24 00:00:00,Contract,Contract,Contract,39479,39479,1184363,1184363,276351,51619,902753,330239,0,0,0,0,0,0,161232,161234,161233,39400,1184300,276300,59218,1302799,345438,True,True,15200,True,0,0,51619,902753,330239,-1,-1,-1,0,0
2015-06-19,2015-06-19 00:00:00,Chevron,PILOT TRAVEL CENTERS LLC : CHV7460761,2778 STOCKTON CA TRM NUSTAR,DIESEL #2,39479,1184363,276351,1,0,0,0,0,400046,0,400046,15200,1,w7,0,0,15200,59219,1302799,345439,Available,Available,Available,150%,150,110%,110,125%,125,Below Trend,On Target,Below Trend,06/20 00:00:00 PDT,07/01 00:00:00 PDT,w4,0,2015-06-24 00:00:00,Contract,Contract,Contract,39479,39479,1184363,1184363,276351,59219,902753,330239,0,0,0,0,0,0,174481,174483,174482,39400,1184300,276300,59218,1302799,345438,True,True,15200,True,0,0,59219,902753,330239,-1,-1,-1,0,0
2015-06-20,2015-06-20 00:00:00,Chevron,PILOT TRAVEL CENTERS LLC : CHV7460761,2778 STOCKTON CA TRM NUSTAR,DIESEL #2,39479,1184363,276351,1,0,0,0,0,400046,0,400046,15200,1,w7,0,0,15200,59219,1302799,345439,Available,Available,Available,150%,150,110%,110,125%,125,Below Trend,On Target,Below Trend,06/21 00:00:00 PDT,07/01 00:00:00 PDT,w4,0,2015-06-24 00:00:00,Contract,Contract,Contract,39479,39479,1184363,1184363,276351,59219,902753,330239,0,0,0,0,0,0,191109,191111,191110,39400,1184300,276300,59218,1302799,345438,True,True,15200,True,0,0,59219,902753,330239,-1,-1,-1,0,0
2015-06-21,2015-06-21 00:00:00,Chevron,PILOT TRAVEL CENTERS LLC : CHV7460761,2778 STOCKTON CA TRM NUSTAR,DIESEL #2,39479,1184363,276351,1,0,0,0,0,400046,0,400046,15200,1,w7,0,0,15200,59219,1302799,345439,Available,Available,Available,150%,150,110%,110,125%,125,Below Trend,On Target,Below Trend,06/22 00:00:00 PDT,07/01 00:00:00 PDT,w4,0,2015-06-24 00:00:00,Contract,Contract,Contract,39479,39479,1184363,1184363,276351,59219,902753,330239,0,0,0,0,0,0,217451,217453,217452,39400,1184300,276300,59218,1302799,345438,True,True,15200,True,0,0,59219,902753,330239,-1,-1,-1,0,0
2015-06-22,2015-06-22 00:00:00,Chevron,PILOT TRAVEL CENTERS LLC : CHV7460761,2778 STOCKTON CA TRM NUSTAR,DIESEL #2,39479,1184363,276351,1,0,0,0,0,400046,0,400046,15200,1,w7,0,0,15200,59219,1302799,345439,Available,Available,Available,150%,150,110%,110,125%,125,Below Trend,On Target,Below Trend,06/23 00:00:00 PDT,07/01 00:00:00 PDT,w4,0,2015-06-24 00:00:00,Contract,Contract,Contract,39479,39479,1184363,1184363,276351,59219,902753,330239,0,0,0,0,0,0,239440,239442,239441,39400,1184300,276300,59218,1302799,345438,True,True,15200,True,0,0,59219,902753,330239,-1,-1,-1,0,0
2015-06-23,2015-06-23 00:00:00,Chevron,PILOT TRAVEL CENTERS LLC : CHV7460761,2778 STOCKTON CA TRM NUSTAR,DIESEL #2,39479,1184363,276351,1,0,0,0,0,400046,0,400046,15200,1,w7,0,0,15200,59219,1302799,345439,Available,Available,Available,150%,150,110%,110,125%,125,Below Trend,On Target,Below Trend,06/24 00:00:00 PDT,07/01 00:00:00 PDT,w4,0,2015-06-24 00:00:00,Contract,Contract,Contract,39479,39479,1184363,1184363,276351,59219,902753,330239,0,0,0,0,0,0,276927,276929,276928,39400,1184300,276300,59218,1302799,345438,True,True,15200,True,0,0,59219,902753,330239,-1,-1,-1,0,0
2015-06-24,2015-06-24 00:00:00,Chevron,PILOT TRAVEL CENTERS LLC : CHV7460761,2778 STOCKTON CA TRM NUSTAR,DIESEL #2,39479,1184363,276351,1,0,0,0,0,400046,0,400046,0,1,w8,0,0,0,59219,1302799,345439,Available,Available,Available,150%,150,110%,110,125%,125,Below Trend,On Target,Below Trend,06/25 00:00:00 PDT,07/01 00:00:00 PDT,w5,0,2015-07-01 00:00:00,Contract,Contract,Contract,39479,39479,1184363,1184363,276351,59219,902753,345439,0,0,0,0,0,0,307129,307131,307130,39400,1184300,276300,59218,1302799,345438,True,True,0,True,0,0,59219,902753,345439,-1,-1,-1,0,0
2015-06-25,2015-06-25 00:00:00,Chevron,PILOT TRAVEL CENTERS LLC : CHV7460761,2778 STOCKTON CA TRM NUSTAR,DIESEL #2,39479,1184363,276351,1,0,0,0,0,400046,0,400046,0,1,w8,0,0,0,59219,1302799,345439,Available,Available,Available,150%,150,110%,110,125%,125,Below Trend,On Target,Below Trend,06/26 00:00:00 PDT,07/01 00:00:00 PDT,w5,0,2015-07-01 00:00:00,Contract,Contract,Contract,39479,39479,1184363,1184363,276351,59219,902753,345439,0,0,0,0,0,0,338840,338842,338841,39400,1184300,276300,59218,1302799,345438,True,True,0,True,0,0,59219,902753,345439,-1,-1,-1,0,0
2015-06-26,2015-06-26 00:00:00,Chevron,PILOT TRAVEL CENTERS LLC : CHV7460761,2778 STOCKTON CA TRM NUSTAR,DIESEL #2,39479,1184363,276351,1,0,0,0,0,400046,0,400046,0,1,w8,0,0,0,59219,1302799,345439,Available,Available,Available,150%,150,110%,110,125%,125,Below Trend,On Target,Below Trend,06/27 00:00:00 PDT,07/01 00:00:00 PDT,w5,0,2015-07-01 00:00:00,Contract,Contract,Contract,39479,39479,1184363,1184363,276351,59219,902753,345439,0,0,0,0,0,0,369179,369181,369180,39400,1184300,276300,59218,1302799,345438,True,True,0,True,0,0,59219,902753,345439,-1,-1,-1,0,0
2015-06-27,2015-06-27 00:00:00,Chevron,PILOT TRAVEL CENTERS LLC : CHV7460761,2778 STOCKTON CA TRM NUSTAR,DIESEL #2,39479,1184363,276351,1,0,0,0,0,400046,0,400046,0,1,w8,0,0,0,59219,1302799,345439,Available,Available,Available,150%,150,110%,110,125%,125,Below Trend,On Target,Below Trend,06/28 00:00:00 PDT,07/01 00:00:00 PDT,w5,0,2015-07-01 00:00:00,Contract,Contract,Contract,39479,39479,1184363,1184363,276351,59219,902753,345439,0,0,0,0,0,0,396261,396263,396262,39400,1184300,276300,59218,1302799,345438,True,True,0,True,0,0,59219,902753,345439,-1,-1,-1,0,0
2015-06-28,2015-06-28 00:00:00,Chevron,PILOT TRAVEL CENTERS LLC : CHV7460761,2778 STOCKTON CA TRM NUSTAR,DIESEL #2,39479,1184363,276351,1,0,0,0,0,400046,0,400046,0,1,w8,0,0,0,59219,1302799,345439,Available,Available,Available,150%,150,110%,110,125%,125,Below Trend,On Target,Below Trend,06/29 00:00:00 PDT,07/01 00:00:00 PDT,w5,0,2015-07-01 00:00:00,Contract,Contract,Contract,39479,39479,1184363,1184363,276351,59219,902753,345439,0,0,0,0,0,0,419187,419189,419188,39400,1184300,276300,59218,1302799,345438,True,True,0,True,0,0,59219,902753,345439,-1,-1,-1,0,0
2015-06-29,2015-06-29 00:00:00,Chevron,PILOT TRAVEL CENTERS LLC : CHV7460761,2778 STOCKTON CA TRM NUSTAR,DIESEL #2,39479,1184363,276351,1,0,0,0,0,400046,0,400046,0,1,w8,0,0,0,59219,1302799,345439,Available,Available,Available,150%,150,110%,110,125%,125,Below Trend,On Target,Below Trend,06/30 00:00:00 PDT,07/01 00:00:00 PDT,w5,0,2015-07-01 00:00:00,Contract,Contract,Contract,39479,39479,1184363,1184363,276351,59219,902753,345439,0,0,0,0,0,0,450002,450004,450003,39400,1184300,276300,59218,1302799,345438,True,True,0,True,0,0,59219,902753,345439,-1,-1,-1,0,0
2015-06-30,2015-06-30 00:00:00,Chevron,PILOT TRAVEL CENTERS LLC : CHV7460761,2778 STOCKTON CA TRM NUSTAR,DIESEL #2,39479,1184363,276351,1,0,0,0,0,400046,0,400046,0,1,w8,0,0,0,59219,1302799,345439,Available,Available,Available,150%,150,110%,110,125%,125,Below Trend,On Target,Below Trend,07/01 00:00:00 PDT,07/01 00:00:00 PDT,w5,0,2015-07-01 00:00:00,Contract,Contract,Contract,39479,39479,1184363,1184363,276351,59219,902753,345439,0,0,0,0,0,0,476667,476669,476668,39400,1184300,276300,59218,1302799,345438,True,True,0,True,0,0,59219,902753,345439,-1,-1,-1,0,0
