,date,supplier_name,account_type,supplier_terminal_name,product_name,base_gallons_Daily,base_gallons_Monthly,base_gallons_Weekly,lifted_gallons_daily_flag,lifted_gallons_daily_modified,Modified_WeeksByLiftedGallons,lifted_gallons_modified_WeeksByLiftedGallons,lifted_gallons_Daily,Lifted_actual_monthly,lifted_gallons_monthly_flag,lifted_gallons_Monthly,Lifted_actual_weekly,lifted_gallons_weekly_flag,WeeksByLiftedGallons,lifted_gallonsWeekly_modified_aposteriori,Modified_LiftedGallonsaposteriori,lifted_gallons_Weekly,beginning_gallons_Daily,beginning_gallons_Monthly,beginning_gallons_Weekly,en_allocation_status_Daily,en_allocation_status_Monthly,en_allocation_status_Weekly,percentage_allocation_Daily_actual,percentage_allocation_Daily,percentage_allocation_Monthly_actual,percentage_allocation_Monthly,percentage_allocation_Weekly_actual,percentage_allocation_Weekly,alerts_ratability_Daily,alerts_ratability_Monthly,alerts_ratability_Weekly,next_refresh_date_Daily,next_refresh_date_Monthly,Week_switch,Modified_NRD,next_refresh_date_Weekly,en_account_type_Daily,en_account_type_Monthly,en_account_type_Weekly,NRB_Daily,next_refresh_base_gallons_Daily,NRB_Monthly,next_refresh_base_gallons_Monthly,next_refresh_base_gallons_Weekly,remaining_gallons_Daily,remaining_gallons_Monthly,remaining_gallons_Weekly,additional_gallons_allowed_Daily,additional_gallons_allowed_Monthly,additional_gallons_allowed_Weekly,additional_gallons_remaining_Daily,additional_gallons_remaining_Monthly,additional_gallons_remaining_Weekly,staging_id_Daily,staging_id_Monthly,staging_id_Weekly,base_gallons_Daily_Reconciled,base_gallons_Monthly_Reconciled,base_gallons_Weekly_Reconciled,beginning_gallons_Daily_Reconciled,beginning_gallons_Monthly_Reconciled,beginning_gallons_Weekly_Reconciled,sanityWeekly_CumulativeDaily_WeeksByLiftedGallons,sanityWeekly_CumulativeDaily_NextRefreshDate,computedWeekly,sanityComputedWeekly,computedMonthly,sanityComputedMonthly,remaining_gallons_Daily_Reconciled,remaining_gallons_Monthly_Reconciled,remaining_gallons_Weekly_Reconciled,additional_gallons_remaining_Daily_Reconciled,additional_gallons_remaining_Monthly_Reconciled,additional_gallons_remaining_Weekly_Reconciled,sanityMonthly_CumulativeDaily_WeeksByLiftedGallons,sanityMonthly_CumulativeDaily_WeeksByNextRefreshDate
2015-06-01,2015-06-01 00:00:00,Chevron,PILOT TRAVEL CENTERS LLC : CHV7460761,1046 SAN DIEGO CA TRM CHEVRON,DIESEL #2,-1,-1,-1,7,24031,0,-1,-1,-1,7,24031,-1,7,w1,-1,0,24031,-1,-1,-1,-1,-1,-1,-1,-1,-1,-1,-1,-1,-1,-1,-1,-1,-1,w1,1,2015-06-03 00:00:00,-1,-1,-1,18095,-1,542837,-1,-1,-1,-1,-1,-1,-1,-1,-1,-1,-1,-1,-1,-1,-1,-1,-1,-1,-1,-1,True,True,24031,True,0,0,-1,-1,-1,-1,-1,-1,0,1
2015-06-02,2015-06-02 00:00:00,Chevron,PILOT TRAVEL CENTERS LLC : CHV7460761,1046 SAN DIEGO CA TRM CHEVRON,DIESEL #2,18095,542837,126662,1,22834,0,0,0,24031,0,24031,108911,1,w1,0,0,46865,36190,597121,126662,Available,Available,Low,200%,200,110%,110,100%,100,Below Trend,Above Trend,Above Trend,06/03 00:00:00 PDT,07/01 00:00:00 PDT,w1,0,2015-06-03 00:00:00,Contract,Contract,Contract,18095,18095,542837,542837,126662,36190,573090,17751,0,0,0,0,0,0,157,159,158,18000,542800,126600,36190,597120,126662,False,True,46865,True,0,0,13356,573090,79797,-1,-1,-1,0,0
2015-06-03,2015-06-03 00:00:00,Chevron,PILOT TRAVEL CENTERS LLC : CHV7460761,1046 SAN DIEGO CA TRM CHEVRON,DIESEL #2,18095,542837,126662,1,22834,0,0,0,46865,0,46865,0,1,w2,0,0,22834,36190,597121,126662,Available,Available,Available,200%,200,110%,110,100%,100,Below Trend,Above Trend,Below Trend,06/04 00:00:00 PDT,07/01 00:00:00 PDT,w2,0,2015-06-10 00:00:00,Contract,Contract,Contract,18095,18095,542837,542837,126662,36190,550256,126662,0,0,0,0,0,0,6155,6157,6156,18000,542800,126600,36190,597120,126662,True,True,0,0,0,0,13356,550256,103828,-1,-1,-1,0,0
2015-06-04,2015-06-04 00:00:00,Chevron,PILOT TRAVEL CENTERS LLC : CHV7460761,1046 SAN DIEGO CA TRM CHEVRON,DIESEL #2,18095,542837,126662,3,0,1,22834,0,69699,0,69699,22834,1,w2,0,0,45666,36190,597121,126662,Available,Available,Available,200%,200,110%,110,100%,100,Below Trend,Above Trend,Above Trend,06/05 00:00:00 PDT,07/01 00:00:00 PDT,w2,0,2015-06-10 00:00:00,Contract,Contract,Contract,18095,18095,542837,542837,126662,36190,527422,103828,0,0,0,0,0,0,8900,8902,8901,18000,542800,126600,36190,597120,126662,True,False,0,0,0,0,36190,527422,80996,-1,-1,-1,0,1
2015-06-05,2015-06-05 00:00:00,Chevron,PILOT TRAVEL CENTERS LLC : CHV7460761,1046 SAN DIEGO CA TRM CHEVRON,DIESEL #2,18095,542837,126662,0,0,1,22832,0,92531,0,92531,45666,0,w2,0,0,45666,36190,597121,126662,Available,Available,Available,200%,200,110%,110,100%,100,Below Trend,Above Trend,Above Trend,06/06 00:00:00 PDT,07/01 00:00:00 PDT,w2,0,2015-06-10 00:00:00,Contract,Contract,Contract,18095,18095,542837,542837,126662,36190,504590,80996,0,0,0,0,0,0,12795,12797,12796,18000,542800,126600,36190,597120,126662,True,False,0,0,0,0,36190,504590,80996,-1,-1,-1,0,0
2015-06-06,2015-06-06 00:00:00,Chevron,PILOT TRAVEL CENTERS LLC : CHV7460761,1046 SAN DIEGO CA TRM CHEVRON,DIESEL #2,-1,-1,-1,0,-1,0,-1,-1,-1,0,-1,-1,0,w3,-1,0,-1,-1,-1,-1,-1,-1,-1,-1,200,-1,110,-1,100,-1,-1,-1,-1,-1,w2,1,2015-06-10 00:00:00,-1,-1,-1,18095,-1,652730,-1,-1,-1,-1,-1,-1,-1,-1,-1,-1,-1,-1,-1,-1,18000,542800,126600,36190,597120,126662,True,False,0,0,0,0,-1,-1,-1,-1,-1,-1,0,0
2015-06-07,2015-06-07 00:00:00,Chevron,PILOT TRAVEL CENTERS LLC : CHV7460761,1046 SAN DIEGO CA TRM CHEVRON,DIESEL #2,-1,-1,-1,0,-1,0,-1,-1,-1,0,-1,-1,0,w3,-1,0,-1,-1,-1,-1,-1,-1,-1,-1,200,-1,110,-1,100,-1,-1,-1,-1,-1,w2,1,2015-06-10 00:00:00,-1,-1,-1,18095,-1,542837,-1,-1,-1,-1,-1,-1,-1,-1,-1,-1,-1,-1,-1,-1,-1,-1,-1,-1,-1,-1,False,False,0,0,0,0,-1,-1,-1,-1,-1,-1,0,0
2015-06-08,2015-06-08 00:00:00,Chevron,PILOT TRAVEL CENTERS LLC : CHV7460761,1046 SAN DIEGO CA TRM CHEVRON,DIESEL #2,18095,542837,126662,0,7603,0,7603,7603,107745,0,107745,60880,0,w3,7603,0,60880,36190,597121,126662,Available,Available,Available,200%,200,110%,110,100%,100,On Target,On Target,On Target,06/08 00:00:00 PDT,07/01 00:00:00 PDT,w2,0,2015-06-10 00:00:00,Contract,Contract,Contract,18095,18095,542837,542837,126662,28587,489376,65782,0,0,0,0,0,0,15095,15097,15096,18000,542800,126600,36190,597120,126662,False,False,0,0,0,0,28587,489376,65782,-1,-1,-1,0,0
2015-06-09,2015-06-09 00:00:00,Chevron,PILOT TRAVEL CENTERS LLC : CHV7460761,1046 SAN DIEGO CA TRM CHEVRON,DIESEL #2,-1,-1,-1,2,15219,0,-1,-1,-1,2,122964,-1,2,w4,-1,0,76099,-1,-1,-1,-1,-1,-1,-1,200,-1,110,-1,100,-1,-1,-1,-1,-1,w2,1,2015-06-10 00:00:00,-1,-1,-1,18095,-1,542837,-1,-1,-1,-1,-1,-1,-1,-1,-1,-1,-1,-1,-1,-1,18000,542800,126600,36190,597120,126662,True,False,0,0,0,0,-1,-1,-1,-1,-1,-1,0,0
2015-06-10,2015-06-10 00:00:00,Chevron,PILOT TRAVEL CENTERS LLC : CHV7460761,1046 SAN DIEGO CA TRM CHEVRON,DIESEL #2,18095,542837,126662,1,45672,0,22834,22834,145798,0,145798,98933,1,w4,22834,0,121771,36190,597121,126662,Limited,Available,Limited,200%,200,110%,110,100%,100,On Target,Above Trend,On Target,06/10 00:00:00 PDT,07/01 00:00:00 PDT,w2,0,2015-06-10 00:00:00,Contract,Contract,Contract,18095,18095,542837,542837,126662,13356,451323,27729,0,0,0,0,0,0,20708,20710,20709,18000,542800,126600,36190,597120,126662,False,False,0,0,0,0,-9482,451323,4891,-1,-1,-1,0,0
2015-06-11,2015-06-11 00:00:00,Chevron,PILOT TRAVEL CENTERS LLC : CHV7460761,1046 SAN DIEGO CA TRM CHEVRON,DIESEL #2,18095,542837,126662,3,22838,1,22838,0,168636,0,168636,22838,0,w5,0,0,22838,36190,597121,126662,Available,Available,Available,200%,200,110%,110,100%,100,Below Trend,Above Trend,Above Trend,06/12 00:00:00 PDT,07/01 00:00:00 PDT,w3,0,2015-06-17 00:00:00,Contract,Contract,Contract,18095,18095,542837,542837,126662,36190,428485,103824,0,0,0,0,0,0,23610,23612,23611,18000,542800,126600,36190,597120,126662,True,True,22838,True,0,0,13352,428485,103824,-1,-1,-1,0,0
2015-06-12,2015-06-12 00:00:00,Chevron,PILOT TRAVEL CENTERS LLC : CHV7460761,1046 SAN DIEGO CA TRM CHEVRON,DIESEL #2,-1,-1,-1,2,53239,0,-1,-1,-1,2,221875,-1,2,w6,-1,0,76077,-1,-1,-1,-1,-1,-1,-1,200,-1,110,-1,100,-1,-1,-1,-1,-1,w3,1,2015-06-17 00:00:00,-1,-1,-1,18095,-1,542837,-1,-1,-1,-1,-1,-1,-1,-1,-1,-1,-1,-1,-1,-1,18000,542800,126600,36190,597120,126662,True,True,76077,True,0,0,-1,-1,-1,-1,-1,-1,0,0
2015-06-13,2015-06-13 00:00:00,Chevron,PILOT TRAVEL CENTERS LLC : CHV7460761,1046 SAN DIEGO CA TRM CHEVRON,DIESEL #2,18095,542837,126662,1,7607,0,7607,7607,229482,0,229482,83684,1,w6,7607,0,83684,36190,597121,126662,Available,Available,Limited,200%,200,110%,110,100%,100,On Target,Above Trend,Above Trend,06/14 00:00:00 PDT,07/01 00:00:00 PDT,w3,0,2015-06-17 00:00:00,Contract,Contract,Contract,18095,18095,542837,542837,126662,28583,367639,42978,0,0,0,0,0,0,51197,51199,51198,18000,542800,126600,36190,597120,126662,False,True,83684,True,0,0,28583,367639,42978,-1,-1,-1,0,0
2015-06-14,2015-06-14 00:00:00,Chevron,PILOT TRAVEL CENTERS LLC : CHV7460761,1046 SAN DIEGO CA TRM CHEVRON,DIESEL #2,18095,542837,126662,1,7702,0,7702,7702,237184,0,237184,91386,1,w6,7702,0,91386,36190,597121,126662,Available,Available,Limited,200%,200,110%,110,100%,100,On Target,Above Trend,Above Trend,06/15 00:00:00 PDT,07/01 00:00:00 PDT,w3,0,2015-06-17 00:00:00,Contract,Contract,Contract,18095,18095,542837,542837,126662,28488,359937,35276,0,0,0,0,0,0,70981,70983,70982,18000,542800,126600,36190,597120,126662,False,True,91386,True,0,0,28488,359937,35276,-1,-1,-1,0,0
2015-06-15,2015-06-15 00:00:00,Chevron,PILOT TRAVEL CENTERS LLC : CHV7460761,1046 SAN DIEGO CA TRM CHEVRON,DIESEL #2,18095,542837,126662,1,22832,0,22832,22832,260016,0,260016,114218,1,w6,22832,0,114218,36190,597121,126662,Limited,Available,Low,200%,200,110%,110,100%,100,On Target,Above Trend,Above Trend,06/16 00:00:00 PDT,07/01 00:00:00 PDT,w3,0,2015-06-17 00:00:00,Contract,Contract,Contract,18095,18095,542837,542837,126662,13358,337105,12444,0,0,0,0,0,0,101508,101510,101509,18000,542800,126600,36190,597120,126662,False,True,114218,True,0,0,13358,337105,12444,-1,-1,-1,0,0
2015-06-16,2015-06-16 00:00:00,Chevron,PILOT TRAVEL CENTERS LLC : CHV7460761,1046 SAN DIEGO CA TRM CHEVRON,DIESEL #2,18095,542837,126662,1,15621,0,15621,15621,275637,0,275637,129839,1,w6,15621,0,129839,36190,597121,126662,Available,Available,Out,200%,200,110%,110,100%,100,On Target,Above Trend,Above Trend,06/17 00:00:00 PDT,07/01 00:00:00 PDT,w3,0,2015-06-17 00:00:00,Contract,Contract,Contract,18095,18095,542837,542837,126662,20569,321484,-3177,0,0,0,0,0,0,123819,123821,123820,18000,542800,126600,36190,597120,126662,False,True,129839,True,0,0,20569,321484,-3177,-1,-1,-1,0,0
2015-06-17,2015-06-17 00:00:00,Chevron,PILOT TRAVEL CENTERS LLC : CHV7460761,1046 SAN DIEGO CA TRM CHEVRON,DIESEL #2,18095,542837,126662,1,31244,0,31244,31244,306881,0,306881,31244,1,w7,31244,0,31244,36190,597121,126662,Low,Limited,Available,200%,200,110%,110,100%,100,Above Trend,Above Trend,Above Trend,06/18 00:00:00 PDT,07/01 00:00:00 PDT,w4,0,2015-06-24 00:00:00,Contract,Contract,Contract,18095,18095,542837,542837,126662,4946,290240,95418,0,0,0,0,0,0,142426,142428,142427,18000,542800,126600,36190,597120,126662,True,True,31244,True,0,0,4946,290240,95418,-1,-1,-1,0,0
2015-06-18,2015-06-18 00:00:00,Chevron,PILOT TRAVEL CENTERS LLC : CHV7460761,1046 SAN DIEGO CA TRM CHEVRON,DIESEL #2,18095,542837,126662,1,23432,0,23432,23432,330313,0,330313,54676,1,w7,23432,0,54676,36190,597121,126662,Limited,Limited,Available,200%,200,110%,110,100%,100,On Target,Above Trend,Above Trend,06/19 00:00:00 PDT,07/01 00:00:00 PDT,w4,0,2015-06-24 00:00:00,Contract,Contract,Contract,18095,18095,542837,542837,126662,12758,266808,71986,0,0,0,0,0,0,161193,161195,161194,18000,542800,126600,36190,597120,126662,True,True,54676,True,0,0,12758,266808,71986,-1,-1,-1,0,0
2015-06-19,2015-06-19 00:00:00,Chevron,PILOT TRAVEL CENTERS LLC : CHV7460761,1046 SAN DIEGO CA TRM CHEVRON,DIESEL #2,18095,542837,126662,1,23429,0,23429,23429,353742,0,353742,78105,1,w7,23429,0,78105,36190,597121,126662,Limited,Limited,Limited,200%,200,110%,110,100%,100,Above Trend,Above Trend,Above Trend,06/20 00:00:00 PDT,07/01 00:00:00 PDT,w4,0,2015-06-24 00:00:00,Contract,Contract,Contract,18095,18095,542837,542837,126662,12761,243379,48557,0,0,0,0,0,0,174442,174444,174443,18000,542800,126600,36190,597120,126662,True,True,78105,True,0,0,12761,243379,48557,-1,-1,-1,0,0
2015-06-20,2015-06-20 00:00:00,Chevron,PILOT TRAVEL CENTERS LLC : CHV7460761,1046 SAN DIEGO CA TRM CHEVRON,DIESEL #2,18095,542837,126662,1,7603,0,7603,7603,361345,0,361345,85708,1,w7,7603,0,85708,36190,597121,126662,Available,Limited,Limited,200%,200,110%,110,100%,100,On Target,Above Trend,Above Trend,06/21 00:00:00 PDT,07/01 00:00:00 PDT,w4,0,2015-06-24 00:00:00,Contract,Contract,Contract,18095,18095,542837,542837,126662,28587,235776,40954,0,0,0,0,0,0,191070,191072,191071,18000,542800,126600,36190,597120,126662,True,True,85708,True,0,0,28587,235776,40954,-1,-1,-1,0,0
2015-06-21,2015-06-21 00:00:00,Chevron,PILOT TRAVEL CENTERS LLC : CHV7460761,1046 SAN DIEGO CA TRM CHEVRON,DIESEL #2,18095,542837,126662,1,7601,0,7601,7601,368946,0,368946,93309,1,w7,7601,0,93309,36190,597121,126662,Available,Limited,Limited,200%,200,110%,110,100%,100,On Target,Above Trend,Above Trend,06/22 00:00:00 PDT,07/01 00:00:00 PDT,w4,0,2015-06-24 00:00:00,Contract,Contract,Contract,18095,18095,542837,542837,126662,28589,228175,33353,0,0,0,0,0,0,217412,217414,217413,18000,542800,126600,36190,597120,126662,True,True,93309,True,0,0,28589,228175,33353,-1,-1,-1,0,0
2015-06-22,2015-06-22 00:00:00,Chevron,PILOT TRAVEL CENTERS LLC : CHV7460761,1046 SAN DIEGO CA TRM CHEVRON,DIESEL #2,18095,542837,126662,1,23432,0,23432,23432,392378,0,392378,116741,1,w7,23432,0,116741,36190,597121,126662,Limited,Limited,Low,200%,200,110%,110,100%,100,On Target,Above Trend,Above Trend,06/23 00:00:00 PDT,07/01 00:00:00 PDT,w4,0,2015-06-24 00:00:00,Contract,Contract,Contract,18095,18095,542837,542837,126662,12758,204743,9921,0,0,0,0,0,0,239401,239403,239402,18000,542800,126600,36190,597120,126662,True,True,116741,True,0,0,12758,204743,9921,-1,-1,-1,0,0
2015-06-23,2015-06-23 00:00:00,Chevron,PILOT TRAVEL CENTERS LLC : CHV7460761,1046 SAN DIEGO CA TRM CHEVRON,DIESEL #2,18095,542837,126662,1,15621,0,15621,15621,407999,0,407999,132362,1,w7,15621,0,132362,36190,597121,126662,Available,Limited,Out,200%,200,110%,110,100%,100,On Target,Above Trend,Above Trend,06/24 00:00:00 PDT,07/01 00:00:00 PDT,w4,0,2015-06-24 00:00:00,Contract,Contract,Contract,18095,18095,542837,542837,126662,20569,189122,-5700,0,0,0,0,0,0,276888,276890,276889,18000,542800,126600,36190,597120,126662,True,True,132362,True,0,0,20569,189122,-5700,-1,-1,-1,0,0
2015-06-24,2015-06-24 00:00:00,Chevron,PILOT TRAVEL CENTERS LLC : CHV7460761,1046 SAN DIEGO CA TRM CHEVRON,DIESEL #2,18095,542837,126662,1,23436,0,23436,23436,431435,0,431435,23436,1,w8,23436,0,23436,36190,597121,126662,Limited,Limited,Available,200%,200,110%,110,100%,100,On Target,Above Trend,Above Trend,06/25 00:00:00 PDT,07/01 00:00:00 PDT,w5,0,2015-07-01 00:00:00,Contract,Contract,Contract,18095,18095,542837,542837,126662,12754,165686,103226,0,0,0,0,0,0,307090,307092,307091,18000,542800,126600,36190,597120,126662,True,True,23436,True,0,0,12754,165686,103226,-1,-1,-1,0,0
2015-06-25,2015-06-25 00:00:00,Chevron,PILOT TRAVEL CENTERS LLC : CHV7460761,1046 SAN DIEGO CA TRM CHEVRON,DIESEL #2,18095,542837,126662,1,23436,0,23436,23436,454871,0,454871,46872,1,w8,23436,0,46872,36190,597121,126662,Limited,Limited,Available,200%,200,110%,110,100%,100,On Target,Above Trend,Above Trend,06/26 00:00:00 PDT,07/01 00:00:00 PDT,w5,0,2015-07-01 00:00:00,Contract,Contract,Contract,18095,18095,542837,542837,126662,12754,142250,79790,0,0,0,0,0,0,338801,338803,338802,18000,542800,126600,36190,597120,126662,True,True,46872,True,0,0,12754,142250,79790,-1,-1,-1,0,0
2015-06-26,2015-06-26 00:00:00,Chevron,PILOT TRAVEL CENTERS LLC : CHV7460761,1046 SAN DIEGO CA TRM CHEVRON,DIESEL #2,18095,542837,126662,1,31034,0,31034,31034,485905,0,485905,77906,1,w8,31034,0,77906,36190,597121,126662,Low,Low,Limited,200%,200,110%,110,100%,100,Above Trend,Above Trend,Above Trend,06/27 00:00:00 PDT,07/01 00:00:00 PDT,w5,0,2015-07-01 00:00:00,Contract,Contract,Contract,18095,18095,542837,652730,126662,5156,111216,48756,0,0,0,0,0,0,369140,369142,369141,18000,542800,126600,36190,597120,126662,True,True,77906,True,0,0,5156,111216,48756,-1,-1,-1,0,0
2015-06-27,2015-06-27 00:00:00,Chevron,PILOT TRAVEL CENTERS LLC : CHV7460761,1046 SAN DIEGO CA TRM CHEVRON,DIESEL #2,18095,542837,126662,1,15202,0,15202,15202,501107,0,501107,93108,1,w8,15202,0,93108,36190,597121,126662,Available,Low,Limited,200%,200,110%,110,100%,100,On Target,Above Trend,Above Trend,06/28 00:00:00 PDT,07/01 00:00:00 PDT,w5,0,2015-07-01 00:00:00,Contract,Contract,Contract,18095,18095,542837,652730,126662,20988,96014,33554,0,0,0,0,0,0,396222,396224,396223,18000,542800,126600,36190,597120,126662,True,True,93108,True,0,0,20988,96014,33554,-1,-1,-1,0,0
2015-06-28,2015-06-28 00:00:00,Chevron,PILOT TRAVEL CENTERS LLC : CHV7460761,1046 SAN DIEGO CA TRM CHEVRON,DIESEL #2,18095,542837,126662,1,0,0,0,0,501107,0,501107,93108,1,w8,0,0,93108,36190,597121,126662,Available,Low,Limited,200%,200,110%,110,100%,100,Below Trend,Above Trend,Above Trend,06/29 00:00:00 PDT,07/01 00:00:00 PDT,w5,0,2015-07-01 00:00:00,Contract,Contract,Contract,18095,18095,542837,652730,126662,36190,96014,33554,0,0,0,0,0,0,419148,419150,419149,18000,542800,126600,36190,597120,126662,True,True,93108,True,0,0,36190,96014,33554,-1,-1,-1,0,0
2015-06-29,2015-06-29 00:00:00,Chevron,PILOT TRAVEL CENTERS LLC : CHV7460761,1046 SAN DIEGO CA TRM CHEVRON,DIESEL #2,18095,542837,126662,1,23433,0,23433,23433,524540,0,524540,116541,1,w8,23433,0,116541,36190,597121,126662,Limited,Low,Low,200%,200,110%,110,100%,100,On Target,Above Trend,Above Trend,06/30 00:00:00 PDT,07/01 00:00:00 PDT,w5,0,2015-07-01 00:00:00,Contract,Contract,Contract,18095,18095,542837,652730,126662,12757,72581,10121,0,0,0,0,0,0,449963,449965,449964,18000,542800,126600,36190,597120,126662,True,True,116541,True,0,0,12757,72581,10121,-1,-1,-1,0,0
2015-06-30,2015-06-30 00:00:00,Chevron,PILOT TRAVEL CENTERS LLC : CHV7460761,1046 SAN DIEGO CA TRM CHEVRON,DIESEL #2,18095,542837,126662,1,15624,0,15624,15624,540164,0,540164,132165,1,w8,15624,0,132165,36190,597121,126662,Available,Low,Out,200%,200,110%,110,100%,100,On Target,Above Trend,Above Trend,07/01 00:00:00 PDT,07/01 00:00:00 PDT,w5,0,2015-07-01 00:00:00,Contract,Contract,Contract,18095,18095,652730,652730,126662,20566,56957,-5503,0,0,0,0,0,0,476628,476630,476629,18000,542800,126600,36190,597120,126662,True,True,132165,True,0,0,20566,56957,-5503,-1,-1,-1,0,0
