,date,supplier_name,account_type,supplier_terminal_name,product_name,base_gallons_Daily,base_gallons_Monthly,base_gallons_Weekly,lifted_gallons_daily_flag,lifted_gallons_daily_modified,Modified_WeeksByLiftedGallons,lifted_gallons_modified_WeeksByLiftedGallons,lifted_gallons_Daily,Lifted_actual_monthly,lifted_gallons_monthly_flag,lifted_gallons_Monthly,Lifted_actual_weekly,lifted_gallons_weekly_flag,WeeksByLiftedGallons,lifted_gallonsWeekly_modified_aposteriori,Modified_LiftedGallonsaposteriori,lifted_gallons_Weekly,beginning_gallons_Daily,beginning_gallons_Monthly,beginning_gallons_Weekly,en_allocation_status_Daily,en_allocation_status_Monthly,en_allocation_status_Weekly,percentage_allocation_Daily_actual,percentage_allocation_Daily,percentage_allocation_Monthly_actual,percentage_allocation_Monthly,percentage_allocation_Weekly_actual,percentage_allocation_Weekly,alerts_ratability_Daily,alerts_ratability_Monthly,alerts_ratability_Weekly,next_refresh_date_Daily,next_refresh_date_Monthly,Week_switch,Modified_NRD,next_refresh_date_Weekly,en_account_type_Daily,en_account_type_Monthly,en_account_type_Weekly,NRB_Daily,next_refresh_base_gallons_Daily,NRB_Monthly,next_refresh_base_gallons_Monthly,next_refresh_base_gallons_Weekly,remaining_gallons_Daily,remaining_gallons_Monthly,remaining_gallons_Weekly,additional_gallons_allowed_Daily,additional_gallons_allowed_Monthly,additional_gallons_allowed_Weekly,additional_gallons_remaining_Daily,additional_gallons_remaining_Monthly,additional_gallons_remaining_Weekly,staging_id_Daily,staging_id_Monthly,staging_id_Weekly,base_gallons_Daily_Reconciled,base_gallons_Monthly_Reconciled,base_gallons_Weekly_Reconciled,beginning_gallons_Daily_Reconciled,beginning_gallons_Monthly_Reconciled,beginning_gallons_Weekly_Reconciled,sanityWeekly_CumulativeDaily_WeeksByLiftedGallons,sanityWeekly_CumulativeDaily_NextRefreshDate,computedWeekly,sanityComputedWeekly,computedMonthly,sanityComputedMonthly,remaining_gallons_Daily_Reconciled,remaining_gallons_Monthly_Reconciled,remaining_gallons_Weekly_Reconciled,additional_gallons_remaining_Daily_Reconciled,additional_gallons_remaining_Monthly_Reconciled,additional_gallons_remaining_Weekly_Reconciled,sanityMonthly_CumulativeDaily_WeeksByLiftedGallons,sanityMonthly_CumulativeDaily_WeeksByNextRefreshDate
2015-06-01,2015-06-01 00:00:00,Chevron,PILOT TRAVEL CENTERS LLC : CHV7460761,1066 BOISE ID TRM TESORO,DIESEL #2,-1,-1,-1,7,19809,0,-1,-1,-1,7,19809,-1,7,w1,-1,0,19809,-1,-1,-1,-1,-1,-1,-1,-1,-1,-1,-1,-1,-1,-1,-1,-1,-1,w1,1,2015-06-03 00:00:00,-1,-1,-1,20149,-1,604456,-1,-1,-1,-1,-1,-1,-1,-1,-1,-1,-1,-1,-1,-1,-1,-1,-1,-1,-1,-1,True,True,19809,True,0,0,-1,-1,-1,-1,-1,-1,0,1
2015-06-02,2015-06-02 00:00:00,Chevron,PILOT TRAVEL CENTERS LLC : CHV7460761,1066 BOISE ID TRM TESORO,DIESEL #2,20149,604456,141040,1,20011,0,0,0,19809,0,19809,109455,1,w1,0,0,39820,40298,664902,176300,Available,Available,Limited,200%,200,110%,110,125%,125,Below Trend,On Target,On Target,06/03 00:00:00 MDT,07/01 00:00:00 MDT,w1,0,2015-06-03 00:00:00,Contract,Contract,Contract,20149,20149,604456,604456,141040,40298,645093,66845,0,0,0,0,0,0,160,162,161,20100,604400,141000,40298,664901,176300,False,True,39820,True,0,0,20287,645093,136480,-1,-1,-1,0,0
2015-06-03,2015-06-03 00:00:00,Chevron,PILOT TRAVEL CENTERS LLC : CHV7460761,1066 BOISE ID TRM TESORO,DIESEL #2,20149,604456,141040,1,19706,0,0,0,39820,0,39820,0,1,w2,0,0,19706,40298,664902,176300,Available,Available,Available,200%,200,110%,110,125%,125,Below Trend,Above Trend,Below Trend,06/04 00:00:00 MDT,07/01 00:00:00 MDT,w2,0,2015-06-10 00:00:00,Contract,Contract,Contract,20149,20149,604456,604456,141040,40298,625082,176300,0,0,0,0,0,0,6158,6160,6159,20100,604400,141000,40298,664901,176300,True,True,0,0,0,0,20592,625082,156594,-1,-1,-1,0,0
2015-06-04,2015-06-04 00:00:00,Chevron,PILOT TRAVEL CENTERS LLC : CHV7460761,1066 BOISE ID TRM TESORO,DIESEL #2,20149,604456,141040,3,0,1,19706,0,59526,0,59526,19706,1,w2,0,0,39631,40298,664902,176300,Available,Available,Available,200%,200,110%,110,125%,125,Below Trend,Above Trend,On Target,06/05 00:00:00 MDT,07/01 00:00:00 MDT,w2,0,2015-06-10 00:00:00,Contract,Contract,Contract,20149,20149,604456,604456,141040,40298,605376,156594,0,0,0,0,0,0,8903,8905,8904,20100,604400,141000,40298,664901,176300,True,False,0,0,0,0,40298,605376,136669,-1,-1,-1,0,1
2015-06-05,2015-06-05 00:00:00,Chevron,PILOT TRAVEL CENTERS LLC : CHV7460761,1066 BOISE ID TRM TESORO,DIESEL #2,20149,604456,141040,0,0,1,19925,0,79451,0,79451,39631,0,w2,0,0,39631,40298,664902,176300,Available,Available,Available,200%,200,110%,110,125%,125,Below Trend,Above Trend,On Target,06/06 00:00:00 MDT,07/01 00:00:00 MDT,w2,0,2015-06-10 00:00:00,Contract,Contract,Contract,20149,20149,604456,604456,141040,40298,585451,136669,0,0,0,0,0,0,12798,12800,12799,20100,604400,141000,40298,664901,176300,True,False,0,0,0,0,40298,585451,136669,-1,-1,-1,0,0
2015-06-06,2015-06-06 00:00:00,Chevron,PILOT TRAVEL CENTERS LLC : CHV7460761,1066 BOISE ID TRM TESORO,DIESEL #2,-1,-1,-1,0,-1,0,-1,-1,-1,0,-1,-1,0,w3,-1,0,-1,-1,-1,-1,-1,-1,-1,-1,200,-1,110,-1,125,-1,-1,-1,-1,-1,w2,1,2015-06-10 00:00:00,-1,-1,-1,20149,-1,604456,-1,-1,-1,-1,-1,-1,-1,-1,-1,-1,-1,-1,-1,-1,20100,604400,141000,40298,664901,176300,True,False,0,0,0,0,-1,-1,-1,-1,-1,-1,0,0
2015-06-07,2015-06-07 00:00:00,Chevron,PILOT TRAVEL CENTERS LLC : CHV7460761,1066 BOISE ID TRM TESORO,DIESEL #2,-1,-1,-1,0,-1,0,-1,-1,-1,0,-1,-1,0,w3,-1,0,-1,-1,-1,-1,-1,-1,-1,-1,200,-1,110,-1,125,-1,-1,-1,-1,-1,w2,1,2015-06-10 00:00:00,-1,-1,-1,20149,-1,604456,-1,-1,-1,-1,-1,-1,-1,-1,-1,-1,-1,-1,-1,-1,-1,-1,-1,-1,-1,-1,False,False,0,0,0,0,-1,-1,-1,-1,-1,-1,0,0
2015-06-08,2015-06-08 00:00:00,Chevron,PILOT TRAVEL CENTERS LLC : CHV7460761,1066 BOISE ID TRM TESORO,DIESEL #2,20149,604456,141040,0,0,0,0,0,138640,0,138640,98820,0,w3,0,0,98820,40298,664902,176300,Available,Available,Limited,200%,200,110%,110,125%,125,Below Trend,Above Trend,On Target,06/08 00:00:00 MDT,07/01 00:00:00 MDT,w2,0,2015-06-10 00:00:00,Contract,Contract,Contract,20149,20149,604456,604456,141040,40298,526262,77480,0,0,0,0,0,0,15098,15100,15099,20100,604400,141000,40298,664901,176300,False,False,0,0,0,0,40298,526262,77480,-1,-1,-1,0,0
2015-06-09,2015-06-09 00:00:00,Chevron,PILOT TRAVEL CENTERS LLC : CHV7460761,1066 BOISE ID TRM TESORO,DIESEL #2,-1,-1,-1,2,19909,0,-1,-1,-1,2,158549,-1,2,w4,-1,0,118729,-1,-1,-1,-1,-1,-1,-1,200,-1,110,-1,125,-1,-1,-1,-1,-1,w2,1,2015-06-10 00:00:00,-1,-1,-1,20149,-1,604456,-1,-1,-1,-1,-1,-1,-1,-1,-1,-1,-1,-1,-1,-1,20100,604400,141000,40298,664901,176300,True,False,0,0,0,0,-1,-1,-1,-1,-1,-1,0,0
2015-06-10,2015-06-10 00:00:00,Chevron,PILOT TRAVEL CENTERS LLC : CHV7460761,1066 BOISE ID TRM TESORO,DIESEL #2,20149,604456,141040,1,49092,0,29283,29283,187832,0,187832,148012,1,w4,29283,0,167821,40298,664902,176300,Limited,Available,Low,200%,200,110%,110,125%,125,On Target,Above Trend,Above Trend,06/10 00:00:00 MDT,07/01 00:00:00 MDT,w2,0,2015-06-10 00:00:00,Contract,Contract,Contract,20149,20149,604456,604456,141040,11015,477070,28288,0,0,0,0,0,0,20711,20713,20712,20100,604400,141000,40298,664901,176300,False,False,0,0,0,0,-8794,477070,8479,-1,-1,-1,0,0
2015-06-11,2015-06-11 00:00:00,Chevron,PILOT TRAVEL CENTERS LLC : CHV7460761,1066 BOISE ID TRM TESORO,DIESEL #2,20149,604456,141040,3,19809,1,19809,0,207641,0,207641,19809,0,w5,0,0,19809,40298,664902,176300,Available,Available,Available,200%,200,110%,110,125%,125,Below Trend,Above Trend,On Target,06/12 00:00:00 MDT,07/01 00:00:00 MDT,w3,0,2015-06-17 00:00:00,Contract,Contract,Contract,20149,20149,604456,604456,141040,40298,457261,156491,0,0,0,0,0,0,23613,23615,23614,20100,604400,141000,40298,664901,176300,True,True,19809,True,0,0,20489,457261,156491,-1,-1,-1,0,0
2015-06-12,2015-06-12 00:00:00,Chevron,PILOT TRAVEL CENTERS LLC : CHV7460761,1066 BOISE ID TRM TESORO,DIESEL #2,-1,-1,-1,2,49627,0,-1,-1,-1,2,257268,-1,2,w6,-1,0,69436,-1,-1,-1,-1,-1,-1,-1,200,-1,110,-1,125,-1,-1,-1,-1,-1,w3,1,2015-06-17 00:00:00,-1,-1,-1,20149,-1,604456,-1,-1,-1,-1,-1,-1,-1,-1,-1,-1,-1,-1,-1,-1,20100,604400,141000,40298,664901,176300,True,True,69436,True,0,0,-1,-1,-1,-1,-1,-1,0,0
2015-06-13,2015-06-13 00:00:00,Chevron,PILOT TRAVEL CENTERS LLC : CHV7460761,1066 BOISE ID TRM TESORO,DIESEL #2,20149,604456,141040,1,9901,0,9901,9901,267169,0,267169,79337,1,w6,9901,0,79337,40298,664902,176300,Available,Available,Available,200%,200,110%,110,125%,125,On Target,Above Trend,Above Trend,06/14 00:00:00 MDT,07/01 00:00:00 MDT,w3,0,2015-06-17 00:00:00,Contract,Contract,Contract,20149,20149,604456,604456,141040,30397,397733,96963,0,0,0,0,0,0,51200,51202,51201,20100,604400,141000,40298,664901,176300,False,True,79337,True,0,0,30397,397733,96963,-1,-1,-1,0,0
2015-06-14,2015-06-14 00:00:00,Chevron,PILOT TRAVEL CENTERS LLC : CHV7460761,1066 BOISE ID TRM TESORO,DIESEL #2,20149,604456,141040,1,7606,0,7606,7606,274775,0,274775,86943,1,w6,7606,0,86943,40298,664902,176300,Available,Available,Available,200%,200,110%,110,125%,125,On Target,Above Trend,On Target,06/15 00:00:00 MDT,07/01 00:00:00 MDT,w3,0,2015-06-17 00:00:00,Contract,Contract,Contract,20149,20149,604456,604456,141040,32692,390127,89357,0,0,0,0,0,0,70984,70986,70985,20100,604400,141000,40298,664901,176300,False,True,86943,True,0,0,32692,390127,89357,-1,-1,-1,0,0
2015-06-15,2015-06-15 00:00:00,Chevron,PILOT TRAVEL CENTERS LLC : CHV7460761,1066 BOISE ID TRM TESORO,DIESEL #2,20149,604456,141040,1,17604,0,17604,17604,292379,0,292379,104547,1,w6,17604,0,104547,40298,664902,176300,Available,Available,Limited,200%,200,110%,110,125%,125,On Target,Above Trend,On Target,06/16 00:00:00 MDT,07/01 00:00:00 MDT,w3,0,2015-06-17 00:00:00,Contract,Contract,Contract,20149,20149,604456,604456,141040,22694,372523,71753,0,0,0,0,0,0,101511,101513,101512,20100,604400,141000,40298,664901,176300,False,True,104547,True,0,0,22694,372523,71753,-1,-1,-1,0,0
2015-06-16,2015-06-16 00:00:00,Chevron,PILOT TRAVEL CENTERS LLC : CHV7460761,1066 BOISE ID TRM TESORO,DIESEL #2,20149,604456,141040,1,19801,0,19801,19801,312180,0,312180,124348,1,w6,19801,0,124348,40298,664902,176300,Available,Available,Limited,200%,200,110%,110,125%,125,On Target,Above Trend,On Target,06/17 00:00:00 MDT,07/01 00:00:00 MDT,w3,0,2015-06-17 00:00:00,Contract,Contract,Contract,20149,20149,604456,604456,141040,20497,352722,51952,0,0,0,0,0,0,123822,123824,123823,20100,604400,141000,40298,664901,176300,False,True,124348,True,0,0,20497,352722,51952,-1,-1,-1,0,0
2015-06-17,2015-06-17 00:00:00,Chevron,PILOT TRAVEL CENTERS LLC : CHV7460761,1066 BOISE ID TRM TESORO,DIESEL #2,20149,604456,141040,1,10005,0,10005,10005,322185,0,322185,10005,1,w7,10005,0,10005,40298,664902,176300,Available,Available,Available,200%,200,110%,110,125%,125,On Target,Above Trend,On Target,06/18 00:00:00 MDT,07/01 00:00:00 MDT,w4,0,2015-06-24 00:00:00,Contract,Contract,Contract,20149,20149,604456,604456,141040,30293,342717,166295,0,0,0,0,0,0,142429,142431,142430,20100,604400,141000,40298,664901,176300,True,True,10005,True,0,0,30293,342717,166295,-1,-1,-1,0,0
2015-06-18,2015-06-18 00:00:00,Chevron,PILOT TRAVEL CENTERS LLC : CHV7460761,1066 BOISE ID TRM TESORO,DIESEL #2,20149,604456,141040,1,7707,0,7707,7707,329892,0,329892,17712,1,w7,7707,0,17712,40298,664902,176300,Available,Available,Available,200%,200,110%,110,125%,125,On Target,Above Trend,On Target,06/19 00:00:00 MDT,07/01 00:00:00 MDT,w4,0,2015-06-24 00:00:00,Contract,Contract,Contract,20149,20149,604456,604456,141040,32591,335010,158588,0,0,0,0,0,0,161196,161198,161197,20100,604400,141000,40298,664901,176300,True,True,17712,True,0,0,32591,335010,158588,-1,-1,-1,0,0
2015-06-19,2015-06-19 00:00:00,Chevron,PILOT TRAVEL CENTERS LLC : CHV7460761,1066 BOISE ID TRM TESORO,DIESEL #2,20149,604456,141040,1,19909,0,19909,19909,349801,0,349801,37621,1,w7,19909,0,37621,40298,664902,176300,Available,Limited,Available,200%,200,110%,110,125%,125,On Target,Above Trend,On Target,06/20 00:00:00 MDT,07/01 00:00:00 MDT,w4,0,2015-06-24 00:00:00,Contract,Contract,Contract,20149,20149,604456,604456,141040,20389,315101,138679,0,0,0,0,0,0,174445,174447,174446,20100,604400,141000,40298,664901,176300,True,True,37621,True,0,0,20389,315101,138679,-1,-1,-1,0,0
2015-06-20,2015-06-20 00:00:00,Chevron,PILOT TRAVEL CENTERS LLC : CHV7460761,1066 BOISE ID TRM TESORO,DIESEL #2,20149,604456,141040,1,0,0,0,0,349801,0,349801,37621,1,w7,0,0,37621,40298,664902,176300,Available,Limited,Available,200%,200,110%,110,125%,125,Below Trend,On Target,On Target,06/21 00:00:00 MDT,07/01 00:00:00 MDT,w4,0,2015-06-24 00:00:00,Contract,Contract,Contract,20149,20149,604456,604456,141040,40298,315101,138679,0,0,0,0,0,0,191073,191075,191074,20100,604400,141000,40298,664901,176300,True,True,37621,True,0,0,40298,315101,138679,-1,-1,-1,0,0
2015-06-21,2015-06-21 00:00:00,Chevron,PILOT TRAVEL CENTERS LLC : CHV7460761,1066 BOISE ID TRM TESORO,DIESEL #2,20149,604456,141040,1,19806,0,9910,9910,359711,0,359711,47531,1,w7,9910,0,57427,40298,664902,176300,Available,Limited,Available,200%,200,110%,110,125%,125,On Target,On Target,On Target,06/22 00:00:00 MDT,07/01 00:00:00 MDT,w4,0,2015-06-24 00:00:00,Contract,Contract,Contract,20149,20149,604456,604456,141040,30388,305191,128769,0,0,0,0,0,0,217415,217417,217416,20100,604400,141000,40298,664901,176300,True,True,57427,True,0,0,20492,305191,118873,-1,-1,-1,0,0
2015-06-22,2015-06-22 00:00:00,Chevron,PILOT TRAVEL CENTERS LLC : CHV7460761,1066 BOISE ID TRM TESORO,DIESEL #2,20149,604456,141040,1,10008,1,19904,10008,379615,0,379615,67435,1,w7,10008,0,67435,40298,664902,176300,Available,Limited,Available,200%,200,110%,110,125%,125,On Target,On Target,On Target,06/23 00:00:00 MDT,07/01 00:00:00 MDT,w4,0,2015-06-24 00:00:00,Contract,Contract,Contract,20149,20149,604456,604456,141040,30290,285287,108865,0,0,0,0,0,0,239404,239406,239405,20100,604400,141000,40298,664901,176300,True,True,67435,True,0,0,30290,285287,108865,-1,-1,-1,0,0
2015-06-23,2015-06-23 00:00:00,Chevron,PILOT TRAVEL CENTERS LLC : CHV7460761,1066 BOISE ID TRM TESORO,DIESEL #2,20149,604456,141040,1,0,0,0,0,379615,0,379615,67435,1,w7,0,0,67435,40298,664902,176300,Available,Limited,Available,200%,200,110%,110,125%,125,Below Trend,On Target,On Target,06/24 00:00:00 MDT,07/01 00:00:00 MDT,w4,0,2015-06-24 00:00:00,Contract,Contract,Contract,20149,20149,604456,604456,141040,40298,285287,108865,0,0,0,0,0,0,276891,276893,276892,20100,604400,141000,40298,664901,176300,True,True,67435,True,0,0,40298,285287,108865,-1,-1,-1,0,0
2015-06-24,2015-06-24 00:00:00,Chevron,PILOT TRAVEL CENTERS LLC : CHV7460761,1066 BOISE ID TRM TESORO,DIESEL #2,20149,604456,141040,1,29924,0,19921,19921,399536,0,399536,19921,1,w8,19921,0,29924,40298,664902,176300,Available,Limited,Available,200%,200,110%,110,125%,125,On Target,On Target,Above Trend,06/25 00:00:00 MDT,07/01 00:00:00 MDT,w5,0,2015-07-01 00:00:00,Contract,Contract,Contract,20149,20149,604456,604456,141040,20377,265366,156379,0,0,0,0,0,0,307093,307095,307094,20100,604400,141000,40298,664901,176300,True,True,29924,True,0,0,10374,265366,146376,-1,-1,-1,0,0
2015-06-25,2015-06-25 00:00:00,Chevron,PILOT TRAVEL CENTERS LLC : CHV7460761,1066 BOISE ID TRM TESORO,DIESEL #2,20149,604456,141040,1,19901,1,19904,9901,419440,0,419440,39825,1,w8,9901,0,49825,40298,664902,176300,Available,Limited,Available,200%,200,110%,110,125%,125,On Target,On Target,Above Trend,06/26 00:00:00 MDT,07/01 00:00:00 MDT,w5,0,2015-07-01 00:00:00,Contract,Contract,Contract,20149,20149,604456,604456,141040,30397,245462,136475,0,0,0,0,0,0,338804,338806,338805,20100,604400,141000,40298,664901,176300,True,True,49825,True,0,0,20397,245462,126475,-1,-1,-1,0,0
2015-06-26,2015-06-26 00:00:00,Chevron,PILOT TRAVEL CENTERS LLC : CHV7460761,1066 BOISE ID TRM TESORO,DIESEL #2,20149,604456,141040,1,39376,1,29899,19899,449339,0,449339,69724,1,w8,19899,0,89201,40298,664902,176300,Available,Limited,Available,200%,200,110%,110,125%,125,On Target,On Target,Above Trend,06/27 00:00:00 MDT,07/01 00:00:00 MDT,w5,0,2015-07-01 00:00:00,Contract,Contract,Contract,20149,20149,604456,563371,141040,20399,215563,106576,0,0,0,0,0,0,369143,369145,369144,20100,604400,141000,40298,664901,176300,True,True,89201,True,0,0,922,215563,87099,-1,-1,-1,0,0
2015-06-27,2015-06-27 00:00:00,Chevron,PILOT TRAVEL CENTERS LLC : CHV7460761,1066 BOISE ID TRM TESORO,DIESEL #2,20149,604456,141040,1,19480,1,38957,19480,488296,0,488296,108681,1,w8,19480,0,108681,40298,664902,176300,Available,Limited,Limited,200%,200,110%,110,125%,125,On Target,Above Trend,Above Trend,06/28 00:00:00 MDT,07/01 00:00:00 MDT,w5,0,2015-07-01 00:00:00,Contract,Contract,Contract,20149,20149,604456,563371,141040,20818,176606,67619,0,0,0,0,0,0,396225,396227,396226,20100,604400,141000,40298,664901,176300,True,True,108681,True,0,0,20818,176606,67619,-1,-1,-1,0,0
2015-06-28,2015-06-28 00:00:00,Chevron,PILOT TRAVEL CENTERS LLC : CHV7460761,1066 BOISE ID TRM TESORO,DIESEL #2,20149,604456,141040,1,10010,0,10010,10010,498306,0,498306,118691,1,w8,10010,0,118691,40298,664902,176300,Available,Limited,Limited,200%,200,110%,110,125%,125,On Target,Above Trend,Above Trend,06/29 00:00:00 MDT,07/01 00:00:00 MDT,w5,0,2015-07-01 00:00:00,Contract,Contract,Contract,20149,20149,604456,563371,141040,30288,166596,57609,0,0,0,0,0,0,419151,419153,419152,20100,604400,141000,40298,664901,176300,True,True,118691,True,0,0,30288,166596,57609,-1,-1,-1,0,0
2015-06-29,2015-06-29 00:00:00,Chevron,PILOT TRAVEL CENTERS LLC : CHV7460761,1066 BOISE ID TRM TESORO,DIESEL #2,20149,604456,141040,1,19863,0,19863,19863,518169,0,518169,138554,1,w8,19863,0,138554,40298,664902,176300,Available,Limited,Limited,200%,200,110%,110,125%,125,On Target,Above Trend,Above Trend,06/30 00:00:00 MDT,07/01 00:00:00 MDT,w5,0,2015-07-01 00:00:00,Contract,Contract,Contract,20149,20149,604456,563371,141040,20435,146733,37746,0,0,0,0,0,0,449966,449968,449967,20100,604400,141000,40298,664901,176300,True,True,138554,True,0,0,20435,146733,37746,-1,-1,-1,0,0
2015-06-30,2015-06-30 00:00:00,Chevron,PILOT TRAVEL CENTERS LLC : CHV7460761,1066 BOISE ID TRM TESORO,DIESEL #2,20149,604456,141040,1,39496,0,39496,39496,557665,0,557665,178050,1,w8,39496,0,178050,40298,664902,176300,Low,Low,Out,200%,200,110%,110,125%,125,Above Trend,Above Trend,Above Trend,07/01 00:00:00 MDT,07/01 00:00:00 MDT,w5,0,2015-07-01 00:00:00,Contract,Contract,Contract,20149,20149,563371,563371,141040,802,107237,-1750,0,0,0,0,0,0,476631,476633,476632,20100,604400,141000,40298,664901,176300,True,True,178050,True,0,0,802,107237,-1750,-1,-1,-1,0,0
