,date,supplier_name,account_type,supplier_terminal_name,product_name,base_gallons_Daily,base_gallons_Weekly,lifted_gallons_daily_flag,lifted_gallons_daily_modified,Modified_WeeksByLiftedGallons,lifted_gallons_modified_WeeksByLiftedGallons,lifted_gallons_Daily,Lifted_actual_weekly,lifted_gallons_weekly_flag,WeeksByLiftedGallons,lifted_gallonsWeekly_modified_aposteriori,Modified_LiftedGallonsaposteriori,lifted_gallons_Weekly,beginning_gallons_Daily,beginning_gallons_Weekly,en_allocation_status_Daily,en_allocation_status_Weekly,percentage_allocation_Daily,percentage_allocation_Weekly,alerts_ratability_Daily,alerts_ratability_Weekly,next_refresh_date_Daily,Week_switch,Modified_NRD,next_refresh_date_Weekly,en_account_type_Daily,en_account_type_Weekly,staging_id_Daily,staging_id_Weekly,base_gallons_Monthly,Lifted_actual_monthly,lifted_gallons_monthly_flag,lifted_gallons_Monthly,beginning_gallons_Monthly,en_allocation_status_Monthly,percentage_allocation_Monthly,alerts_ratability_Monthly,next_refresh_date_Monthly,base_gallons_Daily_Reconciled,base_gallons_Monthly_Reconciled,beginning_gallons_Daily_Reconciled,beginning_gallons_Monthly_Reconciled,beginning_gallons_Weekly_Reconciled,sanityWeekly_CumulativeDaily_WeeksByLiftedGallons,sanityWeekly_CumulativeDaily_NextRefreshDate,computedWeekly,computedMonthly,sanityComputedMonthly,sanityMonthly_CumulativeDaily_WeeksByLiftedGallons,sanityMonthly_CumulativeDaily_WeeksByNextRefreshDate
2015-06-01,2015-06-01 00:00:00,BP,Channel: 50 - Commercial,WARREN OH - BUCKEYE (PLANT 9182),DIESEL,24456,171189,0,-1,0,-1,-1,-1,0,w1,-1,0,-1,48912.0,188308.0,-1,-1,100,100,-1,-1,-1,w1,1,2015-06-03 00:00:00,-1,-1,-1,-1,0,-1,0,-1,0,-1,100,-1,-1,48912,-1,24456,0,171189,True,True,0,0,0,1,1
2015-06-02,2015-06-02 00:00:00,BP,Channel: 50 - Commercial,WARREN OH - BUCKEYE (PLANT 9182),DIESEL,24456,171189,0,0,0,0,0,197551,0,w1,0,0,197551,48912.0,188308.0,Out,Out,200,110,-1,-1,06/03 00:00:00 EDT,w1,0,2015-06-03 00:00:00,Contract,Contract,66,67,0,0,0,0,0,0,0,0,0,24456,-1,48912,0,188308,False,False,0,0,0,0,0
2015-06-03,2015-06-03 00:00:00,BP,Channel: 50 - Commercial,WARREN OH - BUCKEYE (PLANT 9182),DIESEL,24456,171189,0,15301,0,15301,15301,15301,0,w2,15301,0,15301,48912.0,188308.0,Available,Available,200,110,-1,-1,06/04 00:00:00 EDT,w2,0,2015-06-10 00:00:00,Contract,Contract,6061,6062,0,0,0,0,0,0,0,0,0,24456,-1,48912,0,188308,True,True,0,0,0,0,0
2015-06-04,2015-06-04 00:00:00,BP,Channel: 50 - Commercial,WARREN OH - BUCKEYE (PLANT 9182),DIESEL,24456,171189,3,61415,1,61415,7805,76716,0,w2,7805,0,76716,48912.0,188308.0,Available,Available,200,110,-1,-1,06/05 00:00:00 EDT,w2,0,2015-06-10 00:00:00,Contract,Contract,8801,8802,0,0,0,0,0,0,0,0,0,24456,-1,48912,0,188308,True,True,0,0,0,0,0
2015-06-05,2015-06-05 00:00:00,BP,Channel: 50 - Commercial,WARREN OH - BUCKEYE (PLANT 9182),DIESEL,24456,171189,3,60518,1,60518,14801,137234,0,w2,14801,0,137234,48912.0,188308.0,Available,Available,200,110,-1,-1,06/06 00:00:00 EDT,w2,0,2015-06-10 00:00:00,Contract,Contract,11483,11484,0,0,0,0,0,0,0,0,0,24456,-1,48912,0,188308,True,True,0,0,0,0,0
2015-06-06,2015-06-06 00:00:00,BP,Channel: 50 - Commercial,WARREN OH - BUCKEYE (PLANT 9182),DIESEL,24456,171189,0,-1,0,-1,-1,-1,0,w3,-1,0,-1,48912.0,188308.0,-1,-1,100,100,-1,-1,-1,w2,1,2015-06-10 00:00:00,-1,-1,-1,-1,0,-1,0,-1,0,-1,100,-1,-1,48912,-1,24456,0,171189,True,False,0,0,0,0,0
2015-06-07,2015-06-07 00:00:00,BP,Channel: 50 - Commercial,WARREN OH - BUCKEYE (PLANT 9182),DIESEL,24456,171189,0,-1,0,-1,-1,-1,0,w3,-1,0,-1,48912.0,188308.0,-1,-1,100,100,-1,-1,-1,w2,1,2015-06-10 00:00:00,-1,-1,-1,-1,0,-1,0,-1,0,-1,100,-1,-1,48912,-1,24456,0,171189,False,False,0,0,0,0,0
2015-06-08,2015-06-08 00:00:00,BP,Channel: 50 - Commercial,WARREN OH - BUCKEYE (PLANT 9182),DIESEL,24456,171189,0,0,0,0,0,212856,0,w3,0,0,212856,48912.0,188308.0,Out,Out,200,110,-1,-1,06/09 00:00:00 EDT,w2,0,2015-06-10 00:00:00,Contract,Contract,13975,13976,0,0,0,0,0,0,0,0,0,24456,-1,48912,0,188308,False,False,0,0,0,0,0
2015-06-09,2015-06-09 00:00:00,BP,Channel: 50 - Commercial,WARREN OH - BUCKEYE (PLANT 9182),DIESEL,24456,171189,0,-1,0,-1,-1,-1,0,w4,-1,0,-1,48912.0,188308.0,-1,-1,100,100,-1,-1,-1,w2,1,2015-06-10 00:00:00,-1,-1,-1,-1,0,-1,0,-1,0,-1,100,-1,-1,48912,-1,24456,0,171189,True,False,0,0,0,0,0
2015-06-10,2015-06-10 00:00:00,BP,Channel: 50 - Commercial,WARREN OH - BUCKEYE (PLANT 9182),DIESEL,24456,171189,0,0,0,0,0,0,0,w4,0,0,0,48912.0,188308.0,Available,Available,200,110,-1,-1,06/11 00:00:00 EDT,w3,0,2015-06-17 00:00:00,Contract,Contract,20610,20611,0,0,0,0,0,0,0,0,0,24456,-1,48912,0,188308,False,True,0,0,0,0,0
2015-06-11,2015-06-11 00:00:00,BP,Channel: 50 - Commercial,WARREN OH - BUCKEYE (PLANT 9182),DIESEL,24456,171189,3,51484,1,51484,0,51484,0,w4,0,0,51484,48912.0,188308.0,Available,Available,200,110,-1,-1,06/12 00:00:00 EDT,w3,0,2015-06-17 00:00:00,Contract,Contract,23385,23386,0,0,0,0,0,0,0,0,0,24456,-1,48912,0,188308,False,True,51484,0,0,0,0
2015-06-12,2015-06-12 00:00:00,BP,Channel: 50 - Commercial,WARREN OH - BUCKEYE (PLANT 9182),DIESEL,24456,171189,4,75611,0,-1,-1,-1,4,w5,-1,0,127095,48912.0,188308.0,-1,-1,100,100,-1,-1,-1,w3,1,2015-06-17 00:00:00,-1,-1,-1,-1,0,-1,0,-1,0,-1,100,-1,-1,48912,-1,24456,0,171189,True,True,127095,0,0,0,0
2015-06-13,2015-06-13 00:00:00,BP,Channel: 50 - Commercial,WARREN OH - BUCKEYE (PLANT 9182),DIESEL,24456,171189,0,15607,0,15607,15607,142702,0,w5,15607,0,142702,48912.0,188308.0,Available,Available,200,110,-1,-1,06/14 00:00:00 EDT,w3,0,2015-06-17 00:00:00,Contract,Contract,51069,51070,0,0,0,0,0,0,0,0,0,24456,-1,48912,0,188308,False,True,142702,0,0,0,0
2015-06-14,2015-06-14 00:00:00,BP,Channel: 50 - Commercial,WARREN OH - BUCKEYE (PLANT 9182),DIESEL,24456,171189,0,30214,0,30214,30214,172916,0,w5,30214,0,172916,48912.0,188308.0,Available,Available,200,110,-1,-1,06/15 00:00:00 EDT,w3,0,2015-06-17 00:00:00,Contract,Contract,70853,70854,0,0,0,0,0,0,0,0,0,24456,-1,48912,0,188308,False,True,172916,0,0,0,0
2015-06-15,2015-06-15 00:00:00,BP,Channel: 50 - Commercial,WARREN OH - BUCKEYE (PLANT 9182),DIESEL,24456,171189,0,30434,0,30434,30434,203350,0,w5,30434,0,203350,48912.0,188308.0,Out,Out,200,110,-1,-1,06/16 00:00:00 EDT,w3,0,2015-06-17 00:00:00,Contract,Contract,101471,101472,0,0,0,0,0,0,0,0,0,24456,-1,48912,0,188308,False,True,203350,0,0,0,0
2015-06-16,2015-06-16 00:00:00,BP,Channel: 50 - Commercial,WARREN OH - BUCKEYE (PLANT 9182),DIESEL,24456,171189,0,0,0,0,0,203350,0,w5,0,0,203350,48912.0,188308.0,Out,Out,200,110,-1,-1,06/17 00:00:00 EDT,w3,0,2015-06-17 00:00:00,Contract,Contract,123690,123691,0,0,0,0,0,0,0,0,0,24456,-1,48912,0,188308,False,True,203350,0,0,0,0
2015-06-17,2015-06-17 00:00:00,BP,Channel: 50 - Commercial,WARREN OH - BUCKEYE (PLANT 9182),DIESEL,24456,171189,0,45704,0,45704,45704,45704,0,w6,45704,0,45704,48912.0,188308.0,Available,Available,200,110,-1,-1,06/18 00:00:00 EDT,w4,0,2015-06-24 00:00:00,Contract,Contract,142298,142299,0,0,0,0,0,0,0,0,0,24456,-1,48912,0,188308,True,True,45704,0,0,0,0
2015-06-18,2015-06-18 00:00:00,BP,Channel: 50 - Commercial,WARREN OH - BUCKEYE (PLANT 9182),DIESEL,24456,171189,0,30512,0,30512,30512,76216,0,w6,30512,0,76216,48912.0,188308.0,Available,Available,200,110,-1,-1,06/19 00:00:00 EDT,w4,0,2015-06-24 00:00:00,Contract,Contract,161096,161097,0,0,0,0,0,0,0,0,0,24456,-1,48912,0,188308,True,True,76216,0,0,0,0
2015-06-19,2015-06-19 00:00:00,BP,Channel: 50 - Commercial,WARREN OH - BUCKEYE (PLANT 9182),DIESEL,24456,171189,0,22708,0,22708,22708,98924,0,w6,22708,0,98924,48912.0,188308.0,Available,Available,200,110,-1,-1,06/20 00:00:00 EDT,w4,0,2015-06-24 00:00:00,Contract,Contract,177500,177501,0,0,0,0,0,0,0,0,0,24456,-1,48912,0,188308,True,True,98924,0,0,0,0
2015-06-20,2015-06-20 00:00:00,BP,Channel: 50 - Commercial,WARREN OH - BUCKEYE (PLANT 9182),DIESEL,24456,171189,0,15214,0,15214,15214,114138,0,w6,15214,0,114138,48912.0,188308.0,Available,Available,200,110,-1,-1,06/21 00:00:00 EDT,w4,0,2015-06-24 00:00:00,Contract,Contract,190976,190977,0,0,0,0,0,0,0,0,0,24456,-1,48912,0,188308,True,True,114138,0,0,0,0
2015-06-21,2015-06-21 00:00:00,BP,Channel: 50 - Commercial,WARREN OH - BUCKEYE (PLANT 9182),DIESEL,24456,171189,0,7600,0,7600,7600,121738,0,w6,7600,0,121738,48912.0,188308.0,Available,Available,200,110,-1,-1,06/22 00:00:00 EDT,w4,0,2015-06-24 00:00:00,Contract,Contract,217318,217319,0,0,0,0,0,0,0,0,0,24456,-1,48912,0,188308,True,True,121738,0,0,0,0
2015-06-22,2015-06-22 00:00:00,BP,Channel: 50 - Commercial,WARREN OH - BUCKEYE (PLANT 9182),DIESEL,24456,171189,0,60823,0,60823,60823,182561,0,w6,60823,0,182561,48912.0,188308.0,Out,Out,200,110,-1,-1,06/23 00:00:00 EDT,w4,0,2015-06-24 00:00:00,Contract,Contract,239303,239304,0,0,0,0,0,0,0,0,0,24456,-1,48912,0,188308,True,True,182561,0,0,0,0
2015-06-23,2015-06-23 00:00:00,BP,Channel: 50 - Commercial,WARREN OH - BUCKEYE (PLANT 9182),DIESEL,24456,171189,0,15198,0,15198,15198,197759,0,w6,15198,0,197759,48912.0,188308.0,Available,Available,200,110,-1,-1,06/24 00:00:00 EDT,w4,0,2015-06-24 00:00:00,Contract,Contract,278194,278195,0,0,0,0,0,0,0,0,0,24456,-1,48912,0,188308,True,True,197759,0,0,0,0
2015-06-24,2015-06-24 00:00:00,BP,Channel: 50 - Commercial,WARREN OH - BUCKEYE (PLANT 9182),DIESEL,24456,171189,0,60816,0,60816,60816,60816,0,w7,60816,0,60816,48912.0,188308.0,Out,Out,200,110,-1,-1,06/25 00:00:00 EDT,w5,0,2015-07-01 00:00:00,Contract,Contract,307378,307379,0,0,0,0,0,0,0,0,0,24456,-1,48912,0,188308,True,True,60816,0,0,0,0
2015-06-25,2015-06-25 00:00:00,BP,Channel: 50 - Commercial,WARREN OH - BUCKEYE (PLANT 9182),DIESEL,24456,171189,0,15203,0,15203,15203,76019,0,w7,15203,0,76019,48912.0,188308.0,Available,Available,200,110,-1,-1,06/26 00:00:00 EDT,w5,0,2015-07-01 00:00:00,Contract,Contract,338708,338709,0,0,0,0,0,0,0,0,0,24456,-1,48912,0,188308,True,True,76019,0,0,0,0
2015-06-26,2015-06-26 00:00:00,BP,Channel: 50 - Commercial,WARREN OH - BUCKEYE (PLANT 9182),DIESEL,24456,171189,0,7608,0,7608,7608,83627,0,w7,7608,0,83627,48912.0,188308.0,Available,Available,200,110,-1,-1,06/27 00:00:00 EDT,w5,0,2015-07-01 00:00:00,Contract,Contract,369016,369017,0,0,0,0,0,0,0,0,0,24456,-1,48912,0,188308,True,True,83627,0,0,0,0
2015-06-27,2015-06-27 00:00:00,BP,Channel: 50 - Commercial,WARREN OH - BUCKEYE (PLANT 9182),DIESEL,24456,171189,0,22909,0,22909,22909,106536,0,w7,22909,0,106536,48912.0,188308.0,Available,Available,200,110,-1,-1,06/28 00:00:00 EDT,w5,0,2015-07-01 00:00:00,Contract,Contract,396098,396099,0,0,0,0,0,0,0,0,0,24456,-1,48912,0,188308,True,True,106536,0,0,0,0
2015-06-28,2015-06-28 00:00:00,BP,Channel: 50 - Commercial,WARREN OH - BUCKEYE (PLANT 9182),DIESEL,24456,171189,0,0,0,0,0,106536,0,w7,0,0,106536,48912.0,188308.0,Available,Available,200,110,-1,-1,06/29 00:00:00 EDT,w5,0,2015-07-01 00:00:00,Contract,Contract,420462,420463,0,0,0,0,0,0,0,0,0,24456,-1,48912,0,188308,True,True,106536,0,0,0,0
2015-06-29,2015-06-29 00:00:00,BP,Channel: 50 - Commercial,WARREN OH - BUCKEYE (PLANT 9182),DIESEL,24456,171189,0,38107,0,38107,38107,144643,0,w7,38107,0,144643,48912.0,188308.0,Available,Available,200,110,-1,-1,06/30 00:00:00 EDT,w5,0,2015-07-01 00:00:00,Contract,Contract,451278,451279,0,0,0,0,0,0,0,0,0,24456,-1,48912,0,188308,True,True,144643,0,0,0,0
2015-06-30,2015-06-30 00:00:00,BP,Channel: 50 - Commercial,WARREN OH - BUCKEYE (PLANT 9182),DIESEL,24456,171189,0,38310,0,38310,38310,182953,0,w7,38310,0,182953,48912.0,188308.0,Available,Available,200,110,-1,-1,07/01 00:00:00 EDT,w5,0,2015-07-01 00:00:00,Contract,Contract,477940,477941,0,0,0,0,0,0,0,0,0,24456,-1,48912,0,188308,True,True,182953,0,0,0,0
