,date,supplier_name,account_type,supplier_terminal_name,product_name,base_gallons_Daily,base_gallons_Weekly,lifted_gallons_daily_flag,lifted_gallons_daily_modified,Modified_WeeksByLiftedGallons,lifted_gallons_modified_WeeksByLiftedGallons,lifted_gallons_Daily,Lifted_actual_weekly,lifted_gallons_weekly_flag,WeeksByLiftedGallons,lifted_gallonsWeekly_modified_aposteriori,Modified_LiftedGallonsaposteriori,lifted_gallons_Weekly,beginning_gallons_Daily,beginning_gallons_Weekly,en_allocation_status_Daily,en_allocation_status_Weekly,percentage_allocation_Daily,percentage_allocation_Weekly,alerts_ratability_Daily,alerts_ratability_Weekly,next_refresh_date_Daily,Week_switch,Modified_NRD,next_refresh_date_Weekly,en_account_type_Daily,en_account_type_Weekly,staging_id_Daily,staging_id_Weekly,base_gallons_Monthly,Lifted_actual_monthly,lifted_gallons_monthly_flag,lifted_gallons_Monthly,beginning_gallons_Monthly,en_allocation_status_Monthly,percentage_allocation_Monthly,alerts_ratability_Monthly,next_refresh_date_Monthly,base_gallons_Daily_Reconciled,base_gallons_Monthly_Reconciled,beginning_gallons_Daily_Reconciled,beginning_gallons_Monthly_Reconciled,beginning_gallons_Weekly_Reconciled,sanityWeekly_CumulativeDaily_WeeksByLiftedGallons,sanityWeekly_CumulativeDaily_NextRefreshDate,computedWeekly,computedMonthly,sanityComputedMonthly,sanityMonthly_CumulativeDaily_WeeksByLiftedGallons,sanityMonthly_CumulativeDaily_WeeksByNextRefreshDate
2015-06-01,2015-06-01 00:00:00,BP,Channel: 50 - Commercial,INDIANAPOLIS IN - BP (PLANT 0452),DIESEL,254839,1783871,0,-1,0,-1,-1,-1,0,w1,-1,0,-1,509678.0,1962258.0,-1,-1,100,100,-1,-1,-1,w1,1,2015-06-03 00:00:00,-1,-1,-1,-1,0,-1,0,-1,0,-1,100,-1,-1,509678,-1,254839,0,1783871,True,True,0,0,0,1,1
2015-06-02,2015-06-02 00:00:00,BP,Channel: 50 - Commercial,INDIANAPOLIS IN - BP (PLANT 0452),DIESEL,254839,1783871,0,119264,0,119264,119264,1680337,0,w1,119264,0,1680337,509678.0,1962258.0,Available,Available,200,110,-1,-1,06/03 00:00:00 EDT,w1,0,2015-06-03 00:00:00,Contract,Contract,51,52,0,0,0,0,0,0,0,0,0,254839,-1,509678,0,1962258,False,False,0,0,0,0,0
2015-06-03,2015-06-03 00:00:00,BP,Channel: 50 - Commercial,INDIANAPOLIS IN - BP (PLANT 0452),DIESEL,263333,1843333,0,100010,0,100010,100010,100010,0,w2,100010,0,100010,526666.0,2027666.0,Available,Available,200,110,-1,-1,06/04 00:00:00 EDT,w2,0,2015-06-10 00:00:00,Contract,Contract,6046,6047,0,0,0,0,0,0,0,0,0,263333,-1,526666,0,2027666,True,True,0,0,0,0,0
2015-06-04,2015-06-04 00:00:00,BP,Channel: 50 - Commercial,INDIANAPOLIS IN - BP (PLANT 0452),DIESEL,263333,1843333,3,456533,1,456533,97878,556543,0,w2,97878,0,556543,526666.0,2027666.0,Available,Available,200,110,-1,-1,06/05 00:00:00 EDT,w2,0,2015-06-10 00:00:00,Contract,Contract,8786,8787,0,0,0,0,0,0,0,0,0,263333,-1,526666,0,2027666,True,True,0,0,0,0,0
2015-06-05,2015-06-05 00:00:00,BP,Channel: 50 - Commercial,INDIANAPOLIS IN - BP (PLANT 0452),DIESEL,263333,1843333,3,351168,1,351168,81904,907711,0,w2,81904,0,907711,526666.0,2027666.0,Available,Available,200,110,-1,-1,06/06 00:00:00 EDT,w2,0,2015-06-10 00:00:00,Contract,Contract,11468,11469,0,0,0,0,0,0,0,0,0,263333,-1,526666,0,2027666,True,True,0,0,0,0,0
2015-06-06,2015-06-06 00:00:00,BP,Channel: 50 - Commercial,INDIANAPOLIS IN - BP (PLANT 0452),DIESEL,254839,1783871,0,-1,0,-1,-1,-1,0,w3,-1,0,-1,509678.0,1962258.0,-1,-1,100,100,-1,-1,-1,w2,1,2015-06-10 00:00:00,-1,-1,-1,-1,0,-1,0,-1,0,-1,100,-1,-1,509678,-1,254839,0,1783871,True,False,0,0,0,0,0
2015-06-07,2015-06-07 00:00:00,BP,Channel: 50 - Commercial,INDIANAPOLIS IN - BP (PLANT 0452),DIESEL,254839,1783871,0,-1,0,-1,-1,-1,0,w3,-1,0,-1,509678.0,1962258.0,-1,-1,100,100,-1,-1,-1,w2,1,2015-06-10 00:00:00,-1,-1,-1,-1,0,-1,0,-1,0,-1,100,-1,-1,509678,-1,254839,0,1783871,False,False,0,0,0,0,0
2015-06-08,2015-06-08 00:00:00,BP,Channel: 50 - Commercial,INDIANAPOLIS IN - BP (PLANT 0452),DIESEL,339111,2373777,0,0,0,0,0,1464741,0,w3,0,0,1464741,678222.0,2611155.0,Available,Available,200,110,-1,-1,06/09 00:00:00 EDT,w2,0,2015-06-10 00:00:00,Contract,Contract,13961,13962,0,0,0,0,0,0,0,0,0,339111,-1,678222,0,2611155,False,False,0,0,0,0,0
2015-06-09,2015-06-09 00:00:00,BP,Channel: 50 - Commercial,INDIANAPOLIS IN - BP (PLANT 0452),DIESEL,254839,1783871,0,-1,0,-1,-1,-1,0,w4,-1,0,-1,509678.0,1962258.0,-1,-1,100,100,-1,-1,-1,w2,1,2015-06-10 00:00:00,-1,-1,-1,-1,0,-1,0,-1,0,-1,100,-1,-1,509678,-1,254839,0,1783871,True,False,0,0,0,0,0
2015-06-10,2015-06-10 00:00:00,BP,Channel: 50 - Commercial,INDIANAPOLIS IN - BP (PLANT 0452),DIESEL,339111,2373777,0,37665,0,37665,37665,37665,0,w4,37665,0,37665,678222.0,2611155.0,Available,Available,200,110,-1,-1,06/11 00:00:00 EDT,w3,0,2015-06-17 00:00:00,Contract,Contract,20596,20597,0,0,0,0,0,0,0,0,0,339111,-1,678222,0,2611155,False,True,37665,0,0,0,0
2015-06-11,2015-06-11 00:00:00,BP,Channel: 50 - Commercial,INDIANAPOLIS IN - BP (PLANT 0452),DIESEL,339111,2373777,3,511061,1,511061,108706,548726,0,w4,108706,0,548726,678222.0,2611155.0,Available,Available,200,110,-1,-1,06/12 00:00:00 EDT,w3,0,2015-06-17 00:00:00,Contract,Contract,23371,23372,0,0,0,0,0,0,0,0,0,339111,-1,678222,0,2611155,False,True,548726,0,0,0,0
2015-06-12,2015-06-12 00:00:00,BP,Channel: 50 - Commercial,INDIANAPOLIS IN - BP (PLANT 0452),DIESEL,254839,1783871,4,635356,0,-1,-1,-1,4,w5,-1,0,1184082,509678.0,1962258.0,-1,-1,100,100,-1,-1,-1,w3,1,2015-06-17 00:00:00,-1,-1,-1,-1,0,-1,0,-1,0,-1,100,-1,-1,509678,-1,254839,0,1783871,True,True,1184082,0,0,0,0
2015-06-13,2015-06-13 00:00:00,BP,Channel: 50 - Commercial,INDIANAPOLIS IN - BP (PLANT 0452),DIESEL,339111,2373777,0,283103,0,283103,283103,1467185,0,w5,283103,0,1467185,678222.0,2611155.0,Available,Available,200,110,-1,-1,06/14 00:00:00 EDT,w3,0,2015-06-17 00:00:00,Contract,Contract,51055,51056,0,0,0,0,0,0,0,0,0,339111,-1,678222,0,2611155,False,True,1467185,0,0,0,0
2015-06-14,2015-06-14 00:00:00,BP,Channel: 50 - Commercial,INDIANAPOLIS IN - BP (PLANT 0452),DIESEL,339111,2373777,0,154492,0,154492,154492,1621677,0,w5,154492,0,1621677,678222.0,2611155.0,Available,Available,200,110,-1,-1,06/15 00:00:00 EDT,w3,0,2015-06-17 00:00:00,Contract,Contract,70839,70840,0,0,0,0,0,0,0,0,0,339111,-1,678222,0,2611155,False,True,1621677,0,0,0,0
2015-06-15,2015-06-15 00:00:00,BP,Channel: 50 - Commercial,INDIANAPOLIS IN - BP (PLANT 0452),DIESEL,339111,2373777,0,388638,0,388638,388638,2010315,0,w5,388638,0,2010315,678222.0,2611155.0,Available,Available,200,110,-1,-1,06/16 00:00:00 EDT,w3,0,2015-06-17 00:00:00,Contract,Contract,101458,101459,0,0,0,0,0,0,0,0,0,339111,-1,678222,0,2611155,False,True,2010315,0,0,0,0
2015-06-16,2015-06-16 00:00:00,BP,Channel: 50 - Commercial,INDIANAPOLIS IN - BP (PLANT 0452),DIESEL,339111,2373777,0,366947,0,366947,366947,2377262,0,w5,366947,0,2377262,678222.0,2611155.0,Available,Available,200,110,-1,-1,06/17 00:00:00 EDT,w3,0,2015-06-17 00:00:00,Contract,Contract,123675,123676,0,0,0,0,0,0,0,0,0,339111,-1,678222,0,2611155,False,True,2377262,0,0,0,0
2015-06-17,2015-06-17 00:00:00,BP,Channel: 50 - Commercial,INDIANAPOLIS IN - BP (PLANT 0452),DIESEL,263333,1843333,0,484829,0,484829,484829,484829,0,w6,484829,0,484829,526666.0,2027666.0,Available,Available,200,110,-1,-1,06/18 00:00:00 EDT,w4,0,2015-06-24 00:00:00,Contract,Contract,142283,142284,0,0,0,0,0,0,0,0,0,263333,-1,526666,0,2027666,True,True,484829,0,0,0,0
2015-06-18,2015-06-18 00:00:00,BP,Channel: 50 - Commercial,INDIANAPOLIS IN - BP (PLANT 0452),DIESEL,263333,1843333,0,388933,0,388933,388933,873762,0,w6,388933,0,873762,526666.0,2027666.0,Available,Available,200,110,-1,-1,06/19 00:00:00 EDT,w4,0,2015-06-24 00:00:00,Contract,Contract,161081,161082,0,0,0,0,0,0,0,0,0,263333,-1,526666,0,2027666,True,True,873762,0,0,0,0
2015-06-19,2015-06-19 00:00:00,BP,Channel: 50 - Commercial,INDIANAPOLIS IN - BP (PLANT 0452),DIESEL,263333,1843333,3,279974,1,279974,272374,1153736,0,w6,272374,0,1153736,526666.0,2027666.0,Available,Available,200,110,-1,-1,06/20 00:00:00 EDT,w4,0,2015-06-24 00:00:00,Contract,Contract,177485,177486,0,0,0,0,0,0,0,0,0,263333,-1,526666,0,2027666,True,True,1153736,0,0,0,0
2015-06-20,2015-06-20 00:00:00,BP,Channel: 50 - Commercial,INDIANAPOLIS IN - BP (PLANT 0452),DIESEL,263333,1843333,0,130618,0,130618,130618,1284354,0,w6,130618,0,1284354,526666.0,2027666.0,Available,Available,200,110,-1,-1,06/21 00:00:00 EDT,w4,0,2015-06-24 00:00:00,Contract,Contract,190961,190962,0,0,0,0,0,0,0,0,0,263333,-1,526666,0,2027666,True,True,1284354,0,0,0,0
2015-06-21,2015-06-21 00:00:00,BP,Channel: 50 - Commercial,INDIANAPOLIS IN - BP (PLANT 0452),DIESEL,263333,1843333,0,85363,0,85363,85363,1369717,0,w6,85363,0,1369717,526666.0,2027666.0,Available,Available,200,110,-1,-1,06/22 00:00:00 EDT,w4,0,2015-06-24 00:00:00,Contract,Contract,217303,217304,0,0,0,0,0,0,0,0,0,263333,-1,526666,0,2027666,True,True,1369717,0,0,0,0
2015-06-22,2015-06-22 00:00:00,BP,Channel: 50 - Commercial,INDIANAPOLIS IN - BP (PLANT 0452),DIESEL,263333,1843333,0,239066,0,239066,239066,1608783,0,w6,239066,0,1608783,526666.0,2027666.0,Available,Available,200,110,-1,-1,06/23 00:00:00 EDT,w4,0,2015-06-24 00:00:00,Contract,Contract,239288,239289,0,0,0,0,0,0,0,0,0,263333,-1,526666,0,2027666,True,True,1608783,0,0,0,0
2015-06-23,2015-06-23 00:00:00,BP,Channel: 50 - Commercial,INDIANAPOLIS IN - BP (PLANT 0452),DIESEL,263333,1843333,3,355554,1,355554,348155,1964337,0,w6,348155,0,1964337,526666.0,2027666.0,Available,Available,200,110,-1,-1,06/24 00:00:00 EDT,w4,0,2015-06-24 00:00:00,Contract,Contract,278179,278180,0,0,0,0,0,0,0,0,0,263333,-1,526666,0,2027666,True,True,1964337,0,0,0,0
2015-06-24,2015-06-24 00:00:00,BP,Channel: 50 - Commercial,INDIANAPOLIS IN - BP (PLANT 0452),DIESEL,263333,1843333,0,369926,0,369926,369926,369926,0,w7,369926,0,369926,526666.0,2027666.0,Available,Available,200,110,-1,-1,06/25 00:00:00 EDT,w5,0,2015-07-01 00:00:00,Contract,Contract,307363,307364,0,0,0,0,0,0,0,0,0,263333,-1,526666,0,2027666,True,True,369926,0,0,0,0
2015-06-25,2015-06-25 00:00:00,BP,Channel: 50 - Commercial,INDIANAPOLIS IN - BP (PLANT 0452),DIESEL,263333,1843333,0,268926,0,268926,268926,638852,0,w7,268926,0,638852,526666.0,2027666.0,Available,Available,200,110,-1,-1,06/26 00:00:00 EDT,w5,0,2015-07-01 00:00:00,Contract,Contract,338693,338694,0,0,0,0,0,0,0,0,0,263333,-1,526666,0,2027666,True,True,638852,0,0,0,0
2015-06-26,2015-06-26 00:00:00,BP,Channel: 50 - Commercial,INDIANAPOLIS IN - BP (PLANT 0452),DIESEL,263333,1843333,0,283656,0,283656,283656,922508,0,w7,283656,0,922508,526666.0,2027666.0,Available,Available,200,110,-1,-1,06/27 00:00:00 EDT,w5,0,2015-07-01 00:00:00,Contract,Contract,369001,369002,0,0,0,0,0,0,0,0,0,263333,-1,526666,0,2027666,True,True,922508,0,0,0,0
2015-06-27,2015-06-27 00:00:00,BP,Channel: 50 - Commercial,INDIANAPOLIS IN - BP (PLANT 0452),DIESEL,263333,1843333,3,213297,1,213297,205798,1135805,0,w7,205798,0,1135805,526666.0,2027666.0,Available,Available,200,110,-1,-1,06/28 00:00:00 EDT,w5,0,2015-07-01 00:00:00,Contract,Contract,396083,396084,0,0,0,0,0,0,0,0,0,263333,-1,526666,0,2027666,True,True,1135805,0,0,0,0
2015-06-28,2015-06-28 00:00:00,BP,Channel: 50 - Commercial,INDIANAPOLIS IN - BP (PLANT 0452),DIESEL,263333,1843333,0,158941,0,158941,158941,1294746,0,w7,158941,0,1294746,526666.0,2027666.0,Available,Available,200,110,-1,-1,06/29 00:00:00 EDT,w5,0,2015-07-01 00:00:00,Contract,Contract,420447,420448,0,0,0,0,0,0,0,0,0,263333,-1,526666,0,2027666,True,True,1294746,0,0,0,0
2015-06-29,2015-06-29 00:00:00,BP,Channel: 50 - Commercial,INDIANAPOLIS IN - BP (PLANT 0452),DIESEL,263333,1843333,0,269190,0,269190,269190,1563936,0,w7,269190,0,1563936,526666.0,2027666.0,Available,Available,200,110,-1,-1,06/30 00:00:00 EDT,w5,0,2015-07-01 00:00:00,Contract,Contract,451263,451264,0,0,0,0,0,0,0,0,0,263333,-1,526666,0,2027666,True,True,1563936,0,0,0,0
2015-06-30,2015-06-30 00:00:00,BP,Channel: 50 - Commercial,INDIANAPOLIS IN - BP (PLANT 0452),DIESEL,263333,1843333,0,438864,0,438864,438864,2002800,0,w7,438864,0,2002800,526666.0,2027666.0,Available,Available,200,110,-1,-1,07/01 00:00:00 EDT,w5,0,2015-07-01 00:00:00,Contract,Contract,477925,477926,0,0,0,0,0,0,0,0,0,263333,-1,526666,0,2027666,True,True,2002800,0,0,0,0
