,date,supplier_name,account_type,supplier_terminal_name,product_name,base_gallons_Daily,base_gallons_Weekly,lifted_gallons_daily_flag,lifted_gallons_daily_modified,Modified_WeeksByLiftedGallons,lifted_gallons_modified_WeeksByLiftedGallons,lifted_gallons_Daily,Lifted_actual_weekly,lifted_gallons_weekly_flag,WeeksByLiftedGallons,lifted_gallonsWeekly_modified_aposteriori,Modified_LiftedGallonsaposteriori,lifted_gallons_Weekly,beginning_gallons_Daily,beginning_gallons_Weekly,en_allocation_status_Daily,en_allocation_status_Weekly,percentage_allocation_Daily,percentage_allocation_Weekly,alerts_ratability_Daily,alerts_ratability_Weekly,next_refresh_date_Daily,Week_switch,Modified_NRD,next_refresh_date_Weekly,en_account_type_Daily,en_account_type_Weekly,staging_id_Daily,staging_id_Weekly,base_gallons_Monthly,Lifted_actual_monthly,lifted_gallons_monthly_flag,lifted_gallons_Monthly,beginning_gallons_Monthly,en_allocation_status_Monthly,percentage_allocation_Monthly,alerts_ratability_Monthly,next_refresh_date_Monthly,base_gallons_Daily_Reconciled,base_gallons_Monthly_Reconciled,beginning_gallons_Daily_Reconciled,beginning_gallons_Monthly_Reconciled,beginning_gallons_Weekly_Reconciled,sanityWeekly_CumulativeDaily_WeeksByLiftedGallons,sanityWeekly_CumulativeDaily_NextRefreshDate,computedWeekly,computedMonthly,sanityComputedMonthly,sanityMonthly_CumulativeDaily_WeeksByLiftedGallons,sanityMonthly_CumulativeDaily_WeeksByNextRefreshDate
2015-06-01,2015-06-01 00:00:00,BP,Channel: 50 - Commercial,WHITING IN - BP (PLANT 0453),REGULAR,5771,40396,0,-1,0,-1,-1,-1,0,w1,-1,0,-1,11542.0,44436.0,-1,-1,100,100,-1,-1,-1,w1,1,2015-06-03 00:00:00,-1,-1,-1,-1,0,-1,0,-1,0,-1,100,-1,-1,11542,-1,5771,0,40396,True,True,0,0,0,1,1
2015-06-02,2015-06-02 00:00:00,BP,Channel: 50 - Commercial,WHITING IN - BP (PLANT 0453),REGULAR,5771,40396,0,0,0,0,0,0,0,w1,0,0,0,11542.0,44436.0,Available,Available,200,110,-1,-1,06/03 00:00:00 CDT,w1,0,2015-06-03 00:00:00,Contract,Contract,71,72,0,0,0,0,0,0,0,0,0,5771,-1,11542,0,44436,False,False,0,0,0,0,0
2015-06-03,2015-06-03 00:00:00,BP,Channel: 50 - Commercial,WHITING IN - BP (PLANT 0453),REGULAR,5771,40396,0,0,0,0,0,0,0,w1,0,0,0,11542.0,44436.0,Available,Available,200,110,-1,-1,06/04 00:00:00 CDT,w2,0,2015-06-10 00:00:00,Contract,Contract,6066,6067,0,0,0,0,0,0,0,0,0,5771,-1,11542,0,44436,False,True,0,0,0,0,0
2015-06-04,2015-06-04 00:00:00,BP,Channel: 50 - Commercial,WHITING IN - BP (PLANT 0453),REGULAR,5771,40396,3,13097,1,13097,0,13097,0,w1,0,0,13097,11542.0,44436.0,Available,Available,200,110,-1,-1,06/05 00:00:00 CDT,w2,0,2015-06-10 00:00:00,Contract,Contract,8806,8807,0,0,0,0,0,0,0,0,0,5771,-1,11542,0,44436,False,True,0,0,0,0,0
2015-06-05,2015-06-05 00:00:00,BP,Channel: 50 - Commercial,WHITING IN - BP (PLANT 0453),REGULAR,5771,40396,3,5705,1,5705,0,18802,0,w1,0,0,18802,11542.0,44436.0,Available,Available,200,110,-1,-1,06/06 00:00:00 CDT,w2,0,2015-06-10 00:00:00,Contract,Contract,11488,11489,0,0,0,0,0,0,0,0,0,5771,-1,11542,0,44436,False,True,0,0,0,0,0
2015-06-06,2015-06-06 00:00:00,BP,Channel: 50 - Commercial,WHITING IN - BP (PLANT 0453),REGULAR,5771,40396,0,-1,0,-1,-1,-1,0,w2,-1,0,-1,11542.0,44436.0,-1,-1,100,100,-1,-1,-1,w2,1,2015-06-10 00:00:00,-1,-1,-1,-1,0,-1,0,-1,0,-1,100,-1,-1,11542,-1,5771,0,40396,True,False,0,0,0,0,0
2015-06-07,2015-06-07 00:00:00,BP,Channel: 50 - Commercial,WHITING IN - BP (PLANT 0453),REGULAR,5771,40396,0,-1,0,-1,-1,-1,0,w2,-1,0,-1,11542.0,44436.0,-1,-1,100,100,-1,-1,-1,w2,1,2015-06-10 00:00:00,-1,-1,-1,-1,0,-1,0,-1,0,-1,100,-1,-1,11542,-1,5771,0,40396,False,False,0,0,0,0,0
2015-06-08,2015-06-08 00:00:00,BP,Channel: 50 - Commercial,WHITING IN - BP (PLANT 0453),REGULAR,5771,40396,0,0,0,0,0,26408,0,w2,0,0,26408,11542.0,44436.0,Available,Available,200,110,-1,-1,06/08 00:00:00 CDT,w2,0,2015-06-10 00:00:00,Contract,Contract,13980,13981,0,0,0,0,0,0,0,0,0,5771,-1,11542,0,44436,False,False,0,0,0,0,0
2015-06-09,2015-06-09 00:00:00,BP,Channel: 50 - Commercial,WHITING IN - BP (PLANT 0453),REGULAR,5771,40396,4,7401,0,-1,-1,-1,4,w3,-1,0,33809,11542.0,44436.0,-1,-1,100,100,-1,-1,-1,w2,1,2015-06-10 00:00:00,-1,-1,-1,-1,0,-1,0,-1,0,-1,100,-1,-1,11542,-1,5771,0,40396,True,False,0,0,0,0,0
2015-06-10,2015-06-10 00:00:00,BP,Channel: 50 - Commercial,WHITING IN - BP (PLANT 0453),REGULAR,5771,40396,0,8703,0,8703,8703,42512,0,w3,8703,0,42512,11542.0,44436.0,Available,Available,200,110,-1,-1,06/10 00:00:00 CDT,w2,0,2015-06-10 00:00:00,Contract,Contract,20615,20616,0,0,0,0,0,0,0,0,0,5771,-1,11542,0,44436,False,False,0,0,0,0,0
2015-06-11,2015-06-11 00:00:00,BP,Channel: 50 - Commercial,WHITING IN - BP (PLANT 0453),REGULAR,5771,40396,3,7197,1,7197,0,7197,0,w4,0,0,7197,11542.0,44436.0,Available,Available,200,110,-1,-1,06/12 00:00:00 CDT,w3,0,2015-06-17 00:00:00,Contract,Contract,23390,23391,0,0,0,0,0,0,0,0,0,5771,-1,11542,0,44436,True,True,7197,0,0,0,0
2015-06-12,2015-06-12 00:00:00,BP,Channel: 50 - Commercial,WHITING IN - BP (PLANT 0453),REGULAR,5771,40396,4,16305,0,-1,-1,-1,4,w5,-1,0,23502,11542.0,44436.0,-1,-1,100,100,-1,-1,-1,w3,1,2015-06-17 00:00:00,-1,-1,-1,-1,0,-1,0,-1,0,-1,100,-1,-1,11542,-1,5771,0,40396,True,True,23502,0,0,0,0
2015-06-13,2015-06-13 00:00:00,BP,Channel: 50 - Commercial,WHITING IN - BP (PLANT 0453),REGULAR,5771,40396,0,0,0,0,0,23502,0,w5,0,0,23502,11542.0,44436.0,Available,Available,200,110,-1,-1,06/14 00:00:00 CDT,w3,0,2015-06-17 00:00:00,Contract,Contract,51074,51075,0,0,0,0,0,0,0,0,0,5771,-1,11542,0,44436,False,True,23502,0,0,0,0
2015-06-14,2015-06-14 00:00:00,BP,Channel: 50 - Commercial,WHITING IN - BP (PLANT 0453),REGULAR,5771,40396,0,0,0,0,0,23502,0,w5,0,0,23502,11542.0,44436.0,Available,Available,200,110,-1,-1,06/15 00:00:00 CDT,w3,0,2015-06-17 00:00:00,Contract,Contract,70858,70859,0,0,0,0,0,0,0,0,0,5771,-1,11542,0,44436,False,True,23502,0,0,0,0
2015-06-15,2015-06-15 00:00:00,BP,Channel: 50 - Commercial,WHITING IN - BP (PLANT 0453),REGULAR,5771,40396,0,0,0,0,0,23502,0,w5,0,0,23502,11542.0,44436.0,Available,Available,200,110,-1,-1,06/16 00:00:00 CDT,w3,0,2015-06-17 00:00:00,Contract,Contract,101476,101477,0,0,0,0,0,0,0,0,0,5771,-1,11542,0,44436,False,True,23502,0,0,0,0
2015-06-16,2015-06-16 00:00:00,BP,Channel: 50 - Commercial,WHITING IN - BP (PLANT 0453),REGULAR,5771,40396,0,7412,0,7412,7412,30914,0,w5,7412,0,30914,11542.0,44436.0,Available,Available,200,110,-1,-1,06/17 00:00:00 CDT,w3,0,2015-06-17 00:00:00,Contract,Contract,123695,123696,0,0,0,0,0,0,0,0,0,5771,-1,11542,0,44436,False,True,30914,0,0,0,0
2015-06-17,2015-06-17 00:00:00,BP,Channel: 50 - Commercial,WHITING IN - BP (PLANT 0453),REGULAR,5771,40396,0,8901,0,8901,8901,8901,0,w6,8901,0,8901,11542.0,44436.0,Available,Available,200,110,-1,-1,06/18 00:00:00 CDT,w4,0,2015-06-24 00:00:00,Contract,Contract,142303,142304,0,0,0,0,0,0,0,0,0,5771,-1,11542,0,44436,True,True,8901,0,0,0,0
2015-06-18,2015-06-18 00:00:00,BP,Channel: 50 - Commercial,WHITING IN - BP (PLANT 0453),REGULAR,5771,40396,0,0,0,0,0,8901,0,w6,0,0,8901,11542.0,44436.0,Available,Available,200,110,-1,-1,06/19 00:00:00 CDT,w4,0,2015-06-24 00:00:00,Contract,Contract,161101,161102,0,0,0,0,0,0,0,0,0,5771,-1,11542,0,44436,True,True,8901,0,0,0,0
2015-06-19,2015-06-19 00:00:00,BP,Channel: 50 - Commercial,WHITING IN - BP (PLANT 0453),REGULAR,5771,40396,0,9704,0,9704,9704,18605,0,w6,9704,0,18605,11542.0,44436.0,Available,Available,200,110,-1,-1,06/20 00:00:00 CDT,w4,0,2015-06-24 00:00:00,Contract,Contract,177505,177506,0,0,0,0,0,0,0,0,0,5771,-1,11542,0,44436,True,True,18605,0,0,0,0
2015-06-20,2015-06-20 00:00:00,BP,Channel: 50 - Commercial,WHITING IN - BP (PLANT 0453),REGULAR,5771,40396,0,8000,0,8000,8000,26605,0,w6,8000,0,26605,11542.0,44436.0,Available,Available,200,110,-1,-1,06/21 00:00:00 CDT,w4,0,2015-06-24 00:00:00,Contract,Contract,190981,190982,0,0,0,0,0,0,0,0,0,5771,-1,11542,0,44436,True,True,26605,0,0,0,0
2015-06-21,2015-06-21 00:00:00,BP,Channel: 50 - Commercial,WHITING IN - BP (PLANT 0453),REGULAR,5771,40396,0,0,0,0,0,26605,0,w6,0,0,26605,11542.0,44436.0,Available,Available,200,110,-1,-1,06/22 00:00:00 CDT,w4,0,2015-06-24 00:00:00,Contract,Contract,217323,217324,0,0,0,0,0,0,0,0,0,5771,-1,11542,0,44436,True,True,26605,0,0,0,0
2015-06-22,2015-06-22 00:00:00,BP,Channel: 50 - Commercial,WHITING IN - BP (PLANT 0453),REGULAR,5771,40396,0,8902,0,8902,8902,35507,0,w6,8902,0,35507,11542.0,44436.0,Available,Available,200,110,-1,-1,06/23 00:00:00 CDT,w4,0,2015-06-24 00:00:00,Contract,Contract,239308,239309,0,0,0,0,0,0,0,0,0,5771,-1,11542,0,44436,True,True,35507,0,0,0,0
2015-06-23,2015-06-23 00:00:00,BP,Channel: 50 - Commercial,WHITING IN - BP (PLANT 0453),REGULAR,5771,40396,0,0,0,0,0,35507,0,w6,0,0,35507,11542.0,44436.0,Available,Available,200,110,-1,-1,06/24 00:00:00 CDT,w4,0,2015-06-24 00:00:00,Contract,Contract,278199,278200,0,0,0,0,0,0,0,0,0,5771,-1,11542,0,44436,True,True,35507,0,0,0,0
2015-06-24,2015-06-24 00:00:00,BP,Channel: 50 - Commercial,WHITING IN - BP (PLANT 0453),REGULAR,5771,40396,0,7301,0,7301,7301,7301,0,w7,7301,0,7301,11542.0,44436.0,Available,Available,200,110,-1,-1,06/25 00:00:00 CDT,w5,0,2015-07-01 00:00:00,Contract,Contract,307383,307384,0,0,0,0,0,0,0,0,0,5771,-1,11542,0,44436,True,True,7301,0,0,0,0
2015-06-25,2015-06-25 00:00:00,BP,Channel: 50 - Commercial,WHITING IN - BP (PLANT 0453),REGULAR,5771,40396,0,6998,0,6998,6998,14299,0,w7,6998,0,14299,11542.0,44436.0,Available,Available,200,110,-1,-1,06/26 00:00:00 CDT,w5,0,2015-07-01 00:00:00,Contract,Contract,338713,338714,0,0,0,0,0,0,0,0,0,5771,-1,11542,0,44436,True,True,14299,0,0,0,0
2015-06-26,2015-06-26 00:00:00,BP,Channel: 50 - Commercial,WHITING IN - BP (PLANT 0453),REGULAR,5771,40396,0,0,0,0,0,14299,0,w7,0,0,14299,11542.0,44436.0,Available,Available,200,110,-1,-1,06/27 00:00:00 CDT,w5,0,2015-07-01 00:00:00,Contract,Contract,369021,369022,0,0,0,0,0,0,0,0,0,5771,-1,11542,0,44436,True,True,14299,0,0,0,0
2015-06-27,2015-06-27 00:00:00,BP,Channel: 50 - Commercial,WHITING IN - BP (PLANT 0453),REGULAR,5771,40396,0,8405,0,8405,8405,22704,0,w7,8405,0,22704,11542.0,44436.0,Available,Available,200,110,-1,-1,06/28 00:00:00 CDT,w5,0,2015-07-01 00:00:00,Contract,Contract,396103,396104,0,0,0,0,0,0,0,0,0,5771,-1,11542,0,44436,True,True,22704,0,0,0,0
2015-06-28,2015-06-28 00:00:00,BP,Channel: 50 - Commercial,WHITING IN - BP (PLANT 0453),REGULAR,5771,40396,0,0,0,0,0,22704,0,w7,0,0,22704,11542.0,44436.0,Available,Available,200,110,-1,-1,06/29 00:00:00 CDT,w5,0,2015-07-01 00:00:00,Contract,Contract,420467,420468,0,0,0,0,0,0,0,0,0,5771,-1,11542,0,44436,True,True,22704,0,0,0,0
2015-06-29,2015-06-29 00:00:00,BP,Channel: 50 - Commercial,WHITING IN - BP (PLANT 0453),REGULAR,5771,40396,0,0,0,0,0,22704,0,w7,0,0,22704,11542.0,44436.0,Available,Available,200,110,-1,-1,06/30 00:00:00 CDT,w5,0,2015-07-01 00:00:00,Contract,Contract,451283,451284,0,0,0,0,0,0,0,0,0,5771,-1,11542,0,44436,True,True,22704,0,0,0,0
2015-06-30,2015-06-30 00:00:00,BP,Channel: 50 - Commercial,WHITING IN - BP (PLANT 0453),REGULAR,5771,40396,0,14400,0,14400,14400,37104,0,w7,14400,0,37104,11542.0,44436.0,Out,Out,200,110,-1,-1,07/01 00:00:00 CDT,w5,0,2015-07-01 00:00:00,Contract,Contract,477945,477946,0,0,0,0,0,0,0,0,0,5771,-1,11542,0,44436,True,True,37104,0,0,0,0
