,date,supplier_name,account_type,supplier_terminal_name,product_name,base_gallons_Daily,base_gallons_Weekly,lifted_gallons_daily_flag,lifted_gallons_daily_modified,Modified_WeeksByLiftedGallons,lifted_gallons_modified_WeeksByLiftedGallons,lifted_gallons_Daily,Lifted_actual_weekly,lifted_gallons_weekly_flag,WeeksByLiftedGallons,lifted_gallonsWeekly_modified_aposteriori,Modified_LiftedGallonsaposteriori,lifted_gallons_Weekly,beginning_gallons_Daily,beginning_gallons_Weekly,en_allocation_status_Daily,en_allocation_status_Weekly,percentage_allocation_Daily,percentage_allocation_Weekly,alerts_ratability_Daily,alerts_ratability_Weekly,next_refresh_date_Daily,Week_switch,Modified_NRD,next_refresh_date_Weekly,en_account_type_Daily,en_account_type_Weekly,staging_id_Daily,staging_id_Weekly,base_gallons_Monthly,Lifted_actual_monthly,lifted_gallons_monthly_flag,lifted_gallons_Monthly,beginning_gallons_Monthly,en_allocation_status_Monthly,percentage_allocation_Monthly,alerts_ratability_Monthly,next_refresh_date_Monthly,base_gallons_Daily_Reconciled,base_gallons_Monthly_Reconciled,beginning_gallons_Daily_Reconciled,beginning_gallons_Monthly_Reconciled,beginning_gallons_Weekly_Reconciled,sanityWeekly_CumulativeDaily_WeeksByLiftedGallons,sanityWeekly_CumulativeDaily_NextRefreshDate,computedWeekly,computedMonthly,sanityComputedMonthly,sanityMonthly_CumulativeDaily_WeeksByLiftedGallons,sanityMonthly_CumulativeDaily_WeeksByNextRefreshDate
2015-06-01,2015-06-01 00:00:00,BP,Channel: 50 - Commercial,CANTON OH - BUCKEYE (PLANT 9180),REGULAR,27200,190401,0,-1,0,-1,-1,-1,0,w1,-1,0,-1,54400.0,209441.0,-1,-1,100,100,-1,-1,-1,w1,1,2015-06-03 00:00:00,-1,-1,-1,-1,0,-1,0,-1,0,-1,100,-1,-1,54400,-1,27200,0,190401,True,True,0,0,0,1,1
2015-06-02,2015-06-02 00:00:00,BP,Channel: 50 - Commercial,CANTON OH - BUCKEYE (PLANT 9180),REGULAR,27200,190401,0,0,0,0,0,225166,0,w1,0,0,225166,54400.0,209441.0,Out,Out,200,110,-1,-1,06/03 00:00:00 EDT,w1,0,2015-06-03 00:00:00,Contract,Contract,36,37,0,0,0,0,0,0,0,0,0,27200,-1,54400,0,209441,False,False,0,0,0,0,0
2015-06-03,2015-06-03 00:00:00,BP,Channel: 50 - Commercial,CANTON OH - BUCKEYE (PLANT 9180),REGULAR,27373,191612,0,39805,0,39805,39805,39805,0,w2,39805,0,39805,54746.0,210773.0,Available,Available,200,110,-1,-1,06/04 00:00:00 EDT,w2,0,2015-06-10 00:00:00,Contract,Contract,6031,6032,0,0,0,0,0,0,0,0,0,27373,-1,54746,0,210773,True,True,0,0,0,0,0
2015-06-04,2015-06-04 00:00:00,BP,Channel: 50 - Commercial,CANTON OH - BUCKEYE (PLANT 9180),REGULAR,27373,191612,3,32901,1,32901,0,72706,0,w2,0,0,72706,54746.0,210773.0,Available,Available,200,110,-1,-1,06/05 00:00:00 EDT,w2,0,2015-06-10 00:00:00,Contract,Contract,8776,8777,0,0,0,0,0,0,0,0,0,27373,-1,54746,0,210773,True,True,0,0,0,0,0
2015-06-05,2015-06-05 00:00:00,BP,Channel: 50 - Commercial,CANTON OH - BUCKEYE (PLANT 9180),REGULAR,27373,191612,3,74419,1,74419,16306,147125,0,w2,16306,0,147125,54746.0,210773.0,Available,Available,200,110,-1,-1,06/06 00:00:00 EDT,w2,0,2015-06-10 00:00:00,Contract,Contract,11458,11459,0,0,0,0,0,0,0,0,0,27373,-1,54746,0,210773,True,True,0,0,0,0,0
2015-06-06,2015-06-06 00:00:00,BP,Channel: 50 - Commercial,CANTON OH - BUCKEYE (PLANT 9180),REGULAR,27200,190401,0,-1,0,-1,-1,-1,0,w3,-1,0,-1,54400.0,209441.0,-1,-1,100,100,-1,-1,-1,w2,1,2015-06-10 00:00:00,-1,-1,-1,-1,0,-1,0,-1,0,-1,100,-1,-1,54400,-1,27200,0,190401,True,False,0,0,0,0,0
2015-06-07,2015-06-07 00:00:00,BP,Channel: 50 - Commercial,CANTON OH - BUCKEYE (PLANT 9180),REGULAR,27200,190401,0,-1,0,-1,-1,-1,0,w3,-1,0,-1,54400.0,209441.0,-1,-1,100,100,-1,-1,-1,w2,1,2015-06-10 00:00:00,-1,-1,-1,-1,0,-1,0,-1,0,-1,100,-1,-1,54400,-1,27200,0,190401,False,False,0,0,0,0,0
2015-06-08,2015-06-08 00:00:00,BP,Channel: 50 - Commercial,CANTON OH - BUCKEYE (PLANT 9180),REGULAR,27373,191612,0,0,0,0,0,236847,0,w3,0,0,236847,54746.0,210773.0,Out,Out,200,110,-1,-1,06/09 00:00:00 EDT,w2,0,2015-06-10 00:00:00,Contract,Contract,13948,13949,0,0,0,0,0,0,0,0,0,27373,-1,54746,0,210773,False,False,0,0,0,0,0
2015-06-09,2015-06-09 00:00:00,BP,Channel: 50 - Commercial,CANTON OH - BUCKEYE (PLANT 9180),REGULAR,27200,190401,0,-1,0,-1,-1,-1,0,w4,-1,0,-1,54400.0,209441.0,-1,-1,100,100,-1,-1,-1,w2,1,2015-06-10 00:00:00,-1,-1,-1,-1,0,-1,0,-1,0,-1,100,-1,-1,54400,-1,27200,0,190401,True,False,0,0,0,0,0
2015-06-10,2015-06-10 00:00:00,BP,Channel: 50 - Commercial,CANTON OH - BUCKEYE (PLANT 9180),REGULAR,27373,191612,0,0,0,0,0,0,0,w4,0,0,0,54746.0,210773.0,Available,Available,200,110,-1,-1,06/11 00:00:00 EDT,w3,0,2015-06-17 00:00:00,Contract,Contract,20584,20585,0,0,0,0,0,0,0,0,0,27373,-1,54746,0,210773,False,True,0,0,0,0,0
2015-06-11,2015-06-11 00:00:00,BP,Channel: 50 - Commercial,CANTON OH - BUCKEYE (PLANT 9180),REGULAR,27373,191612,3,67413,1,67413,0,67413,0,w4,0,0,67413,54746.0,210773.0,Available,Available,200,110,-1,-1,06/12 00:00:00 EDT,w3,0,2015-06-17 00:00:00,Contract,Contract,23359,23360,0,0,0,0,0,0,0,0,0,27373,-1,54746,0,210773,False,True,67413,0,0,0,0
2015-06-12,2015-06-12 00:00:00,BP,Channel: 50 - Commercial,CANTON OH - BUCKEYE (PLANT 9180),REGULAR,27200,190401,4,79116,0,-1,-1,-1,4,w5,-1,0,146529,54400.0,209441.0,-1,-1,100,100,-1,-1,-1,w3,1,2015-06-17 00:00:00,-1,-1,-1,-1,0,-1,0,-1,0,-1,100,-1,-1,54400,-1,27200,0,190401,True,True,146529,0,0,0,0
2015-06-13,2015-06-13 00:00:00,BP,Channel: 50 - Commercial,CANTON OH - BUCKEYE (PLANT 9180),REGULAR,27373,191612,0,33909,0,33909,33909,180438,0,w5,33909,0,180438,54746.0,210773.0,Available,Available,200,110,-1,-1,06/14 00:00:00 EDT,w3,0,2015-06-17 00:00:00,Contract,Contract,51042,51043,0,0,0,0,0,0,0,0,0,27373,-1,54746,0,210773,False,True,180438,0,0,0,0
2015-06-14,2015-06-14 00:00:00,BP,Channel: 50 - Commercial,CANTON OH - BUCKEYE (PLANT 9180),REGULAR,27373,191612,0,34110,0,34110,34110,214548,0,w5,34110,0,214548,54746.0,210773.0,Out,Out,200,110,-1,-1,06/15 00:00:00 EDT,w3,0,2015-06-17 00:00:00,Contract,Contract,70826,70827,0,0,0,0,0,0,0,0,0,27373,-1,54746,0,210773,False,True,214548,0,0,0,0
2015-06-15,2015-06-15 00:00:00,BP,Channel: 50 - Commercial,CANTON OH - BUCKEYE (PLANT 9180),REGULAR,27373,191612,0,7601,0,7601,7601,222149,0,w5,7601,0,222149,54746.0,210773.0,Available,Available,200,110,-1,-1,06/16 00:00:00 EDT,w3,0,2015-06-17 00:00:00,Contract,Contract,101448,101449,0,0,0,0,0,0,0,0,0,27373,-1,54746,0,210773,False,True,222149,0,0,0,0
2015-06-16,2015-06-16 00:00:00,BP,Channel: 50 - Commercial,CANTON OH - BUCKEYE (PLANT 9180),REGULAR,27373,191612,0,7303,0,7303,7303,229452,0,w5,7303,0,229452,54746.0,210773.0,Out,Out,200,110,-1,-1,06/17 00:00:00 EDT,w3,0,2015-06-17 00:00:00,Contract,Contract,123664,123665,0,0,0,0,0,0,0,0,0,27373,-1,54746,0,210773,False,True,229452,0,0,0,0
2015-06-17,2015-06-17 00:00:00,BP,Channel: 50 - Commercial,CANTON OH - BUCKEYE (PLANT 9180),REGULAR,27373,191612,0,58609,0,58609,58609,58609,0,w6,58609,0,58609,54746.0,210773.0,Out,Out,200,110,-1,-1,06/18 00:00:00 EDT,w4,0,2015-06-24 00:00:00,Contract,Contract,142272,142273,0,0,0,0,0,0,0,0,0,27373,-1,54746,0,210773,True,True,58609,0,0,0,0
2015-06-18,2015-06-18 00:00:00,BP,Channel: 50 - Commercial,CANTON OH - BUCKEYE (PLANT 9180),REGULAR,27373,191612,0,42407,0,42407,42407,101016,0,w6,42407,0,101016,54746.0,210773.0,Available,Available,200,110,-1,-1,06/19 00:00:00 EDT,w4,0,2015-06-24 00:00:00,Contract,Contract,161070,161071,0,0,0,0,0,0,0,0,0,27373,-1,54746,0,210773,True,True,101016,0,0,0,0
2015-06-19,2015-06-19 00:00:00,BP,Channel: 50 - Commercial,CANTON OH - BUCKEYE (PLANT 9180),REGULAR,27373,191612,0,48617,0,48617,48617,149633,0,w6,48617,0,149633,54746.0,210773.0,Available,Available,200,110,-1,-1,06/20 00:00:00 EDT,w4,0,2015-06-24 00:00:00,Contract,Contract,177474,177475,0,0,0,0,0,0,0,0,0,27373,-1,54746,0,210773,True,True,149633,0,0,0,0
2015-06-20,2015-06-20 00:00:00,BP,Channel: 50 - Commercial,CANTON OH - BUCKEYE (PLANT 9180),REGULAR,27373,191612,0,32008,0,32008,32008,181641,0,w6,32008,0,181641,54746.0,210773.0,Available,Available,200,110,-1,-1,06/21 00:00:00 EDT,w4,0,2015-06-24 00:00:00,Contract,Contract,190947,190948,0,0,0,0,0,0,0,0,0,27373,-1,54746,0,210773,True,True,181641,0,0,0,0
2015-06-21,2015-06-21 00:00:00,BP,Channel: 50 - Commercial,CANTON OH - BUCKEYE (PLANT 9180),REGULAR,27373,191612,0,25312,0,25312,25312,206953,0,w6,25312,0,206953,54746.0,210773.0,Available,Available,200,110,-1,-1,06/22 00:00:00 EDT,w4,0,2015-06-24 00:00:00,Contract,Contract,217289,217290,0,0,0,0,0,0,0,0,0,27373,-1,54746,0,210773,True,True,206953,0,0,0,0
2015-06-22,2015-06-22 00:00:00,BP,Channel: 50 - Commercial,CANTON OH - BUCKEYE (PLANT 9180),REGULAR,27373,191612,0,16609,0,16609,16609,223562,0,w6,16609,0,223562,54746.0,210773.0,Available,Available,200,110,-1,-1,06/23 00:00:00 EDT,w4,0,2015-06-24 00:00:00,Contract,Contract,239278,239279,0,0,0,0,0,0,0,0,0,27373,-1,54746,0,210773,True,True,223562,0,0,0,0
2015-06-23,2015-06-23 00:00:00,BP,Channel: 50 - Commercial,CANTON OH - BUCKEYE (PLANT 9180),REGULAR,27373,191612,0,8501,0,8501,8501,232063,0,w6,8501,0,232063,54746.0,210773.0,Out,Out,200,110,-1,-1,06/24 00:00:00 EDT,w4,0,2015-06-24 00:00:00,Contract,Contract,278169,278170,0,0,0,0,0,0,0,0,0,27373,-1,54746,0,210773,True,True,232063,0,0,0,0
2015-06-24,2015-06-24 00:00:00,BP,Channel: 50 - Commercial,CANTON OH - BUCKEYE (PLANT 9180),REGULAR,27373,191612,0,8500,0,8500,8500,8500,0,w7,8500,0,8500,54746.0,210773.0,Available,Available,200,110,-1,-1,06/25 00:00:00 EDT,w5,0,2015-07-01 00:00:00,Contract,Contract,307353,307354,0,0,0,0,0,0,0,0,0,27373,-1,54746,0,210773,True,True,8500,0,0,0,0
2015-06-25,2015-06-25 00:00:00,BP,Channel: 50 - Commercial,CANTON OH - BUCKEYE (PLANT 9180),REGULAR,27373,191612,0,0,0,0,0,8500,0,w7,0,0,8500,54746.0,210773.0,Available,Available,200,110,-1,-1,06/26 00:00:00 EDT,w5,0,2015-07-01 00:00:00,Contract,Contract,338682,338683,0,0,0,0,0,0,0,0,0,27373,-1,54746,0,210773,True,True,8500,0,0,0,0
2015-06-26,2015-06-26 00:00:00,BP,Channel: 50 - Commercial,CANTON OH - BUCKEYE (PLANT 9180),REGULAR,27373,191612,0,23674,0,23674,23674,32174,0,w7,23674,0,32174,54746.0,210773.0,Available,Available,200,110,-1,-1,06/27 00:00:00 EDT,w5,0,2015-07-01 00:00:00,Contract,Contract,368990,368991,0,0,0,0,0,0,0,0,0,27373,-1,54746,0,210773,True,True,32174,0,0,0,0
2015-06-27,2015-06-27 00:00:00,BP,Channel: 50 - Commercial,CANTON OH - BUCKEYE (PLANT 9180),REGULAR,27373,191612,0,13199,0,13199,13199,45373,0,w7,13199,0,45373,54746.0,210773.0,Available,Available,200,110,-1,-1,06/28 00:00:00 EDT,w5,0,2015-07-01 00:00:00,Contract,Contract,396072,396073,0,0,0,0,0,0,0,0,0,27373,-1,54746,0,210773,True,True,45373,0,0,0,0
2015-06-28,2015-06-28 00:00:00,BP,Channel: 50 - Commercial,CANTON OH - BUCKEYE (PLANT 9180),REGULAR,27373,191612,0,0,0,0,0,45373,0,w7,0,0,45373,54746.0,210773.0,Available,Available,200,110,-1,-1,06/29 00:00:00 EDT,w5,0,2015-07-01 00:00:00,Contract,Contract,420433,420434,0,0,0,0,0,0,0,0,0,27373,-1,54746,0,210773,True,True,45373,0,0,0,0
2015-06-29,2015-06-29 00:00:00,BP,Channel: 50 - Commercial,CANTON OH - BUCKEYE (PLANT 9180),REGULAR,27373,191612,0,33716,0,33716,33716,79089,0,w7,33716,0,79089,54746.0,210773.0,Available,Available,200,110,-1,-1,06/30 00:00:00 EDT,w5,0,2015-07-01 00:00:00,Contract,Contract,451249,451250,0,0,0,0,0,0,0,0,0,27373,-1,54746,0,210773,True,True,79089,0,0,0,0
2015-06-30,2015-06-30 00:00:00,BP,Channel: 50 - Commercial,CANTON OH - BUCKEYE (PLANT 9180),REGULAR,27373,191612,0,41407,0,41407,41407,120496,0,w7,41407,0,120496,54746.0,210773.0,Available,Available,200,110,-1,-1,07/01 00:00:00 EDT,w5,0,2015-07-01 00:00:00,Contract,Contract,477914,477915,0,0,0,0,0,0,0,0,0,27373,-1,54746,0,210773,True,True,120496,0,0,0,0
