,date,supplier_name,account_type,supplier_terminal_name,product_name,base_gallons_Daily,base_gallons_Weekly,lifted_gallons_daily_flag,lifted_gallons_daily_modified,Modified_WeeksByLiftedGallons,lifted_gallons_modified_WeeksByLiftedGallons,lifted_gallons_Daily,Lifted_actual_weekly,lifted_gallons_weekly_flag,WeeksByLiftedGallons,lifted_gallonsWeekly_modified_aposteriori,Modified_LiftedGallonsaposteriori,lifted_gallons_Weekly,beginning_gallons_Daily,beginning_gallons_Weekly,en_allocation_status_Daily,en_allocation_status_Weekly,percentage_allocation_Daily,percentage_allocation_Weekly,alerts_ratability_Daily,alerts_ratability_Weekly,next_refresh_date_Daily,Week_switch,Modified_NRD,next_refresh_date_Weekly,en_account_type_Daily,en_account_type_Weekly,staging_id_Daily,staging_id_Weekly,base_gallons_Monthly,Lifted_actual_monthly,lifted_gallons_monthly_flag,lifted_gallons_Monthly,beginning_gallons_Monthly,en_allocation_status_Monthly,percentage_allocation_Monthly,alerts_ratability_Monthly,next_refresh_date_Monthly,base_gallons_Daily_Reconciled,base_gallons_Monthly_Reconciled,beginning_gallons_Daily_Reconciled,beginning_gallons_Monthly_Reconciled,beginning_gallons_Weekly_Reconciled,sanityWeekly_CumulativeDaily_WeeksByLiftedGallons,sanityWeekly_CumulativeDaily_NextRefreshDate,computedWeekly,sanityComputedWeekly,computedMonthly,sanityComputedMonthly,sanityMonthly_CumulativeDaily_WeeksByLiftedGallons,sanityMonthly_CumulativeDaily_WeeksByNextRefreshDate
2015-06-01,2015-06-01 00:00:00,BP,50 - Commercial,CANTON OH - BUCKEYE (PLANT 9180),PREMIUM,-1,7305,0,-1,0,-1,-1,-1,0,w1,-1,0,-1,-1.0,-1.0,-1,-1,100,100,-1,-1,-1,w1,1,2015-06-03 00:00:00,-1,-1,-1,-1,0,-1,0,-1,0,-1,100,-1,-1,-1,-1,-1,0,-1,True,True,0,0,0,0,1,1
2015-06-02,2015-06-02 00:00:00,BP,50 - Commercial,CANTON OH - BUCKEYE (PLANT 9180),PREMIUM,-1,7305,0,-1,0,-1,-1,-1,0,w1,-1,0,-1,-1.0,-1.0,-1,-1,100,100,-1,-1,-1,w1,1,2015-06-03 00:00:00,-1,-1,-1,-1,0,-1,0,-1,0,-1,100,-1,-1,-1,-1,-1,0,-1,False,False,0,0,0,0,0,0
2015-06-03,2015-06-03 00:00:00,BP,50 - Commercial,CANTON OH - BUCKEYE (PLANT 9180),PREMIUM,-1,7305,3,3400,0,-1,-1,3400,0,w1,-1,0,3400,-1.0,-1.0,-1,Unknown,100,110,-1,,-1,w2,0,2015-06-10 00:00:00,-1,Contract,-1,633,0,0,0,0,0,0,0,0,0,-1,-1,-1,0,-1,False,True,0,0,0,0,0,0
2015-06-04,2015-06-04 00:00:00,BP,50 - Commercial,CANTON OH - BUCKEYE (PLANT 9180),PREMIUM,-1,7305,0,-1,1,2201,-1,5601,0,w1,-1,0,5601,-1.0,-1.0,-1,Unknown,100,110,-1,,-1,w2,0,2015-06-10 00:00:00,-1,Contract,-1,1076,0,0,0,0,0,0,0,0,0,-1,-1,-1,0,-1,False,False,0,0,0,0,0,0
2015-06-05,2015-06-05 00:00:00,BP,50 - Commercial,CANTON OH - BUCKEYE (PLANT 9180),PREMIUM,-1,7305,0,-1,1,3000,-1,8601,0,w1,-1,0,8601,-1.0,-1.0,-1,Unknown,100,110,-1,,-1,w2,0,2015-06-10 00:00:00,-1,Contract,-1,1139,0,0,0,0,0,0,0,0,0,-1,-1,-1,0,-1,False,False,0,0,0,0,0,0
2015-06-06,2015-06-06 00:00:00,BP,50 - Commercial,CANTON OH - BUCKEYE (PLANT 9180),PREMIUM,-1,7305,0,-1,0,-1,-1,-1,0,w2,-1,0,-1,-1.0,-1.0,-1,-1,100,100,-1,-1,-1,w2,1,2015-06-10 00:00:00,-1,-1,-1,-1,0,-1,0,-1,0,-1,100,-1,-1,-1,-1,-1,0,-1,True,False,0,0,0,0,0,0
2015-06-07,2015-06-07 00:00:00,BP,50 - Commercial,CANTON OH - BUCKEYE (PLANT 9180),PREMIUM,-1,7305,0,-1,0,-1,-1,-1,0,w2,-1,0,-1,-1.0,-1.0,-1,-1,100,100,-1,-1,-1,w2,1,2015-06-10 00:00:00,-1,-1,-1,-1,0,-1,0,-1,0,-1,100,-1,-1,-1,-1,-1,0,-1,False,False,0,0,0,0,0,0
2015-06-08,2015-06-08 00:00:00,BP,50 - Commercial,CANTON OH - BUCKEYE (PLANT 9180),PREMIUM,-1,7305,0,-1,0,-1,-1,15607,0,w2,-1,0,15607,-1.0,-1.0,-1,Unknown,100,110,-1,,-1,w2,0,2015-06-10 00:00:00,-1,Contract,-1,1329,0,0,0,0,0,0,0,0,0,-1,-1,-1,0,-1,False,False,0,0,0,0,0,0
2015-06-09,2015-06-09 00:00:00,BP,50 - Commercial,CANTON OH - BUCKEYE (PLANT 9180),PREMIUM,-1,7305,0,-1,1,0,-1,15607,0,w2,-1,0,15607,-1.0,-1.0,-1,Unknown,100,110,-1,,-1,w2,0,2015-06-10 00:00:00,-1,Contract,-1,1582,0,0,0,0,0,0,0,0,0,-1,-1,-1,0,-1,False,False,0,0,0,0,0,0
2015-06-10,2015-06-10 00:00:00,BP,50 - Commercial,CANTON OH - BUCKEYE (PLANT 9180),PREMIUM,-1,7305,0,-1,0,-1,-1,-1,0,w3,-1,0,-1,-1.0,-1.0,-1,-1,100,100,-1,-1,-1,w3,1,2015-06-17 00:00:00,-1,-1,-1,-1,0,-1,0,-1,0,-1,100,-1,-1,-1,-1,-1,0,-1,True,True,0,0,0,0,0,0
2015-06-11,2015-06-11 00:00:00,BP,50 - Commercial,CANTON OH - BUCKEYE (PLANT 9180),PREMIUM,-1,7305,0,-1,0,-1,-1,-1,0,w3,-1,0,-1,-1.0,-1.0,-1,-1,100,100,-1,-1,-1,w3,1,2015-06-17 00:00:00,-1,-1,-1,-1,0,-1,0,-1,0,-1,100,-1,-1,-1,-1,-1,0,-1,False,False,0,0,0,0,0,0
2015-06-12,2015-06-12 00:00:00,BP,50 - Commercial,CANTON OH - BUCKEYE (PLANT 9180),PREMIUM,-1,7305,0,-1,0,-1,-1,-1,0,w3,-1,0,-1,-1.0,-1.0,-1,-1,100,100,-1,-1,-1,w3,1,2015-06-17 00:00:00,-1,-1,-1,-1,0,-1,0,-1,0,-1,100,-1,-1,-1,-1,-1,0,-1,False,False,0,0,0,0,0,0
2015-06-13,2015-06-13 00:00:00,BP,50 - Commercial,CANTON OH - BUCKEYE (PLANT 9180),PREMIUM,-1,7305,0,-1,0,-1,-1,-1,0,w3,-1,0,-1,-1.0,-1.0,-1,-1,100,100,-1,-1,-1,w3,1,2015-06-17 00:00:00,-1,-1,-1,-1,0,-1,0,-1,0,-1,100,-1,-1,-1,-1,-1,0,-1,False,False,0,0,0,0,0,0
2015-06-14,2015-06-14 00:00:00,BP,50 - Commercial,CANTON OH - BUCKEYE (PLANT 9180),PREMIUM,-1,7305,0,-1,0,-1,-1,-1,0,w3,-1,0,-1,-1.0,-1.0,-1,-1,100,100,-1,-1,-1,w3,1,2015-06-17 00:00:00,-1,-1,-1,-1,0,-1,0,-1,0,-1,100,-1,-1,-1,-1,-1,0,-1,False,False,0,0,0,0,0,0
2015-06-15,2015-06-15 00:00:00,BP,50 - Commercial,CANTON OH - BUCKEYE (PLANT 9180),PREMIUM,-1,7305,0,-1,0,-1,-1,-1,0,w3,-1,0,-1,-1.0,-1.0,-1,-1,100,100,-1,-1,-1,w3,1,2015-06-17 00:00:00,-1,-1,-1,-1,0,-1,0,-1,0,-1,100,-1,-1,-1,-1,-1,0,-1,False,False,0,0,0,0,0,0
2015-06-16,2015-06-16 00:00:00,BP,50 - Commercial,CANTON OH - BUCKEYE (PLANT 9180),PREMIUM,-1,7305,0,-1,0,-1,-1,-1,0,w3,-1,0,-1,-1.0,-1.0,-1,-1,100,100,-1,-1,-1,w3,1,2015-06-17 00:00:00,-1,-1,-1,-1,0,-1,0,-1,0,-1,100,-1,-1,-1,-1,-1,0,-1,False,False,0,0,0,0,0,0
2015-06-17,2015-06-17 00:00:00,BP,50 - Commercial,CANTON OH - BUCKEYE (PLANT 9180),PREMIUM,-1,7305,0,-1,0,-1,-1,-1,0,w3,-1,0,-1,-1.0,-1.0,-1,-1,100,100,-1,-1,-1,w4,1,2015-06-24 00:00:00,-1,-1,-1,-1,0,-1,0,-1,0,-1,100,-1,-1,-1,-1,-1,0,-1,False,True,0,0,0,0,0,0
2015-06-18,2015-06-18 00:00:00,BP,50 - Commercial,CANTON OH - BUCKEYE (PLANT 9180),PREMIUM,-1,7305,0,-1,0,-1,-1,-1,0,w3,-1,0,-1,-1.0,-1.0,-1,-1,100,100,-1,-1,-1,w4,1,2015-06-24 00:00:00,-1,-1,-1,-1,0,-1,0,-1,0,-1,100,-1,-1,-1,-1,-1,0,-1,False,False,0,0,0,0,0,0
2015-06-19,2015-06-19 00:00:00,BP,50 - Commercial,CANTON OH - BUCKEYE (PLANT 9180),PREMIUM,-1,7305,0,-1,0,-1,-1,-1,0,w3,-1,0,-1,-1.0,-1.0,-1,-1,100,100,-1,-1,-1,w4,1,2015-06-24 00:00:00,-1,-1,-1,-1,0,-1,0,-1,0,-1,100,-1,-1,-1,-1,-1,0,-1,False,False,0,0,0,0,0,0
2015-06-20,2015-06-20 00:00:00,BP,50 - Commercial,CANTON OH - BUCKEYE (PLANT 9180),PREMIUM,-1,7305,0,-1,0,-1,-1,-1,0,w3,-1,0,-1,-1.0,-1.0,-1,-1,100,100,-1,-1,-1,w4,1,2015-06-24 00:00:00,-1,-1,-1,-1,0,-1,0,-1,0,-1,100,-1,-1,-1,-1,-1,0,-1,False,False,0,0,0,0,0,0
2015-06-21,2015-06-21 00:00:00,BP,50 - Commercial,CANTON OH - BUCKEYE (PLANT 9180),PREMIUM,-1,7305,0,-1,0,-1,-1,-1,0,w3,-1,0,-1,-1.0,-1.0,-1,-1,100,100,-1,-1,-1,w4,1,2015-06-24 00:00:00,-1,-1,-1,-1,0,-1,0,-1,0,-1,100,-1,-1,-1,-1,-1,0,-1,False,False,0,0,0,0,0,0
2015-06-22,2015-06-22 00:00:00,BP,50 - Commercial,CANTON OH - BUCKEYE (PLANT 9180),PREMIUM,-1,7305,0,-1,0,-1,-1,-1,0,w3,-1,0,-1,-1.0,-1.0,-1,-1,100,100,-1,-1,-1,w4,1,2015-06-24 00:00:00,-1,-1,-1,-1,0,-1,0,-1,0,-1,100,-1,-1,-1,-1,-1,0,-1,False,False,0,0,0,0,0,0
2015-06-23,2015-06-23 00:00:00,BP,50 - Commercial,CANTON OH - BUCKEYE (PLANT 9180),PREMIUM,-1,7305,0,-1,0,-1,-1,-1,0,w3,-1,0,-1,-1.0,-1.0,-1,-1,100,100,-1,-1,-1,w4,1,2015-06-24 00:00:00,-1,-1,-1,-1,0,-1,0,-1,0,-1,100,-1,-1,-1,-1,-1,0,-1,False,False,0,0,0,0,0,0
2015-06-24,2015-06-24 00:00:00,BP,50 - Commercial,CANTON OH - BUCKEYE (PLANT 9180),PREMIUM,-1,7305,0,-1,0,-1,-1,-1,0,w3,-1,0,-1,-1.0,-1.0,-1,-1,100,100,-1,-1,-1,w5,1,2015-07-01 00:00:00,-1,-1,-1,-1,0,-1,0,-1,0,-1,100,-1,-1,-1,-1,-1,0,-1,False,True,0,0,0,0,0,0
2015-06-25,2015-06-25 00:00:00,BP,50 - Commercial,CANTON OH - BUCKEYE (PLANT 9180),PREMIUM,-1,7305,0,-1,0,-1,-1,-1,0,w3,-1,0,-1,-1.0,-1.0,-1,-1,100,100,-1,-1,-1,w5,1,2015-07-01 00:00:00,-1,-1,-1,-1,0,-1,0,-1,0,-1,100,-1,-1,-1,-1,-1,0,-1,False,False,0,0,0,0,0,0
2015-06-26,2015-06-26 00:00:00,BP,50 - Commercial,CANTON OH - BUCKEYE (PLANT 9180),PREMIUM,-1,7305,0,-1,0,-1,-1,-1,0,w3,-1,0,-1,-1.0,-1.0,-1,-1,100,100,-1,-1,-1,w5,1,2015-07-01 00:00:00,-1,-1,-1,-1,0,-1,0,-1,0,-1,100,-1,-1,-1,-1,-1,0,-1,False,False,0,0,0,0,0,0
2015-06-27,2015-06-27 00:00:00,BP,50 - Commercial,CANTON OH - BUCKEYE (PLANT 9180),PREMIUM,-1,7305,0,-1,0,-1,-1,-1,0,w3,-1,0,-1,-1.0,-1.0,-1,-1,100,100,-1,-1,-1,w5,1,2015-07-01 00:00:00,-1,-1,-1,-1,0,-1,0,-1,0,-1,100,-1,-1,-1,-1,-1,0,-1,False,False,0,0,0,0,0,0
2015-06-28,2015-06-28 00:00:00,BP,50 - Commercial,CANTON OH - BUCKEYE (PLANT 9180),PREMIUM,-1,7305,0,-1,0,-1,-1,-1,0,w3,-1,0,-1,-1.0,-1.0,-1,-1,100,100,-1,-1,-1,w5,1,2015-07-01 00:00:00,-1,-1,-1,-1,0,-1,0,-1,0,-1,100,-1,-1,-1,-1,-1,0,-1,False,False,0,0,0,0,0,0
2015-06-29,2015-06-29 00:00:00,BP,50 - Commercial,CANTON OH - BUCKEYE (PLANT 9180),PREMIUM,-1,7305,0,-1,0,-1,-1,-1,0,w3,-1,0,-1,-1.0,-1.0,-1,-1,100,100,-1,-1,-1,w5,1,2015-07-01 00:00:00,-1,-1,-1,-1,0,-1,0,-1,0,-1,100,-1,-1,-1,-1,-1,0,-1,False,False,0,0,0,0,0,0
2015-06-30,2015-06-30 00:00:00,BP,50 - Commercial,CANTON OH - BUCKEYE (PLANT 9180),PREMIUM,-1,7305,0,-1,0,-1,-1,-1,0,w3,-1,0,-1,-1.0,-1.0,-1,-1,100,100,-1,-1,-1,w5,1,2015-07-01 00:00:00,-1,-1,-1,-1,0,-1,0,-1,0,-1,100,-1,-1,-1,-1,-1,0,-1,False,False,0,0,0,0,0,0
