,date,supplier_name,account_type,supplier_terminal_name,product_name,base_gallons_Daily,base_gallons_Weekly,lifted_gallons_daily_flag,lifted_gallons_daily_modified,Modified_WeeksByLiftedGallons,lifted_gallons_modified_WeeksByLiftedGallons,lifted_gallons_Daily,Lifted_actual_weekly,lifted_gallons_weekly_flag,WeeksByLiftedGallons,lifted_gallonsWeekly_modified_aposteriori,Modified_LiftedGallonsaposteriori,lifted_gallons_Weekly,beginning_gallons_Daily,beginning_gallons_Weekly,en_allocation_status_Daily,en_allocation_status_Weekly,percentage_allocation_Daily,percentage_allocation_Weekly,alerts_ratability_Daily,alerts_ratability_Weekly,next_refresh_date_Daily,Week_switch,Modified_NRD,next_refresh_date_Weekly,en_account_type_Daily,en_account_type_Weekly,staging_id_Daily,staging_id_Weekly,base_gallons_Monthly,Lifted_actual_monthly,lifted_gallons_monthly_flag,lifted_gallons_Monthly,beginning_gallons_Monthly,en_allocation_status_Monthly,percentage_allocation_Monthly,alerts_ratability_Monthly,next_refresh_date_Monthly,base_gallons_Daily_Reconciled,base_gallons_Monthly_Reconciled,beginning_gallons_Daily_Reconciled,beginning_gallons_Monthly_Reconciled,beginning_gallons_Weekly_Reconciled,sanityWeekly_CumulativeDaily_WeeksByLiftedGallons,sanityWeekly_CumulativeDaily_NextRefreshDate,computedWeekly,sanityComputedWeekly,computedMonthly,sanityComputedMonthly,sanityMonthly_CumulativeDaily_WeeksByLiftedGallons,sanityMonthly_CumulativeDaily_WeeksByNextRefreshDate
2015-06-01,2015-06-01 00:00:00,BP,Channel: 50 - Commercial,INDIANAPOLIS IN - BP (PLANT 0452),REGULAR,39894,279257,0,-1,0,-1,-1,-1,0,w1,-1,0,-1,79788.0,307183.0,-1,-1,100,100,-1,-1,-1,w1,1,2015-06-03 00:00:00,-1,-1,-1,-1,0,-1,0,-1,0,-1,100,-1,-1,79788,-1,39894,0,279257,True,True,0,0,0,0,1,1
2015-06-02,2015-06-02 00:00:00,BP,Channel: 50 - Commercial,INDIANAPOLIS IN - BP (PLANT 0452),REGULAR,39894,279257,0,0,0,0,0,345179,0,w1,0,0,345179,79788.0,307183.0,Out,Out,200,110,,,06/03 00:00:00 EDT,w1,0,2015-06-03 00:00:00,Contract,Contract,54,55,0,0,0,0,0,0,0,0,0,39894,-1,79788,0,307183,False,False,0,0,0,0,0,0
2015-06-03,2015-06-03 00:00:00,BP,Channel: 50 - Commercial,INDIANAPOLIS IN - BP (PLANT 0452),REGULAR,39894,279257,3,88591,0,64681,64681,64681,0,w2,64681,0,64681,79788.0,307183.0,Available,Available,200,110,,,06/04 00:00:00 EDT,w2,0,2015-06-10 00:00:00,Contract,Contract,6049,6050,0,0,0,0,0,0,0,0,0,39894,-1,79788,0,307183,True,False,0,0,0,0,0,0
2015-06-04,2015-06-04 00:00:00,BP,Channel: 50 - Commercial,INDIANAPOLIS IN - BP (PLANT 0452),REGULAR,39894,279257,3,16282,1,32016,8106,96697,0,w2,8106,0,96697,79788.0,307183.0,Available,Available,200,110,,,06/05 00:00:00 EDT,w2,0,2015-06-10 00:00:00,Contract,Contract,8789,8790,0,0,0,0,0,0,0,0,0,39894,-1,79788,0,307183,True,False,0,0,0,0,0,0
2015-06-05,2015-06-05 00:00:00,BP,Channel: 50 - Commercial,INDIANAPOLIS IN - BP (PLANT 0452),REGULAR,39894,279257,0,0,1,8176,0,104873,0,w2,0,0,104873,79788.0,307183.0,Available,Available,200,110,,,06/06 00:00:00 EDT,w2,0,2015-06-10 00:00:00,Contract,Contract,11471,11472,0,0,0,0,0,0,0,0,0,39894,-1,79788,0,307183,True,True,0,0,0,0,0,0
2015-06-06,2015-06-06 00:00:00,BP,Channel: 50 - Commercial,INDIANAPOLIS IN - BP (PLANT 0452),REGULAR,39894,279257,0,-1,0,-1,-1,-1,0,w3,-1,0,-1,79788.0,307183.0,-1,-1,100,100,-1,-1,-1,w2,1,2015-06-10 00:00:00,-1,-1,-1,-1,0,-1,0,-1,0,-1,100,-1,-1,79788,-1,39894,0,279257,True,False,0,0,0,0,0,0
2015-06-07,2015-06-07 00:00:00,BP,Channel: 50 - Commercial,INDIANAPOLIS IN - BP (PLANT 0452),REGULAR,39894,279257,0,-1,0,-1,-1,-1,0,w3,-1,0,-1,79788.0,307183.0,-1,-1,100,100,-1,-1,-1,w2,1,2015-06-10 00:00:00,-1,-1,-1,-1,0,-1,0,-1,0,-1,100,-1,-1,79788,-1,39894,0,279257,False,False,0,0,0,0,0,0
2015-06-08,2015-06-08 00:00:00,BP,Channel: 50 - Commercial,INDIANAPOLIS IN - BP (PLANT 0452),REGULAR,39894,279257,0,0,0,0,0,254086,0,w3,0,0,254086,79788.0,307183.0,Available,Available,200,110,,,06/09 00:00:00 EDT,w2,0,2015-06-10 00:00:00,Contract,Contract,13964,13965,0,0,0,0,0,0,0,0,0,39894,-1,79788,0,307183,False,False,0,0,0,0,0,0
2015-06-09,2015-06-09 00:00:00,BP,Channel: 50 - Commercial,INDIANAPOLIS IN - BP (PLANT 0452),REGULAR,39894,279257,0,-1,0,-1,-1,-1,0,w4,-1,0,-1,79788.0,307183.0,-1,-1,100,100,-1,-1,-1,w2,1,2015-06-10 00:00:00,-1,-1,-1,-1,0,-1,0,-1,0,-1,100,-1,-1,79788,-1,39894,0,279257,True,False,0,0,0,0,0,0
2015-06-10,2015-06-10 00:00:00,BP,Channel: 50 - Commercial,INDIANAPOLIS IN - BP (PLANT 0452),REGULAR,39894,279257,3,62876,0,0,0,0,0,w4,0,0,0,79788.0,307183.0,Available,Available,200,110,,,06/11 00:00:00 EDT,w3,0,2015-06-17 00:00:00,Contract,Contract,20599,20600,0,0,0,0,0,0,0,0,0,39894,-1,79788,0,307183,False,False,62876,True,0,0,0,0
2015-06-11,2015-06-11 00:00:00,BP,Channel: 50 - Commercial,INDIANAPOLIS IN - BP (PLANT 0452),REGULAR,39894,279257,0,10815,1,73691,10815,73691,0,w4,10815,0,73691,79788.0,307183.0,Available,Available,200,110,,,06/12 00:00:00 EDT,w3,0,2015-06-17 00:00:00,Contract,Contract,23374,23375,0,0,0,0,0,0,0,0,0,39894,-1,79788,0,307183,False,True,73691,True,0,0,0,0
2015-06-12,2015-06-12 00:00:00,BP,Channel: 50 - Commercial,INDIANAPOLIS IN - BP (PLANT 0452),REGULAR,39894,279257,4,151147,0,-1,-1,-1,4,w5,-1,0,224838,79788.0,307183.0,-1,-1,100,100,-1,-1,-1,w3,1,2015-06-17 00:00:00,-1,-1,-1,-1,0,-1,0,-1,0,-1,100,-1,-1,79788,-1,39894,0,279257,True,True,224838,True,0,0,0,0
2015-06-13,2015-06-13 00:00:00,BP,Channel: 50 - Commercial,INDIANAPOLIS IN - BP (PLANT 0452),REGULAR,39894,279257,3,54207,0,54207,54207,279045,0,w5,54207,0,279045,79788.0,307183.0,Available,Available,200,110,,,06/14 00:00:00 EDT,w3,0,2015-06-17 00:00:00,Contract,Contract,51058,51059,0,0,0,0,0,0,0,0,0,39894,-1,79788,0,307183,False,True,279045,True,0,0,0,0
2015-06-14,2015-06-14 00:00:00,BP,Channel: 50 - Commercial,INDIANAPOLIS IN - BP (PLANT 0452),REGULAR,39894,279257,3,38000,0,38000,38000,317045,0,w5,38000,0,317045,79788.0,307183.0,Out,Out,200,110,,,06/15 00:00:00 EDT,w3,0,2015-06-17 00:00:00,Contract,Contract,70842,70843,0,0,0,0,0,0,0,0,0,39894,-1,79788,0,307183,False,True,317045,True,0,0,0,0
2015-06-15,2015-06-15 00:00:00,BP,Channel: 50 - Commercial,INDIANAPOLIS IN - BP (PLANT 0452),REGULAR,39894,279257,3,36811,0,36811,36811,353856,0,w5,36811,0,353856,79788.0,307183.0,Out,Out,200,110,,,06/16 00:00:00 EDT,w3,0,2015-06-17 00:00:00,Contract,Contract,101461,101462,0,0,0,0,0,0,0,0,0,39894,-1,79788,0,307183,False,True,353856,True,0,0,0,0
2015-06-16,2015-06-16 00:00:00,BP,Channel: 50 - Commercial,INDIANAPOLIS IN - BP (PLANT 0452),REGULAR,39894,279257,0,0,0,0,0,353856,0,w5,0,0,353856,79788.0,307183.0,Out,Out,200,110,,,06/17 00:00:00 EDT,w3,0,2015-06-17 00:00:00,Contract,Contract,123678,123679,0,0,0,0,0,0,0,0,0,39894,-1,79788,0,307183,False,True,353856,True,0,0,0,0
2015-06-17,2015-06-17 00:00:00,BP,Channel: 50 - Commercial,INDIANAPOLIS IN - BP (PLANT 0452),REGULAR,39894,279257,3,31420,0,31420,31420,31420,0,w6,31420,0,31420,79788.0,307183.0,Available,Available,200,110,,,06/18 00:00:00 EDT,w4,0,2015-06-24 00:00:00,Contract,Contract,142286,142287,0,0,0,0,0,0,0,0,0,39894,-1,79788,0,307183,True,True,31420,True,0,0,0,0
2015-06-18,2015-06-18 00:00:00,BP,Channel: 50 - Commercial,INDIANAPOLIS IN - BP (PLANT 0452),REGULAR,39894,279257,3,53778,0,53778,53778,85198,0,w6,53778,0,85198,79788.0,307183.0,Available,Available,200,110,,,06/19 00:00:00 EDT,w4,0,2015-06-24 00:00:00,Contract,Contract,161084,161085,0,0,0,0,0,0,0,0,0,39894,-1,79788,0,307183,True,True,85198,True,0,0,0,0
2015-06-19,2015-06-19 00:00:00,BP,Channel: 50 - Commercial,INDIANAPOLIS IN - BP (PLANT 0452),REGULAR,39894,279257,3,28310,0,28310,28310,113508,0,w6,28310,0,113508,79788.0,307183.0,Available,Available,200,110,,,06/20 00:00:00 EDT,w4,0,2015-06-24 00:00:00,Contract,Contract,177488,177489,0,0,0,0,0,0,0,0,0,39894,-1,79788,0,307183,True,True,113508,True,0,0,0,0
2015-06-20,2015-06-20 00:00:00,BP,Channel: 50 - Commercial,INDIANAPOLIS IN - BP (PLANT 0452),REGULAR,39894,279257,3,50111,0,50111,50111,163619,0,w6,50111,0,163619,79788.0,307183.0,Available,Available,200,110,,,06/21 00:00:00 EDT,w4,0,2015-06-24 00:00:00,Contract,Contract,190964,190965,0,0,0,0,0,0,0,0,0,39894,-1,79788,0,307183,True,True,163619,True,0,0,0,0
2015-06-21,2015-06-21 00:00:00,BP,Channel: 50 - Commercial,INDIANAPOLIS IN - BP (PLANT 0452),REGULAR,39894,279257,3,43518,0,43518,43518,207137,0,w6,43518,0,207137,79788.0,307183.0,Available,Available,200,110,,,06/22 00:00:00 EDT,w4,0,2015-06-24 00:00:00,Contract,Contract,217306,217307,0,0,0,0,0,0,0,0,0,39894,-1,79788,0,307183,True,True,207137,True,0,0,0,0
2015-06-22,2015-06-22 00:00:00,BP,Channel: 50 - Commercial,INDIANAPOLIS IN - BP (PLANT 0452),REGULAR,39894,279257,3,16703,0,16703,16703,223840,0,w6,16703,0,223840,79788.0,307183.0,Available,Available,200,110,,,06/23 00:00:00 EDT,w4,0,2015-06-24 00:00:00,Contract,Contract,239291,239292,0,0,0,0,0,0,0,0,0,39894,-1,79788,0,307183,True,True,223840,True,0,0,0,0
2015-06-23,2015-06-23 00:00:00,BP,Channel: 50 - Commercial,INDIANAPOLIS IN - BP (PLANT 0452),REGULAR,39894,279257,0,69922,0,69922,69922,293762,0,w6,69922,0,293762,79788.0,307183.0,Available,Available,200,110,,,06/24 00:00:00 EDT,w4,0,2015-06-24 00:00:00,Contract,Contract,278182,278183,0,0,0,0,0,0,0,0,0,39894,-1,79788,0,307183,True,True,293762,True,0,0,0,0
2015-06-24,2015-06-24 00:00:00,BP,Channel: 50 - Commercial,INDIANAPOLIS IN - BP (PLANT 0452),REGULAR,39894,279257,3,36311,0,36311,36311,36311,0,w7,36311,0,36311,79788.0,307183.0,Available,Available,200,110,,,06/25 00:00:00 EDT,w5,0,2015-07-01 00:00:00,Contract,Contract,307366,307367,0,0,0,0,0,0,0,0,0,39894,-1,79788,0,307183,True,True,36311,True,0,0,0,0
2015-06-25,2015-06-25 00:00:00,BP,Channel: 50 - Commercial,INDIANAPOLIS IN - BP (PLANT 0452),REGULAR,39894,279257,3,73638,0,73638,73638,109949,0,w7,73638,0,109949,79788.0,307183.0,Available,Available,200,110,,,06/26 00:00:00 EDT,w5,0,2015-07-01 00:00:00,Contract,Contract,338696,338697,0,0,0,0,0,0,0,0,0,39894,-1,79788,0,307183,True,True,109949,True,0,0,0,0
2015-06-26,2015-06-26 00:00:00,BP,Channel: 50 - Commercial,INDIANAPOLIS IN - BP (PLANT 0452),REGULAR,39894,279257,3,7704,0,7704,7704,117653,0,w7,7704,0,117653,79788.0,307183.0,Available,Available,200,110,,,06/27 00:00:00 EDT,w5,0,2015-07-01 00:00:00,Contract,Contract,369004,369005,0,0,0,0,0,0,0,0,0,39894,-1,79788,0,307183,True,True,117653,True,0,0,0,0
2015-06-27,2015-06-27 00:00:00,BP,Channel: 50 - Commercial,INDIANAPOLIS IN - BP (PLANT 0452),REGULAR,39894,279257,3,105181,0,105181,105181,222834,0,w7,105181,0,222834,79788.0,307183.0,Available,Available,200,110,,,06/28 00:00:00 EDT,w5,0,2015-07-01 00:00:00,Contract,Contract,396086,396087,0,0,0,0,0,0,0,0,0,39894,-1,79788,0,307183,True,True,222834,True,0,0,0,0
2015-06-28,2015-06-28 00:00:00,BP,Channel: 50 - Commercial,INDIANAPOLIS IN - BP (PLANT 0452),REGULAR,39894,279257,3,60352,0,60352,60352,283186,0,w7,60352,0,283186,79788.0,307183.0,Available,Available,200,110,,,06/29 00:00:00 EDT,w5,0,2015-07-01 00:00:00,Contract,Contract,420450,420451,0,0,0,0,0,0,0,0,0,39894,-1,79788,0,307183,True,True,283186,True,0,0,0,0
2015-06-29,2015-06-29 00:00:00,BP,Channel: 50 - Commercial,INDIANAPOLIS IN - BP (PLANT 0452),REGULAR,39894,279257,3,63726,0,63726,63726,346912,0,w7,63726,0,346912,79788.0,307183.0,Out,Out,200,110,,,06/30 00:00:00 EDT,w5,0,2015-07-01 00:00:00,Contract,Contract,451266,451267,0,0,0,0,0,0,0,0,0,39894,-1,79788,0,307183,True,True,346912,True,0,0,0,0
2015-06-30,2015-06-30 00:00:00,BP,Channel: 50 - Commercial,INDIANAPOLIS IN - BP (PLANT 0452),REGULAR,39894,279257,0,0,0,0,0,346912,0,w7,0,0,346912,79788.0,307183.0,Out,Out,200,110,,,07/01 00:00:00 EDT,w5,0,2015-07-01 00:00:00,Contract,Contract,477928,477929,0,0,0,0,0,0,0,0,0,39894,-1,79788,0,307183,True,True,346912,True,0,0,0,0
