,date,supplier_name,account_type,supplier_terminal_name,product_name,base_gallons_Daily,base_gallons_Monthly,base_gallons_Weekly,lifted_gallons_daily_flag,lifted_gallons_daily_modified,Modified_WeeksByLiftedGallons,lifted_gallons_modified_WeeksByLiftedGallons,lifted_gallons_Daily,Lifted_actual_monthly,lifted_gallons_monthly_flag,lifted_gallons_Monthly,Lifted_actual_weekly,lifted_gallons_weekly_flag,WeeksByLiftedGallons,lifted_gallonsWeekly_modified_aposteriori,Modified_LiftedGallonsaposteriori,lifted_gallons_Weekly,beginning_gallons_Daily,beginning_gallons_Monthly,beginning_gallons_Weekly,en_allocation_status_Daily,en_allocation_status_Monthly,en_allocation_status_Weekly,percentage_allocation_Daily,percentage_allocation_Monthly,percentage_allocation_Weekly,alerts_ratability_Daily,alerts_ratability_Monthly,alerts_ratability_Weekly,next_refresh_date_Daily,next_refresh_date_Monthly,Week_switch,Modified_NRD,next_refresh_date_Weekly,en_account_type_Daily,en_account_type_Monthly,en_account_type_Weekly,staging_id_Daily,staging_id_Monthly,staging_id_Weekly,base_gallons_Daily_Reconciled,base_gallons_Monthly_Reconciled,base_gallons_Weekly_Reconciled,beginning_gallons_Daily_Reconciled,beginning_gallons_Monthly_Reconciled,beginning_gallons_Weekly_Reconciled,sanityWeekly_CumulativeDaily_WeeksByLiftedGallons,sanityWeekly_CumulativeDaily_NextRefreshDate,computedWeekly,computedMonthly,sanityComputedMonthly,sanityMonthly_CumulativeDaily_WeeksByLiftedGallons,sanityMonthly_CumulativeDaily_WeeksByNextRefreshDate
2015-07-01,2015-07-01 00:00:00,Chevron,PILOT TRAVEL CENTERS LLC : CHV7460761,1002 TRACY CA TRM CHEVRON,DIESEL #2,43819,1358379,306731,1,53720,0,53720,53720,53720,0,53720,53720,1,w1,53720,0,53720,65729,1494217,383414,Low,Available,Available,150,110,125,Above Trend,Above Trend,Above Trend,07/02 00:00:00 PDT,08/01 00:00:00 PDT,w1,0,2015-07-08 00:00:00,Contract,Contract,Contract,507989,507991,507990,43819,1358379,306731,65729,1494217,383414,True,True,53720,53720,1,1,1
2015-07-02,2015-07-02 00:00:00,Chevron,PILOT TRAVEL CENTERS LLC : CHV7460761,1002 TRACY CA TRM CHEVRON,DIESEL #2,43819,1358379,306731,1,38414,1,38414,23009,92134,0,92134,92134,1,w1,23009,0,92134,65729,1494217,383414,Available,Available,Available,150,110,125,On Target,Above Trend,Above Trend,07/03 00:00:00 PDT,08/01 00:00:00 PDT,w1,0,2015-07-08 00:00:00,Contract,Contract,Contract,527064,527066,527065,43819,1358379,306731,65729,1494217,383414,True,True,92134,92134,1,1,1
2015-07-03,2015-07-03 00:00:00,Chevron,PILOT TRAVEL CENTERS LLC : CHV7460761,1002 TRACY CA TRM CHEVRON,DIESEL #2,43819,1358379,306731,1,23108,1,23108,7701,115242,0,115242,115242,1,w1,7701,0,115242,65729,1494217,383414,Available,Available,Available,150,110,125,On Target,Above Trend,Above Trend,07/04 00:00:00 PDT,08/01 00:00:00 PDT,w1,0,2015-07-08 00:00:00,Contract,Contract,Contract,534715,534717,534716,43819,1358379,306731,65729,1494217,383414,True,True,115242,115242,1,1,1
2015-07-04,2015-07-04 00:00:00,Chevron,PILOT TRAVEL CENTERS LLC : CHV7460761,1002 TRACY CA TRM CHEVRON,DIESEL #2,43819,1358379,306731,1,15404,1,15404,0,130646,0,130646,130646,1,w1,0,0,130646,65729,1494217,383414,Available,Available,Available,150,110,125,Below Trend,Above Trend,On Target,07/05 00:00:00 PDT,08/01 00:00:00 PDT,w1,0,2015-07-08 00:00:00,Contract,Contract,Contract,540967,540969,540968,43819,1358379,306731,65729,1494217,383414,True,True,130646,130646,1,1,1
2015-07-05,2015-07-05 00:00:00,Chevron,PILOT TRAVEL CENTERS LLC : CHV7460761,1002 TRACY CA TRM CHEVRON,DIESEL #2,43819,1358379,306731,1,7605,1,7605,0,138251,0,138251,138251,1,w1,0,0,138251,65729,1494217,383414,Available,Available,Available,150,110,125,Below Trend,On Target,On Target,07/06 00:00:00 PDT,08/01 00:00:00 PDT,w1,0,2015-07-08 00:00:00,Contract,Contract,Contract,547410,547412,547411,43819,1358379,306731,65729,1494217,383414,True,True,138251,138251,1,1,1
2015-07-06,2015-07-06 00:00:00,Chevron,PILOT TRAVEL CENTERS LLC : CHV7460761,1002 TRACY CA TRM CHEVRON,DIESEL #2,43819,1358379,306731,1,15504,1,15504,7702,153755,0,153755,153755,1,w1,7702,0,153755,65729,1494217,383414,Available,Available,Available,150,110,125,On Target,On Target,On Target,07/07 00:00:00 PDT,08/01 00:00:00 PDT,w1,0,2015-07-08 00:00:00,Contract,Contract,Contract,553726,553728,553727,43819,1358379,306731,65729,1494217,383414,True,True,153755,153755,1,1,1
2015-07-07,2015-07-07 00:00:00,Chevron,PILOT TRAVEL CENTERS LLC : CHV7460761,1002 TRACY CA TRM CHEVRON,DIESEL #2,43819,1358379,306731,1,84733,1,84733,46220,238488,0,238488,238488,1,w1,46220,0,238488,65729,1494217,383414,Limited,Available,Limited,150,110,125,Above Trend,On Target,On Target,07/08 00:00:00 PDT,08/01 00:00:00 PDT,w1,0,2015-07-08 00:00:00,Contract,Contract,Contract,566739,566741,566740,43819,1358379,306731,65729,1494217,383414,True,True,238488,238488,1,1,1
2015-07-08,2015-07-08 00:00:00,Chevron,PILOT TRAVEL CENTERS LLC : CHV7460761,1002 TRACY CA TRM CHEVRON,DIESEL #2,43819,1358379,306731,1,30812,0,23109,23109,269300,0,269300,23109,1,w2,23109,0,30812,65729,1494217,383414,Available,Available,Available,150,110,125,Above Trend,On Target,Above Trend,07/09 00:00:00 PDT,08/01 00:00:00 PDT,w2,0,2015-07-15 00:00:00,Contract,Contract,Contract,576340,576342,576341,43819,1358379,306731,65729,1494217,383414,True,True,30812,269300,1,0,1
2015-07-09,2015-07-09 00:00:00,Chevron,PILOT TRAVEL CENTERS LLC : CHV7460761,1002 TRACY CA TRM CHEVRON,DIESEL #2,43819,1358379,306731,2,61717,0,-1,-1,-1,2,331017,-1,2,w3,-1,0,92529,65729,1494217,383414,-1,-1,-1,100,100,100,-1,-1,-1,-1,-1,w2,1,2015-07-15 00:00:00,-1,-1,-1,-1,-1,-1,65729,1494217,383414,43819,1358379,306731,True,True,92529,331017,1,0,1
2015-07-10,2015-07-10 00:00:00,Chevron,PILOT TRAVEL CENTERS LLC : CHV7460761,1002 TRACY CA TRM CHEVRON,DIESEL #2,43819,1358379,306731,1,38513,0,38513,38513,369530,0,369530,123339,1,w3,38513,0,131042,65729,1494217,383414,Limited,Available,Available,150,110,125,On Target,On Target,On Target,07/11 00:00:00 PDT,08/01 00:00:00 PDT,w2,0,2015-07-15 00:00:00,Contract,Contract,Contract,609157,609159,609158,43819,1358379,306731,65729,1494217,383414,False,True,131042,369530,1,0,1
2015-07-11,2015-07-11 00:00:00,Chevron,PILOT TRAVEL CENTERS LLC : CHV7460761,1002 TRACY CA TRM CHEVRON,DIESEL #2,43819,1358379,306731,1,15358,1,15358,7654,384888,0,384888,138697,1,w3,7654,0,146400,65729,1494217,383414,Available,Available,Available,150,110,125,Below Trend,On Target,On Target,07/12 00:00:00 PDT,08/01 00:00:00 PDT,w2,0,2015-07-15 00:00:00,Contract,Contract,Contract,637644,637646,637645,43819,1358379,306731,65729,1494217,383414,False,True,146400,384888,1,0,1
2015-07-12,2015-07-12 00:00:00,Chevron,PILOT TRAVEL CENTERS LLC : CHV7460761,1002 TRACY CA TRM CHEVRON,DIESEL #2,43819,1358379,306731,1,15606,0,15606,15606,400494,0,400494,154303,1,w3,15606,0,162006,65729,1494217,383414,Available,Available,Available,150,110,125,On Target,On Target,On Target,07/13 00:00:00 PDT,08/01 00:00:00 PDT,w2,0,2015-07-15 00:00:00,Contract,Contract,Contract,667058,667060,667059,43819,1358379,306731,65729,1494217,383414,False,True,162006,400494,1,0,1
2015-07-13,2015-07-13 00:00:00,Chevron,PILOT TRAVEL CENTERS LLC : CHV7460761,1002 TRACY CA TRM CHEVRON,DIESEL #2,43819,1358379,306731,1,38514,0,38514,38514,439008,0,439008,192817,1,w3,38514,0,200520,65729,1494217,383414,Limited,Available,Available,150,110,125,On Target,On Target,On Target,07/14 00:00:00 PDT,08/01 00:00:00 PDT,w2,0,2015-07-15 00:00:00,Contract,Contract,Contract,697654,697656,697655,43819,1358379,306731,65729,1494217,383414,False,True,200520,439008,1,0,1
2015-07-14,2015-07-14 00:00:00,Chevron,PILOT TRAVEL CENTERS LLC : CHV7460761,1002 TRACY CA TRM CHEVRON,DIESEL #2,43819,1358379,306731,1,92343,0,92343,92343,531351,0,531351,285160,1,w3,92343,0,292863,65729,1494217,383414,Out,Available,Limited,150,110,125,Above Trend,On Target,On Target,07/15 00:00:00 PDT,08/01 00:00:00 PDT,w2,0,2015-07-15 00:00:00,Contract,Contract,Contract,729520,729522,729521,43819,1358379,306731,65729,1494217,383414,False,True,292863,531351,1,0,1
2015-07-15,2015-07-15 00:00:00,Chevron,PILOT TRAVEL CENTERS LLC : CHV7460761,1002 TRACY CA TRM CHEVRON,DIESEL #2,43819,1358379,306731,1,61720,0,61720,61720,593071,0,593071,61720,1,w4,61720,0,61720,65729,1494217,383414,Low,Available,Available,150,110,125,Above Trend,Above Trend,Above Trend,07/16 00:00:00 PDT,08/01 00:00:00 PDT,w3,0,2015-07-22 00:00:00,Contract,Contract,Contract,754994,754996,754995,43819,1358379,306731,65729,1494217,383414,True,True,61720,593071,1,0,1
2015-07-16,2015-07-16 00:00:00,Chevron,PILOT TRAVEL CENTERS LLC : CHV7460761,1002 TRACY CA TRM CHEVRON,DIESEL #2,43819,1358379,306731,1,30812,0,30812,30812,623883,0,623883,92532,1,w4,30812,0,92532,65729,1494217,383414,Available,Available,Available,150,110,125,On Target,Above Trend,Above Trend,07/17 00:00:00 PDT,08/01 00:00:00 PDT,w3,0,2015-07-22 00:00:00,Contract,Contract,Contract,788296,788298,788297,43819,1358379,306731,65729,1494217,383414,True,True,92532,623883,1,0,1
2015-07-17,2015-07-17 00:00:00,Chevron,PILOT TRAVEL CENTERS LLC : CHV7460761,1002 TRACY CA TRM CHEVRON,DIESEL #2,43819,1358379,306731,1,38513,1,38513,30812,662396,0,662396,131045,1,w4,30812,0,131045,65729,1494217,383414,Available,Available,Available,150,110,125,On Target,Above Trend,Above Trend,07/18 00:00:00 PDT,08/01 00:00:00 PDT,w3,0,2015-07-22 00:00:00,Contract,Contract,Contract,820320,820322,820321,43819,1358379,306731,65729,1494217,383414,True,True,131045,662396,1,0,1
2015-07-18,2015-07-18 00:00:00,Chevron,PILOT TRAVEL CENTERS LLC : CHV7460761,1002 TRACY CA TRM CHEVRON,DIESEL #2,43819,1358379,306731,1,7654,0,7654,7654,670050,0,670050,138699,1,w4,7654,0,138699,65729,1494217,383414,Available,Available,Available,150,110,125,Below Trend,On Target,On Target,07/19 00:00:00 PDT,08/01 00:00:00 PDT,w3,0,2015-07-22 00:00:00,Contract,Contract,Contract,850782,850784,850783,43819,1358379,306731,65729,1494217,383414,True,True,138699,670050,1,0,1
2015-07-19,2015-07-19 00:00:00,Chevron,PILOT TRAVEL CENTERS LLC : CHV7460761,1002 TRACY CA TRM CHEVRON,DIESEL #2,43819,1358379,306731,1,15603,0,15603,15603,685653,0,685653,154302,1,w4,15603,0,154302,65729,1494217,383414,Available,Available,Available,150,110,125,On Target,On Target,On Target,07/20 00:00:00 PDT,08/01 00:00:00 PDT,w3,0,2015-07-22 00:00:00,Contract,Contract,Contract,882043,882045,882044,43819,1358379,306731,65729,1494217,383414,True,True,154302,685653,1,0,1
2015-07-20,2015-07-20 00:00:00,Chevron,PILOT TRAVEL CENTERS LLC : CHV7460761,1002 TRACY CA TRM CHEVRON,DIESEL #2,43819,1358379,306731,1,53919,0,53919,53919,739572,0,739572,208221,1,w4,53919,0,208221,65729,1494217,383414,Low,Available,Limited,150,110,125,Above Trend,On Target,On Target,07/21 00:00:00 PDT,08/01 00:00:00 PDT,w3,0,2015-07-22 00:00:00,Contract,Contract,Contract,912409,912411,912410,43819,1358379,306731,65729,1494217,383414,True,True,208221,739572,1,0,1
2015-07-21,2015-07-21 00:00:00,Chevron,PILOT TRAVEL CENTERS LLC : CHV7460761,1002 TRACY CA TRM CHEVRON,DIESEL #2,43819,1358379,306731,1,31010,0,31010,31010,770582,0,770582,239231,1,w4,31010,0,239231,65729,1494217,383414,Available,Limited,Limited,150,110,125,On Target,On Target,On Target,07/22 00:00:00 PDT,08/01 00:00:00 PDT,w3,0,2015-07-22 00:00:00,Contract,Contract,Contract,941596,941598,941597,43819,1358379,306731,65729,1494217,383414,True,True,239231,770582,1,0,1
2015-07-22,2015-07-22 00:00:00,Chevron,PILOT TRAVEL CENTERS LLC : CHV7460761,1002 TRACY CA TRM CHEVRON,DIESEL #2,43819,1358379,306731,1,46218,0,46218,46218,816800,0,816800,46218,1,w5,46218,0,46218,65729,1494217,383414,Limited,Available,Available,150,110,125,Above Trend,On Target,Above Trend,07/23 00:00:00 PDT,08/01 00:00:00 PDT,w4,0,2015-07-29 00:00:00,Contract,Contract,Contract,975025,975027,975026,43819,1358379,306731,65729,1494217,383414,True,True,46218,816800,1,0,1
2015-07-23,2015-07-23 00:00:00,Chevron,PILOT TRAVEL CENTERS LLC : CHV7460761,1002 TRACY CA TRM CHEVRON,DIESEL #2,43819,1358379,306731,1,46316,0,46316,46316,863116,0,863116,92534,1,w5,46316,0,92534,65729,1494217,383414,Limited,Available,Available,150,110,125,Above Trend,On Target,Above Trend,07/24 00:00:00 PDT,08/01 00:00:00 PDT,w4,0,2015-07-29 00:00:00,Contract,Contract,Contract,1002839,1002841,1002840,43819,1358379,306731,65729,1494217,383414,True,True,92534,863116,1,0,1
2015-07-24,2015-07-24 00:00:00,Chevron,PILOT TRAVEL CENTERS LLC : CHV7460761,1002 TRACY CA TRM CHEVRON,DIESEL #2,43819,1358379,306731,1,30806,0,30806,30806,893922,0,893922,123340,1,w5,30806,0,123340,65729,1494217,383414,Available,Available,Available,150,110,125,On Target,On Target,On Target,07/25 00:00:00 PDT,08/01 00:00:00 PDT,w4,0,2015-07-29 00:00:00,Contract,Contract,Contract,1033053,1033055,1033054,43819,1358379,306731,65729,1494217,383414,True,True,123340,893922,1,0,1
2015-07-25,2015-07-25 00:00:00,Chevron,PILOT TRAVEL CENTERS LLC : CHV7460761,1002 TRACY CA TRM CHEVRON,DIESEL #2,43819,1358379,306731,1,23061,1,23061,7655,916983,0,916983,146401,1,w5,7655,0,146401,65729,1494217,383414,Available,Available,Available,150,110,125,Below Trend,On Target,On Target,07/26 00:00:00 PDT,08/01 00:00:00 PDT,w4,0,2015-07-29 00:00:00,Contract,Contract,Contract,1062244,1062246,1062245,43819,1358379,306731,65729,1494217,383414,True,True,146401,916983,1,0,1
2015-07-26,2015-07-26 00:00:00,Chevron,PILOT TRAVEL CENTERS LLC : CHV7460761,1002 TRACY CA TRM CHEVRON,DIESEL #2,43819,1358379,306731,1,15606,0,15606,15606,932589,0,932589,162007,1,w5,15606,0,162007,65729,1494217,383414,Available,Available,Available,150,110,125,On Target,On Target,On Target,07/27 00:00:00 PDT,08/01 00:00:00 PDT,w4,0,2015-07-29 00:00:00,Contract,Contract,Contract,1092299,1092301,1092300,43819,1358379,306731,65729,1494217,383414,True,True,162007,932589,1,0,1
2015-07-27,2015-07-27 00:00:00,Chevron,PILOT TRAVEL CENTERS LLC : CHV7460761,1002 TRACY CA TRM CHEVRON,DIESEL #2,43819,1358379,306731,1,38414,1,38414,30810,971003,0,971003,200421,1,w5,30810,0,200421,65729,1494217,383414,Available,Available,Available,150,110,125,On Target,On Target,On Target,07/28 00:00:00 PDT,08/01 00:00:00 PDT,w4,0,2015-07-29 00:00:00,Contract,Contract,Contract,1122609,1122611,1122610,43819,1358379,306731,65729,1494217,383414,True,True,200421,971003,1,0,1
2015-07-28,2015-07-28 00:00:00,Chevron,PILOT TRAVEL CENTERS LLC : CHV7460761,1002 TRACY CA TRM CHEVRON,DIESEL #2,43819,1358379,306731,1,61672,0,61672,61672,1032675,0,1032675,262093,1,w5,61672,0,262093,65729,1494217,383414,Low,Available,Available,150,110,125,Above Trend,On Target,On Target,07/29 00:00:00 PDT,08/01 00:00:00 PDT,w4,0,2015-07-29 00:00:00,Contract,Contract,Contract,1152919,1152921,1152920,43819,1358379,306731,65729,1494217,383414,True,True,262093,1032675,1,0,1
2015-07-29,2015-07-29 00:00:00,Chevron,PILOT TRAVEL CENTERS LLC : CHV7460761,1002 TRACY CA TRM CHEVRON,DIESEL #2,43819,1358379,306731,1,30811,0,30811,30811,1063486,0,1063486,30811,1,w6,30811,0,30811,65729,1494217,383414,Available,Limited,Available,150,110,125,On Target,On Target,On Target,07/30 00:00:00 PDT,08/01 00:00:00 PDT,w5,0,2015-08-05 00:00:00,Contract,Contract,Contract,1183229,1183231,1183230,43819,1358379,306731,65729,1494217,383414,True,True,30811,1063486,1,0,1
2015-07-30,2015-07-30 00:00:00,Chevron,PILOT TRAVEL CENTERS LLC : CHV7460761,1002 TRACY CA TRM CHEVRON,DIESEL #2,43819,1358379,306731,1,61525,0,61525,61525,1125011,0,1125011,92336,1,w6,61525,0,92336,65729,1494217,383414,Low,Limited,Available,150,110,125,Above Trend,On Target,Above Trend,07/31 00:00:00 PDT,08/01 00:00:00 PDT,w5,0,2015-08-05 00:00:00,Contract,Contract,Contract,1213539,1213541,1213540,43819,1358379,306731,65729,1494217,383414,True,True,92336,1125011,1,0,1
2015-07-31,2015-07-31 00:00:00,Chevron,PILOT TRAVEL CENTERS LLC : CHV7460761,1002 TRACY CA TRM CHEVRON,DIESEL #2,43819,1358379,306731,1,15407,0,15407,15407,1140418,0,1140418,107743,1,w6,15407,0,107743,65729,1494217,383414,Available,Limited,Available,150,110,125,On Target,On Target,On Target,08/01 00:00:00 PDT,08/01 00:00:00 PDT,w5,0,2015-08-05 00:00:00,Contract,Contract,Contract,1243849,1243851,1243850,43819,1358379,306731,65729,1494217,383414,True,True,107743,1140418,1,0,1
