,date,supplier_name,account_type,supplier_terminal_name,product_name,base_gallons_Daily,base_gallons_Monthly,base_gallons_Weekly,lifted_gallons_daily_flag,lifted_gallons_daily_modified,Modified_WeeksByLiftedGallons,lifted_gallons_modified_WeeksByLiftedGallons,lifted_gallons_Daily,Lifted_actual_monthly,lifted_gallons_monthly_flag,lifted_gallons_Monthly,Lifted_actual_weekly,lifted_gallons_weekly_flag,WeeksByLiftedGallons,lifted_gallonsWeekly_modified_aposteriori,Modified_LiftedGallonsaposteriori,lifted_gallons_Weekly,beginning_gallons_Daily,beginning_gallons_Monthly,beginning_gallons_Weekly,en_allocation_status_Daily,en_allocation_status_Monthly,en_allocation_status_Weekly,percentage_allocation_Daily,percentage_allocation_Monthly,percentage_allocation_Weekly,alerts_ratability_Daily,alerts_ratability_Monthly,alerts_ratability_Weekly,next_refresh_date_Daily,next_refresh_date_Monthly,Week_switch,Modified_NRD,next_refresh_date_Weekly,en_account_type_Daily,en_account_type_Monthly,en_account_type_Weekly,staging_id_Daily,staging_id_Monthly,staging_id_Weekly,base_gallons_Daily_Reconciled,base_gallons_Monthly_Reconciled,base_gallons_Weekly_Reconciled,beginning_gallons_Daily_Reconciled,beginning_gallons_Monthly_Reconciled,beginning_gallons_Weekly_Reconciled,sanityWeekly_CumulativeDaily_WeeksByLiftedGallons,sanityWeekly_CumulativeDaily_NextRefreshDate,computedWeekly,computedMonthly,sanityComputedMonthly,sanityMonthly_CumulativeDaily_WeeksByLiftedGallons,sanityMonthly_CumulativeDaily_WeeksByNextRefreshDate
2015-07-01,2015-07-01 00:00:00,Chevron,PILOT TRAVEL CENTERS LLC : CHV7460761,1043 MONTEBELLO CA TRM CHEVRON,DIESEL #2,38691,1199406,270834,1,37899,0,37899,37899,37899,0,37899,37899,1,w1,37899,0,37899,58037,1319347,338543,Limited,Available,Available,150,110,125,On Target,Above Trend,Above Trend,07/02 00:00:00 PDT,08/01 00:00:00 PDT,w1,0,2015-07-08 00:00:00,Contract,Contract,Contract,508010,508012,508011,38691,1199406,270834,58037,1319347,338543,True,True,37899,37899,1,1,1
2015-07-02,2015-07-02 00:00:00,Chevron,PILOT TRAVEL CENTERS LLC : CHV7460761,1043 MONTEBELLO CA TRM CHEVRON,DIESEL #2,38691,1199406,270834,1,30304,1,30304,22704,68203,0,68203,68203,1,w1,22704,0,68203,58037,1319347,338543,Available,Available,Available,150,110,125,On Target,Above Trend,Above Trend,07/03 00:00:00 PDT,08/01 00:00:00 PDT,w1,0,2015-07-08 00:00:00,Contract,Contract,Contract,527085,527087,527086,38691,1199406,270834,58037,1319347,338543,True,True,68203,68203,1,1,1
2015-07-03,2015-07-03 00:00:00,Chevron,PILOT TRAVEL CENTERS LLC : CHV7460761,1043 MONTEBELLO CA TRM CHEVRON,DIESEL #2,38691,1199406,270834,1,22802,1,22802,7602,91005,0,91005,91005,1,w1,7602,0,91005,58037,1319347,338543,Available,Available,Available,150,110,125,On Target,Above Trend,Above Trend,07/04 00:00:00 PDT,08/01 00:00:00 PDT,w1,0,2015-07-08 00:00:00,Contract,Contract,Contract,534736,534738,534737,38691,1199406,270834,58037,1319347,338543,True,True,91005,91005,1,1,1
2015-07-04,2015-07-04 00:00:00,Chevron,PILOT TRAVEL CENTERS LLC : CHV7460761,1043 MONTEBELLO CA TRM CHEVRON,DIESEL #2,38691,1199406,270834,1,22702,1,22702,7501,113707,0,113707,113707,1,w1,7501,0,113707,58037,1319347,338543,Available,Available,Available,150,110,125,On Target,Above Trend,On Target,07/05 00:00:00 PDT,08/01 00:00:00 PDT,w1,0,2015-07-08 00:00:00,Contract,Contract,Contract,540988,540990,540989,38691,1199406,270834,58037,1319347,338543,True,True,113707,113707,1,1,1
2015-07-05,2015-07-05 00:00:00,Chevron,PILOT TRAVEL CENTERS LLC : CHV7460761,1043 MONTEBELLO CA TRM CHEVRON,DIESEL #2,38691,1199406,270834,1,15199,1,15199,7600,128906,0,128906,128906,1,w1,7600,0,128906,58037,1319347,338543,Available,Available,Available,150,110,125,On Target,On Target,On Target,07/06 00:00:00 PDT,08/01 00:00:00 PDT,w1,0,2015-07-08 00:00:00,Contract,Contract,Contract,547431,547433,547432,38691,1199406,270834,58037,1319347,338543,True,True,128906,128906,1,1,1
2015-07-06,2015-07-06 00:00:00,Chevron,PILOT TRAVEL CENTERS LLC : CHV7460761,1043 MONTEBELLO CA TRM CHEVRON,DIESEL #2,38691,1199406,270834,1,22701,1,22701,7599,151607,0,151607,151607,1,w1,7599,0,151607,58037,1319347,338543,Available,Available,Available,150,110,125,On Target,On Target,On Target,07/07 00:00:00 PDT,08/01 00:00:00 PDT,w1,0,2015-07-08 00:00:00,Contract,Contract,Contract,553747,553749,553748,38691,1199406,270834,58037,1319347,338543,True,True,151607,151607,1,1,1
2015-07-07,2015-07-07 00:00:00,Chevron,PILOT TRAVEL CENTERS LLC : CHV7460761,1043 MONTEBELLO CA TRM CHEVRON,DIESEL #2,38691,1199406,270834,1,75798,1,75798,60596,227405,0,227405,227405,1,w1,60596,0,227405,58037,1319347,338543,Limited,Available,Limited,150,110,125,Above Trend,On Target,On Target,07/08 00:00:00 PDT,08/01 00:00:00 PDT,w1,0,2015-07-08 00:00:00,Contract,Contract,Contract,566760,566762,566761,38691,1199406,270834,58037,1319347,338543,True,True,227405,227405,1,1,1
2015-07-08,2015-07-08 00:00:00,Chevron,PILOT TRAVEL CENTERS LLC : CHV7460761,1043 MONTEBELLO CA TRM CHEVRON,DIESEL #2,38691,1199406,270834,1,38201,0,23000,23000,265606,0,265606,23000,1,w2,23000,0,38201,58037,1319347,338543,Available,Available,Available,150,110,125,Above Trend,Above Trend,Above Trend,07/09 00:00:00 PDT,08/01 00:00:00 PDT,w2,0,2015-07-15 00:00:00,Contract,Contract,Contract,576361,576363,576362,38691,1199406,270834,58037,1319347,338543,True,True,38201,265606,1,0,1
2015-07-09,2015-07-09 00:00:00,Chevron,PILOT TRAVEL CENTERS LLC : CHV7460761,1043 MONTEBELLO CA TRM CHEVRON,DIESEL #2,38691,1199406,270834,2,53202,0,-1,-1,-1,2,318808,-1,2,w3,-1,0,91403,42560,1319347,338543,-1,-1,-1,100,100,100,-1,-1,-1,-1,-1,w2,1,2015-07-15 00:00:00,-1,-1,-1,-1,-1,-1,42560,1319347,338543,38691,1199406,270834,True,True,91403,318808,1,0,1
2015-07-10,2015-07-10 00:00:00,Chevron,PILOT TRAVEL CENTERS LLC : CHV7460761,1043 MONTEBELLO CA TRM CHEVRON,DIESEL #2,38691,1199406,270834,1,22803,0,22803,22803,341611,0,341611,99005,1,w3,22803,0,114206,42560,1319347,338543,Limited,Available,Available,110,110,125,On Target,Above Trend,On Target,07/11 00:00:00 PDT,08/01 00:00:00 PDT,w2,0,2015-07-15 00:00:00,Contract,Contract,Contract,609178,609180,609179,38691,1199406,270834,42560,1319347,338543,False,True,114206,341611,1,0,1
2015-07-11,2015-07-11 00:00:00,Chevron,PILOT TRAVEL CENTERS LLC : CHV7460761,1043 MONTEBELLO CA TRM CHEVRON,DIESEL #2,38691,1199406,270834,1,0,0,0,0,341611,0,341611,99005,1,w3,0,0,114206,42560,1319347,338543,Available,Available,Available,110,110,125,Below Trend,On Target,On Target,07/12 00:00:00 PDT,08/01 00:00:00 PDT,w2,0,2015-07-15 00:00:00,Contract,Contract,Contract,637665,637667,637666,38691,1199406,270834,42560,1319347,338543,False,True,114206,341611,1,0,1
2015-07-12,2015-07-12 00:00:00,Chevron,PILOT TRAVEL CENTERS LLC : CHV7460761,1043 MONTEBELLO CA TRM CHEVRON,DIESEL #2,38691,1199406,270834,1,30510,1,30510,22910,372121,0,372121,129515,1,w3,22910,0,144716,42560,1319347,338543,Limited,Available,Available,110,110,125,On Target,On Target,On Target,07/13 00:00:00 PDT,08/01 00:00:00 PDT,w2,0,2015-07-15 00:00:00,Contract,Contract,Contract,667079,667081,667080,38691,1199406,270834,42560,1319347,338543,False,True,144716,372121,1,0,1
2015-07-13,2015-07-13 00:00:00,Chevron,PILOT TRAVEL CENTERS LLC : CHV7460761,1043 MONTEBELLO CA TRM CHEVRON,DIESEL #2,38691,1199406,270834,1,15200,1,15200,7599,387321,0,387321,144715,1,w3,7599,0,159916,42560,1319347,338543,Available,Available,Available,110,110,125,On Target,On Target,On Target,07/14 00:00:00 PDT,08/01 00:00:00 PDT,w2,0,2015-07-15 00:00:00,Contract,Contract,Contract,697675,697677,697676,38691,1199406,270834,42560,1319347,338543,False,True,159916,387321,1,0,1
2015-07-14,2015-07-14 00:00:00,Chevron,PILOT TRAVEL CENTERS LLC : CHV7460761,1043 MONTEBELLO CA TRM CHEVRON,DIESEL #2,38691,1199406,270834,1,38001,1,38001,30401,425322,0,425322,182716,1,w3,30401,0,197917,42560,1319347,338543,Limited,Available,Limited,110,110,125,Above Trend,On Target,On Target,07/15 00:00:00 PDT,08/01 00:00:00 PDT,w2,0,2015-07-15 00:00:00,Contract,Contract,Contract,729541,729543,729542,38691,1199406,270834,42560,1319347,338543,False,True,197917,425322,1,0,1
2015-07-15,2015-07-15 00:00:00,Chevron,PILOT TRAVEL CENTERS LLC : CHV7460761,1043 MONTEBELLO CA TRM CHEVRON,DIESEL #2,38691,1199406,270834,1,38001,0,30401,30401,463323,0,463323,30401,1,w4,30401,0,38001,77382,1319347,338543,Available,Available,Available,200,110,125,On Target,On Target,On Target,07/16 00:00:00 PDT,08/01 00:00:00 PDT,w3,0,2015-07-22 00:00:00,Contract,Contract,Contract,755015,755017,755016,38691,1199406,270834,77382,1319347,338543,True,True,38001,463323,1,0,1
2015-07-16,2015-07-16 00:00:00,Chevron,PILOT TRAVEL CENTERS LLC : CHV7460761,1043 MONTEBELLO CA TRM CHEVRON,DIESEL #2,38691,1199406,270834,1,53202,1,53202,45602,516525,0,516525,83603,1,w4,45602,0,91203,77382,1319347,338543,Limited,Available,Available,200,110,125,On Target,On Target,Above Trend,07/17 00:00:00 PDT,08/01 00:00:00 PDT,w3,0,2015-07-22 00:00:00,Contract,Contract,Contract,788317,788319,788318,38691,1199406,270834,77382,1319347,338543,True,True,91203,516525,1,0,1
2015-07-17,2015-07-17 00:00:00,Chevron,PILOT TRAVEL CENTERS LLC : CHV7460761,1043 MONTEBELLO CA TRM CHEVRON,DIESEL #2,38691,1199406,270834,1,15101,0,15101,15101,531626,0,531626,98704,1,w4,15101,0,106304,77382,1319347,338543,Available,Available,Available,200,110,125,On Target,On Target,On Target,07/18 00:00:00 PDT,08/01 00:00:00 PDT,w3,0,2015-07-22 00:00:00,Contract,Contract,Contract,820341,820343,820342,38691,1199406,270834,77382,1319347,338543,True,True,106304,531626,1,0,1
2015-07-18,2015-07-18 00:00:00,Chevron,PILOT TRAVEL CENTERS LLC : CHV7460761,1043 MONTEBELLO CA TRM CHEVRON,DIESEL #2,38691,1199406,270834,1,22803,0,22803,22803,554429,0,554429,121507,1,w4,22803,0,129107,77382,1319347,338543,Available,Available,Available,200,110,125,On Target,On Target,On Target,07/19 00:00:00 PDT,08/01 00:00:00 PDT,w3,0,2015-07-22 00:00:00,Contract,Contract,Contract,850803,850805,850804,38691,1199406,270834,77382,1319347,338543,True,True,129107,554429,1,0,1
2015-07-19,2015-07-19 00:00:00,Chevron,PILOT TRAVEL CENTERS LLC : CHV7460761,1043 MONTEBELLO CA TRM CHEVRON,DIESEL #2,38691,1199406,270834,1,30400,1,30400,22803,584829,0,584829,151907,1,w4,22803,0,159507,77382,1319347,338543,Available,Available,Available,200,110,125,On Target,On Target,On Target,07/20 00:00:00 PDT,08/01 00:00:00 PDT,w3,0,2015-07-22 00:00:00,Contract,Contract,Contract,882064,882066,882065,38691,1199406,270834,77382,1319347,338543,True,True,159507,584829,1,0,1
2015-07-20,2015-07-20 00:00:00,Chevron,PILOT TRAVEL CENTERS LLC : CHV7460761,1043 MONTEBELLO CA TRM CHEVRON,DIESEL #2,38691,1199406,270834,1,7499,0,7499,7499,592328,0,592328,159406,1,w4,7499,0,167006,77382,1319347,338543,Available,Available,Available,200,110,125,Below Trend,On Target,On Target,07/21 00:00:00 PDT,08/01 00:00:00 PDT,w3,0,2015-07-22 00:00:00,Contract,Contract,Contract,912430,912432,912431,38691,1199406,270834,77382,1319347,338543,True,True,167006,592328,1,0,1
2015-07-21,2015-07-21 00:00:00,Chevron,PILOT TRAVEL CENTERS LLC : CHV7460761,1043 MONTEBELLO CA TRM CHEVRON,DIESEL #2,38691,1199406,270834,1,37806,1,37806,22606,630134,0,630134,197212,1,w4,22606,0,204812,77382,1319347,338543,Available,Available,Limited,200,110,125,On Target,On Target,On Target,07/22 00:00:00 PDT,08/01 00:00:00 PDT,w3,0,2015-07-22 00:00:00,Contract,Contract,Contract,941617,941619,941618,38691,1199406,270834,77382,1319347,338543,True,True,204812,630134,1,0,1
2015-07-22,2015-07-22 00:00:00,Chevron,PILOT TRAVEL CENTERS LLC : CHV7460761,1043 MONTEBELLO CA TRM CHEVRON,DIESEL #2,38691,1199406,270834,1,37904,0,30305,30305,668038,0,668038,30305,1,w5,30305,0,37904,77382,1319347,338543,Available,Available,Available,200,110,125,On Target,On Target,On Target,07/23 00:00:00 PDT,08/01 00:00:00 PDT,w4,0,2015-07-29 00:00:00,Contract,Contract,Contract,975046,975048,975047,38691,1199406,270834,77382,1319347,338543,True,True,37904,668038,1,0,1
2015-07-23,2015-07-23 00:00:00,Chevron,PILOT TRAVEL CENTERS LLC : CHV7460761,1043 MONTEBELLO CA TRM CHEVRON,DIESEL #2,38691,1199406,270834,1,60205,1,60205,45004,728243,0,728243,90510,1,w5,45004,0,98109,77382,1319347,338543,Available,Available,Available,200,110,125,On Target,On Target,Above Trend,07/24 00:00:00 PDT,08/01 00:00:00 PDT,w4,0,2015-07-29 00:00:00,Contract,Contract,Contract,1002860,1002862,1002861,38691,1199406,270834,77382,1319347,338543,True,True,98109,728243,1,0,1
2015-07-24,2015-07-24 00:00:00,Chevron,PILOT TRAVEL CENTERS LLC : CHV7460761,1043 MONTEBELLO CA TRM CHEVRON,DIESEL #2,38691,1199406,270834,1,37902,0,37902,37902,766145,0,766145,128412,1,w5,37902,0,136011,77382,1319347,338543,Available,Available,Available,200,110,125,On Target,On Target,Above Trend,07/25 00:00:00 PDT,08/01 00:00:00 PDT,w4,0,2015-07-29 00:00:00,Contract,Contract,Contract,1033074,1033076,1033075,38691,1199406,270834,77382,1319347,338543,True,True,136011,766145,1,0,1
2015-07-25,2015-07-25 00:00:00,Chevron,PILOT TRAVEL CENTERS LLC : CHV7460761,1043 MONTEBELLO CA TRM CHEVRON,DIESEL #2,38691,1199406,270834,1,45449,1,45449,30250,811594,0,811594,173861,1,w5,30250,0,181460,77382,1319347,338543,Available,Available,Available,200,110,125,On Target,On Target,Above Trend,07/26 00:00:00 PDT,08/01 00:00:00 PDT,w4,0,2015-07-29 00:00:00,Contract,Contract,Contract,1062265,1062267,1062266,38691,1199406,270834,77382,1319347,338543,True,True,181460,811594,1,0,1
2015-07-26,2015-07-26 00:00:00,Chevron,PILOT TRAVEL CENTERS LLC : CHV7460761,1043 MONTEBELLO CA TRM CHEVRON,DIESEL #2,38691,1199406,270834,1,30598,1,30598,22998,842192,0,842192,204459,1,w5,22998,0,212058,77382,1319347,338543,Available,Available,Available,200,110,125,On Target,On Target,Above Trend,07/27 00:00:00 PDT,08/01 00:00:00 PDT,w4,0,2015-07-29 00:00:00,Contract,Contract,Contract,1092320,1092322,1092321,38691,1199406,270834,77382,1319347,338543,True,True,212058,842192,1,0,1
2015-07-27,2015-07-27 00:00:00,Chevron,PILOT TRAVEL CENTERS LLC : CHV7460761,1043 MONTEBELLO CA TRM CHEVRON,DIESEL #2,38691,1199406,270834,1,22701,1,22701,15101,864893,0,864893,227160,1,w5,15101,0,234759,77382,1319347,338543,Available,Available,Available,200,110,125,On Target,On Target,On Target,07/28 00:00:00 PDT,08/01 00:00:00 PDT,w4,0,2015-07-29 00:00:00,Contract,Contract,Contract,1122630,1122632,1122631,38691,1199406,270834,77382,1319347,338543,True,True,234759,864893,1,0,1
2015-07-28,2015-07-28 00:00:00,Chevron,PILOT TRAVEL CENTERS LLC : CHV7460761,1043 MONTEBELLO CA TRM CHEVRON,DIESEL #2,38691,1199406,270834,1,22801,0,22801,22801,887694,0,887694,249961,1,w5,22801,0,257560,77382,1319347,338543,Available,Available,Limited,200,110,125,On Target,On Target,On Target,07/29 00:00:00 PDT,08/01 00:00:00 PDT,w4,0,2015-07-29 00:00:00,Contract,Contract,Contract,1152940,1152942,1152941,38691,1199406,270834,77382,1319347,338543,True,True,257560,887694,1,0,1
2015-07-29,2015-07-29 00:00:00,Chevron,PILOT TRAVEL CENTERS LLC : CHV7460761,1043 MONTEBELLO CA TRM CHEVRON,DIESEL #2,38691,1199406,270834,1,67845,0,60401,60401,955539,0,955539,60401,1,w6,60401,0,67845,77382,1319347,338543,Limited,Limited,Available,200,110,125,Above Trend,On Target,Above Trend,07/30 00:00:00 PDT,08/01 00:00:00 PDT,w5,0,2015-08-05 00:00:00,Contract,Contract,Contract,1183250,1183252,1183251,38691,1199406,270834,77382,1319347,338543,True,True,67845,955539,1,0,1
2015-07-30,2015-07-30 00:00:00,Chevron,PILOT TRAVEL CENTERS LLC : CHV7460761,1043 MONTEBELLO CA TRM CHEVRON,DIESEL #2,38691,1199406,270834,1,53001,1,53001,45401,1008540,0,1008540,113402,1,w6,45401,0,120846,77382,1319347,338543,Available,Limited,Available,200,110,125,On Target,On Target,Above Trend,07/31 00:00:00 PDT,08/01 00:00:00 PDT,w5,0,2015-08-05 00:00:00,Contract,Contract,Contract,1213560,1213562,1213561,38691,1199406,270834,77382,1319347,338543,True,True,120846,1008540,1,0,1
2015-07-31,2015-07-31 00:00:00,Chevron,PILOT TRAVEL CENTERS LLC : CHV7460761,1043 MONTEBELLO CA TRM CHEVRON,DIESEL #2,38691,1199406,270834,1,53197,1,53197,45597,1061737,0,1061737,166599,1,w6,45597,0,174043,77382,1319347,338543,Available,Low,Available,200,110,125,On Target,Above Trend,Above Trend,08/01 00:00:00 PDT,08/01 00:00:00 PDT,w5,0,2015-08-05 00:00:00,Contract,Contract,Contract,1243870,1243872,1243871,38691,1199406,270834,77382,1319347,338543,True,True,174043,1061737,1,0,1
