,date,supplier_name,account_type,supplier_terminal_name,product_name,base_gallons_Daily,base_gallons_Monthly,base_gallons_Weekly,lifted_gallons_daily_flag,lifted_gallons_daily_modified,Modified_WeeksByLiftedGallons,lifted_gallons_modified_WeeksByLiftedGallons,lifted_gallons_Daily,Lifted_actual_monthly,lifted_gallons_monthly_flag,lifted_gallons_Monthly,Lifted_actual_weekly,lifted_gallons_weekly_flag,WeeksByLiftedGallons,lifted_gallonsWeekly_modified_aposteriori,Modified_LiftedGallonsaposteriori,lifted_gallons_Weekly,beginning_gallons_Daily,beginning_gallons_Monthly,beginning_gallons_Weekly,en_allocation_status_Daily,en_allocation_status_Monthly,en_allocation_status_Weekly,percentage_allocation_Daily,percentage_allocation_Monthly,percentage_allocation_Weekly,alerts_ratability_Daily,alerts_ratability_Monthly,alerts_ratability_Weekly,next_refresh_date_Daily,next_refresh_date_Monthly,Week_switch,Modified_NRD,next_refresh_date_Weekly,en_account_type_Daily,en_account_type_Monthly,en_account_type_Weekly,staging_id_Daily,staging_id_Monthly,staging_id_Weekly,base_gallons_Daily_Reconciled,base_gallons_Monthly_Reconciled,base_gallons_Weekly_Reconciled,beginning_gallons_Daily_Reconciled,beginning_gallons_Monthly_Reconciled,beginning_gallons_Weekly_Reconciled,sanityWeekly_CumulativeDaily_WeeksByLiftedGallons,sanityWeekly_CumulativeDaily_NextRefreshDate,computedWeekly,sanityComputedWeekly,computedMonthly,sanityComputedMonthly,sanityMonthly_CumulativeDaily_WeeksByLiftedGallons,sanityMonthly_CumulativeDaily_WeeksByNextRefreshDate
2015-08-01,2015-08-01 00:00:00,Exxon,PILOT TRAVEL CENTERS LLC 103637 WS,LOCKPORT IL (MOC) - 00MD,ULSD,45391,-1,317735,0,-1,0,-1,-1,-1,0,-1,-1,0,w1,-1,0,-1,68087,-1,444829,-1,-1,-1,100,100,100,-1,-1,-1,-1,-1,w1,1,2015-08-06 00:00:00,-1,-1,-1,-1,-1,-1,68087,-1,444829,45391,-1,317735,True,True,0,0,0,0,1,1
2015-08-02,2015-08-02 00:00:00,Exxon,PILOT TRAVEL CENTERS LLC 103637 WS,LOCKPORT IL (MOC) - 00MD,ULSD,45391,-1,317735,0,-1,0,-1,-1,-1,0,-1,-1,0,w1,-1,0,-1,68087,-1,444829,-1,-1,-1,100,100,100,-1,-1,-1,-1,-1,w1,1,2015-08-06 00:00:00,-1,-1,-1,-1,-1,-1,68087,-1,444829,45391,-1,317735,False,False,0,0,0,0,0,0
2015-08-03,2015-08-03 00:00:00,Exxon,PILOT TRAVEL CENTERS LLC 103637 WS,LOCKPORT IL (MOC) - 00MD,ULSD,45391,-1,317735,0,-1,0,-1,-1,-1,0,-1,-1,0,w1,-1,0,-1,68087,-1,444829,-1,-1,-1,100,100,100,-1,-1,-1,-1,-1,w1,1,2015-08-06 00:00:00,-1,-1,-1,-1,-1,-1,68087,-1,444829,45391,-1,317735,False,False,0,0,0,0,0,0
2015-08-04,2015-08-04 00:00:00,Exxon,PILOT TRAVEL CENTERS LLC 103637 WS,LOCKPORT IL (MOC) - 00MD,ULSD,45391,-1,317735,0,-1,0,-1,-1,-1,0,-1,-1,0,w1,-1,0,-1,68087,-1,444829,-1,-1,-1,100,100,100,-1,-1,-1,-1,-1,w1,1,2015-08-06 00:00:00,-1,-1,-1,-1,-1,-1,68087,-1,444829,45391,-1,317735,False,False,0,0,0,0,0,0
2015-08-05,2015-08-05 00:00:00,Exxon,PILOT TRAVEL CENTERS LLC 103637 WS,LOCKPORT IL (MOC) - 00MD,ULSD,45391,-1,317735,0,-1,0,-1,-1,-1,0,-1,-1,0,w1,-1,0,-1,68087,-1,444829,-1,-1,-1,100,100,100,-1,-1,-1,-1,-1,w1,1,2015-08-06 00:00:00,-1,-1,-1,-1,-1,-1,68087,-1,444829,45391,-1,317735,False,False,0,0,0,0,0,0
2015-08-06,2015-08-06 00:00:00,Exxon,PILOT TRAVEL CENTERS LLC 103637 WS,LOCKPORT IL (MOC) - 00MD,ULSD,45391,-1,317735,0,-1,0,-1,-1,-1,0,-1,-1,0,w1,-1,0,-1,68087,-1,444829,-1,-1,-1,100,100,100,-1,-1,-1,-1,-1,w2,1,2015-08-13 00:00:00,-1,-1,-1,-1,-1,-1,68087,-1,444829,45391,-1,317735,False,True,0,0,0,0,0,0
2015-08-07,2015-08-07 00:00:00,Exxon,PILOT TRAVEL CENTERS LLC 103637 WS,LOCKPORT IL (MOC) - 00MD,ULSD,45391,-1,317735,0,-1,0,-1,-1,-1,0,-1,-1,0,w1,-1,0,-1,68087,-1,444829,-1,-1,-1,100,100,100,-1,-1,-1,-1,-1,w2,1,2015-08-13 00:00:00,-1,-1,-1,-1,-1,-1,68087,-1,444829,45391,-1,317735,False,False,0,0,0,0,0,0
2015-08-08,2015-08-08 00:00:00,Exxon,PILOT TRAVEL CENTERS LLC 103637 WS,LOCKPORT IL (MOC) - 00MD,ULSD,45391,-1,317735,0,-1,0,-1,-1,-1,0,-1,-1,0,w1,-1,0,-1,68087,-1,444829,-1,-1,-1,100,100,100,-1,-1,-1,-1,-1,w2,1,2015-08-13 00:00:00,-1,-1,-1,-1,-1,-1,68087,-1,444829,45391,-1,317735,False,False,0,0,0,0,0,0
2015-08-09,2015-08-09 00:00:00,Exxon,PILOT TRAVEL CENTERS LLC 103637 WS,LOCKPORT IL (MOC) - 00MD,ULSD,45391,-1,317735,0,-1,0,-1,-1,-1,0,-1,-1,0,w1,-1,0,-1,68087,-1,444829,-1,-1,-1,100,100,100,-1,-1,-1,-1,-1,w2,1,2015-08-13 00:00:00,-1,-1,-1,-1,-1,-1,68087,-1,444829,45391,-1,317735,False,False,0,0,0,0,0,0
2015-08-10,2015-08-10 00:00:00,Exxon,PILOT TRAVEL CENTERS LLC 103637 WS,LOCKPORT IL (MOC) - 00MD,ULSD,45391,-1,317735,0,-1,0,-1,-1,-1,0,-1,-1,0,w1,-1,0,-1,68087,-1,444829,-1,-1,-1,100,100,100,-1,-1,-1,-1,-1,w2,1,2015-08-13 00:00:00,-1,-1,-1,-1,-1,-1,68087,-1,444829,45391,-1,317735,False,False,0,0,0,0,0,0
2015-08-11,2015-08-11 00:00:00,Exxon,PILOT TRAVEL CENTERS LLC 103637 WS,LOCKPORT IL (MOC) - 00MD,ULSD,45391,-1,317735,0,-1,0,-1,-1,-1,0,-1,-1,0,w1,-1,0,-1,68087,-1,444829,-1,-1,-1,100,100,100,-1,-1,-1,-1,-1,w2,1,2015-08-13 00:00:00,-1,-1,-1,-1,-1,-1,68087,-1,444829,45391,-1,317735,False,False,0,0,0,0,0,0
2015-08-12,2015-08-12 00:00:00,Exxon,PILOT TRAVEL CENTERS LLC 103637 WS,LOCKPORT IL (MOC) - 00MD,ULSD,45391,-1,317735,0,-1,0,-1,-1,-1,0,-1,-1,0,w1,-1,0,-1,68087,-1,444829,-1,-1,-1,100,100,100,-1,-1,-1,-1,-1,w2,1,2015-08-13 00:00:00,-1,-1,-1,-1,-1,-1,68087,-1,444829,45391,-1,317735,False,False,0,0,0,0,0,0
2015-08-13,2015-08-13 00:00:00,Exxon,PILOT TRAVEL CENTERS LLC 103637 WS,LOCKPORT IL (MOC) - 00MD,ULSD,45391,-1,317735,0,-1,0,-1,-1,-1,0,-1,-1,0,w1,-1,0,-1,68087,-1,444829,-1,-1,-1,100,100,100,-1,-1,-1,-1,-1,w3,1,2015-08-20 00:00:00,-1,-1,-1,-1,-1,-1,68087,-1,444829,45391,-1,317735,False,True,0,0,0,0,0,0
2015-08-14,2015-08-14 00:00:00,Exxon,PILOT TRAVEL CENTERS LLC 103637 WS,LOCKPORT IL (MOC) - 00MD,ULSD,45391,-1,317735,0,-1,0,-1,-1,-1,0,-1,-1,0,w1,-1,0,-1,68087,-1,444829,-1,-1,-1,100,100,100,-1,-1,-1,-1,-1,w3,1,2015-08-20 00:00:00,-1,-1,-1,-1,-1,-1,68087,-1,444829,45391,-1,317735,False,False,0,0,0,0,0,0
2015-08-15,2015-08-15 00:00:00,Exxon,PILOT TRAVEL CENTERS LLC 103637 WS,LOCKPORT IL (MOC) - 00MD,ULSD,45391,-1,317735,0,-1,0,-1,-1,-1,0,-1,-1,0,w1,-1,0,-1,68087,-1,444829,-1,-1,-1,100,100,100,-1,-1,-1,-1,-1,w3,1,2015-08-20 00:00:00,-1,-1,-1,-1,-1,-1,68087,-1,444829,45391,-1,317735,False,False,0,0,0,0,0,0
2015-08-16,2015-08-16 00:00:00,Exxon,PILOT TRAVEL CENTERS LLC 103637 WS,LOCKPORT IL (MOC) - 00MD,ULSD,45391,-1,317735,0,-1,0,-1,-1,-1,0,-1,-1,0,w1,-1,0,-1,68087,-1,444829,-1,-1,-1,100,100,100,-1,-1,-1,-1,-1,w3,1,2015-08-20 00:00:00,-1,-1,-1,-1,-1,-1,68087,-1,444829,45391,-1,317735,False,False,0,0,0,0,0,0
2015-08-17,2015-08-17 00:00:00,Exxon,PILOT TRAVEL CENTERS LLC 103637 WS,LOCKPORT IL (MOC) - 00MD,ULSD,45391,-1,317735,0,-1,0,-1,-1,-1,0,-1,-1,0,w1,-1,0,-1,68087,-1,444829,-1,-1,-1,100,100,100,-1,-1,-1,-1,-1,w3,1,2015-08-20 00:00:00,-1,-1,-1,-1,-1,-1,68087,-1,444829,45391,-1,317735,False,False,0,0,0,0,0,0
2015-08-18,2015-08-18 00:00:00,Exxon,PILOT TRAVEL CENTERS LLC 103637 WS,LOCKPORT IL (MOC) - 00MD,ULSD,45391,-1,317735,3,74771,0,74771,74771,-1,0,-1,343938,0,w1,74771,0,343938,68087,-1,444829,Out,-1,Out,150,100,140,On Track,-1,On Track,08/19 00:00:00 CDT,-1,w3,0,2015-08-20 00:00:00,Contract,-1,Contract,1871331,-1,1871332,45391,-1,317735,68087,-1,444829,False,False,0,0,0,0,0,0
2015-08-19,2015-08-19 00:00:00,Exxon,PILOT TRAVEL CENTERS LLC 103637 WS,LOCKPORT IL (MOC) - 00MD,ULSD,45391,-1,317735,0,82649,0,82649,82649,-1,0,-1,426587,0,w1,82649,0,426587,68087,-1,444829,Out,-1,Out,150,100,140,Above Trend,-1,On Track,08/20 00:00:00 CDT,-1,w3,0,2015-08-20 00:00:00,Contract,-1,Contract,1903543,-1,1903544,45391,-1,317735,68087,-1,444829,False,False,0,0,0,0,0,0
2015-08-20,2015-08-20 00:00:00,Exxon,PILOT TRAVEL CENTERS LLC 103637 WS,LOCKPORT IL (MOC) - 00MD,ULSD,45391,-1,317735,3,74620,0,74620,74620,-1,0,-1,74620,0,w2,74620,0,74620,68087,-1,444829,Out,-1,Out,150,100,140,On Track,-1,Above Trend,08/21 00:00:00 CDT,-1,w4,0,2015-08-27 00:00:00,Contract,-1,Contract,1946146,-1,1946147,45391,-1,317735,68087,-1,444829,True,True,74620,True,0,0,0,0
2015-08-21,2015-08-21 00:00:00,Exxon,PILOT TRAVEL CENTERS LLC 103637 WS,LOCKPORT IL (MOC) - 00MD,ULSD,45391,-1,317735,3,52417,0,52417,52417,-1,0,-1,127037,0,w2,52417,0,127037,68087,-1,444829,Available,-1,Available,150,100,140,On Track,-1,On Track,08/22 00:00:00 CDT,-1,w4,0,2015-08-27 00:00:00,Contract,-1,Contract,1985403,-1,1985404,45391,-1,317735,68087,-1,444829,True,True,127037,True,0,0,0,0
2015-08-22,2015-08-22 00:00:00,Exxon,PILOT TRAVEL CENTERS LLC 103637 WS,LOCKPORT IL (MOC) - 00MD,ULSD,45391,-1,317735,3,59908,0,59908,59908,-1,0,-1,186945,0,w2,59908,0,186945,68087,-1,444829,Available,-1,Available,150,100,140,On Track,-1,On Track,08/23 00:00:00 CDT,-1,w4,0,2015-08-27 00:00:00,Contract,-1,Contract,2022876,-1,2022877,45391,-1,317735,68087,-1,444829,True,True,186945,True,0,0,0,0
2015-08-23,2015-08-23 00:00:00,Exxon,PILOT TRAVEL CENTERS LLC 103637 WS,LOCKPORT IL (MOC) - 00MD,ULSD,45391,-1,317735,3,37314,0,37314,37314,-1,0,-1,224259,0,w2,37314,0,224259,68087,-1,444829,Available,-1,Available,150,100,140,Below Trend,-1,On Track,08/24 00:00:00 CDT,-1,w4,0,2015-08-27 00:00:00,Contract,-1,Contract,2058911,-1,2058912,45391,-1,317735,68087,-1,444829,True,True,224259,True,0,0,0,0
2015-08-24,2015-08-24 00:00:00,Exxon,PILOT TRAVEL CENTERS LLC 103637 WS,LOCKPORT IL (MOC) - 00MD,ULSD,45391,-1,317735,3,52213,0,52213,52213,-1,0,-1,276472,0,w2,52213,0,276472,68087,-1,444829,Available,-1,Available,150,100,140,Below Trend,-1,On Track,08/25 00:00:00 CDT,-1,w4,0,2015-08-27 00:00:00,Contract,-1,Contract,2096958,-1,2096959,45391,-1,317735,68087,-1,444829,True,True,276472,True,0,0,0,0
2015-08-25,2015-08-25 00:00:00,Exxon,PILOT TRAVEL CENTERS LLC 103637 WS,LOCKPORT IL (MOC) - 00MD,ULSD,45391,-1,317735,3,74690,0,74690,74690,-1,0,-1,351162,0,w2,74690,0,351162,68087,-1,444829,Out,-1,Out,150,100,140,On Track,-1,On Track,08/26 00:00:00 CDT,-1,w4,0,2015-08-27 00:00:00,Contract,-1,Contract,2127956,-1,2127957,45391,-1,317735,68087,-1,444829,True,True,351162,True,0,0,0,0
2015-08-26,2015-08-26 00:00:00,Exxon,PILOT TRAVEL CENTERS LLC 103637 WS,LOCKPORT IL (MOC) - 00MD,ULSD,45391,-1,317735,0,74822,0,74822,74822,-1,0,-1,425984,0,w2,74822,0,425984,68087,-1,444829,Out,-1,Out,150,100,140,On Track,-1,On Track,08/27 00:00:00 CDT,-1,w4,0,2015-08-27 00:00:00,Contract,-1,Contract,2155545,-1,2155546,45391,-1,317735,68087,-1,444829,True,True,425984,True,0,0,0,0
2015-08-27,2015-08-27 00:00:00,Exxon,PILOT TRAVEL CENTERS LLC 103637 WS,LOCKPORT IL (MOC) - 00MD,ULSD,45391,-1,317735,3,74518,0,74518,74518,-1,0,-1,74518,0,w3,74518,0,74518,68087,-1,444829,Out,-1,Out,150,100,140,On Track,-1,Above Trend,08/28 00:00:00 CDT,-1,w5,0,2015-09-03 00:00:00,Contract,-1,Contract,2182754,-1,2182755,45391,-1,317735,68087,-1,444829,True,True,74518,True,0,0,0,0
2015-08-28,2015-08-28 00:00:00,Exxon,PILOT TRAVEL CENTERS LLC 103637 WS,LOCKPORT IL (MOC) - 00MD,ULSD,45391,-1,317735,3,37350,0,7450,7450,-1,0,-1,81968,0,w3,7450,0,81968,68087,-1,444829,Available,-1,Available,150,100,140,Below Trend,-1,On Track,08/29 00:00:00 CDT,-1,w5,0,2015-09-03 00:00:00,Contract,-1,Contract,2190878,-1,2190879,45391,-1,317735,68087,-1,444829,True,False,111868,True,0,0,0,0
2015-08-29,2015-08-29 00:00:00,Exxon,PILOT TRAVEL CENTERS LLC 103637 WS,LOCKPORT IL (MOC) - 00MD,ULSD,45391,-1,317735,3,74705,1,104605,74705,-1,0,-1,186573,0,w3,74705,0,186573,68087,-1,444829,Out,-1,Out,150,100,140,On Track,-1,On Track,08/30 00:00:00 CDT,-1,w5,0,2015-09-03 00:00:00,Contract,-1,Contract,2240428,-1,2240429,45391,-1,317735,68087,-1,444829,True,True,186573,True,0,0,0,0
2015-08-30,2015-08-30 00:00:00,Exxon,PILOT TRAVEL CENTERS LLC 103637 WS,LOCKPORT IL (MOC) - 00MD,ULSD,45391,-1,317735,3,29903,0,7503,7503,-1,0,-1,194076,0,w3,7503,0,194076,68087,-1,444829,Available,-1,Available,150,100,140,Below Trend,-1,On Track,08/31 00:00:00 CDT,-1,w5,0,2015-09-03 00:00:00,Contract,-1,Contract,2248397,-1,2248398,45391,-1,317735,68087,-1,444829,True,False,216476,True,0,0,0,0
2015-08-31,2015-08-31 00:00:00,Exxon,PILOT TRAVEL CENTERS LLC 103637 WS,LOCKPORT IL (MOC) - 00MD,ULSD,61680,-1,317735,0,67398,1,89798,67398,-1,0,-1,283874,0,w3,67398,0,283874,92520,-1,444829,Available,-1,Available,150,100,140,On Track,-1,On Track,09/01 00:00:00 CDT,-1,w5,0,2015-09-03 00:00:00,Contract,-1,Contract,2292733,-1,2292734,61680,-1,317735,92520,-1,444829,True,True,283874,True,0,0,0,0
