,date,supplier_name,account_type,supplier_terminal_name,product_name,base_gallons_Daily,base_gallons_Monthly,base_gallons_Weekly,lifted_gallons_daily_flag,lifted_gallons_daily_modified,Modified_WeeksByLiftedGallons,lifted_gallons_modified_WeeksByLiftedGallons,lifted_gallons_Daily,Lifted_actual_monthly,lifted_gallons_monthly_flag,lifted_gallons_Monthly,Lifted_actual_weekly,lifted_gallons_weekly_flag,WeeksByLiftedGallons,lifted_gallonsWeekly_modified_aposteriori,Modified_LiftedGallonsaposteriori,lifted_gallons_Weekly,beginning_gallons_Daily,beginning_gallons_Monthly,beginning_gallons_Weekly,en_allocation_status_Daily,en_allocation_status_Monthly,en_allocation_status_Weekly,percentage_allocation_Daily,percentage_allocation_Monthly,percentage_allocation_Weekly,alerts_ratability_Daily,alerts_ratability_Monthly,alerts_ratability_Weekly,next_refresh_date_Daily,next_refresh_date_Monthly,Week_switch,Modified_NRD,next_refresh_date_Weekly,en_account_type_Daily,en_account_type_Monthly,en_account_type_Weekly,staging_id_Daily,staging_id_Monthly,staging_id_Weekly,base_gallons_Daily_Reconciled,base_gallons_Monthly_Reconciled,base_gallons_Weekly_Reconciled,beginning_gallons_Daily_Reconciled,beginning_gallons_Monthly_Reconciled,beginning_gallons_Weekly_Reconciled,sanityWeekly_CumulativeDaily_WeeksByLiftedGallons,sanityWeekly_CumulativeDaily_NextRefreshDate,computedWeekly,sanityComputedWeekly,computedMonthly,sanityComputedMonthly,sanityMonthly_CumulativeDaily_WeeksByLiftedGallons,sanityMonthly_CumulativeDaily_WeeksByNextRefreshDate
2015-08-01,2015-08-01 00:00:00,Exxon,PILOT TRAVEL CENTERS LLC 103637 IW,HAMMOND IN (MOC) - 00DH,ULSD,400560,-1,2803923,3,216516,0,208914,208914,-1,0,-1,995297,0,w1,208914,0,995297,600840,-1,3925492,Available,-1,Available,150,100,140,Below Trend,-1,Below Trend,08/02 00:00:00 EDT,-1,w1,0,2015-08-06 00:00:00,Contract,-1,Contract,1273478,-1,1273479,400560,-1,2803923,600840,-1,3925492,True,False,216516,False,0,0,0,0
2015-08-02,2015-08-02 00:00:00,Exxon,PILOT TRAVEL CENTERS LLC 103637 IW,HAMMOND IN (MOC) - 00DH,ULSD,400560,-1,2803923,3,185824,1,186026,178424,-1,0,-1,1181323,0,w1,178424,0,1181323,600840,-1,3925492,Available,-1,Available,150,100,140,Below Trend,-1,Below Trend,08/03 00:00:00 EDT,-1,w1,0,2015-08-06 00:00:00,Contract,-1,Contract,1303437,-1,1303438,400560,-1,2803923,600840,-1,3925492,True,False,402340,False,0,0,0,0
2015-08-03,2015-08-03 00:00:00,Exxon,PILOT TRAVEL CENTERS LLC 103637 IW,HAMMOND IN (MOC) - 00DH,ULSD,400560,-1,2803923,3,333247,1,325945,318545,-1,0,-1,1507268,0,w1,318545,0,1507268,600840,-1,3925492,Available,-1,Available,150,100,140,Below Trend,-1,Below Trend,08/04 00:00:00 EDT,-1,w1,0,2015-08-06 00:00:00,Contract,-1,Contract,1332756,-1,1332757,400560,-1,2803923,600840,-1,3925492,True,False,735587,False,0,0,0,0
2015-08-04,2015-08-04 00:00:00,Exxon,PILOT TRAVEL CENTERS LLC 103637 IW,HAMMOND IN (MOC) - 00DH,ULSD,400560,-1,2803923,3,530190,1,537592,522890,-1,0,-1,2044860,0,w1,522890,0,2044860,600840,-1,3925492,Available,-1,Available,150,100,140,On Track,-1,Below Trend,08/05 00:00:00 EDT,-1,w1,0,2015-08-06 00:00:00,Contract,-1,Contract,1362940,-1,1362941,400560,-1,2803923,600840,-1,3925492,True,False,1265777,False,0,0,0,0
2015-08-05,2015-08-05 00:00:00,Exxon,PILOT TRAVEL CENTERS LLC 103637 IW,HAMMOND IN (MOC) - 00DH,ULSD,400560,-1,2803923,0,486021,1,493321,486021,-1,0,-1,2538181,0,w1,486021,0,2538181,600840,-1,3925492,Available,-1,Available,150,100,140,On Track,-1,Below Trend,08/06 00:00:00 EDT,-1,w1,0,2015-08-06 00:00:00,Contract,-1,Contract,1394106,-1,1394107,400560,-1,2803923,600840,-1,3925492,True,True,1751798,False,0,0,0,0
2015-08-06,2015-08-06 00:00:00,Exxon,PILOT TRAVEL CENTERS LLC 103637 IW,HAMMOND IN (MOC) - 00DH,ULSD,400560,-1,2803923,3,523047,0,523047,523047,-1,0,-1,523047,0,w2,523047,0,523047,600840,-1,3925492,Available,-1,Available,150,100,140,On Track,-1,On Track,08/07 00:00:00 EDT,-1,w2,0,2015-08-13 00:00:00,Contract,-1,Contract,1428296,-1,1428297,400560,-1,2803923,600840,-1,3925492,True,True,523047,True,0,0,0,0
2015-08-07,2015-08-07 00:00:00,Exxon,PILOT TRAVEL CENTERS LLC 103637 IW,HAMMOND IN (MOC) - 00DH,ULSD,400560,-1,2803923,3,365429,0,350417,350417,-1,0,-1,873464,0,w2,350417,0,873464,600840,-1,3925492,Available,-1,Available,150,100,140,Below Trend,-1,Below Trend,08/08 00:00:00 EDT,-1,w2,0,2015-08-13 00:00:00,Contract,-1,Contract,1462808,-1,1462809,400560,-1,2803923,600840,-1,3925492,True,False,888476,True,0,0,0,0
2015-08-08,2015-08-08 00:00:00,Exxon,PILOT TRAVEL CENTERS LLC 103637 IW,HAMMOND IN (MOC) - 00DH,ULSD,400560,-1,2803923,3,239546,1,254558,239546,-1,0,-1,1128022,0,w2,239546,0,1128022,600840,-1,3925492,Available,-1,Available,150,100,140,Below Trend,-1,Below Trend,08/09 00:00:00 EDT,-1,w2,0,2015-08-13 00:00:00,Contract,-1,Contract,1497097,-1,1497098,400560,-1,2803923,600840,-1,3925492,True,True,1128022,True,0,0,0,0
2015-08-09,2015-08-09 00:00:00,Exxon,PILOT TRAVEL CENTERS LLC 103637 IW,HAMMOND IN (MOC) - 00DH,ULSD,400560,-1,2803923,3,237494,0,222592,222592,-1,0,-1,1350614,0,w2,222592,0,1350614,600840,-1,3925492,Available,-1,Available,150,100,140,Below Trend,-1,Below Trend,08/10 00:00:00 EDT,-1,w2,0,2015-08-13 00:00:00,Contract,-1,Contract,1530782,-1,1530783,400560,-1,2803923,600840,-1,3925492,True,False,1365516,True,0,0,0,0
2015-08-10,2015-08-10 00:00:00,Exxon,PILOT TRAVEL CENTERS LLC 103637 IW,HAMMOND IN (MOC) - 00DH,ULSD,400560,-1,2803923,3,315389,1,308191,293289,-1,0,-1,1658805,0,w2,293289,0,1658805,600840,-1,3925492,Available,-1,Available,150,100,140,Below Trend,-1,Below Trend,08/11 00:00:00 EDT,-1,w2,0,2015-08-13 00:00:00,Contract,-1,Contract,1563889,-1,1563890,400560,-1,2803923,600840,-1,3925492,True,False,1680905,True,0,0,0,0
2015-08-11,2015-08-11 00:00:00,Exxon,PILOT TRAVEL CENTERS LLC 103637 IW,HAMMOND IN (MOC) - 00DH,ULSD,400560,-1,2803923,3,524367,1,546467,524367,-1,0,-1,2205272,0,w2,524367,0,2205272,600840,-1,3925492,Available,-1,Available,150,100,140,On Track,-1,Below Trend,08/12 00:00:00 EDT,-1,w2,0,2015-08-13 00:00:00,Contract,-1,Contract,1595629,-1,1595630,400560,-1,2803923,600840,-1,3925492,True,True,2205272,True,0,0,0,0
2015-08-12,2015-08-12 00:00:00,Exxon,PILOT TRAVEL CENTERS LLC 103637 IW,HAMMOND IN (MOC) - 00DH,ULSD,400560,-1,2803923,0,509504,0,509504,509504,-1,0,-1,2714776,0,w2,509504,0,2714776,600840,-1,3925492,Available,-1,Available,150,100,140,On Track,-1,Below Trend,08/13 00:00:00 EDT,-1,w2,0,2015-08-13 00:00:00,Contract,-1,Contract,1636134,-1,1636135,400560,-1,2803923,600840,-1,3925492,True,True,2714776,True,0,0,0,0
2015-08-13,2015-08-13 00:00:00,Exxon,PILOT TRAVEL CENTERS LLC 103637 IW,HAMMOND IN (MOC) - 00DH,ULSD,400560,-1,2803923,0,181349,0,181349,181349,-1,0,-1,181349,0,w3,181349,0,181349,600840,-1,3925492,Available,-1,Available,150,100,140,On Track,-1,On Track,08/14 00:00:00 EDT,-1,w3,0,2015-08-20 00:00:00,Contract,-1,Contract,1648158,-1,1648159,400560,-1,2803923,600840,-1,3925492,True,True,0,0,0,0,0,0
2015-08-14,2015-08-14 00:00:00,Exxon,PILOT TRAVEL CENTERS LLC 103637 IW,HAMMOND IN (MOC) - 00DH,ULSD,400560,-1,2803923,0,-1,0,-1,-1,-1,0,-1,-1,0,w4,-1,0,-1,600840,-1,3925492,-1,-1,-1,100,100,100,-1,-1,-1,-1,-1,w3,1,2015-08-20 00:00:00,-1,-1,-1,-1,-1,-1,600840,-1,3925492,400560,-1,2803923,True,False,0,0,0,0,0,0
2015-08-15,2015-08-15 00:00:00,Exxon,PILOT TRAVEL CENTERS LLC 103637 IW,HAMMOND IN (MOC) - 00DH,ULSD,400560,-1,2803923,0,-1,0,-1,-1,-1,0,-1,-1,0,w4,-1,0,-1,600840,-1,3925492,-1,-1,-1,100,100,100,-1,-1,-1,-1,-1,w3,1,2015-08-20 00:00:00,-1,-1,-1,-1,-1,-1,600840,-1,3925492,400560,-1,2803923,False,False,0,0,0,0,0,0
2015-08-16,2015-08-16 00:00:00,Exxon,PILOT TRAVEL CENTERS LLC 103637 IW,HAMMOND IN (MOC) - 00DH,ULSD,400560,-1,2803923,0,-1,0,-1,-1,-1,0,-1,-1,0,w4,-1,0,-1,600840,-1,3925492,-1,-1,-1,100,100,100,-1,-1,-1,-1,-1,w3,1,2015-08-20 00:00:00,-1,-1,-1,-1,-1,-1,600840,-1,3925492,400560,-1,2803923,False,False,0,0,0,0,0,0
2015-08-17,2015-08-17 00:00:00,Exxon,PILOT TRAVEL CENTERS LLC 103637 IW,HAMMOND IN (MOC) - 00DH,ULSD,400560,-1,2803923,0,-1,0,-1,-1,-1,0,-1,-1,0,w4,-1,0,-1,600840,-1,3925492,-1,-1,-1,100,100,100,-1,-1,-1,-1,-1,w3,1,2015-08-20 00:00:00,-1,-1,-1,-1,-1,-1,600840,-1,3925492,400560,-1,2803923,False,False,0,0,0,0,0,0
2015-08-18,2015-08-18 00:00:00,Exxon,PILOT TRAVEL CENTERS LLC 103637 IW,HAMMOND IN (MOC) - 00DH,ULSD,400560,-1,2803923,0,-1,0,-1,-1,-1,0,-1,-1,0,w4,-1,0,-1,600840,-1,3925492,-1,-1,-1,100,100,100,-1,-1,-1,-1,-1,w3,1,2015-08-20 00:00:00,-1,-1,-1,-1,-1,-1,600840,-1,3925492,400560,-1,2803923,False,False,0,0,0,0,0,0
2015-08-19,2015-08-19 00:00:00,Exxon,PILOT TRAVEL CENTERS LLC 103637 IW,HAMMOND IN (MOC) - 00DH,ULSD,400560,-1,2803923,0,-1,0,-1,-1,-1,0,-1,-1,0,w4,-1,0,-1,600840,-1,3925492,-1,-1,-1,100,100,100,-1,-1,-1,-1,-1,w3,1,2015-08-20 00:00:00,-1,-1,-1,-1,-1,-1,600840,-1,3925492,400560,-1,2803923,False,False,0,0,0,0,0,0
2015-08-20,2015-08-20 00:00:00,Exxon,PILOT TRAVEL CENTERS LLC 103637 IW,HAMMOND IN (MOC) - 00DH,ULSD,400560,-1,2803923,0,-1,0,-1,-1,-1,0,-1,-1,0,w4,-1,0,-1,600840,-1,3925492,-1,-1,-1,100,100,100,-1,-1,-1,-1,-1,w4,1,2015-08-27 00:00:00,-1,-1,-1,-1,-1,-1,600840,-1,3925492,400560,-1,2803923,False,True,0,0,0,0,0,0
2015-08-21,2015-08-21 00:00:00,Exxon,PILOT TRAVEL CENTERS LLC 103637 IW,HAMMOND IN (MOC) - 00DH,ULSD,400560,-1,2803923,0,-1,0,-1,-1,-1,0,-1,-1,0,w4,-1,0,-1,600840,-1,3925492,-1,-1,-1,100,100,100,-1,-1,-1,-1,-1,w4,1,2015-08-27 00:00:00,-1,-1,-1,-1,-1,-1,600840,-1,3925492,400560,-1,2803923,False,False,0,0,0,0,0,0
2015-08-22,2015-08-22 00:00:00,Exxon,PILOT TRAVEL CENTERS LLC 103637 IW,HAMMOND IN (MOC) - 00DH,ULSD,400560,-1,2803923,0,-1,0,-1,-1,-1,0,-1,-1,0,w4,-1,0,-1,600840,-1,3925492,-1,-1,-1,100,100,100,-1,-1,-1,-1,-1,w4,1,2015-08-27 00:00:00,-1,-1,-1,-1,-1,-1,600840,-1,3925492,400560,-1,2803923,False,False,0,0,0,0,0,0
2015-08-23,2015-08-23 00:00:00,Exxon,PILOT TRAVEL CENTERS LLC 103637 IW,HAMMOND IN (MOC) - 00DH,ULSD,400560,-1,2803923,0,-1,0,-1,-1,-1,0,-1,-1,0,w4,-1,0,-1,600840,-1,3925492,-1,-1,-1,100,100,100,-1,-1,-1,-1,-1,w4,1,2015-08-27 00:00:00,-1,-1,-1,-1,-1,-1,600840,-1,3925492,400560,-1,2803923,False,False,0,0,0,0,0,0
2015-08-24,2015-08-24 00:00:00,Exxon,PILOT TRAVEL CENTERS LLC 103637 IW,HAMMOND IN (MOC) - 00DH,ULSD,400560,-1,2803923,0,-1,0,-1,-1,-1,0,-1,-1,0,w4,-1,0,-1,600840,-1,3925492,-1,-1,-1,100,100,100,-1,-1,-1,-1,-1,w4,1,2015-08-27 00:00:00,-1,-1,-1,-1,-1,-1,600840,-1,3925492,400560,-1,2803923,False,False,0,0,0,0,0,0
2015-08-25,2015-08-25 00:00:00,Exxon,PILOT TRAVEL CENTERS LLC 103637 IW,HAMMOND IN (MOC) - 00DH,ULSD,400560,-1,2803923,0,-1,0,-1,-1,-1,0,-1,-1,0,w4,-1,0,-1,600840,-1,3925492,-1,-1,-1,100,100,100,-1,-1,-1,-1,-1,w4,1,2015-08-27 00:00:00,-1,-1,-1,-1,-1,-1,600840,-1,3925492,400560,-1,2803923,False,False,0,0,0,0,0,0
2015-08-26,2015-08-26 00:00:00,Exxon,PILOT TRAVEL CENTERS LLC 103637 IW,HAMMOND IN (MOC) - 00DH,ULSD,400560,-1,2803923,0,-1,0,-1,-1,-1,0,-1,-1,0,w4,-1,0,-1,600840,-1,3925492,-1,-1,-1,100,100,100,-1,-1,-1,-1,-1,w4,1,2015-08-27 00:00:00,-1,-1,-1,-1,-1,-1,600840,-1,3925492,400560,-1,2803923,False,False,0,0,0,0,0,0
2015-08-27,2015-08-27 00:00:00,Exxon,PILOT TRAVEL CENTERS LLC 103637 IW,HAMMOND IN (MOC) - 00DH,ULSD,400560,-1,2803923,0,-1,0,-1,-1,-1,0,-1,-1,0,w4,-1,0,-1,600840,-1,3925492,-1,-1,-1,100,100,100,-1,-1,-1,-1,-1,w5,1,2015-09-03 00:00:00,-1,-1,-1,-1,-1,-1,600840,-1,3925492,400560,-1,2803923,False,True,0,0,0,0,0,0
2015-08-28,2015-08-28 00:00:00,Exxon,PILOT TRAVEL CENTERS LLC 103637 IW,HAMMOND IN (MOC) - 00DH,ULSD,400560,-1,2803923,0,-1,0,-1,-1,-1,0,-1,-1,0,w4,-1,0,-1,600840,-1,3925492,-1,-1,-1,100,100,100,-1,-1,-1,-1,-1,w5,1,2015-09-03 00:00:00,-1,-1,-1,-1,-1,-1,600840,-1,3925492,400560,-1,2803923,False,False,0,0,0,0,0,0
2015-08-29,2015-08-29 00:00:00,Exxon,PILOT TRAVEL CENTERS LLC 103637 IW,HAMMOND IN (MOC) - 00DH,ULSD,400560,-1,2803923,0,-1,0,-1,-1,-1,0,-1,-1,0,w4,-1,0,-1,600840,-1,3925492,-1,-1,-1,100,100,100,-1,-1,-1,-1,-1,w5,1,2015-09-03 00:00:00,-1,-1,-1,-1,-1,-1,600840,-1,3925492,400560,-1,2803923,False,False,0,0,0,0,0,0
2015-08-30,2015-08-30 00:00:00,Exxon,PILOT TRAVEL CENTERS LLC 103637 IW,HAMMOND IN (MOC) - 00DH,ULSD,400560,-1,2803923,0,-1,0,-1,-1,-1,0,-1,-1,0,w4,-1,0,-1,600840,-1,3925492,-1,-1,-1,100,100,100,-1,-1,-1,-1,-1,w5,1,2015-09-03 00:00:00,-1,-1,-1,-1,-1,-1,600840,-1,3925492,400560,-1,2803923,False,False,0,0,0,0,0,0
2015-08-31,2015-08-31 00:00:00,Exxon,PILOT TRAVEL CENTERS LLC 103637 IW,HAMMOND IN (MOC) - 00DH,ULSD,400560,-1,2803923,0,-1,0,-1,-1,-1,0,-1,-1,0,w4,-1,0,-1,600840,-1,3925492,-1,-1,-1,100,100,100,-1,-1,-1,-1,-1,w5,1,2015-09-03 00:00:00,-1,-1,-1,-1,-1,-1,600840,-1,3925492,400560,-1,2803923,False,False,0,0,0,0,0,0
