,date,supplier_name,account_type,supplier_terminal_name,product_name,base_gallons_Daily,base_gallons_Monthly,base_gallons_Weekly,lifted_gallons_daily_flag,lifted_gallons_daily_modified,Modified_WeeksByLiftedGallons,lifted_gallons_modified_WeeksByLiftedGallons,lifted_gallons_Daily,Lifted_actual_monthly,lifted_gallons_monthly_flag,lifted_gallons_Monthly,Lifted_actual_weekly,lifted_gallons_weekly_flag,WeeksByLiftedGallons,lifted_gallonsWeekly_modified_aposteriori,Modified_LiftedGallonsaposteriori,lifted_gallons_Weekly,beginning_gallons_Daily,beginning_gallons_Monthly,beginning_gallons_Weekly,en_allocation_status_Daily,en_allocation_status_Monthly,en_allocation_status_Weekly,percentage_allocation_Daily,percentage_allocation_Monthly,percentage_allocation_Weekly,alerts_ratability_Daily,alerts_ratability_Monthly,alerts_ratability_Weekly,next_refresh_date_Daily,next_refresh_date_Monthly,Week_switch,Modified_NRD,next_refresh_date_Weekly,en_account_type_Daily,en_account_type_Monthly,en_account_type_Weekly,NRB_Daily,next_refresh_base_gallons_Daily,NRB_Monthly,next_refresh_base_gallons_Monthly,next_refresh_base_gallons_Weekly,remaining_gallons_Daily,remaining_gallons_Monthly,remaining_gallons_Weekly,additional_gallons_allowed_Daily,additional_gallons_allowed_Monthly,additional_gallons_allowed_Weekly,additional_gallons_remaining_Daily,additional_gallons_remaining_Monthly,additional_gallons_remaining_Weekly,staging_id_Daily,staging_id_Monthly,staging_id_Weekly,base_gallons_Daily_Reconciled,base_gallons_Monthly_Reconciled,base_gallons_Weekly_Reconciled,beginning_gallons_Daily_Reconciled,beginning_gallons_Monthly_Reconciled,beginning_gallons_Weekly_Reconciled,sanityWeekly_CumulativeDaily_WeeksByLiftedGallons,sanityWeekly_CumulativeDaily_NextRefreshDate,computedWeekly,computedMonthly,sanityComputedMonthly,remaining_gallons_Daily_Reconciled,remaining_gallons_Monthly_Reconciled,remaining_gallons_Weekly_Reconciled,additional_gallons_remaining_Daily_Reconciled,additional_gallons_remaining_Monthly_Reconciled,additional_gallons_remaining_Weekly_Reconciled,sanityMonthly_CumulativeDaily_WeeksByLiftedGallons,sanityMonthly_CumulativeDaily_WeeksByNextRefreshDate
2015-06-01,2015-06-01 00:00:00,Exxon,PILOT TRAVEL CENTERS LLC 103637 IW,HAMMOND IN (MOC) - 00DH,Reg RFG,42979,-1,313203,0,-1,0,-1,-1,-1,0,-1,-1,0,w1,-1,0,-1,17897,-1,438484,-1,-1,-1,100,100,100,-1,-1,-1,-1,-1,w1,1,2015-06-04 00:00:00,-1,-1,-1,42979,-1,-1,-1,-1,-1,-1,-1,-1,-1,-1,-1,-1,-1,-1,-1,-1,17897,-1,438484,42979,-1,313203,True,True,0,0,0,17898,-1,438485,-1,-1,-1,1,1
2015-06-02,2015-06-02 00:00:00,Exxon,PILOT TRAVEL CENTERS LLC 103637 IW,HAMMOND IN (MOC) - 00DH,Reg RFG,42979,-1,313203,0,8601,0,8601,8601,-1,0,-1,-1,0,w1,8601,0,-1,17897,-1,438484,Available,-1,-1,40,100,100,Above Trend,-1,-1,06/03 00:00:00 EDT,-1,w1,1,2015-06-04 00:00:00,Contract,-1,-1,42979,44743,-1,-1,-1,9296,-1,-1,0,-1,-1,0,-1,-1,269,-1,-1,44743,-1,438484,17192,-1,313203,False,False,0,0,0,9296,-1,438485,-1,-1,-1,0,0
2015-06-03,2015-06-03 00:00:00,Exxon,PILOT TRAVEL CENTERS LLC 103637 IW,HAMMOND IN (MOC) - 00DH,Reg RFG,42979,-1,313203,0,13700,0,13700,13700,-1,0,-1,-1,0,w1,13700,0,-1,17897,-1,438484,Available,-1,-1,40,100,100,Above Trend,-1,-1,06/04 00:00:00 EDT,-1,w1,1,2015-06-04 00:00:00,Contract,-1,-1,44743,44743,-1,-1,-1,4197,-1,-1,0,-1,-1,0,-1,-1,5982,-1,-1,44743,-1,438484,17192,-1,313203,False,False,0,0,0,4197,-1,438485,-1,-1,-1,0,0
2015-06-04,2015-06-04 00:00:00,Exxon,PILOT TRAVEL CENTERS LLC 103637 IW,HAMMOND IN (MOC) - 00DH,Reg RFG,44743,-1,313203,0,7300,0,7300,7300,-1,0,-1,7300,0,w1,7300,0,7300,67115,-1,438484,Available,-1,Available,150,100,140,Below Trend,-1,Below Trend,06/05 00:00:00 EDT,-1,w2,0,2015-06-11 00:00:00,Contract,-1,Contract,44743,44743,-1,-1,313203,59815,-1,431184,0,-1,0,0,-1,0,8696,-1,8697,44743,-1,313203,67115,-1,438484,False,True,0,0,0,59815,-1,431184,-1,-1,-1,0,0
2015-06-05,2015-06-05 00:00:00,Exxon,PILOT TRAVEL CENTERS LLC 103637 IW,HAMMOND IN (MOC) - 00DH,Reg RFG,44743,-1,313203,3,44612,1,44612,0,-1,0,-1,51912,0,w1,0,0,51912,67115,-1,438484,Available,-1,Available,150,100,140,Below Trend,-1,Below Trend,06/06 00:00:00 EDT,-1,w2,0,2015-06-11 00:00:00,Contract,-1,Contract,42979,44743,-1,-1,313203,67115,-1,386572,0,-1,0,0,-1,0,12591,-1,12592,44743,-1,313203,67115,-1,438484,False,True,0,0,0,22503,-1,386572,-1,-1,-1,0,0
2015-06-06,2015-06-06 00:00:00,Exxon,PILOT TRAVEL CENTERS LLC 103637 IW,HAMMOND IN (MOC) - 00DH,Reg RFG,42979,-1,313203,0,-1,0,-1,-1,-1,0,-1,-1,0,w2,-1,0,-1,17897,-1,438484,-1,-1,-1,100,100,100,-1,-1,-1,-1,-1,w2,1,2015-06-11 00:00:00,-1,-1,-1,42979,-1,-1,-1,-1,-1,-1,-1,-1,-1,-1,-1,-1,-1,-1,-1,-1,17897,-1,438484,42979,-1,313203,True,False,0,0,0,17898,-1,438485,-1,-1,-1,0,0
2015-06-07,2015-06-07 00:00:00,Exxon,PILOT TRAVEL CENTERS LLC 103637 IW,HAMMOND IN (MOC) - 00DH,Reg RFG,42979,-1,313203,0,-1,0,-1,-1,-1,0,-1,-1,0,w2,-1,0,-1,17897,-1,438484,-1,-1,-1,100,100,100,-1,-1,-1,-1,-1,w2,1,2015-06-11 00:00:00,-1,-1,-1,44743,-1,-1,-1,-1,-1,-1,-1,-1,-1,-1,-1,-1,-1,-1,-1,-1,17897,-1,438484,42979,-1,313203,False,False,0,0,0,17898,-1,438485,-1,-1,-1,0,0
2015-06-08,2015-06-08 00:00:00,Exxon,PILOT TRAVEL CENTERS LLC 103637 IW,HAMMOND IN (MOC) - 00DH,Reg RFG,44743,-1,313203,0,0,0,0,0,-1,0,-1,157775,0,w2,0,0,157775,67115,-1,438484,Available,-1,Available,150,100,140,Below Trend,-1,Below Trend,06/09 00:00:00 EDT,-1,w2,0,2015-06-11 00:00:00,Contract,-1,Contract,44743,44743,-1,-1,313203,67115,-1,280709,0,-1,0,0,-1,0,15208,-1,15209,44743,-1,313203,67115,-1,438484,False,False,0,0,0,67115,-1,280709,-1,-1,-1,0,0
2015-06-09,2015-06-09 00:00:00,Exxon,PILOT TRAVEL CENTERS LLC 103637 IW,HAMMOND IN (MOC) - 00DH,Reg RFG,44743,-1,313203,3,39006,1,39006,0,-1,0,-1,196781,0,w2,0,0,196781,67115,-1,438484,Available,-1,Available,150,100,140,Below Trend,-1,Below Trend,06/10 00:00:00 EDT,-1,w2,0,2015-06-11 00:00:00,Contract,-1,Contract,44743,44743,-1,-1,313203,67115,-1,241703,0,-1,0,0,-1,0,17950,-1,17951,44743,-1,313203,67115,-1,438484,False,False,0,0,0,28109,-1,241703,-1,-1,-1,0,0
2015-06-10,2015-06-10 00:00:00,Exxon,PILOT TRAVEL CENTERS LLC 103637 IW,HAMMOND IN (MOC) - 00DH,Reg RFG,44743,-1,313203,3,59912,1,59912,0,-1,0,-1,256693,0,w2,0,0,256693,67115,-1,438484,Available,-1,Available,150,100,140,Below Trend,-1,Below Trend,06/11 00:00:00 EDT,-1,w2,0,2015-06-11 00:00:00,Contract,-1,Contract,44743,44743,-1,-1,313203,67115,-1,181791,0,-1,0,0,-1,0,20821,-1,20822,44743,-1,313203,67115,-1,438484,False,False,0,0,0,7203,-1,181791,-1,-1,-1,0,0
2015-06-11,2015-06-11 00:00:00,Exxon,PILOT TRAVEL CENTERS LLC 103637 IW,HAMMOND IN (MOC) - 00DH,Reg RFG,44743,-1,313203,0,16506,0,16506,16506,-1,0,-1,16506,0,w3,16506,0,16506,67115,-1,438484,Available,-1,Available,150,100,140,On Track,-1,On Track,06/12 00:00:00 EDT,-1,w3,0,2015-06-18 00:00:00,Contract,-1,Contract,42979,44743,-1,-1,313203,50609,-1,421978,0,-1,0,0,-1,0,22287,-1,22288,44743,-1,313203,67115,-1,438484,True,True,16506,0,0,50609,-1,421978,-1,-1,-1,0,0
2015-06-12,2015-06-12 00:00:00,Exxon,PILOT TRAVEL CENTERS LLC 103637 IW,HAMMOND IN (MOC) - 00DH,Reg RFG,42979,-1,313203,4,69309,0,-1,-1,-1,0,-1,-1,4,w4,-1,0,85815,17897,-1,438484,-1,-1,-1,100,100,100,-1,-1,-1,-1,-1,w3,1,2015-06-18 00:00:00,-1,-1,-1,44743,-1,-1,-1,-1,-1,-1,-1,-1,-1,-1,-1,-1,-1,-1,-1,-1,17897,-1,438484,42979,-1,313203,True,True,85815,0,0,-51412,-1,352669,-1,-1,-1,0,0
2015-06-13,2015-06-13 00:00:00,Exxon,PILOT TRAVEL CENTERS LLC 103637 IW,HAMMOND IN (MOC) - 00DH,Reg RFG,44743,-1,313203,0,49016,0,49016,49016,-1,0,-1,134831,0,w4,49016,0,134831,67115,-1,438484,Available,-1,Available,150,100,140,Below Trend,-1,Below Trend,06/14 00:00:00 EDT,-1,w3,0,2015-06-18 00:00:00,Contract,-1,Contract,44743,44743,-1,-1,313203,18099,-1,303653,0,-1,0,0,-1,0,51153,-1,51154,44743,-1,313203,67115,-1,438484,False,True,134831,0,0,18099,-1,303653,-1,-1,-1,0,0
2015-06-14,2015-06-14 00:00:00,Exxon,PILOT TRAVEL CENTERS LLC 103637 IW,HAMMOND IN (MOC) - 00DH,Reg RFG,44743,-1,313203,0,57749,0,57749,57749,-1,0,-1,192580,0,w4,57749,0,192580,67115,-1,438484,Available,-1,Available,150,100,140,On Track,-1,Below Trend,06/15 00:00:00 EDT,-1,w3,0,2015-06-18 00:00:00,Contract,-1,Contract,44743,44743,-1,-1,313203,9366,-1,245904,0,-1,0,0,-1,0,70937,-1,70938,44743,-1,313203,67115,-1,438484,False,True,192580,0,0,9366,-1,245904,-1,-1,-1,0,0
2015-06-15,2015-06-15 00:00:00,Exxon,PILOT TRAVEL CENTERS LLC 103637 IW,HAMMOND IN (MOC) - 00DH,Reg RFG,44743,-1,313203,0,31000,0,31000,31000,-1,0,-1,223580,0,w4,31000,0,223580,67115,-1,438484,Available,-1,Available,150,100,140,Below Trend,-1,Below Trend,06/16 00:00:00 EDT,-1,w3,0,2015-06-18 00:00:00,Contract,-1,Contract,44743,44743,-1,-1,313203,36115,-1,214904,0,-1,0,0,-1,0,100220,-1,100221,44743,-1,313203,67115,-1,438484,False,True,223580,0,0,36115,-1,214904,-1,-1,-1,0,0
2015-06-16,2015-06-16 00:00:00,Exxon,PILOT TRAVEL CENTERS LLC 103637 IW,HAMMOND IN (MOC) - 00DH,Reg RFG,44743,-1,313203,0,39200,0,39200,39200,-1,0,-1,262780,0,w4,39200,0,262780,67115,-1,438484,Available,-1,Available,150,100,140,Below Trend,-1,Below Trend,06/17 00:00:00 EDT,-1,w3,0,2015-06-18 00:00:00,Contract,-1,Contract,44743,44743,-1,-1,313203,27915,-1,175704,0,-1,0,0,-1,0,122084,-1,122085,44743,-1,313203,67115,-1,438484,False,True,262780,0,0,27915,-1,175704,-1,-1,-1,0,0
2015-06-17,2015-06-17 00:00:00,Exxon,PILOT TRAVEL CENTERS LLC 103637 IW,HAMMOND IN (MOC) - 00DH,Reg RFG,44743,-1,313203,0,55919,0,55919,55919,-1,0,-1,318699,0,w4,55919,0,318699,67115,-1,438484,Available,-1,Available,150,100,140,On Track,-1,Below Trend,06/18 00:00:00 EDT,-1,w3,0,2015-06-18 00:00:00,Contract,-1,Contract,44743,44743,-1,-1,313203,11196,-1,119785,0,-1,0,0,-1,0,140691,-1,140692,44743,-1,313203,67115,-1,438484,False,True,318699,0,0,11196,-1,119785,-1,-1,-1,0,0
2015-06-18,2015-06-18 00:00:00,Exxon,PILOT TRAVEL CENTERS LLC 103637 IW,HAMMOND IN (MOC) - 00DH,Reg RFG,44743,-1,313203,0,68114,0,68114,68114,-1,0,-1,68114,0,w5,68114,0,68114,67115,-1,438484,Out,-1,Out,150,100,140,On Track,-1,On Track,06/19 00:00:00 EDT,-1,w4,0,2015-06-25 00:00:00,Contract,-1,Contract,44743,44743,-1,-1,313203,-1000,-1,370370,0,-1,0,0,-1,0,159426,-1,159427,44743,-1,313203,67115,-1,438484,True,True,68114,0,0,-999,-1,370370,-1,-1,-1,0,0
2015-06-19,2015-06-19 00:00:00,Exxon,PILOT TRAVEL CENTERS LLC 103637 IW,HAMMOND IN (MOC) - 00DH,Reg RFG,44743,-1,313203,0,25900,0,25900,25900,-1,0,-1,94014,0,w5,25900,0,94014,67115,-1,438484,Available,-1,Available,150,100,140,Below Trend,-1,Below Trend,06/20 00:00:00 EDT,-1,w4,0,2015-06-25 00:00:00,Contract,-1,Contract,44743,44743,-1,-1,313203,41215,-1,344470,0,-1,0,0,-1,0,176116,-1,176117,44743,-1,313203,67115,-1,438484,True,True,94014,0,0,41215,-1,344470,-1,-1,-1,0,0
2015-06-20,2015-06-20 00:00:00,Exxon,PILOT TRAVEL CENTERS LLC 103637 IW,HAMMOND IN (MOC) - 00DH,Reg RFG,44743,-1,313203,0,45105,0,45105,45105,-1,0,-1,139119,0,w5,45105,0,139119,67115,-1,438484,Available,-1,Available,150,100,140,Below Trend,-1,Below Trend,06/21 00:00:00 EDT,-1,w4,0,2015-06-25 00:00:00,Contract,-1,Contract,44743,44743,-1,-1,313203,22010,-1,299365,0,-1,0,0,-1,0,190612,-1,190613,44743,-1,313203,67115,-1,438484,True,True,139119,0,0,22010,-1,299365,-1,-1,-1,0,0
2015-06-21,2015-06-21 00:00:00,Exxon,PILOT TRAVEL CENTERS LLC 103637 IW,HAMMOND IN (MOC) - 00DH,Reg RFG,44743,-1,313203,3,76267,1,76267,67764,-1,0,-1,215386,0,w5,67764,0,215386,67115,-1,438484,Out,-1,Out,150,100,140,On Track,-1,On Track,06/22 00:00:00 EDT,-1,w4,0,2015-06-25 00:00:00,Contract,-1,Contract,44743,44743,-1,-1,313203,-650,-1,223098,0,-1,0,0,-1,0,216027,-1,216028,44743,-1,313203,67115,-1,438484,True,True,215386,0,0,-9152,-1,223098,-1,-1,-1,0,0
2015-06-22,2015-06-22 00:00:00,Exxon,PILOT TRAVEL CENTERS LLC 103637 IW,HAMMOND IN (MOC) - 00DH,Reg RFG,44743,-1,313203,0,42275,0,42275,42275,-1,0,-1,257661,0,w5,42275,0,257661,67115,-1,438484,Available,-1,Available,150,100,140,Below Trend,-1,On Track,06/23 00:00:00 EDT,-1,w4,0,2015-06-25 00:00:00,Contract,-1,Contract,44743,44743,-1,-1,313203,24840,-1,180823,0,-1,0,0,-1,0,238688,-1,238689,44743,-1,313203,67115,-1,438484,True,True,257661,0,0,24840,-1,180823,-1,-1,-1,0,0
2015-06-23,2015-06-23 00:00:00,Exxon,PILOT TRAVEL CENTERS LLC 103637 IW,HAMMOND IN (MOC) - 00DH,Reg RFG,44743,-1,313203,3,40116,1,40116,31416,-1,0,-1,297777,0,w5,31416,0,297777,67115,-1,438484,Available,-1,Available,150,100,140,Below Trend,-1,Below Trend,06/24 00:00:00 EDT,-1,w4,0,2015-06-25 00:00:00,Contract,-1,Contract,44743,44743,-1,-1,313203,35699,-1,140707,0,-1,0,0,-1,0,276429,-1,276430,44743,-1,313203,67115,-1,438484,True,True,297777,0,0,26999,-1,140707,-1,-1,-1,0,0
2015-06-24,2015-06-24 00:00:00,Exxon,PILOT TRAVEL CENTERS LLC 103637 IW,HAMMOND IN (MOC) - 00DH,Reg RFG,44743,-1,313203,0,52509,0,52509,52509,-1,0,-1,350286,0,w5,52509,0,350286,67115,-1,438484,Available,-1,Available,150,100,140,Below Trend,-1,Below Trend,06/25 00:00:00 EDT,-1,w4,0,2015-06-25 00:00:00,Contract,-1,Contract,44743,44743,-1,-1,313203,14606,-1,88198,0,-1,0,0,-1,0,307015,-1,307016,44743,-1,313203,67115,-1,438484,True,True,350286,0,0,14606,-1,88198,-1,-1,-1,0,0
2015-06-25,2015-06-25 00:00:00,Exxon,PILOT TRAVEL CENTERS LLC 103637 IW,HAMMOND IN (MOC) - 00DH,Reg RFG,44743,-1,313203,0,23806,0,23806,23806,-1,0,-1,23806,0,w6,23806,0,23806,67115,-1,438484,Available,-1,Available,150,100,140,Below Trend,-1,Below Trend,06/26 00:00:00 EDT,-1,w5,0,2015-07-02 00:00:00,Contract,-1,Contract,44743,44743,-1,-1,313203,43309,-1,414678,0,-1,0,0,-1,0,338441,-1,338442,44743,-1,313203,67115,-1,438484,True,True,23806,0,0,43309,-1,414678,-1,-1,-1,0,0
2015-06-26,2015-06-26 00:00:00,Exxon,PILOT TRAVEL CENTERS LLC 103637 IW,HAMMOND IN (MOC) - 00DH,Reg RFG,44743,-1,313203,0,50003,0,50003,50003,-1,0,-1,73809,0,w6,50003,0,73809,67115,-1,438484,Available,-1,Available,150,100,140,Below Trend,-1,Below Trend,06/27 00:00:00 EDT,-1,w5,0,2015-07-02 00:00:00,Contract,-1,Contract,44743,44743,-1,-1,313203,17112,-1,364675,0,-1,0,0,-1,0,367757,-1,367758,44743,-1,313203,67115,-1,438484,True,True,73809,0,0,17112,-1,364675,-1,-1,-1,0,0
2015-06-27,2015-06-27 00:00:00,Exxon,PILOT TRAVEL CENTERS LLC 103637 IW,HAMMOND IN (MOC) - 00DH,Reg RFG,44743,-1,313203,0,60022,0,60022,60022,-1,0,-1,133831,0,w6,60022,0,133831,67115,-1,438484,Available,-1,Available,150,100,140,On Track,-1,Below Trend,06/28 00:00:00 EDT,-1,w5,0,2015-07-02 00:00:00,Contract,-1,Contract,44743,44743,-1,-1,313203,7093,-1,304653,0,-1,0,0,-1,0,393022,-1,393023,44743,-1,313203,67115,-1,438484,True,True,133831,0,0,7093,-1,304653,-1,-1,-1,0,0
2015-06-28,2015-06-28 00:00:00,Exxon,PILOT TRAVEL CENTERS LLC 103637 IW,HAMMOND IN (MOC) - 00DH,Reg RFG,44743,-1,313203,0,74010,0,74010,74010,-1,0,-1,207841,0,w6,74010,0,207841,67115,-1,438484,Out,-1,Out,150,100,140,On Track,-1,On Track,06/29 00:00:00 EDT,-1,w5,0,2015-07-02 00:00:00,Contract,-1,Contract,44743,44743,-1,-1,313203,-6896,-1,230643,0,-1,0,0,-1,0,419073,-1,419074,44743,-1,313203,67115,-1,438484,True,True,207841,0,0,-6895,-1,230643,-1,-1,-1,0,0
2015-06-29,2015-06-29 00:00:00,Exxon,PILOT TRAVEL CENTERS LLC 103637 IW,HAMMOND IN (MOC) - 00DH,Reg RFG,44743,-1,313203,0,32307,0,32307,32307,-1,0,-1,240148,0,w6,32307,0,240148,67115,-1,438484,Available,-1,Available,150,100,140,Below Trend,-1,Below Trend,06/30 00:00:00 EDT,-1,w5,0,2015-07-02 00:00:00,Contract,-1,Contract,42979,42979,-1,-1,300852,34808,-1,198336,0,-1,0,0,-1,0,449888,-1,449889,44743,-1,313203,67115,-1,438484,True,True,240148,0,0,34808,-1,198336,-1,-1,-1,0,0
2015-06-30,2015-06-30 00:00:00,Exxon,PILOT TRAVEL CENTERS LLC 103637 IW,HAMMOND IN (MOC) - 00DH,Reg RFG,42979,-1,313203,0,24500,0,24500,24500,-1,0,-1,264648,0,w6,24500,0,264648,64469,-1,438484,Available,-1,Available,150,100,140,Below Trend,-1,Below Trend,07/01 00:00:00 EDT,-1,w5,0,2015-07-02 00:00:00,Contract,-1,Contract,42979,42979,-1,-1,300852,39969,-1,173836,0,-1,0,0,-1,0,476553,-1,476554,42979,-1,313203,64469,-1,438484,True,True,264648,0,0,39969,-1,173836,-1,-1,-1,0,0
