,date,supplier_name,account_type,supplier_terminal_name,product_name,base_gallons_Daily,base_gallons_Monthly,base_gallons_Weekly,lifted_gallons_daily_flag,lifted_gallons_daily_modified,Modified_WeeksByLiftedGallons,lifted_gallons_modified_WeeksByLiftedGallons,lifted_gallons_Daily,Lifted_actual_monthly,lifted_gallons_monthly_flag,lifted_gallons_Monthly,Lifted_actual_weekly,lifted_gallons_weekly_flag,WeeksByLiftedGallons,lifted_gallonsWeekly_modified_aposteriori,Modified_LiftedGallonsaposteriori,lifted_gallons_Weekly,beginning_gallons_Daily,beginning_gallons_Monthly,beginning_gallons_Weekly,en_allocation_status_Daily,en_allocation_status_Monthly,en_allocation_status_Weekly,percentage_allocation_Daily,percentage_allocation_Monthly,percentage_allocation_Weekly,alerts_ratability_Daily,alerts_ratability_Monthly,alerts_ratability_Weekly,next_refresh_date_Daily,next_refresh_date_Monthly,Week_switch,Modified_NRD,next_refresh_date_Weekly,en_account_type_Daily,en_account_type_Monthly,en_account_type_Weekly,next_refresh_base_gallons_Daily,next_refresh_base_gallons_Monthly,next_refresh_base_gallons_Weekly,staging_id_Daily,staging_id_Monthly,staging_id_Weekly,base_gallons_Daily_Reconciled,base_gallons_Monthly_Reconciled,base_gallons_Weekly_Reconciled,beginning_gallons_Daily_Reconciled,beginning_gallons_Monthly_Reconciled,beginning_gallons_Weekly_Reconciled,sanityWeekly_CumulativeDaily_WeeksByLiftedGallons,sanityWeekly_CumulativeDaily_NextRefreshDate,computedWeekly,computedMonthly,sanityComputedMonthly,sanityMonthly_CumulativeDaily_WeeksByLiftedGallons,sanityMonthly_CumulativeDaily_WeeksByNextRefreshDate
2015-06-01,2015-06-01 00:00:00,Exxon,PILOT TRAVEL CENTERS LLC 103637 IW,HAMMOND IN (MOC) - 00DH,ULSD,352781,12931557,3017363,0,-1,0,-1,-1,-1,0,-1,-1,0,w1,-1,0,-1,529172,129186254,4224308,-1,-1,-1,100,100,100,-1,-1,-1,-1,-1,w1,1,2015-06-04 00:00:00,-1,-1,-1,-1,-1,-1,-1,-1,-1,529172,129186254,4224308,352781,12931557,3017363,True,True,0,0,0,1,1
2015-06-02,2015-06-02 00:00:00,Exxon,PILOT TRAVEL CENTERS LLC 103637 IW,HAMMOND IN (MOC) - 00DH,ULSD,431052,-1,3017363,0,135499,0,135499,135499,-1,0,-1,1584465,0,w1,135499,0,1584465,646578,-1,4224308,Available,-1,Available,150,100,140,Below Trend,-1,Below Trend,06/03 00:00:00 EDT,-1,w1,0,2015-06-04 00:00:00,Contract,-1,Contract,431052,-1,3017363,270,-1,271,431052,-1,3017363,646578,-1,4224308,False,False,0,0,0,0,0
2015-06-03,2015-06-03 00:00:00,Exxon,PILOT TRAVEL CENTERS LLC 103637 IW,HAMMOND IN (MOC) - 00DH,ULSD,431052,-1,3017363,3,624757,1,624757,142057,-1,0,-1,2209222,0,w1,142057,0,2209222,646578,-1,4224308,Available,-1,Available,150,100,140,Below Trend,-1,Below Trend,06/04 00:00:00 EDT,-1,w1,0,2015-06-04 00:00:00,Contract,-1,Contract,431052,-1,3017363,5983,-1,5984,431052,-1,3017363,646578,-1,4224308,False,False,0,0,0,0,0
2015-06-04,2015-06-04 00:00:00,Exxon,PILOT TRAVEL CENTERS LLC 103637 IW,HAMMOND IN (MOC) - 00DH,ULSD,431052,-1,3017363,0,83143,0,83143,83143,-1,0,-1,83143,0,w2,83143,0,83143,646578,-1,4224308,Available,-1,Available,150,100,140,Below Trend,-1,Below Trend,06/05 00:00:00 EDT,-1,w2,0,2015-06-11 00:00:00,Contract,-1,Contract,431052,-1,3017363,8698,-1,8699,431052,-1,3017363,646578,-1,4224308,True,True,0,0,0,0,0
2015-06-05,2015-06-05 00:00:00,Exxon,PILOT TRAVEL CENTERS LLC 103637 IW,HAMMOND IN (MOC) - 00DH,ULSD,431052,-1,3017363,3,413159,1,413159,67022,-1,0,-1,496302,0,w2,67022,0,496302,646578,-1,4224308,Available,-1,Available,150,100,140,Below Trend,-1,Below Trend,06/06 00:00:00 EDT,-1,w2,0,2015-06-11 00:00:00,Contract,-1,Contract,431052,-1,3017363,12593,-1,12594,431052,-1,3017363,646578,-1,4224308,True,True,0,0,0,0,0
2015-06-06,2015-06-06 00:00:00,Exxon,PILOT TRAVEL CENTERS LLC 103637 IW,HAMMOND IN (MOC) - 00DH,ULSD,352781,12931557,3017363,0,-1,0,-1,-1,-1,0,-1,-1,0,w3,-1,0,-1,529172,129186254,4224308,-1,-1,-1,100,100,100,-1,-1,-1,-1,-1,w2,1,2015-06-11 00:00:00,-1,-1,-1,-1,-1,-1,-1,-1,-1,529172,129186254,4224308,352781,12931557,3017363,True,False,0,0,0,0,0
2015-06-07,2015-06-07 00:00:00,Exxon,PILOT TRAVEL CENTERS LLC 103637 IW,HAMMOND IN (MOC) - 00DH,ULSD,352781,12931557,3017363,0,-1,0,-1,-1,-1,0,-1,-1,0,w3,-1,0,-1,529172,129186254,4224308,-1,-1,-1,100,100,100,-1,-1,-1,-1,-1,w2,1,2015-06-11 00:00:00,-1,-1,-1,-1,-1,-1,-1,-1,-1,529172,129186254,4224308,352781,12931557,3017363,False,False,0,0,0,0,0
2015-06-08,2015-06-08 00:00:00,Exxon,PILOT TRAVEL CENTERS LLC 103637 IW,HAMMOND IN (MOC) - 00DH,ULSD,431052,-1,3017363,0,0,0,0,0,-1,0,-1,1214952,0,w3,0,0,1214952,646578,-1,4224308,Available,-1,Available,150,100,140,Below Trend,-1,Below Trend,06/09 00:00:00 EDT,-1,w2,0,2015-06-11 00:00:00,Contract,-1,Contract,431052,-1,3017363,15210,-1,15211,431052,-1,3017363,646578,-1,4224308,False,False,0,0,0,0,0
2015-06-09,2015-06-09 00:00:00,Exxon,PILOT TRAVEL CENTERS LLC 103637 IW,HAMMOND IN (MOC) - 00DH,ULSD,431052,-1,3017363,3,539086,1,539086,118999,-1,0,-1,1754038,0,w3,118999,0,1754038,646578,-1,4224308,Available,-1,Available,150,100,140,Below Trend,-1,Below Trend,06/10 00:00:00 EDT,-1,w2,0,2015-06-11 00:00:00,Contract,-1,Contract,431052,-1,3017363,17952,-1,17953,431052,-1,3017363,646578,-1,4224308,False,False,0,0,0,0,0
2015-06-10,2015-06-10 00:00:00,Exxon,PILOT TRAVEL CENTERS LLC 103637 IW,HAMMOND IN (MOC) - 00DH,ULSD,352781,12931557,3017363,0,-1,0,-1,-1,3600129,0,3600129,-1,0,w4,-1,0,-1,529172,129186254,4224308,-1,Available,-1,100,999,100,-1,Below Trend,-1,-1,07/01 00:00:00 EDT,w2,1,2015-06-11 00:00:00,-1,Contract,-1,-1,12931557,-1,-1,20823,-1,529172,12931557,4224308,352781,129186254,3017363,True,False,0,0,0,0,0
2015-06-11,2015-06-11 00:00:00,Exxon,PILOT TRAVEL CENTERS LLC 103637 IW,HAMMOND IN (MOC) - 00DH,ULSD,352781,12931557,3017363,1,705951,0,-1,-1,4306080,0,4306080,-1,1,w4,-1,0,705951,529172,129186254,4224308,-1,Available,-1,100,999,100,-1,Below Trend,-1,-1,07/01 00:00:00 EDT,w3,1,2015-06-18 00:00:00,-1,Contract,-1,-1,12931557,-1,-1,22289,-1,529172,12931557,4224308,352781,129186254,3017363,False,True,0,0,0,0,0
2015-06-12,2015-06-12 00:00:00,Exxon,PILOT TRAVEL CENTERS LLC 103637 IW,HAMMOND IN (MOC) - 00DH,ULSD,352781,12931557,3017363,0,-1,0,-1,-1,-1,0,-1,-1,0,w4,-1,0,-1,529172,129186254,4224308,-1,-1,-1,100,100,100,-1,-1,-1,-1,-1,w3,1,2015-06-18 00:00:00,-1,-1,-1,-1,-1,-1,-1,-1,-1,529172,129186254,4224308,352781,12931557,3017363,False,False,0,0,0,0,0
2015-06-13,2015-06-13 00:00:00,Exxon,PILOT TRAVEL CENTERS LLC 103637 IW,HAMMOND IN (MOC) - 00DH,ULSD,352781,12931557,3017363,0,-1,0,-1,-1,5436205,0,5436205,-1,0,w4,-1,0,-1,529172,129186254,4224308,-1,Available,-1,100,999,100,-1,Below Trend,-1,-1,07/01 00:00:00 EDT,w3,1,2015-06-18 00:00:00,-1,Contract,-1,-1,12931557,-1,-1,51155,-1,529172,12931557,4224308,352781,129186254,3017363,False,False,0,0,0,0,0
2015-06-14,2015-06-14 00:00:00,Exxon,PILOT TRAVEL CENTERS LLC 103637 IW,HAMMOND IN (MOC) - 00DH,ULSD,352781,12931557,3017363,1,235208,0,-1,-1,5671413,0,5671413,-1,0,w4,-1,0,-1,529172,129186254,4224308,-1,Available,-1,100,999,100,-1,Below Trend,-1,-1,07/01 00:00:00 EDT,w3,1,2015-06-18 00:00:00,-1,Contract,-1,-1,12931557,-1,-1,70939,-1,529172,12931557,4224308,352781,129186254,3017363,False,False,0,0,0,0,0
2015-06-15,2015-06-15 00:00:00,Exxon,PILOT TRAVEL CENTERS LLC 103637 IW,HAMMOND IN (MOC) - 00DH,ULSD,352781,12931557,3017363,1,367639,0,-1,-1,6039052,0,6039052,-1,0,w4,-1,0,-1,529172,129186254,4224308,-1,Available,-1,100,999,100,-1,Below Trend,-1,-1,07/01 00:00:00 EDT,w3,1,2015-06-18 00:00:00,-1,Contract,-1,-1,12931557,-1,-1,100222,-1,529172,12931557,4224308,352781,129186254,3017363,False,False,0,0,0,0,0
2015-06-16,2015-06-16 00:00:00,Exxon,PILOT TRAVEL CENTERS LLC 103637 IW,HAMMOND IN (MOC) - 00DH,ULSD,352781,12931557,3017363,1,542774,0,-1,-1,6581826,0,6581826,-1,0,w4,-1,0,-1,529172,129186254,4224308,-1,Available,-1,100,999,100,-1,Below Trend,-1,-1,07/01 00:00:00 EDT,w3,1,2015-06-18 00:00:00,-1,Contract,-1,-1,12931557,-1,-1,122086,-1,529172,12931557,4224308,352781,129186254,3017363,False,False,0,0,0,0,0
2015-06-17,2015-06-17 00:00:00,Exxon,PILOT TRAVEL CENTERS LLC 103637 IW,HAMMOND IN (MOC) - 00DH,ULSD,352781,12931557,3017363,1,613740,0,-1,-1,7195566,0,7195566,-1,0,w4,-1,0,-1,529172,129186254,4224308,-1,Available,-1,100,999,100,-1,Below Trend,-1,-1,07/01 00:00:00 EDT,w3,1,2015-06-18 00:00:00,-1,Contract,-1,-1,12931557,-1,-1,140693,-1,529172,12931557,4224308,352781,129186254,3017363,False,False,0,0,0,0,0
2015-06-18,2015-06-18 00:00:00,Exxon,PILOT TRAVEL CENTERS LLC 103637 IW,HAMMOND IN (MOC) - 00DH,ULSD,431052,-1,3017363,0,522325,0,522325,522325,-1,0,-1,522325,0,w4,522325,0,522325,646578,-1,4224308,Available,-1,Available,150,100,140,On Track,-1,On Track,06/19 00:00:00 EDT,-1,w4,0,2015-06-25 00:00:00,Contract,-1,Contract,431052,-1,3017363,159428,-1,159429,431052,-1,3017363,646578,-1,4224308,False,True,522325,0,0,0,0
2015-06-19,2015-06-19 00:00:00,Exxon,PILOT TRAVEL CENTERS LLC 103637 IW,HAMMOND IN (MOC) - 00DH,ULSD,431052,-1,3017363,3,366922,1,366922,337113,-1,0,-1,889247,0,w4,337113,0,889247,646578,-1,4224308,Available,-1,Available,150,100,140,Below Trend,-1,Below Trend,06/20 00:00:00 EDT,-1,w4,0,2015-06-25 00:00:00,Contract,-1,Contract,431052,-1,3017363,176118,-1,176119,431052,-1,3017363,646578,-1,4224308,False,True,889247,0,0,0,0
2015-06-20,2015-06-20 00:00:00,Exxon,PILOT TRAVEL CENTERS LLC 103637 IW,HAMMOND IN (MOC) - 00DH,ULSD,431052,-1,3017363,3,272824,1,272824,257920,-1,0,-1,1162071,0,w4,257920,0,1162071,646578,-1,4224308,Available,-1,Available,150,100,140,Below Trend,-1,Below Trend,06/21 00:00:00 EDT,-1,w4,0,2015-06-25 00:00:00,Contract,-1,Contract,431052,-1,3017363,190614,-1,190615,431052,-1,3017363,646578,-1,4224308,False,True,1162071,0,0,0,0
2015-06-21,2015-06-21 00:00:00,Exxon,PILOT TRAVEL CENTERS LLC 103637 IW,HAMMOND IN (MOC) - 00DH,ULSD,431052,-1,3017363,3,271700,1,271700,256794,-1,0,-1,1433771,0,w4,256794,0,1433771,646578,-1,4224308,Available,-1,Available,150,100,140,Below Trend,-1,Below Trend,06/22 00:00:00 EDT,-1,w4,0,2015-06-25 00:00:00,Contract,-1,Contract,431052,-1,3017363,216029,-1,216030,431052,-1,3017363,646578,-1,4224308,False,True,1433771,0,0,0,0
2015-06-22,2015-06-22 00:00:00,Exxon,PILOT TRAVEL CENTERS LLC 103637 IW,HAMMOND IN (MOC) - 00DH,ULSD,431052,-1,3017363,3,368716,1,368716,361214,-1,0,-1,1802487,0,w4,361214,0,1802487,646578,-1,4224308,Available,-1,Available,150,100,140,Below Trend,-1,Below Trend,06/23 00:00:00 EDT,-1,w4,0,2015-06-25 00:00:00,Contract,-1,Contract,431052,-1,3017363,238690,-1,238691,431052,-1,3017363,646578,-1,4224308,False,True,1802487,0,0,0,0
2015-06-23,2015-06-23 00:00:00,Exxon,PILOT TRAVEL CENTERS LLC 103637 IW,HAMMOND IN (MOC) - 00DH,ULSD,431052,-1,3017363,3,496075,1,496075,488575,-1,0,-1,2298562,0,w4,488575,0,2298562,646578,-1,4224308,Available,-1,Available,150,100,140,Below Trend,-1,Below Trend,06/24 00:00:00 EDT,-1,w4,0,2015-06-25 00:00:00,Contract,-1,Contract,431052,-1,3017363,276431,-1,276432,431052,-1,3017363,646578,-1,4224308,False,True,2298562,0,0,0,0
2015-06-24,2015-06-24 00:00:00,Exxon,PILOT TRAVEL CENTERS LLC 103637 IW,HAMMOND IN (MOC) - 00DH,ULSD,431052,-1,3017363,3,504439,1,504439,482041,-1,0,-1,2803001,0,w4,482041,0,2803001,646578,-1,4224308,Available,-1,Available,150,100,140,Below Trend,-1,Below Trend,06/25 00:00:00 EDT,-1,w4,0,2015-06-25 00:00:00,Contract,-1,Contract,431052,-1,3017363,307017,-1,307018,431052,-1,3017363,646578,-1,4224308,False,True,2803001,0,0,0,0
2015-06-25,2015-06-25 00:00:00,Exxon,PILOT TRAVEL CENTERS LLC 103637 IW,HAMMOND IN (MOC) - 00DH,ULSD,431052,-1,3017363,0,480727,0,480727,480727,-1,0,-1,480727,0,w5,480727,0,480727,646578,-1,4224308,Available,-1,Available,150,100,140,Below Trend,-1,On Track,06/26 00:00:00 EDT,-1,w5,0,2015-07-02 00:00:00,Contract,-1,Contract,431052,-1,3017363,338443,-1,338444,431052,-1,3017363,646578,-1,4224308,True,True,480727,0,0,0,0
2015-06-26,2015-06-26 00:00:00,Exxon,PILOT TRAVEL CENTERS LLC 103637 IW,HAMMOND IN (MOC) - 00DH,ULSD,431052,-1,3017363,3,391436,1,391436,376436,-1,0,-1,872163,0,w5,376436,0,872163,646578,-1,4224308,Available,-1,Available,150,100,140,Below Trend,-1,Below Trend,06/27 00:00:00 EDT,-1,w5,0,2015-07-02 00:00:00,Contract,-1,Contract,431052,-1,3017363,367759,-1,367760,431052,-1,3017363,646578,-1,4224308,True,True,872163,0,0,0,0
2015-06-27,2015-06-27 00:00:00,Exxon,PILOT TRAVEL CENTERS LLC 103637 IW,HAMMOND IN (MOC) - 00DH,ULSD,431052,-1,3017363,3,252587,1,252587,245136,-1,0,-1,1124750,0,w5,245136,0,1124750,646578,-1,4224308,Available,-1,Available,150,100,140,Below Trend,-1,Below Trend,06/28 00:00:00 EDT,-1,w5,0,2015-07-02 00:00:00,Contract,-1,Contract,431052,-1,3017363,393024,-1,393025,431052,-1,3017363,646578,-1,4224308,True,True,1124750,0,0,0,0
2015-06-28,2015-06-28 00:00:00,Exxon,PILOT TRAVEL CENTERS LLC 103637 IW,HAMMOND IN (MOC) - 00DH,ULSD,431052,-1,3017363,3,285026,1,285026,224814,-1,0,-1,1409776,0,w5,224814,0,1409776,646578,-1,4224308,Available,-1,Available,150,100,140,Below Trend,-1,Below Trend,06/29 00:00:00 EDT,-1,w5,0,2015-07-02 00:00:00,Contract,-1,Contract,431052,-1,3017363,419075,-1,419076,431052,-1,3017363,646578,-1,4224308,True,True,1409776,0,0,0,0
2015-06-29,2015-06-29 00:00:00,Exxon,PILOT TRAVEL CENTERS LLC 103637 IW,HAMMOND IN (MOC) - 00DH,ULSD,431052,-1,3017363,3,403270,1,403270,395870,-1,0,-1,1813046,0,w5,395870,0,1813046,646578,-1,4224308,Available,-1,Available,150,100,140,Below Trend,-1,Below Trend,06/30 00:00:00 EDT,-1,w5,0,2015-07-02 00:00:00,Contract,-1,Contract,352781,-1,2469465,449890,-1,449891,431052,-1,3017363,646578,-1,4224308,True,True,1813046,0,0,0,0
2015-06-30,2015-06-30 00:00:00,Exxon,PILOT TRAVEL CENTERS LLC 103637 IW,HAMMOND IN (MOC) - 00DH,ULSD,352781,-1,3017363,3,576156,1,576156,546550,-1,0,-1,2389202,0,w5,546550,0,2389202,529172,-1,4224308,Out,-1,Out,150,100,140,On Track,-1,Below Trend,07/01 00:00:00 EDT,-1,w5,0,2015-07-02 00:00:00,Contract,-1,Contract,352781,-1,2469465,476555,-1,476556,352781,-1,3017363,529172,-1,4224308,True,True,2389202,0,0,0,0
