,date,supplier_name,account_type,supplier_terminal_name,product_name,base_gallons_Daily,base_gallons_Monthly,base_gallons_Weekly,lifted_gallons_daily_flag,lifted_gallons_daily_modified,Modified_WeeksByLiftedGallons,lifted_gallons_modified_WeeksByLiftedGallons,lifted_gallons_Daily,Lifted_actual_monthly,lifted_gallons_monthly_flag,lifted_gallons_Monthly,Lifted_actual_weekly,lifted_gallons_weekly_flag,WeeksByLiftedGallons,lifted_gallonsWeekly_modified_aposteriori,Modified_LiftedGallonsaposteriori,lifted_gallons_Weekly,beginning_gallons_Daily,beginning_gallons_Monthly,beginning_gallons_Weekly,en_allocation_status_Daily,en_allocation_status_Monthly,en_allocation_status_Weekly,percentage_allocation_Daily,percentage_allocation_Monthly,percentage_allocation_Weekly,alerts_ratability_Daily,alerts_ratability_Monthly,alerts_ratability_Weekly,next_refresh_date_Daily,next_refresh_date_Monthly,Week_switch,Modified_NRD,next_refresh_date_Weekly,en_account_type_Daily,en_account_type_Monthly,en_account_type_Weekly,next_refresh_base_gallons_Daily,next_refresh_base_gallons_Monthly,next_refresh_base_gallons_Weekly,staging_id_Daily,staging_id_Monthly,staging_id_Weekly,base_gallons_Daily_Reconciled,base_gallons_Monthly_Reconciled,base_gallons_Weekly_Reconciled,beginning_gallons_Daily_Reconciled,beginning_gallons_Monthly_Reconciled,beginning_gallons_Weekly_Reconciled,sanityWeekly_CumulativeDaily_WeeksByLiftedGallons,sanityWeekly_CumulativeDaily_NextRefreshDate,computedWeekly,computedMonthly,sanityComputedMonthly,sanityMonthly_CumulativeDaily_WeeksByLiftedGallons,sanityMonthly_CumulativeDaily_WeeksByNextRefreshDate
2015-06-01,2015-06-01 00:00:00,Exxon,PILOT TRAVEL CENTERS LLC 103637 IW,COLTON CA KM TP - 00WM,Regular RFG,6895,-1,86846,0,-1,0,-1,-1,-1,0,-1,-1,0,w1,-1,0,-1,8619,-1,86846,-1,-1,-1,100,100,100,-1,-1,-1,-1,-1,w1,1,2015-06-04 00:00:00,-1,-1,-1,-1,-1,-1,-1,-1,-1,8619,-1,86846,6895,-1,86846,True,True,0,0,0,1,1
2015-06-02,2015-06-02 00:00:00,Exxon,PILOT TRAVEL CENTERS LLC 103637 IW,COLTON CA KM TP - 00WM,Regular RFG,12407,-1,86846,0,0,0,0,0,-1,0,-1,76032,0,w1,0,0,76032,15509,-1,95531,Available,-1,Available,125,100,110,Below Trend,-1,On Track,06/03 00:00:00 PDT,-1,w1,0,2015-06-04 00:00:00,Contract,-1,Contract,12407,-1,86846,263,-1,264,12407,-1,86846,15509,-1,95531,False,False,0,0,0,1,1
2015-06-03,2015-06-03 00:00:00,Exxon,PILOT TRAVEL CENTERS LLC 103637 IW,COLTON CA KM TP - 00WM,Regular RFG,12407,-1,86846,3,23714,1,23714,7702,-1,0,-1,99746,0,w1,7702,0,99746,15509,-1,95531,Out,-1,Out,125,100,110,Above Trend,-1,On Track,06/04 00:00:00 PDT,-1,w1,0,2015-06-04 00:00:00,Contract,-1,Contract,12407,-1,86846,5976,-1,5977,12407,-1,86846,15509,-1,95531,False,False,0,0,0,0,0
2015-06-04,2015-06-04 00:00:00,Exxon,PILOT TRAVEL CENTERS LLC 103637 IW,COLTON CA KM TP - 00WM,Regular RFG,12407,-1,86846,0,8499,0,8499,8499,-1,0,-1,8499,0,w2,8499,0,8499,15509,-1,95531,Available,-1,Available,125,100,110,Above Trend,-1,Above Trend,06/05 00:00:00 PDT,-1,w2,0,2015-06-11 00:00:00,Contract,-1,Contract,12407,-1,86846,8689,-1,8690,12407,-1,86846,15509,-1,95531,True,True,0,0,0,0,0
2015-06-05,2015-06-05 00:00:00,Exxon,PILOT TRAVEL CENTERS LLC 103637 IW,COLTON CA KM TP - 00WM,Regular RFG,12407,-1,86846,3,8500,1,8500,0,-1,0,-1,16999,0,w2,0,0,16999,15509,-1,95531,Available,-1,Available,125,100,110,Below Trend,-1,Above Trend,06/06 00:00:00 PDT,-1,w2,0,2015-06-11 00:00:00,Contract,-1,Contract,12407,-1,86846,12584,-1,12585,12407,-1,86846,15509,-1,95531,True,True,0,0,0,0,0
2015-06-06,2015-06-06 00:00:00,Exxon,PILOT TRAVEL CENTERS LLC 103637 IW,COLTON CA KM TP - 00WM,Regular RFG,6895,-1,86846,0,-1,0,-1,-1,-1,0,-1,-1,0,w3,-1,0,-1,8619,-1,86846,-1,-1,-1,100,100,100,-1,-1,-1,-1,-1,w2,1,2015-06-11 00:00:00,-1,-1,-1,-1,-1,-1,-1,-1,-1,8619,-1,86846,6895,-1,86846,True,False,0,0,0,0,0
2015-06-07,2015-06-07 00:00:00,Exxon,PILOT TRAVEL CENTERS LLC 103637 IW,COLTON CA KM TP - 00WM,Regular RFG,6895,-1,86846,0,-1,0,-1,-1,-1,0,-1,-1,0,w3,-1,0,-1,8619,-1,86846,-1,-1,-1,100,100,100,-1,-1,-1,-1,-1,w2,1,2015-06-11 00:00:00,-1,-1,-1,-1,-1,-1,-1,-1,-1,8619,-1,86846,6895,-1,86846,False,False,0,0,0,0,0
2015-06-08,2015-06-08 00:00:00,Exxon,PILOT TRAVEL CENTERS LLC 103637 IW,COLTON CA KM TP - 00WM,Regular RFG,12407,-1,86846,0,20850,0,20850,20850,-1,0,-1,69663,0,w3,20850,0,69663,15509,-1,95531,Out,-1,Out,125,100,110,Above Trend,-1,Above Trend,06/08 00:00:00 PDT,-1,w2,0,2015-06-11 00:00:00,Contract,-1,Contract,12407,-1,86846,15201,-1,15202,12407,-1,86846,15509,-1,95531,False,False,0,0,0,0,0
2015-06-09,2015-06-09 00:00:00,Exxon,PILOT TRAVEL CENTERS LLC 103637 IW,COLTON CA KM TP - 00WM,Regular RFG,12407,-1,86846,3,24003,1,24003,8202,-1,0,-1,93666,0,w3,8202,0,93666,12407,-1,86846,Out,-1,Out,100,100,100,Above Trend,-1,Above Trend,06/10 00:00:00 PDT,-1,w2,0,2015-06-11 00:00:00,Contract,-1,Contract,12407,-1,86846,17943,-1,17944,12407,-1,86846,12407,-1,86846,False,False,0,0,0,0,0
2015-06-10,2015-06-10 00:00:00,Exxon,PILOT TRAVEL CENTERS LLC 103637 IW,COLTON CA KM TP - 00WM,Regular RFG,12407,-1,86846,3,0,1,0,8202,-1,0,-1,93666,0,w3,8202,0,93666,12407,-1,86846,Out,-1,Out,100,100,100,Below Trend,-1,Above Trend,06/10 00:00:00 PDT,-1,w2,0,2015-06-11 00:00:00,Contract,-1,Contract,12407,-1,86846,20814,-1,20815,12407,-1,86846,12407,-1,86846,False,False,0,0,0,0,0
2015-06-11,2015-06-11 00:00:00,Exxon,PILOT TRAVEL CENTERS LLC 103637 IW,COLTON CA KM TP - 00WM,Regular RFG,12407,-1,86846,0,0,0,0,0,-1,0,-1,0,0,w4,0,0,0,12407,-1,86846,Available,-1,Available,100,100,100,Below Trend,-1,Below Trend,06/12 00:00:00 PDT,-1,w3,0,2015-06-18 00:00:00,Contract,-1,Contract,12407,-1,86846,22281,-1,22282,12407,-1,86846,12407,-1,86846,True,True,0,0,0,0,0
2015-06-12,2015-06-12 00:00:00,Exxon,PILOT TRAVEL CENTERS LLC 103637 IW,COLTON CA KM TP - 00WM,Regular RFG,6895,-1,86846,4,15902,0,-1,-1,-1,0,-1,-1,4,w5,-1,0,15902,8619,-1,86846,-1,-1,-1,100,100,100,-1,-1,-1,-1,-1,w3,1,2015-06-18 00:00:00,-1,-1,-1,-1,-1,-1,-1,-1,-1,8619,-1,86846,6895,-1,86846,True,True,15902,0,0,0,0
2015-06-13,2015-06-13 00:00:00,Exxon,PILOT TRAVEL CENTERS LLC 103637 IW,COLTON CA KM TP - 00WM,Regular RFG,12407,-1,86846,0,15001,0,15001,15001,-1,0,-1,30903,0,w5,15001,0,30903,12407,-1,86846,Out,-1,Out,100,100,100,Above Trend,-1,On Track,06/14 00:00:00 PDT,-1,w3,0,2015-06-18 00:00:00,Contract,-1,Contract,12407,-1,86846,51145,-1,51146,12407,-1,86846,12407,-1,86846,False,True,30903,0,0,0,0
2015-06-14,2015-06-14 00:00:00,Exxon,PILOT TRAVEL CENTERS LLC 103637 IW,COLTON CA KM TP - 00WM,Regular RFG,12407,-1,86846,0,14602,0,14602,14602,-1,0,-1,45505,0,w5,14602,0,45505,12407,-1,86846,Out,-1,Out,100,100,100,Above Trend,-1,On Track,06/15 00:00:00 PDT,-1,w3,0,2015-06-18 00:00:00,Contract,-1,Contract,12407,-1,86846,70929,-1,70930,12407,-1,86846,12407,-1,86846,False,True,45505,0,0,0,0
2015-06-15,2015-06-15 00:00:00,Exxon,PILOT TRAVEL CENTERS LLC 103637 IW,COLTON CA KM TP - 00WM,Regular RFG,12407,-1,86846,0,15203,0,15203,15203,-1,0,-1,60708,0,w5,15203,0,60708,12407,-1,86846,Out,-1,Out,100,100,100,Above Trend,-1,On Track,06/16 00:00:00 PDT,-1,w3,0,2015-06-18 00:00:00,Contract,-1,Contract,12407,-1,86846,100212,-1,100213,12407,-1,86846,12407,-1,86846,False,True,60708,0,0,0,0
2015-06-16,2015-06-16 00:00:00,Exxon,PILOT TRAVEL CENTERS LLC 103637 IW,COLTON CA KM TP - 00WM,Regular RFG,12407,-1,86846,0,15000,0,15000,15000,-1,0,-1,75708,0,w5,15000,0,75708,12407,-1,86846,Out,-1,Out,100,100,100,Above Trend,-1,On Track,06/17 00:00:00 PDT,-1,w3,0,2015-06-18 00:00:00,Contract,-1,Contract,12407,-1,86846,122077,-1,122078,12407,-1,86846,12407,-1,86846,False,True,75708,0,0,0,0
2015-06-17,2015-06-17 00:00:00,Exxon,PILOT TRAVEL CENTERS LLC 103637 IW,COLTON CA KM TP - 00WM,Regular RFG,12407,-1,86846,0,13509,0,13509,13509,-1,0,-1,89217,0,w5,13509,0,89217,12407,-1,86846,Out,-1,Out,100,100,100,Above Trend,-1,On Track,06/18 00:00:00 PDT,-1,w3,0,2015-06-18 00:00:00,Contract,-1,Contract,12407,-1,86846,140684,-1,140685,12407,-1,86846,12407,-1,86846,False,True,89217,0,0,0,0
2015-06-18,2015-06-18 00:00:00,Exxon,PILOT TRAVEL CENTERS LLC 103637 IW,COLTON CA KM TP - 00WM,Regular RFG,12407,-1,86846,0,14912,0,14912,14912,-1,0,-1,14912,0,w6,14912,0,14912,12407,-1,86846,Out,-1,Out,100,100,100,Above Trend,-1,Above Trend,06/19 00:00:00 PDT,-1,w4,0,2015-06-25 00:00:00,Contract,-1,Contract,12407,-1,86846,159419,-1,159420,12407,-1,86846,12407,-1,86846,True,True,14912,0,0,0,0
2015-06-19,2015-06-19 00:00:00,Exxon,PILOT TRAVEL CENTERS LLC 103637 IW,COLTON CA KM TP - 00WM,Regular RFG,12407,-1,86846,0,8500,0,8500,8500,-1,0,-1,23412,0,w6,8500,0,23412,12407,-1,86846,Available,-1,Available,100,100,100,Below Trend,-1,On Track,06/20 00:00:00 PDT,-1,w4,0,2015-06-25 00:00:00,Contract,-1,Contract,12407,-1,86846,176109,-1,176110,12407,-1,86846,12407,-1,86846,True,True,23412,0,0,0,0
2015-06-20,2015-06-20 00:00:00,Exxon,PILOT TRAVEL CENTERS LLC 103637 IW,COLTON CA KM TP - 00WM,Regular RFG,12407,-1,86846,0,15101,0,15101,15101,-1,0,-1,38513,0,w6,15101,0,38513,12407,-1,86846,Out,-1,Out,100,100,100,Above Trend,-1,On Track,06/21 00:00:00 PDT,-1,w4,0,2015-06-25 00:00:00,Contract,-1,Contract,12407,-1,86846,190605,-1,190606,12407,-1,86846,12407,-1,86846,True,True,38513,0,0,0,0
2015-06-21,2015-06-21 00:00:00,Exxon,PILOT TRAVEL CENTERS LLC 103637 IW,COLTON CA KM TP - 00WM,Regular RFG,12407,-1,86846,0,14602,0,14602,14602,-1,0,-1,53115,0,w6,14602,0,53115,12407,-1,86846,Out,-1,Out,100,100,100,Above Trend,-1,On Track,06/22 00:00:00 PDT,-1,w4,0,2015-06-25 00:00:00,Contract,-1,Contract,12407,-1,86846,216020,-1,216021,12407,-1,86846,12407,-1,86846,True,True,53115,0,0,0,0
2015-06-22,2015-06-22 00:00:00,Exxon,PILOT TRAVEL CENTERS LLC 103637 IW,COLTON CA KM TP - 00WM,Regular RFG,12407,-1,86846,0,20201,0,20201,20201,-1,0,-1,73316,0,w6,20201,0,73316,15509,-1,95531,Out,-1,Out,125,100,110,Above Trend,-1,On Track,06/23 00:00:00 PDT,-1,w4,0,2015-06-25 00:00:00,Contract,-1,Contract,12407,-1,86846,238681,-1,238682,12407,-1,86846,15509,-1,95531,True,True,73316,0,0,0,0
2015-06-23,2015-06-23 00:00:00,Exxon,PILOT TRAVEL CENTERS LLC 103637 IW,COLTON CA KM TP - 00WM,Regular RFG,12407,-1,86846,0,17001,0,17001,17001,-1,0,-1,90317,0,w6,17001,0,90317,15509,-1,95531,Out,-1,Out,125,100,110,Above Trend,-1,On Track,06/24 00:00:00 PDT,-1,w4,0,2015-06-25 00:00:00,Contract,-1,Contract,12407,-1,86846,276422,-1,276423,12407,-1,86846,15509,-1,95531,True,True,90317,0,0,0,0
2015-06-24,2015-06-24 00:00:00,Exxon,PILOT TRAVEL CENTERS LLC 103637 IW,COLTON CA KM TP - 00WM,Regular RFG,12407,-1,86846,0,8100,0,8100,8100,-1,0,-1,98417,0,w6,8100,0,98417,15509,-1,95531,Out,-1,Out,125,100,110,Below Trend,-1,On Track,06/25 00:00:00 PDT,-1,w4,0,2015-06-25 00:00:00,Contract,-1,Contract,12407,-1,86846,307008,-1,307009,12407,-1,86846,15509,-1,95531,True,True,98417,0,0,0,0
2015-06-25,2015-06-25 00:00:00,Exxon,PILOT TRAVEL CENTERS LLC 103637 IW,COLTON CA KM TP - 00WM,Regular RFG,12407,-1,86846,0,7300,0,7300,7300,-1,0,-1,7300,0,w7,7300,0,7300,15509,-1,95531,Available,-1,Available,125,100,110,Below Trend,-1,Below Trend,06/26 00:00:00 PDT,-1,w5,0,2015-07-02 00:00:00,Contract,-1,Contract,12407,-1,86846,338434,-1,338435,12407,-1,86846,15509,-1,95531,True,True,7300,0,0,0,0
2015-06-26,2015-06-26 00:00:00,Exxon,PILOT TRAVEL CENTERS LLC 103637 IW,COLTON CA KM TP - 00WM,Regular RFG,12407,-1,86846,0,15109,0,15109,15109,-1,0,-1,22409,0,w7,15109,0,22409,15509,-1,95531,Available,-1,Available,125,100,110,On Track,-1,On Track,06/27 00:00:00 PDT,-1,w5,0,2015-07-02 00:00:00,Contract,-1,Contract,12407,-1,86846,367750,-1,367751,12407,-1,86846,15509,-1,95531,True,True,22409,0,0,0,0
2015-06-27,2015-06-27 00:00:00,Exxon,PILOT TRAVEL CENTERS LLC 103637 IW,COLTON CA KM TP - 00WM,Regular RFG,12407,-1,86846,3,29203,1,29203,21903,-1,0,-1,51612,0,w7,21903,0,51612,15509,-1,95531,Out,-1,Out,125,100,110,Above Trend,-1,Above Trend,06/28 00:00:00 PDT,-1,w5,0,2015-07-02 00:00:00,Contract,-1,Contract,12407,-1,86846,393015,-1,393016,12407,-1,86846,15509,-1,95531,True,True,51612,0,0,0,0
2015-06-28,2015-06-28 00:00:00,Exxon,PILOT TRAVEL CENTERS LLC 103637 IW,COLTON CA KM TP - 00WM,Regular RFG,12407,-1,86846,0,17803,0,17803,17803,-1,0,-1,69415,0,w7,17803,0,69415,15509,-1,95531,Out,-1,Out,125,100,110,Above Trend,-1,Above Trend,06/29 00:00:00 PDT,-1,w5,0,2015-07-02 00:00:00,Contract,-1,Contract,12407,-1,86846,419066,-1,419067,12407,-1,86846,15509,-1,95531,True,True,69415,0,0,0,0
2015-06-29,2015-06-29 00:00:00,Exxon,PILOT TRAVEL CENTERS LLC 103637 IW,COLTON CA KM TP - 00WM,Regular RFG,12407,-1,86846,0,19300,0,19300,19300,-1,0,-1,88715,0,w7,19300,0,88715,15509,-1,95531,Out,-1,Out,125,100,110,Above Trend,-1,Above Trend,06/30 00:00:00 PDT,-1,w5,0,2015-07-02 00:00:00,Contract,-1,Contract,6895,-1,48264,449881,-1,449882,12407,-1,86846,15509,-1,95531,True,True,88715,0,0,0,0
2015-06-30,2015-06-30 00:00:00,Exxon,PILOT TRAVEL CENTERS LLC 103637 IW,COLTON CA KM TP - 00WM,Regular RFG,6895,-1,86846,0,7303,0,7303,7303,-1,0,-1,96018,0,w7,7303,0,96018,8619,-1,95531,Out,-1,Out,125,100,110,On Track,-1,On Track,07/01 00:00:00 PDT,-1,w5,0,2015-07-02 00:00:00,Contract,-1,Contract,6895,-1,48264,476546,-1,476547,6895,-1,86846,8619,-1,95531,True,True,96018,0,0,0,0
