,date,supplier_name,account_type,supplier_terminal_name,product_name,base_gallons_Daily,base_gallons_Monthly,base_gallons_Weekly,lifted_gallons_daily_flag,lifted_gallons_daily_modified,Modified_WeeksByLiftedGallons,lifted_gallons_modified_WeeksByLiftedGallons,lifted_gallons_Daily,Lifted_actual_monthly,lifted_gallons_monthly_flag,lifted_gallons_Monthly,Lifted_actual_weekly,lifted_gallons_weekly_flag,WeeksByLiftedGallons,lifted_gallonsWeekly_modified_aposteriori,Modified_LiftedGallonsaposteriori,lifted_gallons_Weekly,beginning_gallons_Daily,beginning_gallons_Monthly,beginning_gallons_Weekly,en_allocation_status_Daily,en_allocation_status_Monthly,en_allocation_status_Weekly,percentage_allocation_Daily,percentage_allocation_Monthly,percentage_allocation_Weekly,alerts_ratability_Daily,alerts_ratability_Monthly,alerts_ratability_Weekly,next_refresh_date_Daily,next_refresh_date_Monthly,Week_switch,Modified_NRD,next_refresh_date_Weekly,en_account_type_Daily,en_account_type_Monthly,en_account_type_Weekly,next_refresh_base_gallons_Daily,next_refresh_base_gallons_Monthly,next_refresh_base_gallons_Weekly,staging_id_Daily,staging_id_Monthly,staging_id_Weekly,base_gallons_Daily_Reconciled,base_gallons_Monthly_Reconciled,base_gallons_Weekly_Reconciled,beginning_gallons_Daily_Reconciled,beginning_gallons_Monthly_Reconciled,beginning_gallons_Weekly_Reconciled,sanityWeekly_CumulativeDaily_WeeksByLiftedGallons,sanityWeekly_CumulativeDaily_NextRefreshDate,computedWeekly,computedMonthly,sanityComputedMonthly,sanityMonthly_CumulativeDaily_WeeksByLiftedGallons,sanityMonthly_CumulativeDaily_WeeksByNextRefreshDate
2015-06-01,2015-06-01 00:00:00,Exxon,PILOT TRAVEL CENTERS LLC 103637 IW,MEMPHIS TN (MOC) - 00QE,Reg CBOB,32995,-1,230962,0,-1,0,-1,-1,-1,0,-1,-1,0,w1,-1,0,-1,13198,-1,92385,-1,-1,-1,100,100,100,-1,-1,-1,-1,-1,w1,1,2015-06-04 00:00:00,-1,-1,-1,-1,-1,-1,-1,-1,-1,13198,-1,92385,32995,-1,230962,True,True,0,0,0,1,1
2015-06-02,2015-06-02 00:00:00,Exxon,PILOT TRAVEL CENTERS LLC 103637 IW,MEMPHIS TN (MOC) - 00QE,Reg CBOB,32995,-1,230962,0,14750,0,14750,14750,-1,0,-1,-1,0,w1,14750,0,-1,13198,-1,92385,Available,-1,-1,125,100,100,On Track,-1,-1,06/03 00:00:00 CDT,-1,w1,1,2015-06-04 00:00:00,Contract,-1,-1,32995,-1,-1,278,-1,-1,10558,-1,92385,41244,-1,230962,False,False,0,0,0,0,0
2015-06-03,2015-06-03 00:00:00,Exxon,PILOT TRAVEL CENTERS LLC 103637 IW,MEMPHIS TN (MOC) - 00QE,Reg CBOB,32995,-1,230962,0,6400,0,6400,6400,-1,0,-1,-1,0,w1,6400,0,-1,13198,-1,92385,Available,-1,-1,125,100,100,Below Trend,-1,-1,06/04 00:00:00 CDT,-1,w1,1,2015-06-04 00:00:00,Contract,-1,-1,32995,-1,-1,5991,-1,-1,10558,-1,92385,41244,-1,230962,False,False,0,0,0,0,0
2015-06-04,2015-06-04 00:00:00,Exxon,PILOT TRAVEL CENTERS LLC 103637 IW,MEMPHIS TN (MOC) - 00QE,Reg CBOB,32995,-1,230962,0,5000,0,5000,5000,-1,0,-1,-1,0,w1,5000,0,-1,13198,-1,92385,Available,-1,-1,125,100,100,Below Trend,-1,-1,06/05 00:00:00 CDT,-1,w2,1,2015-06-11 00:00:00,Contract,-1,-1,32995,-1,-1,8706,-1,-1,10558,-1,92385,41244,-1,230962,False,False,0,0,0,0,0
2015-06-05,2015-06-05 00:00:00,Exxon,PILOT TRAVEL CENTERS LLC 103637 IW,MEMPHIS TN (MOC) - 00QE,Reg CBOB,32995,-1,230962,0,7400,0,7400,7400,-1,0,-1,-1,0,w1,7400,0,-1,13198,-1,92385,Available,-1,-1,125,100,100,Above Trend,-1,-1,06/06 00:00:00 CDT,-1,w2,1,2015-06-11 00:00:00,Contract,-1,-1,32995,-1,-1,12601,-1,-1,10558,-1,92385,41244,-1,230962,False,False,0,0,0,0,0
2015-06-06,2015-06-06 00:00:00,Exxon,PILOT TRAVEL CENTERS LLC 103637 IW,MEMPHIS TN (MOC) - 00QE,Reg CBOB,32995,-1,230962,0,-1,0,-1,-1,-1,0,-1,-1,0,w1,-1,0,-1,13198,-1,92385,-1,-1,-1,100,100,100,-1,-1,-1,-1,-1,w2,1,2015-06-11 00:00:00,-1,-1,-1,-1,-1,-1,-1,-1,-1,13198,-1,92385,32995,-1,230962,False,False,0,0,0,0,0
2015-06-07,2015-06-07 00:00:00,Exxon,PILOT TRAVEL CENTERS LLC 103637 IW,MEMPHIS TN (MOC) - 00QE,Reg CBOB,32995,-1,230962,0,-1,0,-1,-1,-1,0,-1,-1,0,w1,-1,0,-1,13198,-1,92385,-1,-1,-1,100,100,100,-1,-1,-1,-1,-1,w2,1,2015-06-11 00:00:00,-1,-1,-1,-1,-1,-1,-1,-1,-1,13198,-1,92385,32995,-1,230962,False,False,0,0,0,0,0
2015-06-08,2015-06-08 00:00:00,Exxon,PILOT TRAVEL CENTERS LLC 103637 IW,MEMPHIS TN (MOC) - 00QE,Reg CBOB,32995,-1,230962,0,47403,0,47403,47403,-1,0,-1,-1,0,w1,47403,0,-1,13198,-1,92385,Out,-1,-1,125,100,100,On Track,-1,-1,06/08 00:00:00 CDT,-1,w2,1,2015-06-11 00:00:00,Contract,-1,-1,32995,-1,-1,15218,-1,-1,10558,-1,92385,41244,-1,230962,False,False,0,0,0,0,0
2015-06-09,2015-06-09 00:00:00,Exxon,PILOT TRAVEL CENTERS LLC 103637 IW,MEMPHIS TN (MOC) - 00QE,Reg CBOB,32995,-1,230962,0,23550,0,23550,23550,-1,0,-1,-1,0,w1,23550,0,-1,13198,-1,92385,Out,-1,-1,60,100,100,Above Trend,-1,-1,06/10 00:00:00 CDT,-1,w2,1,2015-06-11 00:00:00,Contract,-1,-1,32995,-1,-1,17958,-1,-1,21997,-1,92385,19797,-1,230962,False,False,0,0,0,0,0
2015-06-10,2015-06-10 00:00:00,Exxon,PILOT TRAVEL CENTERS LLC 103637 IW,MEMPHIS TN (MOC) - 00QE,Reg CBOB,32995,-1,230962,0,0,0,0,0,-1,0,-1,-1,0,w1,0,0,-1,13198,-1,92385,Available,-1,-1,100,100,100,Below Trend,-1,-1,06/11 00:00:00 CDT,-1,w2,1,2015-06-11 00:00:00,Contract,-1,-1,32995,-1,-1,20828,-1,-1,13198,-1,92385,32995,-1,230962,False,False,0,0,0,0,0
2015-06-11,2015-06-11 00:00:00,Exxon,PILOT TRAVEL CENTERS LLC 103637 IW,MEMPHIS TN (MOC) - 00QE,Reg CBOB,32995,-1,230962,0,8501,0,8501,8501,-1,0,-1,-1,0,w1,8501,0,-1,13198,-1,92385,Available,-1,-1,100,100,100,On Track,-1,-1,06/12 00:00:00 CDT,-1,w3,1,2015-06-18 00:00:00,Contract,-1,-1,32995,-1,-1,22294,-1,-1,13198,-1,92385,32995,-1,230962,False,False,0,0,0,0,0
2015-06-12,2015-06-12 00:00:00,Exxon,PILOT TRAVEL CENTERS LLC 103637 IW,MEMPHIS TN (MOC) - 00QE,Reg CBOB,32995,-1,230962,0,-1,0,-1,-1,-1,0,-1,-1,0,w1,-1,0,-1,13198,-1,92385,-1,-1,-1,100,100,100,-1,-1,-1,-1,-1,w3,1,2015-06-18 00:00:00,-1,-1,-1,-1,-1,-1,-1,-1,-1,13198,-1,92385,32995,-1,230962,False,False,0,0,0,0,0
2015-06-13,2015-06-13 00:00:00,Exxon,PILOT TRAVEL CENTERS LLC 103637 IW,MEMPHIS TN (MOC) - 00QE,Reg CBOB,32995,-1,230962,0,45100,0,45100,45100,-1,0,-1,-1,0,w1,45100,0,-1,13198,-1,92385,Out,-1,-1,100,100,100,Above Trend,-1,-1,06/14 00:00:00 CDT,-1,w3,1,2015-06-18 00:00:00,Contract,-1,-1,32995,-1,-1,51160,-1,-1,13198,-1,92385,32995,-1,230962,False,False,0,0,0,0,0
2015-06-14,2015-06-14 00:00:00,Exxon,PILOT TRAVEL CENTERS LLC 103637 IW,MEMPHIS TN (MOC) - 00QE,Reg CBOB,32995,-1,230962,0,39626,0,39626,39626,-1,0,-1,-1,0,w1,39626,0,-1,13198,-1,92385,Out,-1,-1,100,100,100,Above Trend,-1,-1,06/15 00:00:00 CDT,-1,w3,1,2015-06-18 00:00:00,Contract,-1,-1,32995,-1,-1,70944,-1,-1,13198,-1,92385,32995,-1,230962,False,False,0,0,0,0,0
2015-06-15,2015-06-15 00:00:00,Exxon,PILOT TRAVEL CENTERS LLC 103637 IW,MEMPHIS TN (MOC) - 00QE,Reg CBOB,32995,-1,230962,0,17300,0,17300,17300,-1,0,-1,-1,0,w1,17300,0,-1,13198,-1,92385,Available,-1,-1,100,100,100,Below Trend,-1,-1,06/16 00:00:00 CDT,-1,w3,1,2015-06-18 00:00:00,Contract,-1,-1,32995,-1,-1,100227,-1,-1,13198,-1,92385,32995,-1,230962,False,False,0,0,0,0,0
2015-06-16,2015-06-16 00:00:00,Exxon,PILOT TRAVEL CENTERS LLC 103637 IW,MEMPHIS TN (MOC) - 00QE,Reg CBOB,32995,-1,230962,0,15502,0,15502,15502,-1,0,-1,-1,0,w1,15502,0,-1,13198,-1,92385,Available,-1,-1,100,100,100,Below Trend,-1,-1,06/17 00:00:00 CDT,-1,w3,1,2015-06-18 00:00:00,Contract,-1,-1,32995,-1,-1,122091,-1,-1,13198,-1,92385,32995,-1,230962,False,False,0,0,0,0,0
2015-06-17,2015-06-17 00:00:00,Exxon,PILOT TRAVEL CENTERS LLC 103637 IW,MEMPHIS TN (MOC) - 00QE,Reg CBOB,32995,-1,230962,0,25010,0,25010,25010,-1,0,-1,-1,0,w1,25010,0,-1,13198,-1,92385,Available,-1,-1,100,100,100,Below Trend,-1,-1,06/18 00:00:00 CDT,-1,w3,1,2015-06-18 00:00:00,Contract,-1,-1,32995,-1,-1,140698,-1,-1,13198,-1,92385,32995,-1,230962,False,False,0,0,0,0,0
2015-06-18,2015-06-18 00:00:00,Exxon,PILOT TRAVEL CENTERS LLC 103637 IW,MEMPHIS TN (MOC) - 00QE,Reg CBOB,32995,-1,230962,0,14350,0,14350,14350,-1,0,-1,14350,0,w1,14350,0,14350,32995,-1,230962,Available,-1,Available,100,100,100,Below Trend,-1,Below Trend,06/19 00:00:00 CDT,-1,w4,0,2015-06-25 00:00:00,Contract,-1,Contract,32995,-1,230962,159436,-1,159437,32995,-1,230962,32995,-1,230962,False,True,14350,0,0,0,0
2015-06-19,2015-06-19 00:00:00,Exxon,PILOT TRAVEL CENTERS LLC 103637 IW,MEMPHIS TN (MOC) - 00QE,Reg CBOB,32995,-1,230962,0,40428,0,40428,40428,-1,0,-1,54778,0,w1,40428,0,54778,32995,-1,230962,Out,-1,Out,100,100,100,Above Trend,-1,On Track,06/20 00:00:00 CDT,-1,w4,0,2015-06-25 00:00:00,Contract,-1,Contract,32995,-1,230962,176126,-1,176127,32995,-1,230962,32995,-1,230962,False,True,54778,0,0,0,0
2015-06-20,2015-06-20 00:00:00,Exxon,PILOT TRAVEL CENTERS LLC 103637 IW,MEMPHIS TN (MOC) - 00QE,Reg CBOB,32995,-1,230962,0,16100,0,16100,16100,-1,0,-1,70878,0,w1,16100,0,70878,13198,-1,92385,Out,-1,Out,40,100,40,Above Trend,-1,Above Trend,06/21 00:00:00 CDT,-1,w4,0,2015-06-25 00:00:00,Contract,-1,Contract,32995,-1,230962,190622,-1,190623,32995,-1,230963,13198,-1,92385,False,True,70878,0,0,0,0
2015-06-21,2015-06-21 00:00:00,Exxon,PILOT TRAVEL CENTERS LLC 103637 IW,MEMPHIS TN (MOC) - 00QE,Reg CBOB,32995,-1,230962,0,7500,0,7500,7500,-1,0,-1,78378,0,w1,7500,0,78378,13198,-1,92385,Available,-1,Available,40,100,40,Below Trend,-1,Above Trend,06/22 00:00:00 CDT,-1,w4,0,2015-06-25 00:00:00,Contract,-1,Contract,32995,-1,230962,216037,-1,216038,32995,-1,230963,13198,-1,92385,False,True,78378,0,0,0,0
2015-06-22,2015-06-22 00:00:00,Exxon,PILOT TRAVEL CENTERS LLC 103637 IW,MEMPHIS TN (MOC) - 00QE,Reg CBOB,32995,-1,230962,0,0,0,0,0,-1,0,-1,78378,0,w1,0,0,78378,13198,-1,92385,Available,-1,Available,40,100,40,Below Trend,-1,On Track,06/23 00:00:00 CDT,-1,w4,0,2015-06-25 00:00:00,Contract,-1,Contract,32995,-1,230962,238698,-1,238699,32995,-1,230963,13198,-1,92385,False,True,78378,0,0,0,0
2015-06-23,2015-06-23 00:00:00,Exxon,PILOT TRAVEL CENTERS LLC 103637 IW,MEMPHIS TN (MOC) - 00QE,Reg CBOB,32995,-1,230962,0,0,0,0,0,-1,0,-1,78378,0,w1,0,0,78378,13198,-1,92385,Available,-1,Available,40,100,40,Below Trend,-1,On Track,06/24 00:00:00 CDT,-1,w4,0,2015-06-25 00:00:00,Contract,-1,Contract,32995,-1,230962,276439,-1,276440,32995,-1,230963,13198,-1,92385,False,True,78378,0,0,0,0
2015-06-24,2015-06-24 00:00:00,Exxon,PILOT TRAVEL CENTERS LLC 103637 IW,MEMPHIS TN (MOC) - 00QE,Reg CBOB,32995,-1,230962,0,0,0,0,0,-1,0,-1,78378,0,w1,0,0,78378,13198,-1,92385,Available,-1,Available,40,100,40,Below Trend,-1,On Track,06/25 00:00:00 CDT,-1,w4,0,2015-06-25 00:00:00,Contract,-1,Contract,32995,-1,230962,307025,-1,307026,32995,-1,230963,13198,-1,92385,False,True,78378,0,0,0,0
2015-06-25,2015-06-25 00:00:00,Exxon,PILOT TRAVEL CENTERS LLC 103637 IW,MEMPHIS TN (MOC) - 00QE,Reg CBOB,32995,-1,230962,0,16200,0,16200,16200,-1,0,-1,16200,0,w2,16200,0,16200,13198,-1,92385,Out,-1,Out,40,100,40,Above Trend,-1,Above Trend,06/26 00:00:00 CDT,-1,w5,0,2015-07-02 00:00:00,Contract,-1,Contract,32995,-1,230962,338451,-1,338452,32995,-1,230963,13198,-1,92385,True,True,16200,0,0,0,0
2015-06-26,2015-06-26 00:00:00,Exxon,PILOT TRAVEL CENTERS LLC 103637 IW,MEMPHIS TN (MOC) - 00QE,Reg CBOB,32995,-1,230962,0,41075,1,-1,41075,-1,0,-1,-1,0,w3,41075,0,-1,13198,-1,92385,Out,-1,-1,100,100,100,Above Trend,-1,-1,06/27 00:00:00 CDT,-1,w5,1,2015-07-02 00:00:00,Contract,-1,-1,32995,-1,-1,367765,-1,-1,13198,-1,92385,32995,-1,230962,True,False,57275,0,0,0,0
2015-06-27,2015-06-27 00:00:00,Exxon,PILOT TRAVEL CENTERS LLC 103637 IW,MEMPHIS TN (MOC) - 00QE,Reg CBOB,32995,-1,230962,0,31000,0,31000,31000,-1,0,-1,-1,0,w3,31000,0,-1,13198,-1,92385,Available,-1,-1,100,100,100,On Track,-1,-1,06/28 00:00:00 CDT,-1,w5,1,2015-07-02 00:00:00,Contract,-1,-1,32995,-1,-1,393030,-1,-1,13198,-1,92385,32995,-1,230962,False,False,88275,0,0,0,0
2015-06-28,2015-06-28 00:00:00,Exxon,PILOT TRAVEL CENTERS LLC 103637 IW,MEMPHIS TN (MOC) - 00QE,Reg CBOB,32995,-1,230962,0,38300,0,38300,38300,-1,0,-1,-1,0,w3,38300,0,-1,13198,-1,92385,Out,-1,-1,100,100,100,Above Trend,-1,-1,06/29 00:00:00 CDT,-1,w5,1,2015-07-02 00:00:00,Contract,-1,-1,32995,-1,-1,419081,-1,-1,13198,-1,92385,32995,-1,230962,False,False,126575,0,0,0,0
2015-06-29,2015-06-29 00:00:00,Exxon,PILOT TRAVEL CENTERS LLC 103637 IW,MEMPHIS TN (MOC) - 00QE,Reg CBOB,32995,-1,230962,0,39630,0,39630,39630,-1,0,-1,-1,0,w3,39630,0,-1,13198,-1,92385,Out,-1,-1,100,100,100,Above Trend,-1,-1,06/30 00:00:00 CDT,-1,w5,1,2015-07-02 00:00:00,Contract,-1,-1,45884,-1,-1,449896,-1,-1,13198,-1,92385,32995,-1,230962,False,False,166205,0,0,0,0
2015-06-30,2015-06-30 00:00:00,Exxon,PILOT TRAVEL CENTERS LLC 103637 IW,MEMPHIS TN (MOC) - 00QE,Reg CBOB,45884,-1,230962,0,54350,0,54350,54350,-1,0,-1,228055,0,w3,54350,0,228055,68826,-1,323347,Available,-1,Available,150,100,140,On Track,-1,On Track,07/01 00:00:00 CDT,-1,w5,0,2015-07-02 00:00:00,Contract,-1,Contract,45884,-1,321188,476562,-1,476563,45884,-1,230962,68826,-1,323347,False,False,220555,0,0,0,0
