,date,supplier_name,account_type,supplier_terminal_name,product_name,base_gallons_Daily,base_gallons_Monthly,base_gallons_Weekly,lifted_gallons_daily_flag,lifted_gallons_daily_modified,Modified_WeeksByLiftedGallons,lifted_gallons_modified_WeeksByLiftedGallons,lifted_gallons_Daily,Lifted_actual_monthly,lifted_gallons_monthly_flag,lifted_gallons_Monthly,Lifted_actual_weekly,lifted_gallons_weekly_flag,WeeksByLiftedGallons,lifted_gallonsWeekly_modified_aposteriori,Modified_LiftedGallonsaposteriori,lifted_gallons_Weekly,beginning_gallons_Daily,beginning_gallons_Monthly,beginning_gallons_Weekly,en_allocation_status_Daily,en_allocation_status_Monthly,en_allocation_status_Weekly,percentage_allocation_Daily,percentage_allocation_Monthly,percentage_allocation_Weekly,alerts_ratability_Daily,alerts_ratability_Monthly,alerts_ratability_Weekly,next_refresh_date_Daily,next_refresh_date_Monthly,Week_switch,Modified_NRD,next_refresh_date_Weekly,en_account_type_Daily,en_account_type_Monthly,en_account_type_Weekly,next_refresh_base_gallons_Daily,next_refresh_base_gallons_Monthly,next_refresh_base_gallons_Weekly,staging_id_Daily,staging_id_Monthly,staging_id_Weekly,base_gallons_Daily_Reconciled,base_gallons_Monthly_Reconciled,base_gallons_Weekly_Reconciled,beginning_gallons_Daily_Reconciled,beginning_gallons_Monthly_Reconciled,beginning_gallons_Weekly_Reconciled,sanityWeekly_CumulativeDaily_WeeksByLiftedGallons,sanityWeekly_CumulativeDaily_NextRefreshDate,computedWeekly,computedMonthly,sanityComputedMonthly,sanityMonthly_CumulativeDaily_WeeksByLiftedGallons,sanityMonthly_CumulativeDaily_WeeksByNextRefreshDate
2015-06-01,2015-06-01 00:00:00,Exxon,PILOT TRAVEL CENTERS LLC 103637 IW,BATON ROUGE LA (MOC) - 00CE,ULSD,31807,-1,222650,0,-1,0,-1,-1,-1,0,-1,-1,0,w1,-1,0,-1,47711,-1,311710,-1,-1,-1,100,100,100,-1,-1,-1,-1,-1,w1,1,2015-06-04 00:00:00,-1,-1,-1,-1,-1,-1,-1,-1,-1,47711,-1,311710,31807,-1,222650,True,True,0,0,0,1,1
2015-06-02,2015-06-02 00:00:00,Exxon,PILOT TRAVEL CENTERS LLC 103637 IW,BATON ROUGE LA (MOC) - 00CE,ULSD,31807,-1,222650,0,23200,0,23200,23200,-1,0,-1,207702,0,w1,23200,0,207702,47711,-1,311710,Available,-1,Available,150,100,140,Above Trend,-1,On Track,06/03 00:00:00 CDT,-1,w1,0,2015-06-04 00:00:00,Contract,-1,Contract,31807,-1,222650,259,-1,260,31807,-1,222650,47711,-1,311710,False,False,0,0,0,0,0
2015-06-03,2015-06-03 00:00:00,Exxon,PILOT TRAVEL CENTERS LLC 103637 IW,BATON ROUGE LA (MOC) - 00CE,ULSD,31807,-1,222650,3,38600,1,38600,23000,-1,0,-1,246302,0,w1,23000,0,246302,47711,-1,311710,Available,-1,Available,150,100,140,Above Trend,-1,On Track,06/04 00:00:00 CDT,-1,w1,0,2015-06-04 00:00:00,Contract,-1,Contract,31807,-1,222650,5972,-1,5973,31807,-1,222650,47711,-1,311710,False,False,0,0,0,0,0
2015-06-04,2015-06-04 00:00:00,Exxon,PILOT TRAVEL CENTERS LLC 103637 IW,BATON ROUGE LA (MOC) - 00CE,ULSD,31807,-1,222650,0,0,0,0,0,-1,0,-1,0,0,w2,0,0,0,47711,-1,311710,Available,-1,Available,150,100,140,Below Trend,-1,Below Trend,06/05 00:00:00 CDT,-1,w2,0,2015-06-11 00:00:00,Contract,-1,Contract,31807,-1,222650,8685,-1,8686,31807,-1,222650,47711,-1,311710,True,True,0,0,0,0,0
2015-06-05,2015-06-05 00:00:00,Exxon,PILOT TRAVEL CENTERS LLC 103637 IW,BATON ROUGE LA (MOC) - 00CE,ULSD,31807,-1,222650,3,7500,1,7500,0,-1,0,-1,7500,0,w2,0,0,7500,47711,-1,311710,Available,-1,Available,150,100,140,Below Trend,-1,Below Trend,06/06 00:00:00 CDT,-1,w2,0,2015-06-11 00:00:00,Contract,-1,Contract,31807,-1,222650,12580,-1,12581,31807,-1,222650,47711,-1,311710,True,True,0,0,0,0,0
2015-06-06,2015-06-06 00:00:00,Exxon,PILOT TRAVEL CENTERS LLC 103637 IW,BATON ROUGE LA (MOC) - 00CE,ULSD,31807,-1,222650,0,-1,0,-1,-1,-1,0,-1,-1,0,w3,-1,0,-1,47711,-1,311710,-1,-1,-1,100,100,100,-1,-1,-1,-1,-1,w2,1,2015-06-11 00:00:00,-1,-1,-1,-1,-1,-1,-1,-1,-1,47711,-1,311710,31807,-1,222650,True,False,0,0,0,0,0
2015-06-07,2015-06-07 00:00:00,Exxon,PILOT TRAVEL CENTERS LLC 103637 IW,BATON ROUGE LA (MOC) - 00CE,ULSD,31807,-1,222650,0,-1,0,-1,-1,-1,0,-1,-1,0,w3,-1,0,-1,47711,-1,311710,-1,-1,-1,100,100,100,-1,-1,-1,-1,-1,w2,1,2015-06-11 00:00:00,-1,-1,-1,-1,-1,-1,-1,-1,-1,47711,-1,311710,31807,-1,222650,False,False,0,0,0,0,0
2015-06-08,2015-06-08 00:00:00,Exxon,PILOT TRAVEL CENTERS LLC 103637 IW,BATON ROUGE LA (MOC) - 00CE,ULSD,31807,-1,222650,0,0,0,0,0,-1,0,-1,22800,0,w3,0,0,22800,47711,-1,311710,Available,-1,Available,150,100,140,Below Trend,-1,Below Trend,06/08 00:00:00 CDT,-1,w2,0,2015-06-11 00:00:00,Contract,-1,Contract,31807,-1,222650,15197,-1,15198,31807,-1,222650,47711,-1,311710,False,False,0,0,0,0,0
2015-06-09,2015-06-09 00:00:00,Exxon,PILOT TRAVEL CENTERS LLC 103637 IW,BATON ROUGE LA (MOC) - 00CE,ULSD,31807,-1,222650,3,46020,1,46020,30900,-1,0,-1,68820,0,w3,30900,0,68820,47711,-1,311710,Available,-1,Available,150,100,140,Above Trend,-1,Below Trend,06/10 00:00:00 CDT,-1,w2,0,2015-06-11 00:00:00,Contract,-1,Contract,31807,-1,222650,17939,-1,17940,31807,-1,222650,47711,-1,311710,False,False,0,0,0,0,0
2015-06-10,2015-06-10 00:00:00,Exxon,PILOT TRAVEL CENTERS LLC 103637 IW,BATON ROUGE LA (MOC) - 00CE,ULSD,31807,-1,222650,3,23601,1,23601,0,-1,0,-1,92421,0,w3,0,0,92421,47711,-1,311710,Available,-1,Available,150,100,140,Below Trend,-1,Below Trend,06/11 00:00:00 CDT,-1,w2,0,2015-06-11 00:00:00,Contract,-1,Contract,31807,-1,222650,20810,-1,20811,31807,-1,222650,47711,-1,311710,False,False,0,0,0,0,0
2015-06-11,2015-06-11 00:00:00,Exxon,PILOT TRAVEL CENTERS LLC 103637 IW,BATON ROUGE LA (MOC) - 00CE,ULSD,31807,-1,222650,0,15800,0,15800,15800,-1,0,-1,15800,0,w4,15800,0,15800,47711,-1,311710,Available,-1,Available,150,100,140,Above Trend,-1,Above Trend,06/12 00:00:00 CDT,-1,w3,0,2015-06-18 00:00:00,Contract,-1,Contract,31807,-1,222650,22277,-1,22278,31807,-1,222650,47711,-1,311710,True,True,15800,0,0,0,0
2015-06-12,2015-06-12 00:00:00,Exxon,PILOT TRAVEL CENTERS LLC 103637 IW,BATON ROUGE LA (MOC) - 00CE,ULSD,31807,-1,222650,4,92504,0,-1,-1,-1,0,-1,-1,4,w5,-1,0,108304,47711,-1,311710,-1,-1,-1,100,100,100,-1,-1,-1,-1,-1,w3,1,2015-06-18 00:00:00,-1,-1,-1,-1,-1,-1,-1,-1,-1,47711,-1,311710,31807,-1,222650,True,True,108304,0,0,0,0
2015-06-13,2015-06-13 00:00:00,Exxon,PILOT TRAVEL CENTERS LLC 103637 IW,BATON ROUGE LA (MOC) - 00CE,ULSD,31807,-1,222650,0,47101,0,47101,47101,-1,0,-1,155405,0,w5,47101,0,155405,47711,-1,311710,Available,-1,Available,150,100,140,On Track,-1,On Track,06/14 00:00:00 CDT,-1,w3,0,2015-06-18 00:00:00,Contract,-1,Contract,31807,-1,222650,51141,-1,51142,31807,-1,222650,47711,-1,311710,False,True,155405,0,0,0,0
2015-06-14,2015-06-14 00:00:00,Exxon,PILOT TRAVEL CENTERS LLC 103637 IW,BATON ROUGE LA (MOC) - 00CE,ULSD,31807,-1,222650,0,31101,0,31101,31101,-1,0,-1,186506,0,w5,31101,0,186506,47711,-1,311710,Available,-1,Available,150,100,140,Below Trend,-1,On Track,06/15 00:00:00 CDT,-1,w3,0,2015-06-18 00:00:00,Contract,-1,Contract,31807,-1,222650,70925,-1,70926,31807,-1,222650,47711,-1,311710,False,True,186506,0,0,0,0
2015-06-15,2015-06-15 00:00:00,Exxon,PILOT TRAVEL CENTERS LLC 103637 IW,BATON ROUGE LA (MOC) - 00CE,ULSD,31807,-1,222650,3,68751,1,68751,53450,-1,0,-1,255257,0,w5,53450,0,255257,47711,-1,311710,Out,-1,Out,150,100,140,On Track,-1,On Track,06/16 00:00:00 CDT,-1,w3,0,2015-06-18 00:00:00,Contract,-1,Contract,31807,-1,222650,100208,-1,100209,31807,-1,222650,47711,-1,311710,False,True,255257,0,0,0,0
2015-06-16,2015-06-16 00:00:00,Exxon,PILOT TRAVEL CENTERS LLC 103637 IW,BATON ROUGE LA (MOC) - 00CE,ULSD,31807,-1,222650,0,54500,0,54500,54500,-1,0,-1,309757,0,w5,54500,0,309757,47711,-1,311710,Out,-1,Out,150,100,140,On Track,-1,On Track,06/17 00:00:00 CDT,-1,w3,0,2015-06-18 00:00:00,Contract,-1,Contract,31807,-1,222650,122073,-1,122074,31807,-1,222650,47711,-1,311710,False,True,309757,0,0,0,0
2015-06-17,2015-06-17 00:00:00,Exxon,PILOT TRAVEL CENTERS LLC 103637 IW,BATON ROUGE LA (MOC) - 00CE,ULSD,31807,-1,222650,0,7800,0,7800,7800,-1,0,-1,317557,0,w5,7800,0,317557,47711,-1,311710,Out,-1,Out,150,100,140,Below Trend,-1,On Track,06/18 00:00:00 CDT,-1,w3,0,2015-06-18 00:00:00,Contract,-1,Contract,31807,-1,222650,140680,-1,140681,31807,-1,222650,47711,-1,311710,False,True,317557,0,0,0,0
2015-06-18,2015-06-18 00:00:00,Exxon,PILOT TRAVEL CENTERS LLC 103637 IW,BATON ROUGE LA (MOC) - 00CE,ULSD,31807,-1,222650,0,27089,0,27089,27089,-1,0,-1,27089,0,w6,27089,0,27089,47711,-1,311710,Available,-1,Available,150,100,140,Below Trend,-1,Below Trend,06/19 00:00:00 CDT,-1,w4,0,2015-06-25 00:00:00,Contract,-1,Contract,31807,-1,222650,159415,-1,159416,31807,-1,222650,47711,-1,311710,True,True,27089,0,0,0,0
2015-06-19,2015-06-19 00:00:00,Exxon,PILOT TRAVEL CENTERS LLC 103637 IW,BATON ROUGE LA (MOC) - 00CE,ULSD,31807,-1,222650,0,46601,0,46601,46601,-1,0,-1,73690,0,w6,46601,0,73690,47711,-1,311710,Available,-1,Available,150,100,140,On Track,-1,On Track,06/20 00:00:00 CDT,-1,w4,0,2015-06-25 00:00:00,Contract,-1,Contract,31807,-1,222650,176105,-1,176106,31807,-1,222650,47711,-1,311710,True,True,73690,0,0,0,0
2015-06-20,2015-06-20 00:00:00,Exxon,PILOT TRAVEL CENTERS LLC 103637 IW,BATON ROUGE LA (MOC) - 00CE,ULSD,31807,-1,222650,0,23710,0,23710,23710,-1,0,-1,97400,0,w6,23710,0,97400,47711,-1,311710,Available,-1,Available,150,100,140,Below Trend,-1,Below Trend,06/21 00:00:00 CDT,-1,w4,0,2015-06-25 00:00:00,Contract,-1,Contract,31807,-1,222650,190601,-1,190602,31807,-1,222650,47711,-1,311710,True,True,97400,0,0,0,0
2015-06-21,2015-06-21 00:00:00,Exxon,PILOT TRAVEL CENTERS LLC 103637 IW,BATON ROUGE LA (MOC) - 00CE,ULSD,31807,-1,222650,0,54615,0,54615,54615,-1,0,-1,152015,0,w6,54615,0,152015,47711,-1,311710,Out,-1,Out,150,100,140,On Track,-1,On Track,06/22 00:00:00 CDT,-1,w4,0,2015-06-25 00:00:00,Contract,-1,Contract,31807,-1,222650,216016,-1,216017,31807,-1,222650,47711,-1,311710,True,True,152015,0,0,0,0
2015-06-22,2015-06-22 00:00:00,Exxon,PILOT TRAVEL CENTERS LLC 103637 IW,BATON ROUGE LA (MOC) - 00CE,ULSD,31807,-1,222650,0,53902,0,53902,53902,-1,0,-1,205917,0,w6,53902,0,205917,47711,-1,311710,Out,-1,Out,150,100,140,On Track,-1,On Track,06/23 00:00:00 CDT,-1,w4,0,2015-06-25 00:00:00,Contract,-1,Contract,31807,-1,222650,238677,-1,238678,31807,-1,222650,47711,-1,311710,True,True,205917,0,0,0,0
2015-06-23,2015-06-23 00:00:00,Exxon,PILOT TRAVEL CENTERS LLC 103637 IW,BATON ROUGE LA (MOC) - 00CE,ULSD,31807,-1,222650,0,52634,0,52634,52634,-1,0,-1,258551,0,w6,52634,0,258551,47711,-1,311710,Out,-1,Out,150,100,140,On Track,-1,On Track,06/24 00:00:00 CDT,-1,w4,0,2015-06-25 00:00:00,Contract,-1,Contract,31807,-1,222650,276418,-1,276419,31807,-1,222650,47711,-1,311710,True,True,258551,0,0,0,0
2015-06-24,2015-06-24 00:00:00,Exxon,PILOT TRAVEL CENTERS LLC 103637 IW,BATON ROUGE LA (MOC) - 00CE,ULSD,31807,-1,222650,0,15120,0,15120,15120,-1,0,-1,273671,0,w6,15120,0,273671,47711,-1,311710,Available,-1,Available,150,100,140,Below Trend,-1,On Track,06/25 00:00:00 CDT,-1,w4,0,2015-06-25 00:00:00,Contract,-1,Contract,31807,-1,222650,307004,-1,307005,31807,-1,222650,47711,-1,311710,True,True,273671,0,0,0,0
2015-06-25,2015-06-25 00:00:00,Exxon,PILOT TRAVEL CENTERS LLC 103637 IW,BATON ROUGE LA (MOC) - 00CE,ULSD,31807,-1,222650,0,47201,0,47201,47201,-1,0,-1,47201,0,w7,47201,0,47201,47711,-1,311710,Available,-1,Available,150,100,140,On Track,-1,On Track,06/26 00:00:00 CDT,-1,w5,0,2015-07-02 00:00:00,Contract,-1,Contract,31807,-1,222650,338430,-1,338431,31807,-1,222650,47711,-1,311710,True,True,47201,0,0,0,0
2015-06-26,2015-06-26 00:00:00,Exxon,PILOT TRAVEL CENTERS LLC 103637 IW,BATON ROUGE LA (MOC) - 00CE,ULSD,31807,-1,222650,3,62501,1,62501,54701,-1,0,-1,109702,0,w7,54701,0,109702,47711,-1,311710,Out,-1,Out,150,100,140,Above Trend,-1,Above Trend,06/27 00:00:00 CDT,-1,w5,0,2015-07-02 00:00:00,Contract,-1,Contract,31807,-1,222650,367746,-1,367747,31807,-1,222650,47711,-1,311710,True,True,109702,0,0,0,0
2015-06-27,2015-06-27 00:00:00,Exxon,PILOT TRAVEL CENTERS LLC 103637 IW,BATON ROUGE LA (MOC) - 00CE,ULSD,31807,-1,222650,0,31200,0,31200,31200,-1,0,-1,140902,0,w7,31200,0,140902,47711,-1,311710,Available,-1,Available,150,100,140,Below Trend,-1,On Track,06/28 00:00:00 CDT,-1,w5,0,2015-07-02 00:00:00,Contract,-1,Contract,31807,-1,222650,393011,-1,393012,31807,-1,222650,47711,-1,311710,True,True,140902,0,0,0,0
2015-06-28,2015-06-28 00:00:00,Exxon,PILOT TRAVEL CENTERS LLC 103637 IW,BATON ROUGE LA (MOC) - 00CE,ULSD,31807,-1,222650,0,11600,0,11600,11600,-1,0,-1,152502,0,w7,11600,0,152502,47711,-1,311710,Available,-1,Available,150,100,140,Below Trend,-1,On Track,06/29 00:00:00 CDT,-1,w5,0,2015-07-02 00:00:00,Contract,-1,Contract,31807,-1,222650,419062,-1,419063,31807,-1,222650,47711,-1,311710,True,True,152502,0,0,0,0
2015-06-29,2015-06-29 00:00:00,Exxon,PILOT TRAVEL CENTERS LLC 103637 IW,BATON ROUGE LA (MOC) - 00CE,ULSD,31807,-1,222650,0,38505,0,38505,38505,-1,0,-1,191007,0,w7,38505,0,191007,47711,-1,311710,Available,-1,Available,150,100,140,On Track,-1,On Track,06/30 00:00:00 CDT,-1,w5,0,2015-07-02 00:00:00,Contract,-1,Contract,31807,-1,169680,449877,-1,449878,31807,-1,222650,47711,-1,311710,True,True,191007,0,0,0,0
2015-06-30,2015-06-30 00:00:00,Exxon,PILOT TRAVEL CENTERS LLC 103637 IW,BATON ROUGE LA (MOC) - 00CE,ULSD,31807,-1,222650,0,30900,0,30900,30900,-1,0,-1,221907,0,w7,30900,0,221907,47711,-1,311710,Available,-1,Available,150,100,140,Below Trend,-1,On Track,07/01 00:00:00 CDT,-1,w5,0,2015-07-02 00:00:00,Contract,-1,Contract,31807,-1,169680,476542,-1,476543,31807,-1,222650,47711,-1,311710,True,True,221907,0,0,0,0
