,date,supplier_name,account_type,supplier_terminal_name,product_name,base_gallons_Daily,base_gallons_Monthly,base_gallons_Weekly,lifted_gallons_daily_flag,lifted_gallons_daily_modified,Modified_WeeksByLiftedGallons,lifted_gallons_modified_WeeksByLiftedGallons,lifted_gallons_Daily,Lifted_actual_monthly,lifted_gallons_monthly_flag,lifted_gallons_Monthly,Lifted_actual_weekly,lifted_gallons_weekly_flag,WeeksByLiftedGallons,lifted_gallonsWeekly_modified_aposteriori,Modified_LiftedGallonsaposteriori,lifted_gallons_Weekly,beginning_gallons_Daily,beginning_gallons_Monthly,beginning_gallons_Weekly,en_allocation_status_Daily,en_allocation_status_Monthly,en_allocation_status_Weekly,percentage_allocation_Daily,percentage_allocation_Monthly,percentage_allocation_Weekly,alerts_ratability_Daily,alerts_ratability_Monthly,alerts_ratability_Weekly,next_refresh_date_Daily,next_refresh_date_Monthly,Week_switch,Modified_NRD,next_refresh_date_Weekly,en_account_type_Daily,en_account_type_Monthly,en_account_type_Weekly,next_refresh_base_gallons_Daily,next_refresh_base_gallons_Monthly,next_refresh_base_gallons_Weekly,staging_id_Daily,staging_id_Monthly,staging_id_Weekly,base_gallons_Daily_Reconciled,base_gallons_Monthly_Reconciled,base_gallons_Weekly_Reconciled,beginning_gallons_Daily_Reconciled,beginning_gallons_Monthly_Reconciled,beginning_gallons_Weekly_Reconciled,sanityWeekly_CumulativeDaily_WeeksByLiftedGallons,sanityWeekly_CumulativeDaily_NextRefreshDate,computedWeekly,computedMonthly,sanityComputedMonthly,sanityMonthly_CumulativeDaily_WeeksByLiftedGallons,sanityMonthly_CumulativeDaily_WeeksByNextRefreshDate
2015-06-01,2015-06-01 00:00:00,Exxon,PILOT TRAVEL CENTERS LLC 103637 IW,VERNON CA (MOC) - 00N6,Reg RFG,4449,-1,31143,0,-1,0,-1,-1,-1,0,-1,-1,0,w1,-1,0,-1,4449,-1,31143,-1,-1,-1,100,100,100,-1,-1,-1,-1,-1,w1,1,2015-06-04 00:00:00,-1,-1,-1,-1,-1,-1,-1,-1,-1,4449,-1,31143,4449,-1,31143,True,True,0,0,0,1,1
2015-06-02,2015-06-02 00:00:00,Exxon,PILOT TRAVEL CENTERS LLC 103637 IW,VERNON CA (MOC) - 00N6,Reg RFG,4449,-1,31143,0,0,0,0,0,-1,0,-1,33602,0,w1,0,0,33602,4449,-1,31143,Out,-1,Out,100,100,100,Below Trend,-1,Above Trend,06/03 00:00:00 PDT,-1,w1,0,2015-06-04 00:00:00,Contract,-1,Contract,4449,-1,31143,284,-1,285,4449,-1,31143,4449,-1,31143,False,False,0,0,0,1,1
2015-06-03,2015-06-03 00:00:00,Exxon,PILOT TRAVEL CENTERS LLC 103637 IW,VERNON CA (MOC) - 00N6,Reg RFG,4449,-1,31143,0,0,0,0,0,-1,0,-1,33602,0,w1,0,0,33602,4449,-1,31143,Out,-1,Out,100,100,100,Below Trend,-1,Above Trend,06/04 00:00:00 PDT,-1,w1,0,2015-06-04 00:00:00,Contract,-1,Contract,4449,-1,31143,5997,-1,5998,4449,-1,31143,4449,-1,31143,False,False,0,0,0,1,1
2015-06-04,2015-06-04 00:00:00,Exxon,PILOT TRAVEL CENTERS LLC 103637 IW,VERNON CA (MOC) - 00N6,Reg RFG,4449,-1,31143,0,0,0,0,0,-1,0,-1,0,0,w2,0,0,0,4449,-1,31143,Available,-1,Available,100,100,100,Below Trend,-1,Below Trend,06/05 00:00:00 PDT,-1,w2,0,2015-06-11 00:00:00,Contract,-1,Contract,4449,-1,31143,8712,-1,8713,4449,-1,31143,4449,-1,31143,True,True,0,0,0,1,1
2015-06-05,2015-06-05 00:00:00,Exxon,PILOT TRAVEL CENTERS LLC 103637 IW,VERNON CA (MOC) - 00N6,Reg RFG,4449,-1,31143,3,8501,1,8501,0,-1,0,-1,8501,0,w2,0,0,8501,4449,-1,31143,Available,-1,Available,100,100,100,Below Trend,-1,Above Trend,06/06 00:00:00 PDT,-1,w2,0,2015-06-11 00:00:00,Contract,-1,Contract,4449,-1,31143,12607,-1,12608,4449,-1,31143,4449,-1,31143,True,True,0,0,0,0,0
2015-06-06,2015-06-06 00:00:00,Exxon,PILOT TRAVEL CENTERS LLC 103637 IW,VERNON CA (MOC) - 00N6,Reg RFG,4449,-1,31143,0,-1,0,-1,-1,-1,0,-1,-1,0,w3,-1,0,-1,4449,-1,31143,-1,-1,-1,100,100,100,-1,-1,-1,-1,-1,w2,1,2015-06-11 00:00:00,-1,-1,-1,-1,-1,-1,-1,-1,-1,4449,-1,31143,4449,-1,31143,True,False,0,0,0,0,0
2015-06-07,2015-06-07 00:00:00,Exxon,PILOT TRAVEL CENTERS LLC 103637 IW,VERNON CA (MOC) - 00N6,Reg RFG,4449,-1,31143,0,-1,0,-1,-1,-1,0,-1,-1,0,w3,-1,0,-1,4449,-1,31143,-1,-1,-1,100,100,100,-1,-1,-1,-1,-1,w2,1,2015-06-11 00:00:00,-1,-1,-1,-1,-1,-1,-1,-1,-1,4449,-1,31143,4449,-1,31143,False,False,0,0,0,0,0
2015-06-08,2015-06-08 00:00:00,Exxon,PILOT TRAVEL CENTERS LLC 103637 IW,VERNON CA (MOC) - 00N6,Reg RFG,4449,-1,31143,0,7400,0,7400,7400,-1,0,-1,30701,0,w3,7400,0,30701,4449,-1,31143,Out,-1,Out,100,100,100,Above Trend,-1,Above Trend,06/08 00:00:00 PDT,-1,w2,0,2015-06-11 00:00:00,Contract,-1,Contract,4449,-1,31143,15224,-1,15225,4449,-1,31143,4449,-1,31143,False,False,0,0,0,0,0
2015-06-09,2015-06-09 00:00:00,Exxon,PILOT TRAVEL CENTERS LLC 103637 IW,VERNON CA (MOC) - 00N6,Reg RFG,4449,-1,31143,3,8501,1,8501,0,-1,0,-1,39202,0,w3,0,0,39202,4449,-1,31143,Out,-1,Out,100,100,100,Below Trend,-1,Above Trend,06/10 00:00:00 PDT,-1,w2,0,2015-06-11 00:00:00,Contract,-1,Contract,4449,-1,31143,17963,-1,17964,4449,-1,31143,4449,-1,31143,False,False,0,0,0,0,0
2015-06-10,2015-06-10 00:00:00,Exxon,PILOT TRAVEL CENTERS LLC 103637 IW,VERNON CA (MOC) - 00N6,Reg RFG,4449,-1,31143,0,0,0,0,0,-1,0,-1,39202,0,w3,0,0,39202,4449,-1,31143,Out,-1,Out,100,100,100,Below Trend,-1,Above Trend,06/10 00:00:00 PDT,-1,w2,0,2015-06-11 00:00:00,Contract,-1,Contract,4449,-1,31143,20834,-1,20835,4449,-1,31143,4449,-1,31143,False,False,0,0,0,0,0
2015-06-11,2015-06-11 00:00:00,Exxon,PILOT TRAVEL CENTERS LLC 103637 IW,VERNON CA (MOC) - 00N6,Reg RFG,4449,-1,31143,0,0,0,0,0,-1,0,-1,0,0,w4,0,0,0,4449,-1,31143,Available,-1,Available,100,100,100,Below Trend,-1,Below Trend,06/12 00:00:00 PDT,-1,w3,0,2015-06-18 00:00:00,Contract,-1,Contract,4449,-1,31143,22301,-1,22302,4449,-1,31143,4449,-1,31143,True,True,0,0,0,0,0
2015-06-12,2015-06-12 00:00:00,Exxon,PILOT TRAVEL CENTERS LLC 103637 IW,VERNON CA (MOC) - 00N6,Reg RFG,4449,-1,31143,4,15701,0,-1,-1,-1,0,-1,-1,4,w5,-1,0,15701,4449,-1,31143,-1,-1,-1,100,100,100,-1,-1,-1,-1,-1,w3,1,2015-06-18 00:00:00,-1,-1,-1,-1,-1,-1,-1,-1,-1,4449,-1,31143,4449,-1,31143,True,True,15701,0,0,0,0
2015-06-13,2015-06-13 00:00:00,Exxon,PILOT TRAVEL CENTERS LLC 103637 IW,VERNON CA (MOC) - 00N6,Reg RFG,4449,-1,31143,0,8300,0,8300,8300,-1,0,-1,24001,0,w5,8300,0,24001,4449,-1,31143,Out,-1,Out,100,100,100,Above Trend,-1,Above Trend,06/14 00:00:00 PDT,-1,w3,0,2015-06-18 00:00:00,Contract,-1,Contract,4449,-1,31143,51166,-1,51167,4449,-1,31143,4449,-1,31143,False,True,24001,0,0,0,0
2015-06-14,2015-06-14 00:00:00,Exxon,PILOT TRAVEL CENTERS LLC 103637 IW,VERNON CA (MOC) - 00N6,Reg RFG,4449,-1,31143,0,7401,0,7401,7401,-1,0,-1,31402,0,w5,7401,0,31402,4449,-1,31143,Out,-1,Out,100,100,100,Above Trend,-1,Above Trend,06/15 00:00:00 PDT,-1,w3,0,2015-06-18 00:00:00,Contract,-1,Contract,4449,-1,31143,70950,-1,70951,4449,-1,31143,4449,-1,31143,False,True,31402,0,0,0,0
2015-06-15,2015-06-15 00:00:00,Exxon,PILOT TRAVEL CENTERS LLC 103637 IW,VERNON CA (MOC) - 00N6,Reg RFG,4449,-1,31143,0,0,0,0,0,-1,0,-1,31402,0,w5,0,0,31402,4449,-1,31143,Out,-1,Out,100,100,100,Below Trend,-1,Above Trend,06/16 00:00:00 PDT,-1,w3,0,2015-06-18 00:00:00,Contract,-1,Contract,4449,-1,31143,100233,-1,100234,4449,-1,31143,4449,-1,31143,False,True,31402,0,0,0,0
2015-06-16,2015-06-16 00:00:00,Exxon,PILOT TRAVEL CENTERS LLC 103637 IW,VERNON CA (MOC) - 00N6,Reg RFG,4449,-1,31143,0,0,0,0,0,-1,0,-1,31402,0,w5,0,0,31402,4449,-1,31143,Out,-1,Out,100,100,100,Below Trend,-1,Above Trend,06/17 00:00:00 PDT,-1,w3,0,2015-06-18 00:00:00,Contract,-1,Contract,4449,-1,31143,122097,-1,122098,4449,-1,31143,4449,-1,31143,False,True,31402,0,0,0,0
2015-06-17,2015-06-17 00:00:00,Exxon,PILOT TRAVEL CENTERS LLC 103637 IW,VERNON CA (MOC) - 00N6,Reg RFG,4449,-1,31143,0,0,0,0,0,-1,0,-1,31402,0,w5,0,0,31402,4449,-1,31143,Out,-1,Out,100,100,100,Below Trend,-1,On Track,06/18 00:00:00 PDT,-1,w3,0,2015-06-18 00:00:00,Contract,-1,Contract,4449,-1,31143,140705,-1,140706,4449,-1,31143,4449,-1,31143,False,True,31402,0,0,0,0
2015-06-18,2015-06-18 00:00:00,Exxon,PILOT TRAVEL CENTERS LLC 103637 IW,VERNON CA (MOC) - 00N6,Reg RFG,4449,-1,31143,0,8300,0,8300,8300,-1,0,-1,8300,0,w6,8300,0,8300,4449,-1,31143,Out,-1,Out,100,100,100,Above Trend,-1,Above Trend,06/19 00:00:00 PDT,-1,w4,0,2015-06-25 00:00:00,Contract,-1,Contract,4449,-1,31143,159444,-1,159445,4449,-1,31143,4449,-1,31143,True,True,8300,0,0,0,0
2015-06-19,2015-06-19 00:00:00,Exxon,PILOT TRAVEL CENTERS LLC 103637 IW,VERNON CA (MOC) - 00N6,Reg RFG,4449,-1,31143,0,8501,0,8501,8501,-1,0,-1,16801,0,w6,8501,0,16801,4449,-1,31143,Out,-1,Out,100,100,100,Above Trend,-1,Above Trend,06/20 00:00:00 PDT,-1,w4,0,2015-06-25 00:00:00,Contract,-1,Contract,4449,-1,31143,176134,-1,176135,4449,-1,31143,4449,-1,31143,True,True,16801,0,0,0,0
2015-06-20,2015-06-20 00:00:00,Exxon,PILOT TRAVEL CENTERS LLC 103637 IW,VERNON CA (MOC) - 00N6,Reg RFG,4449,-1,31143,0,7400,0,7400,7400,-1,0,-1,24201,0,w6,7400,0,24201,4449,-1,31143,Out,-1,Out,100,100,100,Above Trend,-1,Above Trend,06/21 00:00:00 PDT,-1,w4,0,2015-06-25 00:00:00,Contract,-1,Contract,4449,-1,31143,190635,-1,190636,4449,-1,31143,4449,-1,31143,True,True,24201,0,0,0,0
2015-06-21,2015-06-21 00:00:00,Exxon,PILOT TRAVEL CENTERS LLC 103637 IW,VERNON CA (MOC) - 00N6,Reg RFG,4449,-1,31143,0,0,0,0,0,-1,0,-1,24201,0,w6,0,0,24201,4449,-1,31143,Available,-1,Available,100,100,100,Below Trend,-1,Above Trend,06/22 00:00:00 PDT,-1,w4,0,2015-06-25 00:00:00,Contract,-1,Contract,4449,-1,31143,216050,-1,216051,4449,-1,31143,4449,-1,31143,True,True,24201,0,0,0,0
2015-06-22,2015-06-22 00:00:00,Exxon,PILOT TRAVEL CENTERS LLC 103637 IW,VERNON CA (MOC) - 00N6,Reg RFG,4449,-1,31143,0,0,0,0,0,-1,0,-1,24201,0,w6,0,0,24201,4449,-1,31143,Available,-1,Available,100,100,100,Below Trend,-1,On Track,06/23 00:00:00 PDT,-1,w4,0,2015-06-25 00:00:00,Contract,-1,Contract,4449,-1,31143,238711,-1,238712,4449,-1,31143,4449,-1,31143,True,True,24201,0,0,0,0
2015-06-23,2015-06-23 00:00:00,Exxon,PILOT TRAVEL CENTERS LLC 103637 IW,VERNON CA (MOC) - 00N6,Reg RFG,4449,-1,31143,0,7401,0,7401,7401,-1,0,-1,31602,0,w6,7401,0,31602,4449,-1,31143,Out,-1,Out,100,100,100,Above Trend,-1,Above Trend,06/24 00:00:00 PDT,-1,w4,0,2015-06-25 00:00:00,Contract,-1,Contract,4449,-1,31143,276452,-1,276453,4449,-1,31143,4449,-1,31143,True,True,31602,0,0,0,0
2015-06-24,2015-06-24 00:00:00,Exxon,PILOT TRAVEL CENTERS LLC 103637 IW,VERNON CA (MOC) - 00N6,Reg RFG,4449,-1,31143,0,0,0,0,0,-1,0,-1,31602,0,w6,0,0,31602,4449,-1,31143,Out,-1,Out,100,100,100,Below Trend,-1,On Track,06/25 00:00:00 PDT,-1,w4,0,2015-06-25 00:00:00,Contract,-1,Contract,4449,-1,31143,307038,-1,307039,4449,-1,31143,4449,-1,31143,True,True,31602,0,0,0,0
2015-06-25,2015-06-25 00:00:00,Exxon,PILOT TRAVEL CENTERS LLC 103637 IW,VERNON CA (MOC) - 00N6,Reg RFG,4449,-1,31143,0,0,0,0,0,-1,0,-1,0,0,w7,0,0,0,4449,-1,31143,Available,-1,Available,100,100,100,Below Trend,-1,Below Trend,06/26 00:00:00 PDT,-1,w5,0,2015-07-02 00:00:00,Contract,-1,Contract,4449,-1,31143,338464,-1,338465,4449,-1,31143,4449,-1,31143,True,True,0,0,0,0,0
2015-06-26,2015-06-26 00:00:00,Exxon,PILOT TRAVEL CENTERS LLC 103637 IW,VERNON CA (MOC) - 00N6,Reg RFG,4449,-1,31143,0,0,0,0,0,-1,0,-1,0,0,w7,0,0,0,4449,-1,31143,Available,-1,Available,100,100,100,Below Trend,-1,Below Trend,06/27 00:00:00 PDT,-1,w5,0,2015-07-02 00:00:00,Contract,-1,Contract,4449,-1,31143,367775,-1,367776,4449,-1,31143,4449,-1,31143,True,True,0,0,0,0,0
2015-06-27,2015-06-27 00:00:00,Exxon,PILOT TRAVEL CENTERS LLC 103637 IW,VERNON CA (MOC) - 00N6,Reg RFG,4449,-1,31143,3,8300,1,8300,0,-1,0,-1,8300,0,w7,0,0,8300,4449,-1,31143,Available,-1,Available,100,100,100,Below Trend,-1,Below Trend,06/28 00:00:00 PDT,-1,w5,0,2015-07-02 00:00:00,Contract,-1,Contract,4449,-1,31143,393040,-1,393041,4449,-1,31143,4449,-1,31143,True,True,8300,0,0,0,0
2015-06-28,2015-06-28 00:00:00,Exxon,PILOT TRAVEL CENTERS LLC 103637 IW,VERNON CA (MOC) - 00N6,Reg RFG,4449,-1,31143,0,0,0,0,0,-1,0,-1,8300,0,w7,0,0,8300,4449,-1,31143,Available,-1,Available,100,100,100,Below Trend,-1,Below Trend,06/29 00:00:00 PDT,-1,w5,0,2015-07-02 00:00:00,Contract,-1,Contract,4449,-1,31143,419091,-1,419092,4449,-1,31143,4449,-1,31143,True,True,8300,0,0,0,0
2015-06-29,2015-06-29 00:00:00,Exxon,PILOT TRAVEL CENTERS LLC 103637 IW,VERNON CA (MOC) - 00N6,Reg RFG,4449,-1,31143,0,0,0,0,0,-1,0,-1,8300,0,w7,0,0,8300,4449,-1,31143,Available,-1,Available,100,100,100,Below Trend,-1,Below Trend,06/30 00:00:00 PDT,-1,w5,0,2015-07-02 00:00:00,Contract,-1,Contract,4497,-1,31475,449906,-1,449907,4449,-1,31143,4449,-1,31143,True,True,8300,0,0,0,0
2015-06-30,2015-06-30 00:00:00,Exxon,PILOT TRAVEL CENTERS LLC 103637 IW,VERNON CA (MOC) - 00N6,Reg RFG,4497,-1,31143,0,7400,0,7400,7400,-1,0,-1,15700,0,w7,7400,0,15700,4497,-1,31143,Out,-1,Out,100,100,100,Above Trend,-1,Below Trend,07/01 00:00:00 PDT,-1,w5,0,2015-07-02 00:00:00,Contract,-1,Contract,4497,-1,31475,476574,-1,476575,4497,-1,31143,4497,-1,31143,True,True,15700,0,0,0,0
