,date,supplier_name,account_type,supplier_terminal_name,product_name,base_gallons_Daily,base_gallons_Weekly,lifted_gallons_daily_flag,lifted_gallons_daily_modified,Modified_WeeksByLiftedGallons,lifted_gallons_modified_WeeksByLiftedGallons,lifted_gallons_Daily,Lifted_actual_weekly,lifted_gallons_weekly_flag,WeeksByLiftedGallons,lifted_gallonsWeekly_modified_aposteriori,Modified_LiftedGallonsaposteriori,lifted_gallons_Weekly,beginning_gallons_Daily,beginning_gallons_Weekly,en_allocation_status_Daily,en_allocation_status_Weekly,percentage_allocation_Daily,percentage_allocation_Weekly,alerts_ratability_Daily,alerts_ratability_Weekly,next_refresh_date_Daily,Week_switch,Modified_NRD,next_refresh_date_Weekly,en_account_type_Daily,en_account_type_Weekly,NRB_Daily,next_refresh_base_gallons_Daily,next_refresh_base_gallons_Weekly,staging_id_Daily,staging_id_Weekly,base_gallons_Monthly,Lifted_actual_monthly,lifted_gallons_monthly_flag,lifted_gallons_Monthly,beginning_gallons_Monthly,en_allocation_status_Monthly,percentage_allocation_Monthly,alerts_ratability_Monthly,next_refresh_date_Monthly,NRB_Monthly,next_refresh_base_gallons_Monthly,base_gallons_Daily_Reconciled,base_gallons_Monthly_Reconciled,beginning_gallons_Daily_Reconciled,beginning_gallons_Monthly_Reconciled,beginning_gallons_Weekly_Reconciled,sanityWeekly_CumulativeDaily_WeeksByLiftedGallons,sanityWeekly_CumulativeDaily_NextRefreshDate,computedWeekly,sanityComputedWeekly,computedMonthly,sanityComputedMonthly,sanityMonthly_CumulativeDaily_WeeksByLiftedGallons,sanityMonthly_CumulativeDaily_WeeksByNextRefreshDate
2015-07-01,2015-07-01 00:00:00,BP,Channel: 50 - Commercial,INDIANAPOLIS IN - BP (PLANT 0452),REGULAR,38607,270249,3,104630,0,104630,104630,104630,0,w1,104630,0,104630,77214.0,297274.0,Available,Available,200,110,,,07/02 00:00:00 EDT,w1,0,2015-07-08 00:00:00,Contract,Contract,38607,38607,270249,508161,508162,0,0,0,0,0,0,0,0,0,0,0,38607,-1,77214,0,297274,True,True,104630,True,0,0,0,0
2015-07-02,2015-07-02 00:00:00,BP,Channel: 50 - Commercial,INDIANAPOLIS IN - BP (PLANT 0452),REGULAR,38607,270249,3,0,0,0,0,104630,0,w1,0,0,104630,77214.0,297274.0,Available,Available,200,110,,,07/03 00:00:00 EDT,w1,0,2015-07-08 00:00:00,Contract,Contract,38607,38607,270249,528386,528387,0,0,0,0,0,0,0,0,0,0,0,38607,-1,77214,0,297274,True,True,104630,True,0,0,0,0
2015-07-03,2015-07-03 00:00:00,BP,Channel: 50 - Commercial,INDIANAPOLIS IN - BP (PLANT 0452),REGULAR,38607,270249,3,55905,0,5398,5398,110028,0,w1,5398,0,110028,77214.0,297274.0,Available,Available,200,110,,,07/04 00:00:00 EDT,w1,0,2015-07-08 00:00:00,Contract,Contract,38607,38607,270249,536004,536005,0,0,0,0,0,0,0,0,0,0,0,38607,-1,77214,0,297274,True,False,160535,True,0,0,0,0
2015-07-04,2015-07-04 00:00:00,BP,Channel: 50 - Commercial,INDIANAPOLIS IN - BP (PLANT 0452),REGULAR,38607,270249,3,41319,1,78019,27512,188047,0,w1,27512,0,188047,77214.0,297274.0,Available,Available,200,110,,,07/05 00:00:00 EDT,w1,0,2015-07-08 00:00:00,Contract,Contract,38607,38607,270249,542292,542293,0,0,0,0,0,0,0,0,0,0,0,38607,-1,77214,0,297274,True,False,201854,True,0,0,0,0
2015-07-05,2015-07-05 00:00:00,BP,Channel: 50 - Commercial,INDIANAPOLIS IN - BP (PLANT 0452),REGULAR,38607,270249,3,60009,1,22313,8506,210360,0,w1,8506,0,210360,77214.0,297274.0,Available,Available,200,110,,,07/06 00:00:00 EDT,w1,0,2015-07-08 00:00:00,Contract,Contract,38607,38607,270249,548736,548737,0,0,0,0,0,0,0,0,0,0,0,38607,-1,77214,0,297274,True,False,261863,True,0,0,0,0
2015-07-06,2015-07-06 00:00:00,BP,Channel: 50 - Commercial,INDIANAPOLIS IN - BP (PLANT 0452),REGULAR,38607,270249,3,57018,1,62516,11013,272876,0,w1,11013,0,272876,77214.0,297274.0,Available,Available,200,110,,,07/07 00:00:00 EDT,w1,0,2015-07-08 00:00:00,Contract,Contract,38607,38607,270249,555049,555050,0,0,0,0,0,0,0,0,0,0,0,38607,-1,77214,0,297274,True,False,318881,True,0,0,0,0
2015-07-07,2015-07-07 00:00:00,BP,Channel: 50 - Commercial,INDIANAPOLIS IN - BP (PLANT 0452),REGULAR,38607,270249,0,0,1,46005,0,318881,0,w1,0,0,318881,77214.0,297274.0,Available,Available,200,110,,,07/08 00:00:00 EDT,w1,0,2015-07-08 00:00:00,Contract,Contract,38607,38607,270249,568062,568063,0,0,0,0,0,0,0,0,0,0,0,38607,-1,77214,0,297274,True,True,318881,True,0,0,0,0
2015-07-08,2015-07-08 00:00:00,BP,Channel: 50 - Commercial,INDIANAPOLIS IN - BP (PLANT 0452),REGULAR,38607,270249,0,29694,0,29694,29694,29694,0,w2,29694,0,29694,77214.0,297274.0,Available,Available,200,110,,,07/09 00:00:00 EDT,w2,0,2015-07-15 00:00:00,Contract,Contract,38607,38607,270249,578084,578085,0,0,0,0,0,0,0,0,0,0,0,38607,-1,77214,0,297274,True,True,0,0,0,0,0,0
2015-07-09,2015-07-09 00:00:00,BP,Channel: 50 - Commercial,INDIANAPOLIS IN - BP (PLANT 0452),REGULAR,38607,270249,4,78901,0,-1,-1,-1,4,w3,-1,0,108595,77214.0,297274.0,-1,-1,100,100,-1,-1,-1,w2,1,2015-07-15 00:00:00,-1,-1,38607,-1,-1,-1,-1,0,-1,0,-1,0,-1,100,-1,-1,0,-1,77214,-1,38607,0,270249,True,True,0,0,0,0,0,0
2015-07-10,2015-07-10 00:00:00,BP,Channel: 50 - Commercial,INDIANAPOLIS IN - BP (PLANT 0452),REGULAR,38607,270249,3,70518,0,70518,70518,179113,0,w3,70518,0,179113,77214.0,297274.0,Available,Available,200,110,,,07/11 00:00:00 EDT,w2,0,2015-07-15 00:00:00,Contract,Contract,38607,38607,270249,609054,609055,0,0,0,0,0,0,0,0,0,0,0,38607,-1,77214,0,297274,False,True,0,0,0,0,0,0
2015-07-11,2015-07-11 00:00:00,BP,Channel: 50 - Commercial,INDIANAPOLIS IN - BP (PLANT 0452),REGULAR,38607,270249,0,14505,0,14505,14505,193618,0,w3,14505,0,193618,77214.0,297274.0,Available,Available,200,110,,,07/12 00:00:00 EDT,w2,0,2015-07-15 00:00:00,Contract,Contract,38607,38607,270249,639294,639295,0,0,0,0,0,0,0,0,0,0,0,38607,-1,77214,0,297274,False,True,0,0,0,0,0,0
2015-07-12,2015-07-12 00:00:00,BP,Channel: 50 - Commercial,INDIANAPOLIS IN - BP (PLANT 0452),REGULAR,38607,270249,0,-1,0,-1,-1,-1,0,w4,-1,0,-1,77214.0,297274.0,-1,-1,100,100,-1,-1,-1,w2,1,2015-07-15 00:00:00,-1,-1,38607,-1,-1,-1,-1,0,-1,0,-1,0,-1,100,-1,-1,0,-1,77214,-1,38607,0,270249,True,False,0,0,0,0,0,0
2015-07-13,2015-07-13 00:00:00,BP,Channel: 50 - Commercial,INDIANAPOLIS IN - BP (PLANT 0452),REGULAR,38607,270249,0,-1,0,-1,-1,-1,0,w4,-1,0,-1,77214.0,297274.0,-1,-1,100,100,-1,-1,-1,w2,1,2015-07-15 00:00:00,-1,-1,38607,-1,-1,-1,-1,0,-1,0,-1,0,-1,100,-1,-1,0,-1,77214,-1,38607,0,270249,False,False,0,0,0,0,0,0
2015-07-14,2015-07-14 00:00:00,BP,Channel: 50 - Commercial,INDIANAPOLIS IN - BP (PLANT 0452),REGULAR,38607,270249,0,0,0,0,0,223286,0,w4,0,0,223286,77214.0,297274.0,Available,Available,200,110,,,07/15 00:00:00 EDT,w2,0,2015-07-15 00:00:00,Contract,Contract,38607,38607,270249,731167,731168,0,0,0,0,0,0,0,0,0,0,0,38607,-1,77214,0,297274,False,False,0,0,0,0,0,0
2015-07-15,2015-07-15 00:00:00,BP,Channel: 50 - Commercial,INDIANAPOLIS IN - BP (PLANT 0452),REGULAR,38607,270249,3,0,0,0,0,0,0,w5,0,0,0,77214.0,297274.0,Available,Available,200,110,,,07/16 00:00:00 EDT,w3,0,2015-07-22 00:00:00,Contract,Contract,38607,38607,270249,756387,756388,0,0,0,0,0,0,0,0,0,0,0,38607,-1,77214,0,297274,True,True,0,True,0,0,0,0
2015-07-16,2015-07-16 00:00:00,BP,Channel: 50 - Commercial,INDIANAPOLIS IN - BP (PLANT 0452),REGULAR,38607,270249,3,18999,0,11300,11300,11300,0,w5,11300,0,11300,77214.0,297274.0,Available,Available,200,110,,,07/17 00:00:00 EDT,w3,0,2015-07-22 00:00:00,Contract,Contract,38607,38607,270249,789689,789690,0,0,0,0,0,0,0,0,0,0,0,38607,-1,77214,0,297274,True,False,18999,True,0,0,0,0
2015-07-17,2015-07-17 00:00:00,BP,Channel: 50 - Commercial,INDIANAPOLIS IN - BP (PLANT 0452),REGULAR,38607,270249,3,78035,1,85734,78035,97034,0,w5,78035,0,97034,77214.0,297274.0,Out,Out,200,110,,,07/18 00:00:00 EDT,w3,0,2015-07-22 00:00:00,Contract,Contract,38607,38607,270249,821717,821718,0,0,0,0,0,0,0,0,0,0,0,38607,-1,77214,0,297274,True,True,97034,True,0,0,0,0
2015-07-18,2015-07-18 00:00:00,BP,Channel: 50 - Commercial,INDIANAPOLIS IN - BP (PLANT 0452),REGULAR,38607,270249,3,104235,0,104235,104235,201269,0,w5,104235,0,201269,77214.0,297274.0,Available,Available,200,110,,,07/19 00:00:00 EDT,w3,0,2015-07-22 00:00:00,Contract,Contract,38607,38607,270249,852179,852180,0,0,0,0,0,0,0,0,0,0,0,38607,-1,77214,0,297274,True,True,201269,True,0,0,0,0
2015-07-19,2015-07-19 00:00:00,BP,Channel: 50 - Commercial,INDIANAPOLIS IN - BP (PLANT 0452),REGULAR,38607,270249,3,62912,0,62912,62912,264181,0,w5,62912,0,264181,77214.0,297274.0,Available,Available,200,110,,,07/20 00:00:00 EDT,w3,0,2015-07-22 00:00:00,Contract,Contract,38607,38607,270249,883440,883441,0,0,0,0,0,0,0,0,0,0,0,38607,-1,77214,0,297274,True,True,264181,True,0,0,0,0
2015-07-20,2015-07-20 00:00:00,BP,Channel: 50 - Commercial,INDIANAPOLIS IN - BP (PLANT 0452),REGULAR,38607,270249,3,73656,0,73656,73656,337837,0,w5,73656,0,337837,77214.0,297274.0,Out,Out,200,110,,,07/21 00:00:00 EDT,w3,0,2015-07-22 00:00:00,Contract,Contract,38607,38607,270249,913805,913806,0,0,0,0,0,0,0,0,0,0,0,38607,-1,77214,0,297274,True,True,337837,True,0,0,0,0
2015-07-21,2015-07-21 00:00:00,BP,Channel: 50 - Commercial,INDIANAPOLIS IN - BP (PLANT 0452),REGULAR,38607,270249,0,0,0,0,0,337837,0,w5,0,0,337837,77214.0,297274.0,Out,Out,200,110,,,07/22 00:00:00 EDT,w3,0,2015-07-22 00:00:00,Contract,Contract,38607,38607,270249,934344,934345,0,0,0,0,0,0,0,0,0,0,0,38607,-1,77214,0,297274,True,True,337837,True,0,0,0,0
2015-07-22,2015-07-22 00:00:00,BP,Channel: 50 - Commercial,INDIANAPOLIS IN - BP (PLANT 0452),REGULAR,38607,270249,3,0,0,0,0,0,0,w6,0,0,0,77214.0,297274.0,Available,Available,200,110,,,07/23 00:00:00 EDT,w4,0,2015-07-29 00:00:00,Contract,Contract,38607,38607,270249,976420,976421,0,0,0,0,0,0,0,0,0,0,0,38607,-1,77214,0,297274,True,True,0,0,0,0,0,0
2015-07-23,2015-07-23 00:00:00,BP,Channel: 50 - Commercial,INDIANAPOLIS IN - BP (PLANT 0452),REGULAR,38607,270249,0,0,0,0,0,0,0,w6,0,0,0,77214.0,297274.0,Available,Available,200,110,,,07/24 00:00:00 EDT,w4,0,2015-07-29 00:00:00,Contract,Contract,38607,38607,270249,994629,994630,0,0,0,0,0,0,0,0,0,0,0,38607,-1,77214,0,297274,True,True,0,0,0,0,0,0
2015-07-24,2015-07-24 00:00:00,BP,Channel: 50 - Commercial,INDIANAPOLIS IN - BP (PLANT 0452),REGULAR,38607,270249,0,-1,0,-1,-1,-1,0,w7,-1,0,-1,77214.0,297274.0,-1,-1,100,100,-1,-1,-1,w4,1,2015-07-29 00:00:00,-1,-1,38607,-1,-1,-1,-1,0,-1,0,-1,0,-1,100,-1,-1,0,-1,77214,-1,38607,0,270249,True,True,0,0,0,0,0,0
2015-07-25,2015-07-25 00:00:00,BP,Channel: 50 - Commercial,INDIANAPOLIS IN - BP (PLANT 0452),REGULAR,38607,270249,0,-1,0,-1,-1,-1,0,w7,-1,0,-1,77214.0,297274.0,-1,-1,100,100,-1,-1,-1,w4,1,2015-07-29 00:00:00,-1,-1,38607,-1,-1,-1,-1,0,-1,0,-1,0,-1,100,-1,-1,0,-1,77214,-1,38607,0,270249,False,False,0,0,0,0,0,0
2015-07-26,2015-07-26 00:00:00,BP,Channel: 50 - Commercial,INDIANAPOLIS IN - BP (PLANT 0452),REGULAR,38607,270249,0,-1,0,-1,-1,-1,0,w7,-1,0,-1,77214.0,297274.0,-1,-1,100,100,-1,-1,-1,w4,1,2015-07-29 00:00:00,-1,-1,38607,-1,-1,-1,-1,0,-1,0,-1,0,-1,100,-1,-1,0,-1,77214,-1,38607,0,270249,False,False,0,0,0,0,0,0
2015-07-27,2015-07-27 00:00:00,BP,Channel: 50 - Commercial,INDIANAPOLIS IN - BP (PLANT 0452),REGULAR,38607,270249,0,-1,0,-1,-1,-1,0,w7,-1,0,-1,77214.0,297274.0,-1,-1,100,100,-1,-1,-1,w4,1,2015-07-29 00:00:00,-1,-1,38607,-1,-1,-1,-1,0,-1,0,-1,0,-1,100,-1,-1,0,-1,77214,-1,38607,0,270249,False,False,0,0,0,0,0,0
2015-07-28,2015-07-28 00:00:00,BP,Channel: 50 - Commercial,INDIANAPOLIS IN - BP (PLANT 0452),REGULAR,38607,270249,0,-1,0,-1,-1,-1,0,w7,-1,0,-1,77214.0,297274.0,-1,-1,100,100,-1,-1,-1,w4,1,2015-07-29 00:00:00,-1,-1,38607,-1,-1,-1,-1,0,-1,0,-1,0,-1,100,-1,-1,0,-1,77214,-1,38607,0,270249,False,False,0,0,0,0,0,0
2015-07-29,2015-07-29 00:00:00,BP,Channel: 50 - Commercial,INDIANAPOLIS IN - BP (PLANT 0452),REGULAR,38607,270249,0,-1,0,-1,-1,-1,0,w7,-1,0,-1,77214.0,297274.0,-1,-1,100,100,-1,-1,-1,w5,1,2015-08-05 00:00:00,-1,-1,38607,-1,-1,-1,-1,0,-1,0,-1,0,-1,100,-1,-1,0,-1,77214,-1,38607,0,270249,False,True,0,0,0,0,0,0
2015-07-30,2015-07-30 00:00:00,BP,Channel: 50 - Commercial,INDIANAPOLIS IN - BP (PLANT 0452),REGULAR,38607,270249,0,-1,0,-1,-1,-1,0,w7,-1,0,-1,77214.0,297274.0,-1,-1,100,100,-1,-1,-1,w5,1,2015-08-05 00:00:00,-1,-1,38607,-1,-1,-1,-1,0,-1,0,-1,0,-1,100,-1,-1,0,-1,77214,-1,38607,0,270249,False,False,0,0,0,0,0,0
2015-07-31,2015-07-31 00:00:00,BP,Channel: 50 - Commercial,INDIANAPOLIS IN - BP (PLANT 0452),REGULAR,38607,270249,0,-1,0,-1,-1,-1,0,w7,-1,0,-1,77214.0,297274.0,-1,-1,100,100,-1,-1,-1,w5,1,2015-08-05 00:00:00,-1,-1,38607,-1,-1,-1,-1,0,-1,0,-1,0,-1,100,-1,-1,0,-1,77214,-1,38607,0,270249,False,False,0,0,0,0,0,0
