,date,supplier_name,account_type,supplier_terminal_name,product_name,base_gallons_Daily,base_gallons_Weekly,lifted_gallons_daily_flag,lifted_gallons_daily_modified,Modified_WeeksByLiftedGallons,lifted_gallons_modified_WeeksByLiftedGallons,lifted_gallons_Daily,Lifted_actual_weekly,lifted_gallons_weekly_flag,WeeksByLiftedGallons,lifted_gallonsWeekly_modified_aposteriori,Modified_LiftedGallonsaposteriori,lifted_gallons_Weekly,beginning_gallons_Daily,beginning_gallons_Weekly,en_allocation_status_Daily,en_allocation_status_Weekly,percentage_allocation_Daily,percentage_allocation_Weekly,alerts_ratability_Daily,alerts_ratability_Weekly,next_refresh_date_Daily,Week_switch,Modified_NRD,next_refresh_date_Weekly,en_account_type_Daily,en_account_type_Weekly,NRB_Daily,next_refresh_base_gallons_Daily,next_refresh_base_gallons_Weekly,staging_id_Daily,staging_id_Weekly,base_gallons_Monthly,Lifted_actual_monthly,lifted_gallons_monthly_flag,lifted_gallons_Monthly,beginning_gallons_Monthly,en_allocation_status_Monthly,percentage_allocation_Monthly,alerts_ratability_Monthly,next_refresh_date_Monthly,NRB_Monthly,next_refresh_base_gallons_Monthly,base_gallons_Daily_Reconciled,base_gallons_Monthly_Reconciled,beginning_gallons_Daily_Reconciled,beginning_gallons_Monthly_Reconciled,beginning_gallons_Weekly_Reconciled,sanityWeekly_CumulativeDaily_WeeksByLiftedGallons,sanityWeekly_CumulativeDaily_NextRefreshDate,computedWeekly,sanityComputedWeekly,computedMonthly,sanityComputedMonthly,sanityMonthly_CumulativeDaily_WeeksByLiftedGallons,sanityMonthly_CumulativeDaily_WeeksByNextRefreshDate
2015-07-01,2015-07-01 00:00:00,BP,Channel: 50 - Commercial,SOUTH BEND IN - BUCKEYE (PLANT 9121),DIESEL,73548,514839,3,111814,0,111814,111814,111814,0,w1,111814,0,111814,147096.0,566323.0,Available,Available,200,110,,,07/02 00:00:00 EDT,w1,0,2015-07-08 00:00:00,Contract,Contract,73548,73548,514839,508171,508172,0,0,0,0,0,0,0,0,0,0,0,73548,-1,147096,0,566323,True,True,111814,True,0,0,0,0
2015-07-02,2015-07-02 00:00:00,BP,Channel: 50 - Commercial,SOUTH BEND IN - BUCKEYE (PLANT 9121),DIESEL,73548,514839,3,74815,0,52305,52305,164119,0,w1,52305,0,164119,147096.0,566323.0,Available,Available,200,110,,,07/03 00:00:00 EDT,w1,0,2015-07-08 00:00:00,Contract,Contract,73548,73548,514839,528396,528397,0,0,0,0,0,0,0,0,0,0,0,73548,-1,147096,0,566323,True,False,186629,True,0,0,0,0
2015-07-03,2015-07-03 00:00:00,BP,Channel: 50 - Commercial,SOUTH BEND IN - BUCKEYE (PLANT 9121),DIESEL,73548,514839,3,37006,1,29912,7402,194031,0,w1,7402,0,194031,147096.0,566323.0,Available,Available,200,110,,,07/04 00:00:00 EDT,w1,0,2015-07-08 00:00:00,Contract,Contract,73548,73548,514839,536014,536015,0,0,0,0,0,0,0,0,0,0,0,73548,-1,147096,0,566323,True,False,223635,True,0,0,0,0
2015-07-04,2015-07-04 00:00:00,BP,Channel: 50 - Commercial,SOUTH BEND IN - BUCKEYE (PLANT 9121),DIESEL,73548,514839,3,7302,1,29604,0,223635,0,w1,0,0,223635,147096.0,566323.0,Available,Available,200,110,,,07/05 00:00:00 EDT,w1,0,2015-07-08 00:00:00,Contract,Contract,73548,73548,514839,542302,542303,0,0,0,0,0,0,0,0,0,0,0,73548,-1,147096,0,566323,True,False,230937,True,0,0,0,0
2015-07-05,2015-07-05 00:00:00,BP,Channel: 50 - Commercial,SOUTH BEND IN - BUCKEYE (PLANT 9121),DIESEL,73548,514839,3,0,1,7302,0,230937,0,w1,0,0,230937,147096.0,566323.0,Available,Available,200,110,,,07/06 00:00:00 EDT,w1,0,2015-07-08 00:00:00,Contract,Contract,73548,73548,514839,548746,548747,0,0,0,0,0,0,0,0,0,0,0,73548,-1,147096,0,566323,True,True,230937,True,0,0,0,0
2015-07-06,2015-07-06 00:00:00,BP,Channel: 50 - Commercial,SOUTH BEND IN - BUCKEYE (PLANT 9121),DIESEL,73548,514839,3,44896,0,7498,7498,238435,0,w1,7498,0,238435,147096.0,566323.0,Available,Available,200,110,,,07/07 00:00:00 EDT,w1,0,2015-07-08 00:00:00,Contract,Contract,73548,73548,514839,555059,555060,0,0,0,0,0,0,0,0,0,0,0,73548,-1,147096,0,566323,True,False,275833,True,0,0,0,0
2015-07-07,2015-07-07 00:00:00,BP,Channel: 50 - Commercial,SOUTH BEND IN - BUCKEYE (PLANT 9121),DIESEL,73548,514839,0,44813,1,82211,44813,320646,0,w1,44813,0,320646,147096.0,566323.0,Available,Available,200,110,,,07/08 00:00:00 EDT,w1,0,2015-07-08 00:00:00,Contract,Contract,73548,73548,514839,568072,568073,0,0,0,0,0,0,0,0,0,0,0,73548,-1,147096,0,566323,True,True,320646,True,0,0,0,0
2015-07-08,2015-07-08 00:00:00,BP,Channel: 50 - Commercial,SOUTH BEND IN - BUCKEYE (PLANT 9121),DIESEL,73548,514839,0,45025,0,45025,45025,45025,0,w2,45025,0,45025,147096.0,566323.0,Available,Available,200,110,,,07/09 00:00:00 EDT,w2,0,2015-07-15 00:00:00,Contract,Contract,73548,73548,514839,578094,578095,0,0,0,0,0,0,0,0,0,0,0,73548,-1,147096,0,566323,True,True,0,0,0,0,0,0
2015-07-09,2015-07-09 00:00:00,BP,Channel: 50 - Commercial,SOUTH BEND IN - BUCKEYE (PLANT 9121),DIESEL,73548,514839,4,82384,0,-1,-1,-1,4,w3,-1,0,127409,147096.0,566323.0,-1,-1,100,100,-1,-1,-1,w2,1,2015-07-15 00:00:00,-1,-1,73548,-1,-1,-1,-1,0,-1,0,-1,0,-1,100,-1,-1,0,-1,147096,-1,73548,0,514839,True,True,0,0,0,0,0,0
2015-07-10,2015-07-10 00:00:00,BP,Channel: 50 - Commercial,SOUTH BEND IN - BUCKEYE (PLANT 9121),DIESEL,73548,514839,3,82311,0,82311,82311,209720,0,w3,82311,0,209720,147096.0,566323.0,Available,Available,200,110,,,07/11 00:00:00 EDT,w2,0,2015-07-15 00:00:00,Contract,Contract,73548,73548,514839,609064,609065,0,0,0,0,0,0,0,0,0,0,0,73548,-1,147096,0,566323,False,True,0,0,0,0,0,0
2015-07-11,2015-07-11 00:00:00,BP,Channel: 50 - Commercial,SOUTH BEND IN - BUCKEYE (PLANT 9121),DIESEL,73548,514839,0,51918,0,51918,51918,261638,0,w3,51918,0,261638,147096.0,566323.0,Available,Available,200,110,,,07/12 00:00:00 EDT,w2,0,2015-07-15 00:00:00,Contract,Contract,73548,73548,514839,639304,639305,0,0,0,0,0,0,0,0,0,0,0,73548,-1,147096,0,566323,False,True,0,0,0,0,0,0
2015-07-12,2015-07-12 00:00:00,BP,Channel: 50 - Commercial,SOUTH BEND IN - BUCKEYE (PLANT 9121),DIESEL,73548,514839,0,-1,0,-1,-1,-1,0,w4,-1,0,-1,147096.0,566323.0,-1,-1,100,100,-1,-1,-1,w2,1,2015-07-15 00:00:00,-1,-1,73548,-1,-1,-1,-1,0,-1,0,-1,0,-1,100,-1,-1,0,-1,147096,-1,73548,0,514839,True,False,0,0,0,0,0,0
2015-07-13,2015-07-13 00:00:00,BP,Channel: 50 - Commercial,SOUTH BEND IN - BUCKEYE (PLANT 9121),DIESEL,73548,514839,0,-1,0,-1,-1,-1,0,w4,-1,0,-1,147096.0,566323.0,-1,-1,100,100,-1,-1,-1,w2,1,2015-07-15 00:00:00,-1,-1,73548,-1,-1,-1,-1,0,-1,0,-1,0,-1,100,-1,-1,0,-1,147096,-1,73548,0,514839,False,False,0,0,0,0,0,0
2015-07-14,2015-07-14 00:00:00,BP,Channel: 50 - Commercial,SOUTH BEND IN - BUCKEYE (PLANT 9121),DIESEL,73548,514839,0,52012,0,52012,52012,381154,0,w4,52012,0,381154,147096.0,566323.0,Available,Available,200,110,,,07/15 00:00:00 EDT,w2,0,2015-07-15 00:00:00,Contract,Contract,73548,73548,514839,731179,731180,0,0,0,0,0,0,0,0,0,0,0,73548,-1,147096,0,566323,False,False,0,0,0,0,0,0
2015-07-15,2015-07-15 00:00:00,BP,Channel: 50 - Commercial,SOUTH BEND IN - BUCKEYE (PLANT 9121),DIESEL,73548,514839,3,95937,0,95937,95937,95937,0,w5,95937,0,95937,147096.0,566323.0,Available,Available,200,110,,,07/16 00:00:00 EDT,w3,0,2015-07-22 00:00:00,Contract,Contract,73548,73548,514839,756397,756398,0,0,0,0,0,0,0,0,0,0,0,73548,-1,147096,0,566323,True,True,95937,True,0,0,0,0
2015-07-16,2015-07-16 00:00:00,BP,Channel: 50 - Commercial,SOUTH BEND IN - BUCKEYE (PLANT 9121),DIESEL,73548,514839,3,96814,0,96814,96814,192751,0,w5,96814,0,192751,147096.0,566323.0,Available,Available,200,110,,,07/17 00:00:00 EDT,w3,0,2015-07-22 00:00:00,Contract,Contract,73548,73548,514839,789699,789700,0,0,0,0,0,0,0,0,0,0,0,73548,-1,147096,0,566323,True,True,192751,True,0,0,0,0
2015-07-17,2015-07-17 00:00:00,BP,Channel: 50 - Commercial,SOUTH BEND IN - BUCKEYE (PLANT 9121),DIESEL,73548,514839,3,82227,0,82227,82227,274978,0,w5,82227,0,274978,147096.0,566323.0,Available,Available,200,110,,,07/18 00:00:00 EDT,w3,0,2015-07-22 00:00:00,Contract,Contract,73548,73548,514839,821727,821728,0,0,0,0,0,0,0,0,0,0,0,73548,-1,147096,0,566323,True,True,274978,True,0,0,0,0
2015-07-18,2015-07-18 00:00:00,BP,Channel: 50 - Commercial,SOUTH BEND IN - BUCKEYE (PLANT 9121),DIESEL,73548,514839,3,29811,0,29811,29811,304789,0,w5,29811,0,304789,147096.0,566323.0,Available,Available,200,110,,,07/19 00:00:00 EDT,w3,0,2015-07-22 00:00:00,Contract,Contract,73548,73548,514839,852189,852190,0,0,0,0,0,0,0,0,0,0,0,73548,-1,147096,0,566323,True,True,304789,True,0,0,0,0
2015-07-19,2015-07-19 00:00:00,BP,Channel: 50 - Commercial,SOUTH BEND IN - BUCKEYE (PLANT 9121),DIESEL,73548,514839,3,36498,0,36498,36498,341287,0,w5,36498,0,341287,147096.0,566323.0,Available,Available,200,110,,,07/20 00:00:00 EDT,w3,0,2015-07-22 00:00:00,Contract,Contract,73548,73548,514839,883450,883451,0,0,0,0,0,0,0,0,0,0,0,73548,-1,147096,0,566323,True,True,341287,True,0,0,0,0
2015-07-20,2015-07-20 00:00:00,BP,Channel: 50 - Commercial,SOUTH BEND IN - BUCKEYE (PLANT 9121),DIESEL,73548,514839,3,67000,0,67000,67000,408287,0,w5,67000,0,408287,147096.0,566323.0,Available,Available,200,110,,,07/21 00:00:00 EDT,w3,0,2015-07-22 00:00:00,Contract,Contract,73548,73548,514839,913815,913816,0,0,0,0,0,0,0,0,0,0,0,73548,-1,147096,0,566323,True,True,408287,True,0,0,0,0
2015-07-21,2015-07-21 00:00:00,BP,Channel: 50 - Commercial,SOUTH BEND IN - BUCKEYE (PLANT 9121),DIESEL,73548,514839,0,66892,0,66892,66892,475179,0,w5,66892,0,475179,147096.0,566323.0,Available,Available,200,110,,,07/22 00:00:00 EDT,w3,0,2015-07-22 00:00:00,Contract,Contract,73548,73548,514839,934356,934357,0,0,0,0,0,0,0,0,0,0,0,73548,-1,147096,0,566323,True,True,475179,True,0,0,0,0
2015-07-22,2015-07-22 00:00:00,BP,Channel: 50 - Commercial,SOUTH BEND IN - BUCKEYE (PLANT 9121),DIESEL,73548,514839,3,79153,0,79153,79153,79153,0,w6,79153,0,79153,147096.0,566323.0,Available,Available,200,110,,,07/23 00:00:00 EDT,w4,0,2015-07-29 00:00:00,Contract,Contract,73548,73548,514839,976428,976429,0,0,0,0,0,0,0,0,0,0,0,73548,-1,147096,0,566323,True,True,0,0,0,0,0,0
2015-07-23,2015-07-23 00:00:00,BP,Channel: 50 - Commercial,SOUTH BEND IN - BUCKEYE (PLANT 9121),DIESEL,73548,514839,0,52497,0,52497,52497,131650,0,w6,52497,0,131650,147096.0,566323.0,Available,Available,200,110,,,07/24 00:00:00 EDT,w4,0,2015-07-29 00:00:00,Contract,Contract,73548,73548,514839,994637,994638,0,0,0,0,0,0,0,0,0,0,0,73548,-1,147096,0,566323,True,True,0,0,0,0,0,0
2015-07-24,2015-07-24 00:00:00,BP,Channel: 50 - Commercial,SOUTH BEND IN - BUCKEYE (PLANT 9121),DIESEL,73548,514839,0,-1,0,-1,-1,-1,0,w7,-1,0,-1,147096.0,566323.0,-1,-1,100,100,-1,-1,-1,w4,1,2015-07-29 00:00:00,-1,-1,73548,-1,-1,-1,-1,0,-1,0,-1,0,-1,100,-1,-1,0,-1,147096,-1,73548,0,514839,True,False,0,0,0,0,0,0
2015-07-25,2015-07-25 00:00:00,BP,Channel: 50 - Commercial,SOUTH BEND IN - BUCKEYE (PLANT 9121),DIESEL,73548,514839,0,-1,0,-1,-1,-1,0,w7,-1,0,-1,147096.0,566323.0,-1,-1,100,100,-1,-1,-1,w4,1,2015-07-29 00:00:00,-1,-1,73548,-1,-1,-1,-1,0,-1,0,-1,0,-1,100,-1,-1,0,-1,147096,-1,73548,0,514839,False,False,0,0,0,0,0,0
2015-07-26,2015-07-26 00:00:00,BP,Channel: 50 - Commercial,SOUTH BEND IN - BUCKEYE (PLANT 9121),DIESEL,73548,514839,0,-1,0,-1,-1,-1,0,w7,-1,0,-1,147096.0,566323.0,-1,-1,100,100,-1,-1,-1,w4,1,2015-07-29 00:00:00,-1,-1,73548,-1,-1,-1,-1,0,-1,0,-1,0,-1,100,-1,-1,0,-1,147096,-1,73548,0,514839,False,False,0,0,0,0,0,0
2015-07-27,2015-07-27 00:00:00,BP,Channel: 50 - Commercial,SOUTH BEND IN - BUCKEYE (PLANT 9121),DIESEL,73548,514839,0,-1,0,-1,-1,-1,0,w7,-1,0,-1,147096.0,566323.0,-1,-1,100,100,-1,-1,-1,w4,1,2015-07-29 00:00:00,-1,-1,73548,-1,-1,-1,-1,0,-1,0,-1,0,-1,100,-1,-1,0,-1,147096,-1,73548,0,514839,False,False,0,0,0,0,0,0
2015-07-28,2015-07-28 00:00:00,BP,Channel: 50 - Commercial,SOUTH BEND IN - BUCKEYE (PLANT 9121),DIESEL,73548,514839,0,-1,0,-1,-1,-1,0,w7,-1,0,-1,147096.0,566323.0,-1,-1,100,100,-1,-1,-1,w4,1,2015-07-29 00:00:00,-1,-1,73548,-1,-1,-1,-1,0,-1,0,-1,0,-1,100,-1,-1,0,-1,147096,-1,73548,0,514839,False,False,0,0,0,0,0,0
2015-07-29,2015-07-29 00:00:00,BP,Channel: 50 - Commercial,SOUTH BEND IN - BUCKEYE (PLANT 9121),DIESEL,73548,514839,0,-1,0,-1,-1,-1,0,w7,-1,0,-1,147096.0,566323.0,-1,-1,100,100,-1,-1,-1,w5,1,2015-08-05 00:00:00,-1,-1,73548,-1,-1,-1,-1,0,-1,0,-1,0,-1,100,-1,-1,0,-1,147096,-1,73548,0,514839,False,True,0,0,0,0,0,0
2015-07-30,2015-07-30 00:00:00,BP,Channel: 50 - Commercial,SOUTH BEND IN - BUCKEYE (PLANT 9121),DIESEL,73548,514839,0,-1,0,-1,-1,-1,0,w7,-1,0,-1,147096.0,566323.0,-1,-1,100,100,-1,-1,-1,w5,1,2015-08-05 00:00:00,-1,-1,73548,-1,-1,-1,-1,0,-1,0,-1,0,-1,100,-1,-1,0,-1,147096,-1,73548,0,514839,False,False,0,0,0,0,0,0
2015-07-31,2015-07-31 00:00:00,BP,Channel: 50 - Commercial,SOUTH BEND IN - BUCKEYE (PLANT 9121),DIESEL,73548,514839,0,-1,0,-1,-1,-1,0,w7,-1,0,-1,147096.0,566323.0,-1,-1,100,100,-1,-1,-1,w5,1,2015-08-05 00:00:00,-1,-1,73548,-1,-1,-1,-1,0,-1,0,-1,0,-1,100,-1,-1,0,-1,147096,-1,73548,0,514839,False,False,0,0,0,0,0,0
