,date,supplier_name,account_type,supplier_terminal_name,product_name,base_gallons_Daily,base_gallons_Weekly,lifted_gallons_daily_flag,lifted_gallons_daily_modified,Modified_WeeksByLiftedGallons,lifted_gallons_modified_WeeksByLiftedGallons,lifted_gallons_Daily,Lifted_actual_weekly,lifted_gallons_weekly_flag,WeeksByLiftedGallons,lifted_gallonsWeekly_modified_aposteriori,Modified_LiftedGallonsaposteriori,lifted_gallons_Weekly,beginning_gallons_Daily,beginning_gallons_Weekly,en_allocation_status_Daily,en_allocation_status_Weekly,percentage_allocation_Daily,percentage_allocation_Weekly,alerts_ratability_Daily,alerts_ratability_Weekly,next_refresh_date_Daily,Week_switch,Modified_NRD,next_refresh_date_Weekly,en_account_type_Daily,en_account_type_Weekly,NRB_Daily,next_refresh_base_gallons_Daily,next_refresh_base_gallons_Weekly,staging_id_Daily,staging_id_Weekly,base_gallons_Monthly,Lifted_actual_monthly,lifted_gallons_monthly_flag,lifted_gallons_Monthly,beginning_gallons_Monthly,en_allocation_status_Monthly,percentage_allocation_Monthly,alerts_ratability_Monthly,next_refresh_date_Monthly,NRB_Monthly,next_refresh_base_gallons_Monthly,base_gallons_Daily_Reconciled,base_gallons_Monthly_Reconciled,beginning_gallons_Daily_Reconciled,beginning_gallons_Monthly_Reconciled,beginning_gallons_Weekly_Reconciled,sanityWeekly_CumulativeDaily_WeeksByLiftedGallons,sanityWeekly_CumulativeDaily_NextRefreshDate,computedWeekly,sanityComputedWeekly,computedMonthly,sanityComputedMonthly,sanityMonthly_CumulativeDaily_WeeksByLiftedGallons,sanityMonthly_CumulativeDaily_WeeksByNextRefreshDate
2015-07-01,2015-07-01 00:00:00,BP,Channel: 50 - Commercial,ROCHELLE IL - BP (PLANT 0448),DIESEL,73387,513710,3,156441,0,126629,126629,126629,0,w1,126629,0,126629,146774.0,565081.0,Available,Available,200,110,,,07/02 00:00:00 CDT,w1,0,2015-07-08 00:00:00,Contract,Contract,73387,73387,513710,508169,508170,0,0,0,0,0,0,0,0,0,0,0,73387,-1,146774,0,565081,True,False,156441,True,0,0,0,0
2015-07-02,2015-07-02 00:00:00,BP,Channel: 50 - Commercial,ROCHELLE IL - BP (PLANT 0448),DIESEL,73387,513710,3,64062,1,71549,41737,198178,0,w1,41737,0,198178,146774.0,565081.0,Available,Available,200,110,,,07/03 00:00:00 CDT,w1,0,2015-07-08 00:00:00,Contract,Contract,73387,73387,513710,528394,528395,0,0,0,0,0,0,0,0,0,0,0,73387,-1,146774,0,565081,True,False,220503,True,0,0,0,0
2015-07-03,2015-07-03 00:00:00,BP,Channel: 50 - Commercial,ROCHELLE IL - BP (PLANT 0448),DIESEL,73387,513710,3,22530,1,29827,7502,228005,0,w1,7502,0,228005,146774.0,565081.0,Available,Available,200,110,,,07/04 00:00:00 CDT,w1,0,2015-07-08 00:00:00,Contract,Contract,73387,73387,513710,536012,536013,0,0,0,0,0,0,0,0,0,0,0,73387,-1,146774,0,565081,True,False,243033,True,0,0,0,0
2015-07-04,2015-07-04 00:00:00,BP,Channel: 50 - Commercial,ROCHELLE IL - BP (PLANT 0448),DIESEL,73387,513710,3,44624,1,52149,37121,280154,0,w1,37121,0,280154,146774.0,565081.0,Available,Available,200,110,,,07/05 00:00:00 CDT,w1,0,2015-07-08 00:00:00,Contract,Contract,73387,73387,513710,542300,542301,0,0,0,0,0,0,0,0,0,0,0,73387,-1,146774,0,565081,True,False,287657,True,0,0,0,0
2015-07-05,2015-07-05 00:00:00,BP,Channel: 50 - Commercial,ROCHELLE IL - BP (PLANT 0448),DIESEL,73387,513710,3,22369,1,14957,7454,295111,0,w1,7454,0,295111,146774.0,565081.0,Available,Available,200,110,,,07/06 00:00:00 CDT,w1,0,2015-07-08 00:00:00,Contract,Contract,73387,73387,513710,548744,548745,0,0,0,0,0,0,0,0,0,0,0,73387,-1,146774,0,565081,True,False,310026,True,0,0,0,0
2015-07-06,2015-07-06 00:00:00,BP,Channel: 50 - Commercial,ROCHELLE IL - BP (PLANT 0448),DIESEL,73387,513710,3,52020,1,29703,14788,324814,0,w1,14788,0,324814,146774.0,565081.0,Available,Available,200,110,,,07/07 00:00:00 CDT,w1,0,2015-07-08 00:00:00,Contract,Contract,73387,73387,513710,555057,555058,0,0,0,0,0,0,0,0,0,0,0,73387,-1,146774,0,565081,True,False,362046,True,0,0,0,0
2015-07-07,2015-07-07 00:00:00,BP,Channel: 50 - Commercial,ROCHELLE IL - BP (PLANT 0448),DIESEL,73387,513710,0,37300,1,74532,37300,399346,0,w1,37300,0,399346,146774.0,565081.0,Available,Available,200,110,,,07/08 00:00:00 CDT,w1,0,2015-07-08 00:00:00,Contract,Contract,73387,73387,513710,568070,568071,0,0,0,0,0,0,0,0,0,0,0,73387,-1,146774,0,565081,True,True,399346,True,0,0,0,0
2015-07-08,2015-07-08 00:00:00,BP,Channel: 50 - Commercial,ROCHELLE IL - BP (PLANT 0448),DIESEL,73387,513710,0,59570,0,59570,59570,59570,0,w2,59570,0,59570,146774.0,565081.0,Available,Available,200,110,,,07/09 00:00:00 CDT,w2,0,2015-07-15 00:00:00,Contract,Contract,73387,73387,513710,578092,578093,0,0,0,0,0,0,0,0,0,0,0,73387,-1,146774,0,565081,True,True,0,0,0,0,0,0
2015-07-09,2015-07-09 00:00:00,BP,Channel: 50 - Commercial,ROCHELLE IL - BP (PLANT 0448),DIESEL,73387,513710,4,163839,0,-1,-1,-1,4,w3,-1,0,223409,146774.0,565081.0,-1,-1,100,100,-1,-1,-1,w2,1,2015-07-15 00:00:00,-1,-1,73387,-1,-1,-1,-1,0,-1,0,-1,0,-1,100,-1,-1,0,-1,146774,-1,73387,0,513710,True,True,0,0,0,0,0,0
2015-07-10,2015-07-10 00:00:00,BP,Channel: 50 - Commercial,ROCHELLE IL - BP (PLANT 0448),DIESEL,73387,513710,3,96893,0,82042,82042,305451,0,w3,82042,0,305451,146774.0,565081.0,Available,Available,200,110,,,07/11 00:00:00 CDT,w2,0,2015-07-15 00:00:00,Contract,Contract,73387,73387,513710,609062,609063,0,0,0,0,0,0,0,0,0,0,0,73387,-1,146774,0,565081,False,False,0,0,0,0,0,0
2015-07-11,2015-07-11 00:00:00,BP,Channel: 50 - Commercial,ROCHELLE IL - BP (PLANT 0448),DIESEL,73387,513710,0,44818,1,59669,44818,365120,0,w3,44818,0,365120,146774.0,565081.0,Available,Available,200,110,,,07/12 00:00:00 CDT,w2,0,2015-07-15 00:00:00,Contract,Contract,73387,73387,513710,639302,639303,0,0,0,0,0,0,0,0,0,0,0,73387,-1,146774,0,565081,False,True,0,0,0,0,0,0
2015-07-12,2015-07-12 00:00:00,BP,Channel: 50 - Commercial,ROCHELLE IL - BP (PLANT 0448),DIESEL,73387,513710,0,-1,0,-1,-1,-1,0,w4,-1,0,-1,146774.0,565081.0,-1,-1,100,100,-1,-1,-1,w2,1,2015-07-15 00:00:00,-1,-1,73387,-1,-1,-1,-1,0,-1,0,-1,0,-1,100,-1,-1,0,-1,146774,-1,73387,0,513710,True,False,0,0,0,0,0,0
2015-07-13,2015-07-13 00:00:00,BP,Channel: 50 - Commercial,ROCHELLE IL - BP (PLANT 0448),DIESEL,73387,513710,0,-1,0,-1,-1,-1,0,w4,-1,0,-1,146774.0,565081.0,-1,-1,100,100,-1,-1,-1,w2,1,2015-07-15 00:00:00,-1,-1,73387,-1,-1,-1,-1,0,-1,0,-1,0,-1,100,-1,-1,0,-1,146774,-1,73387,0,513710,False,False,0,0,0,0,0,0
2015-07-14,2015-07-14 00:00:00,BP,Channel: 50 - Commercial,ROCHELLE IL - BP (PLANT 0448),DIESEL,73387,513710,0,74559,0,74559,74559,547561,0,w4,74559,0,547561,146774.0,565081.0,Available,Available,200,110,,,07/15 00:00:00 CDT,w2,0,2015-07-15 00:00:00,Contract,Contract,73387,73387,513710,731177,731178,0,0,0,0,0,0,0,0,0,0,0,73387,-1,146774,0,565081,False,False,0,0,0,0,0,0
2015-07-15,2015-07-15 00:00:00,BP,Channel: 50 - Commercial,ROCHELLE IL - BP (PLANT 0448),DIESEL,73387,513710,3,126703,0,119290,119290,119290,0,w5,119290,0,119290,146774.0,565081.0,Available,Available,200,110,,,07/16 00:00:00 CDT,w3,0,2015-07-22 00:00:00,Contract,Contract,73387,73387,513710,756395,756396,0,0,0,0,0,0,0,0,0,0,0,73387,-1,146774,0,565081,True,False,126703,True,0,0,0,0
2015-07-16,2015-07-16 00:00:00,BP,Channel: 50 - Commercial,ROCHELLE IL - BP (PLANT 0448),DIESEL,73387,513710,3,119280,1,104358,96945,223648,0,w5,96945,0,223648,146774.0,565081.0,Available,Available,200,110,,,07/17 00:00:00 CDT,w3,0,2015-07-22 00:00:00,Contract,Contract,73387,73387,513710,789697,789698,0,0,0,0,0,0,0,0,0,0,0,73387,-1,146774,0,565081,True,False,245983,True,0,0,0,0
2015-07-17,2015-07-17 00:00:00,BP,Channel: 50 - Commercial,ROCHELLE IL - BP (PLANT 0448),DIESEL,73387,513710,3,52489,1,67413,45078,291061,0,w5,45078,0,291061,146774.0,565081.0,Available,Available,200,110,,,07/18 00:00:00 CDT,w3,0,2015-07-22 00:00:00,Contract,Contract,73387,73387,513710,821725,821726,0,0,0,0,0,0,0,0,0,0,0,73387,-1,146774,0,565081,True,False,298472,True,0,0,0,0
2015-07-18,2015-07-18 00:00:00,BP,Channel: 50 - Commercial,ROCHELLE IL - BP (PLANT 0448),DIESEL,73387,513710,3,59799,1,67210,59799,358271,0,w5,59799,0,358271,146774.0,565081.0,Available,Available,200,110,,,07/19 00:00:00 CDT,w3,0,2015-07-22 00:00:00,Contract,Contract,73387,73387,513710,852187,852188,0,0,0,0,0,0,0,0,0,0,0,73387,-1,146774,0,565081,True,True,358271,True,0,0,0,0
2015-07-19,2015-07-19 00:00:00,BP,Channel: 50 - Commercial,ROCHELLE IL - BP (PLANT 0448),DIESEL,73387,513710,3,29779,0,29779,29779,388050,0,w5,29779,0,388050,146774.0,565081.0,Available,Available,200,110,,,07/20 00:00:00 CDT,w3,0,2015-07-22 00:00:00,Contract,Contract,73387,73387,513710,883448,883449,0,0,0,0,0,0,0,0,0,0,0,73387,-1,146774,0,565081,True,True,388050,True,0,0,0,0
2015-07-20,2015-07-20 00:00:00,BP,Channel: 50 - Commercial,ROCHELLE IL - BP (PLANT 0448),DIESEL,73387,513710,3,59483,0,51982,51982,440032,0,w5,51982,0,440032,146774.0,565081.0,Available,Available,200,110,,,07/21 00:00:00 CDT,w3,0,2015-07-22 00:00:00,Contract,Contract,73387,73387,513710,913813,913814,0,0,0,0,0,0,0,0,0,0,0,73387,-1,146774,0,565081,True,False,447533,True,0,0,0,0
2015-07-21,2015-07-21 00:00:00,BP,Channel: 50 - Commercial,ROCHELLE IL - BP (PLANT 0448),DIESEL,73387,513710,0,66267,1,73768,66267,513800,0,w5,66267,0,513800,146774.0,565081.0,Available,Available,200,110,,,07/22 00:00:00 CDT,w3,0,2015-07-22 00:00:00,Contract,Contract,73387,73387,513710,934354,934355,0,0,0,0,0,0,0,0,0,0,0,73387,-1,146774,0,565081,True,True,513800,True,0,0,0,0
2015-07-22,2015-07-22 00:00:00,BP,Channel: 50 - Commercial,ROCHELLE IL - BP (PLANT 0448),DIESEL,73387,513710,3,133466,0,111269,111269,111269,0,w6,111269,0,111269,146774.0,565081.0,Available,Available,200,110,,,07/23 00:00:00 CDT,w4,0,2015-07-29 00:00:00,Contract,Contract,73387,73387,513710,976426,976427,0,0,0,0,0,0,0,0,0,0,0,73387,-1,146774,0,565081,True,False,0,0,0,0,0,0
2015-07-23,2015-07-23 00:00:00,BP,Channel: 50 - Commercial,ROCHELLE IL - BP (PLANT 0448),DIESEL,73387,513710,0,88654,1,110851,88654,222120,0,w6,88654,0,222120,146774.0,565081.0,Available,Available,200,110,,,07/24 00:00:00 CDT,w4,0,2015-07-29 00:00:00,Contract,Contract,73387,73387,513710,994635,994636,0,0,0,0,0,0,0,0,0,0,0,73387,-1,146774,0,565081,True,True,0,0,0,0,0,0
2015-07-24,2015-07-24 00:00:00,BP,Channel: 50 - Commercial,ROCHELLE IL - BP (PLANT 0448),DIESEL,73387,513710,0,-1,0,-1,-1,-1,0,w7,-1,0,-1,146774.0,565081.0,-1,-1,100,100,-1,-1,-1,w4,1,2015-07-29 00:00:00,-1,-1,73387,-1,-1,-1,-1,0,-1,0,-1,0,-1,100,-1,-1,0,-1,146774,-1,73387,0,513710,True,False,0,0,0,0,0,0
2015-07-25,2015-07-25 00:00:00,BP,Channel: 50 - Commercial,ROCHELLE IL - BP (PLANT 0448),DIESEL,73387,513710,0,-1,0,-1,-1,-1,0,w7,-1,0,-1,146774.0,565081.0,-1,-1,100,100,-1,-1,-1,w4,1,2015-07-29 00:00:00,-1,-1,73387,-1,-1,-1,-1,0,-1,0,-1,0,-1,100,-1,-1,0,-1,146774,-1,73387,0,513710,False,False,0,0,0,0,0,0
2015-07-26,2015-07-26 00:00:00,BP,Channel: 50 - Commercial,ROCHELLE IL - BP (PLANT 0448),DIESEL,73387,513710,0,-1,0,-1,-1,-1,0,w7,-1,0,-1,146774.0,565081.0,-1,-1,100,100,-1,-1,-1,w4,1,2015-07-29 00:00:00,-1,-1,73387,-1,-1,-1,-1,0,-1,0,-1,0,-1,100,-1,-1,0,-1,146774,-1,73387,0,513710,False,False,0,0,0,0,0,0
2015-07-27,2015-07-27 00:00:00,BP,Channel: 50 - Commercial,ROCHELLE IL - BP (PLANT 0448),DIESEL,73387,513710,0,-1,0,-1,-1,-1,0,w7,-1,0,-1,146774.0,565081.0,-1,-1,100,100,-1,-1,-1,w4,1,2015-07-29 00:00:00,-1,-1,73387,-1,-1,-1,-1,0,-1,0,-1,0,-1,100,-1,-1,0,-1,146774,-1,73387,0,513710,False,False,0,0,0,0,0,0
2015-07-28,2015-07-28 00:00:00,BP,Channel: 50 - Commercial,ROCHELLE IL - BP (PLANT 0448),DIESEL,73387,513710,0,-1,0,-1,-1,-1,0,w7,-1,0,-1,146774.0,565081.0,-1,-1,100,100,-1,-1,-1,w4,1,2015-07-29 00:00:00,-1,-1,73387,-1,-1,-1,-1,0,-1,0,-1,0,-1,100,-1,-1,0,-1,146774,-1,73387,0,513710,False,False,0,0,0,0,0,0
2015-07-29,2015-07-29 00:00:00,BP,Channel: 50 - Commercial,ROCHELLE IL - BP (PLANT 0448),DIESEL,73387,513710,0,-1,0,-1,-1,-1,0,w7,-1,0,-1,146774.0,565081.0,-1,-1,100,100,-1,-1,-1,w5,1,2015-08-05 00:00:00,-1,-1,73387,-1,-1,-1,-1,0,-1,0,-1,0,-1,100,-1,-1,0,-1,146774,-1,73387,0,513710,False,True,0,0,0,0,0,0
2015-07-30,2015-07-30 00:00:00,BP,Channel: 50 - Commercial,ROCHELLE IL - BP (PLANT 0448),DIESEL,73387,513710,0,-1,0,-1,-1,-1,0,w7,-1,0,-1,146774.0,565081.0,-1,-1,100,100,-1,-1,-1,w5,1,2015-08-05 00:00:00,-1,-1,73387,-1,-1,-1,-1,0,-1,0,-1,0,-1,100,-1,-1,0,-1,146774,-1,73387,0,513710,False,False,0,0,0,0,0,0
2015-07-31,2015-07-31 00:00:00,BP,Channel: 50 - Commercial,ROCHELLE IL - BP (PLANT 0448),DIESEL,73387,513710,0,-1,0,-1,-1,-1,0,w7,-1,0,-1,146774.0,565081.0,-1,-1,100,100,-1,-1,-1,w5,1,2015-08-05 00:00:00,-1,-1,73387,-1,-1,-1,-1,0,-1,0,-1,0,-1,100,-1,-1,0,-1,146774,-1,73387,0,513710,False,False,0,0,0,0,0,0
