,date,supplier_name,account_type,supplier_terminal_name,product_name,base_gallons_Daily,base_gallons_Weekly,lifted_gallons_daily_flag,lifted_gallons_daily_modified,Modified_WeeksByLiftedGallons,lifted_gallons_modified_WeeksByLiftedGallons,lifted_gallons_Daily,Lifted_actual_weekly,lifted_gallons_weekly_flag,WeeksByLiftedGallons,lifted_gallonsWeekly_modified_aposteriori,Modified_LiftedGallonsaposteriori,lifted_gallons_Weekly,beginning_gallons_Daily,beginning_gallons_Weekly,en_allocation_status_Daily,en_allocation_status_Weekly,percentage_allocation_Daily_actual,percentage_allocation_Daily,percentage_allocation_Weekly_actual,percentage_allocation_Weekly,alerts_ratability_Daily,alerts_ratability_Weekly,next_refresh_date_Daily,Week_switch,Modified_NRD,next_refresh_date_Weekly,en_account_type_Daily,en_account_type_Weekly,NRB_Daily,next_refresh_base_gallons_Daily,next_refresh_base_gallons_Weekly,remaining_gallons_Daily,remaining_gallons_Weekly,additional_gallons_allowed_Daily,additional_gallons_allowed_Weekly,additional_gallons_remaining_Daily,additional_gallons_remaining_Weekly,staging_id_Daily,staging_id_Weekly,execution_date_Daily,execution_date_Weekly,base_gallons_Monthly,Lifted_actual_monthly,lifted_gallons_monthly_flag,lifted_gallons_Monthly,beginning_gallons_Monthly,en_allocation_status_Monthly,percentage_allocation_Monthly_actual,percentage_allocation_Monthly,alerts_ratability_Monthly,next_refresh_date_Monthly,NRB_Monthly,next_refresh_base_gallons_Monthly,remaining_gallons_Monthly,additional_gallons_allowed_Monthly,additional_gallons_remaining_Monthly,execution_date_Monthly,base_gallons_Daily_Reconciled,base_gallons_Monthly_Reconciled,base_gallons_Weekly_Reconciled,beginning_gallons_Daily_Reconciled,beginning_gallons_Monthly_Reconciled,beginning_gallons_Weekly_Reconciled,sanityWeekly_CumulativeDaily_WeeksByLiftedGallons,sanityWeekly_CumulativeDaily_NextRefreshDate,computedWeekly,sanityComputedWeekly,computedMonthly,sanityComputedMonthly,remaining_gallons_Daily_Reconciled,remaining_gallons_Monthly_Reconciled,remaining_gallons_Weekly_Reconciled,additional_gallons_remaining_Daily_Reconciled,additional_gallons_remaining_Monthly_Reconciled,additional_gallons_remaining_Weekly_Reconciled,sanityMonthly_CumulativeDaily_WeeksByLiftedGallons,sanityMonthly_CumulativeDaily_WeeksByNextRefreshDate
2015-08-01,2015-08-01 00:00:00,BP,Channel: 50 - Commercial,CUYAHOGA OH - BUCKEYE (PLANT 9178),DIESEL,-1,-1,0,-1,0,-1,-1,-1,0,w1,-1,0,-1,-1,-1,-1,-1,-1,-1,-1,-1,-1,-1,-1,w1,1,2015-08-05 00:00:00,-1,-1,38710,-1,-1,-1,-1,-1,-1,-1,-1,-1,-1,2015-08-01 00:00:00,2015-08-01 00:00:00,-1,-1,0,-1,-1,-1,-1,-1,-1,-1,0,-1,-1,-1,-1,2015-08-01 00:00:00,-1,-1,-1,-1,-1,-1,False,False,0,0,0,0,-1,-1,-1,-1,-1,-1,1,1
2015-08-02,2015-08-02 00:00:00,BP,Channel: 50 - Commercial,CUYAHOGA OH - BUCKEYE (PLANT 9178),DIESEL,-1,-1,0,-1,0,-1,-1,-1,0,w1,-1,0,-1,-1,-1,-1,-1,-1,-1,-1,-1,-1,-1,-1,w1,1,2015-08-05 00:00:00,-1,-1,38710,-1,-1,-1,-1,-1,-1,-1,-1,-1,-1,2015-08-02 00:00:00,2015-08-02 00:00:00,-1,-1,0,-1,-1,-1,-1,-1,-1,-1,0,-1,-1,-1,-1,2015-08-02 00:00:00,-1,-1,-1,-1,-1,-1,False,False,0,0,0,0,-1,-1,-1,-1,-1,-1,0,0
2015-08-03,2015-08-03 00:00:00,BP,Channel: 50 - Commercial,CUYAHOGA OH - BUCKEYE (PLANT 9178),DIESEL,-1,-1,0,-1,0,-1,-1,-1,0,w1,-1,0,-1,-1,-1,-1,-1,-1,-1,-1,-1,-1,-1,-1,w1,1,2015-08-05 00:00:00,-1,-1,38710,-1,-1,-1,-1,-1,-1,-1,-1,-1,-1,2015-08-03 00:00:00,2015-08-03 00:00:00,-1,-1,0,-1,-1,-1,-1,-1,-1,-1,0,-1,-1,-1,-1,2015-08-03 00:00:00,-1,-1,-1,-1,-1,-1,False,False,0,0,0,0,-1,-1,-1,-1,-1,-1,0,0
2015-08-04,2015-08-04 00:00:00,BP,Channel: 50 - Commercial,CUYAHOGA OH - BUCKEYE (PLANT 9178),DIESEL,-1,-1,0,-1,0,-1,-1,-1,0,w1,-1,0,-1,-1,-1,-1,-1,-1,-1,-1,-1,-1,-1,-1,w1,1,2015-08-05 00:00:00,-1,-1,38710,-1,-1,-1,-1,-1,-1,-1,-1,-1,-1,2015-08-04 00:00:00,2015-08-04 00:00:00,-1,-1,0,-1,-1,-1,-1,-1,-1,-1,0,-1,-1,-1,-1,2015-08-04 00:00:00,-1,-1,-1,-1,-1,-1,False,False,0,0,0,0,-1,-1,-1,-1,-1,-1,0,0
2015-08-05,2015-08-05 00:00:00,BP,Channel: 50 - Commercial,CUYAHOGA OH - BUCKEYE (PLANT 9178),DIESEL,-1,-1,6,30198,0,-1,-1,-1,6,w1,-1,0,30198,-1,-1,-1,-1,-1,-1,-1,-1,-1,-1,-1,w2,1,2015-08-12 00:00:00,-1,-1,38710,-1,-1,-1,-1,-1,-1,-1,-1,-1,-1,2015-08-05 00:00:00,2015-08-05 00:00:00,-1,-1,0,-1,-1,-1,-1,-1,-1,-1,0,-1,-1,-1,-1,2015-08-05 00:00:00,-1,-1,-1,-1,-1,-1,False,True,30198,True,0,0,-1,-1,-1,-1,-1,-1,0,0
2015-08-06,2015-08-06 00:00:00,BP,Channel: 50 - Commercial,CUYAHOGA OH - BUCKEYE (PLANT 9178),DIESEL,38710,270968,3,60647,0,60647,60647,90845,0,w1,60647,0,90845,77420,298065,Available,Available,200%,200,110%,110,-1,-1,08/07 00:00:00 EDT,w2,0,2015-08-12 00:00:00,Contract,Contract,38710,38710,270968,16773,207220,0,0,0,0,1427174,1427175,2015-08-06 23:48:47,2015-08-06 23:48:47,0,0,0,0,0,0,0,0,0,0,0,0,0,0,0,,38700,0,270900,77420,0,298064,False,True,90845,True,0,0,16773,0,207220,-1,-1,-1,0,0
2015-08-07,2015-08-07 00:00:00,BP,Channel: 50 - Commercial,CUYAHOGA OH - BUCKEYE (PLANT 9178),DIESEL,38710,270968,3,0,0,0,0,90845,0,w1,0,0,90845,77420,298065,Available,Available,200%,200,110%,110,-1,-1,08/08 00:00:00 EDT,w2,0,2015-08-12 00:00:00,Contract,Contract,38710,38710,270968,77420,207220,0,0,0,0,1462899,1462900,2015-08-07 23:51:28,2015-08-07 23:51:28,0,0,0,0,0,0,0,0,0,0,0,0,0,0,0,,38700,0,270900,77420,0,298064,False,True,90845,True,0,0,77420,0,207220,-1,-1,-1,0,0
2015-08-08,2015-08-08 00:00:00,BP,Channel: 50 - Commercial,CUYAHOGA OH - BUCKEYE (PLANT 9178),DIESEL,38710,270968,3,82936,0,82936,82936,173781,0,w1,82936,0,173781,77420,298065,Out,Out,200%,200,110%,110,-1,-1,08/09 00:00:00 EDT,w2,0,2015-08-12 00:00:00,Contract,Contract,38710,38710,270968,-5516,124284,0,0,0,0,1497186,1497187,2015-08-08 23:50:18,2015-08-08 23:50:18,0,0,0,0,0,0,0,0,0,0,0,0,0,0,0,,38700,0,270900,77420,0,298064,False,True,173781,True,0,0,-5516,0,124284,-1,-1,-1,0,0
2015-08-09,2015-08-09 00:00:00,BP,Channel: 50 - Commercial,CUYAHOGA OH - BUCKEYE (PLANT 9178),DIESEL,38710,270968,3,60438,0,60438,60438,234219,0,w1,60438,0,234219,77420,298065,Available,Available,200%,200,110%,110,-1,-1,08/10 00:00:00 EDT,w2,0,2015-08-12 00:00:00,Contract,Contract,38710,38710,270968,16982,63846,0,0,0,0,1531126,1531127,2015-08-09 23:51:28,2015-08-09 23:51:28,0,0,0,0,0,0,0,0,0,0,0,0,0,0,0,,38700,0,270900,77420,0,298064,False,True,234219,True,0,0,16982,0,63846,-1,-1,-1,0,0
2015-08-10,2015-08-10 00:00:00,BP,Channel: 50 - Commercial,CUYAHOGA OH - BUCKEYE (PLANT 9178),DIESEL,38710,270968,3,83384,0,83384,83384,317603,0,w1,83384,0,317603,77420,298065,Out,Out,200%,200,110%,110,-1,-1,08/11 00:00:00 EDT,w2,0,2015-08-12 00:00:00,Contract,Contract,38710,38710,270968,9045,-4529,8000,8000,7009,7009,1564233,1564234,2015-08-10 23:51:22,2015-08-10 23:51:22,0,0,0,0,0,0,0,0,0,0,0,0,0,0,0,,38700,0,270900,77420,0,298064,False,True,317603,True,0,0,-5964,0,-19538,8000,-1,8000,0,0
2015-08-11,2015-08-11 00:00:00,BP,Channel: 50 - Commercial,CUYAHOGA OH - BUCKEYE (PLANT 9178),DIESEL,38710,270968,0,0,0,0,0,317603,0,w1,0,0,317603,77420,298065,Out,Out,200%,200,110%,110,-1,-1,08/12 00:00:00 EDT,w2,0,2015-08-12 00:00:00,Contract,Contract,38710,38710,270968,77420,-4529,8000,8000,7009,7009,1586366,1586367,2015-08-11 14:51:32,2015-08-11 14:51:32,0,0,0,0,0,0,0,0,0,0,0,0,0,0,0,,38700,0,270900,77420,0,298064,False,True,317603,True,0,0,77420,0,-19538,-1,-1,8000,0,0
2015-08-12,2015-08-12 00:00:00,BP,Channel: 50 - Commercial,CUYAHOGA OH - BUCKEYE (PLANT 9178),DIESEL,38710,270968,3,0,0,0,0,0,0,w2,0,0,0,77420,298065,Available,Available,200%,200,110%,110,-1,-1,08/13 00:00:00 EDT,w3,0,2015-08-19 00:00:00,Contract,Contract,38710,38710,270968,77420,298065,0,0,0,0,1636473,1636474,2015-08-12 23:51:42,2015-08-12 23:51:42,0,0,0,0,0,0,0,0,0,0,0,0,0,0,0,,38700,0,270900,77420,0,298064,True,True,0,True,0,0,77420,0,298065,-1,-1,-1,0,0
2015-08-13,2015-08-13 00:00:00,BP,Channel: 50 - Commercial,CUYAHOGA OH - BUCKEYE (PLANT 9178),DIESEL,38710,270968,3,37766,0,37766,37766,37766,0,w2,37766,0,37766,77420,298065,Available,Available,200%,200,110%,110,-1,-1,08/14 00:00:00 EDT,w3,0,2015-08-19 00:00:00,Contract,Contract,38710,38710,270968,39654,260299,0,0,0,0,1676403,1676404,2015-08-13 23:51:32,2015-08-13 23:51:32,0,0,0,0,0,0,0,0,0,0,0,0,0,0,0,,38700,0,270900,77420,0,298064,True,True,37766,True,0,0,39654,0,260299,-1,-1,-1,0,0
2015-08-14,2015-08-14 00:00:00,BP,Channel: 50 - Commercial,CUYAHOGA OH - BUCKEYE (PLANT 9178),DIESEL,38710,270968,3,90991,0,90991,90991,128757,0,w2,90991,0,128757,77420,298065,Out,Out,200%,200,110%,110,-1,-1,08/15 00:00:00 EDT,w3,0,2015-08-19 00:00:00,Contract,Contract,38710,38710,270968,0,182879,8000,8000,5571,5571,1716016,1716017,2015-08-14 23:51:30,2015-08-14 23:51:30,0,0,0,0,0,0,0,0,0,0,0,0,0,0,0,,38700,0,270900,77420,0,298064,True,True,128757,True,0,0,-13571,0,169308,8000,-1,-1,0,0
2015-08-15,2015-08-15 00:00:00,BP,Channel: 50 - Commercial,CUYAHOGA OH - BUCKEYE (PLANT 9178),DIESEL,38710,270968,3,30316,0,30316,30316,159073,0,w2,30316,0,159073,77420,298065,Available,Available,200%,200,110%,110,-1,-1,08/16 00:00:00 EDT,w3,0,2015-08-19 00:00:00,Contract,Contract,38710,38710,270968,47104,152563,8000,8000,5571,5571,1752180,1752181,2015-08-15 23:49:46,2015-08-15 23:49:46,0,0,0,0,0,0,0,0,0,0,0,0,0,0,0,,38700,0,270900,77420,0,298064,True,True,159073,True,0,0,47104,0,138992,-1,-1,-1,0,0
2015-08-16,2015-08-16 00:00:00,BP,Channel: 50 - Commercial,CUYAHOGA OH - BUCKEYE (PLANT 9178),DIESEL,38710,270968,3,22698,0,22698,22698,181771,0,w2,22698,0,181771,77420,298065,Available,Available,200%,200,110%,110,-1,-1,08/17 00:00:00 EDT,w3,0,2015-08-19 00:00:00,Contract,Contract,38710,38710,270968,54722,129865,8000,8000,5571,5571,1790132,1790133,2015-08-16 23:51:37,2015-08-16 23:51:37,0,0,0,0,0,0,0,0,0,0,0,0,0,0,0,,38700,0,270900,77420,0,298064,True,True,181771,True,0,0,54722,0,116294,-1,-1,-1,0,0
2015-08-17,2015-08-17 00:00:00,BP,Channel: 50 - Commercial,CUYAHOGA OH - BUCKEYE (PLANT 9178),DIESEL,38710,270968,3,52578,0,52578,52578,234349,0,w2,52578,0,234349,77420,298065,Available,Available,200%,200,110%,110,-1,-1,08/18 00:00:00 EDT,w3,0,2015-08-19 00:00:00,Contract,Contract,38710,38710,270968,24842,77287,8000,8000,5571,5571,1831139,1831140,2015-08-17 23:47:53,2015-08-17 23:47:53,0,0,0,0,0,0,0,0,0,0,0,0,0,0,0,,38700,0,270900,77420,0,298064,True,True,234349,True,0,0,24842,0,63716,-1,-1,-1,0,0
2015-08-18,2015-08-18 00:00:00,BP,Channel: 50 - Commercial,CUYAHOGA OH - BUCKEYE (PLANT 9178),DIESEL,38710,270968,0,37722,0,37722,37722,272071,0,w2,37722,0,272071,77420,298065,Available,Available,200%,200,110%,110,-1,-1,08/19 00:00:00 EDT,w3,0,2015-08-19 00:00:00,Contract,Contract,38710,38710,270968,39698,39565,8000,8000,5571,5571,1869533,1869534,2015-08-18 23:48:47,2015-08-18 23:48:47,0,0,0,0,0,0,0,0,0,0,0,0,0,0,0,,38700,0,270900,77420,0,298064,True,True,272071,True,0,0,39698,0,25994,-1,-1,-1,0,0
2015-08-19,2015-08-19 00:00:00,BP,Channel: 50 - Commercial,CUYAHOGA OH - BUCKEYE (PLANT 9178),DIESEL,38710,270968,3,53010,0,45408,45408,45408,0,w3,45408,0,45408,77420,298065,Available,Available,200%,200,110%,110,-1,-1,08/20 00:00:00 EDT,w4,0,2015-08-26 00:00:00,Contract,Contract,38710,38710,270968,32012,252657,0,0,0,0,1902036,1902037,2015-08-19 20:48:43,2015-08-19 20:48:43,0,0,0,0,0,0,0,0,0,0,0,0,0,0,0,,38700,0,270900,77420,0,298064,True,False,53010,True,0,0,24410,0,252657,-1,-1,-1,0,0
2015-08-20,2015-08-20 00:00:00,BP,Channel: 50 - Commercial,CUYAHOGA OH - BUCKEYE (PLANT 9178),DIESEL,38710,270968,3,53183,1,60785,53183,106193,0,w3,53183,0,106193,77420,298065,Available,Available,200%,200,110%,110,-1,-1,08/21 00:00:00 EDT,w4,0,2015-08-26 00:00:00,Contract,Contract,38710,38710,270968,24237,191872,0,0,0,0,1944639,1944640,2015-08-20 23:48:09,2015-08-20 23:48:09,0,0,0,0,0,0,0,0,0,0,0,0,0,0,0,,38700,0,270900,77420,0,298064,True,True,106193,True,0,0,24237,0,191872,-1,-1,-1,0,0
2015-08-21,2015-08-21 00:00:00,BP,Channel: 50 - Commercial,CUYAHOGA OH - BUCKEYE (PLANT 9178),DIESEL,38710,270968,3,38011,0,38011,38011,144204,0,w3,38011,0,144204,77420,298065,Available,Available,200%,200,110%,110,-1,-1,08/22 00:00:00 EDT,w4,0,2015-08-26 00:00:00,Contract,Contract,38710,38710,270968,39409,153861,0,0,0,0,1983482,1983483,2015-08-21 23:48:57,2015-08-21 23:48:57,0,0,0,0,0,0,0,0,0,0,0,0,0,0,0,,38700,0,270900,77420,0,298064,True,True,144204,True,0,0,39409,0,153861,-1,-1,-1,0,0
2015-08-22,2015-08-22 00:00:00,BP,Channel: 50 - Commercial,CUYAHOGA OH - BUCKEYE (PLANT 9178),DIESEL,38710,270968,3,38011,0,38011,38011,182215,0,w3,38011,0,182215,77420,298065,Available,Available,200%,200,110%,110,-1,-1,08/23 00:00:00 EDT,w4,0,2015-08-26 00:00:00,Contract,Contract,38710,38710,270968,39409,115850,0,0,0,0,2021369,2021370,2015-08-22 23:47:57,2015-08-22 23:47:57,0,0,0,0,0,0,0,0,0,0,0,0,0,0,0,,38700,0,270900,77420,0,298064,True,True,182215,True,0,0,39409,0,115850,-1,-1,-1,0,0
2015-08-23,2015-08-23 00:00:00,BP,Channel: 50 - Commercial,CUYAHOGA OH - BUCKEYE (PLANT 9178),DIESEL,38710,270968,3,37896,0,37896,37896,220111,0,w3,37896,0,220111,77420,298065,Available,Available,200%,200,110%,110,-1,-1,08/24 00:00:00 EDT,w4,0,2015-08-26 00:00:00,Contract,Contract,38710,38710,270968,39524,77954,0,0,0,0,2057404,2057405,2015-08-23 23:48:55,2015-08-23 23:48:55,0,0,0,0,0,0,0,0,0,0,0,0,0,0,0,,38700,0,270900,77420,0,298064,True,True,220111,True,0,0,39524,0,77954,-1,-1,-1,0,0
2015-08-24,2015-08-24 00:00:00,BP,Channel: 50 - Commercial,CUYAHOGA OH - BUCKEYE (PLANT 9178),DIESEL,38710,270968,3,22655,0,22655,22655,242766,0,w3,22655,0,242766,77420,298065,Available,Available,200%,200,110%,110,-1,-1,08/25 00:00:00 EDT,w4,0,2015-08-26 00:00:00,Contract,Contract,38710,38710,270968,54765,55299,8000,8000,8000,8000,2095037,2095038,2015-08-24 23:48:57,2015-08-24 23:48:57,0,0,0,0,0,0,0,0,0,0,0,0,0,0,0,,38700,0,270900,77420,0,298064,True,True,242766,True,0,0,54765,0,55299,-1,-1,-1,0,0
2015-08-25,2015-08-25 00:00:00,BP,Channel: 50 - Commercial,CUYAHOGA OH - BUCKEYE (PLANT 9178),DIESEL,38710,270968,0,75853,0,75853,75853,318619,0,w3,75853,0,318619,77420,298065,Out,Out,200%,200,110%,110,-1,-1,08/26 00:00:00 EDT,w4,0,2015-08-26 00:00:00,Contract,Contract,38710,38710,270968,22121,0,8000,8000,12555,12555,2126163,2126164,2015-08-25 23:47:50,2015-08-25 23:47:50,0,0,0,0,0,0,0,0,0,0,0,0,0,0,0,,38700,0,270900,77420,0,298064,True,True,318619,True,0,0,1567,0,-20554,-1,-1,8000,0,0
2015-08-26,2015-08-26 00:00:00,BP,Channel: 50 - Commercial,CUYAHOGA OH - BUCKEYE (PLANT 9178),DIESEL,38710,270968,3,83081,0,83081,83081,83081,0,w4,83081,0,83081,77420,298065,Out,Out,200%,200,110%,110,-1,-1,08/27 00:00:00 EDT,w5,0,2015-09-02 00:00:00,Contract,Contract,38710,38710,280000,-5661,214984,0,0,0,0,2153750,2153751,2015-08-26 23:48:46,2015-08-26 23:48:46,0,0,0,0,0,0,0,0,0,0,0,0,0,0,0,,38700,0,270900,77420,0,298064,True,True,83081,True,0,0,-5661,0,214984,-1,-1,-1,0,0
2015-08-27,2015-08-27 00:00:00,BP,Channel: 50 - Commercial,CUYAHOGA OH - BUCKEYE (PLANT 9178),DIESEL,38710,270968,3,22806,0,22806,22806,105887,0,w4,22806,0,105887,77420,298065,Available,Available,200%,200,110%,110,-1,-1,08/28 00:00:00 EDT,w5,0,2015-09-02 00:00:00,Contract,Contract,38710,38710,280000,54614,192178,0,0,0,0,2180959,2180960,2015-08-27 23:49:04,2015-08-27 23:49:04,0,0,0,0,0,0,0,0,0,0,0,0,0,0,0,,38700,0,270900,77420,0,298064,True,True,105887,True,0,0,54614,0,192178,-1,-1,-1,0,0
2015-08-28,2015-08-28 00:00:00,BP,Channel: 50 - Commercial,CUYAHOGA OH - BUCKEYE (PLANT 9178),DIESEL,38710,270968,3,75757,0,75757,75757,181644,0,w4,75757,0,181644,77420,298065,Available,Available,200%,200,110%,110,-1,-1,08/29 00:00:00 EDT,w5,0,2015-09-02 00:00:00,Contract,Contract,38710,38710,280000,1663,116421,0,0,0,0,2211897,2211898,2015-08-28 23:48:10,2015-08-28 23:48:10,0,0,0,0,0,0,0,0,0,0,0,0,0,0,0,,38700,0,270900,77420,0,298064,True,True,181644,True,0,0,1663,0,116421,-1,-1,-1,0,0
2015-08-29,2015-08-29 00:00:00,BP,Channel: 50 - Commercial,CUYAHOGA OH - BUCKEYE (PLANT 9178),DIESEL,38710,270968,3,22662,0,22662,22662,204306,0,w4,22662,0,204306,77420,298065,Available,Available,200%,200,110%,110,-1,-1,08/30 00:00:00 EDT,w5,0,2015-09-02 00:00:00,Contract,Contract,38710,38710,280000,54758,93759,0,0,0,0,2239046,2239047,2015-08-29 23:50:18,2015-08-29 23:50:18,0,0,0,0,0,0,0,0,0,0,0,0,0,0,0,,38700,0,270900,77420,0,298064,True,True,204306,True,0,0,54758,0,93759,-1,-1,-1,0,0
2015-08-30,2015-08-30 00:00:00,BP,Channel: 50 - Commercial,CUYAHOGA OH - BUCKEYE (PLANT 9178),DIESEL,38710,270968,3,22810,0,22810,22810,227116,0,w4,22810,0,227116,77420,298065,Available,Available,200%,200,110%,110,-1,-1,08/31 00:00:00 EDT,w5,0,2015-09-02 00:00:00,Contract,Contract,38710,38710,280000,54610,70949,0,0,0,0,2265443,2265444,2015-08-30 23:48:31,2015-08-30 23:48:31,0,0,0,0,0,0,0,0,0,0,0,0,0,0,0,,38700,0,270900,77420,0,298064,True,True,227116,True,0,0,54610,0,70949,-1,-1,-1,0,0
2015-08-31,2015-08-31 00:00:00,BP,Channel: 50 - Commercial,CUYAHOGA OH - BUCKEYE (PLANT 9178),DIESEL,38710,270968,0,45520,0,45520,45520,272636,0,w4,45520,0,272636,77420,298065,Available,Available,200%,200,110%,110,-1,-1,09/01 00:00:00 EDT,w5,0,2015-09-02 00:00:00,Contract,Contract,38710,38710,280000,31900,25429,8000,8000,8000,8000,2291606,2291607,2015-08-31 23:50:07,2015-08-31 23:50:07,0,0,0,0,0,0,0,0,0,0,0,0,0,0,0,,38700,0,270900,77420,0,298064,True,True,272636,True,0,0,31900,0,25429,-1,-1,-1,0,0
