,date,supplier_name,account_type,supplier_terminal_name,product_name,base_gallons_Daily,base_gallons_Weekly,lifted_gallons_daily_flag,lifted_gallons_daily_modified,Modified_WeeksByLiftedGallons,lifted_gallons_modified_WeeksByLiftedGallons,lifted_gallons_Daily,Lifted_actual_weekly,lifted_gallons_weekly_flag,WeeksByLiftedGallons,lifted_gallonsWeekly_modified_aposteriori,Modified_LiftedGallonsaposteriori,lifted_gallons_Weekly,beginning_gallons_Daily,beginning_gallons_Weekly,en_allocation_status_Daily,en_allocation_status_Weekly,percentage_allocation_Daily_actual,percentage_allocation_Daily,percentage_allocation_Weekly_actual,percentage_allocation_Weekly,alerts_ratability_Daily,alerts_ratability_Weekly,next_refresh_date_Daily,Week_switch,Modified_NRD,next_refresh_date_Weekly,en_account_type_Daily,en_account_type_Weekly,NRB_Daily,next_refresh_base_gallons_Daily,next_refresh_base_gallons_Weekly,remaining_gallons_Daily,remaining_gallons_Weekly,additional_gallons_allowed_Daily,additional_gallons_allowed_Weekly,additional_gallons_remaining_Daily,additional_gallons_remaining_Weekly,staging_id_Daily,staging_id_Weekly,execution_date_Daily,execution_date_Weekly,base_gallons_Monthly,Lifted_actual_monthly,lifted_gallons_monthly_flag,lifted_gallons_Monthly,beginning_gallons_Monthly,en_allocation_status_Monthly,percentage_allocation_Monthly_actual,percentage_allocation_Monthly,alerts_ratability_Monthly,next_refresh_date_Monthly,NRB_Monthly,next_refresh_base_gallons_Monthly,remaining_gallons_Monthly,additional_gallons_allowed_Monthly,additional_gallons_remaining_Monthly,execution_date_Monthly,base_gallons_Daily_Reconciled,base_gallons_Monthly_Reconciled,base_gallons_Weekly_Reconciled,beginning_gallons_Daily_Reconciled,beginning_gallons_Monthly_Reconciled,beginning_gallons_Weekly_Reconciled,sanityWeekly_CumulativeDaily_WeeksByLiftedGallons,sanityWeekly_CumulativeDaily_NextRefreshDate,computedWeekly,sanityComputedWeekly,computedMonthly,sanityComputedMonthly,remaining_gallons_Daily_Reconciled,remaining_gallons_Monthly_Reconciled,remaining_gallons_Weekly_Reconciled,additional_gallons_remaining_Daily_Reconciled,additional_gallons_remaining_Monthly_Reconciled,additional_gallons_remaining_Weekly_Reconciled,sanityMonthly_CumulativeDaily_WeeksByLiftedGallons,sanityMonthly_CumulativeDaily_WeeksByNextRefreshDate
2015-08-01,2015-08-01 00:00:00,BP,Channel: 50 - Commercial,CEDAR RAPIDS IA - BUCKEYE (PLANT 9120),DIESEL,-1,-1,0,-1,0,-1,-1,-1,0,w1,-1,0,-1,-1,-1,-1,-1,-1,-1,-1,-1,-1,-1,-1,w1,1,2015-08-05 00:00:00,-1,-1,41290,-1,-1,-1,-1,-1,-1,-1,-1,-1,-1,2015-08-01 00:00:00,2015-08-01 00:00:00,-1,-1,0,-1,-1,-1,-1,-1,-1,-1,0,-1,-1,-1,-1,2015-08-01 00:00:00,-1,-1,-1,-1,-1,-1,False,False,0,0,0,0,-1,-1,-1,-1,-1,-1,1,1
2015-08-02,2015-08-02 00:00:00,BP,Channel: 50 - Commercial,CEDAR RAPIDS IA - BUCKEYE (PLANT 9120),DIESEL,-1,-1,0,-1,0,-1,-1,-1,0,w1,-1,0,-1,-1,-1,-1,-1,-1,-1,-1,-1,-1,-1,-1,w1,1,2015-08-05 00:00:00,-1,-1,41290,-1,-1,-1,-1,-1,-1,-1,-1,-1,-1,2015-08-02 00:00:00,2015-08-02 00:00:00,-1,-1,0,-1,-1,-1,-1,-1,-1,-1,0,-1,-1,-1,-1,2015-08-02 00:00:00,-1,-1,-1,-1,-1,-1,False,False,0,0,0,0,-1,-1,-1,-1,-1,-1,0,0
2015-08-03,2015-08-03 00:00:00,BP,Channel: 50 - Commercial,CEDAR RAPIDS IA - BUCKEYE (PLANT 9120),DIESEL,-1,-1,0,-1,0,-1,-1,-1,0,w1,-1,0,-1,-1,-1,-1,-1,-1,-1,-1,-1,-1,-1,-1,w1,1,2015-08-05 00:00:00,-1,-1,41290,-1,-1,-1,-1,-1,-1,-1,-1,-1,-1,2015-08-03 00:00:00,2015-08-03 00:00:00,-1,-1,0,-1,-1,-1,-1,-1,-1,-1,0,-1,-1,-1,-1,2015-08-03 00:00:00,-1,-1,-1,-1,-1,-1,False,False,0,0,0,0,-1,-1,-1,-1,-1,-1,0,0
2015-08-04,2015-08-04 00:00:00,BP,Channel: 50 - Commercial,CEDAR RAPIDS IA - BUCKEYE (PLANT 9120),DIESEL,-1,-1,0,-1,0,-1,-1,-1,0,w1,-1,0,-1,-1,-1,-1,-1,-1,-1,-1,-1,-1,-1,-1,w1,1,2015-08-05 00:00:00,-1,-1,41290,-1,-1,-1,-1,-1,-1,-1,-1,-1,-1,2015-08-04 00:00:00,2015-08-04 00:00:00,-1,-1,0,-1,-1,-1,-1,-1,-1,-1,0,-1,-1,-1,-1,2015-08-04 00:00:00,-1,-1,-1,-1,-1,-1,False,False,0,0,0,0,-1,-1,-1,-1,-1,-1,0,0
2015-08-05,2015-08-05 00:00:00,BP,Channel: 50 - Commercial,CEDAR RAPIDS IA - BUCKEYE (PLANT 9120),DIESEL,-1,-1,6,74748,0,-1,-1,-1,6,w1,-1,0,74748,-1,-1,-1,-1,-1,-1,-1,-1,-1,-1,-1,w2,1,2015-08-12 00:00:00,-1,-1,41290,-1,-1,-1,-1,-1,-1,-1,-1,-1,-1,2015-08-05 00:00:00,2015-08-05 00:00:00,-1,-1,0,-1,-1,-1,-1,-1,-1,-1,0,-1,-1,-1,-1,2015-08-05 00:00:00,-1,-1,-1,-1,-1,-1,False,True,74748,True,0,0,-1,-1,-1,-1,-1,-1,0,0
2015-08-06,2015-08-06 00:00:00,BP,Channel: 50 - Commercial,CEDAR RAPIDS IA - BUCKEYE (PLANT 9120),DIESEL,41290,289032,3,59499,0,59499,59499,134247,0,w1,59499,0,134247,82580,317935,Available,Available,200%,200,110%,110,-1,-1,08/07 00:00:00 CDT,w2,0,2015-08-12 00:00:00,Contract,Contract,41290,41290,289032,23081,183688,0,0,0,0,1427171,1427172,2015-08-06 23:48:47,2015-08-06 23:48:47,0,0,0,0,0,0,0,0,0,0,0,0,0,0,0,,41200,0,289000,82580,0,317935,False,True,134247,True,0,0,23081,0,183688,-1,-1,-1,0,0
2015-08-07,2015-08-07 00:00:00,BP,Channel: 50 - Commercial,CEDAR RAPIDS IA - BUCKEYE (PLANT 9120),DIESEL,41290,289032,3,74432,0,67033,67033,201280,0,w1,67033,0,201280,82580,317935,Available,Available,200%,200,110%,110,-1,-1,08/08 00:00:00 CDT,w2,0,2015-08-12 00:00:00,Contract,Contract,41290,41290,289032,15547,116655,0,0,0,0,1462896,1462897,2015-08-07 23:51:28,2015-08-07 23:51:28,0,0,0,0,0,0,0,0,0,0,0,0,0,0,0,,41200,0,289000,82580,0,317935,False,False,208679,True,0,0,8148,0,116655,-1,-1,-1,0,0
2015-08-08,2015-08-08 00:00:00,BP,Channel: 50 - Commercial,CEDAR RAPIDS IA - BUCKEYE (PLANT 9120),DIESEL,41290,289032,3,52701,1,60100,52701,261380,0,w1,52701,0,261380,82580,317935,Available,Available,200%,200,110%,110,-1,-1,08/09 00:00:00 CDT,w2,0,2015-08-12 00:00:00,Contract,Contract,41290,41290,289032,29879,56555,0,0,0,0,1497183,1497184,2015-08-08 23:50:18,2015-08-08 23:50:18,0,0,0,0,0,0,0,0,0,0,0,0,0,0,0,,41200,0,289000,82580,0,317935,False,True,261380,True,0,0,29879,0,56555,-1,-1,-1,0,0
2015-08-09,2015-08-09 00:00:00,BP,Channel: 50 - Commercial,CEDAR RAPIDS IA - BUCKEYE (PLANT 9120),DIESEL,41290,289032,3,22347,0,22347,22347,283727,0,w1,22347,0,283727,82580,317935,Available,Available,200%,200,110%,110,-1,-1,08/10 00:00:00 CDT,w2,0,2015-08-12 00:00:00,Contract,Contract,41290,41290,289032,60233,34208,0,0,0,0,1531123,1531124,2015-08-09 23:51:28,2015-08-09 23:51:28,0,0,0,0,0,0,0,0,0,0,0,0,0,0,0,,41200,0,289000,82580,0,317935,False,True,283727,True,0,0,60233,0,34208,-1,-1,-1,0,0
2015-08-10,2015-08-10 00:00:00,BP,Channel: 50 - Commercial,CEDAR RAPIDS IA - BUCKEYE (PLANT 9120),DIESEL,41290,289032,3,29801,0,29801,29801,313528,0,w1,29801,0,313528,82580,317935,Available,Available,200%,200,110%,110,-1,-1,08/11 00:00:00 CDT,w2,0,2015-08-12 00:00:00,Contract,Contract,41290,41290,289032,52779,4407,8000,8000,8000,8000,1564230,1564231,2015-08-10 23:51:22,2015-08-10 23:51:22,0,0,0,0,0,0,0,0,0,0,0,0,0,0,0,,41200,0,289000,82580,0,317935,False,True,313528,True,0,0,52779,0,4407,-1,-1,-1,0,0
2015-08-11,2015-08-11 00:00:00,BP,Channel: 50 - Commercial,CEDAR RAPIDS IA - BUCKEYE (PLANT 9120),DIESEL,41290,289032,0,0,0,0,0,313528,0,w1,0,0,313528,82580,317935,Available,Available,200%,200,110%,110,-1,-1,08/12 00:00:00 CDT,w2,0,2015-08-12 00:00:00,Contract,Contract,41290,41290,289032,82580,4407,8000,8000,8000,8000,1586363,1586364,2015-08-11 14:51:32,2015-08-11 14:51:32,0,0,0,0,0,0,0,0,0,0,0,0,0,0,0,,41200,0,289000,82580,0,317935,False,True,313528,True,0,0,82580,0,4407,-1,-1,-1,0,0
2015-08-12,2015-08-12 00:00:00,BP,Channel: 50 - Commercial,CEDAR RAPIDS IA - BUCKEYE (PLANT 9120),DIESEL,41290,289032,3,66887,0,66887,66887,66887,0,w2,66887,0,66887,61935,289032,Out,Out,150%,150,100%,100,-1,-1,08/13 00:00:00 CDT,w3,0,2015-08-19 00:00:00,Contract,Contract,41290,41290,289032,-4952,222145,0,0,0,0,1636469,1636470,2015-08-12 23:51:42,2015-08-12 23:51:42,0,0,0,0,0,0,0,0,0,0,0,0,0,0,0,,41200,0,289000,61935,0,289032,True,True,66887,True,0,0,-4952,0,222145,-1,-1,-1,0,0
2015-08-13,2015-08-13 00:00:00,BP,Channel: 50 - Commercial,CEDAR RAPIDS IA - BUCKEYE (PLANT 9120),DIESEL,41290,289032,3,67247,0,67247,67247,134134,0,w2,67247,0,134134,61935,289032,Out,Out,150%,150,100%,100,-1,-1,08/14 00:00:00 CDT,w3,0,2015-08-19 00:00:00,Contract,Contract,41290,41290,289032,-5312,154898,0,0,0,0,1676399,1676400,2015-08-13 23:51:32,2015-08-13 23:51:32,0,0,0,0,0,0,0,0,0,0,0,0,0,0,0,,41200,0,289000,61935,0,289032,True,True,134134,True,0,0,-5312,0,154898,-1,-1,-1,0,0
2015-08-14,2015-08-14 00:00:00,BP,Channel: 50 - Commercial,CEDAR RAPIDS IA - BUCKEYE (PLANT 9120),DIESEL,41290,289032,3,37194,0,29794,29794,163928,0,w2,29794,0,163928,61935,289032,Available,Available,150%,150,100%,100,-1,-1,08/15 00:00:00 CDT,w3,0,2015-08-19 00:00:00,Contract,Contract,41290,41290,289032,32141,125104,0,0,0,0,1716012,1716013,2015-08-14 23:51:30,2015-08-14 23:51:30,0,0,0,0,0,0,0,0,0,0,0,0,0,0,0,,41200,0,289000,61935,0,289032,True,False,171328,True,0,0,24741,0,125104,-1,-1,-1,0,0
2015-08-15,2015-08-15 00:00:00,BP,Channel: 50 - Commercial,CEDAR RAPIDS IA - BUCKEYE (PLANT 9120),DIESEL,41290,289032,3,22288,1,29688,22288,193616,0,w2,22288,0,193616,61935,289032,Available,Available,150%,150,100%,100,-1,-1,08/16 00:00:00 CDT,w3,0,2015-08-19 00:00:00,Contract,Contract,41290,41290,289032,39647,95416,0,0,0,0,1752176,1752177,2015-08-15 23:49:46,2015-08-15 23:49:46,0,0,0,0,0,0,0,0,0,0,0,0,0,0,0,,41200,0,289000,61935,0,289032,True,True,193616,True,0,0,39647,0,95416,-1,-1,-1,0,0
2015-08-16,2015-08-16 00:00:00,BP,Channel: 50 - Commercial,CEDAR RAPIDS IA - BUCKEYE (PLANT 9120),DIESEL,41290,289032,3,37050,0,37050,37050,230666,0,w2,37050,0,230666,61935,289032,Available,Available,150%,150,100%,100,-1,-1,08/17 00:00:00 CDT,w3,0,2015-08-19 00:00:00,Contract,Contract,41290,41290,289032,24885,58366,0,0,0,0,1790128,1790129,2015-08-16 23:51:37,2015-08-16 23:51:37,0,0,0,0,0,0,0,0,0,0,0,0,0,0,0,,41200,0,289000,61935,0,289032,True,True,230666,True,0,0,24885,0,58366,-1,-1,-1,0,0
2015-08-17,2015-08-17 00:00:00,BP,Channel: 50 - Commercial,CEDAR RAPIDS IA - BUCKEYE (PLANT 9120),DIESEL,41290,289032,3,7400,0,7400,7400,238066,0,w2,7400,0,238066,61935,289032,Available,Available,150%,150,100%,100,-1,-1,08/18 00:00:00 CDT,w3,0,2015-08-19 00:00:00,Contract,Contract,41290,41290,289032,54535,50966,0,0,0,0,1831135,1831136,2015-08-17 23:47:53,2015-08-17 23:47:53,0,0,0,0,0,0,0,0,0,0,0,0,0,0,0,,41200,0,289000,61935,0,289032,True,True,238066,True,0,0,54535,0,50966,-1,-1,-1,0,0
2015-08-18,2015-08-18 00:00:00,BP,Channel: 50 - Commercial,CEDAR RAPIDS IA - BUCKEYE (PLANT 9120),DIESEL,41290,289032,0,0,0,0,0,238066,0,w2,0,0,238066,61935,317935,Available,Available,150%,150,110%,110,-1,-1,08/19 00:00:00 CDT,w3,0,2015-08-19 00:00:00,Contract,Contract,41290,41290,289032,61935,79869,0,0,0,0,1869529,1869530,2015-08-18 23:48:47,2015-08-18 23:48:47,0,0,0,0,0,0,0,0,0,0,0,0,0,0,0,,41200,0,289000,61935,0,317935,True,True,238066,True,0,0,61935,0,79869,-1,-1,-1,0,0
2015-08-19,2015-08-19 00:00:00,BP,Channel: 50 - Commercial,CEDAR RAPIDS IA - BUCKEYE (PLANT 9120),DIESEL,41290,289032,3,0,0,0,0,0,0,w3,0,0,0,61935,317935,Available,Available,150%,150,110%,110,-1,-1,08/20 00:00:00 CDT,w4,0,2015-08-26 00:00:00,Contract,Contract,41290,41290,289032,61935,317935,0,0,0,0,1902032,1902033,2015-08-19 20:48:43,2015-08-19 20:48:43,0,0,0,0,0,0,0,0,0,0,0,0,0,0,0,,41200,0,289000,61935,0,317935,True,True,0,True,0,0,61935,0,317935,-1,-1,-1,0,0
2015-08-20,2015-08-20 00:00:00,BP,Channel: 50 - Commercial,CEDAR RAPIDS IA - BUCKEYE (PLANT 9120),DIESEL,41290,289032,3,0,0,0,0,0,0,w3,0,0,0,61935,317935,Available,Available,150%,150,110%,110,-1,-1,08/21 00:00:00 CDT,w4,0,2015-08-26 00:00:00,Contract,Contract,41290,41290,289032,61935,317935,0,0,0,0,1944635,1944636,2015-08-20 23:48:09,2015-08-20 23:48:09,0,0,0,0,0,0,0,0,0,0,0,0,0,0,0,,41200,0,289000,61935,0,317935,True,True,0,True,0,0,61935,0,317935,-1,-1,-1,0,0
2015-08-21,2015-08-21 00:00:00,BP,Channel: 50 - Commercial,CEDAR RAPIDS IA - BUCKEYE (PLANT 9120),DIESEL,41290,289032,3,0,0,0,0,0,0,w3,0,0,0,61935,317935,Available,Available,150%,150,110%,110,-1,-1,08/22 00:00:00 CDT,w4,0,2015-08-26 00:00:00,Contract,Contract,41290,41290,289032,61935,317935,0,0,0,0,1983478,1983479,2015-08-21 23:48:57,2015-08-21 23:48:57,0,0,0,0,0,0,0,0,0,0,0,0,0,0,0,,41200,0,289000,61935,0,317935,True,True,0,True,0,0,61935,0,317935,-1,-1,-1,0,0
2015-08-22,2015-08-22 00:00:00,BP,Channel: 50 - Commercial,CEDAR RAPIDS IA - BUCKEYE (PLANT 9120),DIESEL,41290,289032,3,0,0,0,0,0,0,w3,0,0,0,61935,317935,Available,Available,150%,150,110%,110,-1,-1,08/23 00:00:00 CDT,w4,0,2015-08-26 00:00:00,Contract,Contract,41290,41290,289032,61935,317935,0,0,0,0,2021365,2021366,2015-08-22 23:47:57,2015-08-22 23:47:57,0,0,0,0,0,0,0,0,0,0,0,0,0,0,0,,41200,0,289000,61935,0,317935,True,True,0,True,0,0,61935,0,317935,-1,-1,-1,0,0
2015-08-23,2015-08-23 00:00:00,BP,Channel: 50 - Commercial,CEDAR RAPIDS IA - BUCKEYE (PLANT 9120),DIESEL,41290,289032,3,0,0,0,0,0,0,w3,0,0,0,61935,317935,Available,Available,150%,150,110%,110,-1,-1,08/24 00:00:00 CDT,w4,0,2015-08-26 00:00:00,Contract,Contract,41290,41290,289032,61935,317935,0,0,0,0,2057400,2057401,2015-08-23 23:48:55,2015-08-23 23:48:55,0,0,0,0,0,0,0,0,0,0,0,0,0,0,0,,41200,0,289000,61935,0,317935,True,True,0,True,0,0,61935,0,317935,-1,-1,-1,0,0
2015-08-24,2015-08-24 00:00:00,BP,Channel: 50 - Commercial,CEDAR RAPIDS IA - BUCKEYE (PLANT 9120),DIESEL,41290,289032,3,0,0,0,0,0,0,w3,0,0,0,61935,317935,Available,Available,150%,150,110%,110,-1,-1,08/25 00:00:00 CDT,w4,0,2015-08-26 00:00:00,Contract,Contract,41290,41290,289032,61935,317935,0,0,0,0,2095033,2095034,2015-08-24 23:48:57,2015-08-24 23:48:57,0,0,0,0,0,0,0,0,0,0,0,0,0,0,0,,41200,0,289000,61935,0,317935,True,True,0,True,0,0,61935,0,317935,-1,-1,-1,0,0
2015-08-25,2015-08-25 00:00:00,BP,Channel: 50 - Commercial,CEDAR RAPIDS IA - BUCKEYE (PLANT 9120),DIESEL,41290,289032,0,0,0,0,0,0,0,w3,0,0,0,61935,317935,Available,Available,150%,150,110%,110,-1,-1,08/26 00:00:00 CDT,w4,0,2015-08-26 00:00:00,Contract,Contract,41290,41290,289032,61935,317935,0,0,0,0,2126159,2126160,2015-08-25 23:47:50,2015-08-25 23:47:50,0,0,0,0,0,0,0,0,0,0,0,0,0,0,0,,41200,0,289000,61935,0,317935,True,True,0,True,0,0,61935,0,317935,-1,-1,-1,0,0
2015-08-26,2015-08-26 00:00:00,BP,Channel: 50 - Commercial,CEDAR RAPIDS IA - BUCKEYE (PLANT 9120),DIESEL,41290,289032,3,0,0,0,0,0,0,w3,0,0,0,61935,317935,Available,Available,150%,150,110%,110,-1,-1,08/27 00:00:00 CDT,w5,0,2015-09-02 00:00:00,Contract,Contract,41290,41290,298667,61935,317935,0,0,0,0,2153746,2153747,2015-08-26 23:48:46,2015-08-26 23:48:46,0,0,0,0,0,0,0,0,0,0,0,0,0,0,0,,41200,0,289000,61935,0,317935,True,True,0,True,0,0,61935,0,317935,-1,-1,-1,0,0
2015-08-27,2015-08-27 00:00:00,BP,Channel: 50 - Commercial,CEDAR RAPIDS IA - BUCKEYE (PLANT 9120),DIESEL,41290,289032,3,0,0,0,0,0,0,w3,0,0,0,61935,317935,Available,Available,150%,150,110%,110,-1,-1,08/28 00:00:00 CDT,w5,0,2015-09-02 00:00:00,Contract,Contract,41290,41290,298667,61935,317935,0,0,0,0,2180955,2180956,2015-08-27 23:49:04,2015-08-27 23:49:04,0,0,0,0,0,0,0,0,0,0,0,0,0,0,0,,41200,0,289000,61935,0,317935,True,True,0,True,0,0,61935,0,317935,-1,-1,-1,0,0
2015-08-28,2015-08-28 00:00:00,BP,Channel: 50 - Commercial,CEDAR RAPIDS IA - BUCKEYE (PLANT 9120),DIESEL,41290,289032,3,0,0,0,0,0,0,w3,0,0,0,61935,317935,Available,Available,150%,150,110%,110,-1,-1,08/29 00:00:00 CDT,w5,0,2015-09-02 00:00:00,Contract,Contract,41290,41290,298667,61935,317935,0,0,0,0,2211893,2211894,2015-08-28 23:48:10,2015-08-28 23:48:10,0,0,0,0,0,0,0,0,0,0,0,0,0,0,0,,41200,0,289000,61935,0,317935,True,True,0,True,0,0,61935,0,317935,-1,-1,-1,0,0
2015-08-29,2015-08-29 00:00:00,BP,Channel: 50 - Commercial,CEDAR RAPIDS IA - BUCKEYE (PLANT 9120),DIESEL,41290,289032,3,0,0,0,0,0,0,w3,0,0,0,61935,317935,Available,Available,150%,150,110%,110,-1,-1,08/30 00:00:00 CDT,w5,0,2015-09-02 00:00:00,Contract,Contract,41290,41290,298667,61935,317935,0,0,0,0,2239042,2239043,2015-08-29 23:50:18,2015-08-29 23:50:18,0,0,0,0,0,0,0,0,0,0,0,0,0,0,0,,41200,0,289000,61935,0,317935,True,True,0,True,0,0,61935,0,317935,-1,-1,-1,0,0
2015-08-30,2015-08-30 00:00:00,BP,Channel: 50 - Commercial,CEDAR RAPIDS IA - BUCKEYE (PLANT 9120),DIESEL,41290,289032,3,0,0,0,0,0,0,w3,0,0,0,61935,317935,Available,Available,150%,150,110%,110,-1,-1,08/31 00:00:00 CDT,w5,0,2015-09-02 00:00:00,Contract,Contract,41290,41290,298667,61935,317935,0,0,0,0,2265439,2265440,2015-08-30 23:48:31,2015-08-30 23:48:31,0,0,0,0,0,0,0,0,0,0,0,0,0,0,0,,41200,0,289000,61935,0,317935,True,True,0,True,0,0,61935,0,317935,-1,-1,-1,0,0
2015-08-31,2015-08-31 00:00:00,BP,Channel: 50 - Commercial,CEDAR RAPIDS IA - BUCKEYE (PLANT 9120),DIESEL,41290,289032,0,14864,0,14864,14864,14864,0,w3,14864,0,14864,61935,317935,Available,Available,150%,150,110%,110,-1,-1,09/01 00:00:00 CDT,w5,0,2015-09-02 00:00:00,Contract,Contract,41290,41290,298667,47071,303071,0,0,0,0,2291602,2291603,2015-08-31 23:50:07,2015-08-31 23:50:07,0,0,0,0,0,0,0,0,0,0,0,0,0,0,0,,41200,0,289000,61935,0,317935,True,True,14864,True,0,0,47071,0,303071,-1,-1,-1,0,0
