,date,supplier_name,account_type,supplier_terminal_name,product_name,base_gallons_Daily,base_gallons_Weekly,lifted_gallons_daily_flag,lifted_gallons_daily_modified,Modified_WeeksByLiftedGallons,lifted_gallons_modified_WeeksByLiftedGallons,lifted_gallons_Daily,Lifted_actual_weekly,lifted_gallons_weekly_flag,WeeksByLiftedGallons,lifted_gallonsWeekly_modified_aposteriori,Modified_LiftedGallonsaposteriori,lifted_gallons_Weekly,beginning_gallons_Daily,beginning_gallons_Weekly,en_allocation_status_Daily,en_allocation_status_Weekly,percentage_allocation_Daily_actual,percentage_allocation_Daily,percentage_allocation_Weekly_actual,percentage_allocation_Weekly,alerts_ratability_Daily,alerts_ratability_Weekly,next_refresh_date_Daily,Week_switch,Modified_NRD,next_refresh_date_Weekly,en_account_type_Daily,en_account_type_Weekly,NRB_Daily,next_refresh_base_gallons_Daily,next_refresh_base_gallons_Weekly,remaining_gallons_Daily,remaining_gallons_Weekly,additional_gallons_allowed_Daily,additional_gallons_allowed_Weekly,additional_gallons_remaining_Daily,additional_gallons_remaining_Weekly,staging_id_Daily,staging_id_Weekly,execution_date_Daily,execution_date_Weekly,base_gallons_Monthly,Lifted_actual_monthly,lifted_gallons_monthly_flag,lifted_gallons_Monthly,beginning_gallons_Monthly,en_allocation_status_Monthly,percentage_allocation_Monthly_actual,percentage_allocation_Monthly,alerts_ratability_Monthly,next_refresh_date_Monthly,NRB_Monthly,next_refresh_base_gallons_Monthly,remaining_gallons_Monthly,additional_gallons_allowed_Monthly,additional_gallons_remaining_Monthly,execution_date_Monthly,base_gallons_Daily_Reconciled,base_gallons_Monthly_Reconciled,base_gallons_Weekly_Reconciled,beginning_gallons_Daily_Reconciled,beginning_gallons_Monthly_Reconciled,beginning_gallons_Weekly_Reconciled,sanityWeekly_CumulativeDaily_WeeksByLiftedGallons,sanityWeekly_CumulativeDaily_NextRefreshDate,computedWeekly,sanityComputedWeekly,computedMonthly,sanityComputedMonthly,remaining_gallons_Daily_Reconciled,remaining_gallons_Monthly_Reconciled,remaining_gallons_Weekly_Reconciled,additional_gallons_remaining_Daily_Reconciled,additional_gallons_remaining_Monthly_Reconciled,additional_gallons_remaining_Weekly_Reconciled,sanityMonthly_CumulativeDaily_WeeksByLiftedGallons,sanityMonthly_CumulativeDaily_WeeksByNextRefreshDate
2015-08-01,2015-08-01 00:00:00,BP,Channel: 50 - Commercial,WHITING IN - BP (PLANT 0453),PREMIUM,-1,-1,0,-1,0,-1,-1,-1,0,w1,-1,0,-1,-1,-1,-1,-1,-1,-1,-1,-1,-1,-1,-1,w1,1,2015-08-05 00:00:00,-1,-1,540,-1,-1,-1,-1,-1,-1,-1,-1,-1,-1,2015-08-01 00:00:00,2015-08-01 00:00:00,-1,-1,0,-1,-1,-1,-1,-1,-1,-1,0,-1,-1,-1,-1,2015-08-01 00:00:00,-1,-1,-1,-1,-1,-1,False,False,0,0,0,0,-1,-1,-1,-1,-1,-1,1,1
2015-08-02,2015-08-02 00:00:00,BP,Channel: 50 - Commercial,WHITING IN - BP (PLANT 0453),PREMIUM,-1,-1,0,-1,0,-1,-1,-1,0,w1,-1,0,-1,-1,-1,-1,-1,-1,-1,-1,-1,-1,-1,-1,w1,1,2015-08-05 00:00:00,-1,-1,540,-1,-1,-1,-1,-1,-1,-1,-1,-1,-1,2015-08-02 00:00:00,2015-08-02 00:00:00,-1,-1,0,-1,-1,-1,-1,-1,-1,-1,0,-1,-1,-1,-1,2015-08-02 00:00:00,-1,-1,-1,-1,-1,-1,False,False,0,0,0,0,-1,-1,-1,-1,-1,-1,0,0
2015-08-03,2015-08-03 00:00:00,BP,Channel: 50 - Commercial,WHITING IN - BP (PLANT 0453),PREMIUM,-1,-1,0,-1,0,-1,-1,-1,0,w1,-1,0,-1,-1,-1,-1,-1,-1,-1,-1,-1,-1,-1,-1,w1,1,2015-08-05 00:00:00,-1,-1,540,-1,-1,-1,-1,-1,-1,-1,-1,-1,-1,2015-08-03 00:00:00,2015-08-03 00:00:00,-1,-1,0,-1,-1,-1,-1,-1,-1,-1,0,-1,-1,-1,-1,2015-08-03 00:00:00,-1,-1,-1,-1,-1,-1,False,False,0,0,0,0,-1,-1,-1,-1,-1,-1,0,0
2015-08-04,2015-08-04 00:00:00,BP,Channel: 50 - Commercial,WHITING IN - BP (PLANT 0453),PREMIUM,-1,-1,0,-1,0,-1,-1,-1,0,w1,-1,0,-1,-1,-1,-1,-1,-1,-1,-1,-1,-1,-1,-1,w1,1,2015-08-05 00:00:00,-1,-1,540,-1,-1,-1,-1,-1,-1,-1,-1,-1,-1,2015-08-04 00:00:00,2015-08-04 00:00:00,-1,-1,0,-1,-1,-1,-1,-1,-1,-1,0,-1,-1,-1,-1,2015-08-04 00:00:00,-1,-1,-1,-1,-1,-1,False,False,0,0,0,0,-1,-1,-1,-1,-1,-1,0,0
2015-08-05,2015-08-05 00:00:00,BP,Channel: 50 - Commercial,WHITING IN - BP (PLANT 0453),PREMIUM,-1,-1,0,-1,0,-1,-1,-1,0,w1,-1,0,-1,-1,-1,-1,-1,-1,-1,-1,-1,-1,-1,-1,w2,1,2015-08-12 00:00:00,-1,-1,540,-1,-1,-1,-1,-1,-1,-1,-1,-1,-1,2015-08-05 00:00:00,2015-08-05 00:00:00,-1,-1,0,-1,-1,-1,-1,-1,-1,-1,0,-1,-1,-1,-1,2015-08-05 00:00:00,-1,-1,-1,-1,-1,-1,False,True,0,0,0,0,-1,-1,-1,-1,-1,-1,0,0
2015-08-06,2015-08-06 00:00:00,BP,Channel: 50 - Commercial,WHITING IN - BP (PLANT 0453),PREMIUM,-1,3783,0,-1,0,-1,-1,0,0,w1,-1,0,0,-1,4161,-1,Available,-1,-1,110%,110,-1,-1,-1,w2,0,2015-08-12 00:00:00,-1,Contract,540,-1,3783,-1,4161,-1,0,-1,0,-1,1427199,-1,2015-08-06 23:48:47,0,0,0,0,0,0,0,0,0,0,0,0,0,0,0,,-1,0,3700,-1,0,4161,False,False,0,0,0,0,-1,0,4161,-1,-1,-1,0,0
2015-08-07,2015-08-07 00:00:00,BP,Channel: 50 - Commercial,WHITING IN - BP (PLANT 0453),PREMIUM,-1,3783,0,-1,1,1101,-1,1101,0,w1,-1,0,1101,-1,4161,-1,Available,-1,-1,110%,110,-1,-1,-1,w2,0,2015-08-12 00:00:00,-1,Contract,540,-1,3783,-1,3060,-1,0,-1,0,-1,1462924,-1,2015-08-07 23:51:28,0,0,0,0,0,0,0,0,0,0,0,0,0,0,0,,-1,0,3700,-1,0,4161,False,False,0,0,0,0,-1,0,3060,-1,-1,-1,0,0
2015-08-08,2015-08-08 00:00:00,BP,Channel: 50 - Commercial,WHITING IN - BP (PLANT 0453),PREMIUM,-1,3783,0,-1,1,1202,-1,2303,0,w1,-1,0,2303,-1,4161,-1,Available,-1,-1,110%,110,-1,-1,-1,w2,0,2015-08-12 00:00:00,-1,Contract,540,-1,3783,-1,1858,-1,0,-1,0,-1,1497211,-1,2015-08-08 23:50:18,0,0,0,0,0,0,0,0,0,0,0,0,0,0,0,,-1,0,3700,-1,0,4161,False,False,0,0,0,0,-1,0,1858,-1,-1,-1,0,0
2015-08-09,2015-08-09 00:00:00,BP,Channel: 50 - Commercial,WHITING IN - BP (PLANT 0453),PREMIUM,-1,3783,0,-1,1,1099,-1,3402,0,w1,-1,0,3402,-1,4161,-1,Available,-1,-1,110%,110,-1,-1,-1,w2,0,2015-08-12 00:00:00,-1,Contract,540,-1,3783,-1,759,-1,0,-1,0,-1,1531152,-1,2015-08-09 23:51:28,0,0,0,0,0,0,0,0,0,0,0,0,0,0,0,,-1,0,3700,-1,0,4161,False,False,0,0,0,0,-1,0,759,-1,-1,-1,0,0
2015-08-10,2015-08-10 00:00:00,BP,Channel: 50 - Commercial,WHITING IN - BP (PLANT 0453),PREMIUM,-1,3783,0,-1,1,1201,-1,4603,0,w1,-1,0,4603,-1,4161,-1,Available,-1,-1,110%,110,-1,-1,-1,w2,0,2015-08-12 00:00:00,-1,Contract,540,-1,3783,-1,0,-1,8000,-1,7558,-1,1564260,-1,2015-08-10 23:51:22,0,0,0,0,0,0,0,0,0,0,0,0,0,0,0,,-1,0,3700,-1,0,4161,False,False,0,0,0,0,-1,0,-442,-1,-1,8000,0,0
2015-08-11,2015-08-11 00:00:00,BP,Channel: 50 - Commercial,WHITING IN - BP (PLANT 0453),PREMIUM,-1,3783,0,-1,1,1600,-1,6203,0,w1,-1,0,6203,-1,4161,-1,Available,-1,-1,110%,110,-1,-1,-1,w2,0,2015-08-12 00:00:00,-1,Contract,540,-1,3783,-1,0,-1,8000,-1,5958,-1,1586393,-1,2015-08-11 14:51:32,0,0,0,0,0,0,0,0,0,0,0,0,0,0,0,,-1,0,3700,-1,0,4161,False,False,0,0,0,0,-1,0,-2042,-1,-1,8000,0,0
2015-08-12,2015-08-12 00:00:00,BP,Channel: 50 - Commercial,WHITING IN - BP (PLANT 0453),PREMIUM,540,3783,3,1104,0,1104,1104,1104,0,w2,1104,0,1104,810,3783,Out,Out,150%,150,100%,100,-1,-1,08/13 00:00:00 CDT,w3,0,2015-08-19 00:00:00,Contract,Contract,540,540,3783,-294,2679,0,0,0,0,1636500,1636501,2015-08-12 23:51:42,2015-08-12 23:51:42,0,0,0,0,0,0,0,0,0,0,0,0,0,0,0,,500,0,3700,810,0,3783,True,True,1104,True,0,0,-294,0,2679,-1,-1,-1,0,0
2015-08-13,2015-08-13 00:00:00,BP,Channel: 50 - Commercial,WHITING IN - BP (PLANT 0453),PREMIUM,540,3783,3,1204,0,1204,1204,2308,0,w2,1204,0,2308,810,3783,Out,Out,150%,150,100%,100,-1,-1,08/14 00:00:00 CDT,w3,0,2015-08-19 00:00:00,Contract,Contract,540,540,3783,-394,1475,0,0,0,0,1676433,1676434,2015-08-13 23:51:32,2015-08-13 23:51:32,0,0,0,0,0,0,0,0,0,0,0,0,0,0,0,,500,0,3700,810,0,3783,True,True,2308,True,0,0,-394,0,1475,-1,-1,-1,0,0
2015-08-14,2015-08-14 00:00:00,BP,Channel: 50 - Commercial,WHITING IN - BP (PLANT 0453),PREMIUM,540,3783,3,0,0,0,0,2308,0,w2,0,0,2308,810,3783,Available,Available,150%,150,100%,100,-1,-1,08/15 00:00:00 CDT,w3,0,2015-08-19 00:00:00,Contract,Contract,540,540,3783,810,1475,0,0,0,0,1716042,1716043,2015-08-14 23:51:30,2015-08-14 23:51:30,0,0,0,0,0,0,0,0,0,0,0,0,0,0,0,,500,0,3700,810,0,3783,True,True,2308,True,0,0,810,0,1475,-1,-1,-1,0,0
2015-08-15,2015-08-15 00:00:00,BP,Channel: 50 - Commercial,WHITING IN - BP (PLANT 0453),PREMIUM,540,3783,3,0,0,0,0,2308,0,w2,0,0,2308,810,3783,Available,Available,150%,150,100%,100,-1,-1,08/16 00:00:00 CDT,w3,0,2015-08-19 00:00:00,Contract,Contract,540,540,3783,810,1475,0,0,0,0,1752206,1752207,2015-08-15 23:49:46,2015-08-15 23:49:46,0,0,0,0,0,0,0,0,0,0,0,0,0,0,0,,500,0,3700,810,0,3783,True,True,2308,True,0,0,810,0,1475,-1,-1,-1,0,0
2015-08-16,2015-08-16 00:00:00,BP,Channel: 50 - Commercial,WHITING IN - BP (PLANT 0453),PREMIUM,540,3783,3,0,0,0,0,2308,0,w2,0,0,2308,810,3783,Available,Available,150%,150,100%,100,-1,-1,08/17 00:00:00 CDT,w3,0,2015-08-19 00:00:00,Contract,Contract,540,540,3783,810,1475,0,0,0,0,1790159,1790160,2015-08-16 23:51:37,2015-08-16 23:51:37,0,0,0,0,0,0,0,0,0,0,0,0,0,0,0,,500,0,3700,810,0,3783,True,True,2308,True,0,0,810,0,1475,-1,-1,-1,0,0
2015-08-17,2015-08-17 00:00:00,BP,Channel: 50 - Commercial,WHITING IN - BP (PLANT 0453),PREMIUM,540,3783,3,0,0,0,0,2308,0,w2,0,0,2308,810,3783,Available,Available,150%,150,100%,100,-1,-1,08/18 00:00:00 CDT,w3,0,2015-08-19 00:00:00,Contract,Contract,540,540,3783,810,1475,0,0,0,0,1831172,1831173,2015-08-17 23:47:53,2015-08-17 23:47:53,0,0,0,0,0,0,0,0,0,0,0,0,0,0,0,,500,0,3700,810,0,3783,True,True,2308,True,0,0,810,0,1475,-1,-1,-1,0,0
2015-08-18,2015-08-18 00:00:00,BP,Channel: 50 - Commercial,WHITING IN - BP (PLANT 0453),PREMIUM,540,3783,0,0,0,0,0,2308,0,w2,0,0,2308,810,3783,Available,Available,150%,150,100%,100,-1,-1,08/19 00:00:00 CDT,w3,0,2015-08-19 00:00:00,Contract,Contract,540,540,3783,810,1475,0,0,0,0,1869570,1869571,2015-08-18 23:48:47,2015-08-18 23:48:47,0,0,0,0,0,0,0,0,0,0,0,0,0,0,0,,500,0,3700,810,0,3783,True,True,2308,True,0,0,810,0,1475,-1,-1,-1,0,0
2015-08-19,2015-08-19 00:00:00,BP,Channel: 50 - Commercial,WHITING IN - BP (PLANT 0453),PREMIUM,540,3783,3,0,0,0,0,0,0,w3,0,0,0,810,3783,Available,Available,150%,150,100%,100,-1,-1,08/20 00:00:00 CDT,w4,0,2015-08-26 00:00:00,Contract,Contract,540,540,3783,810,3783,0,0,0,0,1902069,1902070,2015-08-19 20:48:43,2015-08-19 20:48:43,0,0,0,0,0,0,0,0,0,0,0,0,0,0,0,,500,0,3700,810,0,3783,True,True,0,True,0,0,810,0,3783,-1,-1,-1,0,0
2015-08-20,2015-08-20 00:00:00,BP,Channel: 50 - Commercial,WHITING IN - BP (PLANT 0453),PREMIUM,540,3783,3,0,0,0,0,0,0,w3,0,0,0,810,3783,Available,Available,150%,150,100%,100,-1,-1,08/21 00:00:00 CDT,w4,0,2015-08-26 00:00:00,Contract,Contract,540,540,3783,810,3783,0,0,0,0,1944674,1944675,2015-08-20 23:48:09,2015-08-20 23:48:09,0,0,0,0,0,0,0,0,0,0,0,0,0,0,0,,500,0,3700,810,0,3783,True,True,0,True,0,0,810,0,3783,-1,-1,-1,0,0
2015-08-21,2015-08-21 00:00:00,BP,Channel: 50 - Commercial,WHITING IN - BP (PLANT 0453),PREMIUM,540,3783,3,0,0,0,0,0,0,w3,0,0,0,810,3783,Available,Available,150%,150,100%,100,-1,-1,08/22 00:00:00 CDT,w4,0,2015-08-26 00:00:00,Contract,Contract,540,540,3783,810,3783,0,0,0,0,1983517,1983518,2015-08-21 23:48:57,2015-08-21 23:48:57,0,0,0,0,0,0,0,0,0,0,0,0,0,0,0,,500,0,3700,810,0,3783,True,True,0,True,0,0,810,0,3783,-1,-1,-1,0,0
2015-08-22,2015-08-22 00:00:00,BP,Channel: 50 - Commercial,WHITING IN - BP (PLANT 0453),PREMIUM,540,3783,3,0,0,0,0,0,0,w3,0,0,0,810,3783,Available,Available,150%,150,100%,100,-1,-1,08/23 00:00:00 CDT,w4,0,2015-08-26 00:00:00,Contract,Contract,540,540,3783,810,3783,0,0,0,0,2021404,2021405,2015-08-22 23:47:57,2015-08-22 23:47:57,0,0,0,0,0,0,0,0,0,0,0,0,0,0,0,,500,0,3700,810,0,3783,True,True,0,True,0,0,810,0,3783,-1,-1,-1,0,0
2015-08-23,2015-08-23 00:00:00,BP,Channel: 50 - Commercial,WHITING IN - BP (PLANT 0453),PREMIUM,540,3783,3,0,0,0,0,0,0,w3,0,0,0,810,3783,Available,Available,150%,150,100%,100,-1,-1,08/24 00:00:00 CDT,w4,0,2015-08-26 00:00:00,Contract,Contract,540,540,3783,810,3783,0,0,0,0,2057439,2057440,2015-08-23 23:48:55,2015-08-23 23:48:55,0,0,0,0,0,0,0,0,0,0,0,0,0,0,0,,500,0,3700,810,0,3783,True,True,0,True,0,0,810,0,3783,-1,-1,-1,0,0
2015-08-24,2015-08-24 00:00:00,BP,Channel: 50 - Commercial,WHITING IN - BP (PLANT 0453),PREMIUM,540,3783,3,0,0,0,0,0,0,w3,0,0,0,810,3783,Available,Available,150%,150,100%,100,-1,-1,08/25 00:00:00 CDT,w4,0,2015-08-26 00:00:00,Contract,Contract,540,540,3783,810,3783,0,0,0,0,2095072,2095073,2015-08-24 23:48:57,2015-08-24 23:48:57,0,0,0,0,0,0,0,0,0,0,0,0,0,0,0,,500,0,3700,810,0,3783,True,True,0,True,0,0,810,0,3783,-1,-1,-1,0,0
2015-08-25,2015-08-25 00:00:00,BP,Channel: 50 - Commercial,WHITING IN - BP (PLANT 0453),PREMIUM,540,3783,0,0,0,0,0,0,0,w3,0,0,0,1080,4161,Available,Available,200%,200,110%,110,-1,-1,08/26 00:00:00 CDT,w4,0,2015-08-26 00:00:00,Contract,Contract,540,540,3783,1080,4161,0,0,0,0,2126196,2126197,2015-08-25 23:47:50,2015-08-25 23:47:50,0,0,0,0,0,0,0,0,0,0,0,0,0,0,0,,500,0,3700,1080,0,4161,True,True,0,True,0,0,1080,0,4161,-1,-1,-1,0,0
2015-08-26,2015-08-26 00:00:00,BP,Channel: 50 - Commercial,WHITING IN - BP (PLANT 0453),PREMIUM,-1,3783,3,0,1,0,-1,0,0,w3,-1,0,0,-1,4161,-1,Available,-1,200,110%,110,-1,-1,-1,w5,0,2015-09-02 00:00:00,-1,Contract,540,-1,3941,-1,4161,-1,0,-1,0,-1,2153783,-1,2015-08-26 23:48:46,0,0,0,0,0,0,0,0,0,0,0,0,0,0,0,,500,0,3700,1080,0,4161,True,True,0,0,0,0,-1,0,4161,-1,-1,-1,0,0
2015-08-27,2015-08-27 00:00:00,BP,Channel: 50 - Commercial,WHITING IN - BP (PLANT 0453),PREMIUM,-1,3783,0,-1,1,0,-1,0,0,w3,-1,0,0,-1,4161,-1,Available,-1,200,110%,110,-1,-1,-1,w5,0,2015-09-02 00:00:00,-1,Contract,540,-1,3941,-1,4161,-1,0,-1,0,-1,2180988,-1,2015-08-27 23:49:04,0,0,0,0,0,0,0,0,0,0,0,0,0,0,0,,-1,0,3700,-1,0,4161,True,False,0,0,0,0,-1,0,4161,-1,-1,-1,0,0
2015-08-28,2015-08-28 00:00:00,BP,Channel: 50 - Commercial,WHITING IN - BP (PLANT 0453),PREMIUM,-1,3783,0,-1,1,0,-1,0,0,w3,-1,0,0,-1,4161,-1,Available,-1,200,110%,110,-1,-1,-1,w5,0,2015-09-02 00:00:00,-1,Contract,540,-1,3941,-1,4161,-1,0,-1,0,-1,2211926,-1,2015-08-28 23:48:10,0,0,0,0,0,0,0,0,0,0,0,0,0,0,0,,-1,0,3700,-1,0,4161,True,False,0,0,0,0,-1,0,4161,-1,-1,-1,0,0
2015-08-29,2015-08-29 00:00:00,BP,Channel: 50 - Commercial,WHITING IN - BP (PLANT 0453),PREMIUM,-1,3783,0,-1,1,0,-1,0,0,w3,-1,0,0,-1,4161,-1,Available,-1,200,110%,110,-1,-1,-1,w5,0,2015-09-02 00:00:00,-1,Contract,540,-1,3941,-1,4161,-1,0,-1,0,-1,2239075,-1,2015-08-29 23:50:18,0,0,0,0,0,0,0,0,0,0,0,0,0,0,0,,-1,0,3700,-1,0,4161,True,False,0,0,0,0,-1,0,4161,-1,-1,-1,0,0
2015-08-30,2015-08-30 00:00:00,BP,Channel: 50 - Commercial,WHITING IN - BP (PLANT 0453),PREMIUM,-1,3783,0,-1,1,0,-1,0,0,w3,-1,0,0,-1,4161,-1,Available,-1,200,110%,110,-1,-1,-1,w5,0,2015-09-02 00:00:00,-1,Contract,540,-1,3941,-1,4161,-1,0,-1,0,-1,2265472,-1,2015-08-30 23:48:31,0,0,0,0,0,0,0,0,0,0,0,0,0,0,0,,-1,0,3700,-1,0,4161,True,False,0,0,0,0,-1,0,4161,-1,-1,-1,0,0
2015-08-31,2015-08-31 00:00:00,BP,Channel: 50 - Commercial,WHITING IN - BP (PLANT 0453),PREMIUM,-1,3783,0,-1,1,0,-1,0,0,w3,-1,0,0,-1,4161,-1,Available,-1,200,110%,110,-1,-1,-1,w5,0,2015-09-02 00:00:00,-1,Contract,540,-1,3941,-1,4161,-1,0,-1,0,-1,2291635,-1,2015-08-31 23:50:07,0,0,0,0,0,0,0,0,0,0,0,0,0,0,0,,-1,0,3700,-1,0,4161,True,False,0,0,0,0,-1,0,4161,-1,-1,-1,0,0
