,date,supplier_name,account_type,supplier_terminal_name,product_name,base_gallons_Daily,base_gallons_Weekly,lifted_gallons_daily_flag,lifted_gallons_daily_modified,Modified_WeeksByLiftedGallons,lifted_gallons_modified_WeeksByLiftedGallons,lifted_gallons_Daily,Lifted_actual_weekly,lifted_gallons_weekly_flag,WeeksByLiftedGallons,lifted_gallonsWeekly_modified_aposteriori,Modified_LiftedGallonsaposteriori,lifted_gallons_Weekly,beginning_gallons_Daily,beginning_gallons_Weekly,en_allocation_status_Daily,en_allocation_status_Weekly,percentage_allocation_Daily_actual,percentage_allocation_Daily,percentage_allocation_Weekly_actual,percentage_allocation_Weekly,alerts_ratability_Daily,alerts_ratability_Weekly,next_refresh_date_Daily,Week_switch,Modified_NRD,next_refresh_date_Weekly,en_account_type_Daily,en_account_type_Weekly,NRB_Daily,next_refresh_base_gallons_Daily,next_refresh_base_gallons_Weekly,remaining_gallons_Daily,remaining_gallons_Weekly,additional_gallons_allowed_Daily,additional_gallons_allowed_Weekly,additional_gallons_remaining_Daily,additional_gallons_remaining_Weekly,staging_id_Daily,staging_id_Weekly,execution_date_Daily,execution_date_Weekly,base_gallons_Monthly,Lifted_actual_monthly,lifted_gallons_monthly_flag,lifted_gallons_Monthly,beginning_gallons_Monthly,en_allocation_status_Monthly,percentage_allocation_Monthly_actual,percentage_allocation_Monthly,alerts_ratability_Monthly,next_refresh_date_Monthly,NRB_Monthly,next_refresh_base_gallons_Monthly,remaining_gallons_Monthly,additional_gallons_allowed_Monthly,additional_gallons_remaining_Monthly,execution_date_Monthly,base_gallons_Daily_Reconciled,base_gallons_Monthly_Reconciled,base_gallons_Weekly_Reconciled,beginning_gallons_Daily_Reconciled,beginning_gallons_Monthly_Reconciled,beginning_gallons_Weekly_Reconciled,sanityWeekly_CumulativeDaily_WeeksByLiftedGallons,sanityWeekly_CumulativeDaily_NextRefreshDate,computedWeekly,sanityComputedWeekly,computedMonthly,sanityComputedMonthly,remaining_gallons_Daily_Reconciled,remaining_gallons_Monthly_Reconciled,remaining_gallons_Weekly_Reconciled,additional_gallons_remaining_Daily_Reconciled,additional_gallons_remaining_Monthly_Reconciled,additional_gallons_remaining_Weekly_Reconciled,sanityMonthly_CumulativeDaily_WeeksByLiftedGallons,sanityMonthly_CumulativeDaily_WeeksByNextRefreshDate
2015-08-01,2015-08-01 00:00:00,BP,Channel: 50 - Commercial,CORALVILLE IA - MAGELLAN (PLANT 3385),DIESEL,-1,-1,0,-1,0,-1,-1,-1,0,w1,-1,0,-1,-1,-1,-1,-1,-1,-1,-1,-1,-1,-1,-1,w1,1,2015-08-05 00:00:00,-1,-1,41290,-1,-1,-1,-1,-1,-1,-1,-1,-1,-1,2015-08-01 00:00:00,2015-08-01 00:00:00,-1,-1,0,-1,-1,-1,-1,-1,-1,-1,0,-1,-1,-1,-1,2015-08-01 00:00:00,-1,-1,-1,-1,-1,-1,False,False,0,0,0,0,-1,-1,-1,-1,-1,-1,1,1
2015-08-02,2015-08-02 00:00:00,BP,Channel: 50 - Commercial,CORALVILLE IA - MAGELLAN (PLANT 3385),DIESEL,-1,-1,0,-1,0,-1,-1,-1,0,w1,-1,0,-1,-1,-1,-1,-1,-1,-1,-1,-1,-1,-1,-1,w1,1,2015-08-05 00:00:00,-1,-1,41290,-1,-1,-1,-1,-1,-1,-1,-1,-1,-1,2015-08-02 00:00:00,2015-08-02 00:00:00,-1,-1,0,-1,-1,-1,-1,-1,-1,-1,0,-1,-1,-1,-1,2015-08-02 00:00:00,-1,-1,-1,-1,-1,-1,False,False,0,0,0,0,-1,-1,-1,-1,-1,-1,0,0
2015-08-03,2015-08-03 00:00:00,BP,Channel: 50 - Commercial,CORALVILLE IA - MAGELLAN (PLANT 3385),DIESEL,-1,-1,0,-1,0,-1,-1,-1,0,w1,-1,0,-1,-1,-1,-1,-1,-1,-1,-1,-1,-1,-1,-1,w1,1,2015-08-05 00:00:00,-1,-1,41290,-1,-1,-1,-1,-1,-1,-1,-1,-1,-1,2015-08-03 00:00:00,2015-08-03 00:00:00,-1,-1,0,-1,-1,-1,-1,-1,-1,-1,0,-1,-1,-1,-1,2015-08-03 00:00:00,-1,-1,-1,-1,-1,-1,False,False,0,0,0,0,-1,-1,-1,-1,-1,-1,0,0
2015-08-04,2015-08-04 00:00:00,BP,Channel: 50 - Commercial,CORALVILLE IA - MAGELLAN (PLANT 3385),DIESEL,-1,-1,0,-1,0,-1,-1,-1,0,w1,-1,0,-1,-1,-1,-1,-1,-1,-1,-1,-1,-1,-1,-1,w1,1,2015-08-05 00:00:00,-1,-1,41290,-1,-1,-1,-1,-1,-1,-1,-1,-1,-1,2015-08-04 00:00:00,2015-08-04 00:00:00,-1,-1,0,-1,-1,-1,-1,-1,-1,-1,0,-1,-1,-1,-1,2015-08-04 00:00:00,-1,-1,-1,-1,-1,-1,False,False,0,0,0,0,-1,-1,-1,-1,-1,-1,0,0
2015-08-05,2015-08-05 00:00:00,BP,Channel: 50 - Commercial,CORALVILLE IA - MAGELLAN (PLANT 3385),DIESEL,-1,-1,0,-1,0,-1,-1,-1,0,w1,-1,0,-1,-1,-1,-1,-1,-1,-1,-1,-1,-1,-1,-1,w2,1,2015-08-12 00:00:00,-1,-1,41290,-1,-1,-1,-1,-1,-1,-1,-1,-1,-1,2015-08-05 00:00:00,2015-08-05 00:00:00,-1,-1,0,-1,-1,-1,-1,-1,-1,-1,0,-1,-1,-1,-1,2015-08-05 00:00:00,-1,-1,-1,-1,-1,-1,False,True,0,0,0,0,-1,-1,-1,-1,-1,-1,0,0
2015-08-06,2015-08-06 00:00:00,BP,Channel: 50 - Commercial,CORALVILLE IA - MAGELLAN (PLANT 3385),DIESEL,-1,270968,0,-1,0,-1,-1,0,0,w1,-1,0,0,-1,298065,-1,Available,-1,-1,110%,110,-1,-1,-1,w2,0,2015-08-12 00:00:00,-1,Contract,41290,-1,270968,-1,298065,-1,0,-1,0,-1,1427173,-1,2015-08-06 23:48:47,0,0,0,0,0,0,0,0,0,0,0,0,0,0,0,,-1,0,270900,-1,0,298064,False,False,0,0,0,0,-1,0,298065,-1,-1,-1,0,0
2015-08-07,2015-08-07 00:00:00,BP,Channel: 50 - Commercial,CORALVILLE IA - MAGELLAN (PLANT 3385),DIESEL,-1,270968,0,-1,1,0,-1,0,0,w1,-1,0,0,-1,298065,-1,Available,-1,-1,110%,110,-1,-1,-1,w2,0,2015-08-12 00:00:00,-1,Contract,41290,-1,270968,-1,298065,-1,0,-1,0,-1,1462898,-1,2015-08-07 23:51:28,0,0,0,0,0,0,0,0,0,0,0,0,0,0,0,,-1,0,270900,-1,0,298064,False,False,0,0,0,0,-1,0,298065,-1,-1,-1,0,0
2015-08-08,2015-08-08 00:00:00,BP,Channel: 50 - Commercial,CORALVILLE IA - MAGELLAN (PLANT 3385),DIESEL,-1,270968,0,-1,1,0,-1,0,0,w1,-1,0,0,-1,298065,-1,Available,-1,-1,110%,110,-1,-1,-1,w2,0,2015-08-12 00:00:00,-1,Contract,41290,-1,270968,-1,298065,-1,0,-1,0,-1,1497185,-1,2015-08-08 23:50:18,0,0,0,0,0,0,0,0,0,0,0,0,0,0,0,,-1,0,270900,-1,0,298064,False,False,0,0,0,0,-1,0,298065,-1,-1,-1,0,0
2015-08-09,2015-08-09 00:00:00,BP,Channel: 50 - Commercial,CORALVILLE IA - MAGELLAN (PLANT 3385),DIESEL,-1,270968,0,-1,1,0,-1,0,0,w1,-1,0,0,-1,298065,-1,Available,-1,-1,110%,110,-1,-1,-1,w2,0,2015-08-12 00:00:00,-1,Contract,41290,-1,270968,-1,298065,-1,0,-1,0,-1,1531125,-1,2015-08-09 23:51:28,0,0,0,0,0,0,0,0,0,0,0,0,0,0,0,,-1,0,270900,-1,0,298064,False,False,0,0,0,0,-1,0,298065,-1,-1,-1,0,0
2015-08-10,2015-08-10 00:00:00,BP,Channel: 50 - Commercial,CORALVILLE IA - MAGELLAN (PLANT 3385),DIESEL,-1,270968,0,-1,1,0,-1,0,0,w1,-1,0,0,-1,298065,-1,Available,-1,-1,110%,110,-1,-1,-1,w2,0,2015-08-12 00:00:00,-1,Contract,41290,-1,270968,-1,298065,-1,0,-1,0,-1,1564232,-1,2015-08-10 23:51:22,0,0,0,0,0,0,0,0,0,0,0,0,0,0,0,,-1,0,270900,-1,0,298064,False,False,0,0,0,0,-1,0,298065,-1,-1,-1,0,0
2015-08-11,2015-08-11 00:00:00,BP,Channel: 50 - Commercial,CORALVILLE IA - MAGELLAN (PLANT 3385),DIESEL,-1,270968,0,-1,1,0,-1,0,0,w1,-1,0,0,-1,298065,-1,Available,-1,-1,110%,110,-1,-1,-1,w2,0,2015-08-12 00:00:00,-1,Contract,41290,-1,270968,-1,298065,-1,0,-1,0,-1,1586365,-1,2015-08-11 14:51:32,0,0,0,0,0,0,0,0,0,0,0,0,0,0,0,,-1,0,270900,-1,0,298064,False,False,0,0,0,0,-1,0,298065,-1,-1,-1,0,0
2015-08-12,2015-08-12 00:00:00,BP,Channel: 50 - Commercial,CORALVILLE IA - MAGELLAN (PLANT 3385),DIESEL,41290,289032,3,0,0,0,0,0,0,w1,0,0,0,61935,289032,Available,Available,150%,150,100%,100,-1,-1,08/13 00:00:00 CDT,w3,0,2015-08-19 00:00:00,Contract,Contract,41290,41290,289032,61935,289032,0,0,0,0,1636471,1636472,2015-08-12 23:51:42,2015-08-12 23:51:42,0,0,0,0,0,0,0,0,0,0,0,0,0,0,0,,41200,0,289000,61935,0,289032,False,True,0,True,0,0,61935,0,289032,-1,-1,-1,0,0
2015-08-13,2015-08-13 00:00:00,BP,Channel: 50 - Commercial,CORALVILLE IA - MAGELLAN (PLANT 3385),DIESEL,41290,289032,3,0,0,0,0,0,0,w1,0,0,0,61935,289032,Available,Available,150%,150,100%,100,-1,-1,08/14 00:00:00 CDT,w3,0,2015-08-19 00:00:00,Contract,Contract,41290,41290,289032,61935,289032,0,0,0,0,1676401,1676402,2015-08-13 23:51:32,2015-08-13 23:51:32,0,0,0,0,0,0,0,0,0,0,0,0,0,0,0,,41200,0,289000,61935,0,289032,False,True,0,True,0,0,61935,0,289032,-1,-1,-1,0,0
2015-08-14,2015-08-14 00:00:00,BP,Channel: 50 - Commercial,CORALVILLE IA - MAGELLAN (PLANT 3385),DIESEL,41290,289032,3,0,0,0,0,0,0,w1,0,0,0,61935,289032,Available,Available,150%,150,100%,100,-1,-1,08/15 00:00:00 CDT,w3,0,2015-08-19 00:00:00,Contract,Contract,41290,41290,289032,61935,289032,0,0,0,0,1716014,1716015,2015-08-14 23:51:30,2015-08-14 23:51:30,0,0,0,0,0,0,0,0,0,0,0,0,0,0,0,,41200,0,289000,61935,0,289032,False,True,0,True,0,0,61935,0,289032,-1,-1,-1,0,0
2015-08-15,2015-08-15 00:00:00,BP,Channel: 50 - Commercial,CORALVILLE IA - MAGELLAN (PLANT 3385),DIESEL,41290,289032,3,0,0,0,0,0,0,w1,0,0,0,61935,289032,Available,Available,150%,150,100%,100,-1,-1,08/16 00:00:00 CDT,w3,0,2015-08-19 00:00:00,Contract,Contract,41290,41290,289032,61935,289032,0,0,0,0,1752178,1752179,2015-08-15 23:49:46,2015-08-15 23:49:46,0,0,0,0,0,0,0,0,0,0,0,0,0,0,0,,41200,0,289000,61935,0,289032,False,True,0,True,0,0,61935,0,289032,-1,-1,-1,0,0
2015-08-16,2015-08-16 00:00:00,BP,Channel: 50 - Commercial,CORALVILLE IA - MAGELLAN (PLANT 3385),DIESEL,41290,289032,3,0,0,0,0,0,0,w1,0,0,0,61935,289032,Available,Available,150%,150,100%,100,-1,-1,08/17 00:00:00 CDT,w3,0,2015-08-19 00:00:00,Contract,Contract,41290,41290,289032,61935,289032,0,0,0,0,1790130,1790131,2015-08-16 23:51:37,2015-08-16 23:51:37,0,0,0,0,0,0,0,0,0,0,0,0,0,0,0,,41200,0,289000,61935,0,289032,False,True,0,True,0,0,61935,0,289032,-1,-1,-1,0,0
2015-08-17,2015-08-17 00:00:00,BP,Channel: 50 - Commercial,CORALVILLE IA - MAGELLAN (PLANT 3385),DIESEL,41290,289032,3,23302,0,23302,23302,23302,0,w1,23302,0,23302,61935,289032,Available,Available,150%,150,100%,100,-1,-1,08/18 00:00:00 CDT,w3,0,2015-08-19 00:00:00,Contract,Contract,41290,41290,289032,38633,265730,0,0,0,0,1831137,1831138,2015-08-17 23:47:53,2015-08-17 23:47:53,0,0,0,0,0,0,0,0,0,0,0,0,0,0,0,,41200,0,289000,61935,0,289032,False,True,23302,True,0,0,38633,0,265730,-1,-1,-1,0,0
2015-08-18,2015-08-18 00:00:00,BP,Channel: 50 - Commercial,CORALVILLE IA - MAGELLAN (PLANT 3385),DIESEL,41290,289032,0,52099,0,52099,52099,75401,0,w1,52099,0,75401,61935,317935,Available,Available,150%,150,110%,110,-1,-1,08/19 00:00:00 CDT,w3,0,2015-08-19 00:00:00,Contract,Contract,41290,41290,289032,9836,242534,0,0,0,0,1869531,1869532,2015-08-18 23:48:47,2015-08-18 23:48:47,0,0,0,0,0,0,0,0,0,0,0,0,0,0,0,,41200,0,289000,61935,0,317935,False,True,75401,True,0,0,9836,0,242534,-1,-1,-1,0,0
2015-08-19,2015-08-19 00:00:00,BP,Channel: 50 - Commercial,CORALVILLE IA - MAGELLAN (PLANT 3385),DIESEL,41290,289032,3,52418,0,44918,44918,44918,0,w2,44918,0,44918,61935,317935,Available,Available,150%,150,110%,110,-1,-1,08/20 00:00:00 CDT,w4,0,2015-08-26 00:00:00,Contract,Contract,41290,41290,289032,17017,273017,0,0,0,0,1902034,1902035,2015-08-19 20:48:43,2015-08-19 20:48:43,0,0,0,0,0,0,0,0,0,0,0,0,0,0,0,,41200,0,289000,61935,0,317935,True,False,52418,True,0,0,9517,0,273017,-1,-1,-1,0,0
2015-08-20,2015-08-20 00:00:00,BP,Channel: 50 - Commercial,CORALVILLE IA - MAGELLAN (PLANT 3385),DIESEL,41290,289032,3,67137,1,74637,67137,119555,0,w2,67137,0,119555,61935,317935,Out,Out,150%,150,110%,110,-1,-1,08/21 00:00:00 CDT,w4,0,2015-08-26 00:00:00,Contract,Contract,41290,41290,289032,-5202,198380,0,0,0,0,1944637,1944638,2015-08-20 23:48:09,2015-08-20 23:48:09,0,0,0,0,0,0,0,0,0,0,0,0,0,0,0,,41200,0,289000,61935,0,317935,True,True,119555,True,0,0,-5202,0,198380,-1,-1,-1,0,0
2015-08-21,2015-08-21 00:00:00,BP,Channel: 50 - Commercial,CORALVILLE IA - MAGELLAN (PLANT 3385),DIESEL,41290,289032,3,68643,0,68643,68643,188198,0,w2,68643,0,188198,61935,317935,Out,Out,150%,150,110%,110,-1,-1,08/22 00:00:00 CDT,w4,0,2015-08-26 00:00:00,Contract,Contract,41290,41290,289032,-6708,129737,0,0,0,0,1983480,1983481,2015-08-21 23:48:57,2015-08-21 23:48:57,0,0,0,0,0,0,0,0,0,0,0,0,0,0,0,,41200,0,289000,61935,0,317935,True,True,188198,True,0,0,-6708,0,129737,-1,-1,-1,0,0
2015-08-22,2015-08-22 00:00:00,BP,Channel: 50 - Commercial,CORALVILLE IA - MAGELLAN (PLANT 3385),DIESEL,41290,289032,3,47805,0,47805,47805,236003,0,w2,47805,0,236003,61935,317935,Available,Available,150%,150,110%,110,-1,-1,08/23 00:00:00 CDT,w4,0,2015-08-26 00:00:00,Contract,Contract,41290,41290,289032,14130,81932,0,0,0,0,2021367,2021368,2015-08-22 23:47:57,2015-08-22 23:47:57,0,0,0,0,0,0,0,0,0,0,0,0,0,0,0,,41200,0,289000,61935,0,317935,True,True,236003,True,0,0,14130,0,81932,-1,-1,-1,0,0
2015-08-23,2015-08-23 00:00:00,BP,Channel: 50 - Commercial,CORALVILLE IA - MAGELLAN (PLANT 3385),DIESEL,41290,289032,3,22603,0,22603,22603,258606,0,w2,22603,0,258606,61935,317935,Available,Available,150%,150,110%,110,-1,-1,08/24 00:00:00 CDT,w4,0,2015-08-26 00:00:00,Contract,Contract,41290,41290,289032,39332,59329,0,0,0,0,2057402,2057403,2015-08-23 23:48:55,2015-08-23 23:48:55,0,0,0,0,0,0,0,0,0,0,0,0,0,0,0,,41200,0,289000,61935,0,317935,True,True,258606,True,0,0,39332,0,59329,-1,-1,-1,0,0
2015-08-24,2015-08-24 00:00:00,BP,Channel: 50 - Commercial,CORALVILLE IA - MAGELLAN (PLANT 3385),DIESEL,41290,289032,3,18198,0,18198,18198,276804,0,w2,18198,0,276804,61935,317935,Available,Available,150%,150,110%,110,-1,-1,08/25 00:00:00 CDT,w4,0,2015-08-26 00:00:00,Contract,Contract,41290,41290,289032,43737,41131,0,0,0,0,2095035,2095036,2015-08-24 23:48:57,2015-08-24 23:48:57,0,0,0,0,0,0,0,0,0,0,0,0,0,0,0,,41200,0,289000,61935,0,317935,True,True,276804,True,0,0,43737,0,41131,-1,-1,-1,0,0
2015-08-25,2015-08-25 00:00:00,BP,Channel: 50 - Commercial,CORALVILLE IA - MAGELLAN (PLANT 3385),DIESEL,41290,289032,0,47661,0,47661,47661,324465,0,w2,47661,0,324465,61935,317935,Out,Out,150%,150,110%,110,-1,-1,08/26 00:00:00 CDT,w4,0,2015-08-26 00:00:00,Contract,Contract,41290,41290,289032,14274,-6530,0,0,0,0,2126161,2126162,2015-08-25 23:47:50,2015-08-25 23:47:50,0,0,0,0,0,0,0,0,0,0,0,0,0,0,0,,41200,0,289000,61935,0,317935,True,True,324465,True,0,0,14274,0,-6530,-1,-1,-1,0,0
2015-08-26,2015-08-26 00:00:00,BP,Channel: 50 - Commercial,CORALVILLE IA - MAGELLAN (PLANT 3385),DIESEL,41290,289032,3,67167,0,67167,67167,67167,0,w3,67167,0,67167,61935,317935,Out,Out,150%,150,110%,110,-1,-1,08/27 00:00:00 CDT,w5,0,2015-09-02 00:00:00,Contract,Contract,41290,41290,289032,-5232,250768,0,0,0,0,2153748,2153749,2015-08-26 23:48:46,2015-08-26 23:48:46,0,0,0,0,0,0,0,0,0,0,0,0,0,0,0,,41200,0,289000,61935,0,317935,True,True,67167,True,0,0,-5232,0,250768,-1,-1,-1,0,0
2015-08-27,2015-08-27 00:00:00,BP,Channel: 50 - Commercial,CORALVILLE IA - MAGELLAN (PLANT 3385),DIESEL,41290,289032,3,66974,0,66974,66974,134141,0,w3,66974,0,134141,61935,317935,Out,Out,150%,150,110%,110,-1,-1,08/28 00:00:00 CDT,w5,0,2015-09-02 00:00:00,Contract,Contract,41290,41290,289032,-5039,183794,0,0,0,0,2180957,2180958,2015-08-27 23:49:04,2015-08-27 23:49:04,0,0,0,0,0,0,0,0,0,0,0,0,0,0,0,,41200,0,289000,61935,0,317935,True,True,134141,True,0,0,-5039,0,183794,-1,-1,-1,0,0
2015-08-28,2015-08-28 00:00:00,BP,Channel: 50 - Commercial,CORALVILLE IA - MAGELLAN (PLANT 3385),DIESEL,41290,289032,3,63611,0,63611,63611,197752,0,w3,63611,0,197752,61935,317935,Out,Out,150%,150,110%,110,-1,-1,08/29 00:00:00 CDT,w5,0,2015-09-02 00:00:00,Contract,Contract,41290,41290,289032,-1676,120183,0,0,0,0,2211895,2211896,2015-08-28 23:48:10,2015-08-28 23:48:10,0,0,0,0,0,0,0,0,0,0,0,0,0,0,0,,41200,0,289000,61935,0,317935,True,True,197752,True,0,0,-1676,0,120183,-1,-1,-1,0,0
2015-08-29,2015-08-29 00:00:00,BP,Channel: 50 - Commercial,CORALVILLE IA - MAGELLAN (PLANT 3385),DIESEL,41290,289032,3,63106,0,63106,63106,260858,0,w3,63106,0,260858,61935,317935,Out,Out,150%,150,110%,110,-1,-1,08/30 00:00:00 CDT,w5,0,2015-09-02 00:00:00,Contract,Contract,41290,41290,289032,-1171,57077,0,0,0,0,2239044,2239045,2015-08-29 23:50:18,2015-08-29 23:50:18,0,0,0,0,0,0,0,0,0,0,0,0,0,0,0,,41200,0,289000,61935,0,317935,True,True,260858,True,0,0,-1171,0,57077,-1,-1,-1,0,0
2015-08-30,2015-08-30 00:00:00,BP,Channel: 50 - Commercial,CORALVILLE IA - MAGELLAN (PLANT 3385),DIESEL,41290,289032,3,37296,0,37296,37296,298154,0,w3,37296,0,298154,61935,317935,Available,Available,150%,150,110%,110,-1,-1,08/31 00:00:00 CDT,w5,0,2015-09-02 00:00:00,Contract,Contract,41290,41290,289032,24639,19781,0,0,0,0,2265441,2265442,2015-08-30 23:48:31,2015-08-30 23:48:31,0,0,0,0,0,0,0,0,0,0,0,0,0,0,0,,41200,0,289000,61935,0,317935,True,True,298154,True,0,0,24639,0,19781,-1,-1,-1,0,0
2015-08-31,2015-08-31 00:00:00,BP,Channel: 50 - Commercial,CORALVILLE IA - MAGELLAN (PLANT 3385),DIESEL,41290,289032,0,7502,0,7502,7502,305656,0,w3,7502,0,305656,61935,317935,Available,Available,150%,150,110%,110,-1,-1,09/01 00:00:00 CDT,w5,0,2015-09-02 00:00:00,Contract,Contract,41290,41290,289032,54433,12279,0,0,0,0,2291604,2291605,2015-08-31 23:50:07,2015-08-31 23:50:07,0,0,0,0,0,0,0,0,0,0,0,0,0,0,0,,41200,0,289000,61935,0,317935,True,True,305656,True,0,0,54433,0,12279,-1,-1,-1,0,0
