,date,supplier_name,account_type,supplier_terminal_name,product_name,base_gallons_Daily,base_gallons_Weekly,lifted_gallons_daily_flag,lifted_gallons_daily_modified,Modified_WeeksByLiftedGallons,lifted_gallons_modified_WeeksByLiftedGallons,lifted_gallons_Daily,Lifted_actual_weekly,lifted_gallons_weekly_flag,WeeksByLiftedGallons,lifted_gallonsWeekly_modified_aposteriori,Modified_LiftedGallonsaposteriori,lifted_gallons_Weekly,beginning_gallons_Daily,beginning_gallons_Weekly,en_allocation_status_Daily,en_allocation_status_Weekly,percentage_allocation_Daily_actual,percentage_allocation_Daily,percentage_allocation_Weekly_actual,percentage_allocation_Weekly,alerts_ratability_Daily,alerts_ratability_Weekly,next_refresh_date_Daily,Week_switch,Modified_NRD,next_refresh_date_Weekly,en_account_type_Daily,en_account_type_Weekly,NRB_Daily,next_refresh_base_gallons_Daily,next_refresh_base_gallons_Weekly,remaining_gallons_Daily,remaining_gallons_Weekly,additional_gallons_allowed_Daily,additional_gallons_allowed_Weekly,additional_gallons_remaining_Daily,additional_gallons_remaining_Weekly,staging_id_Daily,staging_id_Weekly,execution_date_Daily,execution_date_Weekly,base_gallons_Monthly,Lifted_actual_monthly,lifted_gallons_monthly_flag,lifted_gallons_Monthly,beginning_gallons_Monthly,en_allocation_status_Monthly,percentage_allocation_Monthly_actual,percentage_allocation_Monthly,alerts_ratability_Monthly,next_refresh_date_Monthly,NRB_Monthly,next_refresh_base_gallons_Monthly,remaining_gallons_Monthly,additional_gallons_allowed_Monthly,additional_gallons_remaining_Monthly,execution_date_Monthly,base_gallons_Daily_Reconciled,base_gallons_Monthly_Reconciled,base_gallons_Weekly_Reconciled,beginning_gallons_Daily_Reconciled,beginning_gallons_Monthly_Reconciled,beginning_gallons_Weekly_Reconciled,sanityWeekly_CumulativeDaily_WeeksByLiftedGallons,sanityWeekly_CumulativeDaily_NextRefreshDate,computedWeekly,sanityComputedWeekly,computedMonthly,sanityComputedMonthly,remaining_gallons_Daily_Reconciled,remaining_gallons_Monthly_Reconciled,remaining_gallons_Weekly_Reconciled,additional_gallons_remaining_Daily_Reconciled,additional_gallons_remaining_Monthly_Reconciled,additional_gallons_remaining_Weekly_Reconciled,sanityMonthly_CumulativeDaily_WeeksByLiftedGallons,sanityMonthly_CumulativeDaily_WeeksByNextRefreshDate
2015-08-01,2015-08-01 00:00:00,BP,Channel: 50 - Commercial,RIVER ROUGE MI - BUCKEYE (PLANT 9123),REGULAR,-1,-1,0,-1,0,-1,-1,-1,0,w1,-1,0,-1,-1,-1,-1,-1,-1,-1,-1,-1,-1,-1,-1,w1,1,2015-08-05 00:00:00,-1,-1,33442,-1,-1,-1,-1,-1,-1,-1,-1,-1,-1,2015-08-01 00:00:00,2015-08-01 00:00:00,-1,-1,0,-1,-1,-1,-1,-1,-1,-1,0,-1,-1,-1,-1,2015-08-01 00:00:00,-1,-1,-1,-1,-1,-1,False,False,0,0,0,0,-1,-1,-1,-1,-1,-1,1,1
2015-08-02,2015-08-02 00:00:00,BP,Channel: 50 - Commercial,RIVER ROUGE MI - BUCKEYE (PLANT 9123),REGULAR,-1,-1,0,-1,0,-1,-1,-1,0,w1,-1,0,-1,-1,-1,-1,-1,-1,-1,-1,-1,-1,-1,-1,w1,1,2015-08-05 00:00:00,-1,-1,33442,-1,-1,-1,-1,-1,-1,-1,-1,-1,-1,2015-08-02 00:00:00,2015-08-02 00:00:00,-1,-1,0,-1,-1,-1,-1,-1,-1,-1,0,-1,-1,-1,-1,2015-08-02 00:00:00,-1,-1,-1,-1,-1,-1,False,False,0,0,0,0,-1,-1,-1,-1,-1,-1,0,0
2015-08-03,2015-08-03 00:00:00,BP,Channel: 50 - Commercial,RIVER ROUGE MI - BUCKEYE (PLANT 9123),REGULAR,-1,-1,0,-1,0,-1,-1,-1,0,w1,-1,0,-1,-1,-1,-1,-1,-1,-1,-1,-1,-1,-1,-1,w1,1,2015-08-05 00:00:00,-1,-1,33442,-1,-1,-1,-1,-1,-1,-1,-1,-1,-1,2015-08-03 00:00:00,2015-08-03 00:00:00,-1,-1,0,-1,-1,-1,-1,-1,-1,-1,0,-1,-1,-1,-1,2015-08-03 00:00:00,-1,-1,-1,-1,-1,-1,False,False,0,0,0,0,-1,-1,-1,-1,-1,-1,0,0
2015-08-04,2015-08-04 00:00:00,BP,Channel: 50 - Commercial,RIVER ROUGE MI - BUCKEYE (PLANT 9123),REGULAR,-1,-1,0,-1,0,-1,-1,-1,0,w1,-1,0,-1,-1,-1,-1,-1,-1,-1,-1,-1,-1,-1,-1,w1,1,2015-08-05 00:00:00,-1,-1,33442,-1,-1,-1,-1,-1,-1,-1,-1,-1,-1,2015-08-04 00:00:00,2015-08-04 00:00:00,-1,-1,0,-1,-1,-1,-1,-1,-1,-1,0,-1,-1,-1,-1,2015-08-04 00:00:00,-1,-1,-1,-1,-1,-1,False,False,0,0,0,0,-1,-1,-1,-1,-1,-1,0,0
2015-08-05,2015-08-05 00:00:00,BP,Channel: 50 - Commercial,RIVER ROUGE MI - BUCKEYE (PLANT 9123),REGULAR,-1,-1,6,32798,0,-1,-1,-1,6,w1,-1,0,32798,-1,-1,-1,-1,-1,-1,-1,-1,-1,-1,-1,w2,1,2015-08-12 00:00:00,-1,-1,33442,-1,-1,-1,-1,-1,-1,-1,-1,-1,-1,2015-08-05 00:00:00,2015-08-05 00:00:00,-1,-1,0,-1,-1,-1,-1,-1,-1,-1,0,-1,-1,-1,-1,2015-08-05 00:00:00,-1,-1,-1,-1,-1,-1,False,True,32798,True,0,0,-1,-1,-1,-1,-1,-1,0,0
2015-08-06,2015-08-06 00:00:00,BP,Channel: 50 - Commercial,RIVER ROUGE MI - BUCKEYE (PLANT 9123),REGULAR,33442,234094,3,48197,0,48197,48197,80995,0,w1,48197,0,80995,66884,257503,Available,Available,200%,200,110%,110,-1,-1,08/07 00:00:00 EDT,w2,0,2015-08-12 00:00:00,Contract,Contract,33442,33442,234094,18687,176508,0,0,0,0,1427189,1427190,2015-08-06 23:48:47,2015-08-06 23:48:47,0,0,0,0,0,0,0,0,0,0,0,0,0,0,0,,33400,0,234000,66884,0,257503,False,True,80995,True,0,0,18687,0,176508,-1,-1,-1,0,0
2015-08-07,2015-08-07 00:00:00,BP,Channel: 50 - Commercial,RIVER ROUGE MI - BUCKEYE (PLANT 9123),REGULAR,33442,234094,3,33012,0,33012,33012,114007,0,w1,33012,0,114007,66884,257503,Available,Available,200%,200,110%,110,-1,-1,08/08 00:00:00 EDT,w2,0,2015-08-12 00:00:00,Contract,Contract,33442,33442,234094,33872,143496,0,0,0,0,1462914,1462915,2015-08-07 23:51:28,2015-08-07 23:51:28,0,0,0,0,0,0,0,0,0,0,0,0,0,0,0,,33400,0,234000,66884,0,257503,False,True,114007,True,0,0,33872,0,143496,-1,-1,-1,0,0
2015-08-08,2015-08-08 00:00:00,BP,Channel: 50 - Commercial,RIVER ROUGE MI - BUCKEYE (PLANT 9123),REGULAR,33442,234094,3,35309,0,35309,35309,149316,0,w1,35309,0,149316,66884,257503,Available,Available,200%,200,110%,110,-1,-1,08/09 00:00:00 EDT,w2,0,2015-08-12 00:00:00,Contract,Contract,33442,33442,234094,31575,108187,0,0,0,0,1497201,1497202,2015-08-08 23:50:18,2015-08-08 23:50:18,0,0,0,0,0,0,0,0,0,0,0,0,0,0,0,,33400,0,234000,66884,0,257503,False,True,149316,True,0,0,31575,0,108187,-1,-1,-1,0,0
2015-08-09,2015-08-09 00:00:00,BP,Channel: 50 - Commercial,RIVER ROUGE MI - BUCKEYE (PLANT 9123),REGULAR,33442,234094,3,20348,0,20348,20348,169664,0,w1,20348,0,169664,66884,257503,Available,Available,200%,200,110%,110,-1,-1,08/10 00:00:00 EDT,w2,0,2015-08-12 00:00:00,Contract,Contract,33442,33442,234094,46536,87839,0,0,0,0,1531142,1531143,2015-08-09 23:51:28,2015-08-09 23:51:28,0,0,0,0,0,0,0,0,0,0,0,0,0,0,0,,33400,0,234000,66884,0,257503,False,True,169664,True,0,0,46536,0,87839,-1,-1,-1,0,0
2015-08-10,2015-08-10 00:00:00,BP,Channel: 50 - Commercial,RIVER ROUGE MI - BUCKEYE (PLANT 9123),REGULAR,33442,234094,3,26411,0,26411,26411,196075,0,w1,26411,0,196075,66884,257503,Available,Available,200%,200,110%,110,-1,-1,08/11 00:00:00 EDT,w2,0,2015-08-12 00:00:00,Contract,Contract,33442,33442,234094,40473,61428,8000,8000,8000,8000,1564250,1564251,2015-08-10 23:51:22,2015-08-10 23:51:22,0,0,0,0,0,0,0,0,0,0,0,0,0,0,0,,33400,0,234000,66884,0,257503,False,True,196075,True,0,0,40473,0,61428,-1,-1,-1,0,0
2015-08-11,2015-08-11 00:00:00,BP,Channel: 50 - Commercial,RIVER ROUGE MI - BUCKEYE (PLANT 9123),REGULAR,33442,234094,0,41002,0,41002,41002,237077,0,w1,41002,0,237077,66884,257503,Available,Available,200%,200,110%,110,-1,-1,08/12 00:00:00 EDT,w2,0,2015-08-12 00:00:00,Contract,Contract,33442,33442,234094,25882,20426,8000,8000,8000,8000,1586383,1586384,2015-08-11 14:51:32,2015-08-11 14:51:32,0,0,0,0,0,0,0,0,0,0,0,0,0,0,0,,33400,0,234000,66884,0,257503,False,True,237077,True,0,0,25882,0,20426,-1,-1,-1,0,0
2015-08-12,2015-08-12 00:00:00,BP,Channel: 50 - Commercial,RIVER ROUGE MI - BUCKEYE (PLANT 9123),REGULAR,33442,234094,3,59902,0,59902,59902,59902,0,w2,59902,0,59902,50163,234094,Out,Out,150%,150,100%,100,-1,-1,08/13 00:00:00 EDT,w3,0,2015-08-19 00:00:00,Contract,Contract,33442,33442,234094,-9739,174192,0,0,0,0,1636490,1636491,2015-08-12 23:51:42,2015-08-12 23:51:42,0,0,0,0,0,0,0,0,0,0,0,0,0,0,0,,33400,0,234000,50163,0,234094,True,True,0,0,0,0,-9739,0,174192,-1,-1,-1,0,0
2015-08-13,2015-08-13 00:00:00,BP,Channel: 50 - Commercial,RIVER ROUGE MI - BUCKEYE (PLANT 9123),REGULAR,33442,234094,0,8602,0,8602,8602,68504,0,w2,8602,0,68504,50163,234094,Available,Available,150%,150,100%,100,-1,-1,08/14 00:00:00 EDT,w3,0,2015-08-19 00:00:00,Contract,Contract,33442,33442,234094,41561,165590,0,0,0,0,1676423,1676424,2015-08-13 23:51:32,2015-08-13 23:51:32,0,0,0,0,0,0,0,0,0,0,0,0,0,0,0,,33400,0,234000,50163,0,234094,True,True,0,0,0,0,41561,0,165590,-1,-1,-1,0,0
2015-08-14,2015-08-14 00:00:00,BP,Channel: 50 - Commercial,RIVER ROUGE MI - BUCKEYE (PLANT 9123),REGULAR,-1,234094,0,-1,1,0,-1,68504,0,w2,-1,0,68504,-1,234094,-1,Available,-1,150,100%,100,-1,-1,-1,w3,0,2015-08-19 00:00:00,-1,Contract,33442,-1,234094,-1,165590,-1,0,-1,0,-1,1716033,-1,2015-08-14 23:51:30,0,0,0,0,0,0,0,0,0,0,0,0,0,0,0,,33400,0,234000,50163,0,234094,True,False,0,0,0,0,-1,0,165590,-1,-1,-1,0,0
2015-08-15,2015-08-15 00:00:00,BP,Channel: 50 - Commercial,RIVER ROUGE MI - BUCKEYE (PLANT 9123),REGULAR,-1,234094,0,-1,1,9598,-1,78102,0,w2,-1,0,78102,-1,234094,-1,Available,-1,150,100%,100,-1,-1,-1,w3,0,2015-08-19 00:00:00,-1,Contract,33442,-1,234094,-1,155992,-1,0,-1,0,-1,1752197,-1,2015-08-15 23:49:46,0,0,0,0,0,0,0,0,0,0,0,0,0,0,0,,-1,0,234000,-1,0,234094,True,False,0,0,0,0,-1,0,155992,-1,-1,-1,0,0
2015-08-16,2015-08-16 00:00:00,BP,Channel: 50 - Commercial,RIVER ROUGE MI - BUCKEYE (PLANT 9123),REGULAR,-1,234094,0,-1,1,37893,-1,115995,0,w2,-1,0,115995,-1,234094,-1,Available,-1,150,100%,100,-1,-1,-1,w3,0,2015-08-19 00:00:00,-1,Contract,33442,-1,234094,-1,118099,-1,0,-1,0,-1,1790150,-1,2015-08-16 23:51:37,0,0,0,0,0,0,0,0,0,0,0,0,0,0,0,,-1,0,234000,-1,0,234094,True,False,0,0,0,0,-1,0,118099,-1,-1,-1,0,0
2015-08-17,2015-08-17 00:00:00,BP,Channel: 50 - Commercial,RIVER ROUGE MI - BUCKEYE (PLANT 9123),REGULAR,33442,234094,3,51016,0,51016,51016,167011,0,w2,51016,0,167011,50163,234094,Out,Out,150%,150,100%,100,-1,-1,08/18 00:00:00 EDT,w3,0,2015-08-19 00:00:00,Contract,Contract,33442,33442,234094,-853,67083,0,0,0,0,1831162,1831163,2015-08-17 23:47:53,2015-08-17 23:47:53,0,0,0,0,0,0,0,0,0,0,0,0,0,0,0,,33400,0,234000,50163,0,234094,True,False,0,0,0,0,-853,0,67083,-1,-1,-1,0,0
2015-08-18,2015-08-18 00:00:00,BP,Channel: 50 - Commercial,RIVER ROUGE MI - BUCKEYE (PLANT 9123),REGULAR,33442,234094,0,35114,0,35114,35114,202125,0,w2,35114,0,202125,50163,234094,Available,Available,150%,150,100%,100,-1,-1,08/19 00:00:00 EDT,w3,0,2015-08-19 00:00:00,Contract,Contract,33442,33442,234094,15049,31969,0,0,0,0,1869560,1869561,2015-08-18 23:48:47,2015-08-18 23:48:47,0,0,0,0,0,0,0,0,0,0,0,0,0,0,0,,33400,0,234000,50163,0,234094,True,False,0,0,0,0,15049,0,31969,-1,-1,-1,0,0
2015-08-19,2015-08-19 00:00:00,BP,Channel: 50 - Commercial,RIVER ROUGE MI - BUCKEYE (PLANT 9123),REGULAR,33442,234094,3,55212,0,43811,43811,43811,0,w3,43811,0,43811,50163,234094,Available,Available,150%,150,100%,100,-1,-1,08/20 00:00:00 EDT,w4,0,2015-08-26 00:00:00,Contract,Contract,33442,33442,234094,6352,190283,0,0,0,0,1902059,1902060,2015-08-19 20:48:43,2015-08-19 20:48:43,0,0,0,0,0,0,0,0,0,0,0,0,0,0,0,,33400,0,234000,50163,0,234094,True,False,55212,True,0,0,-5049,0,190283,-1,-1,-1,0,0
2015-08-20,2015-08-20 00:00:00,BP,Channel: 50 - Commercial,RIVER ROUGE MI - BUCKEYE (PLANT 9123),REGULAR,33442,234094,3,44493,1,55894,44493,99705,0,w3,44493,0,99705,50163,234094,Available,Available,150%,150,100%,100,-1,-1,08/21 00:00:00 EDT,w4,0,2015-08-26 00:00:00,Contract,Contract,33442,33442,234094,5670,134389,0,0,0,0,1944664,1944665,2015-08-20 23:48:09,2015-08-20 23:48:09,0,0,0,0,0,0,0,0,0,0,0,0,0,0,0,,33400,0,234000,50163,0,234094,True,True,99705,True,0,0,5670,0,134389,-1,-1,-1,0,0
2015-08-21,2015-08-21 00:00:00,BP,Channel: 50 - Commercial,RIVER ROUGE MI - BUCKEYE (PLANT 9123),REGULAR,33442,234094,3,13399,0,13399,13399,113104,0,w3,13399,0,113104,50163,234094,Available,Available,150%,150,100%,100,-1,-1,08/22 00:00:00 EDT,w4,0,2015-08-26 00:00:00,Contract,Contract,33442,33442,234094,36764,120990,0,0,0,0,1983507,1983508,2015-08-21 23:48:57,2015-08-21 23:48:57,0,0,0,0,0,0,0,0,0,0,0,0,0,0,0,,33400,0,234000,50163,0,234094,True,True,113104,True,0,0,36764,0,120990,-1,-1,-1,0,0
2015-08-22,2015-08-22 00:00:00,BP,Channel: 50 - Commercial,RIVER ROUGE MI - BUCKEYE (PLANT 9123),REGULAR,33442,234094,3,13399,0,13399,13399,126503,0,w3,13399,0,126503,50163,234094,Available,Available,150%,150,100%,100,-1,-1,08/23 00:00:00 EDT,w4,0,2015-08-26 00:00:00,Contract,Contract,33442,33442,234094,36764,107591,0,0,0,0,2021394,2021395,2015-08-22 23:47:57,2015-08-22 23:47:57,0,0,0,0,0,0,0,0,0,0,0,0,0,0,0,,33400,0,234000,50163,0,234094,True,True,126503,True,0,0,36764,0,107591,-1,-1,-1,0,0
2015-08-23,2015-08-23 00:00:00,BP,Channel: 50 - Commercial,RIVER ROUGE MI - BUCKEYE (PLANT 9123),REGULAR,33442,234094,3,13397,0,13397,13397,139900,0,w3,13397,0,139900,50163,234094,Available,Available,150%,150,100%,100,-1,-1,08/24 00:00:00 EDT,w4,0,2015-08-26 00:00:00,Contract,Contract,33442,33442,234094,36766,94194,0,0,0,0,2057429,2057430,2015-08-23 23:48:55,2015-08-23 23:48:55,0,0,0,0,0,0,0,0,0,0,0,0,0,0,0,,33400,0,234000,50163,0,234094,True,True,139900,True,0,0,36766,0,94194,-1,-1,-1,0,0
2015-08-24,2015-08-24 00:00:00,BP,Channel: 50 - Commercial,RIVER ROUGE MI - BUCKEYE (PLANT 9123),REGULAR,33442,234094,3,25408,0,25408,25408,165308,0,w3,25408,0,165308,50163,234094,Available,Available,150%,150,100%,100,-1,-1,08/25 00:00:00 EDT,w4,0,2015-08-26 00:00:00,Contract,Contract,33442,33442,234094,24755,68786,0,0,0,0,2095062,2095063,2015-08-24 23:48:57,2015-08-24 23:48:57,0,0,0,0,0,0,0,0,0,0,0,0,0,0,0,,33400,0,234000,50163,0,234094,True,True,165308,True,0,0,24755,0,68786,-1,-1,-1,0,0
2015-08-25,2015-08-25 00:00:00,BP,Channel: 50 - Commercial,RIVER ROUGE MI - BUCKEYE (PLANT 9123),REGULAR,33442,234094,0,53103,0,53103,53103,218411,0,w3,53103,0,218411,50163,257503,Out,Out,150%,150,110%,110,-1,-1,08/26 00:00:00 EDT,w4,0,2015-08-26 00:00:00,Contract,Contract,33442,33442,234094,-2940,39092,0,0,0,0,2126186,2126187,2015-08-25 23:47:50,2015-08-25 23:47:50,0,0,0,0,0,0,0,0,0,0,0,0,0,0,0,,33400,0,234000,50163,0,257503,True,True,218411,True,0,0,-2940,0,39092,-1,-1,-1,0,0
2015-08-26,2015-08-26 00:00:00,BP,Channel: 50 - Commercial,RIVER ROUGE MI - BUCKEYE (PLANT 9123),REGULAR,33442,234094,3,34011,0,34011,34011,34011,0,w4,34011,0,34011,50163,257503,Available,Available,150%,150,110%,110,-1,-1,08/27 00:00:00 EDT,w5,0,2015-09-02 00:00:00,Contract,Contract,33442,33442,241877,16152,223492,0,0,0,0,2153773,2153774,2015-08-26 23:48:46,2015-08-26 23:48:46,0,0,0,0,0,0,0,0,0,0,0,0,0,0,0,,33400,0,234000,50163,0,257503,True,True,34011,True,0,0,16152,0,223492,-1,-1,-1,0,0
2015-08-27,2015-08-27 00:00:00,BP,Channel: 50 - Commercial,RIVER ROUGE MI - BUCKEYE (PLANT 9123),REGULAR,33442,234094,3,27007,0,27007,27007,61018,0,w4,27007,0,61018,66884,257503,Available,Available,200%,200,110%,110,-1,-1,08/28 00:00:00 EDT,w5,0,2015-09-02 00:00:00,Contract,Contract,33442,33442,241877,39877,196485,0,0,0,0,2180978,2180979,2015-08-27 23:49:04,2015-08-27 23:49:04,0,0,0,0,0,0,0,0,0,0,0,0,0,0,0,,33400,0,234000,66884,0,257503,True,True,61018,True,0,0,39877,0,196485,-1,-1,-1,0,0
2015-08-28,2015-08-28 00:00:00,BP,Channel: 50 - Commercial,RIVER ROUGE MI - BUCKEYE (PLANT 9123),REGULAR,33442,234094,3,57310,0,57310,57310,118328,0,w4,57310,0,118328,66884,257503,Available,Available,200%,200,110%,110,-1,-1,08/29 00:00:00 EDT,w5,0,2015-09-02 00:00:00,Contract,Contract,33442,33442,241877,9574,139175,0,0,0,0,2211916,2211917,2015-08-28 23:48:10,2015-08-28 23:48:10,0,0,0,0,0,0,0,0,0,0,0,0,0,0,0,,33400,0,234000,66884,0,257503,True,True,118328,True,0,0,9574,0,139175,-1,-1,-1,0,0
2015-08-29,2015-08-29 00:00:00,BP,Channel: 50 - Commercial,RIVER ROUGE MI - BUCKEYE (PLANT 9123),REGULAR,33442,234094,3,37416,0,37416,37416,155744,0,w4,37416,0,155744,66884,257503,Available,Available,200%,200,110%,110,-1,-1,08/30 00:00:00 EDT,w5,0,2015-09-02 00:00:00,Contract,Contract,33442,33442,241877,29468,101759,0,0,0,0,2239065,2239066,2015-08-29 23:50:18,2015-08-29 23:50:18,0,0,0,0,0,0,0,0,0,0,0,0,0,0,0,,33400,0,234000,66884,0,257503,True,True,155744,True,0,0,29468,0,101759,-1,-1,-1,0,0
2015-08-30,2015-08-30 00:00:00,BP,Channel: 50 - Commercial,RIVER ROUGE MI - BUCKEYE (PLANT 9123),REGULAR,33442,234094,3,62698,0,62698,62698,218442,0,w4,62698,0,218442,66884,257503,Available,Available,200%,200,110%,110,-1,-1,08/31 00:00:00 EDT,w5,0,2015-09-02 00:00:00,Contract,Contract,33442,33442,241877,4186,39061,0,0,0,0,2265462,2265463,2015-08-30 23:48:31,2015-08-30 23:48:31,0,0,0,0,0,0,0,0,0,0,0,0,0,0,0,,33400,0,234000,66884,0,257503,True,True,218442,True,0,0,4186,0,39061,-1,-1,-1,0,0
2015-08-31,2015-08-31 00:00:00,BP,Channel: 50 - Commercial,RIVER ROUGE MI - BUCKEYE (PLANT 9123),REGULAR,33442,234094,0,28206,0,28206,28206,246648,0,w4,28206,0,246648,66884,257503,Available,Available,200%,200,110%,110,-1,-1,09/01 00:00:00 EDT,w5,0,2015-09-02 00:00:00,Contract,Contract,33442,33442,241877,38678,10855,8000,8000,8000,8000,2291625,2291626,2015-08-31 23:50:07,2015-08-31 23:50:07,0,0,0,0,0,0,0,0,0,0,0,0,0,0,0,,33400,0,234000,66884,0,257503,True,True,246648,True,0,0,38678,0,10855,-1,-1,-1,0,0
