,date,supplier_name,account_type,supplier_terminal_name,product_name,base_gallons_Daily,base_gallons_Monthly,base_gallons_Weekly,lifted_gallons_daily_flag,lifted_gallons_daily_modified,Modified_WeeksByLiftedGallons,lifted_gallons_modified_WeeksByLiftedGallons,lifted_gallons_Daily,Lifted_actual_monthly,lifted_gallons_monthly_flag,lifted_gallons_Monthly,Lifted_actual_weekly,lifted_gallons_weekly_flag,WeeksByLiftedGallons,lifted_gallonsWeekly_modified_aposteriori,Modified_LiftedGallonsaposteriori,lifted_gallons_Weekly,beginning_gallons_Daily,beginning_gallons_Monthly,beginning_gallons_Weekly,en_allocation_status_Daily,en_allocation_status_Monthly,en_allocation_status_Weekly,percentage_allocation_Daily,percentage_allocation_Monthly,percentage_allocation_Weekly,alerts_ratability_Daily,alerts_ratability_Monthly,alerts_ratability_Weekly,next_refresh_date_Daily,next_refresh_date_Monthly,Week_switch,Modified_NRD,next_refresh_date_Weekly,en_account_type_Daily,en_account_type_Monthly,en_account_type_Weekly,next_refresh_base_gallons_Daily,next_refresh_base_gallons_Monthly,next_refresh_base_gallons_Weekly,staging_id_Daily,staging_id_Monthly,staging_id_Weekly,base_gallons_Daily_Reconciled,base_gallons_Monthly_Reconciled,base_gallons_Weekly_Reconciled,beginning_gallons_Daily_Reconciled,beginning_gallons_Monthly_Reconciled,beginning_gallons_Weekly_Reconciled,sanityWeekly_CumulativeDaily_WeeksByLiftedGallons,sanityWeekly_CumulativeDaily_NextRefreshDate,computedWeekly,computedMonthly,sanityComputedMonthly,sanityMonthly_CumulativeDaily_WeeksByLiftedGallons,sanityMonthly_CumulativeDaily_WeeksByNextRefreshDate
2015-08-01,2015-08-01 00:00:00,Exxon,PILOT TRAVEL CENTERS LLC 103637 WS,HAMMOND IN (MOC) - 00DH,ULSD,354359,-1,2803923,0,-1,0,-1,-1,-1,0,-1,-1,0,w1,-1,0,-1,531539,-1,3925492,-1,-1,-1,100,100,100,-1,-1,-1,-1,-1,w1,1,2015-08-06 00:00:00,-1,-1,-1,-1,-1,-1,-1,-1,-1,531539,-1,3925492,354359,-1,2803923,True,True,0,0,0,1,1
2015-08-02,2015-08-02 00:00:00,Exxon,PILOT TRAVEL CENTERS LLC 103637 WS,HAMMOND IN (MOC) - 00DH,ULSD,354359,-1,2803923,0,-1,0,-1,-1,-1,0,-1,-1,0,w1,-1,0,-1,531539,-1,3925492,-1,-1,-1,100,100,100,-1,-1,-1,-1,-1,w1,1,2015-08-06 00:00:00,-1,-1,-1,-1,-1,-1,-1,-1,-1,531539,-1,3925492,354359,-1,2803923,False,False,0,0,0,0,0
2015-08-03,2015-08-03 00:00:00,Exxon,PILOT TRAVEL CENTERS LLC 103637 WS,HAMMOND IN (MOC) - 00DH,ULSD,354359,-1,2803923,0,-1,0,-1,-1,-1,0,-1,-1,0,w1,-1,0,-1,531539,-1,3925492,-1,-1,-1,100,100,100,-1,-1,-1,-1,-1,w1,1,2015-08-06 00:00:00,-1,-1,-1,-1,-1,-1,-1,-1,-1,531539,-1,3925492,354359,-1,2803923,False,False,0,0,0,0,0
2015-08-04,2015-08-04 00:00:00,Exxon,PILOT TRAVEL CENTERS LLC 103637 WS,HAMMOND IN (MOC) - 00DH,ULSD,354359,-1,2803923,0,-1,0,-1,-1,-1,0,-1,-1,0,w1,-1,0,-1,531539,-1,3925492,-1,-1,-1,100,100,100,-1,-1,-1,-1,-1,w1,1,2015-08-06 00:00:00,-1,-1,-1,-1,-1,-1,-1,-1,-1,531539,-1,3925492,354359,-1,2803923,False,False,0,0,0,0,0
2015-08-05,2015-08-05 00:00:00,Exxon,PILOT TRAVEL CENTERS LLC 103637 WS,HAMMOND IN (MOC) - 00DH,ULSD,354359,-1,2803923,0,-1,0,-1,-1,-1,0,-1,-1,0,w1,-1,0,-1,531539,-1,3925492,-1,-1,-1,100,100,100,-1,-1,-1,-1,-1,w1,1,2015-08-06 00:00:00,-1,-1,-1,-1,-1,-1,-1,-1,-1,531539,-1,3925492,354359,-1,2803923,False,False,0,0,0,0,0
2015-08-06,2015-08-06 00:00:00,Exxon,PILOT TRAVEL CENTERS LLC 103637 WS,HAMMOND IN (MOC) - 00DH,ULSD,354359,-1,2803923,0,-1,0,-1,-1,-1,0,-1,-1,0,w1,-1,0,-1,531539,-1,3925492,-1,-1,-1,100,100,100,-1,-1,-1,-1,-1,w2,1,2015-08-13 00:00:00,-1,-1,-1,-1,-1,-1,-1,-1,-1,531539,-1,3925492,354359,-1,2803923,False,True,0,0,0,0,0
2015-08-07,2015-08-07 00:00:00,Exxon,PILOT TRAVEL CENTERS LLC 103637 WS,HAMMOND IN (MOC) - 00DH,ULSD,354359,-1,2803923,0,-1,0,-1,-1,-1,0,-1,-1,0,w1,-1,0,-1,531539,-1,3925492,-1,-1,-1,100,100,100,-1,-1,-1,-1,-1,w2,1,2015-08-13 00:00:00,-1,-1,-1,-1,-1,-1,-1,-1,-1,531539,-1,3925492,354359,-1,2803923,False,False,0,0,0,0,0
2015-08-08,2015-08-08 00:00:00,Exxon,PILOT TRAVEL CENTERS LLC 103637 WS,HAMMOND IN (MOC) - 00DH,ULSD,354359,-1,2803923,0,-1,0,-1,-1,-1,0,-1,-1,0,w1,-1,0,-1,531539,-1,3925492,-1,-1,-1,100,100,100,-1,-1,-1,-1,-1,w2,1,2015-08-13 00:00:00,-1,-1,-1,-1,-1,-1,-1,-1,-1,531539,-1,3925492,354359,-1,2803923,False,False,0,0,0,0,0
2015-08-09,2015-08-09 00:00:00,Exxon,PILOT TRAVEL CENTERS LLC 103637 WS,HAMMOND IN (MOC) - 00DH,ULSD,354359,-1,2803923,0,-1,0,-1,-1,-1,0,-1,-1,0,w1,-1,0,-1,531539,-1,3925492,-1,-1,-1,100,100,100,-1,-1,-1,-1,-1,w2,1,2015-08-13 00:00:00,-1,-1,-1,-1,-1,-1,-1,-1,-1,531539,-1,3925492,354359,-1,2803923,False,False,0,0,0,0,0
2015-08-10,2015-08-10 00:00:00,Exxon,PILOT TRAVEL CENTERS LLC 103637 WS,HAMMOND IN (MOC) - 00DH,ULSD,354359,-1,2803923,0,-1,0,-1,-1,-1,0,-1,-1,0,w1,-1,0,-1,531539,-1,3925492,-1,-1,-1,100,100,100,-1,-1,-1,-1,-1,w2,1,2015-08-13 00:00:00,-1,-1,-1,-1,-1,-1,-1,-1,-1,531539,-1,3925492,354359,-1,2803923,False,False,0,0,0,0,0
2015-08-11,2015-08-11 00:00:00,Exxon,PILOT TRAVEL CENTERS LLC 103637 WS,HAMMOND IN (MOC) - 00DH,ULSD,354359,-1,2803923,0,-1,0,-1,-1,-1,0,-1,-1,0,w1,-1,0,-1,531539,-1,3925492,-1,-1,-1,100,100,100,-1,-1,-1,-1,-1,w2,1,2015-08-13 00:00:00,-1,-1,-1,-1,-1,-1,-1,-1,-1,531539,-1,3925492,354359,-1,2803923,False,False,0,0,0,0,0
2015-08-12,2015-08-12 00:00:00,Exxon,PILOT TRAVEL CENTERS LLC 103637 WS,HAMMOND IN (MOC) - 00DH,ULSD,354359,-1,2803923,0,-1,0,-1,-1,-1,0,-1,-1,0,w1,-1,0,-1,531539,-1,3925492,-1,-1,-1,100,100,100,-1,-1,-1,-1,-1,w2,1,2015-08-13 00:00:00,-1,-1,-1,-1,-1,-1,-1,-1,-1,531539,-1,3925492,354359,-1,2803923,False,False,0,0,0,0,0
2015-08-13,2015-08-13 00:00:00,Exxon,PILOT TRAVEL CENTERS LLC 103637 WS,HAMMOND IN (MOC) - 00DH,ULSD,354359,-1,2803923,0,-1,0,-1,-1,-1,0,-1,-1,0,w1,-1,0,-1,531539,-1,3925492,-1,-1,-1,100,100,100,-1,-1,-1,-1,-1,w3,1,2015-08-20 00:00:00,-1,-1,-1,-1,-1,-1,-1,-1,-1,531539,-1,3925492,354359,-1,2803923,False,True,0,0,0,0,0
2015-08-14,2015-08-14 00:00:00,Exxon,PILOT TRAVEL CENTERS LLC 103637 WS,HAMMOND IN (MOC) - 00DH,ULSD,354359,-1,2803923,0,-1,0,-1,-1,-1,0,-1,-1,0,w1,-1,0,-1,531539,-1,3925492,-1,-1,-1,100,100,100,-1,-1,-1,-1,-1,w3,1,2015-08-20 00:00:00,-1,-1,-1,-1,-1,-1,-1,-1,-1,531539,-1,3925492,354359,-1,2803923,False,False,0,0,0,0,0
2015-08-15,2015-08-15 00:00:00,Exxon,PILOT TRAVEL CENTERS LLC 103637 WS,HAMMOND IN (MOC) - 00DH,ULSD,354359,-1,2803923,0,-1,0,-1,-1,-1,0,-1,-1,0,w1,-1,0,-1,531539,-1,3925492,-1,-1,-1,100,100,100,-1,-1,-1,-1,-1,w3,1,2015-08-20 00:00:00,-1,-1,-1,-1,-1,-1,-1,-1,-1,531539,-1,3925492,354359,-1,2803923,False,False,0,0,0,0,0
2015-08-16,2015-08-16 00:00:00,Exxon,PILOT TRAVEL CENTERS LLC 103637 WS,HAMMOND IN (MOC) - 00DH,ULSD,354359,-1,2803923,0,-1,0,-1,-1,-1,0,-1,-1,0,w1,-1,0,-1,531539,-1,3925492,-1,-1,-1,100,100,100,-1,-1,-1,-1,-1,w3,1,2015-08-20 00:00:00,-1,-1,-1,-1,-1,-1,-1,-1,-1,531539,-1,3925492,354359,-1,2803923,False,False,0,0,0,0,0
2015-08-17,2015-08-17 00:00:00,Exxon,PILOT TRAVEL CENTERS LLC 103637 WS,HAMMOND IN (MOC) - 00DH,ULSD,354359,-1,2803923,0,-1,0,-1,-1,-1,0,-1,-1,0,w1,-1,0,-1,531539,-1,3925492,-1,-1,-1,100,100,100,-1,-1,-1,-1,-1,w3,1,2015-08-20 00:00:00,-1,-1,-1,-1,-1,-1,-1,-1,-1,531539,-1,3925492,354359,-1,2803923,False,False,0,0,0,0,0
2015-08-18,2015-08-18 00:00:00,Exxon,PILOT TRAVEL CENTERS LLC 103637 WS,HAMMOND IN (MOC) - 00DH,ULSD,400560,-1,2803923,0,489396,0,489396,489396,-1,0,-1,2082435,0,w1,489396,0,2082435,600840,-1,3925492,Available,-1,Available,150,100,140,On Track,-1,Below Trend,08/19 00:00:00 EDT,-1,w3,0,2015-08-20 00:00:00,Contract,-1,Contract,400560,-1,2803923,1871329,-1,1871330,400560,-1,2803923,600840,-1,3925492,False,False,0,0,0,0,0
2015-08-19,2015-08-19 00:00:00,Exxon,PILOT TRAVEL CENTERS LLC 103637 WS,HAMMOND IN (MOC) - 00DH,ULSD,400560,-1,2803923,3,503304,1,503304,496004,-1,0,-1,2585739,0,w1,496004,0,2585739,600840,-1,3925492,Available,-1,Available,150,100,140,On Track,-1,Below Trend,08/20 00:00:00 EDT,-1,w3,0,2015-08-20 00:00:00,Contract,-1,Contract,400560,-1,2803923,1903541,-1,1903542,400560,-1,2803923,600840,-1,3925492,False,False,0,0,0,0,0
2015-08-20,2015-08-20 00:00:00,Exxon,PILOT TRAVEL CENTERS LLC 103637 WS,HAMMOND IN (MOC) - 00DH,ULSD,400560,-1,2803923,0,412031,0,412031,412031,-1,0,-1,412031,0,w2,412031,0,412031,600840,-1,3925492,Available,-1,Available,150,100,140,Below Trend,-1,Below Trend,08/21 00:00:00 EDT,-1,w4,0,2015-08-27 00:00:00,Contract,-1,Contract,400560,-1,2803923,1946144,-1,1946145,400560,-1,2803923,600840,-1,3925492,True,True,412031,0,0,0,0
2015-08-21,2015-08-21 00:00:00,Exxon,PILOT TRAVEL CENTERS LLC 103637 WS,HAMMOND IN (MOC) - 00DH,ULSD,400560,-1,2803923,3,342690,1,342690,320384,-1,0,-1,754721,0,w2,320384,0,754721,600840,-1,3925492,Available,-1,Available,150,100,140,Below Trend,-1,Below Trend,08/22 00:00:00 EDT,-1,w4,0,2015-08-27 00:00:00,Contract,-1,Contract,400560,-1,2803923,1985401,-1,1985402,400560,-1,2803923,600840,-1,3925492,True,True,754721,0,0,0,0
2015-08-22,2015-08-22 00:00:00,Exxon,PILOT TRAVEL CENTERS LLC 103637 WS,HAMMOND IN (MOC) - 00DH,ULSD,400560,-1,2803923,3,210138,1,210138,187624,-1,0,-1,964859,0,w2,187624,0,964859,600840,-1,3925492,Available,-1,Available,150,100,140,Below Trend,-1,Below Trend,08/23 00:00:00 EDT,-1,w4,0,2015-08-27 00:00:00,Contract,-1,Contract,400560,-1,2803923,2022874,-1,2022875,400560,-1,2803923,600840,-1,3925492,True,True,964859,0,0,0,0
2015-08-23,2015-08-23 00:00:00,Exxon,PILOT TRAVEL CENTERS LLC 103637 WS,HAMMOND IN (MOC) - 00DH,ULSD,400560,-1,2803923,3,230348,1,230348,207936,-1,0,-1,1195207,0,w2,207936,0,1195207,600840,-1,3925492,Available,-1,Available,150,100,140,Below Trend,-1,Below Trend,08/24 00:00:00 EDT,-1,w4,0,2015-08-27 00:00:00,Contract,-1,Contract,400560,-1,2803923,2058909,-1,2058910,400560,-1,2803923,600840,-1,3925492,True,True,1195207,0,0,0,0
2015-08-24,2015-08-24 00:00:00,Exxon,PILOT TRAVEL CENTERS LLC 103637 WS,HAMMOND IN (MOC) - 00DH,ULSD,400560,-1,2803923,0,227551,0,227551,227551,-1,0,-1,1422758,0,w2,227551,0,1422758,600840,-1,3925492,Available,-1,Available,150,100,140,Below Trend,-1,Below Trend,08/25 00:00:00 EDT,-1,w4,0,2015-08-27 00:00:00,Contract,-1,Contract,400560,-1,2803923,2096956,-1,2096957,400560,-1,2803923,600840,-1,3925492,True,True,1422758,0,0,0,0
2015-08-25,2015-08-25 00:00:00,Exxon,PILOT TRAVEL CENTERS LLC 103637 WS,HAMMOND IN (MOC) - 00DH,ULSD,400560,-1,2803923,0,521432,0,521432,521432,-1,0,-1,1944190,0,w2,521432,0,1944190,600840,-1,3925492,Available,-1,Available,150,100,140,On Track,-1,Below Trend,08/26 00:00:00 EDT,-1,w4,0,2015-08-27 00:00:00,Contract,-1,Contract,400560,-1,2803923,2127954,-1,2127955,400560,-1,2803923,600840,-1,3925492,True,True,1944190,0,0,0,0
2015-08-26,2015-08-26 00:00:00,Exxon,PILOT TRAVEL CENTERS LLC 103637 WS,HAMMOND IN (MOC) - 00DH,ULSD,400560,-1,2803923,3,516972,1,516972,509672,-1,0,-1,2461162,0,w2,509672,0,2461162,600840,-1,3925492,Available,-1,Available,150,100,140,On Track,-1,Below Trend,08/27 00:00:00 EDT,-1,w4,0,2015-08-27 00:00:00,Contract,-1,Contract,400560,-1,2803923,2155543,-1,2155544,400560,-1,2803923,600840,-1,3925492,True,True,2461162,0,0,0,0
2015-08-27,2015-08-27 00:00:00,Exxon,PILOT TRAVEL CENTERS LLC 103637 WS,HAMMOND IN (MOC) - 00DH,ULSD,400560,-1,2803923,0,543566,0,543566,543566,-1,0,-1,543566,0,w3,543566,0,543566,600840,-1,3925492,Available,-1,Available,150,100,140,On Track,-1,On Track,08/28 00:00:00 EDT,-1,w5,0,2015-09-03 00:00:00,Contract,-1,Contract,400560,-1,2803923,2182752,-1,2182753,400560,-1,2803923,600840,-1,3925492,True,True,543566,0,0,0,0
2015-08-28,2015-08-28 00:00:00,Exxon,PILOT TRAVEL CENTERS LLC 103637 WS,HAMMOND IN (MOC) - 00DH,ULSD,400560,-1,2803923,3,82378,1,82378,74872,-1,0,-1,625944,0,w3,74872,0,625944,600840,-1,3925492,Available,-1,Available,150,100,140,Below Trend,-1,On Track,08/29 00:00:00 EDT,-1,w5,0,2015-09-03 00:00:00,Contract,-1,Contract,400560,-1,2803923,2190876,-1,2190877,400560,-1,2803923,600840,-1,3925492,True,True,625944,0,0,0,0
2015-08-29,2015-08-29 00:00:00,Exxon,PILOT TRAVEL CENTERS LLC 103637 WS,HAMMOND IN (MOC) - 00DH,ULSD,400560,-1,2803923,3,458924,1,458924,217108,-1,0,-1,1084868,0,w3,217108,0,1084868,600840,-1,3925492,Available,-1,Available,150,100,140,Below Trend,-1,Below Trend,08/30 00:00:00 EDT,-1,w5,0,2015-09-03 00:00:00,Contract,-1,Contract,400560,-1,2803923,2240426,-1,2240427,400560,-1,2803923,600840,-1,3925492,True,True,1084868,0,0,0,0
2015-08-30,2015-08-30 00:00:00,Exxon,PILOT TRAVEL CENTERS LLC 103637 WS,HAMMOND IN (MOC) - 00DH,ULSD,400560,-1,2803923,3,73939,1,73939,66414,-1,0,-1,1158807,0,w3,66414,0,1158807,600840,-1,3925492,Available,-1,Available,150,100,140,Below Trend,-1,Below Trend,08/31 00:00:00 EDT,-1,w5,0,2015-09-03 00:00:00,Contract,-1,Contract,354359,-1,2480511,2248395,-1,2248396,400560,-1,2803923,600840,-1,3925492,True,True,1158807,0,0,0,0
2015-08-31,2015-08-31 00:00:00,Exxon,PILOT TRAVEL CENTERS LLC 103637 WS,HAMMOND IN (MOC) - 00DH,ULSD,354359,-1,2803923,3,452973,1,452973,312113,-1,0,-1,1611780,0,w3,312113,0,1611780,531539,-1,3925492,Available,-1,Available,150,100,140,Below Trend,-1,Below Trend,09/01 00:00:00 EDT,-1,w5,0,2015-09-03 00:00:00,Contract,-1,Contract,354359,-1,2480511,2292731,-1,2292732,354359,-1,2803923,531539,-1,3925492,True,True,1611780,0,0,0,0
