,date,supplier_name,account_type,supplier_terminal_name,product_name,base_gallons_Daily,base_gallons_Monthly,base_gallons_Weekly,lifted_gallons_daily_flag,lifted_gallons_daily_modified,Modified_WeeksByLiftedGallons,lifted_gallons_modified_WeeksByLiftedGallons,lifted_gallons_Daily,Lifted_actual_monthly,lifted_gallons_monthly_flag,lifted_gallons_Monthly,Lifted_actual_weekly,lifted_gallons_weekly_flag,WeeksByLiftedGallons,lifted_gallonsWeekly_modified_aposteriori,Modified_LiftedGallonsaposteriori,lifted_gallons_Weekly,beginning_gallons_Daily,beginning_gallons_Monthly,beginning_gallons_Weekly,en_allocation_status_Daily,en_allocation_status_Monthly,en_allocation_status_Weekly,percentage_allocation_Daily,percentage_allocation_Monthly,percentage_allocation_Weekly,alerts_ratability_Daily,alerts_ratability_Monthly,alerts_ratability_Weekly,next_refresh_date_Daily,next_refresh_date_Monthly,Week_switch,Modified_NRD,next_refresh_date_Weekly,en_account_type_Daily,en_account_type_Monthly,en_account_type_Weekly,next_refresh_base_gallons_Daily,next_refresh_base_gallons_Monthly,next_refresh_base_gallons_Weekly,staging_id_Daily,staging_id_Monthly,staging_id_Weekly,base_gallons_Daily_Reconciled,base_gallons_Monthly_Reconciled,base_gallons_Weekly_Reconciled,beginning_gallons_Daily_Reconciled,beginning_gallons_Monthly_Reconciled,beginning_gallons_Weekly_Reconciled,sanityWeekly_CumulativeDaily_WeeksByLiftedGallons,sanityWeekly_CumulativeDaily_NextRefreshDate,computedWeekly,computedMonthly,sanityComputedMonthly,sanityMonthly_CumulativeDaily_WeeksByLiftedGallons,sanityMonthly_CumulativeDaily_WeeksByNextRefreshDate
2015-08-01,2015-08-01 00:00:00,Exxon,PILOT TRAVEL CENTERS LLC 103637 IW,MEMPHIS TN (MOC) - 00QE,Prem CBOB<9,497,-1,3477,0,0,0,0,0,-1,0,-1,1000,0,w1,0,0,1000,746,-1,4868,Available,-1,Available,150,100,140,Below Trend,-1,Below Trend,08/02 00:00:00 CDT,-1,w1,0,2015-08-06 00:00:00,Contract,-1,Contract,497,-1,3477,1273483,-1,1273484,497,-1,3477,746,-1,4868,True,True,0,0,1,0,0
2015-08-02,2015-08-02 00:00:00,Exxon,PILOT TRAVEL CENTERS LLC 103637 IW,MEMPHIS TN (MOC) - 00QE,Prem CBOB<9,497,-1,3477,0,0,0,0,0,-1,0,-1,1000,0,w1,0,0,1000,746,-1,4868,Available,-1,Available,150,100,140,Below Trend,-1,Below Trend,08/03 00:00:00 CDT,-1,w1,0,2015-08-06 00:00:00,Contract,-1,Contract,497,-1,3477,1303442,-1,1303443,497,-1,3477,746,-1,4868,True,True,0,0,1,0,0
2015-08-03,2015-08-03 00:00:00,Exxon,PILOT TRAVEL CENTERS LLC 103637 IW,MEMPHIS TN (MOC) - 00QE,Prem CBOB<9,497,-1,3477,0,0,0,0,0,-1,0,-1,1000,0,w1,0,0,1000,746,-1,4868,Available,-1,Available,150,100,140,Below Trend,-1,Below Trend,08/04 00:00:00 CDT,-1,w1,0,2015-08-06 00:00:00,Contract,-1,Contract,497,-1,3477,1332761,-1,1332762,497,-1,3477,746,-1,4868,True,True,0,0,1,0,0
2015-08-04,2015-08-04 00:00:00,Exxon,PILOT TRAVEL CENTERS LLC 103637 IW,MEMPHIS TN (MOC) - 00QE,Prem CBOB<9,497,-1,3477,0,0,0,0,0,-1,0,-1,1000,0,w1,0,0,1000,746,-1,4868,Available,-1,Available,150,100,140,Below Trend,-1,Below Trend,08/05 00:00:00 CDT,-1,w1,0,2015-08-06 00:00:00,Contract,-1,Contract,497,-1,3477,1362945,-1,1362946,497,-1,3477,746,-1,4868,True,True,0,0,1,0,0
2015-08-05,2015-08-05 00:00:00,Exxon,PILOT TRAVEL CENTERS LLC 103637 IW,MEMPHIS TN (MOC) - 00QE,Prem CBOB<9,497,-1,3477,0,1205,0,1205,1205,-1,0,-1,2205,0,w1,1205,0,2205,746,-1,4868,Out,-1,Out,150,100,140,Above Trend,-1,Below Trend,08/06 00:00:00 CDT,-1,w1,0,2015-08-06 00:00:00,Contract,-1,Contract,497,-1,3477,1394111,-1,1394112,497,-1,3477,746,-1,4868,True,True,1205,0,0,0,0
2015-08-06,2015-08-06 00:00:00,Exxon,PILOT TRAVEL CENTERS LLC 103637 IW,MEMPHIS TN (MOC) - 00QE,Prem CBOB<9,497,-1,3477,0,0,0,0,0,-1,0,-1,0,0,w2,0,0,0,746,-1,4868,Available,-1,Available,150,100,140,Below Trend,-1,Below Trend,08/07 00:00:00 CDT,-1,w2,0,2015-08-13 00:00:00,Contract,-1,Contract,497,-1,3477,1428301,-1,1428302,497,-1,3477,746,-1,4868,True,True,0,0,0,0,0
2015-08-07,2015-08-07 00:00:00,Exxon,PILOT TRAVEL CENTERS LLC 103637 IW,MEMPHIS TN (MOC) - 00QE,Prem CBOB<9,497,-1,3477,0,0,0,0,0,-1,0,-1,0,0,w2,0,0,0,746,-1,4868,Available,-1,Available,150,100,140,Below Trend,-1,Below Trend,08/08 00:00:00 CDT,-1,w2,0,2015-08-13 00:00:00,Contract,-1,Contract,497,-1,3477,1462813,-1,1462814,497,-1,3477,746,-1,4868,True,True,0,0,0,0,0
2015-08-08,2015-08-08 00:00:00,Exxon,PILOT TRAVEL CENTERS LLC 103637 IW,MEMPHIS TN (MOC) - 00QE,Prem CBOB<9,497,-1,3477,0,1200,0,1200,1200,-1,0,-1,1200,0,w2,1200,0,1200,746,-1,4868,Out,-1,Out,150,100,140,Above Trend,-1,Below Trend,08/09 00:00:00 CDT,-1,w2,0,2015-08-13 00:00:00,Contract,-1,Contract,497,-1,3477,1497102,-1,1497103,497,-1,3477,746,-1,4868,True,True,1200,0,0,0,0
2015-08-09,2015-08-09 00:00:00,Exxon,PILOT TRAVEL CENTERS LLC 103637 IW,MEMPHIS TN (MOC) - 00QE,Prem CBOB<9,497,-1,3477,0,3000,0,3000,3000,-1,0,-1,4200,0,w2,3000,0,4200,746,-1,4868,Available,-1,Available,150,100,140,Above Trend,-1,Above Trend,08/10 00:00:00 CDT,-1,w2,0,2015-08-13 00:00:00,Contract,-1,Contract,497,-1,3477,1530787,-1,1530788,497,-1,3477,746,-1,4868,True,True,4200,0,0,0,0
2015-08-10,2015-08-10 00:00:00,Exxon,PILOT TRAVEL CENTERS LLC 103637 IW,MEMPHIS TN (MOC) - 00QE,Prem CBOB<9,497,-1,3477,0,2501,0,2501,2501,-1,0,-1,6701,0,w2,2501,0,6701,746,-1,4868,Available,-1,Available,150,100,140,Above Trend,-1,Above Trend,08/11 00:00:00 CDT,-1,w2,0,2015-08-13 00:00:00,Contract,-1,Contract,497,-1,3477,1563894,-1,1563895,497,-1,3477,746,-1,4868,True,True,6701,0,0,0,0
2015-08-11,2015-08-11 00:00:00,Exxon,PILOT TRAVEL CENTERS LLC 103637 IW,MEMPHIS TN (MOC) - 00QE,Prem CBOB<9,497,-1,3477,0,0,0,0,0,-1,0,-1,6701,0,w2,0,0,6701,746,-1,4868,Available,-1,Available,150,100,140,Below Trend,-1,Above Trend,08/12 00:00:00 CDT,-1,w2,0,2015-08-13 00:00:00,Contract,-1,Contract,497,-1,3477,1595634,-1,1595635,497,-1,3477,746,-1,4868,True,True,6701,0,0,0,0
2015-08-12,2015-08-12 00:00:00,Exxon,PILOT TRAVEL CENTERS LLC 103637 IW,MEMPHIS TN (MOC) - 00QE,Prem CBOB<9,497,-1,3477,0,0,0,0,0,-1,0,-1,6701,0,w2,0,0,6701,746,-1,4868,Available,-1,Available,150,100,140,Below Trend,-1,Above Trend,08/13 00:00:00 CDT,-1,w2,0,2015-08-13 00:00:00,Contract,-1,Contract,497,-1,3477,1636139,-1,1636140,497,-1,3477,746,-1,4868,True,True,6701,0,0,0,0
2015-08-13,2015-08-13 00:00:00,Exxon,PILOT TRAVEL CENTERS LLC 103637 IW,MEMPHIS TN (MOC) - 00QE,Prem CBOB<9,497,-1,3477,0,1600,0,1600,1600,-1,0,-1,1600,0,w3,1600,0,1600,746,-1,4868,Out,-1,Out,150,100,140,Above Trend,-1,Above Trend,08/14 00:00:00 CDT,-1,w3,0,2015-08-20 00:00:00,Contract,-1,Contract,497,-1,3477,1648163,-1,1648164,497,-1,3477,746,-1,4868,True,True,0,0,0,0,0
2015-08-14,2015-08-14 00:00:00,Exxon,PILOT TRAVEL CENTERS LLC 103637 IW,MEMPHIS TN (MOC) - 00QE,Prem CBOB<9,497,-1,3477,0,-1,0,-1,-1,-1,0,-1,-1,0,w4,-1,0,-1,746,-1,4868,-1,-1,-1,100,100,100,-1,-1,-1,-1,-1,w3,1,2015-08-20 00:00:00,-1,-1,-1,-1,-1,-1,-1,-1,-1,746,-1,4868,497,-1,3477,True,False,0,0,0,0,0
2015-08-15,2015-08-15 00:00:00,Exxon,PILOT TRAVEL CENTERS LLC 103637 IW,MEMPHIS TN (MOC) - 00QE,Prem CBOB<9,497,-1,3477,0,-1,0,-1,-1,-1,0,-1,-1,0,w4,-1,0,-1,746,-1,4868,-1,-1,-1,100,100,100,-1,-1,-1,-1,-1,w3,1,2015-08-20 00:00:00,-1,-1,-1,-1,-1,-1,-1,-1,-1,746,-1,4868,497,-1,3477,False,False,0,0,0,0,0
2015-08-16,2015-08-16 00:00:00,Exxon,PILOT TRAVEL CENTERS LLC 103637 IW,MEMPHIS TN (MOC) - 00QE,Prem CBOB<9,497,-1,3477,0,-1,0,-1,-1,-1,0,-1,-1,0,w4,-1,0,-1,746,-1,4868,-1,-1,-1,100,100,100,-1,-1,-1,-1,-1,w3,1,2015-08-20 00:00:00,-1,-1,-1,-1,-1,-1,-1,-1,-1,746,-1,4868,497,-1,3477,False,False,0,0,0,0,0
2015-08-17,2015-08-17 00:00:00,Exxon,PILOT TRAVEL CENTERS LLC 103637 IW,MEMPHIS TN (MOC) - 00QE,Prem CBOB<9,497,-1,3477,0,-1,0,-1,-1,-1,0,-1,-1,0,w4,-1,0,-1,746,-1,4868,-1,-1,-1,100,100,100,-1,-1,-1,-1,-1,w3,1,2015-08-20 00:00:00,-1,-1,-1,-1,-1,-1,-1,-1,-1,746,-1,4868,497,-1,3477,False,False,0,0,0,0,0
2015-08-18,2015-08-18 00:00:00,Exxon,PILOT TRAVEL CENTERS LLC 103637 IW,MEMPHIS TN (MOC) - 00QE,Prem CBOB<9,497,-1,3477,0,-1,0,-1,-1,-1,0,-1,-1,0,w4,-1,0,-1,746,-1,4868,-1,-1,-1,100,100,100,-1,-1,-1,-1,-1,w3,1,2015-08-20 00:00:00,-1,-1,-1,-1,-1,-1,-1,-1,-1,746,-1,4868,497,-1,3477,False,False,0,0,0,0,0
2015-08-19,2015-08-19 00:00:00,Exxon,PILOT TRAVEL CENTERS LLC 103637 IW,MEMPHIS TN (MOC) - 00QE,Prem CBOB<9,497,-1,3477,0,-1,0,-1,-1,-1,0,-1,-1,0,w4,-1,0,-1,746,-1,4868,-1,-1,-1,100,100,100,-1,-1,-1,-1,-1,w3,1,2015-08-20 00:00:00,-1,-1,-1,-1,-1,-1,-1,-1,-1,746,-1,4868,497,-1,3477,False,False,0,0,0,0,0
2015-08-20,2015-08-20 00:00:00,Exxon,PILOT TRAVEL CENTERS LLC 103637 IW,MEMPHIS TN (MOC) - 00QE,Prem CBOB<9,497,-1,3477,0,-1,0,-1,-1,-1,0,-1,-1,0,w4,-1,0,-1,746,-1,4868,-1,-1,-1,100,100,100,-1,-1,-1,-1,-1,w4,1,2015-08-27 00:00:00,-1,-1,-1,-1,-1,-1,-1,-1,-1,746,-1,4868,497,-1,3477,False,True,0,0,0,0,0
2015-08-21,2015-08-21 00:00:00,Exxon,PILOT TRAVEL CENTERS LLC 103637 IW,MEMPHIS TN (MOC) - 00QE,Prem CBOB<9,497,-1,3477,0,-1,0,-1,-1,-1,0,-1,-1,0,w4,-1,0,-1,746,-1,4868,-1,-1,-1,100,100,100,-1,-1,-1,-1,-1,w4,1,2015-08-27 00:00:00,-1,-1,-1,-1,-1,-1,-1,-1,-1,746,-1,4868,497,-1,3477,False,False,0,0,0,0,0
2015-08-22,2015-08-22 00:00:00,Exxon,PILOT TRAVEL CENTERS LLC 103637 IW,MEMPHIS TN (MOC) - 00QE,Prem CBOB<9,497,-1,3477,0,-1,0,-1,-1,-1,0,-1,-1,0,w4,-1,0,-1,746,-1,4868,-1,-1,-1,100,100,100,-1,-1,-1,-1,-1,w4,1,2015-08-27 00:00:00,-1,-1,-1,-1,-1,-1,-1,-1,-1,746,-1,4868,497,-1,3477,False,False,0,0,0,0,0
2015-08-23,2015-08-23 00:00:00,Exxon,PILOT TRAVEL CENTERS LLC 103637 IW,MEMPHIS TN (MOC) - 00QE,Prem CBOB<9,497,-1,3477,0,-1,0,-1,-1,-1,0,-1,-1,0,w4,-1,0,-1,746,-1,4868,-1,-1,-1,100,100,100,-1,-1,-1,-1,-1,w4,1,2015-08-27 00:00:00,-1,-1,-1,-1,-1,-1,-1,-1,-1,746,-1,4868,497,-1,3477,False,False,0,0,0,0,0
2015-08-24,2015-08-24 00:00:00,Exxon,PILOT TRAVEL CENTERS LLC 103637 IW,MEMPHIS TN (MOC) - 00QE,Prem CBOB<9,497,-1,3477,0,-1,0,-1,-1,-1,0,-1,-1,0,w4,-1,0,-1,746,-1,4868,-1,-1,-1,100,100,100,-1,-1,-1,-1,-1,w4,1,2015-08-27 00:00:00,-1,-1,-1,-1,-1,-1,-1,-1,-1,746,-1,4868,497,-1,3477,False,False,0,0,0,0,0
2015-08-25,2015-08-25 00:00:00,Exxon,PILOT TRAVEL CENTERS LLC 103637 IW,MEMPHIS TN (MOC) - 00QE,Prem CBOB<9,497,-1,3477,0,-1,0,-1,-1,-1,0,-1,-1,0,w4,-1,0,-1,746,-1,4868,-1,-1,-1,100,100,100,-1,-1,-1,-1,-1,w4,1,2015-08-27 00:00:00,-1,-1,-1,-1,-1,-1,-1,-1,-1,746,-1,4868,497,-1,3477,False,False,0,0,0,0,0
2015-08-26,2015-08-26 00:00:00,Exxon,PILOT TRAVEL CENTERS LLC 103637 IW,MEMPHIS TN (MOC) - 00QE,Prem CBOB<9,497,-1,3477,0,-1,0,-1,-1,-1,0,-1,-1,0,w4,-1,0,-1,746,-1,4868,-1,-1,-1,100,100,100,-1,-1,-1,-1,-1,w4,1,2015-08-27 00:00:00,-1,-1,-1,-1,-1,-1,-1,-1,-1,746,-1,4868,497,-1,3477,False,False,0,0,0,0,0
2015-08-27,2015-08-27 00:00:00,Exxon,PILOT TRAVEL CENTERS LLC 103637 IW,MEMPHIS TN (MOC) - 00QE,Prem CBOB<9,497,-1,3477,0,-1,0,-1,-1,-1,0,-1,-1,0,w4,-1,0,-1,746,-1,4868,-1,-1,-1,100,100,100,-1,-1,-1,-1,-1,w5,1,2015-09-03 00:00:00,-1,-1,-1,-1,-1,-1,-1,-1,-1,746,-1,4868,497,-1,3477,False,True,0,0,0,0,0
2015-08-28,2015-08-28 00:00:00,Exxon,PILOT TRAVEL CENTERS LLC 103637 IW,MEMPHIS TN (MOC) - 00QE,Prem CBOB<9,497,-1,3477,0,-1,0,-1,-1,-1,0,-1,-1,0,w4,-1,0,-1,746,-1,4868,-1,-1,-1,100,100,100,-1,-1,-1,-1,-1,w5,1,2015-09-03 00:00:00,-1,-1,-1,-1,-1,-1,-1,-1,-1,746,-1,4868,497,-1,3477,False,False,0,0,0,0,0
2015-08-29,2015-08-29 00:00:00,Exxon,PILOT TRAVEL CENTERS LLC 103637 IW,MEMPHIS TN (MOC) - 00QE,Prem CBOB<9,497,-1,3477,0,-1,0,-1,-1,-1,0,-1,-1,0,w4,-1,0,-1,746,-1,4868,-1,-1,-1,100,100,100,-1,-1,-1,-1,-1,w5,1,2015-09-03 00:00:00,-1,-1,-1,-1,-1,-1,-1,-1,-1,746,-1,4868,497,-1,3477,False,False,0,0,0,0,0
2015-08-30,2015-08-30 00:00:00,Exxon,PILOT TRAVEL CENTERS LLC 103637 IW,MEMPHIS TN (MOC) - 00QE,Prem CBOB<9,497,-1,3477,0,-1,0,-1,-1,-1,0,-1,-1,0,w4,-1,0,-1,746,-1,4868,-1,-1,-1,100,100,100,-1,-1,-1,-1,-1,w5,1,2015-09-03 00:00:00,-1,-1,-1,-1,-1,-1,-1,-1,-1,746,-1,4868,497,-1,3477,False,False,0,0,0,0,0
2015-08-31,2015-08-31 00:00:00,Exxon,PILOT TRAVEL CENTERS LLC 103637 IW,MEMPHIS TN (MOC) - 00QE,Prem CBOB<9,497,-1,3477,0,-1,0,-1,-1,-1,0,-1,-1,0,w4,-1,0,-1,746,-1,4868,-1,-1,-1,100,100,100,-1,-1,-1,-1,-1,w5,1,2015-09-03 00:00:00,-1,-1,-1,-1,-1,-1,-1,-1,-1,746,-1,4868,497,-1,3477,False,False,0,0,0,0,0
