,date,supplier_name,account_type,supplier_terminal_name,product_name,base_gallons_Daily,base_gallons_Monthly,base_gallons_Weekly,lifted_gallons_daily_flag,lifted_gallons_daily_modified,Modified_WeeksByLiftedGallons,lifted_gallons_modified_WeeksByLiftedGallons,lifted_gallons_Daily,Lifted_actual_monthly,lifted_gallons_monthly_flag,lifted_gallons_Monthly,Lifted_actual_weekly,lifted_gallons_weekly_flag,WeeksByLiftedGallons,lifted_gallonsWeekly_modified_aposteriori,Modified_LiftedGallonsaposteriori,lifted_gallons_Weekly,beginning_gallons_Daily,beginning_gallons_Monthly,beginning_gallons_Weekly,en_allocation_status_Daily,en_allocation_status_Monthly,en_allocation_status_Weekly,percentage_allocation_Daily,percentage_allocation_Monthly,percentage_allocation_Weekly,alerts_ratability_Daily,alerts_ratability_Monthly,alerts_ratability_Weekly,next_refresh_date_Daily,next_refresh_date_Monthly,Week_switch,Modified_NRD,next_refresh_date_Weekly,en_account_type_Daily,en_account_type_Monthly,en_account_type_Weekly,next_refresh_base_gallons_Daily,next_refresh_base_gallons_Monthly,next_refresh_base_gallons_Weekly,staging_id_Daily,staging_id_Monthly,staging_id_Weekly,base_gallons_Daily_Reconciled,base_gallons_Monthly_Reconciled,base_gallons_Weekly_Reconciled,beginning_gallons_Daily_Reconciled,beginning_gallons_Monthly_Reconciled,beginning_gallons_Weekly_Reconciled,sanityWeekly_CumulativeDaily_WeeksByLiftedGallons,sanityWeekly_CumulativeDaily_NextRefreshDate,computedWeekly,computedMonthly,sanityComputedMonthly,sanityMonthly_CumulativeDaily_WeeksByLiftedGallons,sanityMonthly_CumulativeDaily_WeeksByNextRefreshDate
2015-08-01,2015-08-01 00:00:00,Exxon,PILOT TRAVEL CENTERS LLC 103637 WS,DES PLAINES IL (MOC) - 00BN,ULSD,19614,-1,137300,0,-1,0,-1,-1,-1,0,-1,-1,0,w1,-1,0,-1,29421,-1,192220,-1,-1,-1,100,100,100,-1,-1,-1,-1,-1,w1,1,2015-08-06 00:00:00,-1,-1,-1,-1,-1,-1,-1,-1,-1,29421,-1,192220,19614,-1,137300,True,True,0,0,0,1,1
2015-08-02,2015-08-02 00:00:00,Exxon,PILOT TRAVEL CENTERS LLC 103637 WS,DES PLAINES IL (MOC) - 00BN,ULSD,19614,-1,137300,0,-1,0,-1,-1,-1,0,-1,-1,0,w1,-1,0,-1,29421,-1,192220,-1,-1,-1,100,100,100,-1,-1,-1,-1,-1,w1,1,2015-08-06 00:00:00,-1,-1,-1,-1,-1,-1,-1,-1,-1,29421,-1,192220,19614,-1,137300,False,False,0,0,0,0,0
2015-08-03,2015-08-03 00:00:00,Exxon,PILOT TRAVEL CENTERS LLC 103637 WS,DES PLAINES IL (MOC) - 00BN,ULSD,19614,-1,137300,0,-1,0,-1,-1,-1,0,-1,-1,0,w1,-1,0,-1,29421,-1,192220,-1,-1,-1,100,100,100,-1,-1,-1,-1,-1,w1,1,2015-08-06 00:00:00,-1,-1,-1,-1,-1,-1,-1,-1,-1,29421,-1,192220,19614,-1,137300,False,False,0,0,0,0,0
2015-08-04,2015-08-04 00:00:00,Exxon,PILOT TRAVEL CENTERS LLC 103637 WS,DES PLAINES IL (MOC) - 00BN,ULSD,19614,-1,137300,0,-1,0,-1,-1,-1,0,-1,-1,0,w1,-1,0,-1,29421,-1,192220,-1,-1,-1,100,100,100,-1,-1,-1,-1,-1,w1,1,2015-08-06 00:00:00,-1,-1,-1,-1,-1,-1,-1,-1,-1,29421,-1,192220,19614,-1,137300,False,False,0,0,0,0,0
2015-08-05,2015-08-05 00:00:00,Exxon,PILOT TRAVEL CENTERS LLC 103637 WS,DES PLAINES IL (MOC) - 00BN,ULSD,19614,-1,137300,0,-1,0,-1,-1,-1,0,-1,-1,0,w1,-1,0,-1,29421,-1,192220,-1,-1,-1,100,100,100,-1,-1,-1,-1,-1,w1,1,2015-08-06 00:00:00,-1,-1,-1,-1,-1,-1,-1,-1,-1,29421,-1,192220,19614,-1,137300,False,False,0,0,0,0,0
2015-08-06,2015-08-06 00:00:00,Exxon,PILOT TRAVEL CENTERS LLC 103637 WS,DES PLAINES IL (MOC) - 00BN,ULSD,19614,-1,137300,0,-1,0,-1,-1,-1,0,-1,-1,0,w1,-1,0,-1,29421,-1,192220,-1,-1,-1,100,100,100,-1,-1,-1,-1,-1,w2,1,2015-08-13 00:00:00,-1,-1,-1,-1,-1,-1,-1,-1,-1,29421,-1,192220,19614,-1,137300,False,True,0,0,0,0,0
2015-08-07,2015-08-07 00:00:00,Exxon,PILOT TRAVEL CENTERS LLC 103637 WS,DES PLAINES IL (MOC) - 00BN,ULSD,19614,-1,137300,0,-1,0,-1,-1,-1,0,-1,-1,0,w1,-1,0,-1,29421,-1,192220,-1,-1,-1,100,100,100,-1,-1,-1,-1,-1,w2,1,2015-08-13 00:00:00,-1,-1,-1,-1,-1,-1,-1,-1,-1,29421,-1,192220,19614,-1,137300,False,False,0,0,0,0,0
2015-08-08,2015-08-08 00:00:00,Exxon,PILOT TRAVEL CENTERS LLC 103637 WS,DES PLAINES IL (MOC) - 00BN,ULSD,19614,-1,137300,0,-1,0,-1,-1,-1,0,-1,-1,0,w1,-1,0,-1,29421,-1,192220,-1,-1,-1,100,100,100,-1,-1,-1,-1,-1,w2,1,2015-08-13 00:00:00,-1,-1,-1,-1,-1,-1,-1,-1,-1,29421,-1,192220,19614,-1,137300,False,False,0,0,0,0,0
2015-08-09,2015-08-09 00:00:00,Exxon,PILOT TRAVEL CENTERS LLC 103637 WS,DES PLAINES IL (MOC) - 00BN,ULSD,19614,-1,137300,0,-1,0,-1,-1,-1,0,-1,-1,0,w1,-1,0,-1,29421,-1,192220,-1,-1,-1,100,100,100,-1,-1,-1,-1,-1,w2,1,2015-08-13 00:00:00,-1,-1,-1,-1,-1,-1,-1,-1,-1,29421,-1,192220,19614,-1,137300,False,False,0,0,0,0,0
2015-08-10,2015-08-10 00:00:00,Exxon,PILOT TRAVEL CENTERS LLC 103637 WS,DES PLAINES IL (MOC) - 00BN,ULSD,19614,-1,137300,0,-1,0,-1,-1,-1,0,-1,-1,0,w1,-1,0,-1,29421,-1,192220,-1,-1,-1,100,100,100,-1,-1,-1,-1,-1,w2,1,2015-08-13 00:00:00,-1,-1,-1,-1,-1,-1,-1,-1,-1,29421,-1,192220,19614,-1,137300,False,False,0,0,0,0,0
2015-08-11,2015-08-11 00:00:00,Exxon,PILOT TRAVEL CENTERS LLC 103637 WS,DES PLAINES IL (MOC) - 00BN,ULSD,19614,-1,137300,0,-1,0,-1,-1,-1,0,-1,-1,0,w1,-1,0,-1,29421,-1,192220,-1,-1,-1,100,100,100,-1,-1,-1,-1,-1,w2,1,2015-08-13 00:00:00,-1,-1,-1,-1,-1,-1,-1,-1,-1,29421,-1,192220,19614,-1,137300,False,False,0,0,0,0,0
2015-08-12,2015-08-12 00:00:00,Exxon,PILOT TRAVEL CENTERS LLC 103637 WS,DES PLAINES IL (MOC) - 00BN,ULSD,19614,-1,137300,0,-1,0,-1,-1,-1,0,-1,-1,0,w1,-1,0,-1,29421,-1,192220,-1,-1,-1,100,100,100,-1,-1,-1,-1,-1,w2,1,2015-08-13 00:00:00,-1,-1,-1,-1,-1,-1,-1,-1,-1,29421,-1,192220,19614,-1,137300,False,False,0,0,0,0,0
2015-08-13,2015-08-13 00:00:00,Exxon,PILOT TRAVEL CENTERS LLC 103637 WS,DES PLAINES IL (MOC) - 00BN,ULSD,19614,-1,137300,0,-1,0,-1,-1,-1,0,-1,-1,0,w1,-1,0,-1,29421,-1,192220,-1,-1,-1,100,100,100,-1,-1,-1,-1,-1,w3,1,2015-08-20 00:00:00,-1,-1,-1,-1,-1,-1,-1,-1,-1,29421,-1,192220,19614,-1,137300,False,True,0,0,0,0,0
2015-08-14,2015-08-14 00:00:00,Exxon,PILOT TRAVEL CENTERS LLC 103637 WS,DES PLAINES IL (MOC) - 00BN,ULSD,19614,-1,137300,0,-1,0,-1,-1,-1,0,-1,-1,0,w1,-1,0,-1,29421,-1,192220,-1,-1,-1,100,100,100,-1,-1,-1,-1,-1,w3,1,2015-08-20 00:00:00,-1,-1,-1,-1,-1,-1,-1,-1,-1,29421,-1,192220,19614,-1,137300,False,False,0,0,0,0,0
2015-08-15,2015-08-15 00:00:00,Exxon,PILOT TRAVEL CENTERS LLC 103637 WS,DES PLAINES IL (MOC) - 00BN,ULSD,19614,-1,137300,0,-1,0,-1,-1,-1,0,-1,-1,0,w1,-1,0,-1,29421,-1,192220,-1,-1,-1,100,100,100,-1,-1,-1,-1,-1,w3,1,2015-08-20 00:00:00,-1,-1,-1,-1,-1,-1,-1,-1,-1,29421,-1,192220,19614,-1,137300,False,False,0,0,0,0,0
2015-08-16,2015-08-16 00:00:00,Exxon,PILOT TRAVEL CENTERS LLC 103637 WS,DES PLAINES IL (MOC) - 00BN,ULSD,19614,-1,137300,0,-1,0,-1,-1,-1,0,-1,-1,0,w1,-1,0,-1,29421,-1,192220,-1,-1,-1,100,100,100,-1,-1,-1,-1,-1,w3,1,2015-08-20 00:00:00,-1,-1,-1,-1,-1,-1,-1,-1,-1,29421,-1,192220,19614,-1,137300,False,False,0,0,0,0,0
2015-08-17,2015-08-17 00:00:00,Exxon,PILOT TRAVEL CENTERS LLC 103637 WS,DES PLAINES IL (MOC) - 00BN,ULSD,19614,-1,137300,0,-1,0,-1,-1,-1,0,-1,-1,0,w1,-1,0,-1,29421,-1,192220,-1,-1,-1,100,100,100,-1,-1,-1,-1,-1,w3,1,2015-08-20 00:00:00,-1,-1,-1,-1,-1,-1,-1,-1,-1,29421,-1,192220,19614,-1,137300,False,False,0,0,0,0,0
2015-08-18,2015-08-18 00:00:00,Exxon,PILOT TRAVEL CENTERS LLC 103637 WS,DES PLAINES IL (MOC) - 00BN,ULSD,19614,-1,137300,0,14916,0,14916,14916,-1,0,-1,104239,0,w1,14916,0,104239,29421,-1,192220,Available,-1,Available,150,100,140,Below Trend,-1,Below Trend,08/19 00:00:00 CDT,-1,w3,0,2015-08-20 00:00:00,Contract,-1,Contract,19614,-1,137300,1871322,-1,1871323,19614,-1,137300,29421,-1,192220,False,False,0,0,0,0,0
2015-08-19,2015-08-19 00:00:00,Exxon,PILOT TRAVEL CENTERS LLC 103637 WS,DES PLAINES IL (MOC) - 00BN,ULSD,19614,-1,137300,3,14908,1,14908,7458,-1,0,-1,119147,0,w1,7458,0,119147,29421,-1,192220,Available,-1,Available,150,100,140,Below Trend,-1,Below Trend,08/20 00:00:00 CDT,-1,w3,0,2015-08-20 00:00:00,Contract,-1,Contract,19614,-1,137300,1903534,-1,1903535,19614,-1,137300,29421,-1,192220,False,False,0,0,0,0,0
2015-08-20,2015-08-20 00:00:00,Exxon,PILOT TRAVEL CENTERS LLC 103637 WS,DES PLAINES IL (MOC) - 00BN,ULSD,19614,-1,137300,0,29814,0,29814,29814,-1,0,-1,29814,0,w2,29814,0,29814,29421,-1,192220,Out,-1,Out,150,100,140,On Track,-1,On Track,08/21 00:00:00 CDT,-1,w4,0,2015-08-27 00:00:00,Contract,-1,Contract,19614,-1,137300,1946137,-1,1946138,19614,-1,137300,29421,-1,192220,True,True,29814,0,0,0,0
2015-08-21,2015-08-21 00:00:00,Exxon,PILOT TRAVEL CENTERS LLC 103637 WS,DES PLAINES IL (MOC) - 00BN,ULSD,19614,-1,137300,0,14909,0,14909,14909,-1,0,-1,44723,0,w2,14909,0,44723,29421,-1,192220,Available,-1,Available,150,100,140,Below Trend,-1,On Track,08/22 00:00:00 CDT,-1,w4,0,2015-08-27 00:00:00,Contract,-1,Contract,19614,-1,137300,1985394,-1,1985395,19614,-1,137300,29421,-1,192220,True,True,44723,0,0,0,0
2015-08-22,2015-08-22 00:00:00,Exxon,PILOT TRAVEL CENTERS LLC 103637 WS,DES PLAINES IL (MOC) - 00BN,ULSD,19614,-1,137300,0,22357,0,22357,22357,-1,0,-1,67080,0,w2,22357,0,67080,29421,-1,192220,Available,-1,Available,150,100,140,Below Trend,-1,On Track,08/23 00:00:00 CDT,-1,w4,0,2015-08-27 00:00:00,Contract,-1,Contract,19614,-1,137300,2022867,-1,2022868,19614,-1,137300,29421,-1,192220,True,True,67080,0,0,0,0
2015-08-23,2015-08-23 00:00:00,Exxon,PILOT TRAVEL CENTERS LLC 103637 WS,DES PLAINES IL (MOC) - 00BN,ULSD,19614,-1,137300,0,7451,0,7451,7451,-1,0,-1,74531,0,w2,7451,0,74531,29421,-1,192220,Available,-1,Available,150,100,140,Below Trend,-1,Below Trend,08/24 00:00:00 CDT,-1,w4,0,2015-08-27 00:00:00,Contract,-1,Contract,19614,-1,137300,2058902,-1,2058903,19614,-1,137300,29421,-1,192220,True,True,74531,0,0,0,0
2015-08-24,2015-08-24 00:00:00,Exxon,PILOT TRAVEL CENTERS LLC 103637 WS,DES PLAINES IL (MOC) - 00BN,ULSD,19614,-1,137300,0,29811,0,29811,29811,-1,0,-1,104342,0,w2,29811,0,104342,29421,-1,192220,Out,-1,Out,150,100,140,On Track,-1,Below Trend,08/25 00:00:00 CDT,-1,w4,0,2015-08-27 00:00:00,Contract,-1,Contract,19614,-1,137300,2096949,-1,2096950,19614,-1,137300,29421,-1,192220,True,True,104342,0,0,0,0
2015-08-25,2015-08-25 00:00:00,Exxon,PILOT TRAVEL CENTERS LLC 103637 WS,DES PLAINES IL (MOC) - 00BN,ULSD,19614,-1,137300,0,29808,0,29808,29808,-1,0,-1,134150,0,w2,29808,0,134150,29421,-1,192220,Out,-1,Out,150,100,140,On Track,-1,On Track,08/26 00:00:00 CDT,-1,w4,0,2015-08-27 00:00:00,Contract,-1,Contract,19614,-1,137300,2127947,-1,2127948,19614,-1,137300,29421,-1,192220,True,True,134150,0,0,0,0
2015-08-26,2015-08-26 00:00:00,Exxon,PILOT TRAVEL CENTERS LLC 103637 WS,DES PLAINES IL (MOC) - 00BN,ULSD,19614,-1,137300,0,14901,0,14901,14901,-1,0,-1,149051,0,w2,14901,0,149051,29421,-1,192220,Available,-1,Available,150,100,140,Below Trend,-1,Below Trend,08/27 00:00:00 CDT,-1,w4,0,2015-08-27 00:00:00,Contract,-1,Contract,19614,-1,137300,2155535,-1,2155536,19614,-1,137300,29421,-1,192220,True,True,149051,0,0,0,0
2015-08-27,2015-08-27 00:00:00,Exxon,PILOT TRAVEL CENTERS LLC 103637 WS,DES PLAINES IL (MOC) - 00BN,ULSD,19614,-1,137300,0,14908,0,14908,14908,-1,0,-1,14908,0,w3,14908,0,14908,29421,-1,192220,Available,-1,Available,150,100,140,Below Trend,-1,Below Trend,08/28 00:00:00 CDT,-1,w5,0,2015-09-03 00:00:00,Contract,-1,Contract,19614,-1,137300,2182744,-1,2182745,19614,-1,137300,29421,-1,192220,True,True,14908,0,0,0,0
2015-08-28,2015-08-28 00:00:00,Exxon,PILOT TRAVEL CENTERS LLC 103637 WS,DES PLAINES IL (MOC) - 00BN,ULSD,19614,-1,137300,0,14901,0,14901,14901,-1,0,-1,29809,0,w3,14901,0,29809,29421,-1,192220,Available,-1,Available,150,100,140,Above Trend,-1,On Track,08/29 00:00:00 CDT,-1,w5,0,2015-09-03 00:00:00,Contract,-1,Contract,19614,-1,137300,2190868,-1,2190869,19614,-1,137300,29421,-1,192220,True,True,29809,0,0,0,0
2015-08-29,2015-08-29 00:00:00,Exxon,PILOT TRAVEL CENTERS LLC 103637 WS,DES PLAINES IL (MOC) - 00BN,ULSD,19614,-1,137300,0,29814,0,29814,29814,-1,0,-1,59623,0,w3,29814,0,59623,29421,-1,192220,Out,-1,Out,150,100,140,On Track,-1,Below Trend,08/30 00:00:00 CDT,-1,w5,0,2015-09-03 00:00:00,Contract,-1,Contract,19614,-1,137300,2240418,-1,2240419,19614,-1,137300,29421,-1,192220,True,True,59623,0,0,0,0
2015-08-30,2015-08-30 00:00:00,Exxon,PILOT TRAVEL CENTERS LLC 103637 WS,DES PLAINES IL (MOC) - 00BN,ULSD,19614,-1,137300,0,0,0,0,0,-1,0,-1,59623,0,w3,0,0,59623,29421,-1,192220,Available,-1,Available,150,100,140,Below Trend,-1,Below Trend,08/31 00:00:00 CDT,-1,w5,0,2015-09-03 00:00:00,Contract,-1,Contract,23256,-1,162791,2248387,-1,2248388,19614,-1,137300,29421,-1,192220,True,True,59623,0,0,0,0
2015-08-31,2015-08-31 00:00:00,Exxon,PILOT TRAVEL CENTERS LLC 103637 WS,DES PLAINES IL (MOC) - 00BN,ULSD,23256,-1,137300,3,14902,1,14902,7451,-1,0,-1,74525,0,w3,7451,0,74525,34884,-1,192220,Available,-1,Available,150,100,140,Below Trend,-1,Below Trend,09/01 00:00:00 CDT,-1,w5,0,2015-09-03 00:00:00,Contract,-1,Contract,23256,-1,162791,2292723,-1,2292724,23256,-1,137300,34884,-1,192220,True,True,74525,0,0,0,0
