,date,supplier_name,account_type,supplier_terminal_name,product_name,base_gallons_Daily,base_gallons_Monthly,base_gallons_Weekly,lifted_gallons_daily_flag,lifted_gallons_daily_modified,Modified_WeeksByLiftedGallons,lifted_gallons_modified_WeeksByLiftedGallons,lifted_gallons_Daily,Lifted_actual_monthly,lifted_gallons_monthly_flag,lifted_gallons_Monthly,Lifted_actual_weekly,lifted_gallons_weekly_flag,WeeksByLiftedGallons,lifted_gallonsWeekly_modified_aposteriori,Modified_LiftedGallonsaposteriori,lifted_gallons_Weekly,beginning_gallons_Daily,beginning_gallons_Monthly,beginning_gallons_Weekly,en_allocation_status_Daily,en_allocation_status_Monthly,en_allocation_status_Weekly,percentage_allocation_Daily,percentage_allocation_Monthly,percentage_allocation_Weekly,alerts_ratability_Daily,alerts_ratability_Monthly,alerts_ratability_Weekly,next_refresh_date_Daily,next_refresh_date_Monthly,Week_switch,Modified_NRD,next_refresh_date_Weekly,en_account_type_Daily,en_account_type_Monthly,en_account_type_Weekly,next_refresh_base_gallons_Daily,next_refresh_base_gallons_Monthly,next_refresh_base_gallons_Weekly,staging_id_Daily,staging_id_Monthly,staging_id_Weekly,base_gallons_Daily_Reconciled,base_gallons_Monthly_Reconciled,base_gallons_Weekly_Reconciled,beginning_gallons_Daily_Reconciled,beginning_gallons_Monthly_Reconciled,beginning_gallons_Weekly_Reconciled,sanityWeekly_CumulativeDaily_WeeksByLiftedGallons,sanityWeekly_CumulativeDaily_NextRefreshDate,computedWeekly,computedMonthly,sanityComputedMonthly,sanityMonthly_CumulativeDaily_WeeksByLiftedGallons,sanityMonthly_CumulativeDaily_WeeksByNextRefreshDate
2015-08-01,2015-08-01 00:00:00,Exxon,PILOT TRAVEL CENTERS LLC 103637 WS,COLTON CA KM TP - 00WM,Regular RFG,5936,372536,84121,0,-1,0,-1,-1,-1,0,-1,-1,0,w1,-1,0,-1,5936,372536,84121,-1,-1,-1,100,100,100,-1,-1,-1,-1,-1,w1,1,2015-08-06 00:00:00,-1,-1,-1,-1,-1,-1,-1,-1,-1,5936,372536,84121,5936,372536,84121,True,True,0,0,0,1,1
2015-08-02,2015-08-02 00:00:00,Exxon,PILOT TRAVEL CENTERS LLC 103637 WS,COLTON CA KM TP - 00WM,Regular RFG,5936,372536,84121,0,-1,0,-1,-1,-1,0,-1,-1,0,w1,-1,0,-1,5936,372536,84121,-1,-1,-1,100,100,100,-1,-1,-1,-1,-1,w1,1,2015-08-06 00:00:00,-1,-1,-1,-1,-1,-1,-1,-1,-1,5936,372536,84121,5936,372536,84121,False,False,0,0,0,0,0
2015-08-03,2015-08-03 00:00:00,Exxon,PILOT TRAVEL CENTERS LLC 103637 WS,COLTON CA KM TP - 00WM,Regular RFG,5936,372536,84121,0,-1,0,-1,-1,-1,0,-1,-1,0,w1,-1,0,-1,5936,372536,84121,-1,-1,-1,100,100,100,-1,-1,-1,-1,-1,w1,1,2015-08-06 00:00:00,-1,-1,-1,-1,-1,-1,-1,-1,-1,5936,372536,84121,5936,372536,84121,False,False,0,0,0,0,0
2015-08-04,2015-08-04 00:00:00,Exxon,PILOT TRAVEL CENTERS LLC 103637 WS,COLTON CA KM TP - 00WM,Regular RFG,5936,372536,84121,0,-1,0,-1,-1,-1,0,-1,-1,0,w1,-1,0,-1,5936,372536,84121,-1,-1,-1,100,100,100,-1,-1,-1,-1,-1,w1,1,2015-08-06 00:00:00,-1,-1,-1,-1,-1,-1,-1,-1,-1,5936,372536,84121,5936,372536,84121,False,False,0,0,0,0,0
2015-08-05,2015-08-05 00:00:00,Exxon,PILOT TRAVEL CENTERS LLC 103637 WS,COLTON CA KM TP - 00WM,Regular RFG,5936,372536,84121,0,-1,0,-1,-1,-1,0,-1,-1,0,w1,-1,0,-1,5936,372536,84121,-1,-1,-1,100,100,100,-1,-1,-1,-1,-1,w1,1,2015-08-06 00:00:00,-1,-1,-1,-1,-1,-1,-1,-1,-1,5936,372536,84121,5936,372536,84121,False,False,0,0,0,0,0
2015-08-06,2015-08-06 00:00:00,Exxon,PILOT TRAVEL CENTERS LLC 103637 WS,COLTON CA KM TP - 00WM,Regular RFG,5936,372536,84121,0,-1,0,-1,-1,-1,0,-1,-1,0,w1,-1,0,-1,5936,372536,84121,-1,-1,-1,100,100,100,-1,-1,-1,-1,-1,w2,1,2015-08-13 00:00:00,-1,-1,-1,-1,-1,-1,-1,-1,-1,5936,372536,84121,5936,372536,84121,False,True,0,0,0,0,0
2015-08-07,2015-08-07 00:00:00,Exxon,PILOT TRAVEL CENTERS LLC 103637 WS,COLTON CA KM TP - 00WM,Regular RFG,5936,372536,84121,0,-1,0,-1,-1,-1,0,-1,-1,0,w1,-1,0,-1,5936,372536,84121,-1,-1,-1,100,100,100,-1,-1,-1,-1,-1,w2,1,2015-08-13 00:00:00,-1,-1,-1,-1,-1,-1,-1,-1,-1,5936,372536,84121,5936,372536,84121,False,False,0,0,0,0,0
2015-08-08,2015-08-08 00:00:00,Exxon,PILOT TRAVEL CENTERS LLC 103637 WS,COLTON CA KM TP - 00WM,Regular RFG,5936,372536,84121,0,-1,0,-1,-1,-1,0,-1,-1,0,w1,-1,0,-1,5936,372536,84121,-1,-1,-1,100,100,100,-1,-1,-1,-1,-1,w2,1,2015-08-13 00:00:00,-1,-1,-1,-1,-1,-1,-1,-1,-1,5936,372536,84121,5936,372536,84121,False,False,0,0,0,0,0
2015-08-09,2015-08-09 00:00:00,Exxon,PILOT TRAVEL CENTERS LLC 103637 WS,COLTON CA KM TP - 00WM,Regular RFG,5936,372536,84121,0,-1,0,-1,-1,-1,0,-1,-1,0,w1,-1,0,-1,5936,372536,84121,-1,-1,-1,100,100,100,-1,-1,-1,-1,-1,w2,1,2015-08-13 00:00:00,-1,-1,-1,-1,-1,-1,-1,-1,-1,5936,372536,84121,5936,372536,84121,False,False,0,0,0,0,0
2015-08-10,2015-08-10 00:00:00,Exxon,PILOT TRAVEL CENTERS LLC 103637 WS,COLTON CA KM TP - 00WM,Regular RFG,5936,372536,84121,0,-1,0,-1,-1,-1,0,-1,-1,0,w1,-1,0,-1,5936,372536,84121,-1,-1,-1,100,100,100,-1,-1,-1,-1,-1,w2,1,2015-08-13 00:00:00,-1,-1,-1,-1,-1,-1,-1,-1,-1,5936,372536,84121,5936,372536,84121,False,False,0,0,0,0,0
2015-08-11,2015-08-11 00:00:00,Exxon,PILOT TRAVEL CENTERS LLC 103637 WS,COLTON CA KM TP - 00WM,Regular RFG,5936,372536,84121,0,-1,0,-1,-1,-1,0,-1,-1,0,w1,-1,0,-1,5936,372536,84121,-1,-1,-1,100,100,100,-1,-1,-1,-1,-1,w2,1,2015-08-13 00:00:00,-1,-1,-1,-1,-1,-1,-1,-1,-1,5936,372536,84121,5936,372536,84121,False,False,0,0,0,0,0
2015-08-12,2015-08-12 00:00:00,Exxon,PILOT TRAVEL CENTERS LLC 103637 WS,COLTON CA KM TP - 00WM,Regular RFG,5936,372536,84121,0,-1,0,-1,-1,-1,0,-1,-1,0,w1,-1,0,-1,5936,372536,84121,-1,-1,-1,100,100,100,-1,-1,-1,-1,-1,w2,1,2015-08-13 00:00:00,-1,-1,-1,-1,-1,-1,-1,-1,-1,5936,372536,84121,5936,372536,84121,False,False,0,0,0,0,0
2015-08-13,2015-08-13 00:00:00,Exxon,PILOT TRAVEL CENTERS LLC 103637 WS,COLTON CA KM TP - 00WM,Regular RFG,5936,372536,84121,0,-1,0,-1,-1,-1,0,-1,-1,0,w1,-1,0,-1,5936,372536,84121,-1,-1,-1,100,100,100,-1,-1,-1,-1,-1,w3,1,2015-08-20 00:00:00,-1,-1,-1,-1,-1,-1,-1,-1,-1,5936,372536,84121,5936,372536,84121,False,True,0,0,0,0,0
2015-08-14,2015-08-14 00:00:00,Exxon,PILOT TRAVEL CENTERS LLC 103637 WS,COLTON CA KM TP - 00WM,Regular RFG,5936,372536,84121,0,-1,0,-1,-1,-1,0,-1,-1,0,w1,-1,0,-1,5936,372536,84121,-1,-1,-1,100,100,100,-1,-1,-1,-1,-1,w3,1,2015-08-20 00:00:00,-1,-1,-1,-1,-1,-1,-1,-1,-1,5936,372536,84121,5936,372536,84121,False,False,0,0,0,0,0
2015-08-15,2015-08-15 00:00:00,Exxon,PILOT TRAVEL CENTERS LLC 103637 WS,COLTON CA KM TP - 00WM,Regular RFG,5936,372536,84121,0,-1,0,-1,-1,-1,0,-1,-1,0,w1,-1,0,-1,5936,372536,84121,-1,-1,-1,100,100,100,-1,-1,-1,-1,-1,w3,1,2015-08-20 00:00:00,-1,-1,-1,-1,-1,-1,-1,-1,-1,5936,372536,84121,5936,372536,84121,False,False,0,0,0,0,0
2015-08-16,2015-08-16 00:00:00,Exxon,PILOT TRAVEL CENTERS LLC 103637 WS,COLTON CA KM TP - 00WM,Regular RFG,5936,372536,84121,0,-1,0,-1,-1,-1,0,-1,-1,0,w1,-1,0,-1,5936,372536,84121,-1,-1,-1,100,100,100,-1,-1,-1,-1,-1,w3,1,2015-08-20 00:00:00,-1,-1,-1,-1,-1,-1,-1,-1,-1,5936,372536,84121,5936,372536,84121,False,False,0,0,0,0,0
2015-08-17,2015-08-17 00:00:00,Exxon,PILOT TRAVEL CENTERS LLC 103637 WS,COLTON CA KM TP - 00WM,Regular RFG,5936,372536,84121,0,-1,0,-1,-1,-1,0,-1,-1,0,w1,-1,0,-1,5936,372536,84121,-1,-1,-1,100,100,100,-1,-1,-1,-1,-1,w3,1,2015-08-20 00:00:00,-1,-1,-1,-1,-1,-1,-1,-1,-1,5936,372536,84121,5936,372536,84121,False,False,0,0,0,0,0
2015-08-18,2015-08-18 00:00:00,Exxon,PILOT TRAVEL CENTERS LLC 103637 WS,COLTON CA KM TP - 00WM,Regular RFG,12017,372536,84121,0,8402,0,8402,8402,244664,0,244664,86221,0,w1,8402,0,86221,12017,372536,84121,Out,Out,Out,100,100,100,Below Trend,On Track,Above Trend,08/19 00:00:00 PDT,09/01 00:00:00 PDT,w3,0,2015-08-20 00:00:00,Contract,Contract,Contract,12017,372536,84121,1871319,1871321,1871320,12017,372536,84121,12017,372536,84121,False,False,0,0,0,0,0
2015-08-19,2015-08-19 00:00:00,Exxon,PILOT TRAVEL CENTERS LLC 103637 WS,COLTON CA KM TP - 00WM,Regular RFG,12017,372536,84121,1,0,0,0,0,244664,0,244664,86221,1,w1,0,0,86221,12017,372536,84121,Out,Out,Out,100,100,100,Below Trend,On Track,On Track,08/20 00:00:00 PDT,09/01 00:00:00 PDT,w3,0,2015-08-20 00:00:00,Contract,Contract,Contract,12017,372536,84121,1903531,1903533,1903532,12017,372536,84121,12017,372536,84121,False,False,0,0,0,0,0
2015-08-20,2015-08-20 00:00:00,Exxon,PILOT TRAVEL CENTERS LLC 103637 WS,COLTON CA KM TP - 00WM,Regular RFG,12017,372536,84121,1,16202,0,16202,16202,260866,0,260866,16202,1,w2,16202,0,16202,12017,372536,84121,Out,Out,Out,100,100,100,Above Trend,On Track,Above Trend,08/21 00:00:00 PDT,09/01 00:00:00 PDT,w4,0,2015-08-27 00:00:00,Contract,Contract,Contract,12017,372536,84121,1946134,1946136,1946135,12017,372536,84121,12017,372536,84121,True,True,16202,0,0,0,0
2015-08-21,2015-08-21 00:00:00,Exxon,PILOT TRAVEL CENTERS LLC 103637 WS,COLTON CA KM TP - 00WM,Regular RFG,12017,372536,84121,1,16010,0,16010,16010,276876,0,276876,32212,1,w2,16010,0,32212,12017,372536,84121,Out,Out,Out,100,100,100,Above Trend,On Track,Above Trend,08/22 00:00:00 PDT,09/01 00:00:00 PDT,w4,0,2015-08-27 00:00:00,Contract,Contract,Contract,12017,372536,84121,1985391,1985393,1985392,12017,372536,84121,12017,372536,84121,True,True,32212,0,0,0,0
2015-08-22,2015-08-22 00:00:00,Exxon,PILOT TRAVEL CENTERS LLC 103637 WS,COLTON CA KM TP - 00WM,Regular RFG,12017,372536,84121,1,15411,0,15411,15411,292287,0,292287,47623,1,w2,15411,0,47623,12017,372536,84121,Out,Out,Out,100,100,100,Above Trend,On Track,Above Trend,08/23 00:00:00 PDT,09/01 00:00:00 PDT,w4,0,2015-08-27 00:00:00,Contract,Contract,Contract,12017,372536,84121,2022864,2022866,2022865,12017,372536,84121,12017,372536,84121,True,True,47623,0,0,0,0
2015-08-23,2015-08-23 00:00:00,Exxon,PILOT TRAVEL CENTERS LLC 103637 WS,COLTON CA KM TP - 00WM,Regular RFG,12017,372536,84121,1,14800,0,14800,14800,307087,0,307087,62423,1,w2,14800,0,62423,12017,372536,84121,Out,Out,Out,100,100,100,Above Trend,On Track,Above Trend,08/24 00:00:00 PDT,09/01 00:00:00 PDT,w4,0,2015-08-27 00:00:00,Contract,Contract,Contract,12017,372536,84121,2058899,2058901,2058900,12017,372536,84121,12017,372536,84121,True,True,62423,0,0,0,0
2015-08-24,2015-08-24 00:00:00,Exxon,PILOT TRAVEL CENTERS LLC 103637 WS,COLTON CA KM TP - 00WM,Regular RFG,12017,372536,84121,1,13806,0,13806,13806,320893,0,320893,76229,1,w2,13806,0,76229,12017,372536,84121,Out,Out,Out,100,100,100,Above Trend,On Track,Above Trend,08/25 00:00:00 PDT,09/01 00:00:00 PDT,w4,0,2015-08-27 00:00:00,Contract,Contract,Contract,12017,372536,84121,2096946,2096948,2096947,12017,372536,84121,12017,372536,84121,True,True,76229,0,0,0,0
2015-08-25,2015-08-25 00:00:00,Exxon,PILOT TRAVEL CENTERS LLC 103637 WS,COLTON CA KM TP - 00WM,Regular RFG,12017,372536,84121,1,8500,0,8500,8500,329393,0,329393,84729,1,w2,8500,0,84729,12017,372536,84121,Out,Out,Out,100,100,100,On Track,On Track,Above Trend,08/26 00:00:00 PDT,09/01 00:00:00 PDT,w4,0,2015-08-27 00:00:00,Contract,Contract,Contract,12017,372536,84121,2127944,2127946,2127945,12017,372536,84121,12017,372536,84121,True,True,84729,0,0,0,0
2015-08-26,2015-08-26 00:00:00,Exxon,PILOT TRAVEL CENTERS LLC 103637 WS,COLTON CA KM TP - 00WM,Regular RFG,12017,372536,84121,1,0,0,0,0,329393,0,329393,84729,1,w2,0,0,84729,12017,372536,84121,Out,Out,Out,100,100,100,Below Trend,On Track,On Track,08/27 00:00:00 PDT,09/01 00:00:00 PDT,w4,0,2015-08-27 00:00:00,Contract,Contract,Contract,12017,372536,84121,2155532,2155534,2155533,12017,372536,84121,12017,372536,84121,True,True,84729,0,0,0,0
2015-08-27,2015-08-27 00:00:00,Exxon,PILOT TRAVEL CENTERS LLC 103637 WS,COLTON CA KM TP - 00WM,Regular RFG,12017,372536,84121,1,14850,0,14850,14850,344243,0,344243,14850,1,w3,14850,0,14850,12017,372536,84121,Out,Out,Out,100,100,100,Above Trend,On Track,Above Trend,08/28 00:00:00 PDT,09/01 00:00:00 PDT,w5,0,2015-09-03 00:00:00,Contract,Contract,Contract,12017,372536,84121,2182741,2182743,2182742,12017,372536,84121,12017,372536,84121,True,True,14850,0,0,0,0
2015-08-28,2015-08-28 00:00:00,Exxon,PILOT TRAVEL CENTERS LLC 103637 WS,COLTON CA KM TP - 00WM,Regular RFG,12017,372536,84121,1,0,0,0,0,344243,0,344243,14850,1,w3,0,0,14850,12017,372536,84121,Available,Available,Available,100,100,100,Below Trend,On Track,On Track,08/29 00:00:00 PDT,09/01 00:00:00 PDT,w5,0,2015-09-03 00:00:00,Contract,Contract,Contract,12017,372536,84121,2190865,2190867,2190866,12017,372536,84121,12017,372536,84121,True,True,14850,0,0,0,0
2015-08-29,2015-08-29 00:00:00,Exxon,PILOT TRAVEL CENTERS LLC 103637 WS,COLTON CA KM TP - 00WM,Regular RFG,12017,372536,84121,1,27999,1,27999,14799,372242,0,372242,42849,1,w3,14799,0,42849,12017,372536,84121,Out,Out,Out,100,100,100,Above Trend,On Track,Above Trend,08/30 00:00:00 PDT,09/01 00:00:00 PDT,w5,0,2015-09-03 00:00:00,Contract,Contract,Contract,12017,372536,84121,2240415,2240417,2240416,12017,372536,84121,12017,372536,84121,True,True,42849,0,0,0,0
2015-08-30,2015-08-30 00:00:00,Exxon,PILOT TRAVEL CENTERS LLC 103637 WS,COLTON CA KM TP - 00WM,Regular RFG,12017,372536,84121,1,0,0,0,0,372242,0,372242,42849,1,w3,0,0,42849,12017,372536,84121,Available,Available,Available,100,100,100,Below Trend,On Track,On Track,08/31 00:00:00 PDT,09/01 00:00:00 PDT,w5,0,2015-09-03 00:00:00,Contract,Contract,Contract,5936,178068,41550,2248384,2248386,2248385,12017,372536,84121,12017,372536,84121,True,True,42849,0,0,0,0
2015-08-31,2015-08-31 00:00:00,Exxon,PILOT TRAVEL CENTERS LLC 103637 WS,COLTON CA KM TP - 00WM,Regular RFG,5936,372536,84121,1,8604,1,8604,0,380846,0,380846,51453,1,w3,0,0,51453,5936,372536,84121,Out,Out,Out,100,100,100,Below Trend,On Track,On Track,09/01 00:00:00 PDT,09/01 00:00:00 PDT,w5,0,2015-09-03 00:00:00,Contract,Contract,Contract,5936,178068,41550,2292720,2292722,2292721,5936,372536,84121,5936,372536,84121,True,True,51453,0,0,0,0
