,date,supplier_name,account_type,supplier_terminal_name,product_name,base_gallons_Daily,base_gallons_Monthly,base_gallons_Weekly,lifted_gallons_daily_flag,lifted_gallons_daily_modified,Modified_WeeksByLiftedGallons,lifted_gallons_modified_WeeksByLiftedGallons,lifted_gallons_Daily,Lifted_actual_monthly,lifted_gallons_monthly_flag,lifted_gallons_Monthly,Lifted_actual_weekly,lifted_gallons_weekly_flag,WeeksByLiftedGallons,lifted_gallonsWeekly_modified_aposteriori,Modified_LiftedGallonsaposteriori,lifted_gallons_Weekly,beginning_gallons_Daily,beginning_gallons_Monthly,beginning_gallons_Weekly,en_allocation_status_Daily,en_allocation_status_Monthly,en_allocation_status_Weekly,percentage_allocation_Daily,percentage_allocation_Monthly,percentage_allocation_Weekly,alerts_ratability_Daily,alerts_ratability_Monthly,alerts_ratability_Weekly,next_refresh_date_Daily,next_refresh_date_Monthly,Week_switch,Modified_NRD,next_refresh_date_Weekly,en_account_type_Daily,en_account_type_Monthly,en_account_type_Weekly,next_refresh_base_gallons_Daily,next_refresh_base_gallons_Monthly,next_refresh_base_gallons_Weekly,staging_id_Daily,staging_id_Monthly,staging_id_Weekly,base_gallons_Daily_Reconciled,base_gallons_Monthly_Reconciled,base_gallons_Weekly_Reconciled,beginning_gallons_Daily_Reconciled,beginning_gallons_Monthly_Reconciled,beginning_gallons_Weekly_Reconciled,sanityWeekly_CumulativeDaily_WeeksByLiftedGallons,sanityWeekly_CumulativeDaily_NextRefreshDate,computedWeekly,computedMonthly,sanityComputedMonthly,sanityMonthly_CumulativeDaily_WeeksByLiftedGallons,sanityMonthly_CumulativeDaily_WeeksByNextRefreshDate
2015-08-01,2015-08-01 00:00:00,Exxon,PILOT TRAVEL CENTERS LLC 103637 WS,COLTON CA KM TP - 00WM,Premium Conventional / E10,1499,65223,14728,0,-1,0,-1,-1,-1,0,-1,-1,0,w1,-1,0,-1,1499,65223,14728,-1,-1,-1,100,100,100,-1,-1,-1,-1,-1,w1,1,2015-08-06 00:00:00,-1,-1,-1,-1,-1,-1,-1,-1,-1,1499,65223,14728,1499,65223,14728,True,True,0,0,0,1,1
2015-08-02,2015-08-02 00:00:00,Exxon,PILOT TRAVEL CENTERS LLC 103637 WS,COLTON CA KM TP - 00WM,Premium Conventional / E10,1499,65223,14728,0,-1,0,-1,-1,-1,0,-1,-1,0,w1,-1,0,-1,1499,65223,14728,-1,-1,-1,100,100,100,-1,-1,-1,-1,-1,w1,1,2015-08-06 00:00:00,-1,-1,-1,-1,-1,-1,-1,-1,-1,1499,65223,14728,1499,65223,14728,False,False,0,0,0,0,0
2015-08-03,2015-08-03 00:00:00,Exxon,PILOT TRAVEL CENTERS LLC 103637 WS,COLTON CA KM TP - 00WM,Premium Conventional / E10,1499,65223,14728,0,-1,0,-1,-1,-1,0,-1,-1,0,w1,-1,0,-1,1499,65223,14728,-1,-1,-1,100,100,100,-1,-1,-1,-1,-1,w1,1,2015-08-06 00:00:00,-1,-1,-1,-1,-1,-1,-1,-1,-1,1499,65223,14728,1499,65223,14728,False,False,0,0,0,0,0
2015-08-04,2015-08-04 00:00:00,Exxon,PILOT TRAVEL CENTERS LLC 103637 WS,COLTON CA KM TP - 00WM,Premium Conventional / E10,1499,65223,14728,0,-1,0,-1,-1,-1,0,-1,-1,0,w1,-1,0,-1,1499,65223,14728,-1,-1,-1,100,100,100,-1,-1,-1,-1,-1,w1,1,2015-08-06 00:00:00,-1,-1,-1,-1,-1,-1,-1,-1,-1,1499,65223,14728,1499,65223,14728,False,False,0,0,0,0,0
2015-08-05,2015-08-05 00:00:00,Exxon,PILOT TRAVEL CENTERS LLC 103637 WS,COLTON CA KM TP - 00WM,Premium Conventional / E10,1499,65223,14728,0,-1,0,-1,-1,-1,0,-1,-1,0,w1,-1,0,-1,1499,65223,14728,-1,-1,-1,100,100,100,-1,-1,-1,-1,-1,w1,1,2015-08-06 00:00:00,-1,-1,-1,-1,-1,-1,-1,-1,-1,1499,65223,14728,1499,65223,14728,False,False,0,0,0,0,0
2015-08-06,2015-08-06 00:00:00,Exxon,PILOT TRAVEL CENTERS LLC 103637 WS,COLTON CA KM TP - 00WM,Premium Conventional / E10,1499,65223,14728,0,-1,0,-1,-1,-1,0,-1,-1,0,w1,-1,0,-1,1499,65223,14728,-1,-1,-1,100,100,100,-1,-1,-1,-1,-1,w2,1,2015-08-13 00:00:00,-1,-1,-1,-1,-1,-1,-1,-1,-1,1499,65223,14728,1499,65223,14728,False,True,0,0,0,0,0
2015-08-07,2015-08-07 00:00:00,Exxon,PILOT TRAVEL CENTERS LLC 103637 WS,COLTON CA KM TP - 00WM,Premium Conventional / E10,1499,65223,14728,0,-1,0,-1,-1,-1,0,-1,-1,0,w1,-1,0,-1,1499,65223,14728,-1,-1,-1,100,100,100,-1,-1,-1,-1,-1,w2,1,2015-08-13 00:00:00,-1,-1,-1,-1,-1,-1,-1,-1,-1,1499,65223,14728,1499,65223,14728,False,False,0,0,0,0,0
2015-08-08,2015-08-08 00:00:00,Exxon,PILOT TRAVEL CENTERS LLC 103637 WS,COLTON CA KM TP - 00WM,Premium Conventional / E10,1499,65223,14728,0,-1,0,-1,-1,-1,0,-1,-1,0,w1,-1,0,-1,1499,65223,14728,-1,-1,-1,100,100,100,-1,-1,-1,-1,-1,w2,1,2015-08-13 00:00:00,-1,-1,-1,-1,-1,-1,-1,-1,-1,1499,65223,14728,1499,65223,14728,False,False,0,0,0,0,0
2015-08-09,2015-08-09 00:00:00,Exxon,PILOT TRAVEL CENTERS LLC 103637 WS,COLTON CA KM TP - 00WM,Premium Conventional / E10,1499,65223,14728,0,-1,0,-1,-1,-1,0,-1,-1,0,w1,-1,0,-1,1499,65223,14728,-1,-1,-1,100,100,100,-1,-1,-1,-1,-1,w2,1,2015-08-13 00:00:00,-1,-1,-1,-1,-1,-1,-1,-1,-1,1499,65223,14728,1499,65223,14728,False,False,0,0,0,0,0
2015-08-10,2015-08-10 00:00:00,Exxon,PILOT TRAVEL CENTERS LLC 103637 WS,COLTON CA KM TP - 00WM,Premium Conventional / E10,1499,65223,14728,0,-1,0,-1,-1,-1,0,-1,-1,0,w1,-1,0,-1,1499,65223,14728,-1,-1,-1,100,100,100,-1,-1,-1,-1,-1,w2,1,2015-08-13 00:00:00,-1,-1,-1,-1,-1,-1,-1,-1,-1,1499,65223,14728,1499,65223,14728,False,False,0,0,0,0,0
2015-08-11,2015-08-11 00:00:00,Exxon,PILOT TRAVEL CENTERS LLC 103637 WS,COLTON CA KM TP - 00WM,Premium Conventional / E10,1499,65223,14728,0,-1,0,-1,-1,-1,0,-1,-1,0,w1,-1,0,-1,1499,65223,14728,-1,-1,-1,100,100,100,-1,-1,-1,-1,-1,w2,1,2015-08-13 00:00:00,-1,-1,-1,-1,-1,-1,-1,-1,-1,1499,65223,14728,1499,65223,14728,False,False,0,0,0,0,0
2015-08-12,2015-08-12 00:00:00,Exxon,PILOT TRAVEL CENTERS LLC 103637 WS,COLTON CA KM TP - 00WM,Premium Conventional / E10,1499,65223,14728,0,-1,0,-1,-1,-1,0,-1,-1,0,w1,-1,0,-1,1499,65223,14728,-1,-1,-1,100,100,100,-1,-1,-1,-1,-1,w2,1,2015-08-13 00:00:00,-1,-1,-1,-1,-1,-1,-1,-1,-1,1499,65223,14728,1499,65223,14728,False,False,0,0,0,0,0
2015-08-13,2015-08-13 00:00:00,Exxon,PILOT TRAVEL CENTERS LLC 103637 WS,COLTON CA KM TP - 00WM,Premium Conventional / E10,1499,65223,14728,0,-1,0,-1,-1,-1,0,-1,-1,0,w1,-1,0,-1,1499,65223,14728,-1,-1,-1,100,100,100,-1,-1,-1,-1,-1,w3,1,2015-08-20 00:00:00,-1,-1,-1,-1,-1,-1,-1,-1,-1,1499,65223,14728,1499,65223,14728,False,True,0,0,0,0,0
2015-08-14,2015-08-14 00:00:00,Exxon,PILOT TRAVEL CENTERS LLC 103637 WS,COLTON CA KM TP - 00WM,Premium Conventional / E10,1499,65223,14728,0,-1,0,-1,-1,-1,0,-1,-1,0,w1,-1,0,-1,1499,65223,14728,-1,-1,-1,100,100,100,-1,-1,-1,-1,-1,w3,1,2015-08-20 00:00:00,-1,-1,-1,-1,-1,-1,-1,-1,-1,1499,65223,14728,1499,65223,14728,False,False,0,0,0,0,0
2015-08-15,2015-08-15 00:00:00,Exxon,PILOT TRAVEL CENTERS LLC 103637 WS,COLTON CA KM TP - 00WM,Premium Conventional / E10,1499,65223,14728,0,-1,0,-1,-1,-1,0,-1,-1,0,w1,-1,0,-1,1499,65223,14728,-1,-1,-1,100,100,100,-1,-1,-1,-1,-1,w3,1,2015-08-20 00:00:00,-1,-1,-1,-1,-1,-1,-1,-1,-1,1499,65223,14728,1499,65223,14728,False,False,0,0,0,0,0
2015-08-16,2015-08-16 00:00:00,Exxon,PILOT TRAVEL CENTERS LLC 103637 WS,COLTON CA KM TP - 00WM,Premium Conventional / E10,1499,65223,14728,0,-1,0,-1,-1,-1,0,-1,-1,0,w1,-1,0,-1,1499,65223,14728,-1,-1,-1,100,100,100,-1,-1,-1,-1,-1,w3,1,2015-08-20 00:00:00,-1,-1,-1,-1,-1,-1,-1,-1,-1,1499,65223,14728,1499,65223,14728,False,False,0,0,0,0,0
2015-08-17,2015-08-17 00:00:00,Exxon,PILOT TRAVEL CENTERS LLC 103637 WS,COLTON CA KM TP - 00WM,Premium Conventional / E10,1499,65223,14728,0,-1,0,-1,-1,-1,0,-1,-1,0,w1,-1,0,-1,1499,65223,14728,-1,-1,-1,100,100,100,-1,-1,-1,-1,-1,w3,1,2015-08-20 00:00:00,-1,-1,-1,-1,-1,-1,-1,-1,-1,1499,65223,14728,1499,65223,14728,False,False,0,0,0,0,0
2015-08-18,2015-08-18 00:00:00,Exxon,PILOT TRAVEL CENTERS LLC 103637 WS,COLTON CA KM TP - 00WM,Premium Conventional / E10,2104,65223,14728,0,802,0,802,802,38121,0,38121,7610,0,w1,802,0,7610,2104,65223,14728,Available,Available,Available,100,100,100,Below Trend,On Track,Below Trend,08/19 00:00:00 PDT,09/01 00:00:00 PDT,w3,0,2015-08-20 00:00:00,Contract,Contract,Contract,2104,65223,14728,1871316,1871318,1871317,2104,65223,14728,2104,65223,14728,False,False,0,0,0,0,0
2015-08-19,2015-08-19 00:00:00,Exxon,PILOT TRAVEL CENTERS LLC 103637 WS,COLTON CA KM TP - 00WM,Premium Conventional / E10,2104,65223,14728,1,1000,0,1000,1000,39121,0,39121,8610,1,w1,1000,0,8610,2104,65223,14728,Available,Available,Available,100,100,100,Below Trend,On Track,Below Trend,08/20 00:00:00 PDT,09/01 00:00:00 PDT,w3,0,2015-08-20 00:00:00,Contract,Contract,Contract,2104,65223,14728,1903528,1903530,1903529,2104,65223,14728,2104,65223,14728,False,False,0,0,0,0,0
2015-08-20,2015-08-20 00:00:00,Exxon,PILOT TRAVEL CENTERS LLC 103637 WS,COLTON CA KM TP - 00WM,Premium Conventional / E10,2104,65223,14728,1,3113,0,3113,3113,42234,0,42234,3113,1,w2,3113,0,3113,2104,65223,14728,Out,Out,Out,100,100,100,Above Trend,On Track,Above Trend,08/21 00:00:00 PDT,09/01 00:00:00 PDT,w4,0,2015-08-27 00:00:00,Contract,Contract,Contract,2104,65223,14728,1946131,1946133,1946132,2104,65223,14728,2104,65223,14728,True,True,3113,0,0,0,0
2015-08-21,2015-08-21 00:00:00,Exxon,PILOT TRAVEL CENTERS LLC 103637 WS,COLTON CA KM TP - 00WM,Premium Conventional / E10,2104,65223,14728,1,2604,0,2604,2604,44838,0,44838,5717,1,w2,2604,0,5717,2104,65223,14728,Out,Out,Out,100,100,100,Above Trend,On Track,Above Trend,08/22 00:00:00 PDT,09/01 00:00:00 PDT,w4,0,2015-08-27 00:00:00,Contract,Contract,Contract,2104,65223,14728,1985388,1985390,1985389,2104,65223,14728,2104,65223,14728,True,True,5717,0,0,0,0
2015-08-22,2015-08-22 00:00:00,Exxon,PILOT TRAVEL CENTERS LLC 103637 WS,COLTON CA KM TP - 00WM,Premium Conventional / E10,2104,65223,14728,1,0,0,0,0,44838,0,44838,5717,1,w2,0,0,5717,2104,65223,14728,Available,Available,Available,100,100,100,Below Trend,On Track,On Track,08/23 00:00:00 PDT,09/01 00:00:00 PDT,w4,0,2015-08-27 00:00:00,Contract,Contract,Contract,2104,65223,14728,2022861,2022863,2022862,2104,65223,14728,2104,65223,14728,True,True,5717,0,0,0,0
2015-08-23,2015-08-23 00:00:00,Exxon,PILOT TRAVEL CENTERS LLC 103637 WS,COLTON CA KM TP - 00WM,Premium Conventional / E10,2104,65223,14728,1,2000,0,2000,2000,46838,0,46838,7717,1,w2,2000,0,7717,2104,65223,14728,Available,Available,Available,100,100,100,On Track,On Track,On Track,08/24 00:00:00 PDT,09/01 00:00:00 PDT,w4,0,2015-08-27 00:00:00,Contract,Contract,Contract,2104,65223,14728,2058896,2058898,2058897,2104,65223,14728,2104,65223,14728,True,True,7717,0,0,0,0
2015-08-24,2015-08-24 00:00:00,Exxon,PILOT TRAVEL CENTERS LLC 103637 WS,COLTON CA KM TP - 00WM,Premium Conventional / E10,2104,65223,14728,1,4309,0,4309,4309,51147,0,51147,12026,1,w2,4309,0,12026,2104,65223,14728,Out,Out,Out,100,100,100,Above Trend,On Track,On Track,08/25 00:00:00 PDT,09/01 00:00:00 PDT,w4,0,2015-08-27 00:00:00,Contract,Contract,Contract,2104,65223,14728,2096943,2096945,2096944,2104,65223,14728,2104,65223,14728,True,True,12026,0,0,0,0
2015-08-25,2015-08-25 00:00:00,Exxon,PILOT TRAVEL CENTERS LLC 103637 WS,COLTON CA KM TP - 00WM,Premium Conventional / E10,2104,65223,14728,1,2000,0,2000,2000,53147,0,53147,14026,1,w2,2000,0,14026,2104,65223,14728,Available,Available,Available,100,100,100,On Track,On Track,On Track,08/26 00:00:00 PDT,09/01 00:00:00 PDT,w4,0,2015-08-27 00:00:00,Contract,Contract,Contract,2104,65223,14728,2127941,2127943,2127942,2104,65223,14728,2104,65223,14728,True,True,14026,0,0,0,0
2015-08-26,2015-08-26 00:00:00,Exxon,PILOT TRAVEL CENTERS LLC 103637 WS,COLTON CA KM TP - 00WM,Premium Conventional / E10,2104,65223,14728,1,1006,0,1006,1006,54153,0,54153,15032,1,w2,1006,0,15032,2104,65223,14728,Out,Out,Out,100,100,100,Below Trend,On Track,On Track,08/27 00:00:00 PDT,09/01 00:00:00 PDT,w4,0,2015-08-27 00:00:00,Contract,Contract,Contract,2104,65223,14728,2155529,2155531,2155530,2104,65223,14728,2104,65223,14728,True,True,15032,0,0,0,0
2015-08-27,2015-08-27 00:00:00,Exxon,PILOT TRAVEL CENTERS LLC 103637 WS,COLTON CA KM TP - 00WM,Premium Conventional / E10,2104,65223,14728,1,2200,0,2200,2200,56353,0,56353,2200,1,w3,2200,0,2200,2104,65223,14728,Out,Out,Out,100,100,100,On Track,On Track,On Track,08/28 00:00:00 PDT,09/01 00:00:00 PDT,w5,0,2015-09-03 00:00:00,Contract,Contract,Contract,2104,65223,14728,2182738,2182740,2182739,2104,65223,14728,2104,65223,14728,True,True,2200,0,0,0,0
2015-08-28,2015-08-28 00:00:00,Exxon,PILOT TRAVEL CENTERS LLC 103637 WS,COLTON CA KM TP - 00WM,Premium Conventional / E10,2104,65223,14728,1,0,0,0,0,56353,0,56353,2200,1,w3,0,0,2200,2104,65223,14728,Available,Available,Available,100,100,100,Below Trend,On Track,On Track,08/29 00:00:00 PDT,09/01 00:00:00 PDT,w5,0,2015-09-03 00:00:00,Contract,Contract,Contract,2104,65223,14728,2190862,2190864,2190863,2104,65223,14728,2104,65223,14728,True,True,2200,0,0,0,0
2015-08-29,2015-08-29 00:00:00,Exxon,PILOT TRAVEL CENTERS LLC 103637 WS,COLTON CA KM TP - 00WM,Premium Conventional / E10,2104,65223,14728,1,1000,1,1000,0,57353,0,57353,3200,1,w3,0,0,3200,2104,65223,14728,Available,Available,Available,100,100,100,Below Trend,On Track,Below Trend,08/30 00:00:00 PDT,09/01 00:00:00 PDT,w5,0,2015-09-03 00:00:00,Contract,Contract,Contract,2104,65223,14728,2240412,2240414,2240413,2104,65223,14728,2104,65223,14728,True,True,3200,0,0,0,0
2015-08-30,2015-08-30 00:00:00,Exxon,PILOT TRAVEL CENTERS LLC 103637 WS,COLTON CA KM TP - 00WM,Premium Conventional / E10,2104,65223,14728,1,0,0,0,0,57353,0,57353,3200,1,w3,0,0,3200,2104,65223,14728,Available,Available,Available,100,100,100,Below Trend,On Track,Below Trend,08/31 00:00:00 PDT,09/01 00:00:00 PDT,w5,0,2015-09-03 00:00:00,Contract,Contract,Contract,1499,44959,10491,2248381,2248383,2248382,2104,65223,14728,2104,65223,14728,True,True,3200,0,0,0,0
2015-08-31,2015-08-31 00:00:00,Exxon,PILOT TRAVEL CENTERS LLC 103637 WS,COLTON CA KM TP - 00WM,Premium Conventional / E10,1499,65223,14728,1,2200,0,2200,2200,59553,0,59553,5400,1,w3,2200,0,5400,1499,65223,14728,Out,Out,Out,100,100,100,Above Trend,On Track,Below Trend,09/01 00:00:00 PDT,09/01 00:00:00 PDT,w5,0,2015-09-03 00:00:00,Contract,Contract,Contract,1499,44959,10491,2292717,2292719,2292718,1499,65223,14728,1499,65223,14728,True,True,5400,0,0,0,0
