,date,supplier_name,account_type,supplier_terminal_name,product_name,base_gallons_Daily,base_gallons_Monthly,base_gallons_Weekly,lifted_gallons_daily_flag,lifted_gallons_daily_modified,Modified_WeeksByLiftedGallons,lifted_gallons_modified_WeeksByLiftedGallons,lifted_gallons_Daily,Lifted_actual_monthly,lifted_gallons_monthly_flag,lifted_gallons_Monthly,Lifted_actual_weekly,lifted_gallons_weekly_flag,WeeksByLiftedGallons,lifted_gallonsWeekly_modified_aposteriori,Modified_LiftedGallonsaposteriori,lifted_gallons_Weekly,beginning_gallons_Daily,beginning_gallons_Monthly,beginning_gallons_Weekly,en_allocation_status_Daily,en_allocation_status_Monthly,en_allocation_status_Weekly,percentage_allocation_Daily,percentage_allocation_Monthly,percentage_allocation_Weekly,alerts_ratability_Daily,alerts_ratability_Monthly,alerts_ratability_Weekly,next_refresh_date_Daily,next_refresh_date_Monthly,Week_switch,Modified_NRD,next_refresh_date_Weekly,en_account_type_Daily,en_account_type_Monthly,en_account_type_Weekly,next_refresh_base_gallons_Daily,next_refresh_base_gallons_Monthly,next_refresh_base_gallons_Weekly,staging_id_Daily,staging_id_Monthly,staging_id_Weekly,base_gallons_Daily_Reconciled,base_gallons_Monthly_Reconciled,base_gallons_Weekly_Reconciled,beginning_gallons_Daily_Reconciled,beginning_gallons_Monthly_Reconciled,beginning_gallons_Weekly_Reconciled,sanityWeekly_CumulativeDaily_WeeksByLiftedGallons,sanityWeekly_CumulativeDaily_NextRefreshDate,computedWeekly,computedMonthly,sanityComputedMonthly,sanityMonthly_CumulativeDaily_WeeksByLiftedGallons,sanityMonthly_CumulativeDaily_WeeksByNextRefreshDate
2015-08-01,2015-08-01 00:00:00,Exxon,PILOT TRAVEL CENTERS LLC 103637 WS,HAMMOND IN (MOC) - 00DH,Reg RFG,43422,-1,303957,0,-1,0,-1,-1,-1,0,-1,-1,0,w1,-1,0,-1,65133,-1,425540,-1,-1,-1,100,100,100,-1,-1,-1,-1,-1,w1,1,2015-08-06 00:00:00,-1,-1,-1,-1,-1,-1,-1,-1,-1,65133,-1,425540,43422,-1,303957,True,True,0,0,0,1,1
2015-08-02,2015-08-02 00:00:00,Exxon,PILOT TRAVEL CENTERS LLC 103637 WS,HAMMOND IN (MOC) - 00DH,Reg RFG,43422,-1,303957,0,-1,0,-1,-1,-1,0,-1,-1,0,w1,-1,0,-1,65133,-1,425540,-1,-1,-1,100,100,100,-1,-1,-1,-1,-1,w1,1,2015-08-06 00:00:00,-1,-1,-1,-1,-1,-1,-1,-1,-1,65133,-1,425540,43422,-1,303957,False,False,0,0,0,0,0
2015-08-03,2015-08-03 00:00:00,Exxon,PILOT TRAVEL CENTERS LLC 103637 WS,HAMMOND IN (MOC) - 00DH,Reg RFG,43422,-1,303957,0,-1,0,-1,-1,-1,0,-1,-1,0,w1,-1,0,-1,65133,-1,425540,-1,-1,-1,100,100,100,-1,-1,-1,-1,-1,w1,1,2015-08-06 00:00:00,-1,-1,-1,-1,-1,-1,-1,-1,-1,65133,-1,425540,43422,-1,303957,False,False,0,0,0,0,0
2015-08-04,2015-08-04 00:00:00,Exxon,PILOT TRAVEL CENTERS LLC 103637 WS,HAMMOND IN (MOC) - 00DH,Reg RFG,43422,-1,303957,0,-1,0,-1,-1,-1,0,-1,-1,0,w1,-1,0,-1,65133,-1,425540,-1,-1,-1,100,100,100,-1,-1,-1,-1,-1,w1,1,2015-08-06 00:00:00,-1,-1,-1,-1,-1,-1,-1,-1,-1,65133,-1,425540,43422,-1,303957,False,False,0,0,0,0,0
2015-08-05,2015-08-05 00:00:00,Exxon,PILOT TRAVEL CENTERS LLC 103637 WS,HAMMOND IN (MOC) - 00DH,Reg RFG,43422,-1,303957,0,-1,0,-1,-1,-1,0,-1,-1,0,w1,-1,0,-1,65133,-1,425540,-1,-1,-1,100,100,100,-1,-1,-1,-1,-1,w1,1,2015-08-06 00:00:00,-1,-1,-1,-1,-1,-1,-1,-1,-1,65133,-1,425540,43422,-1,303957,False,False,0,0,0,0,0
2015-08-06,2015-08-06 00:00:00,Exxon,PILOT TRAVEL CENTERS LLC 103637 WS,HAMMOND IN (MOC) - 00DH,Reg RFG,43422,-1,303957,0,-1,0,-1,-1,-1,0,-1,-1,0,w1,-1,0,-1,65133,-1,425540,-1,-1,-1,100,100,100,-1,-1,-1,-1,-1,w2,1,2015-08-13 00:00:00,-1,-1,-1,-1,-1,-1,-1,-1,-1,65133,-1,425540,43422,-1,303957,False,True,0,0,0,0,0
2015-08-07,2015-08-07 00:00:00,Exxon,PILOT TRAVEL CENTERS LLC 103637 WS,HAMMOND IN (MOC) - 00DH,Reg RFG,43422,-1,303957,0,-1,0,-1,-1,-1,0,-1,-1,0,w1,-1,0,-1,65133,-1,425540,-1,-1,-1,100,100,100,-1,-1,-1,-1,-1,w2,1,2015-08-13 00:00:00,-1,-1,-1,-1,-1,-1,-1,-1,-1,65133,-1,425540,43422,-1,303957,False,False,0,0,0,0,0
2015-08-08,2015-08-08 00:00:00,Exxon,PILOT TRAVEL CENTERS LLC 103637 WS,HAMMOND IN (MOC) - 00DH,Reg RFG,43422,-1,303957,0,-1,0,-1,-1,-1,0,-1,-1,0,w1,-1,0,-1,65133,-1,425540,-1,-1,-1,100,100,100,-1,-1,-1,-1,-1,w2,1,2015-08-13 00:00:00,-1,-1,-1,-1,-1,-1,-1,-1,-1,65133,-1,425540,43422,-1,303957,False,False,0,0,0,0,0
2015-08-09,2015-08-09 00:00:00,Exxon,PILOT TRAVEL CENTERS LLC 103637 WS,HAMMOND IN (MOC) - 00DH,Reg RFG,43422,-1,303957,0,-1,0,-1,-1,-1,0,-1,-1,0,w1,-1,0,-1,65133,-1,425540,-1,-1,-1,100,100,100,-1,-1,-1,-1,-1,w2,1,2015-08-13 00:00:00,-1,-1,-1,-1,-1,-1,-1,-1,-1,65133,-1,425540,43422,-1,303957,False,False,0,0,0,0,0
2015-08-10,2015-08-10 00:00:00,Exxon,PILOT TRAVEL CENTERS LLC 103637 WS,HAMMOND IN (MOC) - 00DH,Reg RFG,43422,-1,303957,0,-1,0,-1,-1,-1,0,-1,-1,0,w1,-1,0,-1,65133,-1,425540,-1,-1,-1,100,100,100,-1,-1,-1,-1,-1,w2,1,2015-08-13 00:00:00,-1,-1,-1,-1,-1,-1,-1,-1,-1,65133,-1,425540,43422,-1,303957,False,False,0,0,0,0,0
2015-08-11,2015-08-11 00:00:00,Exxon,PILOT TRAVEL CENTERS LLC 103637 WS,HAMMOND IN (MOC) - 00DH,Reg RFG,43422,-1,303957,0,-1,0,-1,-1,-1,0,-1,-1,0,w1,-1,0,-1,65133,-1,425540,-1,-1,-1,100,100,100,-1,-1,-1,-1,-1,w2,1,2015-08-13 00:00:00,-1,-1,-1,-1,-1,-1,-1,-1,-1,65133,-1,425540,43422,-1,303957,False,False,0,0,0,0,0
2015-08-12,2015-08-12 00:00:00,Exxon,PILOT TRAVEL CENTERS LLC 103637 WS,HAMMOND IN (MOC) - 00DH,Reg RFG,43422,-1,303957,0,-1,0,-1,-1,-1,0,-1,-1,0,w1,-1,0,-1,65133,-1,425540,-1,-1,-1,100,100,100,-1,-1,-1,-1,-1,w2,1,2015-08-13 00:00:00,-1,-1,-1,-1,-1,-1,-1,-1,-1,65133,-1,425540,43422,-1,303957,False,False,0,0,0,0,0
2015-08-13,2015-08-13 00:00:00,Exxon,PILOT TRAVEL CENTERS LLC 103637 WS,HAMMOND IN (MOC) - 00DH,Reg RFG,43422,-1,303957,0,-1,0,-1,-1,-1,0,-1,-1,0,w1,-1,0,-1,65133,-1,425540,-1,-1,-1,100,100,100,-1,-1,-1,-1,-1,w3,1,2015-08-20 00:00:00,-1,-1,-1,-1,-1,-1,-1,-1,-1,65133,-1,425540,43422,-1,303957,False,True,0,0,0,0,0
2015-08-14,2015-08-14 00:00:00,Exxon,PILOT TRAVEL CENTERS LLC 103637 WS,HAMMOND IN (MOC) - 00DH,Reg RFG,43422,-1,303957,0,-1,0,-1,-1,-1,0,-1,-1,0,w1,-1,0,-1,65133,-1,425540,-1,-1,-1,100,100,100,-1,-1,-1,-1,-1,w3,1,2015-08-20 00:00:00,-1,-1,-1,-1,-1,-1,-1,-1,-1,65133,-1,425540,43422,-1,303957,False,False,0,0,0,0,0
2015-08-15,2015-08-15 00:00:00,Exxon,PILOT TRAVEL CENTERS LLC 103637 WS,HAMMOND IN (MOC) - 00DH,Reg RFG,43422,-1,303957,0,-1,0,-1,-1,-1,0,-1,-1,0,w1,-1,0,-1,65133,-1,425540,-1,-1,-1,100,100,100,-1,-1,-1,-1,-1,w3,1,2015-08-20 00:00:00,-1,-1,-1,-1,-1,-1,-1,-1,-1,65133,-1,425540,43422,-1,303957,False,False,0,0,0,0,0
2015-08-16,2015-08-16 00:00:00,Exxon,PILOT TRAVEL CENTERS LLC 103637 WS,HAMMOND IN (MOC) - 00DH,Reg RFG,43422,-1,303957,0,-1,0,-1,-1,-1,0,-1,-1,0,w1,-1,0,-1,65133,-1,425540,-1,-1,-1,100,100,100,-1,-1,-1,-1,-1,w3,1,2015-08-20 00:00:00,-1,-1,-1,-1,-1,-1,-1,-1,-1,65133,-1,425540,43422,-1,303957,False,False,0,0,0,0,0
2015-08-17,2015-08-17 00:00:00,Exxon,PILOT TRAVEL CENTERS LLC 103637 WS,HAMMOND IN (MOC) - 00DH,Reg RFG,43422,-1,303957,0,-1,0,-1,-1,-1,0,-1,-1,0,w1,-1,0,-1,65133,-1,425540,-1,-1,-1,100,100,100,-1,-1,-1,-1,-1,w3,1,2015-08-20 00:00:00,-1,-1,-1,-1,-1,-1,-1,-1,-1,65133,-1,425540,43422,-1,303957,False,False,0,0,0,0,0
2015-08-18,2015-08-18 00:00:00,Exxon,PILOT TRAVEL CENTERS LLC 103637 WS,HAMMOND IN (MOC) - 00DH,Reg RFG,43422,-1,303957,0,40103,0,40103,40103,-1,0,-1,266061,0,w1,40103,0,266061,65133,-1,425540,Available,-1,Available,150,100,140,Below Trend,-1,Below Trend,08/19 00:00:00 EDT,-1,w3,0,2015-08-20 00:00:00,Contract,-1,Contract,43422,-1,303957,1871327,-1,1871328,43422,-1,303957,65133,-1,425540,False,False,0,0,0,0,0
2015-08-19,2015-08-19 00:00:00,Exxon,PILOT TRAVEL CENTERS LLC 103637 WS,HAMMOND IN (MOC) - 00DH,Reg RFG,43422,-1,303957,0,30606,0,30606,30606,-1,0,-1,296667,0,w1,30606,0,296667,65133,-1,425540,Available,-1,Available,150,100,140,Below Trend,-1,Below Trend,08/20 00:00:00 EDT,-1,w3,0,2015-08-20 00:00:00,Contract,-1,Contract,43422,-1,303957,1903539,-1,1903540,43422,-1,303957,65133,-1,425540,False,False,0,0,0,0,0
2015-08-20,2015-08-20 00:00:00,Exxon,PILOT TRAVEL CENTERS LLC 103637 WS,HAMMOND IN (MOC) - 00DH,Reg RFG,43422,-1,303957,0,45205,0,45205,45205,-1,0,-1,45205,0,w2,45205,0,45205,65133,-1,425540,Available,-1,Available,150,100,140,Below Trend,-1,Below Trend,08/21 00:00:00 EDT,-1,w4,0,2015-08-27 00:00:00,Contract,-1,Contract,43422,-1,303957,1946142,-1,1946143,43422,-1,303957,65133,-1,425540,True,True,45205,0,0,0,0
2015-08-21,2015-08-21 00:00:00,Exxon,PILOT TRAVEL CENTERS LLC 103637 WS,HAMMOND IN (MOC) - 00DH,Reg RFG,43422,-1,303957,0,60311,0,60311,60311,-1,0,-1,105516,0,w2,60311,0,105516,65133,-1,425540,Available,-1,Available,150,100,140,On Track,-1,On Track,08/22 00:00:00 EDT,-1,w4,0,2015-08-27 00:00:00,Contract,-1,Contract,43422,-1,303957,1985399,-1,1985400,43422,-1,303957,65133,-1,425540,True,True,105516,0,0,0,0
2015-08-22,2015-08-22 00:00:00,Exxon,PILOT TRAVEL CENTERS LLC 103637 WS,HAMMOND IN (MOC) - 00DH,Reg RFG,43422,-1,303957,0,58101,0,58101,58101,-1,0,-1,163617,0,w2,58101,0,163617,65133,-1,425540,Available,-1,Available,150,100,140,On Track,-1,On Track,08/23 00:00:00 EDT,-1,w4,0,2015-08-27 00:00:00,Contract,-1,Contract,43422,-1,303957,2022872,-1,2022873,43422,-1,303957,65133,-1,425540,True,True,163617,0,0,0,0
2015-08-23,2015-08-23 00:00:00,Exxon,PILOT TRAVEL CENTERS LLC 103637 WS,HAMMOND IN (MOC) - 00DH,Reg RFG,43422,-1,303957,0,47314,0,47314,47314,-1,0,-1,210931,0,w2,47314,0,210931,65133,-1,425540,Available,-1,Available,150,100,140,Below Trend,-1,On Track,08/24 00:00:00 EDT,-1,w4,0,2015-08-27 00:00:00,Contract,-1,Contract,43422,-1,303957,2058907,-1,2058908,43422,-1,303957,65133,-1,425540,True,True,210931,0,0,0,0
2015-08-24,2015-08-24 00:00:00,Exxon,PILOT TRAVEL CENTERS LLC 103637 WS,HAMMOND IN (MOC) - 00DH,Reg RFG,43422,-1,303957,0,41100,0,41100,41100,-1,0,-1,252031,0,w2,41100,0,252031,65133,-1,425540,Available,-1,Available,150,100,140,Below Trend,-1,On Track,08/25 00:00:00 EDT,-1,w4,0,2015-08-27 00:00:00,Contract,-1,Contract,43422,-1,303957,2096954,-1,2096955,43422,-1,303957,65133,-1,425540,True,True,252031,0,0,0,0
2015-08-25,2015-08-25 00:00:00,Exxon,PILOT TRAVEL CENTERS LLC 103637 WS,HAMMOND IN (MOC) - 00DH,Reg RFG,43422,-1,303957,0,43509,0,43509,43509,-1,0,-1,295540,0,w2,43509,0,295540,65133,-1,425540,Available,-1,Available,150,100,140,Below Trend,-1,On Track,08/26 00:00:00 EDT,-1,w4,0,2015-08-27 00:00:00,Contract,-1,Contract,43422,-1,303957,2127952,-1,2127953,43422,-1,303957,65133,-1,425540,True,True,295540,0,0,0,0
2015-08-26,2015-08-26 00:00:00,Exxon,PILOT TRAVEL CENTERS LLC 103637 WS,HAMMOND IN (MOC) - 00DH,Reg RFG,43422,-1,303957,0,27900,0,27900,27900,-1,0,-1,323440,0,w2,27900,0,323440,65133,-1,425540,Available,-1,Available,150,100,140,Below Trend,-1,Below Trend,08/27 00:00:00 EDT,-1,w4,0,2015-08-27 00:00:00,Contract,-1,Contract,43422,-1,303957,2155541,-1,2155542,43422,-1,303957,65133,-1,425540,True,True,323440,0,0,0,0
2015-08-27,2015-08-27 00:00:00,Exxon,PILOT TRAVEL CENTERS LLC 103637 WS,HAMMOND IN (MOC) - 00DH,Reg RFG,43422,-1,303957,0,41207,0,41207,41207,-1,0,-1,41207,0,w3,41207,0,41207,65133,-1,425540,Available,-1,Available,150,100,140,Below Trend,-1,Below Trend,08/28 00:00:00 EDT,-1,w5,0,2015-09-03 00:00:00,Contract,-1,Contract,43422,-1,303957,2182750,-1,2182751,43422,-1,303957,65133,-1,425540,True,True,41207,0,0,0,0
2015-08-28,2015-08-28 00:00:00,Exxon,PILOT TRAVEL CENTERS LLC 103637 WS,HAMMOND IN (MOC) - 00DH,Reg RFG,43422,-1,303957,0,14900,0,14900,14900,-1,0,-1,56107,0,w3,14900,0,56107,65133,-1,425540,Available,-1,Available,150,100,140,Below Trend,-1,Below Trend,08/29 00:00:00 EDT,-1,w5,0,2015-09-03 00:00:00,Contract,-1,Contract,43422,-1,303957,2190874,-1,2190875,43422,-1,303957,65133,-1,425540,True,True,56107,0,0,0,0
2015-08-29,2015-08-29 00:00:00,Exxon,PILOT TRAVEL CENTERS LLC 103637 WS,HAMMOND IN (MOC) - 00DH,Reg RFG,43422,-1,303957,3,56313,1,56313,40611,-1,0,-1,112420,0,w3,40611,0,112420,65133,-1,425540,Available,-1,Available,150,100,140,Below Trend,-1,Below Trend,08/30 00:00:00 EDT,-1,w5,0,2015-09-03 00:00:00,Contract,-1,Contract,43422,-1,303957,2240424,-1,2240425,43422,-1,303957,65133,-1,425540,True,True,112420,0,0,0,0
2015-08-30,2015-08-30 00:00:00,Exxon,PILOT TRAVEL CENTERS LLC 103637 WS,HAMMOND IN (MOC) - 00DH,Reg RFG,43422,-1,303957,0,25726,0,25726,25726,-1,0,-1,138146,0,w3,25726,0,138146,65133,-1,425540,Available,-1,Available,150,100,140,On Track,-1,Below Trend,08/31 00:00:00 EDT,-1,w5,0,2015-09-03 00:00:00,Contract,-1,Contract,51847,-1,362927,2248393,-1,2248394,43422,-1,303957,65133,-1,425540,True,True,138146,0,0,0,0
2015-08-31,2015-08-31 00:00:00,Exxon,PILOT TRAVEL CENTERS LLC 103637 WS,HAMMOND IN (MOC) - 00DH,Reg RFG,51847,-1,303957,3,62033,1,62033,45631,-1,0,-1,200179,0,w3,45631,0,200179,77771,-1,425540,Available,-1,Available,150,100,140,Below Trend,-1,Below Trend,09/01 00:00:00 EDT,-1,w5,0,2015-09-03 00:00:00,Contract,-1,Contract,51847,-1,362927,2292729,-1,2292730,51847,-1,303957,77771,-1,425540,True,True,200179,0,0,0,0
