,date,supplier_name,account_type,supplier_terminal_name,product_name,base_gallons_Daily,base_gallons_Monthly,base_gallons_Weekly,lifted_gallons_daily_flag,lifted_gallons_daily_modified,Modified_WeeksByLiftedGallons,lifted_gallons_modified_WeeksByLiftedGallons,lifted_gallons_Daily,Lifted_actual_monthly,lifted_gallons_monthly_flag,lifted_gallons_Monthly,Lifted_actual_weekly,lifted_gallons_weekly_flag,WeeksByLiftedGallons,lifted_gallonsWeekly_modified_aposteriori,Modified_LiftedGallonsaposteriori,lifted_gallons_Weekly,beginning_gallons_Daily,beginning_gallons_Monthly,beginning_gallons_Weekly,en_allocation_status_Daily,en_allocation_status_Monthly,en_allocation_status_Weekly,percentage_allocation_Daily,percentage_allocation_Monthly,percentage_allocation_Weekly,alerts_ratability_Daily,alerts_ratability_Monthly,alerts_ratability_Weekly,next_refresh_date_Daily,next_refresh_date_Monthly,Week_switch,Modified_NRD,next_refresh_date_Weekly,en_account_type_Daily,en_account_type_Monthly,en_account_type_Weekly,NRB_Daily,next_refresh_base_gallons_Daily,NRB_Monthly,next_refresh_base_gallons_Monthly,next_refresh_base_gallons_Weekly,remaining_gallons_Daily,remaining_gallons_Monthly,remaining_gallons_Weekly,additional_gallons_allowed_Daily,additional_gallons_allowed_Monthly,additional_gallons_allowed_Weekly,additional_gallons_remaining_Daily,additional_gallons_remaining_Monthly,additional_gallons_remaining_Weekly,staging_id_Daily,staging_id_Monthly,staging_id_Weekly,base_gallons_Daily_Reconciled,base_gallons_Monthly_Reconciled,base_gallons_Weekly_Reconciled,beginning_gallons_Daily_Reconciled,beginning_gallons_Monthly_Reconciled,beginning_gallons_Weekly_Reconciled,sanityWeekly_CumulativeDaily_WeeksByLiftedGallons,sanityWeekly_CumulativeDaily_NextRefreshDate,computedWeekly,sanityComputedWeekly,computedMonthly,sanityComputedMonthly,remaining_gallons_Daily_Reconciled,remaining_gallons_Monthly_Reconciled,remaining_gallons_Weekly_Reconciled,additional_gallons_remaining_Daily_Reconciled,additional_gallons_remaining_Monthly_Reconciled,additional_gallons_remaining_Weekly_Reconciled,sanityMonthly_CumulativeDaily_WeeksByLiftedGallons,sanityMonthly_CumulativeDaily_WeeksByNextRefreshDate
2015-06-01,2015-06-01 00:00:00,Exxon,PILOT TRAVEL CENTERS LLC 103637 IW,DES PLAINES IL (MOC) - 00BN,ULSD,12343,370304,86404,0,-1,0,-1,-1,-1,0,-1,-1,0,w1,-1,0,-1,18515,3699337,120966,-1,-1,-1,100,100,100,-1,-1,-1,-1,-1,w1,1,2015-06-04 00:00:00,-1,-1,-1,12343,-1,370304,-1,-1,-1,-1,-1,-1,-1,-1,-1,-1,-1,-1,-1,-1,18515,3699337,120966,12343,370304,86404,True,True,0,0,0,0,18516,3699338,120967,-1,-1,-1,1,1
2015-06-02,2015-06-02 00:00:00,Exxon,PILOT TRAVEL CENTERS LLC 103637 IW,DES PLAINES IL (MOC) - 00BN,ULSD,12343,-1,86404,3,29807,0,7450,7450,-1,0,-1,96665,0,w1,7450,0,96665,18515,-1,120966,Available,-1,Available,150,100,140,Above Trend,-1,On Track,06/03 00:00:00 CDT,-1,w1,0,2015-06-04 00:00:00,Contract,-1,Contract,12343,12343,370304,-1,86404,11065,-1,24301,0,-1,0,0,-1,0,265,-1,266,12343,-1,86404,18515,-1,120966,False,False,0,0,0,0,-11292,-1,24301,-1,-1,-1,0,0
2015-06-03,2015-06-03 00:00:00,Exxon,PILOT TRAVEL CENTERS LLC 103637 IW,DES PLAINES IL (MOC) - 00BN,ULSD,12343,-1,86404,0,7450,1,29807,7450,-1,0,-1,126472,0,w1,7450,0,126472,18515,-1,120966,Available,-1,Available,150,100,140,Above Trend,-1,On Track,06/04 00:00:00 CDT,-1,w1,0,2015-06-04 00:00:00,Contract,-1,Contract,12343,12343,370304,-1,86404,11065,-1,1945,0,-1,7451,0,-1,0,5978,-1,5979,12343,-1,86404,18515,-1,120966,False,False,0,0,0,0,11065,-1,-5506,-1,-1,7451,0,0
2015-06-04,2015-06-04 00:00:00,Exxon,PILOT TRAVEL CENTERS LLC 103637 IW,DES PLAINES IL (MOC) - 00BN,ULSD,12343,-1,86404,3,29814,0,7458,7458,-1,0,-1,7458,0,w2,7458,0,7458,18515,-1,120966,Available,-1,Available,150,100,140,Above Trend,-1,Above Trend,06/05 00:00:00 CDT,-1,w2,0,2015-06-11 00:00:00,Contract,-1,Contract,12343,12343,370304,-1,86404,11057,-1,113508,0,-1,0,0,-1,0,8691,-1,8692,12343,-1,86404,18515,-1,120966,True,False,0,0,0,0,-11299,-1,113508,-1,-1,-1,0,0
2015-06-05,2015-06-05 00:00:00,Exxon,PILOT TRAVEL CENTERS LLC 103637 IW,DES PLAINES IL (MOC) - 00BN,ULSD,12343,-1,86404,0,0,1,22356,0,-1,0,-1,29814,0,w2,0,0,29814,18515,-1,120966,Available,-1,Available,150,100,140,Below Trend,-1,Above Trend,06/06 00:00:00 CDT,-1,w2,0,2015-06-11 00:00:00,Contract,-1,Contract,12343,12343,370304,-1,86404,18515,-1,98602,0,-1,7450,0,-1,0,12586,-1,12587,12343,-1,86404,18515,-1,120966,True,True,0,0,0,0,18515,-1,91152,-1,-1,-1,0,0
2015-06-06,2015-06-06 00:00:00,Exxon,PILOT TRAVEL CENTERS LLC 103637 IW,DES PLAINES IL (MOC) - 00BN,ULSD,12343,370304,86404,0,-1,0,-1,-1,-1,0,-1,-1,0,w3,-1,0,-1,18515,3699337,120966,-1,-1,-1,100,100,100,-1,-1,-1,-1,-1,w2,1,2015-06-11 00:00:00,-1,-1,-1,12343,-1,370304,-1,-1,-1,-1,-1,-1,-1,-1,-1,-1,-1,-1,-1,-1,18515,3699337,120966,12343,370304,86404,True,False,0,0,0,0,18516,3699338,120967,-1,-1,-1,0,0
2015-06-07,2015-06-07 00:00:00,Exxon,PILOT TRAVEL CENTERS LLC 103637 IW,DES PLAINES IL (MOC) - 00BN,ULSD,12343,370304,86404,0,-1,0,-1,-1,-1,0,-1,-1,0,w3,-1,0,-1,18515,3699337,120966,-1,-1,-1,100,100,100,-1,-1,-1,-1,-1,w2,1,2015-06-11 00:00:00,-1,-1,-1,12343,-1,370304,-1,-1,-1,-1,-1,-1,-1,-1,-1,-1,-1,-1,-1,-1,18515,3699337,120966,12343,370304,86404,False,False,0,0,0,0,18516,3699338,120967,-1,-1,-1,0,0
2015-06-08,2015-06-08 00:00:00,Exxon,PILOT TRAVEL CENTERS LLC 103637 IW,DES PLAINES IL (MOC) - 00BN,ULSD,12343,-1,86404,3,22370,0,0,0,-1,0,-1,67016,0,w3,0,0,67016,18515,-1,120966,Available,-1,Available,150,100,140,Below Trend,-1,On Track,06/08 00:00:00 CDT,-1,w2,0,2015-06-11 00:00:00,Contract,-1,Contract,12343,12343,370304,-1,86404,18515,-1,68850,0,-1,14900,0,-1,0,15203,-1,15204,12343,-1,86404,18515,-1,120966,False,False,0,0,0,0,-3855,-1,53950,-1,-1,-1,0,0
2015-06-09,2015-06-09 00:00:00,Exxon,PILOT TRAVEL CENTERS LLC 103637 IW,DES PLAINES IL (MOC) - 00BN,ULSD,12343,-1,86404,3,22307,1,29821,7451,-1,0,-1,96837,0,w3,7451,0,96837,18515,-1,120966,Available,-1,Available,150,100,140,Above Trend,-1,On Track,06/10 00:00:00 CDT,-1,w2,0,2015-06-11 00:00:00,Contract,-1,Contract,12343,12343,370304,-1,86404,11064,-1,39029,0,-1,14900,0,-1,0,17945,-1,17946,12343,-1,86404,18515,-1,120966,False,False,0,0,0,0,-3792,-1,24129,-1,-1,-1,0,0
2015-06-10,2015-06-10 00:00:00,Exxon,PILOT TRAVEL CENTERS LLC 103637 IW,DES PLAINES IL (MOC) - 00BN,ULSD,12343,-1,86404,0,0,1,14856,0,-1,0,-1,111693,0,w3,0,0,111693,18515,-1,120966,Available,-1,Available,150,100,140,Below Trend,-1,On Track,06/11 00:00:00 CDT,-1,w2,0,2015-06-11 00:00:00,Contract,-1,Contract,12343,12343,370304,-1,86404,18515,-1,24173,0,-1,14900,0,-1,0,20816,-1,20817,12343,-1,86404,18515,-1,120966,False,False,0,0,0,0,18515,-1,9273,-1,-1,-1,0,0
2015-06-11,2015-06-11 00:00:00,Exxon,PILOT TRAVEL CENTERS LLC 103637 IW,DES PLAINES IL (MOC) - 00BN,ULSD,12343,370304,86404,0,-1,0,-1,-1,215971,0,215971,-1,0,w4,-1,0,-1,18515,3699337,120966,-1,Available,-1,100,999,100,-1,Below Trend,-1,-1,07/01 00:00:00 CDT,w3,1,2015-06-18 00:00:00,-1,Contract,-1,12343,-1,370304,370304,-1,-1,3513167,-1,-1,29801,-1,-1,0,-1,-1,22283,-1,18515,370304,120966,12343,3699337,86404,True,True,0,0,0,0,18516,3483366,120967,-1,-1,-1,0,0
2015-06-12,2015-06-12 00:00:00,Exxon,PILOT TRAVEL CENTERS LLC 103637 IW,DES PLAINES IL (MOC) - 00BN,ULSD,12343,370304,86404,0,-1,0,-1,-1,-1,0,-1,-1,0,w4,-1,0,-1,18515,3699337,120966,-1,-1,-1,100,100,100,-1,-1,-1,-1,-1,w3,1,2015-06-18 00:00:00,-1,-1,-1,12343,-1,370304,-1,-1,-1,-1,-1,-1,-1,-1,-1,-1,-1,-1,-1,-1,18515,3699337,120966,12343,370304,86404,False,False,0,0,0,0,18516,3699338,120967,-1,-1,-1,0,0
2015-06-13,2015-06-13 00:00:00,Exxon,PILOT TRAVEL CENTERS LLC 103637 IW,DES PLAINES IL (MOC) - 00BN,ULSD,12343,-1,86404,3,7401,0,7401,7401,-1,0,-1,59570,0,w4,7401,0,59570,18515,-1,120966,Available,-1,Available,150,100,140,Below Trend,-1,On Track,06/14 00:00:00 CDT,-1,w3,0,2015-06-18 00:00:00,Contract,-1,Contract,12343,12343,370304,-1,86404,11114,-1,61396,0,-1,0,0,-1,0,51147,-1,51148,12343,-1,86404,18515,-1,120966,False,False,0,0,0,0,11114,-1,61396,-1,-1,-1,0,0
2015-06-14,2015-06-14 00:00:00,Exxon,PILOT TRAVEL CENTERS LLC 103637 IW,DES PLAINES IL (MOC) - 00BN,ULSD,12343,-1,86404,3,14851,0,14851,14851,-1,0,-1,74421,0,w4,14851,0,74421,18515,-1,120966,Available,-1,Available,150,100,140,On Track,-1,On Track,06/15 00:00:00 CDT,-1,w3,0,2015-06-18 00:00:00,Contract,-1,Contract,12343,12343,370304,-1,86404,3664,-1,46545,0,-1,0,0,-1,0,70931,-1,70932,12343,-1,86404,18515,-1,120966,False,False,0,0,0,0,3664,-1,46545,-1,-1,-1,0,0
2015-06-15,2015-06-15 00:00:00,Exxon,PILOT TRAVEL CENTERS LLC 103637 IW,DES PLAINES IL (MOC) - 00BN,ULSD,12343,-1,86404,3,22250,0,22250,22250,-1,0,-1,96671,0,w4,22250,0,96671,18515,-1,120966,Available,-1,Available,150,100,140,Above Trend,-1,On Track,06/16 00:00:00 CDT,-1,w3,0,2015-06-18 00:00:00,Contract,-1,Contract,12343,12343,370304,-1,86404,0,-1,28030,17954,-1,17954,14218,-1,14218,100214,-1,100215,12343,-1,86404,18515,-1,120966,False,False,0,0,0,0,-3735,-1,24295,17954,-1,-1,0,0
2015-06-16,2015-06-16 00:00:00,Exxon,PILOT TRAVEL CENTERS LLC 103637 IW,DES PLAINES IL (MOC) - 00BN,ULSD,12343,-1,86404,3,29809,0,29809,29809,-1,0,-1,126480,0,w4,29809,0,126480,18515,-1,120966,Available,-1,Available,150,100,140,Above Trend,-1,Above Trend,06/17 00:00:00 CDT,-1,w3,0,2015-06-18 00:00:00,Contract,-1,Contract,12343,12343,370304,-1,86404,0,-1,9516,17954,-1,17954,2924,-1,2924,122079,-1,122080,12343,-1,86404,18515,-1,120966,False,False,0,0,0,0,-11294,-1,-5514,17954,-1,17954,0,0
2015-06-17,2015-06-17 00:00:00,Exxon,PILOT TRAVEL CENTERS LLC 103637 IW,DES PLAINES IL (MOC) - 00BN,ULSD,12343,-1,86404,0,14800,0,14800,14800,-1,0,-1,141280,0,w4,14800,0,141280,18515,-1,120966,Out,-1,Out,150,100,140,On Track,-1,On Track,06/18 00:00:00 CDT,-1,w3,0,2015-06-18 00:00:00,Contract,-1,Contract,12343,12343,370304,-1,86404,8999,-1,0,17954,-1,17954,2361,-1,2361,140686,-1,140687,12343,-1,86404,18515,-1,120966,False,False,0,0,0,0,3715,-1,-20314,-1,-1,17954,0,0
2015-06-18,2015-06-18 00:00:00,Exxon,PILOT TRAVEL CENTERS LLC 103637 IW,DES PLAINES IL (MOC) - 00BN,ULSD,12343,-1,86404,3,29810,0,29810,29810,-1,0,-1,29810,0,w5,29810,0,29810,18515,-1,120966,Out,-1,Out,150,100,140,Above Trend,-1,Above Trend,06/19 00:00:00 CDT,-1,w4,0,2015-06-25 00:00:00,Contract,-1,Contract,12343,12343,370304,-1,86404,-3846,-1,98606,1000,-1,1000,6450,-1,6450,159421,-1,159422,12343,-1,86404,18515,-1,120966,True,True,29810,True,0,0,-11295,-1,91156,1000,-1,-1,0,0
2015-06-19,2015-06-19 00:00:00,Exxon,PILOT TRAVEL CENTERS LLC 103637 IW,DES PLAINES IL (MOC) - 00BN,ULSD,12343,-1,86404,3,22367,0,22367,22367,-1,0,-1,52177,0,w5,22367,0,52177,18515,-1,120966,Out,-1,Out,150,100,140,Above Trend,-1,Above Trend,06/20 00:00:00 CDT,-1,w4,0,2015-06-25 00:00:00,Contract,-1,Contract,12343,12343,370304,-1,86404,-3853,-1,76239,0,-1,0,0,-1,0,176111,-1,176112,12343,-1,86404,18515,-1,120966,True,True,52177,True,0,0,-3852,-1,68789,-1,-1,-1,0,0
2015-06-20,2015-06-20 00:00:00,Exxon,PILOT TRAVEL CENTERS LLC 103637 IW,DES PLAINES IL (MOC) - 00BN,ULSD,12343,-1,86404,3,14901,0,14901,14901,-1,0,-1,67078,0,w5,14901,0,67078,18515,-1,120966,Available,-1,Available,150,100,140,On Track,-1,Above Trend,06/21 00:00:00 CDT,-1,w4,0,2015-06-25 00:00:00,Contract,-1,Contract,12343,12343,370304,-1,86404,3614,-1,61338,0,-1,0,0,-1,0,190607,-1,190608,12343,-1,86404,18515,-1,120966,True,True,67078,True,0,0,3614,-1,53888,-1,-1,-1,0,0
2015-06-21,2015-06-21 00:00:00,Exxon,PILOT TRAVEL CENTERS LLC 103637 IW,DES PLAINES IL (MOC) - 00BN,ULSD,12343,-1,86404,3,0,0,0,0,-1,0,-1,67078,0,w5,0,0,67078,18515,-1,120966,Available,-1,Available,150,100,140,Below Trend,-1,On Track,06/22 00:00:00 CDT,-1,w4,0,2015-06-25 00:00:00,Contract,-1,Contract,12343,12343,370304,-1,86404,18515,-1,61338,0,-1,0,0,-1,0,216022,-1,216023,12343,-1,86404,18515,-1,120966,True,True,67078,True,0,0,18515,-1,53888,-1,-1,-1,0,0
2015-06-22,2015-06-22 00:00:00,Exxon,PILOT TRAVEL CENTERS LLC 103637 IW,DES PLAINES IL (MOC) - 00BN,ULSD,12343,-1,86404,3,29820,0,22370,22370,-1,0,-1,89448,0,w5,22370,0,89448,18515,-1,120966,Available,-1,Available,150,100,140,Above Trend,-1,On Track,06/23 00:00:00 CDT,-1,w4,0,2015-06-25 00:00:00,Contract,-1,Contract,12343,12343,370304,-1,86404,-3856,-1,38968,7450,-1,7450,7450,-1,7450,238683,-1,238684,12343,-1,86404,18515,-1,120966,True,False,96898,True,0,0,-11305,-1,31518,7450,-1,-1,0,0
2015-06-23,2015-06-23 00:00:00,Exxon,PILOT TRAVEL CENTERS LLC 103637 IW,DES PLAINES IL (MOC) - 00BN,ULSD,12343,-1,86404,3,29815,1,29812,22362,-1,0,-1,119260,0,w5,22362,0,119260,18515,-1,120966,Available,-1,Available,150,100,140,Above Trend,-1,On Track,06/24 00:00:00 CDT,-1,w4,0,2015-06-25 00:00:00,Contract,-1,Contract,12343,12343,370304,-1,86404,0,-1,20453,15000,-1,15000,3702,-1,3702,276424,-1,276425,12343,-1,86404,18515,-1,120966,True,False,126713,True,0,0,-11300,-1,1706,15000,-1,-1,0,0
2015-06-24,2015-06-24 00:00:00,Exxon,PILOT TRAVEL CENTERS LLC 103637 IW,DES PLAINES IL (MOC) - 00BN,ULSD,12343,-1,86404,0,22358,1,29811,22358,-1,0,-1,149071,0,w5,22358,0,149071,18515,-1,120966,Out,-1,Out,150,100,140,Above Trend,-1,Above Trend,06/25 00:00:00 CDT,-1,w4,0,2015-06-25 00:00:00,Contract,-1,Contract,12343,12343,370304,-1,86404,-3844,-1,-1905,0,-1,0,0,-1,0,307010,-1,307011,12343,-1,86404,18515,-1,120966,True,True,149071,True,0,0,-3843,-1,-28105,-1,-1,-1,0,0
2015-06-25,2015-06-25 00:00:00,Exxon,PILOT TRAVEL CENTERS LLC 103637 IW,DES PLAINES IL (MOC) - 00BN,ULSD,12343,-1,86404,3,29812,0,29812,29812,-1,0,-1,29812,0,w6,29812,0,29812,18515,-1,120966,Out,-1,Out,150,100,140,Above Trend,-1,Above Trend,06/26 00:00:00 CDT,-1,w5,0,2015-07-02 00:00:00,Contract,-1,Contract,12343,12343,370304,-1,86404,-3848,-1,98604,2000,-1,2000,5450,-1,5450,338436,-1,338437,12343,-1,86404,18515,-1,120966,True,True,29812,True,0,0,-11297,-1,91154,2000,-1,-1,0,0
2015-06-26,2015-06-26 00:00:00,Exxon,PILOT TRAVEL CENTERS LLC 103637 IW,DES PLAINES IL (MOC) - 00BN,ULSD,12343,-1,86404,3,14908,0,14908,14908,-1,0,-1,44720,0,w6,14908,0,44720,18515,-1,120966,Available,-1,Available,150,100,140,On Track,-1,Above Trend,06/27 00:00:00 CDT,-1,w5,0,2015-07-02 00:00:00,Contract,-1,Contract,12343,12343,370304,-1,86404,3607,-1,83696,0,-1,0,0,-1,0,367752,-1,367753,12343,-1,86404,18515,-1,120966,True,True,44720,True,0,0,3607,-1,76246,-1,-1,-1,0,0
2015-06-27,2015-06-27 00:00:00,Exxon,PILOT TRAVEL CENTERS LLC 103637 IW,DES PLAINES IL (MOC) - 00BN,ULSD,12343,-1,86404,3,22351,0,22351,22351,-1,0,-1,67071,0,w6,22351,0,67071,18515,-1,120966,Out,-1,Out,150,100,140,Above Trend,-1,Above Trend,06/28 00:00:00 CDT,-1,w5,0,2015-07-02 00:00:00,Contract,-1,Contract,12343,12343,370304,-1,86404,-3837,-1,61345,0,-1,0,0,-1,0,393017,-1,393018,12343,-1,86404,18515,-1,120966,True,True,67071,True,0,0,-3836,-1,53895,-1,-1,-1,0,0
2015-06-28,2015-06-28 00:00:00,Exxon,PILOT TRAVEL CENTERS LLC 103637 IW,DES PLAINES IL (MOC) - 00BN,ULSD,12343,-1,86404,3,14902,0,14902,14902,-1,0,-1,81973,0,w6,14902,0,81973,18515,-1,120966,Available,-1,Available,150,100,140,On Track,-1,On Track,06/29 00:00:00 CDT,-1,w5,0,2015-07-02 00:00:00,Contract,-1,Contract,12343,12343,370304,-1,86404,3613,-1,46443,0,-1,0,0,-1,0,419068,-1,419069,12343,-1,86404,18515,-1,120966,True,True,81973,True,0,0,3613,-1,38993,-1,-1,-1,0,0
2015-06-29,2015-06-29 00:00:00,Exxon,PILOT TRAVEL CENTERS LLC 103637 IW,DES PLAINES IL (MOC) - 00BN,ULSD,12343,-1,86404,3,14908,0,14908,14908,-1,0,-1,96881,0,w6,14908,0,96881,18515,-1,120966,Available,-1,Available,150,100,140,On Track,-1,On Track,06/30 00:00:00 CDT,-1,w5,0,2015-07-02 00:00:00,Contract,-1,Contract,20530,20530,370304,-1,143704,3607,-1,31535,0,-1,0,0,-1,0,449883,-1,449884,12343,-1,86404,18515,-1,120966,True,True,96881,True,0,0,3607,-1,24085,-1,-1,-1,0,0
2015-06-30,2015-06-30 00:00:00,Exxon,PILOT TRAVEL CENTERS LLC 103637 IW,DES PLAINES IL (MOC) - 00BN,ULSD,20530,-1,86404,0,14894,0,14894,14894,-1,0,-1,111775,0,w6,14894,0,111775,30795,-1,120966,Available,-1,Available,150,100,140,Below Trend,-1,On Track,07/01 00:00:00 CDT,-1,w5,0,2015-07-02 00:00:00,Contract,-1,Contract,20530,20530,370304,-1,143704,15901,-1,16641,0,-1,0,0,-1,0,476548,-1,476549,20530,-1,86404,30795,-1,120966,True,True,111775,True,0,0,15901,-1,9191,-1,-1,-1,0,0
