,date,supplier_name,account_type,supplier_terminal_name,product_name,base_gallons_Daily,base_gallons_Monthly,base_gallons_Weekly,lifted_gallons_daily_flag,lifted_gallons_daily_modified,Modified_WeeksByLiftedGallons,lifted_gallons_modified_WeeksByLiftedGallons,lifted_gallons_Daily,Lifted_actual_monthly,lifted_gallons_monthly_flag,lifted_gallons_Monthly,Lifted_actual_weekly,lifted_gallons_weekly_flag,WeeksByLiftedGallons,lifted_gallonsWeekly_modified_aposteriori,Modified_LiftedGallonsaposteriori,lifted_gallons_Weekly,beginning_gallons_Daily,beginning_gallons_Monthly,beginning_gallons_Weekly,en_allocation_status_Daily,en_allocation_status_Monthly,en_allocation_status_Weekly,percentage_allocation_Daily,percentage_allocation_Monthly,percentage_allocation_Weekly,alerts_ratability_Daily,alerts_ratability_Monthly,alerts_ratability_Weekly,next_refresh_date_Daily,next_refresh_date_Monthly,Week_switch,Modified_NRD,next_refresh_date_Weekly,en_account_type_Daily,en_account_type_Monthly,en_account_type_Weekly,NRB_Daily,next_refresh_base_gallons_Daily,NRB_Monthly,next_refresh_base_gallons_Monthly,next_refresh_base_gallons_Weekly,staging_id_Daily,staging_id_Monthly,staging_id_Weekly,base_gallons_Daily_Reconciled,base_gallons_Monthly_Reconciled,base_gallons_Weekly_Reconciled,beginning_gallons_Daily_Reconciled,beginning_gallons_Monthly_Reconciled,beginning_gallons_Weekly_Reconciled,sanityWeekly_CumulativeDaily_WeeksByLiftedGallons,sanityWeekly_CumulativeDaily_NextRefreshDate,computedWeekly,sanityComputedWeekly,computedMonthly,sanityComputedMonthly,sanityMonthly_CumulativeDaily_WeeksByLiftedGallons,sanityMonthly_CumulativeDaily_WeeksByNextRefreshDate
2015-07-01,2015-07-01 00:00:00,Exxon,PILOT TRAVEL CENTERS LLC 103637 IW,VERNON CA (MOC) - 00N6,Reg RFG,4496,-1,31475,0,7400,0,7400,7400,-1,0,-1,23100,0,w1,7400,0,23100,4496,-1,31475,Out,-1,Out,100,100,100,Above Trend,-1,Below Trend,07/02 00:00:00 PDT,-1,w1,0,2015-07-02 00:00:00,Contract,-1,Contract,4496,4496,-1,-1,31475,507957,-1,507958,4496,-1,31475,4496,-1,31475,True,True,7400,False,0,0,0,0
2015-07-02,2015-07-02 00:00:00,Exxon,PILOT TRAVEL CENTERS LLC 103637 IW,VERNON CA (MOC) - 00N6,Reg RFG,4496,-1,31475,3,8501,0,8501,8501,-1,0,-1,8501,0,w2,8501,0,8501,4496,-1,31475,Out,-1,Out,100,100,100,Above Trend,-1,Above Trend,07/03 00:00:00 PDT,-1,w2,0,2015-07-09 00:00:00,Contract,-1,Contract,4496,4496,-1,-1,31475,527032,-1,527033,4496,-1,31475,4496,-1,31475,True,True,8501,True,0,0,0,0
2015-07-03,2015-07-03 00:00:00,Exxon,PILOT TRAVEL CENTERS LLC 103637 IW,VERNON CA (MOC) - 00N6,Reg RFG,4496,-1,31475,3,8300,0,0,0,-1,0,-1,8501,0,w2,0,0,8501,4496,-1,31475,Available,-1,Available,100,100,100,Below Trend,-1,Above Trend,07/04 00:00:00 PDT,-1,w2,0,2015-07-09 00:00:00,Contract,-1,Contract,4496,4496,-1,-1,31475,534873,-1,534874,4496,-1,31475,4496,-1,31475,True,False,16801,True,0,0,0,0
2015-07-04,2015-07-04 00:00:00,Exxon,PILOT TRAVEL CENTERS LLC 103637 IW,VERNON CA (MOC) - 00N6,Reg RFG,4496,-1,31475,3,7400,1,15700,7400,-1,0,-1,24201,0,w2,7400,0,24201,4496,-1,31475,Out,-1,Out,100,100,100,Above Trend,-1,Above Trend,07/05 00:00:00 PDT,-1,w2,0,2015-07-09 00:00:00,Contract,-1,Contract,4496,4496,-1,-1,31475,540935,-1,540936,4496,-1,31475,4496,-1,31475,True,True,24201,True,0,0,0,0
2015-07-05,2015-07-05 00:00:00,Exxon,PILOT TRAVEL CENTERS LLC 103637 IW,VERNON CA (MOC) - 00N6,Reg RFG,4496,-1,31475,3,8300,0,0,0,-1,0,-1,24201,0,w2,0,0,24201,4496,-1,31475,Available,-1,Available,100,100,100,Below Trend,-1,Above Trend,07/06 00:00:00 PDT,-1,w2,0,2015-07-09 00:00:00,Contract,-1,Contract,4496,4496,-1,-1,31475,547378,-1,547379,4496,-1,31475,4496,-1,31475,True,False,32501,True,0,0,0,0
2015-07-06,2015-07-06 00:00:00,Exxon,PILOT TRAVEL CENTERS LLC 103637 IW,VERNON CA (MOC) - 00N6,Reg RFG,4496,-1,31475,3,0,1,8300,0,-1,0,-1,32501,0,w2,0,0,32501,4496,-1,31475,Out,-1,Out,100,100,100,Below Trend,-1,Above Trend,07/07 00:00:00 PDT,-1,w2,0,2015-07-09 00:00:00,Contract,-1,Contract,4496,4496,-1,-1,31475,553694,-1,553695,4496,-1,31475,4496,-1,31475,True,True,32501,True,0,0,0,0
2015-07-07,2015-07-07 00:00:00,Exxon,PILOT TRAVEL CENTERS LLC 103637 IW,VERNON CA (MOC) - 00N6,Reg RFG,4496,-1,31475,3,0,0,0,0,-1,0,-1,32501,0,w2,0,0,32501,4496,-1,31475,Out,-1,Out,100,100,100,Below Trend,-1,Above Trend,07/08 00:00:00 PDT,-1,w2,0,2015-07-09 00:00:00,Contract,-1,Contract,4496,4496,-1,-1,31475,566708,-1,566709,4496,-1,31475,4496,-1,31475,True,True,32501,True,0,0,0,0
2015-07-08,2015-07-08 00:00:00,Exxon,PILOT TRAVEL CENTERS LLC 103637 IW,VERNON CA (MOC) - 00N6,Reg RFG,4496,-1,31475,0,0,0,0,0,-1,0,-1,32501,0,w2,0,0,32501,4496,-1,31475,Out,-1,Out,100,100,100,Below Trend,-1,On Track,07/09 00:00:00 PDT,-1,w2,0,2015-07-09 00:00:00,Contract,-1,Contract,4496,4496,-1,-1,31475,576309,-1,576310,4496,-1,31475,4496,-1,31475,True,True,32501,True,0,0,0,0
2015-07-09,2015-07-09 00:00:00,Exxon,PILOT TRAVEL CENTERS LLC 103637 IW,VERNON CA (MOC) - 00N6,Reg RFG,4496,-1,31475,6,5600,0,-1,-1,-1,0,-1,-1,6,w3,-1,0,5600,4496,-1,31475,-1,-1,-1,100,100,100,-1,-1,-1,-1,-1,w3,1,2015-07-16 00:00:00,-1,-1,-1,4496,-1,-1,-1,-1,-1,-1,-1,4496,-1,31475,4496,-1,31475,True,True,5600,True,0,0,0,0
2015-07-10,2015-07-10 00:00:00,Exxon,PILOT TRAVEL CENTERS LLC 103637 IW,VERNON CA (MOC) - 00N6,Reg RFG,4496,-1,31475,3,0,0,0,0,-1,0,-1,5600,0,w3,0,0,5600,4496,-1,31475,Available,-1,Available,100,100,100,Below Trend,-1,Below Trend,07/11 00:00:00 PDT,-1,w3,0,2015-07-16 00:00:00,Contract,-1,Contract,4496,4496,-1,-1,31475,609315,-1,609316,4496,-1,31475,4496,-1,31475,False,True,5600,True,0,0,0,0
2015-07-11,2015-07-11 00:00:00,Exxon,PILOT TRAVEL CENTERS LLC 103637 IW,VERNON CA (MOC) - 00N6,Reg RFG,4496,-1,31475,3,8300,0,8300,8300,-1,0,-1,13900,0,w3,8300,0,13900,4496,-1,31475,Out,-1,Out,100,100,100,Above Trend,-1,On Track,07/12 00:00:00 PDT,-1,w3,0,2015-07-16 00:00:00,Contract,-1,Contract,4496,4496,-1,-1,31475,637929,-1,637930,4496,-1,31475,4496,-1,31475,False,True,13900,True,0,0,0,0
2015-07-12,2015-07-12 00:00:00,Exxon,PILOT TRAVEL CENTERS LLC 103637 IW,VERNON CA (MOC) - 00N6,Reg RFG,4496,-1,31475,3,8300,0,8300,8300,-1,0,-1,22200,0,w3,8300,0,22200,4496,-1,31475,Out,-1,Out,100,100,100,Above Trend,-1,Above Trend,07/13 00:00:00 PDT,-1,w3,0,2015-07-16 00:00:00,Contract,-1,Contract,4496,4496,-1,-1,31475,667343,-1,667344,4496,-1,31475,4496,-1,31475,False,True,22200,True,0,0,0,0
2015-07-13,2015-07-13 00:00:00,Exxon,PILOT TRAVEL CENTERS LLC 103637 IW,VERNON CA (MOC) - 00N6,Reg RFG,4496,-1,31475,3,8300,0,8300,8300,-1,0,-1,30500,0,w3,8300,0,30500,4496,-1,31475,Out,-1,Out,100,100,100,Above Trend,-1,Above Trend,07/14 00:00:00 PDT,-1,w3,0,2015-07-16 00:00:00,Contract,-1,Contract,4496,4496,-1,-1,31475,697938,-1,697939,4496,-1,31475,4496,-1,31475,False,True,30500,True,0,0,0,0
2015-07-14,2015-07-14 00:00:00,Exxon,PILOT TRAVEL CENTERS LLC 103637 IW,VERNON CA (MOC) - 00N6,Reg RFG,4496,-1,31475,3,8300,0,8300,8300,-1,0,-1,38800,0,w3,8300,0,38800,4496,-1,31475,Out,-1,Out,100,100,100,Above Trend,-1,Above Trend,07/15 00:00:00 PDT,-1,w3,0,2015-07-16 00:00:00,Contract,-1,Contract,4496,4496,-1,-1,31475,730829,-1,730830,4496,-1,31475,4496,-1,31475,False,True,38800,True,0,0,0,0
2015-07-15,2015-07-15 00:00:00,Exxon,PILOT TRAVEL CENTERS LLC 103637 IW,VERNON CA (MOC) - 00N6,Reg RFG,4496,-1,31475,0,0,0,0,0,-1,0,-1,38800,0,w3,0,0,38800,4496,-1,31475,Out,-1,Out,100,100,100,Below Trend,-1,Above Trend,07/16 00:00:00 PDT,-1,w3,0,2015-07-16 00:00:00,Contract,-1,Contract,4496,4496,-1,-1,31475,756303,-1,756304,4496,-1,31475,4496,-1,31475,False,True,38800,True,0,0,0,0
2015-07-16,2015-07-16 00:00:00,Exxon,PILOT TRAVEL CENTERS LLC 103637 IW,VERNON CA (MOC) - 00N6,Reg RFG,4496,-1,31475,3,8300,0,0,0,-1,0,-1,0,0,w4,0,0,0,4496,-1,31475,Available,-1,Available,100,100,100,Below Trend,-1,Below Trend,07/17 00:00:00 PDT,-1,w4,0,2015-07-23 00:00:00,Contract,-1,Contract,4496,4496,-1,-1,31475,788582,-1,788583,4496,-1,31475,4496,-1,31475,True,False,8300,True,0,0,0,0
2015-07-17,2015-07-17 00:00:00,Exxon,PILOT TRAVEL CENTERS LLC 103637 IW,VERNON CA (MOC) - 00N6,Reg RFG,4496,-1,31475,3,0,1,8300,0,-1,0,-1,8300,0,w4,0,0,8300,4496,-1,31475,Available,-1,Available,100,100,100,Below Trend,-1,On Track,07/18 00:00:00 PDT,-1,w4,0,2015-07-23 00:00:00,Contract,-1,Contract,4496,4496,-1,-1,31475,821629,-1,821630,4496,-1,31475,4496,-1,31475,True,True,8300,True,0,0,0,0
2015-07-18,2015-07-18 00:00:00,Exxon,PILOT TRAVEL CENTERS LLC 103637 IW,VERNON CA (MOC) - 00N6,Reg RFG,4496,-1,31475,3,0,0,0,0,-1,0,-1,8300,0,w4,0,0,8300,4496,-1,31475,Available,-1,Available,100,100,100,Below Trend,-1,Below Trend,07/19 00:00:00 PDT,-1,w4,0,2015-07-23 00:00:00,Contract,-1,Contract,4496,4496,-1,-1,31475,852091,-1,852092,4496,-1,31475,4496,-1,31475,True,True,8300,True,0,0,0,0
2015-07-19,2015-07-19 00:00:00,Exxon,PILOT TRAVEL CENTERS LLC 103637 IW,VERNON CA (MOC) - 00N6,Reg RFG,4496,-1,31475,3,0,0,0,0,-1,0,-1,8300,0,w4,0,0,8300,4496,-1,31475,Available,-1,Available,100,100,100,Below Trend,-1,Below Trend,07/20 00:00:00 PDT,-1,w4,0,2015-07-23 00:00:00,Contract,-1,Contract,4496,4496,-1,-1,31475,883352,-1,883353,4496,-1,31475,4496,-1,31475,True,True,8300,True,0,0,0,0
2015-07-20,2015-07-20 00:00:00,Exxon,PILOT TRAVEL CENTERS LLC 103637 IW,VERNON CA (MOC) - 00N6,Reg RFG,4496,-1,31475,3,8301,0,8301,8301,-1,0,-1,16601,0,w4,8301,0,16601,4496,-1,31475,Out,-1,Out,100,100,100,Above Trend,-1,Below Trend,07/21 00:00:00 PDT,-1,w4,0,2015-07-23 00:00:00,Contract,-1,Contract,4496,4496,-1,-1,31475,913718,-1,913719,4496,-1,31475,4496,-1,31475,True,True,16601,True,0,0,0,0
2015-07-21,2015-07-21 00:00:00,Exxon,PILOT TRAVEL CENTERS LLC 103637 IW,VERNON CA (MOC) - 00N6,Reg RFG,4496,-1,31475,3,0,0,0,0,-1,0,-1,16601,0,w4,0,0,16601,4496,-1,31475,Available,-1,Available,100,100,100,Below Trend,-1,Below Trend,07/22 00:00:00 PDT,-1,w4,0,2015-07-23 00:00:00,Contract,-1,Contract,4496,4496,-1,-1,31475,942905,-1,942906,4496,-1,31475,4496,-1,31475,True,True,16601,True,0,0,0,0
2015-07-22,2015-07-22 00:00:00,Exxon,PILOT TRAVEL CENTERS LLC 103637 IW,VERNON CA (MOC) - 00N6,Reg RFG,4496,-1,31475,0,7400,0,7400,7400,-1,0,-1,24001,0,w4,7400,0,24001,4496,-1,31475,Out,-1,Out,100,100,100,Above Trend,-1,Below Trend,07/23 00:00:00 PDT,-1,w4,0,2015-07-23 00:00:00,Contract,-1,Contract,4496,4496,-1,-1,31475,976334,-1,976335,4496,-1,31475,4496,-1,31475,True,True,24001,True,0,0,0,0
2015-07-23,2015-07-23 00:00:00,Exxon,PILOT TRAVEL CENTERS LLC 103637 IW,VERNON CA (MOC) - 00N6,Reg RFG,4496,-1,31475,3,7401,0,7401,7401,-1,0,-1,7401,0,w5,7401,0,7401,4496,-1,31475,Out,-1,Out,100,100,100,Above Trend,-1,Above Trend,07/24 00:00:00 PDT,-1,w5,0,2015-07-30 00:00:00,Contract,-1,Contract,4496,4496,-1,-1,31475,1002998,-1,1002999,4496,-1,31475,4496,-1,31475,True,True,0,0,0,0,0,0
2015-07-24,2015-07-24 00:00:00,Exxon,PILOT TRAVEL CENTERS LLC 103637 IW,VERNON CA (MOC) - 00N6,Reg RFG,4496,-1,31475,3,8300,0,8300,8300,-1,0,-1,15701,0,w5,8300,0,15701,4496,-1,31475,Out,-1,Out,100,100,100,Above Trend,-1,Above Trend,07/25 00:00:00 PDT,-1,w5,0,2015-07-30 00:00:00,Contract,-1,Contract,4496,4496,-1,-1,31475,1033244,-1,1033245,4496,-1,31475,4496,-1,31475,True,True,0,0,0,0,0,0
2015-07-25,2015-07-25 00:00:00,Exxon,PILOT TRAVEL CENTERS LLC 103637 IW,VERNON CA (MOC) - 00N6,Reg RFG,4496,-1,31475,3,0,0,0,0,-1,0,-1,15701,0,w5,0,0,15701,4496,-1,31475,Available,-1,Available,100,100,100,Below Trend,-1,Above Trend,07/26 00:00:00 PDT,-1,w5,0,2015-07-30 00:00:00,Contract,-1,Contract,4496,4496,-1,-1,31475,1063554,-1,1063555,4496,-1,31475,4496,-1,31475,True,True,0,0,0,0,0,0
2015-07-26,2015-07-26 00:00:00,Exxon,PILOT TRAVEL CENTERS LLC 103637 IW,VERNON CA (MOC) - 00N6,Reg RFG,4496,-1,31475,0,0,0,0,0,-1,0,-1,15701,0,w5,0,0,15701,4496,-1,31475,Available,-1,Available,100,100,100,Below Trend,-1,On Track,07/27 00:00:00 PDT,-1,w5,0,2015-07-30 00:00:00,Contract,-1,Contract,4496,4496,-1,-1,31475,1093609,-1,1093610,4496,-1,31475,4496,-1,31475,True,True,0,0,0,0,0,0
2015-07-27,2015-07-27 00:00:00,Exxon,PILOT TRAVEL CENTERS LLC 103637 IW,VERNON CA (MOC) - 00N6,Reg RFG,4496,-1,31475,0,-1,0,-1,-1,-1,0,-1,-1,0,w6,-1,0,-1,4496,-1,31475,-1,-1,-1,100,100,100,-1,-1,-1,-1,-1,w5,1,2015-07-30 00:00:00,-1,-1,-1,4496,-1,-1,-1,-1,-1,-1,-1,4496,-1,31475,4496,-1,31475,True,False,0,0,0,0,0,0
2015-07-28,2015-07-28 00:00:00,Exxon,PILOT TRAVEL CENTERS LLC 103637 IW,VERNON CA (MOC) - 00N6,Reg RFG,4496,-1,31475,0,-1,0,-1,-1,-1,0,-1,-1,0,w6,-1,0,-1,4496,-1,31475,-1,-1,-1,100,100,100,-1,-1,-1,-1,-1,w5,1,2015-07-30 00:00:00,-1,-1,-1,4496,-1,-1,-1,-1,-1,-1,-1,4496,-1,31475,4496,-1,31475,False,False,0,0,0,0,0,0
2015-07-29,2015-07-29 00:00:00,Exxon,PILOT TRAVEL CENTERS LLC 103637 IW,VERNON CA (MOC) - 00N6,Reg RFG,4496,-1,31475,0,-1,0,-1,-1,-1,0,-1,-1,0,w6,-1,0,-1,4496,-1,31475,-1,-1,-1,100,100,100,-1,-1,-1,-1,-1,w5,1,2015-07-30 00:00:00,-1,-1,-1,4496,-1,-1,-1,-1,-1,-1,-1,4496,-1,31475,4496,-1,31475,False,False,0,0,0,0,0,0
2015-07-30,2015-07-30 00:00:00,Exxon,PILOT TRAVEL CENTERS LLC 103637 IW,VERNON CA (MOC) - 00N6,Reg RFG,4496,-1,31475,0,-1,0,-1,-1,-1,0,-1,-1,0,w6,-1,0,-1,4496,-1,31475,-1,-1,-1,100,100,100,-1,-1,-1,-1,-1,w6,1,2015-08-06 00:00:00,-1,-1,-1,4496,-1,-1,-1,-1,-1,-1,-1,4496,-1,31475,4496,-1,31475,False,True,0,0,0,0,0,0
2015-07-31,2015-07-31 00:00:00,Exxon,PILOT TRAVEL CENTERS LLC 103637 IW,VERNON CA (MOC) - 00N6,Reg RFG,4496,-1,31475,0,-1,0,-1,-1,-1,0,-1,-1,0,w6,-1,0,-1,4496,-1,31475,-1,-1,-1,100,100,100,-1,-1,-1,-1,-1,w6,1,2015-08-06 00:00:00,-1,-1,-1,4496,-1,-1,-1,-1,-1,-1,-1,4496,-1,31475,4496,-1,31475,False,False,0,0,0,0,0,0
