,date,supplier_name,account_type,supplier_terminal_name,product_name,base_gallons_Daily,base_gallons_Monthly,base_gallons_Weekly,lifted_gallons_daily_flag,lifted_gallons_daily_modified,Modified_WeeksByLiftedGallons,lifted_gallons_modified_WeeksByLiftedGallons,lifted_gallons_Daily,Lifted_actual_monthly,lifted_gallons_monthly_flag,lifted_gallons_Monthly,Lifted_actual_weekly,lifted_gallons_weekly_flag,WeeksByLiftedGallons,lifted_gallonsWeekly_modified_aposteriori,Modified_LiftedGallonsaposteriori,lifted_gallons_Weekly,beginning_gallons_Daily,beginning_gallons_Monthly,beginning_gallons_Weekly,en_allocation_status_Daily,en_allocation_status_Monthly,en_allocation_status_Weekly,percentage_allocation_Daily,percentage_allocation_Monthly,percentage_allocation_Weekly,alerts_ratability_Daily,alerts_ratability_Monthly,alerts_ratability_Weekly,next_refresh_date_Daily,next_refresh_date_Monthly,Week_switch,Modified_NRD,next_refresh_date_Weekly,en_account_type_Daily,en_account_type_Monthly,en_account_type_Weekly,NRB_Daily,next_refresh_base_gallons_Daily,NRB_Monthly,next_refresh_base_gallons_Monthly,next_refresh_base_gallons_Weekly,staging_id_Daily,staging_id_Monthly,staging_id_Weekly,base_gallons_Daily_Reconciled,base_gallons_Monthly_Reconciled,base_gallons_Weekly_Reconciled,beginning_gallons_Daily_Reconciled,beginning_gallons_Monthly_Reconciled,beginning_gallons_Weekly_Reconciled,sanityWeekly_CumulativeDaily_WeeksByLiftedGallons,sanityWeekly_CumulativeDaily_NextRefreshDate,computedWeekly,sanityComputedWeekly,computedMonthly,sanityComputedMonthly,sanityMonthly_CumulativeDaily_WeeksByLiftedGallons,sanityMonthly_CumulativeDaily_WeeksByNextRefreshDate
2015-07-01,2015-07-01 00:00:00,Exxon,PILOT TRAVEL CENTERS LLC 103637 IW,MEMPHIS TN (MOC) - 00QE,Reg CBOB<9,4342,-1,37619,0,0,0,0,0,-1,0,-1,-1,0,w1,0,0,-1,6513,-1,52667,Available,-1,-1,125,100,100,Below Trend,-1,-1,07/02 00:00:00 CDT,-1,w1,1,2015-07-02 00:00:00,Contract,-1,-1,4342,5374,-1,-1,-1,507952,-1,-1,5210,-1,52667,5428,-1,37619,True,True,0,False,0,0,0,0
2015-07-02,2015-07-02 00:00:00,Exxon,PILOT TRAVEL CENTERS LLC 103637 IW,MEMPHIS TN (MOC) - 00QE,Reg CBOB<9,4342,-1,37619,0,8500,0,8500,8500,-1,0,-1,-1,0,w1,8500,0,-1,6513,-1,52667,Out,-1,-1,125,100,100,Above Trend,-1,-1,07/03 00:00:00 CDT,-1,w2,1,2015-07-09 00:00:00,Contract,-1,-1,4342,5374,-1,-1,-1,527027,-1,-1,5210,-1,52667,5428,-1,37619,False,False,8500,False,0,0,0,0
2015-07-03,2015-07-03 00:00:00,Exxon,PILOT TRAVEL CENTERS LLC 103637 IW,MEMPHIS TN (MOC) - 00QE,Reg CBOB<9,4342,-1,37619,0,8401,0,8401,8401,-1,0,-1,-1,0,w1,8401,0,-1,6513,-1,52667,Out,-1,-1,125,100,100,Above Trend,-1,-1,07/04 00:00:00 CDT,-1,w2,1,2015-07-09 00:00:00,Contract,-1,-1,4342,5374,-1,-1,-1,534868,-1,-1,5210,-1,52667,5428,-1,37619,False,False,16901,False,0,0,0,0
2015-07-04,2015-07-04 00:00:00,Exxon,PILOT TRAVEL CENTERS LLC 103637 IW,MEMPHIS TN (MOC) - 00QE,Reg CBOB<9,4342,-1,37619,0,7200,0,7200,7200,-1,0,-1,-1,0,w1,7200,0,-1,6513,-1,52667,Out,-1,-1,125,100,100,Above Trend,-1,-1,07/05 00:00:00 CDT,-1,w2,1,2015-07-09 00:00:00,Contract,-1,-1,4342,5374,-1,-1,-1,540930,-1,-1,5210,-1,52667,5428,-1,37619,False,False,24101,False,0,0,0,0
2015-07-05,2015-07-05 00:00:00,Exxon,PILOT TRAVEL CENTERS LLC 103637 IW,MEMPHIS TN (MOC) - 00QE,Reg CBOB<9,4342,-1,37619,0,6000,0,6000,6000,-1,0,-1,-1,0,w1,6000,0,-1,6513,-1,52667,Available,-1,-1,125,100,100,Above Trend,-1,-1,07/06 00:00:00 CDT,-1,w2,1,2015-07-09 00:00:00,Contract,-1,-1,4342,5374,-1,-1,-1,547373,-1,-1,5210,-1,52667,5428,-1,37619,False,False,30101,False,0,0,0,0
2015-07-06,2015-07-06 00:00:00,Exxon,PILOT TRAVEL CENTERS LLC 103637 IW,MEMPHIS TN (MOC) - 00QE,Reg CBOB<9,4342,-1,37619,0,0,0,0,0,-1,0,-1,-1,0,w1,0,0,-1,6513,-1,52667,Available,-1,-1,125,100,100,Below Trend,-1,-1,07/07 00:00:00 CDT,-1,w2,1,2015-07-09 00:00:00,Contract,-1,-1,4342,5374,-1,-1,-1,553689,-1,-1,5210,-1,52667,5428,-1,37619,False,False,30101,False,0,0,0,0
2015-07-07,2015-07-07 00:00:00,Exxon,PILOT TRAVEL CENTERS LLC 103637 IW,MEMPHIS TN (MOC) - 00QE,Reg CBOB<9,4342,-1,37619,0,0,0,0,0,-1,0,-1,-1,0,w1,0,0,-1,6513,-1,52667,Available,-1,-1,125,100,100,Below Trend,-1,-1,07/08 00:00:00 CDT,-1,w2,1,2015-07-09 00:00:00,Contract,-1,-1,4342,5374,-1,-1,-1,566702,-1,-1,5210,-1,52667,5428,-1,37619,False,False,30101,False,0,0,0,0
2015-07-08,2015-07-08 00:00:00,Exxon,PILOT TRAVEL CENTERS LLC 103637 IW,MEMPHIS TN (MOC) - 00QE,Reg CBOB<9,4342,-1,37619,0,0,0,0,0,-1,0,-1,-1,0,w1,0,0,-1,6513,-1,52667,Available,-1,-1,125,100,100,Below Trend,-1,-1,07/09 00:00:00 CDT,-1,w2,1,2015-07-09 00:00:00,Contract,-1,-1,4342,5374,-1,-1,-1,576303,-1,-1,5210,-1,52667,5428,-1,37619,False,False,30101,False,0,0,0,0
2015-07-09,2015-07-09 00:00:00,Exxon,PILOT TRAVEL CENTERS LLC 103637 IW,MEMPHIS TN (MOC) - 00QE,Reg CBOB<9,4342,-1,37619,0,-1,0,-1,-1,-1,0,-1,-1,0,w1,-1,0,-1,6513,-1,52667,-1,-1,-1,100,100,100,-1,-1,-1,-1,-1,w3,1,2015-07-16 00:00:00,-1,-1,-1,4342,-1,-1,-1,-1,-1,-1,-1,6513,-1,52667,4342,-1,37619,False,True,0,0,0,0,0,0
2015-07-10,2015-07-10 00:00:00,Exxon,PILOT TRAVEL CENTERS LLC 103637 IW,MEMPHIS TN (MOC) - 00QE,Reg CBOB<9,4342,-1,37619,0,7400,0,7400,7400,-1,0,-1,-1,0,w1,7400,0,-1,6513,-1,52667,Out,-1,-1,125,100,100,On Track,-1,-1,07/11 00:00:00 CDT,-1,w3,1,2015-07-16 00:00:00,Contract,-1,-1,4342,5374,-1,-1,-1,609310,-1,-1,5210,-1,52667,5428,-1,37619,False,False,0,0,0,0,0,0
2015-07-11,2015-07-11 00:00:00,Exxon,PILOT TRAVEL CENTERS LLC 103637 IW,MEMPHIS TN (MOC) - 00QE,Reg CBOB<9,4342,-1,37619,0,7501,0,7501,7501,-1,0,-1,-1,0,w1,7501,0,-1,6513,-1,52667,Out,-1,-1,125,100,100,On Track,-1,-1,07/12 00:00:00 CDT,-1,w3,1,2015-07-16 00:00:00,Contract,-1,-1,4342,5374,-1,-1,-1,637924,-1,-1,5210,-1,52667,5428,-1,37619,False,False,0,0,0,0,0,0
2015-07-12,2015-07-12 00:00:00,Exxon,PILOT TRAVEL CENTERS LLC 103637 IW,MEMPHIS TN (MOC) - 00QE,Reg CBOB<9,4342,-1,37619,0,7400,0,7400,7400,-1,0,-1,-1,0,w1,7400,0,-1,6513,-1,52667,Out,-1,-1,125,100,100,On Track,-1,-1,07/13 00:00:00 CDT,-1,w3,1,2015-07-16 00:00:00,Contract,-1,-1,4342,5374,-1,-1,-1,667338,-1,-1,5210,-1,52667,5428,-1,37619,False,False,0,0,0,0,0,0
2015-07-13,2015-07-13 00:00:00,Exxon,PILOT TRAVEL CENTERS LLC 103637 IW,MEMPHIS TN (MOC) - 00QE,Reg CBOB<9,4342,-1,37619,0,0,0,0,0,-1,0,-1,-1,0,w1,0,0,-1,6513,-1,52667,Available,-1,-1,125,100,100,Below Trend,-1,-1,07/14 00:00:00 CDT,-1,w3,1,2015-07-16 00:00:00,Contract,-1,-1,5374,5374,-1,-1,-1,697933,-1,-1,5210,-1,52667,5428,-1,37619,False,False,0,0,0,0,0,0
2015-07-14,2015-07-14 00:00:00,Exxon,PILOT TRAVEL CENTERS LLC 103637 IW,MEMPHIS TN (MOC) - 00QE,Reg CBOB<9,5374,-1,37619,3,0,0,0,0,-1,0,-1,30901,0,w1,0,0,30901,8061,-1,52667,Available,-1,Available,150,100,140,Below Trend,-1,Below Trend,07/15 00:00:00 CDT,-1,w3,0,2015-07-16 00:00:00,Contract,-1,Contract,5374,5374,-1,-1,37619,730823,-1,730824,5374,-1,37619,8061,-1,52667,False,False,0,0,0,0,0,0
2015-07-15,2015-07-15 00:00:00,Exxon,PILOT TRAVEL CENTERS LLC 103637 IW,MEMPHIS TN (MOC) - 00QE,Reg CBOB<9,5374,-1,37619,0,0,0,0,0,-1,0,-1,30901,0,w1,0,0,30901,8061,-1,52667,Available,-1,Available,150,100,140,Below Trend,-1,Below Trend,07/16 00:00:00 CDT,-1,w3,0,2015-07-16 00:00:00,Contract,-1,Contract,5374,5374,-1,-1,37619,756297,-1,756298,5374,-1,37619,8061,-1,52667,False,False,0,0,0,0,0,0
2015-07-16,2015-07-16 00:00:00,Exxon,PILOT TRAVEL CENTERS LLC 103637 IW,MEMPHIS TN (MOC) - 00QE,Reg CBOB<9,5374,-1,37619,3,8400,0,8400,8400,-1,0,-1,8400,0,w2,8400,0,8400,8061,-1,52667,Out,-1,Out,150,100,140,On Track,-1,On Track,07/17 00:00:00 CDT,-1,w4,0,2015-07-23 00:00:00,Contract,-1,Contract,5374,5374,-1,-1,37619,788576,-1,788577,5374,-1,37619,8061,-1,52667,True,True,8400,True,0,0,0,0
2015-07-17,2015-07-17 00:00:00,Exxon,PILOT TRAVEL CENTERS LLC 103637 IW,MEMPHIS TN (MOC) - 00QE,Reg CBOB<9,5374,-1,37619,3,7500,0,7500,7500,-1,0,-1,15900,0,w2,7500,0,15900,8061,-1,52667,Available,-1,Available,150,100,140,On Track,-1,On Track,07/18 00:00:00 CDT,-1,w4,0,2015-07-23 00:00:00,Contract,-1,Contract,5374,5374,-1,-1,37619,821623,-1,821624,5374,-1,37619,8061,-1,52667,True,True,15900,True,0,0,0,0
2015-07-18,2015-07-18 00:00:00,Exxon,PILOT TRAVEL CENTERS LLC 103637 IW,MEMPHIS TN (MOC) - 00QE,Reg CBOB<9,5374,-1,37619,3,0,0,0,0,-1,0,-1,15900,0,w2,0,0,15900,8061,-1,52667,Available,-1,Available,150,100,140,Below Trend,-1,Below Trend,07/19 00:00:00 CDT,-1,w4,0,2015-07-23 00:00:00,Contract,-1,Contract,5374,5374,-1,-1,37619,852085,-1,852086,5374,-1,37619,8061,-1,52667,True,True,15900,True,0,0,0,0
2015-07-19,2015-07-19 00:00:00,Exxon,PILOT TRAVEL CENTERS LLC 103637 IW,MEMPHIS TN (MOC) - 00QE,Reg CBOB<9,5374,-1,37619,3,7300,0,7300,7300,-1,0,-1,23200,0,w2,7300,0,23200,8061,-1,52667,Available,-1,Available,150,100,140,On Track,-1,Below Trend,07/20 00:00:00 CDT,-1,w4,0,2015-07-23 00:00:00,Contract,-1,Contract,5374,5374,-1,-1,37619,883346,-1,883347,5374,-1,37619,8061,-1,52667,True,True,23200,True,0,0,0,0
2015-07-20,2015-07-20 00:00:00,Exxon,PILOT TRAVEL CENTERS LLC 103637 IW,MEMPHIS TN (MOC) - 00QE,Reg CBOB<9,5374,-1,37619,3,0,0,0,0,-1,0,-1,23200,0,w2,0,0,23200,8061,-1,52667,Available,-1,Available,150,100,140,Below Trend,-1,Below Trend,07/21 00:00:00 CDT,-1,w4,0,2015-07-23 00:00:00,Contract,-1,Contract,5374,5374,-1,-1,37619,913712,-1,913713,5374,-1,37619,8061,-1,52667,True,True,23200,True,0,0,0,0
2015-07-21,2015-07-21 00:00:00,Exxon,PILOT TRAVEL CENTERS LLC 103637 IW,MEMPHIS TN (MOC) - 00QE,Reg CBOB<9,5374,-1,37619,3,8610,0,8610,8610,-1,0,-1,31810,0,w2,8610,0,31810,8061,-1,52667,Out,-1,Out,150,100,140,On Track,-1,Below Trend,07/22 00:00:00 CDT,-1,w4,0,2015-07-23 00:00:00,Contract,-1,Contract,5374,5374,-1,-1,37619,942899,-1,942900,5374,-1,37619,8061,-1,52667,True,True,31810,True,0,0,0,0
2015-07-22,2015-07-22 00:00:00,Exxon,PILOT TRAVEL CENTERS LLC 103637 IW,MEMPHIS TN (MOC) - 00QE,Reg CBOB<9,5374,-1,37619,0,0,0,0,0,-1,0,-1,31810,0,w2,0,0,31810,8061,-1,52667,Available,-1,Available,150,100,140,Below Trend,-1,Below Trend,07/23 00:00:00 CDT,-1,w4,0,2015-07-23 00:00:00,Contract,-1,Contract,5374,5374,-1,-1,37619,976328,-1,976329,5374,-1,37619,8061,-1,52667,True,True,31810,True,0,0,0,0
2015-07-23,2015-07-23 00:00:00,Exxon,PILOT TRAVEL CENTERS LLC 103637 IW,MEMPHIS TN (MOC) - 00QE,Reg CBOB<9,5374,-1,37619,3,8500,0,8500,8500,-1,0,-1,8500,0,w3,8500,0,8500,8061,-1,52667,Out,-1,Out,150,100,140,On Track,-1,On Track,07/24 00:00:00 CDT,-1,w5,0,2015-07-30 00:00:00,Contract,-1,Contract,5374,5374,-1,-1,37619,1002992,-1,1002993,5374,-1,37619,8061,-1,52667,True,True,8500,True,0,0,0,0
2015-07-24,2015-07-24 00:00:00,Exxon,PILOT TRAVEL CENTERS LLC 103637 IW,MEMPHIS TN (MOC) - 00QE,Reg CBOB<9,5374,-1,37619,3,7600,0,0,0,-1,0,-1,8500,0,w3,0,0,8500,8061,-1,52667,Available,-1,Available,150,100,140,Below Trend,-1,Below Trend,07/25 00:00:00 CDT,-1,w5,0,2015-07-30 00:00:00,Contract,-1,Contract,5374,5374,-1,-1,37619,1033238,-1,1033239,5374,-1,37619,8061,-1,52667,True,False,16100,True,0,0,0,0
2015-07-25,2015-07-25 00:00:00,Exxon,PILOT TRAVEL CENTERS LLC 103637 IW,MEMPHIS TN (MOC) - 00QE,Reg CBOB<9,5374,-1,37619,3,0,1,7600,0,-1,0,-1,16100,0,w3,0,0,16100,8061,-1,52667,Available,-1,Available,150,100,140,Below Trend,-1,Below Trend,07/26 00:00:00 CDT,-1,w5,0,2015-07-30 00:00:00,Contract,-1,Contract,5374,5374,-1,-1,37619,1063548,-1,1063549,5374,-1,37619,8061,-1,52667,True,True,16100,True,0,0,0,0
2015-07-26,2015-07-26 00:00:00,Exxon,PILOT TRAVEL CENTERS LLC 103637 IW,MEMPHIS TN (MOC) - 00QE,Reg CBOB<9,5374,-1,37619,3,8600,0,8600,8600,-1,0,-1,24700,0,w3,8600,0,24700,8061,-1,52667,Out,-1,Out,150,100,140,On Track,-1,On Track,07/27 00:00:00 CDT,-1,w5,0,2015-07-30 00:00:00,Contract,-1,Contract,5374,5374,-1,-1,37619,1093603,-1,1093604,5374,-1,37619,8061,-1,52667,True,True,24700,True,0,0,0,0
2015-07-27,2015-07-27 00:00:00,Exxon,PILOT TRAVEL CENTERS LLC 103637 IW,MEMPHIS TN (MOC) - 00QE,Reg CBOB<9,5374,-1,37619,3,0,0,0,0,-1,0,-1,24700,0,w3,0,0,24700,8061,-1,52667,Available,-1,Available,150,100,140,Below Trend,-1,Below Trend,07/28 00:00:00 CDT,-1,w5,0,2015-07-30 00:00:00,Contract,-1,Contract,5374,5374,-1,-1,37619,1123914,-1,1123915,5374,-1,37619,8061,-1,52667,True,True,24700,True,0,0,0,0
2015-07-28,2015-07-28 00:00:00,Exxon,PILOT TRAVEL CENTERS LLC 103637 IW,MEMPHIS TN (MOC) - 00QE,Reg CBOB<9,5374,-1,37619,3,0,0,0,0,-1,0,-1,24700,0,w3,0,0,24700,8061,-1,52667,Available,-1,Available,150,100,140,Below Trend,-1,Below Trend,07/29 00:00:00 CDT,-1,w5,0,2015-07-30 00:00:00,Contract,-1,Contract,5374,5374,-1,-1,37619,1154224,-1,1154225,5374,-1,37619,8061,-1,52667,True,True,24700,True,0,0,0,0
2015-07-29,2015-07-29 00:00:00,Exxon,PILOT TRAVEL CENTERS LLC 103637 IW,MEMPHIS TN (MOC) - 00QE,Reg CBOB<9,5374,-1,37619,0,16000,0,16000,16000,-1,0,-1,40700,0,w3,16000,0,40700,8061,-1,52667,Out,-1,Out,150,100,140,Above Trend,-1,Below Trend,07/30 00:00:00 CDT,-1,w5,0,2015-07-30 00:00:00,Contract,-1,Contract,5374,5374,-1,-1,37619,1183513,-1,1183514,5374,-1,37619,8061,-1,52667,True,True,40700,True,0,0,0,0
2015-07-30,2015-07-30 00:00:00,Exxon,PILOT TRAVEL CENTERS LLC 103637 IW,MEMPHIS TN (MOC) - 00QE,Reg CBOB<9,5374,-1,37619,3,0,0,0,0,-1,0,-1,0,0,w4,0,0,0,8061,-1,52667,Available,-1,Available,150,100,140,Below Trend,-1,Below Trend,07/31 00:00:00 CDT,-1,w6,0,2015-08-06 00:00:00,Contract,-1,Contract,4342,4342,-1,-1,30394,1214845,-1,1214846,5374,-1,37619,8061,-1,52667,True,True,0,True,0,0,0,0
2015-07-31,2015-07-31 00:00:00,Exxon,PILOT TRAVEL CENTERS LLC 103637 IW,MEMPHIS TN (MOC) - 00QE,Reg CBOB<9,4342,-1,37619,0,7400,0,7400,7400,-1,0,-1,7400,0,w4,7400,0,7400,6513,-1,52667,Out,-1,Out,150,100,140,On Track,-1,Below Trend,08/01 00:00:00 CDT,-1,w6,0,2015-08-06 00:00:00,Contract,-1,Contract,4342,4342,-1,-1,30394,1245027,-1,1245028,4342,-1,37619,6513,-1,52667,True,True,7400,True,0,0,0,0
