,date,supplier_name,account_type,supplier_terminal_name,product_name,base_gallons_Daily,base_gallons_Monthly,base_gallons_Weekly,lifted_gallons_daily_flag,lifted_gallons_daily_modified,Modified_WeeksByLiftedGallons,lifted_gallons_modified_WeeksByLiftedGallons,lifted_gallons_Daily,Lifted_actual_monthly,lifted_gallons_monthly_flag,lifted_gallons_Monthly,Lifted_actual_weekly,lifted_gallons_weekly_flag,WeeksByLiftedGallons,lifted_gallonsWeekly_modified_aposteriori,Modified_LiftedGallonsaposteriori,lifted_gallons_Weekly,beginning_gallons_Daily,beginning_gallons_Monthly,beginning_gallons_Weekly,en_allocation_status_Daily,en_allocation_status_Monthly,en_allocation_status_Weekly,percentage_allocation_Daily,percentage_allocation_Monthly,percentage_allocation_Weekly,alerts_ratability_Daily,alerts_ratability_Monthly,alerts_ratability_Weekly,next_refresh_date_Daily,next_refresh_date_Monthly,Week_switch,Modified_NRD,next_refresh_date_Weekly,en_account_type_Daily,en_account_type_Monthly,en_account_type_Weekly,NRB_Daily,next_refresh_base_gallons_Daily,NRB_Monthly,next_refresh_base_gallons_Monthly,next_refresh_base_gallons_Weekly,staging_id_Daily,staging_id_Monthly,staging_id_Weekly,base_gallons_Daily_Reconciled,base_gallons_Monthly_Reconciled,base_gallons_Weekly_Reconciled,beginning_gallons_Daily_Reconciled,beginning_gallons_Monthly_Reconciled,beginning_gallons_Weekly_Reconciled,sanityWeekly_CumulativeDaily_WeeksByLiftedGallons,sanityWeekly_CumulativeDaily_NextRefreshDate,computedWeekly,sanityComputedWeekly,computedMonthly,sanityComputedMonthly,sanityMonthly_CumulativeDaily_WeeksByLiftedGallons,sanityMonthly_CumulativeDaily_WeeksByNextRefreshDate
2015-07-01,2015-07-01 00:00:00,Exxon,PILOT TRAVEL CENTERS LLC 103637 IW,BATON ROUGE LA (MOC) - 00CE,Reg CG DS,8268,-1,57874,0,0,0,0,0,-1,0,-1,89302,0,w1,0,0,89302,12402,-1,81024,Out,-1,Out,150,100,140,Below Trend,-1,On Track,07/02 00:00:00 CDT,-1,w1,0,2015-07-02 00:00:00,Contract,-1,Contract,8268,8268,-1,-1,57874,507928,-1,507929,8268,-1,57874,12402,-1,81024,True,True,0,False,0,False,0,0
2015-07-02,2015-07-02 00:00:00,Exxon,PILOT TRAVEL CENTERS LLC 103637 IW,BATON ROUGE LA (MOC) - 00CE,Reg CG DS,8268,-1,57874,3,6800,0,0,0,-1,0,-1,0,0,w2,0,0,0,12402,-1,81024,Available,-1,Available,150,100,140,Below Trend,-1,Below Trend,07/03 00:00:00 CDT,-1,w2,0,2015-07-09 00:00:00,Contract,-1,Contract,8268,8268,-1,-1,57874,527003,-1,527004,8268,-1,57874,12402,-1,81024,True,False,6800,True,6800,False,0,0
2015-07-03,2015-07-03 00:00:00,Exxon,PILOT TRAVEL CENTERS LLC 103637 IW,BATON ROUGE LA (MOC) - 00CE,Reg CG DS,8268,-1,57874,3,18000,1,15800,9000,-1,0,-1,15800,0,w2,9000,0,15800,12402,-1,81024,Available,-1,Available,150,100,140,Above Trend,-1,On Track,07/04 00:00:00 CDT,-1,w2,0,2015-07-09 00:00:00,Contract,-1,Contract,8268,8268,-1,-1,57874,534844,-1,534845,8268,-1,57874,12402,-1,81024,True,False,24800,True,24800,False,0,0
2015-07-04,2015-07-04 00:00:00,Exxon,PILOT TRAVEL CENTERS LLC 103637 IW,BATON ROUGE LA (MOC) - 00CE,Reg CG DS,8268,-1,57874,3,7600,1,16600,7600,-1,0,-1,32400,0,w2,7600,0,32400,12402,-1,81024,Available,-1,Available,150,100,140,Above Trend,-1,Above Trend,07/05 00:00:00 CDT,-1,w2,0,2015-07-09 00:00:00,Contract,-1,Contract,8268,8268,-1,-1,57874,540906,-1,540907,8268,-1,57874,12402,-1,81024,True,True,32400,True,32400,False,0,0
2015-07-05,2015-07-05 00:00:00,Exxon,PILOT TRAVEL CENTERS LLC 103637 IW,BATON ROUGE LA (MOC) - 00CE,Reg CG DS,8268,-1,57874,3,17900,0,9000,9000,-1,0,-1,41400,0,w2,9000,0,41400,12402,-1,81024,Available,-1,Available,150,100,140,Above Trend,-1,On Track,07/06 00:00:00 CDT,-1,w2,0,2015-07-09 00:00:00,Contract,-1,Contract,8268,8268,-1,-1,57874,547349,-1,547350,8268,-1,57874,12402,-1,81024,True,False,50300,True,50300,False,0,0
2015-07-06,2015-07-06 00:00:00,Exxon,PILOT TRAVEL CENTERS LLC 103637 IW,BATON ROUGE LA (MOC) - 00CE,Reg CG DS,8268,-1,57874,3,17900,1,8900,0,-1,0,-1,50300,0,w2,0,0,50300,12402,-1,81024,Available,-1,Available,150,100,140,Below Trend,-1,On Track,07/07 00:00:00 CDT,-1,w2,0,2015-07-09 00:00:00,Contract,-1,Contract,8268,8268,-1,-1,57874,553665,-1,553666,8268,-1,57874,12402,-1,81024,True,False,68200,True,68200,False,0,0
2015-07-07,2015-07-07 00:00:00,Exxon,PILOT TRAVEL CENTERS LLC 103637 IW,BATON ROUGE LA (MOC) - 00CE,Reg CG DS,8268,-1,57874,3,16200,1,34100,16200,-1,0,-1,84400,0,w2,16200,0,84400,12402,-1,81024,Out,-1,Out,150,100,140,Above Trend,-1,Above Trend,07/08 00:00:00 CDT,-1,w2,0,2015-07-09 00:00:00,Contract,-1,Contract,8268,8268,-1,-1,57874,566678,-1,566679,8268,-1,57874,12402,-1,81024,True,True,84400,True,84400,False,0,0
2015-07-08,2015-07-08 00:00:00,Exxon,PILOT TRAVEL CENTERS LLC 103637 IW,BATON ROUGE LA (MOC) - 00CE,Reg CG DS,8268,-1,57874,0,0,0,0,0,-1,0,-1,84400,0,w2,0,0,84400,12402,-1,81024,Out,-1,Out,150,100,140,Below Trend,-1,On Track,07/09 00:00:00 CDT,-1,w2,0,2015-07-09 00:00:00,Contract,-1,Contract,8268,8268,-1,-1,57874,576279,-1,576280,8268,-1,57874,12402,-1,81024,True,True,84400,True,84400,False,0,0
2015-07-09,2015-07-09 00:00:00,Exxon,PILOT TRAVEL CENTERS LLC 103637 IW,BATON ROUGE LA (MOC) - 00CE,Reg CG DS,8268,-1,57874,6,6000,0,-1,-1,-1,0,-1,-1,6,w3,-1,0,6000,12402,-1,81024,-1,-1,-1,100,100,100,-1,-1,-1,-1,-1,w3,1,2015-07-16 00:00:00,-1,-1,-1,8268,-1,-1,-1,-1,-1,-1,-1,12402,-1,81024,8268,-1,57874,True,True,6000,True,90400,False,0,0
2015-07-10,2015-07-10 00:00:00,Exxon,PILOT TRAVEL CENTERS LLC 103637 IW,BATON ROUGE LA (MOC) - 00CE,Reg CG DS,8268,-1,57874,3,21300,0,21300,21300,-1,0,-1,27300,0,w3,21300,0,27300,12402,-1,81024,Out,-1,Out,150,100,140,Above Trend,-1,Above Trend,07/11 00:00:00 CDT,-1,w3,0,2015-07-16 00:00:00,Contract,-1,Contract,8268,8268,-1,-1,57874,609286,-1,609287,8268,-1,57874,12402,-1,81024,False,True,27300,True,111700,False,0,0
2015-07-11,2015-07-11 00:00:00,Exxon,PILOT TRAVEL CENTERS LLC 103637 IW,BATON ROUGE LA (MOC) - 00CE,Reg CG DS,8268,-1,57874,3,0,0,0,0,-1,0,-1,27300,0,w3,0,0,27300,12402,-1,81024,Available,-1,Available,150,100,140,Below Trend,-1,Below Trend,07/12 00:00:00 CDT,-1,w3,0,2015-07-16 00:00:00,Contract,-1,Contract,8268,8268,-1,-1,57874,637900,-1,637901,8268,-1,57874,12402,-1,81024,False,True,27300,True,111700,False,0,0
2015-07-12,2015-07-12 00:00:00,Exxon,PILOT TRAVEL CENTERS LLC 103637 IW,BATON ROUGE LA (MOC) - 00CE,Reg CG DS,8268,-1,57874,3,17700,0,17700,17700,-1,0,-1,45000,0,w3,17700,0,45000,12402,-1,81024,Out,-1,Out,150,100,140,Above Trend,-1,On Track,07/13 00:00:00 CDT,-1,w3,0,2015-07-16 00:00:00,Contract,-1,Contract,8268,8268,-1,-1,57874,667314,-1,667315,8268,-1,57874,12402,-1,81024,False,True,45000,True,129400,False,0,0
2015-07-13,2015-07-13 00:00:00,Exxon,PILOT TRAVEL CENTERS LLC 103637 IW,BATON ROUGE LA (MOC) - 00CE,Reg CG DS,8268,-1,57874,3,0,0,0,0,-1,0,-1,45000,0,w3,0,0,45000,12402,-1,81024,Available,-1,Available,150,100,140,Below Trend,-1,Below Trend,07/14 00:00:00 CDT,-1,w3,0,2015-07-16 00:00:00,Contract,-1,Contract,8268,8268,-1,-1,57874,697910,-1,697911,8268,-1,57874,12402,-1,81024,False,True,45000,True,129400,False,0,0
2015-07-14,2015-07-14 00:00:00,Exxon,PILOT TRAVEL CENTERS LLC 103637 IW,BATON ROUGE LA (MOC) - 00CE,Reg CG DS,8268,-1,57874,3,24601,0,24601,24601,-1,0,-1,69601,0,w3,24601,0,69601,12402,-1,81024,Out,-1,Out,150,100,140,Above Trend,-1,On Track,07/15 00:00:00 CDT,-1,w3,0,2015-07-16 00:00:00,Contract,-1,Contract,8268,8268,-1,-1,57874,730799,-1,730800,8268,-1,57874,12402,-1,81024,False,True,69601,True,154001,False,0,0
2015-07-15,2015-07-15 00:00:00,Exxon,PILOT TRAVEL CENTERS LLC 103637 IW,BATON ROUGE LA (MOC) - 00CE,Reg CG DS,8268,-1,57874,0,7700,0,7700,7700,-1,0,-1,77301,0,w3,7700,0,77301,12402,-1,81024,Available,-1,Available,150,100,140,Below Trend,-1,On Track,07/16 00:00:00 CDT,-1,w3,0,2015-07-16 00:00:00,Contract,-1,Contract,8268,8268,-1,-1,57874,756273,-1,756274,8268,-1,57874,12402,-1,81024,False,True,77301,True,161701,False,0,0
2015-07-16,2015-07-16 00:00:00,Exxon,PILOT TRAVEL CENTERS LLC 103637 IW,BATON ROUGE LA (MOC) - 00CE,Reg CG DS,8268,-1,57874,3,6800,0,6800,6800,-1,0,-1,6800,0,w4,6800,0,6800,12402,-1,81024,Available,-1,Available,150,100,140,Below Trend,-1,Below Trend,07/17 00:00:00 CDT,-1,w4,0,2015-07-23 00:00:00,Contract,-1,Contract,8268,8268,-1,-1,57874,788552,-1,788553,8268,-1,57874,12402,-1,81024,True,True,6800,True,168501,False,0,0
2015-07-17,2015-07-17 00:00:00,Exxon,PILOT TRAVEL CENTERS LLC 103637 IW,BATON ROUGE LA (MOC) - 00CE,Reg CG DS,8268,-1,57874,3,17600,0,17600,17600,-1,0,-1,24400,0,w4,17600,0,24400,12402,-1,81024,Out,-1,Out,150,100,140,Above Trend,-1,On Track,07/18 00:00:00 CDT,-1,w4,0,2015-07-23 00:00:00,Contract,-1,Contract,8268,8268,-1,-1,57874,821599,-1,821600,8268,-1,57874,12402,-1,81024,True,True,24400,True,186101,False,0,0
2015-07-18,2015-07-18 00:00:00,Exxon,PILOT TRAVEL CENTERS LLC 103637 IW,BATON ROUGE LA (MOC) - 00CE,Reg CG DS,8268,-1,57874,3,7750,0,7750,7750,-1,0,-1,32150,0,w4,7750,0,32150,12402,-1,81024,Available,-1,Available,150,100,140,Below Trend,-1,On Track,07/19 00:00:00 CDT,-1,w4,0,2015-07-23 00:00:00,Contract,-1,Contract,8268,8268,-1,-1,57874,852061,-1,852062,8268,-1,57874,12402,-1,81024,True,True,32150,True,193851,False,0,0
2015-07-19,2015-07-19 00:00:00,Exxon,PILOT TRAVEL CENTERS LLC 103637 IW,BATON ROUGE LA (MOC) - 00CE,Reg CG DS,8268,-1,57874,3,0,0,0,0,-1,0,-1,32150,0,w4,0,0,32150,12402,-1,81024,Available,-1,Available,150,100,140,Below Trend,-1,Below Trend,07/20 00:00:00 CDT,-1,w4,0,2015-07-23 00:00:00,Contract,-1,Contract,8268,8268,-1,-1,57874,883322,-1,883323,8268,-1,57874,12402,-1,81024,True,True,32150,True,193851,False,0,0
2015-07-20,2015-07-20 00:00:00,Exxon,PILOT TRAVEL CENTERS LLC 103637 IW,BATON ROUGE LA (MOC) - 00CE,Reg CG DS,8268,-1,57874,3,0,0,0,0,-1,0,-1,32150,0,w4,0,0,32150,12402,-1,81024,Available,-1,Available,150,100,140,Below Trend,-1,Below Trend,07/21 00:00:00 CDT,-1,w4,0,2015-07-23 00:00:00,Contract,-1,Contract,8268,8268,-1,-1,57874,913688,-1,913689,8268,-1,57874,12402,-1,81024,True,True,32150,True,193851,False,0,0
2015-07-21,2015-07-21 00:00:00,Exxon,PILOT TRAVEL CENTERS LLC 103637 IW,BATON ROUGE LA (MOC) - 00CE,Reg CG DS,8268,-1,57874,3,17000,0,17000,17000,-1,0,-1,49150,0,w4,17000,0,49150,12402,-1,81024,Out,-1,Out,150,100,140,Above Trend,-1,Below Trend,07/22 00:00:00 CDT,-1,w4,0,2015-07-23 00:00:00,Contract,-1,Contract,8268,8268,-1,-1,57874,942875,-1,942876,8268,-1,57874,12402,-1,81024,True,True,49150,True,210851,False,0,0
2015-07-22,2015-07-22 00:00:00,Exxon,PILOT TRAVEL CENTERS LLC 103637 IW,BATON ROUGE LA (MOC) - 00CE,Reg CG DS,8268,-1,57874,0,18001,0,18001,18001,-1,0,-1,67151,0,w4,18001,0,67151,12402,-1,81024,Out,-1,Out,150,100,140,Above Trend,-1,On Track,07/23 00:00:00 CDT,-1,w4,0,2015-07-23 00:00:00,Contract,-1,Contract,8268,8268,-1,-1,57874,976304,-1,976305,8268,-1,57874,12402,-1,81024,True,True,67151,True,228852,False,0,0
2015-07-23,2015-07-23 00:00:00,Exxon,PILOT TRAVEL CENTERS LLC 103637 IW,BATON ROUGE LA (MOC) - 00CE,Reg CG DS,8268,-1,57874,3,8000,0,8000,8000,-1,0,-1,8000,0,w5,8000,0,8000,12402,-1,81024,Available,-1,Available,150,100,140,Below Trend,-1,Below Trend,07/24 00:00:00 CDT,-1,w5,0,2015-07-30 00:00:00,Contract,-1,Contract,8268,8268,-1,-1,57874,1002968,-1,1002969,8268,-1,57874,12402,-1,81024,True,True,8000,True,236852,False,0,0
2015-07-24,2015-07-24 00:00:00,Exxon,PILOT TRAVEL CENTERS LLC 103637 IW,BATON ROUGE LA (MOC) - 00CE,Reg CG DS,8268,-1,57874,3,17000,0,17000,17000,-1,0,-1,25000,0,w5,17000,0,25000,12402,-1,81024,Out,-1,Out,150,100,140,Above Trend,-1,On Track,07/25 00:00:00 CDT,-1,w5,0,2015-07-30 00:00:00,Contract,-1,Contract,8268,8268,-1,-1,57874,1033213,-1,1033214,8268,-1,57874,12402,-1,81024,True,True,25000,True,253852,False,0,0
2015-07-25,2015-07-25 00:00:00,Exxon,PILOT TRAVEL CENTERS LLC 103637 IW,BATON ROUGE LA (MOC) - 00CE,Reg CG DS,8268,-1,57874,3,16901,0,16901,16901,-1,0,-1,41901,0,w5,16901,0,41901,12402,-1,81024,Out,-1,Out,150,100,140,Above Trend,-1,Above Trend,07/26 00:00:00 CDT,-1,w5,0,2015-07-30 00:00:00,Contract,-1,Contract,8268,8268,-1,-1,57874,1063523,-1,1063524,8268,-1,57874,12402,-1,81024,True,True,41901,True,270753,False,0,0
2015-07-26,2015-07-26 00:00:00,Exxon,PILOT TRAVEL CENTERS LLC 103637 IW,BATON ROUGE LA (MOC) - 00CE,Reg CG DS,8268,-1,57874,3,25598,0,25598,25598,-1,0,-1,67499,0,w5,25598,0,67499,12402,-1,81024,Out,-1,Out,150,100,140,Above Trend,-1,Above Trend,07/27 00:00:00 CDT,-1,w5,0,2015-07-30 00:00:00,Contract,-1,Contract,8268,8268,-1,-1,57874,1093578,-1,1093579,8268,-1,57874,12402,-1,81024,True,True,67499,True,296351,False,0,0
2015-07-27,2015-07-27 00:00:00,Exxon,PILOT TRAVEL CENTERS LLC 103637 IW,BATON ROUGE LA (MOC) - 00CE,Reg CG DS,8268,-1,57874,3,13101,0,13101,13101,-1,0,-1,80600,0,w5,13101,0,80600,12402,-1,81024,Out,-1,Out,150,100,140,On Track,-1,Above Trend,07/28 00:00:00 CDT,-1,w5,0,2015-07-30 00:00:00,Contract,-1,Contract,8268,8268,-1,-1,57874,1123888,-1,1123889,8268,-1,57874,12402,-1,81024,True,True,80600,True,309452,False,0,0
2015-07-28,2015-07-28 00:00:00,Exxon,PILOT TRAVEL CENTERS LLC 103637 IW,BATON ROUGE LA (MOC) - 00CE,Reg CG DS,8268,-1,57874,3,8000,0,8000,8000,-1,0,-1,88600,0,w5,8000,0,88600,12402,-1,81024,Out,-1,Out,150,100,140,Below Trend,-1,Above Trend,07/29 00:00:00 CDT,-1,w5,0,2015-07-30 00:00:00,Contract,-1,Contract,8268,8268,-1,-1,57874,1154198,-1,1154199,8268,-1,57874,12402,-1,81024,True,True,88600,True,317452,False,0,0
2015-07-29,2015-07-29 00:00:00,Exxon,PILOT TRAVEL CENTERS LLC 103637 IW,BATON ROUGE LA (MOC) - 00CE,Reg CG DS,8268,-1,57874,0,0,0,0,0,-1,0,-1,88600,0,w5,0,0,88600,12402,-1,81024,Out,-1,Out,150,100,140,Below Trend,-1,On Track,07/30 00:00:00 CDT,-1,w5,0,2015-07-30 00:00:00,Contract,-1,Contract,8268,8268,-1,-1,57874,1183485,-1,1183486,8268,-1,57874,12402,-1,81024,True,True,88600,True,317452,False,0,0
2015-07-30,2015-07-30 00:00:00,Exxon,PILOT TRAVEL CENTERS LLC 103637 IW,BATON ROUGE LA (MOC) - 00CE,Reg CG DS,8268,-1,57874,3,9000,0,9000,9000,-1,0,-1,9000,0,w6,9000,0,9000,12402,-1,81024,Available,-1,Available,150,100,140,Below Trend,-1,On Track,07/31 00:00:00 CDT,-1,w6,0,2015-08-06 00:00:00,Contract,-1,Contract,8268,8268,-1,-1,57874,1214818,-1,1214819,8268,-1,57874,12402,-1,81024,True,True,9000,True,326452,False,0,0
2015-07-31,2015-07-31 00:00:00,Exxon,PILOT TRAVEL CENTERS LLC 103637 IW,BATON ROUGE LA (MOC) - 00CE,Reg CG DS,8268,-1,57874,0,17001,0,17001,17001,-1,0,-1,26001,0,w6,17001,0,26001,12402,-1,81024,Out,-1,Out,150,100,140,Above Trend,-1,On Track,08/01 00:00:00 CDT,-1,w6,0,2015-08-06 00:00:00,Contract,-1,Contract,8268,8268,-1,-1,57874,1245001,-1,1245002,8268,-1,57874,12402,-1,81024,True,True,26001,True,343453,False,0,0
