,date,supplier_name,account_type,supplier_terminal_name,product_name,base_gallons_Daily,base_gallons_Monthly,base_gallons_Weekly,lifted_gallons_daily_flag,lifted_gallons_daily_modified,Modified_WeeksByLiftedGallons,lifted_gallons_modified_WeeksByLiftedGallons,lifted_gallons_Daily,Lifted_actual_monthly,lifted_gallons_monthly_flag,lifted_gallons_Monthly,Lifted_actual_weekly,lifted_gallons_weekly_flag,WeeksByLiftedGallons,lifted_gallonsWeekly_modified_aposteriori,Modified_LiftedGallonsaposteriori,lifted_gallons_Weekly,beginning_gallons_Daily,beginning_gallons_Monthly,beginning_gallons_Weekly,en_allocation_status_Daily,en_allocation_status_Monthly,en_allocation_status_Weekly,percentage_allocation_Daily,percentage_allocation_Monthly,percentage_allocation_Weekly,alerts_ratability_Daily,alerts_ratability_Monthly,alerts_ratability_Weekly,next_refresh_date_Daily,next_refresh_date_Monthly,Week_switch,Modified_NRD,next_refresh_date_Weekly,en_account_type_Daily,en_account_type_Monthly,en_account_type_Weekly,NRB_Daily,next_refresh_base_gallons_Daily,NRB_Monthly,next_refresh_base_gallons_Monthly,next_refresh_base_gallons_Weekly,staging_id_Daily,staging_id_Monthly,staging_id_Weekly,base_gallons_Daily_Reconciled,base_gallons_Monthly_Reconciled,base_gallons_Weekly_Reconciled,beginning_gallons_Daily_Reconciled,beginning_gallons_Monthly_Reconciled,beginning_gallons_Weekly_Reconciled,sanityWeekly_CumulativeDaily_WeeksByLiftedGallons,sanityWeekly_CumulativeDaily_NextRefreshDate,computedWeekly,sanityComputedWeekly,computedMonthly,sanityComputedMonthly,sanityMonthly_CumulativeDaily_WeeksByLiftedGallons,sanityMonthly_CumulativeDaily_WeeksByNextRefreshDate
2015-07-01,2015-07-01 00:00:00,Exxon,PILOT TRAVEL CENTERS LLC 103637 IW,MEMPHIS TN (MOC) - 00QE,Prem CBOB<9,687,-1,4810,0,0,0,0,0,-1,0,-1,5405,0,w1,0,0,5405,1031,-1,6734,Available,-1,Available,150,100,140,Below Trend,-1,On Track,07/02 00:00:00 CDT,-1,w1,0,2015-07-02 00:00:00,Contract,-1,Contract,687,687,-1,-1,4810,507948,-1,507949,687,-1,4810,1031,-1,6734,True,True,0,False,0,False,0,0
2015-07-02,2015-07-02 00:00:00,Exxon,PILOT TRAVEL CENTERS LLC 103637 IW,MEMPHIS TN (MOC) - 00QE,Prem CBOB<9,687,-1,4810,3,0,0,0,0,-1,0,-1,0,0,w2,0,0,0,1031,-1,6734,Available,-1,Available,150,100,140,Below Trend,-1,Below Trend,07/03 00:00:00 CDT,-1,w2,0,2015-07-09 00:00:00,Contract,-1,Contract,687,687,-1,-1,4810,527023,-1,527024,687,-1,4810,1031,-1,6734,True,True,0,True,0,False,0,0
2015-07-03,2015-07-03 00:00:00,Exxon,PILOT TRAVEL CENTERS LLC 103637 IW,MEMPHIS TN (MOC) - 00QE,Prem CBOB<9,687,-1,4810,3,0,0,0,0,-1,0,-1,0,0,w2,0,0,0,1031,-1,6734,Available,-1,Available,150,100,140,Below Trend,-1,Below Trend,07/04 00:00:00 CDT,-1,w2,0,2015-07-09 00:00:00,Contract,-1,Contract,687,687,-1,-1,4810,534864,-1,534865,687,-1,4810,1031,-1,6734,True,True,0,True,0,False,0,0
2015-07-04,2015-07-04 00:00:00,Exxon,PILOT TRAVEL CENTERS LLC 103637 IW,MEMPHIS TN (MOC) - 00QE,Prem CBOB<9,687,-1,4810,3,1000,0,1000,1000,-1,0,-1,1000,0,w2,1000,0,1000,1031,-1,6734,Available,-1,Available,150,100,140,Above Trend,-1,Below Trend,07/05 00:00:00 CDT,-1,w2,0,2015-07-09 00:00:00,Contract,-1,Contract,687,687,-1,-1,4810,540926,-1,540927,687,-1,4810,1031,-1,6734,True,True,1000,True,1000,False,0,0
2015-07-05,2015-07-05 00:00:00,Exxon,PILOT TRAVEL CENTERS LLC 103637 IW,MEMPHIS TN (MOC) - 00QE,Prem CBOB<9,687,-1,4810,3,1200,0,1200,1200,-1,0,-1,2200,0,w2,1200,0,2200,1031,-1,6734,Out,-1,Out,150,100,140,Above Trend,-1,Below Trend,07/06 00:00:00 CDT,-1,w2,0,2015-07-09 00:00:00,Contract,-1,Contract,687,687,-1,-1,4810,547369,-1,547370,687,-1,4810,1031,-1,6734,True,True,2200,True,2200,False,0,0
2015-07-06,2015-07-06 00:00:00,Exxon,PILOT TRAVEL CENTERS LLC 103637 IW,MEMPHIS TN (MOC) - 00QE,Prem CBOB<9,687,-1,4810,3,1205,0,0,0,-1,0,-1,2200,0,w2,0,0,2200,1031,-1,6734,Available,-1,Available,150,100,140,Below Trend,-1,Below Trend,07/07 00:00:00 CDT,-1,w2,0,2015-07-09 00:00:00,Contract,-1,Contract,687,687,-1,-1,4810,553685,-1,553686,687,-1,4810,1031,-1,6734,True,False,3405,True,3405,False,0,0
2015-07-07,2015-07-07 00:00:00,Exxon,PILOT TRAVEL CENTERS LLC 103637 IW,MEMPHIS TN (MOC) - 00QE,Prem CBOB<9,687,-1,4810,3,0,1,1205,0,-1,0,-1,3405,0,w2,0,0,3405,1031,-1,6734,Available,-1,Available,150,100,140,Below Trend,-1,Below Trend,07/08 00:00:00 CDT,-1,w2,0,2015-07-09 00:00:00,Contract,-1,Contract,687,687,-1,-1,4810,566698,-1,566699,687,-1,4810,1031,-1,6734,True,True,3405,True,3405,False,0,0
2015-07-08,2015-07-08 00:00:00,Exxon,PILOT TRAVEL CENTERS LLC 103637 IW,MEMPHIS TN (MOC) - 00QE,Prem CBOB<9,687,-1,4810,0,0,0,0,0,-1,0,-1,3405,0,w2,0,0,3405,1031,-1,6734,Available,-1,Available,150,100,140,Below Trend,-1,Below Trend,07/09 00:00:00 CDT,-1,w2,0,2015-07-09 00:00:00,Contract,-1,Contract,687,687,-1,-1,4810,576299,-1,576300,687,-1,4810,1031,-1,6734,True,True,3405,True,3405,False,0,0
2015-07-09,2015-07-09 00:00:00,Exxon,PILOT TRAVEL CENTERS LLC 103637 IW,MEMPHIS TN (MOC) - 00QE,Prem CBOB<9,687,-1,4810,6,0,0,-1,-1,-1,0,-1,-1,6,w3,-1,0,0,1031,-1,6734,-1,-1,-1,100,100,100,-1,-1,-1,-1,-1,w3,1,2015-07-16 00:00:00,-1,-1,-1,687,-1,-1,-1,-1,-1,-1,-1,1031,-1,6734,687,-1,4810,True,True,0,True,3405,False,0,0
2015-07-10,2015-07-10 00:00:00,Exxon,PILOT TRAVEL CENTERS LLC 103637 IW,MEMPHIS TN (MOC) - 00QE,Prem CBOB<9,687,-1,4810,3,1000,0,1000,1000,-1,0,-1,1000,0,w3,1000,0,1000,1031,-1,6734,Available,-1,Available,150,100,140,On Track,-1,Below Trend,07/11 00:00:00 CDT,-1,w3,0,2015-07-16 00:00:00,Contract,-1,Contract,687,687,-1,-1,4810,609306,-1,609307,687,-1,4810,1031,-1,6734,False,True,1000,True,4405,False,0,0
2015-07-11,2015-07-11 00:00:00,Exxon,PILOT TRAVEL CENTERS LLC 103637 IW,MEMPHIS TN (MOC) - 00QE,Prem CBOB<9,687,-1,4810,3,1200,0,1200,1200,-1,0,-1,2200,0,w3,1200,0,2200,1031,-1,6734,Out,-1,Out,150,100,140,Above Trend,-1,Below Trend,07/12 00:00:00 CDT,-1,w3,0,2015-07-16 00:00:00,Contract,-1,Contract,687,687,-1,-1,4810,637920,-1,637921,687,-1,4810,1031,-1,6734,False,True,2200,True,5605,False,0,0
2015-07-12,2015-07-12 00:00:00,Exxon,PILOT TRAVEL CENTERS LLC 103637 IW,MEMPHIS TN (MOC) - 00QE,Prem CBOB<9,687,-1,4810,3,1200,0,1200,1200,-1,0,-1,3400,0,w3,1200,0,3400,1031,-1,6734,Out,-1,Out,150,100,140,Above Trend,-1,On Track,07/13 00:00:00 CDT,-1,w3,0,2015-07-16 00:00:00,Contract,-1,Contract,687,687,-1,-1,4810,667334,-1,667335,687,-1,4810,1031,-1,6734,False,True,3400,True,6805,False,0,0
2015-07-13,2015-07-13 00:00:00,Exxon,PILOT TRAVEL CENTERS LLC 103637 IW,MEMPHIS TN (MOC) - 00QE,Prem CBOB<9,687,-1,4810,3,8610,0,8610,8610,-1,0,-1,12010,0,w3,8610,0,12010,1031,-1,6734,Out,-1,Out,150,100,140,Above Trend,-1,Above Trend,07/14 00:00:00 CDT,-1,w3,0,2015-07-16 00:00:00,Contract,-1,Contract,687,687,-1,-1,4810,697929,-1,697930,687,-1,4810,1031,-1,6734,False,True,12010,True,15415,False,0,0
2015-07-14,2015-07-14 00:00:00,Exxon,PILOT TRAVEL CENTERS LLC 103637 IW,MEMPHIS TN (MOC) - 00QE,Prem CBOB<9,687,-1,4810,3,0,0,0,0,-1,0,-1,12010,0,w3,0,0,12010,1031,-1,6734,Out,-1,Out,150,100,140,Below Trend,-1,Above Trend,07/15 00:00:00 CDT,-1,w3,0,2015-07-16 00:00:00,Contract,-1,Contract,687,687,-1,-1,4810,730819,-1,730820,687,-1,4810,1031,-1,6734,False,True,12010,True,15415,False,0,0
2015-07-15,2015-07-15 00:00:00,Exxon,PILOT TRAVEL CENTERS LLC 103637 IW,MEMPHIS TN (MOC) - 00QE,Prem CBOB<9,687,-1,4810,0,0,0,0,0,-1,0,-1,12010,0,w3,0,0,12010,1031,-1,6734,Out,-1,Out,150,100,140,Below Trend,-1,Above Trend,07/16 00:00:00 CDT,-1,w3,0,2015-07-16 00:00:00,Contract,-1,Contract,687,687,-1,-1,4810,756293,-1,756294,687,-1,4810,1031,-1,6734,False,True,12010,True,15415,False,0,0
2015-07-16,2015-07-16 00:00:00,Exxon,PILOT TRAVEL CENTERS LLC 103637 IW,MEMPHIS TN (MOC) - 00QE,Prem CBOB<9,687,-1,4810,3,0,0,0,0,-1,0,-1,0,0,w4,0,0,0,1031,-1,6734,Available,-1,Available,150,100,140,Below Trend,-1,Below Trend,07/17 00:00:00 CDT,-1,w4,0,2015-07-23 00:00:00,Contract,-1,Contract,687,687,-1,-1,4810,788572,-1,788573,687,-1,4810,1031,-1,6734,True,True,0,True,15415,False,0,0
2015-07-17,2015-07-17 00:00:00,Exxon,PILOT TRAVEL CENTERS LLC 103637 IW,MEMPHIS TN (MOC) - 00QE,Prem CBOB<9,687,-1,4810,3,1100,0,1100,1100,-1,0,-1,1100,0,w4,1100,0,1100,1031,-1,6734,Out,-1,Out,150,100,140,On Track,-1,Below Trend,07/18 00:00:00 CDT,-1,w4,0,2015-07-23 00:00:00,Contract,-1,Contract,687,687,-1,-1,4810,821619,-1,821620,687,-1,4810,1031,-1,6734,True,True,1100,True,16515,False,0,0
2015-07-18,2015-07-18 00:00:00,Exxon,PILOT TRAVEL CENTERS LLC 103637 IW,MEMPHIS TN (MOC) - 00QE,Prem CBOB<9,687,-1,4810,3,0,0,0,0,-1,0,-1,1100,0,w4,0,0,1100,1031,-1,6734,Available,-1,Available,150,100,140,Below Trend,-1,Below Trend,07/19 00:00:00 CDT,-1,w4,0,2015-07-23 00:00:00,Contract,-1,Contract,687,687,-1,-1,4810,852081,-1,852082,687,-1,4810,1031,-1,6734,True,True,1100,True,16515,False,0,0
2015-07-19,2015-07-19 00:00:00,Exxon,PILOT TRAVEL CENTERS LLC 103637 IW,MEMPHIS TN (MOC) - 00QE,Prem CBOB<9,687,-1,4810,3,1100,0,1100,1100,-1,0,-1,2200,0,w4,1100,0,2200,1031,-1,6734,Out,-1,Out,150,100,140,On Track,-1,Below Trend,07/20 00:00:00 CDT,-1,w4,0,2015-07-23 00:00:00,Contract,-1,Contract,687,687,-1,-1,4810,883342,-1,883343,687,-1,4810,1031,-1,6734,True,True,2200,True,17615,False,0,0
2015-07-20,2015-07-20 00:00:00,Exxon,PILOT TRAVEL CENTERS LLC 103637 IW,MEMPHIS TN (MOC) - 00QE,Prem CBOB<9,687,-1,4810,3,0,0,0,0,-1,0,-1,2200,0,w4,0,0,2200,1031,-1,6734,Available,-1,Available,150,100,140,Below Trend,-1,Below Trend,07/21 00:00:00 CDT,-1,w4,0,2015-07-23 00:00:00,Contract,-1,Contract,687,687,-1,-1,4810,913708,-1,913709,687,-1,4810,1031,-1,6734,True,True,2200,True,17615,False,0,0
2015-07-21,2015-07-21 00:00:00,Exxon,PILOT TRAVEL CENTERS LLC 103637 IW,MEMPHIS TN (MOC) - 00QE,Prem CBOB<9,687,-1,4810,3,0,0,0,0,-1,0,-1,2200,0,w4,0,0,2200,1031,-1,6734,Available,-1,Available,150,100,140,Below Trend,-1,Below Trend,07/22 00:00:00 CDT,-1,w4,0,2015-07-23 00:00:00,Contract,-1,Contract,687,687,-1,-1,4810,942895,-1,942896,687,-1,4810,1031,-1,6734,True,True,2200,True,17615,False,0,0
2015-07-22,2015-07-22 00:00:00,Exxon,PILOT TRAVEL CENTERS LLC 103637 IW,MEMPHIS TN (MOC) - 00QE,Prem CBOB<9,687,-1,4810,0,0,0,0,0,-1,0,-1,2200,0,w4,0,0,2200,1031,-1,6734,Available,-1,Available,150,100,140,Below Trend,-1,Below Trend,07/23 00:00:00 CDT,-1,w4,0,2015-07-23 00:00:00,Contract,-1,Contract,687,687,-1,-1,4810,976324,-1,976325,687,-1,4810,1031,-1,6734,True,True,2200,True,17615,False,0,0
2015-07-23,2015-07-23 00:00:00,Exxon,PILOT TRAVEL CENTERS LLC 103637 IW,MEMPHIS TN (MOC) - 00QE,Prem CBOB<9,687,-1,4810,3,0,0,0,0,-1,0,-1,0,0,w5,0,0,0,1031,-1,6734,Available,-1,Available,150,100,140,Below Trend,-1,Below Trend,07/24 00:00:00 CDT,-1,w5,0,2015-07-30 00:00:00,Contract,-1,Contract,687,687,-1,-1,4810,1002988,-1,1002989,687,-1,4810,1031,-1,6734,True,True,0,True,17615,False,0,0
2015-07-24,2015-07-24 00:00:00,Exxon,PILOT TRAVEL CENTERS LLC 103637 IW,MEMPHIS TN (MOC) - 00QE,Prem CBOB<9,687,-1,4810,3,8500,0,8500,8500,-1,0,-1,8500,0,w5,8500,0,8500,1031,-1,6734,Out,-1,Out,150,100,140,Above Trend,-1,Above Trend,07/25 00:00:00 CDT,-1,w5,0,2015-07-30 00:00:00,Contract,-1,Contract,687,687,-1,-1,4810,1033234,-1,1033235,687,-1,4810,1031,-1,6734,True,True,8500,True,26115,False,0,0
2015-07-25,2015-07-25 00:00:00,Exxon,PILOT TRAVEL CENTERS LLC 103637 IW,MEMPHIS TN (MOC) - 00QE,Prem CBOB<9,687,-1,4810,3,0,0,0,0,-1,0,-1,8500,0,w5,0,0,8500,1031,-1,6734,Out,-1,Out,150,100,140,Below Trend,-1,Above Trend,07/26 00:00:00 CDT,-1,w5,0,2015-07-30 00:00:00,Contract,-1,Contract,687,687,-1,-1,4810,1063544,-1,1063545,687,-1,4810,1031,-1,6734,True,True,8500,True,26115,False,0,0
2015-07-26,2015-07-26 00:00:00,Exxon,PILOT TRAVEL CENTERS LLC 103637 IW,MEMPHIS TN (MOC) - 00QE,Prem CBOB<9,687,-1,4810,3,0,0,0,0,-1,0,-1,8500,0,w5,0,0,8500,1031,-1,6734,Out,-1,Out,150,100,140,Below Trend,-1,Above Trend,07/27 00:00:00 CDT,-1,w5,0,2015-07-30 00:00:00,Contract,-1,Contract,687,687,-1,-1,4810,1093599,-1,1093600,687,-1,4810,1031,-1,6734,True,True,8500,True,26115,False,0,0
2015-07-27,2015-07-27 00:00:00,Exxon,PILOT TRAVEL CENTERS LLC 103637 IW,MEMPHIS TN (MOC) - 00QE,Prem CBOB<9,687,-1,4810,3,0,0,0,0,-1,0,-1,8500,0,w5,0,0,8500,1031,-1,6734,Available,-1,Available,150,100,140,Below Trend,-1,Above Trend,07/28 00:00:00 CDT,-1,w5,0,2015-07-30 00:00:00,Contract,-1,Contract,687,687,-1,-1,4810,1123910,-1,1123911,687,-1,4810,1031,-1,6734,True,True,8500,True,26115,False,0,0
2015-07-28,2015-07-28 00:00:00,Exxon,PILOT TRAVEL CENTERS LLC 103637 IW,MEMPHIS TN (MOC) - 00QE,Prem CBOB<9,687,-1,4810,3,0,0,0,0,-1,0,-1,8500,0,w5,0,0,8500,1031,-1,6734,Available,-1,Available,150,100,140,Below Trend,-1,Above Trend,07/29 00:00:00 CDT,-1,w5,0,2015-07-30 00:00:00,Contract,-1,Contract,687,687,-1,-1,4810,1154220,-1,1154221,687,-1,4810,1031,-1,6734,True,True,8500,True,26115,False,0,0
2015-07-29,2015-07-29 00:00:00,Exxon,PILOT TRAVEL CENTERS LLC 103637 IW,MEMPHIS TN (MOC) - 00QE,Prem CBOB<9,687,-1,4810,0,1000,0,1000,1000,-1,0,-1,9500,0,w5,1000,0,9500,1031,-1,6734,Available,-1,Available,150,100,140,On Track,-1,Above Trend,07/30 00:00:00 CDT,-1,w5,0,2015-07-30 00:00:00,Contract,-1,Contract,687,687,-1,-1,4810,1183509,-1,1183510,687,-1,4810,1031,-1,6734,True,True,9500,True,27115,False,0,0
2015-07-30,2015-07-30 00:00:00,Exxon,PILOT TRAVEL CENTERS LLC 103637 IW,MEMPHIS TN (MOC) - 00QE,Prem CBOB<9,687,-1,4810,3,0,0,0,0,-1,0,-1,0,0,w6,0,0,0,1031,-1,6734,Available,-1,Available,150,100,140,Below Trend,-1,Below Trend,07/31 00:00:00 CDT,-1,w6,0,2015-08-06 00:00:00,Contract,-1,Contract,687,687,-1,-1,4810,1214841,-1,1214842,687,-1,4810,1031,-1,6734,True,True,0,True,27115,False,0,0
2015-07-31,2015-07-31 00:00:00,Exxon,PILOT TRAVEL CENTERS LLC 103637 IW,MEMPHIS TN (MOC) - 00QE,Prem CBOB<9,687,-1,4810,0,1000,0,1000,1000,-1,0,-1,1000,0,w6,1000,0,1000,1031,-1,6734,Available,-1,Available,150,100,140,On Track,-1,Below Trend,08/01 00:00:00 CDT,-1,w6,0,2015-08-06 00:00:00,Contract,-1,Contract,687,687,-1,-1,4810,1245023,-1,1245024,687,-1,4810,1031,-1,6734,True,True,1000,True,28115,False,0,0
