,date,supplier_name,account_type,supplier_terminal_name,product_name,base_gallons_Daily,base_gallons_Monthly,base_gallons_Weekly,lifted_gallons_daily_flag,lifted_gallons_daily_modified,Modified_WeeksByLiftedGallons,lifted_gallons_modified_WeeksByLiftedGallons,lifted_gallons_Daily,Lifted_actual_monthly,lifted_gallons_monthly_flag,lifted_gallons_Monthly,Lifted_actual_weekly,lifted_gallons_weekly_flag,WeeksByLiftedGallons,lifted_gallonsWeekly_modified_aposteriori,Modified_LiftedGallonsaposteriori,lifted_gallons_Weekly,beginning_gallons_Daily,beginning_gallons_Monthly,beginning_gallons_Weekly,en_allocation_status_Daily,en_allocation_status_Monthly,en_allocation_status_Weekly,percentage_allocation_Daily,percentage_allocation_Monthly,percentage_allocation_Weekly,alerts_ratability_Daily,alerts_ratability_Monthly,alerts_ratability_Weekly,next_refresh_date_Daily,next_refresh_date_Monthly,Week_switch,Modified_NRD,next_refresh_date_Weekly,en_account_type_Daily,en_account_type_Monthly,en_account_type_Weekly,staging_id_Daily,staging_id_Monthly,staging_id_Weekly,base_gallons_Daily_Reconciled,base_gallons_Monthly_Reconciled,base_gallons_Weekly_Reconciled,beginning_gallons_Daily_Reconciled,beginning_gallons_Monthly_Reconciled,beginning_gallons_Weekly_Reconciled,sanityWeekly_CumulativeDaily_WeeksByLiftedGallons,sanityWeekly_CumulativeDaily_NextRefreshDate,computedWeekly,computedMonthly,sanityComputedMonthly,sanityMonthly_CumulativeDaily_WeeksByLiftedGallons,sanityMonthly_CumulativeDaily_WeeksByNextRefreshDate
2015-08-01,2015-08-01 00:00:00,Chevron,PILOT TRAVEL CENTERS LLC : CHV7460761,1043 MONTEBELLO CA TRM CHEVRON,DIESEL #2,29666,919634,207659,1,60542,3,60698,60542,60542,0,60542,234741,1,w1,60542,0,60542,59332,1011597,259574,Out,Available,Low,200,110,125,Above Trend,Above Trend,Above Trend,08/02 00:00:00 PDT,09/01 00:00:00 PDT,w1,0,2015-08-05 00:00:00,Contract,Contract,Contract,1272203,1272205,1272204,29666,919634,207659,59332,1011597,259574,True,True,60542,60542,1,0,1
2015-08-02,2015-08-02 00:00:00,Chevron,PILOT TRAVEL CENTERS LLC : CHV7460761,1043 MONTEBELLO CA TRM CHEVRON,DIESEL #2,29666,919634,207659,1,15202,0,15202,15202,75744,0,75744,249943,1,w1,15202,0,75744,59332,1011597,259574,Available,Available,Low,200,110,125,On Target,Above Trend,Above Trend,08/03 00:00:00 PDT,09/01 00:00:00 PDT,w1,0,2015-08-05 00:00:00,Contract,Contract,Contract,1303026,1303028,1303027,29666,919634,207659,59332,1011597,259574,True,True,75744,75744,1,0,1
2015-08-03,2015-08-03 00:00:00,Chevron,PILOT TRAVEL CENTERS LLC : CHV7460761,1043 MONTEBELLO CA TRM CHEVRON,DIESEL #2,29666,919634,207659,1,15302,0,15302,15302,91046,0,91046,265245,1,w1,15302,0,91046,59332,1011597,259574,Available,Available,Out,200,110,125,On Target,Above Trend,Above Trend,08/04 00:00:00 PDT,09/01 00:00:00 PDT,w1,0,2015-08-05 00:00:00,Contract,Contract,Contract,1331481,1331483,1331482,29666,919634,207659,59332,1011597,259574,True,True,91046,91046,1,0,1
2015-08-04,2015-08-04 00:00:00,Chevron,PILOT TRAVEL CENTERS LLC : CHV7460761,1043 MONTEBELLO CA TRM CHEVRON,DIESEL #2,29666,919634,207659,1,22800,0,22800,22800,113846,0,113846,288045,1,w1,22800,0,113846,59332,1011597,259574,Available,Available,Out,200,110,125,On Target,Above Trend,Above Trend,08/05 00:00:00 PDT,09/01 00:00:00 PDT,w1,0,2015-08-05 00:00:00,Contract,Contract,Contract,1361664,1361666,1361665,29666,919634,207659,59332,1011597,259574,True,True,113846,113846,1,0,1
2015-08-05,2015-08-05 00:00:00,Chevron,PILOT TRAVEL CENTERS LLC : CHV7460761,1043 MONTEBELLO CA TRM CHEVRON,DIESEL #2,29666,919634,207659,1,53201,0,45601,45601,167047,0,167047,45601,1,w2,45601,0,53201,59332,1011597,259574,Limited,Available,Available,200,110,125,Above Trend,Above Trend,Above Trend,08/06 00:00:00 PDT,09/01 00:00:00 PDT,w2,0,2015-08-12 00:00:00,Contract,Contract,Contract,1390149,1390151,1390150,29666,919634,207659,59332,1011597,259574,True,True,53201,167047,1,0,1
2015-08-06,2015-08-06 00:00:00,Chevron,PILOT TRAVEL CENTERS LLC : CHV7460761,1043 MONTEBELLO CA TRM CHEVRON,DIESEL #2,29666,919634,207659,1,68415,1,68415,60715,235462,0,235462,114016,1,w2,60715,0,121616,59332,1011597,259574,Out,Available,Available,200,110,125,Above Trend,Above Trend,Above Trend,08/07 00:00:00 PDT,09/01 00:00:00 PDT,w2,0,2015-08-12 00:00:00,Contract,Contract,Contract,1427021,1427023,1427022,29666,919634,207659,59332,1011597,259574,True,True,121616,235462,1,0,1
2015-08-07,2015-08-07 00:00:00,Chevron,PILOT TRAVEL CENTERS LLC : CHV7460761,1043 MONTEBELLO CA TRM CHEVRON,DIESEL #2,29666,919634,207659,1,14688,0,14688,14688,250150,0,250150,128704,1,w2,14688,0,136304,59332,1011597,259574,Available,Available,Available,200,110,125,On Target,Above Trend,Above Trend,08/08 00:00:00 PDT,09/01 00:00:00 PDT,w2,0,2015-08-12 00:00:00,Contract,Contract,Contract,1461533,1461535,1461534,29666,919634,207659,59332,1011597,259574,True,True,136304,250150,1,0,1
2015-08-08,2015-08-08 00:00:00,Chevron,PILOT TRAVEL CENTERS LLC : CHV7460761,1043 MONTEBELLO CA TRM CHEVRON,DIESEL #2,29666,919634,207659,1,37682,0,37682,37682,287832,0,287832,166386,1,w2,37682,0,173986,59332,1011597,259574,Available,Available,Available,200,110,125,On Target,Above Trend,Above Trend,08/09 00:00:00 PDT,09/01 00:00:00 PDT,w2,0,2015-08-12 00:00:00,Contract,Contract,Contract,1495822,1495824,1495823,29666,919634,207659,59332,1011597,259574,True,True,173986,287832,1,0,1
2015-08-09,2015-08-09 00:00:00,Chevron,PILOT TRAVEL CENTERS LLC : CHV7460761,1043 MONTEBELLO CA TRM CHEVRON,DIESEL #2,29666,919634,207659,1,7600,1,7600,0,295432,0,295432,173986,1,w2,0,0,181586,59332,1011597,259574,Available,Available,Available,200,110,125,Below Trend,Above Trend,Above Trend,08/10 00:00:00 PDT,09/01 00:00:00 PDT,w2,0,2015-08-12 00:00:00,Contract,Contract,Contract,1529507,1529509,1529508,29666,919634,207659,59332,1011597,259574,True,True,181586,295432,1,0,1
2015-08-10,2015-08-10 00:00:00,Chevron,PILOT TRAVEL CENTERS LLC : CHV7460761,1043 MONTEBELLO CA TRM CHEVRON,DIESEL #2,29666,919634,207659,1,22797,1,22797,15197,318229,0,318229,196783,1,w2,15197,0,204383,59332,1011597,259574,Available,Available,Limited,200,110,125,On Target,Above Trend,Above Trend,08/11 00:00:00 PDT,09/01 00:00:00 PDT,w2,0,2015-08-12 00:00:00,Contract,Contract,Contract,1562614,1562616,1562615,29666,919634,207659,59332,1011597,259574,True,True,204383,318229,1,0,1
2015-08-11,2015-08-11 00:00:00,Chevron,PILOT TRAVEL CENTERS LLC : CHV7460761,1043 MONTEBELLO CA TRM CHEVRON,DIESEL #2,29666,919634,207659,1,30503,1,30503,22902,348732,0,348732,227286,1,w2,22902,0,234886,59332,1011597,259574,Available,Available,Low,200,110,125,On Target,Above Trend,Above Trend,08/12 00:00:00 PDT,09/01 00:00:00 PDT,w2,0,2015-08-12 00:00:00,Contract,Contract,Contract,1584747,1584749,1584748,29666,919634,207659,59332,1011597,259574,True,True,234886,348732,1,0,1
2015-08-12,2015-08-12 00:00:00,Chevron,PILOT TRAVEL CENTERS LLC : CHV7460761,1043 MONTEBELLO CA TRM CHEVRON,DIESEL #2,29666,919634,207659,1,45407,0,30204,30204,394139,0,394139,30204,1,w3,30204,0,45407,29666,919634,207659,Out,Available,Available,100,100,100,Above Trend,Above Trend,Above Trend,08/13 00:00:00 PDT,09/01 00:00:00 PDT,w3,0,2015-08-19 00:00:00,Contract,Contract,Contract,1634859,1634861,1634860,29666,919634,207659,29666,919634,207659,True,True,45407,394139,1,0,1
2015-08-13,2015-08-13 00:00:00,Chevron,PILOT TRAVEL CENTERS LLC : CHV7460761,1043 MONTEBELLO CA TRM CHEVRON,DIESEL #2,29666,919634,207659,1,45498,0,45498,45498,439637,0,439637,75702,1,w3,45498,0,90905,59332,1011597,259574,Limited,Available,Available,200,110,125,Above Trend,Above Trend,Above Trend,08/14 00:00:00 PDT,09/01 00:00:00 PDT,w3,0,2015-08-19 00:00:00,Contract,Contract,Contract,1674789,1674791,1674790,29666,919634,207659,59332,1011597,259574,True,True,90905,439637,1,0,1
2015-08-14,2015-08-14 00:00:00,Chevron,PILOT TRAVEL CENTERS LLC : CHV7460761,1043 MONTEBELLO CA TRM CHEVRON,DIESEL #2,29666,919634,207659,1,22800,1,22800,15201,462437,0,462437,98502,1,w3,15201,0,113705,59332,1011597,259574,Available,Available,Available,200,110,125,On Target,Above Trend,Above Trend,08/15 00:00:00 PDT,09/01 00:00:00 PDT,w3,0,2015-08-19 00:00:00,Contract,Contract,Contract,1714401,1714403,1714402,29666,919634,207659,59332,1011597,259574,True,True,113705,462437,1,0,1
2015-08-15,2015-08-15 00:00:00,Chevron,PILOT TRAVEL CENTERS LLC : CHV7460761,1043 MONTEBELLO CA TRM CHEVRON,DIESEL #2,29666,919634,207659,1,22602,1,22602,15001,485039,0,485039,121104,1,w3,15001,0,136307,59332,1011597,259574,Available,Available,Available,200,110,125,On Target,Above Trend,Above Trend,08/16 00:00:00 PDT,09/01 00:00:00 PDT,w3,0,2015-08-19 00:00:00,Contract,Contract,Contract,1746770,1746772,1746771,29666,919634,207659,59332,1011597,259574,True,True,136307,485039,1,0,1
2015-08-16,2015-08-16 00:00:00,Chevron,PILOT TRAVEL CENTERS LLC : CHV7460761,1043 MONTEBELLO CA TRM CHEVRON,DIESEL #2,29666,919634,207659,1,38197,0,38197,38197,523236,0,523236,159301,1,w3,38197,0,174504,59332,1011597,259574,Available,Available,Available,200,110,125,On Target,Above Trend,Above Trend,08/17 00:00:00 PDT,09/01 00:00:00 PDT,w3,0,2015-08-19 00:00:00,Contract,Contract,Contract,1788517,1788519,1788518,29666,919634,207659,59332,1011597,259574,True,True,174504,523236,1,0,1
2015-08-17,2015-08-17 00:00:00,Chevron,PILOT TRAVEL CENTERS LLC : CHV7460761,1043 MONTEBELLO CA TRM CHEVRON,DIESEL #2,29666,919634,207659,1,7700,0,7700,7700,530936,0,530936,167001,1,w3,7700,0,182204,59332,1011597,259574,Available,Available,Available,200,110,125,On Target,Above Trend,Above Trend,08/18 00:00:00 PDT,09/01 00:00:00 PDT,w3,0,2015-08-19 00:00:00,Contract,Contract,Contract,1800570,1800572,1800571,29666,919634,207659,59332,1011597,259574,True,True,182204,530936,1,0,1
2015-08-18,2015-08-18 00:00:00,Chevron,PILOT TRAVEL CENTERS LLC : CHV7460761,1043 MONTEBELLO CA TRM CHEVRON,DIESEL #2,29666,919634,207659,1,45600,1,45600,22801,576536,0,576536,212601,1,w3,22801,0,227804,59332,1011597,259574,Available,Available,Low,200,110,125,On Target,Above Trend,Above Trend,08/19 00:00:00 PDT,09/01 00:00:00 PDT,w3,0,2015-08-19 00:00:00,Contract,Contract,Contract,1871173,1871175,1871174,29666,919634,207659,59332,1011597,259574,True,True,227804,576536,1,0,1
2015-08-19,2015-08-19 00:00:00,Chevron,PILOT TRAVEL CENTERS LLC : CHV7460761,1043 MONTEBELLO CA TRM CHEVRON,DIESEL #2,29666,919634,207659,1,45299,0,22498,22498,621835,0,621835,22498,1,w4,22498,0,45299,59332,1011597,259574,Available,Available,Available,200,110,125,On Target,Above Trend,On Target,08/20 00:00:00 PDT,09/01 00:00:00 PDT,w4,0,2015-08-26 00:00:00,Contract,Contract,Contract,1906829,1906831,1906830,29666,919634,207659,59332,1011597,259574,True,True,45299,621835,1,0,1
2015-08-20,2015-08-20 00:00:00,Chevron,PILOT TRAVEL CENTERS LLC : CHV7460761,1043 MONTEBELLO CA TRM CHEVRON,DIESEL #2,29666,919634,207659,1,30403,1,30403,22704,652238,0,652238,52901,1,w4,22704,0,75702,59332,1011597,259574,Available,Available,Available,200,110,125,On Target,Above Trend,On Target,08/21 00:00:00 PDT,09/01 00:00:00 PDT,w4,0,2015-08-26 00:00:00,Contract,Contract,Contract,1944996,1944998,1944997,29666,919634,207659,59332,1011597,259574,True,True,75702,652238,1,0,1
2015-08-21,2015-08-21 00:00:00,Chevron,PILOT TRAVEL CENTERS LLC : CHV7460761,1043 MONTEBELLO CA TRM CHEVRON,DIESEL #2,29666,919634,207659,1,7601,1,7601,0,659839,0,659839,60502,1,w4,0,0,83303,59332,1011597,259574,Available,Available,Available,200,110,125,Below Trend,Above Trend,On Target,08/22 00:00:00 PDT,09/01 00:00:00 PDT,w4,0,2015-08-26 00:00:00,Contract,Contract,Contract,1949046,1949048,1949047,29666,919634,207659,59332,1011597,259574,True,True,83303,659839,1,0,1
2015-08-22,2015-08-22 00:00:00,Chevron,PILOT TRAVEL CENTERS LLC : CHV7460761,1043 MONTEBELLO CA TRM CHEVRON,DIESEL #2,29666,919634,207659,1,75801,1,75801,30302,735640,0,735640,136303,1,w4,30302,0,159104,59332,1011597,259574,Available,Limited,Available,200,110,125,On Target,Above Trend,Above Trend,08/23 00:00:00 PDT,09/01 00:00:00 PDT,w4,0,2015-08-26 00:00:00,Contract,Contract,Contract,2021726,2021728,2021727,29666,919634,207659,59332,1011597,259574,True,True,159104,735640,1,0,1
2015-08-23,2015-08-23 00:00:00,Chevron,PILOT TRAVEL CENTERS LLC : CHV7460761,1043 MONTEBELLO CA TRM CHEVRON,DIESEL #2,29666,919634,207659,1,22800,1,22800,15200,758440,0,758440,159103,1,w4,15200,0,181904,59332,1011597,259574,Available,Limited,Available,200,110,125,On Target,Above Trend,Above Trend,08/24 00:00:00 PDT,09/01 00:00:00 PDT,w4,0,2015-08-26 00:00:00,Contract,Contract,Contract,2057506,2057508,2057507,29666,919634,207659,59332,1011597,259574,True,True,181904,758440,1,0,1
2015-08-24,2015-08-24 00:00:00,Chevron,PILOT TRAVEL CENTERS LLC : CHV7460761,1043 MONTEBELLO CA TRM CHEVRON,DIESEL #2,29666,919634,207659,1,0,0,0,0,758440,0,758440,159103,1,w4,0,0,181904,59332,1011597,259574,Available,Limited,Available,200,110,125,Below Trend,Above Trend,Above Trend,08/25 00:00:00 PDT,09/01 00:00:00 PDT,w4,0,2015-08-26 00:00:00,Contract,Contract,Contract,2071154,2071156,2071155,29666,919634,207659,59332,1011597,259574,True,True,181904,758440,1,0,1
2015-08-25,2015-08-25 00:00:00,Chevron,PILOT TRAVEL CENTERS LLC : CHV7460761,1043 MONTEBELLO CA TRM CHEVRON,DIESEL #2,29666,919634,207659,1,53201,1,53201,30401,811641,0,811641,212304,1,w4,30401,0,235105,59332,1011597,259574,Available,Low,Low,200,110,125,On Target,Above Trend,Above Trend,08/26 00:00:00 PDT,09/01 00:00:00 PDT,w4,0,2015-08-26 00:00:00,Contract,Contract,Contract,2126520,2126522,2126521,29666,919634,207659,59332,1011597,259574,True,True,235105,811641,1,0,1
2015-08-26,2015-08-26 00:00:00,Chevron,PILOT TRAVEL CENTERS LLC : CHV7460761,1043 MONTEBELLO CA TRM CHEVRON,DIESEL #2,29666,919634,207659,1,53103,0,45503,45503,864744,0,864744,45503,1,w5,45503,0,53103,59332,1011597,259574,Limited,Low,Available,200,110,125,Above Trend,Above Trend,Above Trend,08/27 00:00:00 PDT,09/01 00:00:00 PDT,w5,0,2015-09-02 00:00:00,Contract,Contract,Contract,2153853,2153855,2153854,29666,919634,207659,59332,1011597,259574,True,True,53103,864744,1,0,1
2015-08-27,2015-08-27 00:00:00,Chevron,PILOT TRAVEL CENTERS LLC : CHV7460761,1043 MONTEBELLO CA TRM CHEVRON,DIESEL #2,29666,919634,207659,1,60700,1,60700,45501,925444,0,925444,106203,1,w5,45501,0,113803,59332,1011597,259574,Limited,Low,Available,200,110,125,Above Trend,Above Trend,Above Trend,08/28 00:00:00 PDT,09/01 00:00:00 PDT,w5,0,2015-09-02 00:00:00,Contract,Contract,Contract,2181317,2181319,2181318,29666,919634,207659,59332,1011597,259574,True,True,113803,925444,1,0,1
2015-08-28,2015-08-28 00:00:00,Chevron,PILOT TRAVEL CENTERS LLC : CHV7460761,1043 MONTEBELLO CA TRM CHEVRON,DIESEL #2,29666,919634,207659,1,37797,1,37797,30197,963241,0,963241,144000,1,w5,30197,0,151600,59332,1011597,259574,Available,Low,Available,200,110,125,On Target,Above Trend,Above Trend,08/29 00:00:00 PDT,09/01 00:00:00 PDT,w5,0,2015-09-02 00:00:00,Contract,Contract,Contract,2212255,2212257,2212256,29666,919634,207659,59332,1011597,259574,True,True,151600,963241,1,0,1
2015-08-29,2015-08-29 00:00:00,Chevron,PILOT TRAVEL CENTERS LLC : CHV7460761,1043 MONTEBELLO CA TRM CHEVRON,DIESEL #2,29666,919634,207659,1,22701,1,22701,15100,985942,0,985942,166701,1,w5,15100,0,174301,59332,1011597,259574,Available,Low,Available,200,110,125,On Target,Above Trend,Above Trend,08/30 00:00:00 PDT,09/01 00:00:00 PDT,w5,0,2015-09-02 00:00:00,Contract,Contract,Contract,2238895,2238897,2238896,29666,919634,207659,59332,1011597,259574,True,True,174301,985942,1,0,1
2015-08-30,2015-08-30 00:00:00,Chevron,PILOT TRAVEL CENTERS LLC : CHV7460761,1043 MONTEBELLO CA TRM CHEVRON,DIESEL #2,29666,919634,207659,1,30399,1,30399,22799,1016341,0,1016341,197100,1,w5,22799,0,204700,59332,1011597,259574,Available,Out,Limited,200,110,125,On Target,Above Trend,Above Trend,08/31 00:00:00 PDT,09/01 00:00:00 PDT,w5,0,2015-09-02 00:00:00,Contract,Contract,Contract,2265546,2265548,2265547,29666,919634,207659,59332,1011597,259574,True,True,204700,1016341,1,0,1
2015-08-31,2015-08-31 00:00:00,Chevron,PILOT TRAVEL CENTERS LLC : CHV7460761,1043 MONTEBELLO CA TRM CHEVRON,DIESEL #2,29666,919634,207659,1,0,0,0,0,1016341,0,1016341,197100,1,w5,0,0,204700,59332,1011597,259574,Available,Out,Limited,200,110,125,Below Trend,Above Trend,Above Trend,09/01 00:00:00 PDT,09/01 00:00:00 PDT,w5,0,2015-09-02 00:00:00,Contract,Contract,Contract,2291200,2291202,2291201,29666,919634,207659,59332,1011597,259574,True,True,204700,1016341,1,0,1
