,date,supplier_name,account_type,supplier_terminal_name,product_name,base_gallons_Daily,base_gallons_Monthly,base_gallons_Weekly,lifted_gallons_daily_flag,lifted_gallons_daily_modified,Modified_WeeksByLiftedGallons,lifted_gallons_modified_WeeksByLiftedGallons,lifted_gallons_Daily,Lifted_actual_monthly,lifted_gallons_monthly_flag,lifted_gallons_Monthly,Lifted_actual_weekly,lifted_gallons_weekly_flag,WeeksByLiftedGallons,lifted_gallonsWeekly_modified_aposteriori,Modified_LiftedGallonsaposteriori,lifted_gallons_Weekly,beginning_gallons_Daily,beginning_gallons_Monthly,beginning_gallons_Weekly,en_allocation_status_Daily,en_allocation_status_Monthly,en_allocation_status_Weekly,percentage_allocation_Daily,percentage_allocation_Monthly,percentage_allocation_Weekly,alerts_ratability_Daily,alerts_ratability_Monthly,alerts_ratability_Weekly,next_refresh_date_Daily,next_refresh_date_Monthly,Week_switch,Modified_NRD,next_refresh_date_Weekly,en_account_type_Daily,en_account_type_Monthly,en_account_type_Weekly,staging_id_Daily,staging_id_Monthly,staging_id_Weekly,base_gallons_Daily_Reconciled,base_gallons_Monthly_Reconciled,base_gallons_Weekly_Reconciled,beginning_gallons_Daily_Reconciled,beginning_gallons_Monthly_Reconciled,beginning_gallons_Weekly_Reconciled,sanityWeekly_CumulativeDaily_WeeksByLiftedGallons,sanityWeekly_CumulativeDaily_NextRefreshDate,computedWeekly,computedMonthly,sanityComputedMonthly,sanityMonthly_CumulativeDaily_WeeksByLiftedGallons,sanityMonthly_CumulativeDaily_WeeksByNextRefreshDate
2015-08-01,2015-08-01 00:00:00,Chevron,PILOT TRAVEL CENTERS LLC : AC7460761,1037 PASCAGOULA MS TRM CHEVRON,DIESEL #2,382,11848,2675,1,0,0,0,0,0,0,0,0,1,w1,0,0,0,573,13033,3344,Available,Available,Available,150,110,125,Below Trend,Below Trend,Below Trend,08/02 00:00:00 CDT,09/01 00:00:00 CDT,w1,0,2015-08-05 00:00:00,Contract,Contract,Contract,1272194,1272196,1272195,382,11848,2675,573,13033,3344,True,True,0,0,1,1,1
2015-08-02,2015-08-02 00:00:00,Chevron,PILOT TRAVEL CENTERS LLC : AC7460761,1037 PASCAGOULA MS TRM CHEVRON,DIESEL #2,382,11848,2675,1,0,0,0,0,0,0,0,0,1,w1,0,0,0,573,13033,3344,Available,Available,Available,150,110,125,Below Trend,Below Trend,Below Trend,08/03 00:00:00 CDT,09/01 00:00:00 CDT,w1,0,2015-08-05 00:00:00,Contract,Contract,Contract,1303017,1303019,1303018,382,11848,2675,573,13033,3344,True,True,0,0,1,1,1
2015-08-03,2015-08-03 00:00:00,Chevron,PILOT TRAVEL CENTERS LLC : AC7460761,1037 PASCAGOULA MS TRM CHEVRON,DIESEL #2,382,11848,2675,1,0,0,0,0,0,0,0,0,1,w1,0,0,0,573,13033,3344,Available,Available,Available,150,110,125,Below Trend,Below Trend,Below Trend,08/04 00:00:00 CDT,09/01 00:00:00 CDT,w1,0,2015-08-05 00:00:00,Contract,Contract,Contract,1331472,1331474,1331473,382,11848,2675,573,13033,3344,True,True,0,0,1,1,1
2015-08-04,2015-08-04 00:00:00,Chevron,PILOT TRAVEL CENTERS LLC : AC7460761,1037 PASCAGOULA MS TRM CHEVRON,DIESEL #2,382,11848,2675,1,0,0,0,0,0,0,0,0,1,w1,0,0,0,573,13033,3344,Available,Available,Available,150,110,125,Below Trend,Below Trend,Below Trend,08/05 00:00:00 CDT,09/01 00:00:00 CDT,w1,0,2015-08-05 00:00:00,Contract,Contract,Contract,1361655,1361657,1361656,382,11848,2675,573,13033,3344,True,True,0,0,1,1,1
2015-08-05,2015-08-05 00:00:00,Chevron,PILOT TRAVEL CENTERS LLC : AC7460761,1037 PASCAGOULA MS TRM CHEVRON,DIESEL #2,382,11848,2675,1,0,0,0,0,0,0,0,0,1,w1,0,0,0,573,13033,3344,Available,Available,Available,150,110,125,Below Trend,Below Trend,Below Trend,08/06 00:00:00 CDT,09/01 00:00:00 CDT,w2,0,2015-08-12 00:00:00,Contract,Contract,Contract,1390140,1390142,1390141,382,11848,2675,573,13033,3344,True,True,0,0,1,1,1
2015-08-06,2015-08-06 00:00:00,Chevron,PILOT TRAVEL CENTERS LLC : AC7460761,1037 PASCAGOULA MS TRM CHEVRON,DIESEL #2,382,11848,2675,1,0,0,0,0,0,0,0,0,1,w1,0,0,0,573,13033,3344,Available,Available,Available,150,110,125,Below Trend,Below Trend,Below Trend,08/07 00:00:00 CDT,09/01 00:00:00 CDT,w2,0,2015-08-12 00:00:00,Contract,Contract,Contract,1427012,1427014,1427013,382,11848,2675,573,13033,3344,True,True,0,0,1,1,1
2015-08-07,2015-08-07 00:00:00,Chevron,PILOT TRAVEL CENTERS LLC : AC7460761,1037 PASCAGOULA MS TRM CHEVRON,DIESEL #2,382,11848,2675,1,0,0,0,0,0,0,0,0,1,w1,0,0,0,573,13033,3344,Available,Available,Available,150,110,125,Below Trend,Below Trend,Below Trend,08/08 00:00:00 CDT,09/01 00:00:00 CDT,w2,0,2015-08-12 00:00:00,Contract,Contract,Contract,1461524,1461526,1461525,382,11848,2675,573,13033,3344,True,True,0,0,1,1,1
2015-08-08,2015-08-08 00:00:00,Chevron,PILOT TRAVEL CENTERS LLC : AC7460761,1037 PASCAGOULA MS TRM CHEVRON,DIESEL #2,382,11848,2675,1,0,0,0,0,0,0,0,0,1,w1,0,0,0,573,13033,3344,Available,Available,Available,150,110,125,Below Trend,Below Trend,Below Trend,08/09 00:00:00 CDT,09/01 00:00:00 CDT,w2,0,2015-08-12 00:00:00,Contract,Contract,Contract,1495813,1495815,1495814,382,11848,2675,573,13033,3344,True,True,0,0,1,1,1
2015-08-09,2015-08-09 00:00:00,Chevron,PILOT TRAVEL CENTERS LLC : AC7460761,1037 PASCAGOULA MS TRM CHEVRON,DIESEL #2,382,11848,2675,1,0,0,0,0,0,0,0,0,1,w1,0,0,0,573,13033,3344,Available,Available,Available,150,110,125,Below Trend,Below Trend,Below Trend,08/10 00:00:00 CDT,09/01 00:00:00 CDT,w2,0,2015-08-12 00:00:00,Contract,Contract,Contract,1529498,1529500,1529499,382,11848,2675,573,13033,3344,True,True,0,0,1,1,1
2015-08-10,2015-08-10 00:00:00,Chevron,PILOT TRAVEL CENTERS LLC : AC7460761,1037 PASCAGOULA MS TRM CHEVRON,DIESEL #2,382,11848,2675,1,0,0,0,0,0,0,0,0,1,w1,0,0,0,573,13033,3344,Available,Available,Available,150,110,125,Below Trend,Below Trend,Below Trend,08/11 00:00:00 CDT,09/01 00:00:00 CDT,w2,0,2015-08-12 00:00:00,Contract,Contract,Contract,1562605,1562607,1562606,382,11848,2675,573,13033,3344,True,True,0,0,1,1,1
2015-08-11,2015-08-11 00:00:00,Chevron,PILOT TRAVEL CENTERS LLC : AC7460761,1037 PASCAGOULA MS TRM CHEVRON,DIESEL #2,382,11848,2675,1,0,0,0,0,0,0,0,0,1,w1,0,0,0,573,13033,3344,Available,Available,Available,150,110,125,Below Trend,Below Trend,Below Trend,08/12 00:00:00 CDT,09/01 00:00:00 CDT,w2,0,2015-08-12 00:00:00,Contract,Contract,Contract,1584738,1584740,1584739,382,11848,2675,573,13033,3344,True,True,0,0,1,1,1
2015-08-12,2015-08-12 00:00:00,Chevron,PILOT TRAVEL CENTERS LLC : AC7460761,1037 PASCAGOULA MS TRM CHEVRON,DIESEL #2,382,11848,2675,1,0,0,0,0,0,0,0,0,1,w1,0,0,0,573,13033,3344,Available,Available,Available,150,110,125,Below Trend,Below Trend,Below Trend,08/13 00:00:00 CDT,09/01 00:00:00 CDT,w3,0,2015-08-19 00:00:00,Contract,Contract,Contract,1634850,1634852,1634851,382,11848,2675,573,13033,3344,True,True,0,0,1,1,1
2015-08-13,2015-08-13 00:00:00,Chevron,PILOT TRAVEL CENTERS LLC : AC7460761,1037 PASCAGOULA MS TRM CHEVRON,DIESEL #2,382,11848,2675,1,0,0,0,0,0,0,0,0,1,w1,0,0,0,573,13033,3344,Available,Available,Available,150,110,125,Below Trend,Below Trend,Below Trend,08/14 00:00:00 CDT,09/01 00:00:00 CDT,w3,0,2015-08-19 00:00:00,Contract,Contract,Contract,1674780,1674782,1674781,382,11848,2675,573,13033,3344,True,True,0,0,1,1,1
2015-08-14,2015-08-14 00:00:00,Chevron,PILOT TRAVEL CENTERS LLC : AC7460761,1037 PASCAGOULA MS TRM CHEVRON,DIESEL #2,382,11848,2675,1,0,0,0,0,0,0,0,0,1,w1,0,0,0,573,13033,3344,Available,Available,Available,150,110,125,Below Trend,Below Trend,Below Trend,08/15 00:00:00 CDT,09/01 00:00:00 CDT,w3,0,2015-08-19 00:00:00,Contract,Contract,Contract,1714392,1714394,1714393,382,11848,2675,573,13033,3344,True,True,0,0,1,1,1
2015-08-15,2015-08-15 00:00:00,Chevron,PILOT TRAVEL CENTERS LLC : AC7460761,1037 PASCAGOULA MS TRM CHEVRON,DIESEL #2,382,11848,2675,1,0,0,0,0,0,0,0,0,1,w1,0,0,0,573,13033,3344,Available,Available,Available,150,110,125,Below Trend,Below Trend,Below Trend,08/16 00:00:00 CDT,09/01 00:00:00 CDT,w3,0,2015-08-19 00:00:00,Contract,Contract,Contract,1746761,1746763,1746762,382,11848,2675,573,13033,3344,True,True,0,0,1,1,1
2015-08-16,2015-08-16 00:00:00,Chevron,PILOT TRAVEL CENTERS LLC : AC7460761,1037 PASCAGOULA MS TRM CHEVRON,DIESEL #2,382,11848,2675,1,0,0,0,0,0,0,0,0,1,w1,0,0,0,573,13033,3344,Available,Available,Available,150,110,125,Below Trend,Below Trend,Below Trend,08/17 00:00:00 CDT,09/01 00:00:00 CDT,w3,0,2015-08-19 00:00:00,Contract,Contract,Contract,1788508,1788510,1788509,382,11848,2675,573,13033,3344,True,True,0,0,1,1,1
2015-08-17,2015-08-17 00:00:00,Chevron,PILOT TRAVEL CENTERS LLC : AC7460761,1037 PASCAGOULA MS TRM CHEVRON,DIESEL #2,382,11848,2675,1,0,0,0,0,0,0,0,0,1,w1,0,0,0,573,13033,3344,Available,Available,Available,150,110,125,Below Trend,Below Trend,Below Trend,08/18 00:00:00 CDT,09/01 00:00:00 CDT,w3,0,2015-08-19 00:00:00,Contract,Contract,Contract,1800561,1800563,1800562,382,11848,2675,573,13033,3344,True,True,0,0,1,1,1
2015-08-18,2015-08-18 00:00:00,Chevron,PILOT TRAVEL CENTERS LLC : AC7460761,1037 PASCAGOULA MS TRM CHEVRON,DIESEL #2,382,11848,2675,1,0,0,0,0,0,0,0,0,1,w1,0,0,0,573,13033,3344,Available,Available,Available,150,110,125,Below Trend,Below Trend,Below Trend,08/19 00:00:00 CDT,09/01 00:00:00 CDT,w3,0,2015-08-19 00:00:00,Contract,Contract,Contract,1871164,1871166,1871165,382,11848,2675,573,13033,3344,True,True,0,0,1,1,1
2015-08-19,2015-08-19 00:00:00,Chevron,PILOT TRAVEL CENTERS LLC : AC7460761,1037 PASCAGOULA MS TRM CHEVRON,DIESEL #2,382,11848,2675,1,0,0,0,0,0,0,0,0,1,w1,0,0,0,573,13033,3344,Available,Available,Available,150,110,125,Below Trend,Below Trend,Below Trend,08/20 00:00:00 CDT,09/01 00:00:00 CDT,w4,0,2015-08-26 00:00:00,Contract,Contract,Contract,1906820,1906822,1906821,382,11848,2675,573,13033,3344,True,True,0,0,1,1,1
2015-08-20,2015-08-20 00:00:00,Chevron,PILOT TRAVEL CENTERS LLC : AC7460761,1037 PASCAGOULA MS TRM CHEVRON,DIESEL #2,382,11848,2675,1,0,0,0,0,0,0,0,0,1,w1,0,0,0,573,13033,3344,Available,Available,Available,150,110,125,Below Trend,Below Trend,Below Trend,08/21 00:00:00 CDT,09/01 00:00:00 CDT,w4,0,2015-08-26 00:00:00,Contract,Contract,Contract,1944987,1944989,1944988,382,11848,2675,573,13033,3344,True,True,0,0,1,1,1
2015-08-21,2015-08-21 00:00:00,Chevron,PILOT TRAVEL CENTERS LLC : AC7460761,1037 PASCAGOULA MS TRM CHEVRON,DIESEL #2,382,11848,2675,1,7807,1,7807,0,7807,0,7807,7807,1,w1,0,0,7807,573,13033,3344,Available,Available,Out,150,110,125,Below Trend,Above Trend,Above Trend,08/22 00:00:00 CDT,09/01 00:00:00 CDT,w4,0,2015-08-26 00:00:00,Contract,Contract,Contract,1949037,1949039,1949038,382,11848,2675,573,13033,3344,True,True,7807,7807,1,1,1
2015-08-22,2015-08-22 00:00:00,Chevron,PILOT TRAVEL CENTERS LLC : AC7460761,1037 PASCAGOULA MS TRM CHEVRON,DIESEL #2,382,11848,2675,1,0,0,0,0,7807,0,7807,7807,1,w1,0,0,7807,573,13033,3344,Available,Available,Out,150,110,125,Below Trend,Above Trend,Above Trend,08/23 00:00:00 CDT,09/01 00:00:00 CDT,w4,0,2015-08-26 00:00:00,Contract,Contract,Contract,2021717,2021719,2021718,382,11848,2675,573,13033,3344,True,True,7807,7807,1,1,1
2015-08-23,2015-08-23 00:00:00,Chevron,PILOT TRAVEL CENTERS LLC : AC7460761,1037 PASCAGOULA MS TRM CHEVRON,DIESEL #2,382,11848,2675,1,0,0,0,0,7807,0,7807,7807,1,w1,0,0,7807,573,13033,3344,Available,Available,Out,150,110,125,Below Trend,Above Trend,Above Trend,08/24 00:00:00 CDT,09/01 00:00:00 CDT,w4,0,2015-08-26 00:00:00,Contract,Contract,Contract,2057497,2057499,2057498,382,11848,2675,573,13033,3344,True,True,7807,7807,1,1,1
2015-08-24,2015-08-24 00:00:00,Chevron,PILOT TRAVEL CENTERS LLC : AC7460761,1037 PASCAGOULA MS TRM CHEVRON,DIESEL #2,382,11848,2675,1,0,0,0,0,7807,0,7807,7807,1,w1,0,0,7807,573,13033,3344,Available,Available,Out,150,110,125,Below Trend,On Target,Above Trend,08/25 00:00:00 CDT,09/01 00:00:00 CDT,w4,0,2015-08-26 00:00:00,Contract,Contract,Contract,2071145,2071147,2071146,382,11848,2675,573,13033,3344,True,True,7807,7807,1,1,1
2015-08-25,2015-08-25 00:00:00,Chevron,PILOT TRAVEL CENTERS LLC : AC7460761,1037 PASCAGOULA MS TRM CHEVRON,DIESEL #2,382,11848,2675,1,0,0,0,0,7807,0,7807,7807,1,w1,0,0,7807,573,13033,3344,Available,Available,Out,150,110,125,Below Trend,On Target,Above Trend,08/26 00:00:00 CDT,09/01 00:00:00 CDT,w4,0,2015-08-26 00:00:00,Contract,Contract,Contract,2126511,2126513,2126512,382,11848,2675,573,13033,3344,True,True,7807,7807,1,1,1
2015-08-26,2015-08-26 00:00:00,Chevron,PILOT TRAVEL CENTERS LLC : AC7460761,1037 PASCAGOULA MS TRM CHEVRON,DIESEL #2,382,11848,2675,1,0,0,0,0,7807,0,7807,0,1,w2,0,0,0,573,13033,3344,Available,Available,Available,150,110,125,Below Trend,On Target,Below Trend,08/27 00:00:00 CDT,09/01 00:00:00 CDT,w5,0,2015-09-02 00:00:00,Contract,Contract,Contract,2153844,2153846,2153845,382,11848,2675,573,13033,3344,True,True,0,7807,1,1,1
2015-08-27,2015-08-27 00:00:00,Chevron,PILOT TRAVEL CENTERS LLC : AC7460761,1037 PASCAGOULA MS TRM CHEVRON,DIESEL #2,382,11848,2675,1,0,0,0,0,7807,0,7807,0,1,w2,0,0,0,573,13033,3344,Available,Available,Available,150,110,125,Below Trend,On Target,Below Trend,08/28 00:00:00 CDT,09/01 00:00:00 CDT,w5,0,2015-09-02 00:00:00,Contract,Contract,Contract,2181308,2181310,2181309,382,11848,2675,573,13033,3344,True,True,0,7807,1,1,1
2015-08-28,2015-08-28 00:00:00,Chevron,PILOT TRAVEL CENTERS LLC : AC7460761,1037 PASCAGOULA MS TRM CHEVRON,DIESEL #2,382,11848,2675,1,0,0,0,0,7807,0,7807,0,1,w2,0,0,0,573,13033,3344,Available,Available,Available,150,110,125,Below Trend,On Target,Below Trend,08/29 00:00:00 CDT,09/01 00:00:00 CDT,w5,0,2015-09-02 00:00:00,Contract,Contract,Contract,2212246,2212248,2212247,382,11848,2675,573,13033,3344,True,True,0,7807,1,1,1
2015-08-29,2015-08-29 00:00:00,Chevron,PILOT TRAVEL CENTERS LLC : AC7460761,1037 PASCAGOULA MS TRM CHEVRON,DIESEL #2,382,11848,2675,1,0,0,0,0,7807,0,7807,0,1,w2,0,0,0,573,13033,3344,Available,Available,Available,150,110,125,Below Trend,On Target,Below Trend,08/30 00:00:00 CDT,09/01 00:00:00 CDT,w5,0,2015-09-02 00:00:00,Contract,Contract,Contract,2238886,2238888,2238887,382,11848,2675,573,13033,3344,True,True,0,7807,1,1,1
2015-08-30,2015-08-30 00:00:00,Chevron,PILOT TRAVEL CENTERS LLC : AC7460761,1037 PASCAGOULA MS TRM CHEVRON,DIESEL #2,382,11848,2675,1,0,0,0,0,7807,0,7807,0,1,w2,0,0,0,573,13033,3344,Available,Available,Available,150,110,125,Below Trend,On Target,Below Trend,08/31 00:00:00 CDT,09/01 00:00:00 CDT,w5,0,2015-09-02 00:00:00,Contract,Contract,Contract,2265537,2265539,2265538,382,11848,2675,573,13033,3344,True,True,0,7807,1,1,1
2015-08-31,2015-08-31 00:00:00,Chevron,PILOT TRAVEL CENTERS LLC : AC7460761,1037 PASCAGOULA MS TRM CHEVRON,DIESEL #2,382,11848,2675,1,0,0,0,0,7807,0,7807,0,1,w2,0,0,0,573,13033,3344,Available,Available,Available,150,110,125,Below Trend,On Target,Below Trend,09/01 00:00:00 CDT,09/01 00:00:00 CDT,w5,0,2015-09-02 00:00:00,Contract,Contract,Contract,2291191,2291193,2291192,382,11848,2675,573,13033,3344,True,True,0,7807,1,1,1
