,date,supplier_name,account_type,supplier_terminal_name,product_name,base_gallons_Daily,base_gallons_Monthly,base_gallons_Weekly,lifted_gallons_daily_flag,lifted_gallons_daily_modified,Modified_WeeksByLiftedGallons,lifted_gallons_modified_WeeksByLiftedGallons,lifted_gallons_Daily,Lifted_actual_monthly,lifted_gallons_monthly_flag,lifted_gallons_Monthly,Lifted_actual_weekly,lifted_gallons_weekly_flag,WeeksByLiftedGallons,lifted_gallonsWeekly_modified_aposteriori,Modified_LiftedGallonsaposteriori,lifted_gallons_Weekly,beginning_gallons_Daily,beginning_gallons_Monthly,beginning_gallons_Weekly,en_allocation_status_Daily,en_allocation_status_Monthly,en_allocation_status_Weekly,percentage_allocation_Daily,percentage_allocation_Monthly,percentage_allocation_Weekly,alerts_ratability_Daily,alerts_ratability_Monthly,alerts_ratability_Weekly,next_refresh_date_Daily,next_refresh_date_Monthly,Week_switch,Modified_NRD,next_refresh_date_Weekly,en_account_type_Daily,en_account_type_Monthly,en_account_type_Weekly,next_refresh_base_gallons_Daily,next_refresh_base_gallons_Monthly,next_refresh_base_gallons_Weekly,staging_id_Daily,staging_id_Monthly,staging_id_Weekly,base_gallons_Daily_Reconciled,base_gallons_Monthly_Reconciled,base_gallons_Weekly_Reconciled,beginning_gallons_Daily_Reconciled,beginning_gallons_Monthly_Reconciled,beginning_gallons_Weekly_Reconciled,sanityWeekly_CumulativeDaily_WeeksByLiftedGallons,sanityWeekly_CumulativeDaily_NextRefreshDate,computedWeekly,computedMonthly,sanityComputedMonthly,sanityMonthly_CumulativeDaily_WeeksByLiftedGallons,sanityMonthly_CumulativeDaily_WeeksByNextRefreshDate
2015-07-01,2015-07-01 00:00:00,Exxon,PILOT TRAVEL CENTERS LLC 103637 IW,HAMMOND IN (MOC) - 00DH,Reg RFG,42979,-1,300852,0,45510,0,45510,45510,-1,0,-1,310158,0,w1,45510,0,310158,64469,-1,421193,Available,-1,Available,150,100,140,Below Trend,-1,Below Trend,07/02 00:00:00 EDT,-1,w1,0,2015-07-02 00:00:00,Contract,-1,Contract,42979,-1,300852,507941,-1,507942,42979,-1,300852,64469,-1,421193,True,True,45510,0,0,0,0
2015-07-02,2015-07-02 00:00:00,Exxon,PILOT TRAVEL CENTERS LLC 103637 IW,HAMMOND IN (MOC) - 00DH,Reg RFG,42979,-1,300852,0,36600,0,36600,36600,-1,0,-1,36600,0,w2,36600,0,36600,64469,-1,421193,Available,-1,Available,150,100,140,On Track,-1,On Track,07/03 00:00:00 EDT,-1,w2,0,2015-07-09 00:00:00,Contract,-1,Contract,42979,-1,300852,527016,-1,527017,42979,-1,300852,64469,-1,421193,True,True,36600,0,0,0,0
2015-07-03,2015-07-03 00:00:00,Exxon,PILOT TRAVEL CENTERS LLC 103637 IW,HAMMOND IN (MOC) - 00DH,Reg RFG,42979,-1,300852,3,58110,1,58110,23300,-1,0,-1,94710,0,w2,23300,0,94710,64469,-1,421193,Available,-1,Available,150,100,140,On Track,-1,On Track,07/04 00:00:00 EDT,-1,w2,0,2015-07-09 00:00:00,Contract,-1,Contract,42979,-1,300852,534857,-1,534858,42979,-1,300852,64469,-1,421193,True,True,94710,0,0,0,0
2015-07-04,2015-07-04 00:00:00,Exxon,PILOT TRAVEL CENTERS LLC 103637 IW,HAMMOND IN (MOC) - 00DH,Reg RFG,42979,-1,300852,3,76736,1,76736,29205,-1,0,-1,171446,0,w2,29205,0,171446,64469,-1,421193,Available,-1,Available,150,100,140,Above Trend,-1,Above Trend,07/05 00:00:00 EDT,-1,w2,0,2015-07-09 00:00:00,Contract,-1,Contract,42979,-1,300852,540919,-1,540920,42979,-1,300852,64469,-1,421193,True,True,171446,0,0,0,0
2015-07-05,2015-07-05 00:00:00,Exxon,PILOT TRAVEL CENTERS LLC 103637 IW,HAMMOND IN (MOC) - 00DH,Reg RFG,42979,-1,300852,3,38059,1,38059,12104,-1,0,-1,209505,0,w2,12104,0,209505,64469,-1,421193,Available,-1,Available,150,100,140,Below Trend,-1,On Track,07/06 00:00:00 EDT,-1,w2,0,2015-07-09 00:00:00,Contract,-1,Contract,42979,-1,300852,547362,-1,547363,42979,-1,300852,64469,-1,421193,True,True,209505,0,0,0,0
2015-07-06,2015-07-06 00:00:00,Exxon,PILOT TRAVEL CENTERS LLC 103637 IW,HAMMOND IN (MOC) - 00DH,Reg RFG,42979,-1,300852,3,53853,1,53853,16003,-1,0,-1,263358,0,w2,16003,0,263358,64469,-1,421193,Available,-1,Available,150,100,140,Below Trend,-1,On Track,07/07 00:00:00 EDT,-1,w2,0,2015-07-09 00:00:00,Contract,-1,Contract,42979,-1,300852,553678,-1,553679,42979,-1,300852,64469,-1,421193,True,True,263358,0,0,0,0
2015-07-07,2015-07-07 00:00:00,Exxon,PILOT TRAVEL CENTERS LLC 103637 IW,HAMMOND IN (MOC) - 00DH,Reg RFG,42979,-1,300852,3,56301,1,56301,39201,-1,0,-1,319659,0,w2,39201,0,319659,64469,-1,421193,Available,-1,Available,150,100,140,Below Trend,-1,On Track,07/08 00:00:00 EDT,-1,w2,0,2015-07-09 00:00:00,Contract,-1,Contract,42979,-1,300852,566691,-1,566692,42979,-1,300852,64469,-1,421193,True,True,319659,0,0,0,0
2015-07-08,2015-07-08 00:00:00,Exxon,PILOT TRAVEL CENTERS LLC 103637 IW,HAMMOND IN (MOC) - 00DH,Reg RFG,42979,-1,300852,0,43401,0,43401,43401,-1,0,-1,363060,0,w2,43401,0,363060,64469,-1,421193,Available,-1,Available,150,100,140,Above Trend,-1,On Track,07/09 00:00:00 EDT,-1,w2,0,2015-07-09 00:00:00,Contract,-1,Contract,42979,-1,300852,576292,-1,576293,42979,-1,300852,64469,-1,421193,True,True,363060,0,0,0,0
2015-07-09,2015-07-09 00:00:00,Exxon,PILOT TRAVEL CENTERS LLC 103637 IW,HAMMOND IN (MOC) - 00DH,Reg RFG,42979,1332344,300852,6,51876,0,-1,-1,-1,0,-1,-1,6,w3,-1,0,51876,64469,13310117,421193,-1,-1,-1,100,100,100,-1,-1,-1,-1,-1,w3,1,2015-07-16 00:00:00,-1,-1,-1,-1,-1,-1,-1,-1,-1,64469,13310117,421193,42979,1332344,300852,True,True,0,0,0,0,0
2015-07-10,2015-07-10 00:00:00,Exxon,PILOT TRAVEL CENTERS LLC 103637 IW,HAMMOND IN (MOC) - 00DH,Reg RFG,42979,-1,300852,0,33501,0,33501,33501,-1,0,-1,85377,0,w3,33501,0,85377,64469,-1,421193,Available,-1,Available,150,100,140,Below Trend,-1,Below Trend,07/11 00:00:00 EDT,-1,w3,0,2015-07-16 00:00:00,Contract,-1,Contract,42979,-1,300852,609299,-1,609300,42979,-1,300852,64469,-1,421193,False,True,0,0,0,0,0
2015-07-11,2015-07-11 00:00:00,Exxon,PILOT TRAVEL CENTERS LLC 103637 IW,HAMMOND IN (MOC) - 00DH,Reg RFG,42979,-1,300852,0,73169,0,73169,73169,-1,0,-1,158546,0,w3,73169,0,158546,64469,-1,421193,Out,-1,Out,150,100,140,On Track,-1,On Track,07/12 00:00:00 EDT,-1,w3,0,2015-07-16 00:00:00,Contract,-1,Contract,42979,-1,300852,637913,-1,637914,42979,-1,300852,64469,-1,421193,False,True,0,0,0,0,0
2015-07-12,2015-07-12 00:00:00,Exxon,PILOT TRAVEL CENTERS LLC 103637 IW,HAMMOND IN (MOC) - 00DH,Reg RFG,42979,-1,300852,0,42308,0,42308,42308,-1,0,-1,200854,0,w3,42308,0,200854,64469,-1,421193,Available,-1,Available,150,100,140,Below Trend,-1,On Track,07/13 00:00:00 EDT,-1,w3,0,2015-07-16 00:00:00,Contract,-1,Contract,42979,-1,300852,667327,-1,667328,42979,-1,300852,64469,-1,421193,False,True,0,0,0,0,0
2015-07-13,2015-07-13 00:00:00,Exxon,PILOT TRAVEL CENTERS LLC 103637 IW,HAMMOND IN (MOC) - 00DH,Reg RFG,42979,1332344,300852,0,-1,0,-1,-1,656939,0,656939,-1,0,w4,-1,0,-1,64469,13310117,421193,-1,Available,-1,100,999,100,-1,Below Trend,-1,-1,08/01 00:00:00 EDT,w3,1,2015-07-16 00:00:00,-1,Contract,-1,-1,1332344,-1,-1,697923,-1,64469,1332344,421193,42979,13310117,300852,True,False,0,0,0,0,0
2015-07-14,2015-07-14 00:00:00,Exxon,PILOT TRAVEL CENTERS LLC 103637 IW,HAMMOND IN (MOC) - 00DH,Reg RFG,42979,1332344,300852,1,39351,0,-1,-1,696290,0,696290,-1,0,w4,-1,0,-1,64469,13310117,421193,-1,Available,-1,100,999,100,-1,Below Trend,-1,-1,08/01 00:00:00 EDT,w3,1,2015-07-16 00:00:00,-1,Contract,-1,-1,1332344,-1,-1,730813,-1,64469,1332344,421193,42979,13310117,300852,False,False,0,0,0,0,0
2015-07-15,2015-07-15 00:00:00,Exxon,PILOT TRAVEL CENTERS LLC 103637 IW,HAMMOND IN (MOC) - 00DH,Reg RFG,42979,1332344,300852,1,50700,0,-1,-1,746990,0,746990,-1,0,w4,-1,0,-1,64469,13310117,421193,-1,Available,-1,100,999,100,-1,Below Trend,-1,-1,08/01 00:00:00 EDT,w3,1,2015-07-16 00:00:00,-1,Contract,-1,-1,1332344,-1,-1,756287,-1,64469,1332344,421193,42979,13310117,300852,False,False,0,0,0,0,0
2015-07-16,2015-07-16 00:00:00,Exxon,PILOT TRAVEL CENTERS LLC 103637 IW,HAMMOND IN (MOC) - 00DH,Reg RFG,42979,1332344,300852,1,64510,0,-1,-1,811500,0,811500,-1,1,w4,-1,0,64510,64469,13310117,421193,-1,Available,-1,100,999,100,-1,Below Trend,-1,-1,08/01 00:00:00 EDT,w4,1,2015-07-23 00:00:00,-1,Contract,-1,-1,1332344,-1,-1,788566,-1,64469,1332344,421193,42979,13310117,300852,False,True,64510,0,0,0,0
2015-07-17,2015-07-17 00:00:00,Exxon,PILOT TRAVEL CENTERS LLC 103637 IW,HAMMOND IN (MOC) - 00DH,Reg RFG,42979,1332344,300852,1,51858,0,-1,-1,863358,0,863358,-1,1,w4,-1,0,116368,64469,13310117,421193,-1,Available,-1,100,999,100,-1,Below Trend,-1,-1,08/01 00:00:00 EDT,w4,1,2015-07-23 00:00:00,-1,Contract,-1,-1,1332344,-1,-1,821613,-1,64469,1332344,421193,42979,13310117,300852,False,True,116368,0,0,0,0
2015-07-18,2015-07-18 00:00:00,Exxon,PILOT TRAVEL CENTERS LLC 103637 IW,HAMMOND IN (MOC) - 00DH,Reg RFG,42979,1332344,300852,1,55002,0,-1,-1,918360,0,918360,-1,1,w4,-1,0,171370,64469,13310117,421193,-1,Available,-1,100,999,100,-1,Below Trend,-1,-1,08/01 00:00:00 EDT,w4,1,2015-07-23 00:00:00,-1,Contract,-1,-1,1332344,-1,-1,852075,-1,64469,1332344,421193,42979,13310117,300852,False,True,171370,0,0,0,0
2015-07-19,2015-07-19 00:00:00,Exxon,PILOT TRAVEL CENTERS LLC 103637 IW,HAMMOND IN (MOC) - 00DH,Reg RFG,42979,1332344,300852,1,73272,0,-1,-1,991632,0,991632,-1,1,w4,-1,0,244642,64469,13310117,421193,-1,Available,-1,100,999,100,-1,Below Trend,-1,-1,08/01 00:00:00 EDT,w4,1,2015-07-23 00:00:00,-1,Contract,-1,-1,1332344,-1,-1,883336,-1,64469,1332344,421193,42979,13310117,300852,False,True,244642,0,0,0,0
2015-07-20,2015-07-20 00:00:00,Exxon,PILOT TRAVEL CENTERS LLC 103637 IW,HAMMOND IN (MOC) - 00DH,Reg RFG,42979,1332344,300852,1,36956,0,-1,-1,1028588,0,1028588,-1,1,w4,-1,0,281598,64469,13310117,421193,-1,Available,-1,100,999,100,-1,Below Trend,-1,-1,08/01 00:00:00 EDT,w4,1,2015-07-23 00:00:00,-1,Contract,-1,-1,1332344,-1,-1,913702,-1,64469,1332344,421193,42979,13310117,300852,False,True,281598,0,0,0,0
2015-07-21,2015-07-21 00:00:00,Exxon,PILOT TRAVEL CENTERS LLC 103637 IW,HAMMOND IN (MOC) - 00DH,Reg RFG,42979,1332344,300852,1,36706,0,-1,-1,1065294,0,1065294,-1,1,w4,-1,0,318304,64469,13310117,421193,-1,Available,-1,100,999,100,-1,Below Trend,-1,-1,08/01 00:00:00 EDT,w4,1,2015-07-23 00:00:00,-1,Contract,-1,-1,1332344,-1,-1,942889,-1,64469,1332344,421193,42979,13310117,300852,False,True,318304,0,0,0,0
2015-07-22,2015-07-22 00:00:00,Exxon,PILOT TRAVEL CENTERS LLC 103637 IW,HAMMOND IN (MOC) - 00DH,Reg RFG,42979,1332344,300852,1,59109,0,-1,-1,1124403,0,1124403,-1,1,w4,-1,0,377413,64469,13310117,421193,-1,Available,-1,100,999,100,-1,Below Trend,-1,-1,08/01 00:00:00 EDT,w4,1,2015-07-23 00:00:00,-1,Contract,-1,-1,1332344,-1,-1,976318,-1,64469,1332344,421193,42979,13310117,300852,False,True,377413,0,0,0,0
2015-07-23,2015-07-23 00:00:00,Exxon,PILOT TRAVEL CENTERS LLC 103637 IW,HAMMOND IN (MOC) - 00DH,Reg RFG,42979,1332344,300852,1,38699,0,-1,-1,1163102,0,1163102,-1,1,w4,-1,0,38699,64469,13310117,421193,-1,Available,-1,100,999,100,-1,Below Trend,-1,-1,08/01 00:00:00 EDT,w5,1,2015-07-30 00:00:00,-1,Contract,-1,-1,1332344,-1,-1,1002982,-1,64469,1332344,421193,42979,13310117,300852,False,True,38699,0,0,0,0
2015-07-24,2015-07-24 00:00:00,Exxon,PILOT TRAVEL CENTERS LLC 103637 IW,HAMMOND IN (MOC) - 00DH,Reg RFG,42979,-1,300852,0,50450,0,50450,50450,-1,0,-1,89149,0,w4,50450,0,89149,64469,-1,421193,Available,-1,Available,150,100,140,Below Trend,-1,Below Trend,07/25 00:00:00 EDT,-1,w5,0,2015-07-30 00:00:00,Contract,-1,Contract,42979,-1,300852,1033227,-1,1033228,42979,-1,300852,64469,-1,421193,False,True,89149,0,0,0,0
2015-07-25,2015-07-25 00:00:00,Exxon,PILOT TRAVEL CENTERS LLC 103637 IW,HAMMOND IN (MOC) - 00DH,Reg RFG,42979,-1,300852,0,72352,0,72352,72352,-1,0,-1,161501,0,w4,72352,0,161501,64469,-1,421193,Out,-1,Out,150,100,140,On Track,-1,On Track,07/26 00:00:00 EDT,-1,w5,0,2015-07-30 00:00:00,Contract,-1,Contract,42979,-1,300852,1063537,-1,1063538,42979,-1,300852,64469,-1,421193,False,True,161501,0,0,0,0
2015-07-26,2015-07-26 00:00:00,Exxon,PILOT TRAVEL CENTERS LLC 103637 IW,HAMMOND IN (MOC) - 00DH,Reg RFG,42979,-1,300852,0,54454,0,54454,54454,-1,0,-1,215955,0,w4,54454,0,215955,64469,-1,421193,Available,-1,Available,150,100,140,On Track,-1,On Track,07/27 00:00:00 EDT,-1,w5,0,2015-07-30 00:00:00,Contract,-1,Contract,42979,-1,300852,1093592,-1,1093593,42979,-1,300852,64469,-1,421193,False,True,215955,0,0,0,0
2015-07-27,2015-07-27 00:00:00,Exxon,PILOT TRAVEL CENTERS LLC 103637 IW,HAMMOND IN (MOC) - 00DH,Reg RFG,42979,-1,300852,0,48391,0,48391,48391,-1,0,-1,264346,0,w4,48391,0,264346,64469,-1,421193,Available,-1,Available,150,100,140,Below Trend,-1,On Track,07/28 00:00:00 EDT,-1,w5,0,2015-07-30 00:00:00,Contract,-1,Contract,42979,-1,300852,1123903,-1,1123904,42979,-1,300852,64469,-1,421193,False,True,264346,0,0,0,0
2015-07-28,2015-07-28 00:00:00,Exxon,PILOT TRAVEL CENTERS LLC 103637 IW,HAMMOND IN (MOC) - 00DH,Reg RFG,42979,-1,300852,0,31606,0,31606,31606,-1,0,-1,295952,0,w4,31606,0,295952,64469,-1,421193,Available,-1,Available,150,100,140,Below Trend,-1,On Track,07/29 00:00:00 EDT,-1,w5,0,2015-07-30 00:00:00,Contract,-1,Contract,42979,-1,300852,1154213,-1,1154214,42979,-1,300852,64469,-1,421193,False,True,295952,0,0,0,0
2015-07-29,2015-07-29 00:00:00,Exxon,PILOT TRAVEL CENTERS LLC 103637 IW,HAMMOND IN (MOC) - 00DH,Reg RFG,42979,-1,300852,0,55110,0,55110,55110,-1,0,-1,351062,0,w4,55110,0,351062,64469,-1,421193,Available,-1,Available,150,100,140,On Track,-1,On Track,07/30 00:00:00 EDT,-1,w5,0,2015-07-30 00:00:00,Contract,-1,Contract,42979,-1,300852,1183502,-1,1183503,42979,-1,300852,64469,-1,421193,False,True,351062,0,0,0,0
2015-07-30,2015-07-30 00:00:00,Exxon,PILOT TRAVEL CENTERS LLC 103637 IW,HAMMOND IN (MOC) - 00DH,Reg RFG,42979,-1,300852,0,44400,0,44400,44400,-1,0,-1,44400,0,w5,44400,0,44400,64469,-1,421193,Available,-1,Available,150,100,140,Below Trend,-1,Below Trend,07/31 00:00:00 EDT,-1,w6,0,2015-08-06 00:00:00,Contract,-1,Contract,43423,-1,303957,1214834,-1,1214835,42979,-1,300852,64469,-1,421193,True,True,44400,0,0,0,0
2015-07-31,2015-07-31 00:00:00,Exxon,PILOT TRAVEL CENTERS LLC 103637 IW,HAMMOND IN (MOC) - 00DH,Reg RFG,43423,-1,300852,0,35503,0,35503,35503,-1,0,-1,79903,0,w5,35503,0,79903,65135,-1,421193,Available,-1,Available,150,100,140,Below Trend,-1,Below Trend,08/01 00:00:00 EDT,-1,w6,0,2015-08-06 00:00:00,Contract,-1,Contract,43423,-1,303957,1245016,-1,1245017,43423,-1,300852,65135,-1,421193,True,True,79903,0,0,0,0
