,date,supplier_name,account_type,supplier_terminal_name,product_name,base_gallons_Daily,base_gallons_Monthly,base_gallons_Weekly,lifted_gallons_daily_flag,lifted_gallons_daily_modified,Modified_WeeksByLiftedGallons,lifted_gallons_modified_WeeksByLiftedGallons,lifted_gallons_Daily,Lifted_actual_monthly,lifted_gallons_monthly_flag,lifted_gallons_Monthly,Lifted_actual_weekly,lifted_gallons_weekly_flag,WeeksByLiftedGallons,lifted_gallonsWeekly_modified_aposteriori,Modified_LiftedGallonsaposteriori,lifted_gallons_Weekly,beginning_gallons_Daily,beginning_gallons_Monthly,beginning_gallons_Weekly,en_allocation_status_Daily,en_allocation_status_Monthly,en_allocation_status_Weekly,percentage_allocation_Daily,percentage_allocation_Monthly,percentage_allocation_Weekly,alerts_ratability_Daily,alerts_ratability_Monthly,alerts_ratability_Weekly,next_refresh_date_Daily,next_refresh_date_Monthly,Week_switch,Modified_NRD,next_refresh_date_Weekly,en_account_type_Daily,en_account_type_Monthly,en_account_type_Weekly,next_refresh_base_gallons_Daily,next_refresh_base_gallons_Monthly,next_refresh_base_gallons_Weekly,staging_id_Daily,staging_id_Monthly,staging_id_Weekly,base_gallons_Daily_Reconciled,base_gallons_Monthly_Reconciled,base_gallons_Weekly_Reconciled,beginning_gallons_Daily_Reconciled,beginning_gallons_Monthly_Reconciled,beginning_gallons_Weekly_Reconciled,sanityWeekly_CumulativeDaily_WeeksByLiftedGallons,sanityWeekly_CumulativeDaily_NextRefreshDate,computedWeekly,computedMonthly,sanityComputedMonthly,sanityMonthly_CumulativeDaily_WeeksByLiftedGallons,sanityMonthly_CumulativeDaily_WeeksByNextRefreshDate
2015-07-01,2015-07-01 00:00:00,Exxon,PILOT TRAVEL CENTERS LLC 103637 IW,GLENDIVE MT CENEX EX - 02PT,ULSD,17272,535421,120902,1,0,0,-1,-1,0,0,0,-1,1,w1,-1,0,0,17272,5348856,120902,-1,Available,-1,100,999,100,-1,Below Trend,-1,-1,08/01 00:00:00 MDT,w1,1,2015-07-02 00:00:00,-1,Contract,-1,-1,535421,-1,-1,507938,-1,17272,535421,120902,17272,5348856,120902,False,True,0,0,1,0,1
2015-07-02,2015-07-02 00:00:00,Exxon,PILOT TRAVEL CENTERS LLC 103637 IW,GLENDIVE MT CENEX EX - 02PT,ULSD,17272,535421,120902,1,18800,0,-1,-1,18800,0,18800,-1,1,w1,-1,0,18800,17272,5348856,120902,-1,Available,-1,100,999,100,-1,Below Trend,-1,-1,08/01 00:00:00 MDT,w2,1,2015-07-09 00:00:00,-1,Contract,-1,-1,535421,-1,-1,527013,-1,17272,535421,120902,17272,5348856,120902,False,True,18800,0,0,0,1
2015-07-03,2015-07-03 00:00:00,Exxon,PILOT TRAVEL CENTERS LLC 103637 IW,GLENDIVE MT CENEX EX - 02PT,ULSD,17272,535421,120902,1,9100,0,-1,-1,27900,0,27900,-1,1,w1,-1,0,27900,17272,5348856,120902,-1,Available,-1,100,999,100,-1,Below Trend,-1,-1,08/01 00:00:00 MDT,w2,1,2015-07-09 00:00:00,-1,Contract,-1,-1,535421,-1,-1,534854,-1,17272,535421,120902,17272,5348856,120902,False,True,27900,0,0,0,1
2015-07-04,2015-07-04 00:00:00,Exxon,PILOT TRAVEL CENTERS LLC 103637 IW,GLENDIVE MT CENEX EX - 02PT,ULSD,17272,535421,120902,1,0,0,-1,-1,27900,0,27900,-1,1,w1,-1,0,27900,17272,5348856,120902,-1,Available,-1,100,999,100,-1,Below Trend,-1,-1,08/01 00:00:00 MDT,w2,1,2015-07-09 00:00:00,-1,Contract,-1,-1,535421,-1,-1,540916,-1,17272,535421,120902,17272,5348856,120902,False,True,27900,0,0,0,1
2015-07-05,2015-07-05 00:00:00,Exxon,PILOT TRAVEL CENTERS LLC 103637 IW,GLENDIVE MT CENEX EX - 02PT,ULSD,17272,535421,120902,1,18100,0,-1,-1,46000,0,46000,-1,1,w1,-1,0,46000,17272,5348856,120902,-1,Available,-1,100,999,100,-1,Below Trend,-1,-1,08/01 00:00:00 MDT,w2,1,2015-07-09 00:00:00,-1,Contract,-1,-1,535421,-1,-1,547359,-1,17272,535421,120902,17272,5348856,120902,False,True,46000,0,0,0,1
2015-07-06,2015-07-06 00:00:00,Exxon,PILOT TRAVEL CENTERS LLC 103637 IW,GLENDIVE MT CENEX EX - 02PT,ULSD,17272,535421,120902,1,0,0,-1,-1,46000,0,46000,-1,1,w1,-1,0,46000,17272,5348856,120902,-1,Available,-1,100,999,100,-1,Below Trend,-1,-1,08/01 00:00:00 MDT,w2,1,2015-07-09 00:00:00,-1,Contract,-1,-1,535421,-1,-1,553675,-1,17272,535421,120902,17272,5348856,120902,False,True,46000,0,0,0,1
2015-07-07,2015-07-07 00:00:00,Exxon,PILOT TRAVEL CENTERS LLC 103637 IW,GLENDIVE MT CENEX EX - 02PT,ULSD,17272,535421,120902,1,46200,0,-1,-1,92200,0,92200,-1,1,w1,-1,0,92200,17272,5348856,120902,-1,Available,-1,100,999,100,-1,Below Trend,-1,-1,08/01 00:00:00 MDT,w2,1,2015-07-09 00:00:00,-1,Contract,-1,-1,535421,-1,-1,566688,-1,17272,535421,120902,17272,5348856,120902,False,True,92200,0,0,0,1
2015-07-08,2015-07-08 00:00:00,Exxon,PILOT TRAVEL CENTERS LLC 103637 IW,GLENDIVE MT CENEX EX - 02PT,ULSD,17272,535421,120902,1,0,0,-1,-1,92200,0,92200,-1,1,w1,-1,0,92200,17272,5348856,120902,-1,Available,-1,100,999,100,-1,Below Trend,-1,-1,08/01 00:00:00 MDT,w2,1,2015-07-09 00:00:00,-1,Contract,-1,-1,535421,-1,-1,576289,-1,17272,535421,120902,17272,5348856,120902,False,True,92200,0,0,0,1
2015-07-09,2015-07-09 00:00:00,Exxon,PILOT TRAVEL CENTERS LLC 103637 IW,GLENDIVE MT CENEX EX - 02PT,ULSD,17272,535421,120902,0,-1,0,-1,-1,-1,0,-1,-1,0,w1,-1,0,-1,17272,5348856,120902,-1,-1,-1,100,100,100,-1,-1,-1,-1,-1,w3,1,2015-07-16 00:00:00,-1,-1,-1,-1,-1,-1,-1,-1,-1,17272,5348856,120902,17272,535421,120902,False,True,0,0,0,0,0
2015-07-10,2015-07-10 00:00:00,Exxon,PILOT TRAVEL CENTERS LLC 103637 IW,GLENDIVE MT CENEX EX - 02PT,ULSD,17272,535421,120902,0,-1,0,-1,-1,110300,0,110300,-1,0,w1,-1,0,-1,17272,5348856,120902,-1,Available,-1,100,999,100,-1,Below Trend,-1,-1,08/01 00:00:00 MDT,w3,1,2015-07-16 00:00:00,-1,Contract,-1,-1,535421,-1,-1,609296,-1,17272,535421,120902,17272,5348856,120902,False,False,0,0,0,0,0
2015-07-11,2015-07-11 00:00:00,Exxon,PILOT TRAVEL CENTERS LLC 103637 IW,GLENDIVE MT CENEX EX - 02PT,ULSD,17272,535421,120902,1,18300,0,-1,-1,128600,0,128600,-1,0,w1,-1,0,-1,17272,5348856,120902,-1,Available,-1,100,999,100,-1,Below Trend,-1,-1,08/01 00:00:00 MDT,w3,1,2015-07-16 00:00:00,-1,Contract,-1,-1,535421,-1,-1,637910,-1,17272,535421,120902,17272,5348856,120902,False,False,0,0,0,0,0
2015-07-12,2015-07-12 00:00:00,Exxon,PILOT TRAVEL CENTERS LLC 103637 IW,GLENDIVE MT CENEX EX - 02PT,ULSD,17272,535421,120902,1,9300,0,-1,-1,137900,0,137900,-1,0,w1,-1,0,-1,17272,5348856,120902,-1,Available,-1,100,999,100,-1,Below Trend,-1,-1,08/01 00:00:00 MDT,w3,1,2015-07-16 00:00:00,-1,Contract,-1,-1,535421,-1,-1,667324,-1,17272,535421,120902,17272,5348856,120902,False,False,0,0,0,0,0
2015-07-13,2015-07-13 00:00:00,Exxon,PILOT TRAVEL CENTERS LLC 103637 IW,GLENDIVE MT CENEX EX - 02PT,ULSD,17272,535421,120902,1,19000,0,-1,-1,156900,0,156900,-1,0,w1,-1,0,-1,17272,5348856,120902,-1,Available,-1,100,999,100,-1,Below Trend,-1,-1,08/01 00:00:00 MDT,w3,1,2015-07-16 00:00:00,-1,Contract,-1,-1,535421,-1,-1,697920,-1,17272,535421,120902,17272,5348856,120902,False,False,0,0,0,0,0
2015-07-14,2015-07-14 00:00:00,Exxon,PILOT TRAVEL CENTERS LLC 103637 IW,GLENDIVE MT CENEX EX - 02PT,ULSD,17272,-1,120902,0,9200,0,9200,9200,-1,0,-1,73900,0,w1,9200,0,73900,17272,-1,120902,Available,-1,Available,100,100,100,Below Trend,-1,Below Trend,07/15 00:00:00 MDT,-1,w3,0,2015-07-16 00:00:00,Contract,-1,Contract,17272,-1,120902,730809,-1,730810,17272,-1,120902,17272,-1,120902,False,False,0,0,0,0,0
2015-07-15,2015-07-15 00:00:00,Exxon,PILOT TRAVEL CENTERS LLC 103637 IW,GLENDIVE MT CENEX EX - 02PT,ULSD,17272,-1,120902,0,0,0,0,0,-1,0,-1,73900,0,w1,0,0,73900,17272,-1,120902,Available,-1,Available,100,100,100,Below Trend,-1,Below Trend,07/16 00:00:00 MDT,-1,w3,0,2015-07-16 00:00:00,Contract,-1,Contract,17272,-1,120902,756283,-1,756284,17272,-1,120902,17272,-1,120902,False,False,0,0,0,0,0
2015-07-16,2015-07-16 00:00:00,Exxon,PILOT TRAVEL CENTERS LLC 103637 IW,GLENDIVE MT CENEX EX - 02PT,ULSD,17272,-1,120902,0,0,0,0,0,-1,0,-1,0,0,w2,0,0,0,17272,-1,120902,Available,-1,Available,100,100,100,Below Trend,-1,Below Trend,07/17 00:00:00 MDT,-1,w4,0,2015-07-23 00:00:00,Contract,-1,Contract,17272,-1,120902,788562,-1,788563,17272,-1,120902,17272,-1,120902,True,True,0,0,0,0,0
2015-07-17,2015-07-17 00:00:00,Exxon,PILOT TRAVEL CENTERS LLC 103637 IW,GLENDIVE MT CENEX EX - 02PT,ULSD,17272,-1,120902,0,0,0,0,0,-1,0,-1,0,0,w2,0,0,0,17272,-1,120902,Available,-1,Available,100,100,100,Below Trend,-1,Below Trend,07/18 00:00:00 MDT,-1,w4,0,2015-07-23 00:00:00,Contract,-1,Contract,17272,-1,120902,821609,-1,821610,17272,-1,120902,17272,-1,120902,True,True,0,0,0,0,0
2015-07-18,2015-07-18 00:00:00,Exxon,PILOT TRAVEL CENTERS LLC 103637 IW,GLENDIVE MT CENEX EX - 02PT,ULSD,17272,-1,120902,0,0,0,0,0,-1,0,-1,0,0,w2,0,0,0,17272,-1,120902,Available,-1,Available,100,100,100,Below Trend,-1,Below Trend,07/19 00:00:00 MDT,-1,w4,0,2015-07-23 00:00:00,Contract,-1,Contract,17272,-1,120902,852071,-1,852072,17272,-1,120902,17272,-1,120902,True,True,0,0,0,0,0
2015-07-19,2015-07-19 00:00:00,Exxon,PILOT TRAVEL CENTERS LLC 103637 IW,GLENDIVE MT CENEX EX - 02PT,ULSD,17272,-1,120902,0,0,0,0,0,-1,0,-1,0,0,w2,0,0,0,17272,-1,120902,Available,-1,Available,100,100,100,Below Trend,-1,Below Trend,07/20 00:00:00 MDT,-1,w4,0,2015-07-23 00:00:00,Contract,-1,Contract,17272,-1,120902,883332,-1,883333,17272,-1,120902,17272,-1,120902,True,True,0,0,0,0,0
2015-07-20,2015-07-20 00:00:00,Exxon,PILOT TRAVEL CENTERS LLC 103637 IW,GLENDIVE MT CENEX EX - 02PT,ULSD,17272,-1,120902,0,0,0,0,0,-1,0,-1,0,0,w2,0,0,0,17272,-1,120902,Available,-1,Available,100,100,100,Below Trend,-1,Below Trend,07/21 00:00:00 MDT,-1,w4,0,2015-07-23 00:00:00,Contract,-1,Contract,17272,-1,120902,913698,-1,913699,17272,-1,120902,17272,-1,120902,True,True,0,0,0,0,0
2015-07-21,2015-07-21 00:00:00,Exxon,PILOT TRAVEL CENTERS LLC 103637 IW,GLENDIVE MT CENEX EX - 02PT,ULSD,17272,-1,120902,0,0,0,0,0,-1,0,-1,0,0,w2,0,0,0,17272,-1,120902,Available,-1,Available,100,100,100,Below Trend,-1,Below Trend,07/22 00:00:00 MDT,-1,w4,0,2015-07-23 00:00:00,Contract,-1,Contract,17272,-1,120902,942885,-1,942886,17272,-1,120902,17272,-1,120902,True,True,0,0,0,0,0
2015-07-22,2015-07-22 00:00:00,Exxon,PILOT TRAVEL CENTERS LLC 103637 IW,GLENDIVE MT CENEX EX - 02PT,ULSD,17272,-1,120902,0,0,0,0,0,-1,0,-1,0,0,w2,0,0,0,17272,-1,120902,Available,-1,Available,100,100,100,Below Trend,-1,Below Trend,07/23 00:00:00 MDT,-1,w4,0,2015-07-23 00:00:00,Contract,-1,Contract,17272,-1,120902,976314,-1,976315,17272,-1,120902,17272,-1,120902,True,True,0,0,0,0,0
2015-07-23,2015-07-23 00:00:00,Exxon,PILOT TRAVEL CENTERS LLC 103637 IW,GLENDIVE MT CENEX EX - 02PT,ULSD,17272,-1,120902,0,9200,0,9200,9200,-1,0,-1,9200,0,w2,9200,0,9200,17272,-1,120902,Available,-1,Available,100,100,100,Below Trend,-1,Below Trend,07/24 00:00:00 MDT,-1,w5,0,2015-07-30 00:00:00,Contract,-1,Contract,17272,-1,120902,1002978,-1,1002979,17272,-1,120902,17272,-1,120902,True,True,0,0,0,0,0
2015-07-24,2015-07-24 00:00:00,Exxon,PILOT TRAVEL CENTERS LLC 103637 IW,GLENDIVE MT CENEX EX - 02PT,ULSD,17272,-1,120902,0,0,0,0,0,-1,0,-1,9200,0,w2,0,0,9200,17272,-1,120902,Available,-1,Available,100,100,100,Below Trend,-1,Below Trend,07/25 00:00:00 MDT,-1,w5,0,2015-07-30 00:00:00,Contract,-1,Contract,17272,-1,120902,1033223,-1,1033224,17272,-1,120902,17272,-1,120902,True,True,0,0,0,0,0
2015-07-25,2015-07-25 00:00:00,Exxon,PILOT TRAVEL CENTERS LLC 103637 IW,GLENDIVE MT CENEX EX - 02PT,ULSD,17272,-1,120902,0,0,0,0,0,-1,0,-1,9200,0,w2,0,0,9200,17272,-1,120902,Available,-1,Available,100,100,100,Below Trend,-1,Below Trend,07/26 00:00:00 MDT,-1,w5,0,2015-07-30 00:00:00,Contract,-1,Contract,17272,-1,120902,1063533,-1,1063534,17272,-1,120902,17272,-1,120902,True,True,0,0,0,0,0
2015-07-26,2015-07-26 00:00:00,Exxon,PILOT TRAVEL CENTERS LLC 103637 IW,GLENDIVE MT CENEX EX - 02PT,ULSD,17272,-1,120902,0,9300,0,9300,9300,-1,0,-1,18500,0,w2,9300,0,18500,17272,-1,120902,Available,-1,Available,100,100,100,Below Trend,-1,Below Trend,07/27 00:00:00 MDT,-1,w5,0,2015-07-30 00:00:00,Contract,-1,Contract,17272,-1,120902,1093588,-1,1093589,17272,-1,120902,17272,-1,120902,True,True,0,0,0,0,0
2015-07-27,2015-07-27 00:00:00,Exxon,PILOT TRAVEL CENTERS LLC 103637 IW,GLENDIVE MT CENEX EX - 02PT,ULSD,17272,535421,120902,0,-1,0,-1,-1,184600,0,184600,-1,0,w3,-1,0,-1,17272,5348856,120902,-1,Available,-1,100,999,100,-1,Below Trend,-1,-1,08/01 00:00:00 MDT,w5,1,2015-07-30 00:00:00,-1,Contract,-1,-1,535421,-1,-1,1123900,-1,17272,535421,120902,17272,5348856,120902,True,False,0,0,0,0,0
2015-07-28,2015-07-28 00:00:00,Exxon,PILOT TRAVEL CENTERS LLC 103637 IW,GLENDIVE MT CENEX EX - 02PT,ULSD,17272,535421,120902,1,0,0,-1,-1,184600,0,184600,-1,0,w3,-1,0,-1,17272,5348856,120902,-1,Available,-1,100,999,100,-1,Below Trend,-1,-1,08/01 00:00:00 MDT,w5,1,2015-07-30 00:00:00,-1,Contract,-1,-1,535421,-1,-1,1154210,-1,17272,535421,120902,17272,5348856,120902,False,False,0,0,0,0,0
2015-07-29,2015-07-29 00:00:00,Exxon,PILOT TRAVEL CENTERS LLC 103637 IW,GLENDIVE MT CENEX EX - 02PT,ULSD,17272,535421,120902,1,0,0,-1,-1,184600,0,184600,-1,0,w3,-1,0,-1,17272,5348856,120902,-1,Available,-1,100,999,100,-1,Below Trend,-1,-1,08/01 00:00:00 MDT,w5,1,2015-07-30 00:00:00,-1,Contract,-1,-1,535421,-1,-1,1183499,-1,17272,535421,120902,17272,5348856,120902,False,False,0,0,0,0,0
2015-07-30,2015-07-30 00:00:00,Exxon,PILOT TRAVEL CENTERS LLC 103637 IW,GLENDIVE MT CENEX EX - 02PT,ULSD,17272,535421,120902,1,0,0,-1,-1,184600,0,184600,-1,1,w3,-1,0,0,17272,5348856,120902,-1,Available,-1,100,999,100,-1,Below Trend,-1,-1,08/01 00:00:00 MDT,w6,1,2015-08-06 00:00:00,-1,Contract,-1,-1,625000,-1,-1,1214831,-1,17272,535421,120902,17272,5348856,120902,False,True,0,0,0,0,0
2015-07-31,2015-07-31 00:00:00,Exxon,PILOT TRAVEL CENTERS LLC 103637 IW,GLENDIVE MT CENEX EX - 02PT,ULSD,17272,535421,120902,1,0,0,-1,-1,184600,0,184600,-1,1,w3,-1,0,0,17272,5348856,120902,-1,Available,-1,100,999,100,-1,Below Trend,-1,-1,08/01 00:00:00 MDT,w6,1,2015-08-06 00:00:00,-1,Contract,-1,-1,625000,-1,-1,1245014,-1,17272,535421,120902,17272,5348856,120902,False,True,0,0,0,0,0
