,date,supplier_name,account_type,supplier_terminal_name,product_name,base_gallons_Daily,base_gallons_Weekly,lifted_gallons_daily_flag,lifted_gallons_daily_modified,Modified_WeeksByLiftedGallons,lifted_gallons_modified_WeeksByLiftedGallons,lifted_gallons_Daily,Lifted_actual_weekly,lifted_gallons_weekly_flag,WeeksByLiftedGallons,lifted_gallonsWeekly_modified_aposteriori,Modified_LiftedGallonsaposteriori,lifted_gallons_Weekly,beginning_gallons_Daily,beginning_gallons_Weekly,en_allocation_status_Daily,en_allocation_status_Weekly,percentage_allocation_Daily,percentage_allocation_Weekly,alerts_ratability_Daily,alerts_ratability_Weekly,next_refresh_date_Daily,Week_switch,Modified_NRD,next_refresh_date_Weekly,en_account_type_Daily,en_account_type_Weekly,staging_id_Daily,staging_id_Weekly,base_gallons_Monthly,Lifted_actual_monthly,lifted_gallons_monthly_flag,lifted_gallons_Monthly,beginning_gallons_Monthly,en_allocation_status_Monthly,percentage_allocation_Monthly,alerts_ratability_Monthly,next_refresh_date_Monthly,base_gallons_Daily_Reconciled,base_gallons_Monthly_Reconciled,beginning_gallons_Daily_Reconciled,beginning_gallons_Monthly_Reconciled,beginning_gallons_Weekly_Reconciled,sanityWeekly_CumulativeDaily_WeeksByLiftedGallons,sanityWeekly_CumulativeDaily_NextRefreshDate,computedWeekly,computedMonthly,sanityComputedMonthly,sanityMonthly_CumulativeDaily_WeeksByLiftedGallons,sanityMonthly_CumulativeDaily_WeeksByNextRefreshDate
2015-07-01,2015-07-01 00:00:00,BP,Channel: 50 - Commercial,WARREN OH - BUCKEYE (PLANT 9182),DIESEL,24194,169355,0,61116,0,61116,61116,61116,0,w1,61116,0,61116,48388.0,186291.0,Out,Out,200,110,-1,-1,07/02 00:00:00 EDT,w1,0,2015-07-08 00:00:00,Contract,Contract,508173,508174,0,0,0,0,0,0,0,0,0,24194,-1,48388,0,186291,True,True,61116,0,0,0,0
2015-07-02,2015-07-02 00:00:00,BP,Channel: 50 - Commercial,WARREN OH - BUCKEYE (PLANT 9182),DIESEL,24194,169355,0,30507,0,30507,30507,91623,0,w1,30507,0,91623,48388.0,186291.0,Available,Available,200,110,-1,-1,07/03 00:00:00 EDT,w1,0,2015-07-08 00:00:00,Contract,Contract,528398,528399,0,0,0,0,0,0,0,0,0,24194,-1,48388,0,186291,True,True,91623,0,0,0,0
2015-07-03,2015-07-03 00:00:00,BP,Channel: 50 - Commercial,WARREN OH - BUCKEYE (PLANT 9182),DIESEL,24194,169355,3,22707,1,22707,15204,114330,0,w1,15204,0,114330,48388.0,186291.0,Available,Available,200,110,-1,-1,07/04 00:00:00 EDT,w1,0,2015-07-08 00:00:00,Contract,Contract,536016,536017,0,0,0,0,0,0,0,0,0,24194,-1,48388,0,186291,True,True,114330,0,0,0,0
2015-07-04,2015-07-04 00:00:00,BP,Channel: 50 - Commercial,WARREN OH - BUCKEYE (PLANT 9182),DIESEL,24194,169355,0,0,0,0,0,114330,0,w1,0,0,114330,48388.0,186291.0,Available,Available,200,110,-1,-1,07/05 00:00:00 EDT,w1,0,2015-07-08 00:00:00,Contract,Contract,542304,542305,0,0,0,0,0,0,0,0,0,24194,-1,48388,0,186291,True,True,114330,0,0,0,0
2015-07-05,2015-07-05 00:00:00,BP,Channel: 50 - Commercial,WARREN OH - BUCKEYE (PLANT 9182),DIESEL,24194,169355,0,0,0,0,0,114330,0,w1,0,0,114330,48388.0,186291.0,Available,Available,200,110,-1,-1,07/06 00:00:00 EDT,w1,0,2015-07-08 00:00:00,Contract,Contract,548748,548749,0,0,0,0,0,0,0,0,0,24194,-1,48388,0,186291,True,True,114330,0,0,0,0
2015-07-06,2015-07-06 00:00:00,BP,Channel: 50 - Commercial,WARREN OH - BUCKEYE (PLANT 9182),DIESEL,24194,169355,3,23011,1,23011,15206,137341,0,w1,15206,0,137341,48388.0,186291.0,Available,Available,200,110,-1,-1,07/07 00:00:00 EDT,w1,0,2015-07-08 00:00:00,Contract,Contract,555061,555062,0,0,0,0,0,0,0,0,0,24194,-1,48388,0,186291,True,True,137341,0,0,0,0
2015-07-07,2015-07-07 00:00:00,BP,Channel: 50 - Commercial,WARREN OH - BUCKEYE (PLANT 9182),DIESEL,24194,169355,3,60837,1,60837,45825,198178,0,w1,45825,0,198178,48388.0,186291.0,Available,Available,200,110,-1,-1,07/08 00:00:00 EDT,w1,0,2015-07-08 00:00:00,Contract,Contract,568074,568075,0,0,0,0,0,0,0,0,0,24194,-1,48388,0,186291,True,True,198178,0,0,0,0
2015-07-08,2015-07-08 00:00:00,BP,Channel: 50 - Commercial,WARREN OH - BUCKEYE (PLANT 9182),DIESEL,24194,169355,0,0,0,0,0,0,0,w2,0,0,0,48388.0,186291.0,Available,Available,200,110,-1,-1,07/09 00:00:00 EDT,w2,0,2015-07-15 00:00:00,Contract,Contract,578096,578097,0,0,0,0,0,0,0,0,0,24194,-1,48388,0,186291,True,True,0,0,0,0,0
2015-07-09,2015-07-09 00:00:00,BP,Channel: 50 - Commercial,WARREN OH - BUCKEYE (PLANT 9182),DIESEL,24194,169355,4,30610,0,-1,-1,-1,4,w3,-1,0,30610,48388.0,186291.0,-1,-1,100,100,-1,-1,-1,w2,1,2015-07-15 00:00:00,-1,-1,-1,-1,0,-1,0,-1,0,-1,100,-1,-1,48388,-1,24194,0,169355,True,True,0,0,0,0,0
2015-07-10,2015-07-10 00:00:00,BP,Channel: 50 - Commercial,WARREN OH - BUCKEYE (PLANT 9182),DIESEL,24194,169355,0,22816,0,22816,22816,53426,0,w3,22816,0,53426,48388.0,186291.0,Available,Available,200,110,-1,-1,07/11 00:00:00 EDT,w2,0,2015-07-15 00:00:00,Contract,Contract,609066,609067,0,0,0,0,0,0,0,0,0,24194,-1,48388,0,186291,False,True,0,0,0,0,0
2015-07-11,2015-07-11 00:00:00,BP,Channel: 50 - Commercial,WARREN OH - BUCKEYE (PLANT 9182),DIESEL,24194,169355,0,7808,0,7808,7808,61234,0,w3,7808,0,61234,48388.0,186291.0,Available,Available,200,110,-1,-1,07/12 00:00:00 EDT,w2,0,2015-07-15 00:00:00,Contract,Contract,639306,639307,0,0,0,0,0,0,0,0,0,24194,-1,48388,0,186291,False,True,0,0,0,0,0
2015-07-12,2015-07-12 00:00:00,BP,Channel: 50 - Commercial,WARREN OH - BUCKEYE (PLANT 9182),DIESEL,24194,169355,0,-1,0,-1,-1,-1,0,w4,-1,0,-1,48388.0,186291.0,-1,-1,100,100,-1,-1,-1,w2,1,2015-07-15 00:00:00,-1,-1,-1,-1,0,-1,0,-1,0,-1,100,-1,-1,48388,-1,24194,0,169355,True,False,0,0,0,0,0
2015-07-13,2015-07-13 00:00:00,BP,Channel: 50 - Commercial,WARREN OH - BUCKEYE (PLANT 9182),DIESEL,24194,169355,0,-1,0,-1,-1,-1,0,w4,-1,0,-1,48388.0,186291.0,-1,-1,100,100,-1,-1,-1,w2,1,2015-07-15 00:00:00,-1,-1,-1,-1,0,-1,0,-1,0,-1,100,-1,-1,48388,-1,24194,0,169355,False,False,0,0,0,0,0
2015-07-14,2015-07-14 00:00:00,BP,Channel: 50 - Commercial,WARREN OH - BUCKEYE (PLANT 9182),DIESEL,24194,169355,0,53025,0,53025,53025,175339,0,w4,53025,0,175339,48388.0,186291.0,Available,Available,200,110,-1,-1,07/15 00:00:00 EDT,w2,0,2015-07-15 00:00:00,Contract,Contract,731181,731182,0,0,0,0,0,0,0,0,0,24194,-1,48388,0,186291,False,False,0,0,0,0,0
2015-07-15,2015-07-15 00:00:00,BP,Channel: 50 - Commercial,WARREN OH - BUCKEYE (PLANT 9182),DIESEL,24194,169355,0,45272,0,45272,45272,45272,0,w5,45272,0,45272,48388.0,186291.0,Available,Available,200,110,-1,-1,07/16 00:00:00 EDT,w3,0,2015-07-22 00:00:00,Contract,Contract,756399,756400,0,0,0,0,0,0,0,0,0,24194,-1,48388,0,186291,True,True,45272,0,0,0,0
2015-07-16,2015-07-16 00:00:00,BP,Channel: 50 - Commercial,WARREN OH - BUCKEYE (PLANT 9182),DIESEL,24194,169355,0,22607,0,22607,22607,67879,0,w5,22607,0,67879,48388.0,186291.0,Available,Available,200,110,-1,-1,07/17 00:00:00 EDT,w3,0,2015-07-22 00:00:00,Contract,Contract,789701,789702,0,0,0,0,0,0,0,0,0,24194,-1,48388,0,186291,True,True,67879,0,0,0,0
2015-07-17,2015-07-17 00:00:00,BP,Channel: 50 - Commercial,WARREN OH - BUCKEYE (PLANT 9182),DIESEL,24194,169355,0,37927,0,37927,37927,105806,0,w5,37927,0,105806,48388.0,186291.0,Available,Available,200,110,-1,-1,07/18 00:00:00 EDT,w3,0,2015-07-22 00:00:00,Contract,Contract,821729,821730,0,0,0,0,0,0,0,0,0,24194,-1,48388,0,186291,True,True,105806,0,0,0,0
2015-07-18,2015-07-18 00:00:00,BP,Channel: 50 - Commercial,WARREN OH - BUCKEYE (PLANT 9182),DIESEL,24194,169355,0,38040,0,38040,38040,143846,0,w5,38040,0,143846,48388.0,186291.0,Available,Available,200,110,-1,-1,07/19 00:00:00 EDT,w3,0,2015-07-22 00:00:00,Contract,Contract,852191,852192,0,0,0,0,0,0,0,0,0,24194,-1,48388,0,186291,True,True,143846,0,0,0,0
2015-07-19,2015-07-19 00:00:00,BP,Channel: 50 - Commercial,WARREN OH - BUCKEYE (PLANT 9182),DIESEL,24194,169355,0,22608,0,22608,22608,166454,0,w5,22608,0,166454,48388.0,186291.0,Available,Available,200,110,-1,-1,07/20 00:00:00 EDT,w3,0,2015-07-22 00:00:00,Contract,Contract,883452,883453,0,0,0,0,0,0,0,0,0,24194,-1,48388,0,186291,True,True,166454,0,0,0,0
2015-07-20,2015-07-20 00:00:00,BP,Channel: 50 - Commercial,WARREN OH - BUCKEYE (PLANT 9182),DIESEL,24194,169355,0,30626,0,30626,30626,197080,0,w5,30626,0,197080,48388.0,186291.0,Out,Out,200,110,-1,-1,07/21 00:00:00 EDT,w3,0,2015-07-22 00:00:00,Contract,Contract,913817,913818,0,0,0,0,0,0,0,0,0,24194,-1,48388,0,186291,True,True,197080,0,0,0,0
2015-07-21,2015-07-21 00:00:00,BP,Channel: 50 - Commercial,WARREN OH - BUCKEYE (PLANT 9182),DIESEL,24194,169355,0,0,0,0,0,197080,0,w5,0,0,197080,48388.0,186291.0,Out,Out,200,110,-1,-1,07/22 00:00:00 EDT,w3,0,2015-07-22 00:00:00,Contract,Contract,934358,934359,0,0,0,0,0,0,0,0,0,24194,-1,48388,0,186291,True,True,197080,0,0,0,0
2015-07-22,2015-07-22 00:00:00,BP,Channel: 50 - Commercial,WARREN OH - BUCKEYE (PLANT 9182),DIESEL,24194,169355,0,45526,0,45526,45526,45526,0,w6,45526,0,45526,48388.0,186291.0,Available,Available,200,110,-1,-1,07/23 00:00:00 EDT,w4,0,2015-07-29 00:00:00,Contract,Contract,976430,976431,0,0,0,0,0,0,0,0,0,24194,-1,48388,0,186291,True,True,0,0,0,0,0
2015-07-23,2015-07-23 00:00:00,BP,Channel: 50 - Commercial,WARREN OH - BUCKEYE (PLANT 9182),DIESEL,24194,169355,0,37718,0,37718,37718,83244,0,w6,37718,0,83244,48388.0,186291.0,Available,Available,200,110,-1,-1,07/24 00:00:00 EDT,w4,0,2015-07-29 00:00:00,Contract,Contract,994639,994640,0,0,0,0,0,0,0,0,0,24194,-1,48388,0,186291,True,True,0,0,0,0,0
2015-07-24,2015-07-24 00:00:00,BP,Channel: 50 - Commercial,WARREN OH - BUCKEYE (PLANT 9182),DIESEL,24194,169355,0,-1,0,-1,-1,-1,0,w7,-1,0,-1,48388.0,186291.0,-1,-1,100,100,-1,-1,-1,w4,1,2015-07-29 00:00:00,-1,-1,-1,-1,0,-1,0,-1,0,-1,100,-1,-1,48388,-1,24194,0,169355,True,False,0,0,0,0,0
2015-07-25,2015-07-25 00:00:00,BP,Channel: 50 - Commercial,WARREN OH - BUCKEYE (PLANT 9182),DIESEL,24194,169355,0,-1,0,-1,-1,-1,0,w7,-1,0,-1,48388.0,186291.0,-1,-1,100,100,-1,-1,-1,w4,1,2015-07-29 00:00:00,-1,-1,-1,-1,0,-1,0,-1,0,-1,100,-1,-1,48388,-1,24194,0,169355,False,False,0,0,0,0,0
2015-07-26,2015-07-26 00:00:00,BP,Channel: 50 - Commercial,WARREN OH - BUCKEYE (PLANT 9182),DIESEL,24194,169355,0,-1,0,-1,-1,-1,0,w7,-1,0,-1,48388.0,186291.0,-1,-1,100,100,-1,-1,-1,w4,1,2015-07-29 00:00:00,-1,-1,-1,-1,0,-1,0,-1,0,-1,100,-1,-1,48388,-1,24194,0,169355,False,False,0,0,0,0,0
2015-07-27,2015-07-27 00:00:00,BP,Channel: 50 - Commercial,WARREN OH - BUCKEYE (PLANT 9182),DIESEL,24194,169355,0,-1,0,-1,-1,-1,0,w7,-1,0,-1,48388.0,186291.0,-1,-1,100,100,-1,-1,-1,w4,1,2015-07-29 00:00:00,-1,-1,-1,-1,0,-1,0,-1,0,-1,100,-1,-1,48388,-1,24194,0,169355,False,False,0,0,0,0,0
2015-07-28,2015-07-28 00:00:00,BP,Channel: 50 - Commercial,WARREN OH - BUCKEYE (PLANT 9182),DIESEL,24194,169355,0,-1,0,-1,-1,-1,0,w7,-1,0,-1,48388.0,186291.0,-1,-1,100,100,-1,-1,-1,w4,1,2015-07-29 00:00:00,-1,-1,-1,-1,0,-1,0,-1,0,-1,100,-1,-1,48388,-1,24194,0,169355,False,False,0,0,0,0,0
2015-07-29,2015-07-29 00:00:00,BP,Channel: 50 - Commercial,WARREN OH - BUCKEYE (PLANT 9182),DIESEL,24194,169355,0,-1,0,-1,-1,-1,0,w7,-1,0,-1,48388.0,186291.0,-1,-1,100,100,-1,-1,-1,w5,1,2015-08-05 00:00:00,-1,-1,-1,-1,0,-1,0,-1,0,-1,100,-1,-1,48388,-1,24194,0,169355,False,True,0,0,0,0,0
2015-07-30,2015-07-30 00:00:00,BP,Channel: 50 - Commercial,WARREN OH - BUCKEYE (PLANT 9182),DIESEL,24194,169355,0,-1,0,-1,-1,-1,0,w7,-1,0,-1,48388.0,186291.0,-1,-1,100,100,-1,-1,-1,w5,1,2015-08-05 00:00:00,-1,-1,-1,-1,0,-1,0,-1,0,-1,100,-1,-1,48388,-1,24194,0,169355,False,False,0,0,0,0,0
2015-07-31,2015-07-31 00:00:00,BP,Channel: 50 - Commercial,WARREN OH - BUCKEYE (PLANT 9182),DIESEL,24194,169355,0,-1,0,-1,-1,-1,0,w7,-1,0,-1,48388.0,186291.0,-1,-1,100,100,-1,-1,-1,w5,1,2015-08-05 00:00:00,-1,-1,-1,-1,0,-1,0,-1,0,-1,100,-1,-1,48388,-1,24194,0,169355,False,False,0,0,0,0,0
