,date,supplier_name,account_type,supplier_terminal_name,product_name,base_gallons_Daily,base_gallons_Weekly,lifted_gallons_daily_flag,lifted_gallons_daily_modified,Modified_WeeksByLiftedGallons,lifted_gallons_modified_WeeksByLiftedGallons,lifted_gallons_Daily,Lifted_actual_weekly,lifted_gallons_weekly_flag,WeeksByLiftedGallons,lifted_gallonsWeekly_modified_aposteriori,Modified_LiftedGallonsaposteriori,lifted_gallons_Weekly,beginning_gallons_Daily,beginning_gallons_Weekly,en_allocation_status_Daily,en_allocation_status_Weekly,percentage_allocation_Daily,percentage_allocation_Weekly,alerts_ratability_Daily,alerts_ratability_Weekly,next_refresh_date_Daily,Week_switch,Modified_NRD,next_refresh_date_Weekly,en_account_type_Daily,en_account_type_Weekly,staging_id_Daily,staging_id_Weekly,base_gallons_Monthly,Lifted_actual_monthly,lifted_gallons_monthly_flag,lifted_gallons_Monthly,beginning_gallons_Monthly,en_allocation_status_Monthly,percentage_allocation_Monthly,alerts_ratability_Monthly,next_refresh_date_Monthly,base_gallons_Daily_Reconciled,base_gallons_Monthly_Reconciled,beginning_gallons_Daily_Reconciled,beginning_gallons_Monthly_Reconciled,beginning_gallons_Weekly_Reconciled,sanityWeekly_CumulativeDaily_WeeksByLiftedGallons,sanityWeekly_CumulativeDaily_NextRefreshDate,computedWeekly,computedMonthly,sanityComputedMonthly,sanityMonthly_CumulativeDaily_WeeksByLiftedGallons,sanityMonthly_CumulativeDaily_WeeksByNextRefreshDate
2015-07-01,2015-07-01 00:00:00,BP,Channel: 50 - Commercial,CUYAHOGA OH - BUCKEYE (PLANT 9178),REGULAR,9150,64049,0,0,0,0,0,0,0,w1,0,0,0,18300.0,70454.0,Available,Available,200,110,-1,-1,07/02 00:00:00 EDT,w1,0,2015-07-08 00:00:00,Contract,Contract,508156,508157,0,0,0,0,0,0,0,0,0,9150,-1,18300,0,70454,True,True,0,0,1,1,1
2015-07-02,2015-07-02 00:00:00,BP,Channel: 50 - Commercial,CUYAHOGA OH - BUCKEYE (PLANT 9178),REGULAR,9150,64049,0,0,0,0,0,0,0,w1,0,0,0,18300.0,70454.0,Available,Available,200,110,-1,-1,07/03 00:00:00 EDT,w1,0,2015-07-08 00:00:00,Contract,Contract,528381,528382,0,0,0,0,0,0,0,0,0,9150,-1,18300,0,70454,True,True,0,0,1,1,1
2015-07-03,2015-07-03 00:00:00,BP,Channel: 50 - Commercial,CUYAHOGA OH - BUCKEYE (PLANT 9178),REGULAR,9150,64049,0,0,0,0,0,0,0,w1,0,0,0,18300.0,70454.0,Available,Available,200,110,-1,-1,07/04 00:00:00 EDT,w1,0,2015-07-08 00:00:00,Contract,Contract,535999,536000,0,0,0,0,0,0,0,0,0,9150,-1,18300,0,70454,True,True,0,0,1,1,1
2015-07-04,2015-07-04 00:00:00,BP,Channel: 50 - Commercial,CUYAHOGA OH - BUCKEYE (PLANT 9178),REGULAR,9150,64049,3,24900,1,24900,8702,24900,0,w1,8702,0,24900,18300.0,70454.0,Available,Available,200,110,-1,-1,07/05 00:00:00 EDT,w1,0,2015-07-08 00:00:00,Contract,Contract,542284,542285,0,0,0,0,0,0,0,0,0,9150,-1,18300,0,70454,True,True,24900,0,0,0,0
2015-07-05,2015-07-05 00:00:00,BP,Channel: 50 - Commercial,CUYAHOGA OH - BUCKEYE (PLANT 9178),REGULAR,9150,64049,3,14499,1,14499,0,39399,0,w1,0,0,39399,18300.0,70454.0,Available,Available,200,110,-1,-1,07/06 00:00:00 EDT,w1,0,2015-07-08 00:00:00,Contract,Contract,548728,548729,0,0,0,0,0,0,0,0,0,9150,-1,18300,0,70454,True,True,39399,0,0,0,0
2015-07-06,2015-07-06 00:00:00,BP,Channel: 50 - Commercial,CUYAHOGA OH - BUCKEYE (PLANT 9178),REGULAR,9150,64049,3,16200,1,16200,0,55599,0,w1,0,0,55599,18300.0,70454.0,Available,Available,200,110,-1,-1,07/07 00:00:00 EDT,w1,0,2015-07-08 00:00:00,Contract,Contract,555044,555045,0,0,0,0,0,0,0,0,0,9150,-1,18300,0,70454,True,True,55599,0,0,0,0
2015-07-07,2015-07-07 00:00:00,BP,Channel: 50 - Commercial,CUYAHOGA OH - BUCKEYE (PLANT 9178),REGULAR,9150,64049,0,16161,0,16161,16161,71760,0,w1,16161,0,71760,18300.0,70454.0,Available,Available,200,110,-1,-1,07/08 00:00:00 EDT,w1,0,2015-07-08 00:00:00,Contract,Contract,568057,568058,0,0,0,0,0,0,0,0,0,9150,-1,18300,0,70454,True,True,71760,0,0,0,0
2015-07-08,2015-07-08 00:00:00,BP,Channel: 50 - Commercial,CUYAHOGA OH - BUCKEYE (PLANT 9178),REGULAR,9150,64049,0,0,0,0,0,0,0,w2,0,0,0,18300.0,70454.0,Available,Available,200,110,-1,-1,07/09 00:00:00 EDT,w2,0,2015-07-15 00:00:00,Contract,Contract,578079,578080,0,0,0,0,0,0,0,0,0,9150,-1,18300,0,70454,True,True,0,0,0,0,0
2015-07-09,2015-07-09 00:00:00,BP,Channel: 50 - Commercial,CUYAHOGA OH - BUCKEYE (PLANT 9178),REGULAR,9150,64049,4,26210,0,-1,-1,-1,4,w3,-1,0,26210,18300.0,70454.0,-1,-1,100,100,-1,-1,-1,w2,1,2015-07-15 00:00:00,-1,-1,-1,-1,0,-1,0,-1,0,-1,100,-1,-1,18300,-1,9150,0,64049,True,True,0,0,0,0,0
2015-07-10,2015-07-10 00:00:00,BP,Channel: 50 - Commercial,CUYAHOGA OH - BUCKEYE (PLANT 9178),REGULAR,9150,64049,0,16410,0,16410,16410,42620,0,w3,16410,0,42620,18300.0,70454.0,Available,Available,200,110,-1,-1,07/11 00:00:00 EDT,w2,0,2015-07-15 00:00:00,Contract,Contract,609046,609047,0,0,0,0,0,0,0,0,0,9150,-1,18300,0,70454,False,True,0,0,0,0,0
2015-07-11,2015-07-11 00:00:00,BP,Channel: 50 - Commercial,CUYAHOGA OH - BUCKEYE (PLANT 9178),REGULAR,9150,64049,0,17648,0,17648,17648,60268,0,w3,17648,0,60268,18300.0,70454.0,Available,Available,200,110,-1,-1,07/12 00:00:00 EDT,w2,0,2015-07-15 00:00:00,Contract,Contract,639286,639287,0,0,0,0,0,0,0,0,0,9150,-1,18300,0,70454,False,True,0,0,0,0,0
2015-07-12,2015-07-12 00:00:00,BP,Channel: 50 - Commercial,CUYAHOGA OH - BUCKEYE (PLANT 9178),REGULAR,9150,64049,0,-1,0,-1,-1,-1,0,w4,-1,0,-1,18300.0,70454.0,-1,-1,100,100,-1,-1,-1,w2,1,2015-07-15 00:00:00,-1,-1,-1,-1,0,-1,0,-1,0,-1,100,-1,-1,18300,-1,9150,0,64049,True,False,0,0,0,0,0
2015-07-13,2015-07-13 00:00:00,BP,Channel: 50 - Commercial,CUYAHOGA OH - BUCKEYE (PLANT 9178),REGULAR,9150,64049,0,-1,0,-1,-1,-1,0,w4,-1,0,-1,18300.0,70454.0,-1,-1,100,100,-1,-1,-1,w2,1,2015-07-15 00:00:00,-1,-1,-1,-1,0,-1,0,-1,0,-1,100,-1,-1,18300,-1,9150,0,64049,False,False,0,0,0,0,0
2015-07-14,2015-07-14 00:00:00,BP,Channel: 50 - Commercial,CUYAHOGA OH - BUCKEYE (PLANT 9178),REGULAR,9150,64049,0,16203,0,16203,16203,84271,0,w4,16203,0,84271,18300.0,70454.0,Out,Out,200,110,-1,-1,07/15 00:00:00 EDT,w2,0,2015-07-15 00:00:00,Contract,Contract,731162,731163,0,0,0,0,0,0,0,0,0,9150,-1,18300,0,70454,False,False,0,0,0,0,0
2015-07-15,2015-07-15 00:00:00,BP,Channel: 50 - Commercial,CUYAHOGA OH - BUCKEYE (PLANT 9178),REGULAR,9150,64049,0,9003,0,9003,9003,9003,0,w5,9003,0,9003,18300.0,70454.0,Available,Available,200,110,-1,-1,07/16 00:00:00 EDT,w3,0,2015-07-22 00:00:00,Contract,Contract,756382,756383,0,0,0,0,0,0,0,0,0,9150,-1,18300,0,70454,True,True,9003,0,0,0,0
2015-07-16,2015-07-16 00:00:00,BP,Channel: 50 - Commercial,CUYAHOGA OH - BUCKEYE (PLANT 9178),REGULAR,9150,64049,0,0,0,0,0,9003,0,w5,0,0,9003,18300.0,70454.0,Available,Available,200,110,-1,-1,07/17 00:00:00 EDT,w3,0,2015-07-22 00:00:00,Contract,Contract,789684,789685,0,0,0,0,0,0,0,0,0,9150,-1,18300,0,70454,True,True,9003,0,0,0,0
2015-07-17,2015-07-17 00:00:00,BP,Channel: 50 - Commercial,CUYAHOGA OH - BUCKEYE (PLANT 9178),REGULAR,9150,64049,0,16404,0,16404,16404,25407,0,w5,16404,0,25407,18300.0,70454.0,Available,Available,200,110,-1,-1,07/18 00:00:00 EDT,w3,0,2015-07-22 00:00:00,Contract,Contract,821708,821709,0,0,0,0,0,0,0,0,0,9150,-1,18300,0,70454,True,True,25407,0,0,0,0
2015-07-18,2015-07-18 00:00:00,BP,Channel: 50 - Commercial,CUYAHOGA OH - BUCKEYE (PLANT 9178),REGULAR,9150,64049,0,8709,0,8709,8709,34116,0,w5,8709,0,34116,18300.0,70454.0,Available,Available,200,110,-1,-1,07/19 00:00:00 EDT,w3,0,2015-07-22 00:00:00,Contract,Contract,852170,852171,0,0,0,0,0,0,0,0,0,9150,-1,18300,0,70454,True,True,34116,0,0,0,0
2015-07-19,2015-07-19 00:00:00,BP,Channel: 50 - Commercial,CUYAHOGA OH - BUCKEYE (PLANT 9178),REGULAR,9150,64049,0,8605,0,8605,8605,42721,0,w5,8605,0,42721,18300.0,70454.0,Available,Available,200,110,-1,-1,07/20 00:00:00 EDT,w3,0,2015-07-22 00:00:00,Contract,Contract,883431,883432,0,0,0,0,0,0,0,0,0,9150,-1,18300,0,70454,True,True,42721,0,0,0,0
2015-07-20,2015-07-20 00:00:00,BP,Channel: 50 - Commercial,CUYAHOGA OH - BUCKEYE (PLANT 9178),REGULAR,9150,64049,0,16213,0,16213,16213,58934,0,w5,16213,0,58934,18300.0,70454.0,Available,Available,200,110,-1,-1,07/21 00:00:00 EDT,w3,0,2015-07-22 00:00:00,Contract,Contract,913797,913798,0,0,0,0,0,0,0,0,0,9150,-1,18300,0,70454,True,True,58934,0,0,0,0
2015-07-21,2015-07-21 00:00:00,BP,Channel: 50 - Commercial,CUYAHOGA OH - BUCKEYE (PLANT 9178),REGULAR,9150,64049,0,16264,0,16264,16264,75198,0,w5,16264,0,75198,18300.0,70454.0,Available,Available,200,110,-1,-1,07/22 00:00:00 EDT,w3,0,2015-07-22 00:00:00,Contract,Contract,934339,934340,0,0,0,0,0,0,0,0,0,9150,-1,18300,0,70454,True,True,75198,0,0,0,0
2015-07-22,2015-07-22 00:00:00,BP,Channel: 50 - Commercial,CUYAHOGA OH - BUCKEYE (PLANT 9178),REGULAR,9150,64049,0,17410,0,17410,17410,17410,0,w6,17410,0,17410,18300.0,70454.0,Available,Available,200,110,-1,-1,07/23 00:00:00 EDT,w4,0,2015-07-29 00:00:00,Contract,Contract,976415,976416,0,0,0,0,0,0,0,0,0,9150,-1,18300,0,70454,True,True,0,0,0,0,0
2015-07-23,2015-07-23 00:00:00,BP,Channel: 50 - Commercial,CUYAHOGA OH - BUCKEYE (PLANT 9178),REGULAR,9150,64049,0,8706,0,8706,8706,26116,0,w6,8706,0,26116,18300.0,70454.0,Available,Available,200,110,-1,-1,07/24 00:00:00 EDT,w4,0,2015-07-29 00:00:00,Contract,Contract,994624,994625,0,0,0,0,0,0,0,0,0,9150,-1,18300,0,70454,True,True,0,0,0,0,0
2015-07-24,2015-07-24 00:00:00,BP,Channel: 50 - Commercial,CUYAHOGA OH - BUCKEYE (PLANT 9178),REGULAR,9150,64049,0,-1,0,-1,-1,-1,0,w7,-1,0,-1,18300.0,70454.0,-1,-1,100,100,-1,-1,-1,w4,1,2015-07-29 00:00:00,-1,-1,-1,-1,0,-1,0,-1,0,-1,100,-1,-1,18300,-1,9150,0,64049,True,False,0,0,0,0,0
2015-07-25,2015-07-25 00:00:00,BP,Channel: 50 - Commercial,CUYAHOGA OH - BUCKEYE (PLANT 9178),REGULAR,9150,64049,0,-1,0,-1,-1,-1,0,w7,-1,0,-1,18300.0,70454.0,-1,-1,100,100,-1,-1,-1,w4,1,2015-07-29 00:00:00,-1,-1,-1,-1,0,-1,0,-1,0,-1,100,-1,-1,18300,-1,9150,0,64049,False,False,0,0,0,0,0
2015-07-26,2015-07-26 00:00:00,BP,Channel: 50 - Commercial,CUYAHOGA OH - BUCKEYE (PLANT 9178),REGULAR,9150,64049,0,-1,0,-1,-1,-1,0,w7,-1,0,-1,18300.0,70454.0,-1,-1,100,100,-1,-1,-1,w4,1,2015-07-29 00:00:00,-1,-1,-1,-1,0,-1,0,-1,0,-1,100,-1,-1,18300,-1,9150,0,64049,False,False,0,0,0,0,0
2015-07-27,2015-07-27 00:00:00,BP,Channel: 50 - Commercial,CUYAHOGA OH - BUCKEYE (PLANT 9178),REGULAR,9150,64049,0,-1,0,-1,-1,-1,0,w7,-1,0,-1,18300.0,70454.0,-1,-1,100,100,-1,-1,-1,w4,1,2015-07-29 00:00:00,-1,-1,-1,-1,0,-1,0,-1,0,-1,100,-1,-1,18300,-1,9150,0,64049,False,False,0,0,0,0,0
2015-07-28,2015-07-28 00:00:00,BP,Channel: 50 - Commercial,CUYAHOGA OH - BUCKEYE (PLANT 9178),REGULAR,9150,64049,0,-1,0,-1,-1,-1,0,w7,-1,0,-1,18300.0,70454.0,-1,-1,100,100,-1,-1,-1,w4,1,2015-07-29 00:00:00,-1,-1,-1,-1,0,-1,0,-1,0,-1,100,-1,-1,18300,-1,9150,0,64049,False,False,0,0,0,0,0
2015-07-29,2015-07-29 00:00:00,BP,Channel: 50 - Commercial,CUYAHOGA OH - BUCKEYE (PLANT 9178),REGULAR,9150,64049,0,-1,0,-1,-1,-1,0,w7,-1,0,-1,18300.0,70454.0,-1,-1,100,100,-1,-1,-1,w5,1,2015-08-05 00:00:00,-1,-1,-1,-1,0,-1,0,-1,0,-1,100,-1,-1,18300,-1,9150,0,64049,False,True,0,0,0,0,0
2015-07-30,2015-07-30 00:00:00,BP,Channel: 50 - Commercial,CUYAHOGA OH - BUCKEYE (PLANT 9178),REGULAR,9150,64049,0,-1,0,-1,-1,-1,0,w7,-1,0,-1,18300.0,70454.0,-1,-1,100,100,-1,-1,-1,w5,1,2015-08-05 00:00:00,-1,-1,-1,-1,0,-1,0,-1,0,-1,100,-1,-1,18300,-1,9150,0,64049,False,False,0,0,0,0,0
2015-07-31,2015-07-31 00:00:00,BP,Channel: 50 - Commercial,CUYAHOGA OH - BUCKEYE (PLANT 9178),REGULAR,9150,64049,0,-1,0,-1,-1,-1,0,w7,-1,0,-1,18300.0,70454.0,-1,-1,100,100,-1,-1,-1,w5,1,2015-08-05 00:00:00,-1,-1,-1,-1,0,-1,0,-1,0,-1,100,-1,-1,18300,-1,9150,0,64049,False,False,0,0,0,0,0
