,date,supplier_name,account_type,supplier_terminal_name,product_name,base_gallons_Daily,base_gallons_Monthly,base_gallons_Weekly,lifted_gallons_daily_flag,lifted_gallons_daily_modified,Modified_WeeksByLiftedGallons,lifted_gallons_modified_WeeksByLiftedGallons,lifted_gallons_Daily,Lifted_actual_monthly,lifted_gallons_monthly_flag,lifted_gallons_Monthly,Lifted_actual_weekly,lifted_gallons_weekly_flag,WeeksByLiftedGallons,lifted_gallonsWeekly_modified_aposteriori,Modified_LiftedGallonsaposteriori,lifted_gallons_Weekly,beginning_gallons_Daily,beginning_gallons_Monthly,beginning_gallons_Weekly,en_allocation_status_Daily,en_allocation_status_Monthly,en_allocation_status_Weekly,percentage_allocation_Daily,percentage_allocation_Monthly,percentage_allocation_Weekly,alerts_ratability_Daily,alerts_ratability_Monthly,alerts_ratability_Weekly,next_refresh_date_Daily,next_refresh_date_Monthly,Week_switch,Modified_NRD,next_refresh_date_Weekly,en_account_type_Daily,en_account_type_Monthly,en_account_type_Weekly,NRB_Daily,next_refresh_base_gallons_Daily,NRB_Monthly,next_refresh_base_gallons_Monthly,next_refresh_base_gallons_Weekly,staging_id_Daily,staging_id_Monthly,staging_id_Weekly,base_gallons_Daily_Reconciled,beginning_gallons_Daily_Reconciled,sanityWeekly_CumulativeDaily_WeeksByLiftedGallons,sanityWeekly_CumulativeDaily_NextRefreshDate,computedWeekly,sanityComputedWeekly,computedMonthly,sanityComputedMonthly,sanityMonthly_CumulativeDaily_WeeksByLiftedGallons,sanityMonthly_CumulativeDaily_WeeksByNextRefreshDate
2015-07-01,2015-07-01 00:00:00,Holly,PILOT TRAVEL CENTERS LLC - PRODUCT,Albuquerque NM - VEC - T109,V,0.0,0.0,0.0,1,0,0,0,0,0,0,0,0,1,w1,0,0,0,7000,1000000,300000,Available,Available,Available,,,,,,,07/02 00:00:00 MDT,08/01 00:00:00 MDT,w1,0,2015-07-07 00:00:00,Contract,Contract,Contract,0.0,7000,0.0,1000000,300000,507800,507802,507801,-1,-1,True,True,0,True,0,True,1,1
2015-07-02,2015-07-02 00:00:00,Holly,PILOT TRAVEL CENTERS LLC - PRODUCT,Albuquerque NM - VEC - T109,V,0.0,0.0,0.0,1,0,0,0,0,0,0,0,0,1,w1,0,0,0,7000,1000000,300000,Available,Available,Available,,,,,,,07/03 00:00:00 MDT,08/01 00:00:00 MDT,w1,0,2015-07-07 00:00:00,Contract,Contract,Contract,0.0,7000,0.0,1000000,300000,526875,526877,526876,-1,-1,True,True,0,True,0,True,1,1
2015-07-03,2015-07-03 00:00:00,Holly,PILOT TRAVEL CENTERS LLC - PRODUCT,Albuquerque NM - VEC - T109,V,0.0,0.0,0.0,1,7504,0,0,0,0,0,0,0,1,w1,0,0,7504,7000,1000000,300000,Available,Available,Available,,,,,,,07/04 00:00:00 MDT,08/01 00:00:00 MDT,w1,0,2015-07-07 00:00:00,Contract,Contract,Contract,0.0,7000,0.0,1000000,300000,533439,533441,533440,-1,-1,True,True,7504,True,7504,True,1,0
2015-07-04,2015-07-04 00:00:00,Holly,PILOT TRAVEL CENTERS LLC - PRODUCT,Albuquerque NM - VEC - T109,V,0.0,0.0,0.0,1,7700,1,7504,0,7504,0,7504,7504,1,w1,0,0,15204,7000,1000000,300000,Available,Available,Available,,,,,,,07/05 00:00:00 MDT,08/01 00:00:00 MDT,w1,0,2015-07-07 00:00:00,Contract,Contract,Contract,0.0,7000,0.0,1000000,300000,540778,540780,540779,-1,-1,True,True,15204,True,15204,True,1,0
2015-07-05,2015-07-05 00:00:00,Holly,PILOT TRAVEL CENTERS LLC - PRODUCT,Albuquerque NM - VEC - T109,V,0.0,0.0,0.0,1,7700,1,7700,0,15204,0,15204,15204,1,w1,0,0,22904,7000,1000000,300000,Available,Available,Available,,,,,,,07/06 00:00:00 MDT,08/01 00:00:00 MDT,w1,0,2015-07-07 00:00:00,Contract,Contract,Contract,0.0,7000,0.0,1000000,300000,547221,547223,547222,-1,-1,True,True,22904,True,22904,True,1,0
2015-07-06,2015-07-06 00:00:00,Holly,PILOT TRAVEL CENTERS LLC - PRODUCT,Albuquerque NM - VEC - T109,V,0.0,0.0,0.0,1,0,1,7700,0,22904,0,22904,22904,1,w1,0,0,22904,7000,1000000,300000,Available,Available,Available,,,,,,,07/07 00:00:00 MDT,08/01 00:00:00 MDT,w1,0,2015-07-07 00:00:00,Contract,Contract,Contract,0.0,7000,0.0,1000000,300000,553537,553539,553538,-1,-1,True,True,22904,True,22904,True,1,1
2015-07-07,2015-07-07 00:00:00,Holly,PILOT TRAVEL CENTERS LLC - PRODUCT,Albuquerque NM - VEC - T109,V,0.0,0.0,0.0,3,7700,0,7700,7700,30604,0,30604,7700,1,w2,7700,0,7700,7000,1000000,300000,Out,Available,Available,,,,,,,07/08 00:00:00 MDT,08/01 00:00:00 MDT,w2,0,2015-07-14 00:00:00,Contract,Contract,Contract,0.0,7000,0.0,1000000,300000,566550,566552,566551,-1,-1,True,True,7700,True,30604,True,1,1
2015-07-08,2015-07-08 00:00:00,Holly,PILOT TRAVEL CENTERS LLC - PRODUCT,Albuquerque NM - VEC - T109,V,0.0,0.0,0.0,0,0,0,0,0,30604,0,30604,7700,0,w2,0,0,7700,7000,1000000,300000,Available,Available,Available,,,,,,,07/09 00:00:00 MDT,08/01 00:00:00 MDT,w2,0,2015-07-14 00:00:00,Contract,Contract,Contract,0.0,7000,0.0,1000000,300000,576151,576153,576152,-1,-1,True,True,7700,True,30604,True,1,1
2015-07-09,2015-07-09 00:00:00,Holly,PILOT TRAVEL CENTERS LLC - PRODUCT,Albuquerque NM - VEC - T109,V,0.0,0.0,0.0,2,15204,0,-1,-1,-1,2,45808,-1,2,w3,-1,0,22904,7000,1000000,300000,-1,-1,-1,-1,-1,-1,-1,-1,-1,-1,-1,w2,1,2015-07-14 00:00:00,-1,-1,-1,0.0,-1,0.0,-1,-1,-1,-1,-1,-1,-1,True,True,22904,True,45808,True,0,1
2015-07-10,2015-07-10 00:00:00,Holly,PILOT TRAVEL CENTERS LLC - PRODUCT,Albuquerque NM - VEC - T109,V,0.0,0.0,0.0,1,7701,0,7701,7701,53509,0,53509,30605,1,w3,7701,0,30605,7000,1000000,300000,Out,Available,Available,,,,,,,07/11 00:00:00 MDT,08/01 00:00:00 MDT,w2,0,2015-07-14 00:00:00,Contract,Contract,Contract,0.0,7000,0.0,1000000,300000,607468,607470,607469,-1,-1,False,True,30605,True,53509,True,0,1
2015-07-11,2015-07-11 00:00:00,Holly,PILOT TRAVEL CENTERS LLC - PRODUCT,Albuquerque NM - VEC - T109,V,0.0,0.0,0.0,1,0,0,0,0,53509,0,53509,30605,1,w3,0,0,30605,7000,1000000,300000,Available,Available,Available,,,,,,,07/12 00:00:00 MDT,08/01 00:00:00 MDT,w2,0,2015-07-14 00:00:00,Contract,Contract,Contract,0.0,7000,0.0,1000000,300000,637518,637520,637519,-1,-1,False,True,30605,True,53509,True,0,1
2015-07-12,2015-07-12 00:00:00,Holly,PILOT TRAVEL CENTERS LLC - PRODUCT,Albuquerque NM - VEC - T109,V,0.0,0.0,0.0,1,7708,0,7708,7708,61217,0,61217,38313,1,w3,7708,0,38313,7000,1000000,300000,Out,Available,Available,,,,,,,07/13 00:00:00 MDT,08/01 00:00:00 MDT,w2,0,2015-07-14 00:00:00,Contract,Contract,Contract,0.0,7000,0.0,1000000,300000,666932,666934,666933,-1,-1,False,True,38313,True,61217,True,0,1
2015-07-13,2015-07-13 00:00:00,Holly,PILOT TRAVEL CENTERS LLC - PRODUCT,Albuquerque NM - VEC - T109,V,0.0,0.0,0.0,1,0,0,0,0,61217,0,61217,38313,1,w3,0,0,38313,7000,1000000,300000,Available,Available,Available,,,,,,,07/14 00:00:00 MDT,08/01 00:00:00 MDT,w2,0,2015-07-14 00:00:00,Contract,Contract,Contract,0.0,7000,0.0,1000000,300000,697528,697530,697529,-1,-1,False,True,38313,True,61217,True,0,1
2015-07-14,2015-07-14 00:00:00,Holly,PILOT TRAVEL CENTERS LLC - PRODUCT,Albuquerque NM - VEC - T109,V,0.0,0.0,0.0,1,0,0,0,0,61217,0,61217,0,1,w4,0,0,0,7000,1000000,300000,Available,Available,Available,,,,,,,07/15 00:00:00 MDT,08/01 00:00:00 MDT,w3,0,2015-07-21 00:00:00,Contract,Contract,Contract,0.0,7000,0.0,1000000,300000,729394,729396,729395,-1,-1,True,True,0,True,61217,True,0,1
2015-07-15,2015-07-15 00:00:00,Holly,PILOT TRAVEL CENTERS LLC - PRODUCT,Albuquerque NM - VEC - T109,V,0.0,0.0,0.0,1,7703,0,7703,7703,68920,0,68920,7703,1,w4,7703,0,7703,7000,1000000,300000,Out,Available,Available,,,,,,,07/16 00:00:00 MDT,08/01 00:00:00 MDT,w3,0,2015-07-21 00:00:00,Contract,Contract,Contract,0.0,7000,0.0,1000000,300000,754868,754870,754869,-1,-1,True,True,7703,True,68920,True,0,1
2015-07-16,2015-07-16 00:00:00,Holly,PILOT TRAVEL CENTERS LLC - PRODUCT,Albuquerque NM - VEC - T109,V,0.0,0.0,0.0,1,7481,0,7481,7481,76401,0,76401,15184,1,w4,7481,0,15184,7000,1000000,300000,Out,Available,Available,,,,,,,07/17 00:00:00 MDT,08/01 00:00:00 MDT,w3,0,2015-07-21 00:00:00,Contract,Contract,Contract,0.0,7000,0.0,1000000,300000,788170,788172,788171,-1,-1,True,True,15184,True,76401,True,0,1
2015-07-17,2015-07-17 00:00:00,Holly,PILOT TRAVEL CENTERS LLC - PRODUCT,Albuquerque NM - VEC - T109,V,0.0,0.0,0.0,1,0,0,0,0,76401,0,76401,15184,1,w4,0,0,15184,7000,1000000,300000,Available,Available,Available,,,,,,,07/18 00:00:00 MDT,08/01 00:00:00 MDT,w3,0,2015-07-21 00:00:00,Contract,Contract,Contract,0.0,7000,0.0,1000000,300000,820194,820196,820195,-1,-1,True,True,15184,True,76401,True,0,1
2015-07-18,2015-07-18 00:00:00,Holly,PILOT TRAVEL CENTERS LLC - PRODUCT,Albuquerque NM - VEC - T109,V,0.0,0.0,0.0,1,7701,0,7701,7701,84102,0,84102,22885,1,w4,7701,0,22885,7000,1000000,300000,Out,Available,Available,,,,,,,07/19 00:00:00 MDT,08/01 00:00:00 MDT,w3,0,2015-07-21 00:00:00,Contract,Contract,Contract,0.0,7000,0.0,1000000,300000,850656,850658,850657,-1,-1,True,True,22885,True,84102,True,0,1
2015-07-19,2015-07-19 00:00:00,Holly,PILOT TRAVEL CENTERS LLC - PRODUCT,Albuquerque NM - VEC - T109,V,0.0,0.0,0.0,1,7702,0,7702,7702,91804,0,91804,30587,1,w4,7702,0,30587,7000,1000000,300000,Out,Available,Available,,,,,,,07/20 00:00:00 MDT,08/01 00:00:00 MDT,w3,0,2015-07-21 00:00:00,Contract,Contract,Contract,0.0,7000,0.0,1000000,300000,881917,881919,881918,-1,-1,True,True,30587,True,91804,True,0,1
2015-07-20,2015-07-20 00:00:00,Holly,PILOT TRAVEL CENTERS LLC - PRODUCT,Albuquerque NM - VEC - T109,V,0.0,0.0,0.0,1,0,0,0,0,91804,0,91804,30587,1,w4,0,0,30587,7000,1000000,300000,Available,Available,Available,,,,,,,07/21 00:00:00 MDT,08/01 00:00:00 MDT,w3,0,2015-07-21 00:00:00,Contract,Contract,Contract,0.0,7000,0.0,1000000,300000,912252,912254,912253,-1,-1,True,True,30587,True,91804,True,0,1
2015-07-21,2015-07-21 00:00:00,Holly,PILOT TRAVEL CENTERS LLC - PRODUCT,Albuquerque NM - VEC - T109,V,0.0,0.0,0.0,1,7702,0,0,0,91804,0,91804,0,1,w5,0,0,7702,7000,1000000,300000,Available,Available,Available,,,,,,,07/22 00:00:00 MDT,08/01 00:00:00 MDT,w4,0,2015-07-28 00:00:00,Contract,Contract,Contract,0.0,7000,0.0,1000000,300000,942747,942749,942748,-1,-1,True,True,7702,True,99506,True,0,0
2015-07-22,2015-07-22 00:00:00,Holly,PILOT TRAVEL CENTERS LLC - PRODUCT,Albuquerque NM - VEC - T109,V,0.0,0.0,0.0,1,7701,1,15403,7701,107207,0,107207,15403,1,w5,7701,0,15403,7000,1000000,300000,Out,Available,Available,,,,,,,07/23 00:00:00 MDT,08/01 00:00:00 MDT,w4,0,2015-07-28 00:00:00,Contract,Contract,Contract,0.0,7000,0.0,1000000,300000,974899,974901,974900,-1,-1,True,True,15403,True,107207,True,0,1
2015-07-23,2015-07-23 00:00:00,Holly,PILOT TRAVEL CENTERS LLC - PRODUCT,Albuquerque NM - VEC - T109,V,0.0,0.0,0.0,1,7771,0,7771,7771,114978,0,114978,23174,1,w5,7771,0,23174,7000,1000000,300000,Out,Available,Available,,,,,,,07/24 00:00:00 MDT,08/01 00:00:00 MDT,w4,0,2015-07-28 00:00:00,Contract,Contract,Contract,0.0,7000,0.0,1000000,300000,1002555,1002557,1002556,-1,-1,True,True,23174,True,114978,True,0,1
2015-07-24,2015-07-24 00:00:00,Holly,PILOT TRAVEL CENTERS LLC - PRODUCT,Albuquerque NM - VEC - T109,V,0.0,0.0,0.0,1,7776,0,7776,7776,122754,0,122754,30950,1,w5,7776,0,30950,7000,1000000,300000,Out,Available,Available,,,,,,,07/25 00:00:00 MDT,08/01 00:00:00 MDT,w4,0,2015-07-28 00:00:00,Contract,Contract,Contract,0.0,7000,0.0,1000000,300000,1032800,1032802,1032801,-1,-1,True,True,30950,True,122754,True,0,1
2015-07-25,2015-07-25 00:00:00,Holly,PILOT TRAVEL CENTERS LLC - PRODUCT,Albuquerque NM - VEC - T109,V,0.0,0.0,0.0,1,7699,0,7699,7699,130453,0,130453,38649,1,w5,7699,0,38649,7000,1000000,300000,Out,Available,Available,,,,,,,07/26 00:00:00 MDT,08/01 00:00:00 MDT,w4,0,2015-07-28 00:00:00,Contract,Contract,Contract,0.0,7000,0.0,1000000,300000,1062118,1062120,1062119,-1,-1,True,True,38649,True,130453,True,0,1
2015-07-26,2015-07-26 00:00:00,Holly,PILOT TRAVEL CENTERS LLC - PRODUCT,Albuquerque NM - VEC - T109,V,0.0,0.0,0.0,1,0,0,0,0,130453,0,130453,38649,1,w5,0,0,38649,7000,1000000,300000,Available,Available,Available,,,,,,,07/27 00:00:00 MDT,08/01 00:00:00 MDT,w4,0,2015-07-28 00:00:00,Contract,Contract,Contract,0.0,7000,0.0,1000000,300000,1092173,1092175,1092174,-1,-1,True,True,38649,True,130453,True,0,1
2015-07-27,2015-07-27 00:00:00,Holly,PILOT TRAVEL CENTERS LLC - PRODUCT,Albuquerque NM - VEC - T109,V,0.0,0.0,0.0,1,0,0,0,0,130453,0,130453,38649,1,w5,0,0,38649,7000,1000000,300000,Available,Available,Available,,,,,,,07/28 00:00:00 MDT,08/01 00:00:00 MDT,w4,0,2015-07-28 00:00:00,Contract,Contract,Contract,0.0,7000,0.0,1000000,300000,1122483,1122485,1122484,-1,-1,True,True,38649,True,130453,True,0,1
2015-07-28,2015-07-28 00:00:00,Holly,PILOT TRAVEL CENTERS LLC - PRODUCT,Albuquerque NM - VEC - T109,V,0.0,0.0,0.0,1,7702,0,7702,7702,138155,0,138155,7702,1,w6,7702,0,7702,7000,1000000,300000,Out,Available,Available,,,,,,,07/29 00:00:00 MDT,08/01 00:00:00 MDT,w5,0,2015-08-04 00:00:00,Contract,Contract,Contract,0.0,7000,0.0,1000000,300000,1152793,1152795,1152794,-1,-1,True,True,7702,True,138155,True,0,1
2015-07-29,2015-07-29 00:00:00,Holly,PILOT TRAVEL CENTERS LLC - PRODUCT,Albuquerque NM - VEC - T109,V,0.0,0.0,0.0,1,0,0,0,0,138155,0,138155,7702,1,w6,0,0,7702,7000,1000000,300000,Available,Available,Available,,,,,,,07/30 00:00:00 MDT,08/01 00:00:00 MDT,w5,0,2015-08-04 00:00:00,Contract,Contract,Contract,0.0,7000,0.0,1000000,300000,1183103,1183105,1183104,-1,-1,True,True,7702,True,138155,True,0,1
2015-07-30,2015-07-30 00:00:00,Holly,PILOT TRAVEL CENTERS LLC - PRODUCT,Albuquerque NM - VEC - T109,V,0.0,0.0,0.0,1,7851,0,7851,7851,146006,0,146006,15553,1,w6,7851,0,15553,7000,1000000,300000,Out,Available,Available,,,,,,,07/31 00:00:00 MDT,08/01 00:00:00 MDT,w5,0,2015-08-04 00:00:00,Contract,Contract,Contract,0.0,7000,0.0,1000000,300000,1213413,1213415,1213414,-1,-1,True,True,15553,True,146006,True,0,1
2015-07-31,2015-07-31 00:00:00,Holly,PILOT TRAVEL CENTERS LLC - PRODUCT,Albuquerque NM - VEC - T109,V,0.0,0.0,0.0,1,7852,0,7852,7852,153858,0,153858,23405,1,w6,7852,0,23405,7000,1000000,300000,Out,Available,Available,,,,,,,08/01 00:00:00 MDT,08/01 00:00:00 MDT,w5,0,2015-08-04 00:00:00,Contract,Contract,Contract,7000.0,7000,1000000.0,1000000,300000,1243723,1243725,1243724,-1,-1,True,True,23405,True,153858,True,0,1
